site,origin,selection,lead_minutes,truth,Inverted42,Inverted43,Inverted44,Original_B,Expanded_B,Daily
YULARA_COMBINED,2018-04-15 10:00:00,fixed_15th_10am_no_score_selection,5,63.63593006134,56.775753021240234,61.411827087402344,62.067378997802734,63.80921414766427,52.924731360161445,64.629093170166
YULARA_COMBINED,2018-04-15 10:00:00,fixed_15th_10am_no_score_selection,10,65.563785207599,59.242576599121094,62.68842697143555,61.422874450683594,65.12427290286959,54.06683109530633,65.134289787994
YULARA_COMBINED,2018-04-15 10:00:00,fixed_15th_10am_no_score_selection,15,67.714345932007,60.46919250488281,64.45004272460938,64.64236450195312,66.52065735315001,55.19340579425394,67.421085357666
YULARA_COMBINED,2018-04-15 10:00:00,fixed_15th_10am_no_score_selection,20,68.468862253652,62.965545654296875,62.93194580078125,66.4603042602539,67.76682662846532,56.300105428038165,68.169958722109
YULARA_COMBINED,2018-04-15 10:00:00,fixed_15th_10am_no_score_selection,25,70.19593334198,63.97908401489258,67.14444732666016,64.77531433105469,69.08424597658359,57.383321195587364,70.095014572144
YULARA_COMBINED,2018-04-15 10:00:00,fixed_15th_10am_no_score_selection,30,71.008174341075,65.4822769165039,66.48500061035156,69.2630615234375,70.30994909689004,58.44208720132996,70.610833637225
YULARA_COMBINED,2018-04-15 10:00:00,fixed_15th_10am_no_score_selection,35,72.716215133667,65.6932601928711,69.56913757324219,69.16787719726562,71.61903960663612,59.47656964337761,72.346061706543
YULARA_COMBINED,2018-04-15 10:00:00,fixed_15th_10am_no_score_selection,40,72.970420185386,69.05196380615234,70.34107208251953,71.7640609741211,72.74537431190117,60.48488164406632,72.77394219951
YULARA_COMBINED,2018-04-15 10:00:00,fixed_15th_10am_no_score_selection,45,74.935846328735,71.59864807128906,71.99296569824219,70.77767944335938,73.91867097712361,61.4660020474329,74.494354248047
YULARA_COMBINED,2018-04-15 10:00:00,fixed_15th_10am_no_score_selection,50,75.400017433941,71.15719604492188,70.6111068725586,72.83330535888672,74.87834114148943,62.41788586300863,74.853086000895
YULARA_COMBINED,2018-04-15 10:00:00,fixed_15th_10am_no_score_selection,55,76.65040397644,72.06103515625,73.50714874267578,75.62712860107422,75.93083969215365,63.34009216597057,76.829637527466
YULARA_COMBINED,2018-04-15 10:00:00,fixed_15th_10am_no_score_selection,60,77.104716353574,73.1947250366211,74.31836700439453,73.77764129638672,76.8209285731516,64.23127124336067,77.372671909767
YULARA_COMBINED,2018-04-15 10:00:00,fixed_15th_10am_no_score_selection,65,78.924083709717,74.3496322631836,74.90167999267578,75.40492248535156,77.82976746041167,65.09036313413522,78.426914215088
YULARA_COMBINED,2018-04-15 10:00:00,fixed_15th_10am_no_score_selection,70,79.213395341943,74.4097900390625,74.72637176513672,75.0185317993164,78.62409272176862,65.9163318844528,78.931366093388
YULARA_COMBINED,2018-04-15 10:00:00,fixed_15th_10am_no_score_selection,75,80.107189178467,76.4437255859375,76.8471908569336,77.71328735351562,79.48520650388072,66.70900210082533,80.031465530396
YULARA_COMBINED,2018-04-15 10:00:00,fixed_15th_10am_no_score_selection,80,80.659684234664,78.96104431152344,78.34977722167969,78.34429931640625,80.22073216133305,67.4668147277133,80.500123354173
YULARA_COMBINED,2018-04-15 10:00:00,fixed_15th_10am_no_score_selection,85,81.854640960693,79.07998657226562,77.87870788574219,77.57215118408203,81.0014944647525,68.18884200067995,81.671430587769
YULARA_COMBINED,2018-04-15 10:00:00,fixed_15th_10am_no_score_selection,90,82.194319845706,80.04486083984375,79.77662658691406,81.00579833984375,81.62987180783784,68.87409065103108,81.762924407625
YULARA_COMBINED,2018-04-15 10:00:00,fixed_15th_10am_no_score_selection,95,83.051620483398,79.47921752929688,79.61799621582031,81.2225112915039,82.25480851638137,69.52241724164665,82.757883071899
YULARA_COMBINED,2018-04-15 10:00:00,fixed_15th_10am_no_score_selection,100,83.492922292172,81.09062957763672,81.04991912841797,81.39501190185547,82.79359491000736,70.13376331459317,82.95057972226
YULARA_COMBINED,2018-04-15 10:00:00,fixed_15th_10am_no_score_selection,105,84.925144195557,82.70562744140625,80.3980484008789,81.30184936523438,83.34106526829852,70.70721699100444,84.088706970215
YULARA_COMBINED,2018-04-15 10:00:00,fixed_15th_10am_no_score_selection,110,84.803746904746,81.64181518554688,82.06534576416016,82.80226135253906,83.74980411001096,71.24136488419644,83.785153180623
YULARA_COMBINED,2018-04-15 10:00:00,fixed_15th_10am_no_score_selection,115,85.201953887939,81.79232788085938,80.57958984375,84.60076904296875,84.240720032929,71.73649973282981,84.941625595093
YULARA_COMBINED,2018-04-15 10:00:00,fixed_15th_10am_no_score_selection,120,85.410739297569,82.37710571289062,81.16626739501953,85.8752212524414,84.57790995480697,72.1916360190798,84.903596102085
YULARA_COMBINED,2018-04-15 10:00:00,fixed_15th_10am_no_score_selection,125,86.094221115112,82.25204467773438,81.51068878173828,86.92805480957031,84.97662124867529,72.60726507558513,85.155672073364
YULARA_COMBINED,2018-04-15 10:00:00,fixed_15th_10am_no_score_selection,130,86.2749901273,83.51079559326172,80.87952423095703,87.1285400390625,85.28366665961488,72.9817946625726,85.452418162929
YULARA_COMBINED,2018-04-15 10:00:00,fixed_15th_10am_no_score_selection,135,86.964933395386,83.32272338867188,81.64203643798828,86.72277069091797,85.64888487300092,73.31418937474179,86.055459976196
YULARA_COMBINED,2018-04-15 10:00:00,fixed_15th_10am_no_score_selection,140,86.739169141605,85.56871795654297,79.9218978881836,86.18283081054688,85.81168274392932,73.60430934738791,86.08135488203
YULARA_COMBINED,2018-04-15 10:00:00,fixed_15th_10am_no_score_selection,145,87.496208190918,84.20542907714844,79.88977813720703,87.31845092773438,86.1072902783045,73.85294675642749,86.28426361084
YULARA_COMBINED,2018-04-15 10:00:00,fixed_15th_10am_no_score_selection,150,87.161706290096,82.81713104248047,79.95590209960938,87.64505767822266,86.27159799425289,74.0592677289236,86.321163029125
YULARA_COMBINED,2018-04-15 10:00:00,fixed_15th_10am_no_score_selection,155,87.32896232605,83.30557250976562,79.98143768310547,88.39159393310547,86.37319517172054,74.22349901203702,87.509859085083
YULARA_COMBINED,2018-04-15 10:00:00,fixed_15th_10am_no_score_selection,160,87.10250069553,84.58003234863281,81.87683868408203,88.01398468017578,86.40323028755836,74.34486196877265,87.354733452598
YULARA_COMBINED,2018-04-15 10:00:00,fixed_15th_10am_no_score_selection,165,87.132390975952,84.06291961669922,82.12393951416016,86.23157501220703,86.42367738958438,74.42442542085244,87.349666595459
YULARA_COMBINED,2018-04-15 10:00:00,fixed_15th_10am_no_score_selection,170,87.117423336454,83.06138610839844,82.10933685302734,87.53121948242188,86.39955192465415,74.46139457348653,87.092660040997
YULARA_COMBINED,2018-04-15 10:00:00,fixed_15th_10am_no_score_selection,175,86.587718963623,83.18199157714844,80.69670867919922,82.5112533569336,86.42544176250146,74.45637468702697,86.928356170654
YULARA_COMBINED,2018-04-15 10:00:00,fixed_15th_10am_no_score_selection,180,86.462732217764,82.19918060302734,81.37604522705078,83.92720031738281,86.32701265400733,74.40882906323898,86.447742513157
YULARA_COMBINED,2018-04-15 10:00:00,fixed_15th_10am_no_score_selection,185,86.84203338623,80.3186264038086,80.65359497070312,85.7273941040039,86.22683939478664,74.3190512865638,86.276138305664
YULARA_COMBINED,2018-04-15 10:00:00,fixed_15th_10am_no_score_selection,190,86.855289336771,83.04235076904297,80.87238311767578,86.32868194580078,86.08360572873926,74.18672685724106,86.272237389603
YULARA_COMBINED,2018-04-15 10:00:00,fixed_15th_10am_no_score_selection,195,86.253757476807,84.0687026977539,81.70536804199219,85.95735931396484,85.88037075204528,74.0117660876927,86.254402160645
YULARA_COMBINED,2018-04-15 10:00:00,fixed_15th_10am_no_score_selection,200,85.993737896178,83.00863647460938,81.07840728759766,83.53394317626953,85.58371426396049,73.79415794017173,86.257814478727
YULARA_COMBINED,2018-04-15 10:00:00,fixed_15th_10am_no_score_selection,205,85.195240020752,84.4016342163086,80.49481964111328,83.67371368408203,85.3426234093636,73.53507486393411,83.455862045288
YULARA_COMBINED,2018-04-15 10:00:00,fixed_15th_10am_no_score_selection,210,84.935173841623,81.09163665771484,80.2646484375,82.33367919921875,84.9849468548984,73.2348155786795,85.23826786002
YULARA_COMBINED,2018-04-15 10:00:00,fixed_15th_10am_no_score_selection,215,84.718910217285,79.72254943847656,81.82057189941406,83.684326171875,84.62419249792126,72.89364052153816,85.007345199585
YULARA_COMBINED,2018-04-15 10:00:00,fixed_15th_10am_no_score_selection,220,83.940004290273,80.83555603027344,78.82064819335938,81.62753295898438,84.21860377246095,72.51213888980563,84.872229797195
YULARA_COMBINED,2018-04-15 10:00:00,fixed_15th_10am_no_score_selection,225,83.602872848511,81.92070007324219,79.1954345703125,81.05775451660156,83.73831734190709,72.09045214011877,84.256870269775
YULARA_COMBINED,2018-04-15 10:00:00,fixed_15th_10am_no_score_selection,230,82.975972034491,80.8047103881836,77.53236389160156,82.03070068359375,83.27319907353653,71.62988598360869,84.100523621553
YULARA_COMBINED,2018-04-15 10:00:00,fixed_15th_10am_no_score_selection,235,82.260402679443,81.67613220214844,79.53488159179688,81.41866302490234,82.7078628973637,71.13014094924415,82.596895217896
YULARA_COMBINED,2018-04-15 10:00:00,fixed_15th_10am_no_score_selection,240,81.836460464955,82.10826873779297,77.17957305908203,79.87859344482422,82.16029856528024,70.59188988255151,82.317550293726
YULARA_COMBINED,2018-04-15 10:00:00,fixed_15th_10am_no_score_selection,245,81.542211532593,79.7952651977539,76.80754089355469,79.74089813232422,81.48635186265689,70.01456160850537,81.864656448364
YULARA_COMBINED,2018-04-15 10:00:00,fixed_15th_10am_no_score_selection,250,80.70579682745,78.94192504882812,74.48957061767578,78.77674865722656,80.79411380361395,69.39951374103252,81.192790653364
YULARA_COMBINED,2018-04-15 10:00:00,fixed_15th_10am_no_score_selection,255,77.567449569702,78.2900619506836,75.5111083984375,78.28689575195312,79.99029993433317,68.74718027736209,80.234184265137
YULARA_COMBINED,2018-04-15 10:00:00,fixed_15th_10am_no_score_selection,260,78.830172448477,75.58920288085938,75.5388412475586,78.51305389404297,79.25730093263277,68.05935922787404,79.839018146692
YULARA_COMBINED,2018-04-15 10:00:00,fixed_15th_10am_no_score_selection,265,78.846223831177,77.90660095214844,75.22132873535156,76.90044403076172,78.30209513519942,67.33558620610722,78.794839859009
YULARA_COMBINED,2018-04-15 10:00:00,fixed_15th_10am_no_score_selection,270,78.210807580349,75.29479217529297,74.66222381591797,74.7356948852539,77.46066747455176,66.57827849336573,78.302923515984
YULARA_COMBINED,2018-04-15 10:00:00,fixed_15th_10am_no_score_selection,275,76.454183578491,75.56758117675781,72.52200317382812,74.71896362304688,76.45675325866469,65.7867960518632,75.79335975647
YULARA_COMBINED,2018-04-15 10:00:00,fixed_15th_10am_no_score_selection,280,76.087835687467,74.23260498046875,72.8090591430664,73.1520767211914,75.52369646729547,64.96301630574582,76.710913196687
YULARA_COMBINED,2018-04-15 10:00:00,fixed_15th_10am_no_score_selection,285,75.100801467896,73.27875518798828,71.96736907958984,73.681640625,74.39386239861574,64.10677808144395,74.831804275513
YULARA_COMBINED,2018-04-15 10:00:00,fixed_15th_10am_no_score_selection,290,74.72813073285,72.40758514404297,71.69852447509766,72.02552795410156,73.37559556628378,63.22036299401288,74.38958924928
YULARA_COMBINED,2018-04-15 10:00:00,fixed_15th_10am_no_score_selection,295,72.749216079712,68.82499694824219,71.7618179321289,74.02021789550781,72.177184599474,62.30323966429962,72.582008361816
YULARA_COMBINED,2018-04-15 10:00:00,fixed_15th_10am_no_score_selection,300,72.036417963213,66.9218521118164,69.35102844238281,71.5840835571289,71.0524850006575,61.35757870186808,71.900482786583
YULARA_COMBINED,2018-04-15 10:00:00,fixed_15th_10am_no_score_selection,305,68.602421760559,66.05015563964844,67.7032470703125,69.99127197265625,69.77090676819802,60.383702790516054,70.756775856018
YULARA_COMBINED,2018-04-15 10:00:00,fixed_15th_10am_no_score_selection,310,69.884069483316,65.51836395263672,66.69052124023438,69.1064453125,68.60201635284129,59.383730160560795,70.076732034803
YULARA_COMBINED,2018-04-15 10:00:00,fixed_15th_10am_no_score_selection,315,67.845555305481,63.91724395751953,64.87174987792969,67.2368392944336,67.20803948825333,58.358183018675774,68.028518676758
YULARA_COMBINED,2018-04-15 10:00:00,fixed_15th_10am_no_score_selection,320,67.255290093177,64.65542602539062,64.22493743896484,64.97716522216797,65.97957211147293,57.3088586335728,67.459537770268
YULARA_COMBINED,2018-04-15 10:00:00,fixed_15th_10am_no_score_selection,325,65.796172142029,65.14559936523438,61.61556625366211,62.83504104614258,64.57701568005497,56.23633387589146,65.353521347046
YULARA_COMBINED,2018-04-15 10:00:00,fixed_15th_10am_no_score_selection,330,65.309689569804,62.76261520385742,60.59109878540039,61.66763687133789,63.26553331479076,55.14238939884424,64.995441816002
YULARA_COMBINED,2018-04-15 10:00:00,fixed_15th_10am_no_score_selection,335,62.995764732361,60.281959533691406,60.17204666137695,59.33833694458008,61.71394298920726,54.02739911849128,62.987151145935
YULARA_COMBINED,2018-04-15 10:00:00,fixed_15th_10am_no_score_selection,340,62.423896274504,58.71763610839844,59.24782943725586,60.336177825927734,60.261771936620335,52.89398638930272,62.628310948087
YULARA_COMBINED,2018-04-15 10:00:00,fixed_15th_10am_no_score_selection,345,60.205709457397,57.240478515625,58.591209411621094,56.599117279052734,58.64625183667102,51.74289498086801,60.623827934265
YULARA_COMBINED,2018-04-15 10:00:00,fixed_15th_10am_no_score_selection,350,59.349340345476,55.163883209228516,55.69430160522461,55.35093307495117,57.147590591334726,50.57608004617374,59.821169809973
YULARA_COMBINED,2018-04-15 10:00:00,fixed_15th_10am_no_score_selection,355,57.116533279419,53.437904357910156,54.22331237792969,54.3679084777832,55.43199360731566,49.39391517067198,57.965789794922
YULARA_COMBINED,2018-04-15 10:00:00,fixed_15th_10am_no_score_selection,360,56.155449641314,52.72398376464844,51.34622573852539,52.12840270996094,53.81315939217926,48.19891472788653,56.958053662335
YULARA_COMBINED,2018-04-15 10:00:00,fixed_15th_10am_no_score_selection,365,53.750026702881,50.92511749267578,50.66802978515625,48.733943939208984,51.97945282225588,46.991760698209106,54.467514038086
YULARA_COMBINED,2018-04-15 10:00:00,fixed_15th_10am_no_score_selection,370,52.973115949962,48.23343276977539,49.14522933959961,48.7917366027832,50.277174527853816,45.77482737246634,53.429713144855
YULARA_COMBINED,2018-04-15 10:00:00,fixed_15th_10am_no_score_selection,375,50.422087669373,46.45268249511719,45.227508544921875,47.952552795410156,48.35447127622169,44.54885661000959,50.640188217163
YULARA_COMBINED,2018-04-15 10:00:00,fixed_15th_10am_no_score_selection,380,49.467027232836,44.27360916137695,45.78295135498047,47.79362106323242,46.56793161189939,43.316187065918264,49.717920834404
YULARA_COMBINED,2018-04-15 10:00:00,fixed_15th_10am_no_score_selection,385,46.55987739563,42.6623649597168,43.4620246887207,43.583580017089844,44.531514565089104,42.07772300961946,47.1144323349
YULARA_COMBINED,2018-04-15 10:00:00,fixed_15th_10am_no_score_selection,390,45.471904865848,39.25505065917969,43.22926712036133,40.03178405761719,42.7129598988797,40.83610348970247,46.191417667533
YULARA_COMBINED,2018-04-15 10:00:00,fixed_15th_10am_no_score_selection,395,42.813391685486,37.70677185058594,39.944828033447266,40.19123840332031,40.65908926227261,39.591717664209106,43.438508987427
YULARA_COMBINED,2018-04-15 10:00:00,fixed_15th_10am_no_score_selection,400,41.896471516097,35.68185043334961,38.16011047363281,38.04136657714844,38.77361383413575,38.34689300659352,42.522775367146
YULARA_COMBINED,2018-04-15 10:00:00,fixed_15th_10am_no_score_selection,405,39.056221008301,33.00899887084961,35.373443603515625,34.73735427856445,36.65651520393766,37.102476851321455,39.724150657654
YULARA_COMBINED,2018-04-15 10:00:00,fixed_15th_10am_no_score_selection,410,38.034702191916,31.562820434570312,35.19879150390625,32.15895080566406,34.743018469109295,35.861221756247744,38.831215070945
YULARA_COMBINED,2018-04-15 10:00:00,fixed_15th_10am_no_score_selection,415,34.946336269379,29.011249542236328,31.857349395751953,30.666833877563477,32.687795034188476,34.62371907635786,35.862627506256
YULARA_COMBINED,2018-04-15 10:00:00,fixed_15th_10am_no_score_selection,420,33.799772308932,28.346235275268555,30.653535842895508,29.991735458374023,30.784902306180992,33.39212109276127,34.858174328328
YULARA_COMBINED,2018-04-15 10:00:00,fixed_15th_10am_no_score_selection,425,30.881213188171,27.197223663330078,30.179231643676758,30.686431884765625,28.75854653198804,32.16738582385918,31.421554088593
YULARA_COMBINED,2018-04-15 10:00:00,fixed_15th_10am_no_score_selection,430,29.612241191331,24.209644317626953,28.12114715576172,26.01214027404785,26.889608089912315,30.951530135412863,30.311869495154
YULARA_COMBINED,2018-04-15 10:00:00,fixed_15th_10am_no_score_selection,435,26.416505336761,23.395511627197266,27.271562576293945,23.878700256347656,24.868788089623642,29.74525794117715,27.123604774475
YULARA_COMBINED,2018-04-15 10:00:00,fixed_15th_10am_no_score_selection,440,25.223676427878,22.000499725341797,24.799205780029297,23.80706787109375,23.056460749617834,28.55068021901709,26.089253777655
YULARA_COMBINED,2018-04-15 10:00:00,fixed_15th_10am_no_score_selection,445,22.03352689743,21.182287216186523,23.030885696411133,23.840513229370117,21.12705790546506,27.368402360024398,22.766957759857
YULARA_COMBINED,2018-04-15 10:00:00,fixed_15th_10am_no_score_selection,450,20.741554160905,19.069656372070312,23.642189025878906,19.58906364440918,19.419449300076447,26.20057539948226,21.622276162448
YULARA_COMBINED,2018-04-15 10:00:00,fixed_15th_10am_no_score_selection,455,16.947308063507,17.88752555847168,20.63011360168457,19.426435470581055,17.605882104521523,25.047935192461733,18.174329996109
YULARA_COMBINED,2018-04-15 10:00:00,fixed_15th_10am_no_score_selection,460,16.382804447745,16.7421817779541,18.758241653442383,18.843948364257812,16.037476381095892,23.91246336340642,17.112514124818
YULARA_COMBINED,2018-04-15 10:00:00,fixed_15th_10am_no_score_selection,465,13.264117002487,16.362911224365234,17.808683395385742,16.707767486572266,14.379139572553923,22.79435377335485,13.74725818634
YULARA_COMBINED,2018-04-15 10:00:00,fixed_15th_10am_no_score_selection,470,12.182004189892,15.694587707519531,15.284452438354492,14.814043998718262,12.934835287977897,21.695558068770517,12.683042685559
YULARA_COMBINED,2018-04-15 10:00:00,fixed_15th_10am_no_score_selection,475,9.0563417673111,12.364595413208008,16.521162033081055,11.817852020263672,11.39047128911834,20.616267579186072,9.4820363521576
YULARA_COMBINED,2018-04-15 10:00:00,fixed_15th_10am_no_score_selection,480,7.9240840025983,10.405977249145508,14.498115539550781,12.60627555847168,10.107490290798495,19.558422001555215,8.4109876384639
YULARA_COMBINED,2018-04-15 10:00:00,fixed_15th_10am_no_score_selection,485,4.9296382069588,9.259536743164062,15.030576705932617,10.009742736816406,8.731073477757151,18.52223115004877,5.3536374568939
YULARA_COMBINED,2018-04-15 10:00:00,fixed_15th_10am_no_score_selection,490,4.2002719330547,9.254037857055664,12.456805229187012,9.197349548339844,7.631614709735485,17.50927603857193,4.5530454754145
YULARA_COMBINED,2018-04-15 10:00:00,fixed_15th_10am_no_score_selection,495,2.4136971235275,9.642962455749512,11.598602294921875,10.977424621582031,6.419136089914607,16.51944958903614,2.6322259902954
YULARA_COMBINED,2018-04-15 10:00:00,fixed_15th_10am_no_score_selection,500,1.9495581447292,8.117650985717773,11.517905235290527,10.116992950439453,5.457137430264776,15.554165789031815,2.1593846613379
YULARA_COMBINED,2018-04-15 10:00:00,fixed_15th_10am_no_score_selection,505,0.88005131483078,8.521347999572754,8.947860717773438,8.170428276062012,4.420273741100214,14.613579762186179,0.97187748551369
YULARA_COMBINED,2018-04-15 10:00:00,fixed_15th_10am_no_score_selection,510,0.60945754221919,6.24948263168335,7.974751949310303,6.214888095855713,3.654267302612276,13.698919264096233,0.72157386562396
YULARA_COMBINED,2018-04-15 10:00:00,fixed_15th_10am_no_score_selection,515,-0.042630319017917,4.792900085449219,6.969171047210693,7.446056365966797,2.788972592750691,12.809854158362594,0.10920015675947
YULARA_COMBINED,2018-04-15 10:00:00,fixed_15th_10am_no_score_selection,520,-0.041907444031247,4.089389324188232,6.350957870483398,5.29639196395874,2.1992635715991535,11.94768910939325,-0.012787808226989
YULARA_COMBINED,2018-04-15 10:00:00,fixed_15th_10am_no_score_selection,525,-0.046260306145996,4.382049560546875,6.771629810333252,5.472722053527832,1.5099224868913563,11.112202041641321,-0.041001533390954
YULARA_COMBINED,2018-04-15 10:00:00,fixed_15th_10am_no_score_selection,530,-0.046736038856603,4.295312404632568,7.377452373504639,5.028626441955566,1.0502402616889777,10.304143961426384,-0.042669186077648
YULARA_COMBINED,2018-04-15 10:00:00,fixed_15th_10am_no_score_selection,535,-0.047817736631259,3.9101643562316895,5.388458728790283,5.668121814727783,0.49932803809468773,9.523001695631416,-0.047602692153305
YULARA_COMBINED,2018-04-15 10:00:00,fixed_15th_10am_no_score_selection,540,-0.047382528875563,2.227686643600464,4.888250350952148,3.624762773513794,0.14089462769113778,8.769727387049102,-0.047453727902064
YULARA_COMBINED,2018-04-15 10:00:00,fixed_15th_10am_no_score_selection,545,-0.047275588382035,1.2313954830169678,2.746764898300171,4.96774435043335,-0.29007704319218075,8.043939484535903,-0.047475891187787
YULARA_COMBINED,2018-04-15 10:00:00,fixed_15th_10am_no_score_selection,550,-0.047335238270634,1.3284451961517334,3.8254756927490234,1.1597321033477783,-0.5563178509447217,7.346440811652532,-0.047408478807773
YULARA_COMBINED,2018-04-15 10:00:00,fixed_15th_10am_no_score_selection,555,-0.047640834935009,1.1858500242233276,3.250945568084717,2.1388099193573,-0.885894993553604,6.676489343674922,-0.046702859457582
YULARA_COMBINED,2018-04-15 10:00:00,fixed_15th_10am_no_score_selection,560,-0.047164876963127,0.7877724170684814,1.682568907737732,2.0188639163970947,-1.0689227802197154,6.034219777075925,-0.047100198679782
YULARA_COMBINED,2018-04-15 10:00:00,fixed_15th_10am_no_score_selection,565,-0.047638523858041,0.23896582424640656,1.7641905546188354,4.174283027648926,-1.3262566663329942,5.419411217251153,-0.047610878944397
YULARA_COMBINED,2018-04-15 10:00:00,fixed_15th_10am_no_score_selection,570,-0.047134158675339,-0.18767042458057404,1.5358302593231201,3.6877987384796143,-1.4524769048310449,4.832318482467502,-0.047346484358447
YULARA_COMBINED,2018-04-15 10:00:00,fixed_15th_10am_no_score_selection,575,-0.047361506149173,0.62894207239151,0.4202360212802887,3.4487826824188232,-1.6498441892577045,4.272296586013036,-0.047011100687087
YULARA_COMBINED,2018-04-15 10:00:00,fixed_15th_10am_no_score_selection,580,-0.047237578654518,-0.557141125202179,-0.025220628827810287,2.781085729598999,-1.7295118999945993,3.7395214505590864,-0.047289651337519
YULARA_COMBINED,2018-04-15 10:00:00,fixed_15th_10am_no_score_selection,585,-0.047646296676248,-0.7049393653869629,0.13738173246383667,3.879335880279541,-1.8720022838065289,3.233373532956455,-0.047160274814814
YULARA_COMBINED,2018-04-15 10:00:00,fixed_15th_10am_no_score_selection,590,-0.047309643036243,-0.8440536260604858,0.6260613203048706,4.950044631958008,-1.9413247467410206,2.753776662494077,-0.047226876826811
YULARA_COMBINED,2018-04-15 10:00:00,fixed_15th_10am_no_score_selection,595,-0.047352929599583,-0.8845564723014832,0.3891904950141907,2.0468499660491943,-2.0431809989811645,2.2999834693323975,-0.047301176004112
YULARA_COMBINED,2018-04-15 10:00:00,fixed_15th_10am_no_score_selection,600,-0.047207915184737,-0.8673969507217407,0.06255356222391129,1.8576091527938843,-2.0613657081769206,1.8721275474298202,-0.047022936296824
YULARA_COMBINED,2018-04-15 10:00:00,fixed_15th_10am_no_score_selection,605,-0.047335559502244,-1.2742701768875122,-0.20256638526916504,2.1050925254821777,-2.111804298371018,1.4695676367058124,-0.046296699903905
YULARA_COMBINED,2018-04-15 10:00:00,fixed_15th_10am_no_score_selection,610,-0.047121946342054,-1.7466413974761963,-0.47628912329673767,1.783117651939392,-2.109310229274954,1.0918373708050488,-0.047014142142789
YULARA_COMBINED,2018-04-15 10:00:00,fixed_15th_10am_no_score_selection,615,-0.046799146570265,0.07137908041477203,-1.8244956731796265,-0.21874871850013733,-2.1163927121560464,0.7384090170545202,-0.046684168744832
YULARA_COMBINED,2018-04-15 10:00:00,fixed_15th_10am_no_score_selection,620,-0.047225560975071,-1.0562320947647095,-1.3596802949905396,1.663278579711914,-2.072553651565388,0.40887164490234856,-0.046805066050299
YULARA_COMBINED,2018-04-15 10:00:00,fixed_15th_10am_no_score_selection,625,-0.047035777941346,-1.0529080629348755,-1.908461332321167,1.6073354482650757,-2.043081536019032,0.10249697870515442,-0.046912962570786
YULARA_COMBINED,2018-04-15 10:00:00,fixed_15th_10am_no_score_selection,630,-0.046965642062589,-2.1128385066986084,-1.8539429903030396,2.188443422317505,-1.9875771182941604,-0.18128790228814964,-0.046591130518354
YULARA_COMBINED,2018-04-15 10:00:00,fixed_15th_10am_no_score_selection,635,-0.046763352584094,-1.1027158498764038,-1.5809696912765503,2.313161849975586,-1.9266132604554318,-0.44329118745551266,-0.046916422434151
YULARA_COMBINED,2018-04-15 10:00:00,fixed_15th_10am_no_score_selection,640,-0.046844586429468,-0.004512582439929247,-1.8886522054672241,1.7328341007232666,-1.8634663353776626,-0.6838864530571838,-0.046676969974997
YULARA_COMBINED,2018-04-15 10:00:00,fixed_15th_10am_no_score_selection,645,-0.047338083852082,-1.436322808265686,-1.710092544555664,2.6424264907836914,-1.8023702142624884,-0.9038382848074186,-0.047138415044174
YULARA_COMBINED,2018-04-15 10:00:00,fixed_15th_10am_no_score_selection,650,-0.04688223919252,-0.19955269992351532,-1.086227297782898,0.3186957538127899,-1.7377193699072615,-1.1037919791642494,-0.046758407598202
YULARA_COMBINED,2018-04-15 10:00:00,fixed_15th_10am_no_score_selection,655,-0.047614472452551,-0.4544092118740082,-1.5295288562774658,1.1625735759735107,-1.673209426444552,-1.2844542462484179,-0.04637218802236
YULARA_COMBINED,2018-04-15 10:00:00,fixed_15th_10am_no_score_selection,660,-0.047058264756143,-0.1468464583158493,-1.5208600759506226,0.8868653774261475,-1.6222043348654756,-1.4464582191310629,-0.046691323573853
YULARA_COMBINED,2018-04-15 10:00:00,fixed_15th_10am_no_score_selection,665,-0.046571069397032,0.06889939308166504,-2.5383777618408203,1.5268265008926392,-1.556336958614061,-1.5904752571843133,-0.046930146869272
YULARA_COMBINED,2018-04-15 10:00:00,fixed_15th_10am_no_score_selection,670,-0.046854130753962,0.5925809144973755,-2.5672686100006104,2.782930850982666,-1.5092455818266943,-1.7175431027466213,-0.046774443695593
YULARA_COMBINED,2018-04-15 10:00:00,fixed_15th_10am_no_score_selection,675,-0.046752316411585,0.5252560973167419,-2.442976236343384,1.7537468671798706,-1.4433926559692798,-1.8283607225607315,-0.047059502452612
YULARA_COMBINED,2018-04-15 10:00:00,fixed_15th_10am_no_score_selection,680,-0.046885594424251,0.3954273760318756,-1.6080915927886963,2.5421526432037354,-1.4227445672438874,-1.9235420444372047,-0.046829084862085
YULARA_COMBINED,2018-04-15 10:00:00,fixed_15th_10am_no_score_selection,685,-0.047484385315329,0.8227781653404236,-2.916238307952881,3.529304027557373,-1.3781397690948658,-2.003946962357543,-0.046737143304199
YULARA_COMBINED,2018-04-15 10:00:00,fixed_15th_10am_no_score_selection,690,-0.04703649885348,0.5812170505523682,-1.6215015649795532,0.7882260680198669,-1.387191313869128,-2.0703715925798054,-0.047041589968667
YULARA_COMBINED,2018-04-15 10:00:00,fixed_15th_10am_no_score_selection,695,-0.047356239752844,1.7316386699676514,-2.5124430656433105,2.7272698879241943,-1.3531525597520724,-2.1234610204731394,-0.046770610846579
YULARA_COMBINED,2018-04-15 10:00:00,fixed_15th_10am_no_score_selection,700,-0.047046341701676,1.4394094944000244,-3.035872220993042,0.7298603653907776,-1.3833964278005912,-2.164192269115158,-0.046848815276923
YULARA_COMBINED,2018-04-15 10:00:00,fixed_15th_10am_no_score_selection,705,-0.04695878084749,1.463179588317871,-2.3860745429992676,1.027357816696167,-1.3524807859252803,-2.1931154294905206,-0.047001790720969
YULARA_COMBINED,2018-04-15 10:00:00,fixed_15th_10am_no_score_selection,710,-0.046877760931865,0.9997168183326721,-2.8583059310913086,2.943619728088379,-1.3931224826105764,-2.211137109303402,-0.047017265378057
YULARA_COMBINED,2018-04-15 10:00:00,fixed_15th_10am_no_score_selection,715,-0.047145642805845,2.107069492340088,-2.4888925552368164,2.2647523880004883,-1.3845095069463282,-2.2192105980228463,-0.046652170829475
YULARA_COMBINED,2018-04-15 10:00:00,fixed_15th_10am_no_score_selection,720,-0.046849324616006,2.060488700866699,-1.3808305263519287,-1.7380778789520264,-1.450223090619361,-2.21771317486326,-0.046633478035104
YULARA_COMBINED,2018-05-15 10:00:00,fixed_15th_10am_no_score_selection,5,57.79665184021,50.5527229309082,55.3093147277832,55.923484802246094,56.471433005413445,47.84773042498393,57.985010147095
YULARA_COMBINED,2018-05-15 10:00:00,fixed_15th_10am_no_score_selection,10,58.255369683672,53.3283805847168,57.178768157958984,55.571372985839844,57.750010074084535,48.95567696445583,58.389399216367
YULARA_COMBINED,2018-05-15 10:00:00,fixed_15th_10am_no_score_selection,15,60.717785835266,54.55303955078125,58.147377014160156,59.5700569152832,59.20241399932671,50.049084100212895,60.880411148071
YULARA_COMBINED,2018-05-15 10:00:00,fixed_15th_10am_no_score_selection,20,61.077262638382,57.37615203857422,57.059993743896484,60.52348327636719,60.41524219451433,51.12372521783931,61.342943691862
YULARA_COMBINED,2018-05-15 10:00:00,fixed_15th_10am_no_score_selection,25,63.171897888184,58.46361541748047,60.93534469604492,58.63417434692383,61.75382297791312,52.176932392288975,63.394778251648
YULARA_COMBINED,2018-05-15 10:00:00,fixed_15th_10am_no_score_selection,30,63.714776781963,60.091129302978516,60.721988677978516,63.529151916503906,62.86126194945305,53.20719555996746,64.072371487931
YULARA_COMBINED,2018-05-15 10:00:00,fixed_15th_10am_no_score_selection,35,65.464505195618,60.280033111572266,63.741111755371094,62.77813720703125,64.109188345723,54.214827555547586,65.9747838974
YULARA_COMBINED,2018-05-15 10:00:00,fixed_15th_10am_no_score_selection,40,66.308270337205,63.735076904296875,64.20242309570312,65.36991882324219,65.1852924770145,55.198183532358044,66.390252140719
YULARA_COMBINED,2018-05-15 10:00:00,fixed_15th_10am_no_score_selection,45,68.266225814819,66.02716064453125,66.3838119506836,65.57246398925781,66.37457138537916,56.156181565542724,68.131957054138
YULARA_COMBINED,2018-05-15 10:00:00,fixed_15th_10am_no_score_selection,50,68.771674572792,65.67678833007812,64.49652099609375,67.01898956298828,67.34398503834583,57.08650990381389,68.660827313629
YULARA_COMBINED,2018-05-15 10:00:00,fixed_15th_10am_no_score_selection,55,70.511140823364,66.50933837890625,67.93336486816406,69.43155670166016,68.44406952148022,57.98878922787991,70.196323394775
YULARA_COMBINED,2018-05-15 10:00:00,fixed_15th_10am_no_score_selection,60,70.727218534755,67.82319641113281,68.68760681152344,68.28862762451172,69.3599872582794,58.86132035485031,70.824885268304
YULARA_COMBINED,2018-05-15 10:00:00,fixed_15th_10am_no_score_selection,65,72.216891288757,68.44888305664062,69.11470794677734,70.11819458007812,70.35801039825807,59.7032343460775,71.939874649048
YULARA_COMBINED,2018-05-15 10:00:00,fixed_15th_10am_no_score_selection,70,72.389779707538,68.258544921875,69.25850677490234,69.65066528320312,71.16431819600794,60.513217631475555,72.064507286413
YULARA_COMBINED,2018-05-15 10:00:00,fixed_15th_10am_no_score_selection,75,71.175565719604,70.44768524169922,70.96392822265625,71.78095245361328,72.04344679814886,61.29112077009097,73.733165740967
YULARA_COMBINED,2018-05-15 10:00:00,fixed_15th_10am_no_score_selection,80,74.036906087416,73.21189880371094,72.8805923461914,72.47808837890625,72.756717279792,62.03537574788141,73.868565851047
YULARA_COMBINED,2018-05-15 10:00:00,fixed_15th_10am_no_score_selection,85,75.602563858032,73.18511199951172,72.0424575805664,71.23515319824219,73.52689722832521,62.74521616005334,75.217330932617
YULARA_COMBINED,2018-05-15 10:00:00,fixed_15th_10am_no_score_selection,90,75.797904360067,74.33646392822266,73.9896469116211,74.94963073730469,74.12936279493873,63.41955089558864,75.394956476204
YULARA_COMBINED,2018-05-15 10:00:00,fixed_15th_10am_no_score_selection,95,76.986326217651,73.70819854736328,73.7950439453125,75.03099060058594,74.77184001795395,64.05817727716122,76.631996154785
YULARA_COMBINED,2018-05-15 10:00:00,fixed_15th_10am_no_score_selection,100,77.108440254437,75.40501403808594,75.57090759277344,75.6897964477539,75.29584409932505,64.66060179193029,76.490304434153
YULARA_COMBINED,2018-05-15 10:00:00,fixed_15th_10am_no_score_selection,105,78.131277084351,76.64930725097656,74.9679946899414,75.4910888671875,75.87581332255901,65.22624229814153,77.756359100342
YULARA_COMBINED,2018-05-15 10:00:00,fixed_15th_10am_no_score_selection,110,78.278243838111,75.51959228515625,76.9026870727539,76.93998718261719,76.33588549487952,65.75344199609579,77.684694255346
YULARA_COMBINED,2018-05-15 10:00:00,fixed_15th_10am_no_score_selection,115,78.634000778198,76.14730072021484,75.28649139404297,79.1351089477539,76.83151230142651,66.2427381016815,77.711114883423
YULARA_COMBINED,2018-05-15 10:00:00,fixed_15th_10am_no_score_selection,120,78.657830912976,76.68851470947266,75.66095733642578,79.90039825439453,77.21048709294924,66.69293423957002,78.188520848474
YULARA_COMBINED,2018-05-15 10:00:00,fixed_15th_10am_no_score_selection,125,79.490688323975,76.5403060913086,75.54782104492188,81.81685638427734,77.7051351673385,67.10422666528575,79.166814804077
YULARA_COMBINED,2018-05-15 10:00:00,fixed_15th_10am_no_score_selection,130,79.700237457728,77.81847381591797,75.65866088867188,81.4250259399414,78.02919278750105,67.47519253734704,79.229194117274
YULARA_COMBINED,2018-05-15 10:00:00,fixed_15th_10am_no_score_selection,135,80.157752990723,77.45951080322266,75.5887680053711,81.53327178955078,78.37916132997505,67.805037373674,79.865371704102
YULARA_COMBINED,2018-05-15 10:00:00,fixed_15th_10am_no_score_selection,140,80.433742988653,79.6755142211914,75.02660369873047,80.41230773925781,78.64642755556508,68.09373669502088,79.680139258878
YULARA_COMBINED,2018-05-15 10:00:00,fixed_15th_10am_no_score_selection,145,80.607942581177,78.41866302490234,74.2828369140625,82.11857604980469,78.90605493026597,68.34138120857845,80.487518310547
YULARA_COMBINED,2018-05-15 10:00:00,fixed_15th_10am_no_score_selection,150,80.673031299969,76.64948272705078,75.20172119140625,82.13257598876953,79.06631801564426,68.54751264953185,80.124731323439
YULARA_COMBINED,2018-05-15 10:00:00,fixed_15th_10am_no_score_selection,155,80.456207275391,77.45319366455078,74.25489807128906,83.1518325805664,79.24306598341842,68.71239141932948,80.672035217285
YULARA_COMBINED,2018-05-15 10:00:00,fixed_15th_10am_no_score_selection,160,80.803788623144,78.44442749023438,76.89411163330078,83.45560455322266,79.3588483953817,68.83531716822739,80.670929617304
YULARA_COMBINED,2018-05-15 10:00:00,fixed_15th_10am_no_score_selection,165,81.639724731445,77.83052825927734,77.4720458984375,81.44273376464844,79.46837921943454,68.91697495631497,80.946435928345
YULARA_COMBINED,2018-05-15 10:00:00,fixed_15th_10am_no_score_selection,170,81.445575002145,77.13313293457031,76.88348388671875,82.30558013916016,79.5067902988447,68.95669859244101,80.877606718852
YULARA_COMBINED,2018-05-15 10:00:00,fixed_15th_10am_no_score_selection,175,81.341846466064,77.06636047363281,75.86257934570312,78.58020782470703,79.50347286750704,68.95475388408451,81.047395706177
YULARA_COMBINED,2018-05-15 10:00:00,fixed_15th_10am_no_score_selection,180,81.082527614641,76.3386459350586,76.55610656738281,79.61425018310547,79.40186202497955,68.910967228426,80.747145986024
YULARA_COMBINED,2018-05-15 10:00:00,fixed_15th_10am_no_score_selection,185,80.919664382935,74.16234588623047,75.52464294433594,81.137451171875,79.30882400158059,68.82564171001697,80.127473831177
YULARA_COMBINED,2018-05-15 10:00:00,fixed_15th_10am_no_score_selection,190,80.663753829956,76.48782348632812,76.14302062988281,81.33917999267578,79.11781361036367,68.69842783327444,80.066108373233
YULARA_COMBINED,2018-05-15 10:00:00,fixed_15th_10am_no_score_selection,195,80.687864303589,77.7674789428711,76.81954193115234,81.02093505859375,78.91208922108355,68.52949533107173,79.800365447998
YULARA_COMBINED,2018-05-15 10:00:00,fixed_15th_10am_no_score_selection,200,80.650962034404,76.60880279541016,76.39797973632812,78.62467193603516,78.61785214172903,68.31892291661812,79.506696285746
YULARA_COMBINED,2018-05-15 10:00:00,fixed_15th_10am_no_score_selection,205,80.237392425537,77.60637664794922,75.09771728515625,79.17800903320312,78.35249006668361,68.0676359233424,79.323997497559
YULARA_COMBINED,2018-05-15 10:00:00,fixed_15th_10am_no_score_selection,210,80.002911830618,74.61735534667969,75.58829498291016,77.8326644897461,77.97361118155361,67.77585103099767,79.19444145444
YULARA_COMBINED,2018-05-15 10:00:00,fixed_15th_10am_no_score_selection,215,79.289209365845,73.53813171386719,77.07929992675781,78.73480224609375,77.56159816789233,67.44390190722362,78.386976242065
YULARA_COMBINED,2018-05-15 10:00:00,fixed_15th_10am_no_score_selection,220,78.874989865693,74.137451171875,73.62344360351562,76.32286071777344,77.06532266404894,67.07242243341675,78.121207650784
YULARA_COMBINED,2018-05-15 10:00:00,fixed_15th_10am_no_score_selection,225,78.510606765747,75.16566467285156,74.28981018066406,76.41962432861328,76.51213281015787,66.66171086074775,77.645698547363
YULARA_COMBINED,2018-05-15 10:00:00,fixed_15th_10am_no_score_selection,230,77.982956488869,74.44902801513672,73.07379150390625,77.23368835449219,75.99680847715958,66.21309140291271,76.774251428478
YULARA_COMBINED,2018-05-15 10:00:00,fixed_15th_10am_no_score_selection,235,76.996438980103,74.79481506347656,75.3954086303711,77.1071548461914,75.39233186680178,65.72634893526678,76.134801864624
YULARA_COMBINED,2018-05-15 10:00:00,fixed_15th_10am_no_score_selection,240,76.745820602069,75.55361938476562,72.43639373779297,74.63883972167969,74.75466967923109,65.20216319497052,75.660795419246
YULARA_COMBINED,2018-05-15 10:00:00,fixed_15th_10am_no_score_selection,245,75.266275405884,73.22871398925781,72.51498413085938,75.05555725097656,74.0256973353927,64.64033259434751,75.120496749878
YULARA_COMBINED,2018-05-15 10:00:00,fixed_15th_10am_no_score_selection,250,74.854091984762,72.61479949951172,70.0304183959961,74.4665756225586,73.29123129877254,64.0422163039407,74.230523923852
YULARA_COMBINED,2018-05-15 10:00:00,fixed_15th_10am_no_score_selection,255,73.871775627136,71.74262237548828,71.13224029541016,74.42315673828125,72.43690574272497,63.40815236484455,73.586720466614
YULARA_COMBINED,2018-05-15 10:00:00,fixed_15th_10am_no_score_selection,260,73.545839925536,69.28971862792969,71.45721435546875,74.50727844238281,71.63850721772766,62.739914627555095,73.042678934751
YULARA_COMBINED,2018-05-15 10:00:00,fixed_15th_10am_no_score_selection,265,71.348176956177,71.29936981201172,70.70650482177734,72.39051055908203,70.72190046339628,62.03744167273646,71.980125427246
YULARA_COMBINED,2018-05-15 10:00:00,fixed_15th_10am_no_score_selection,270,71.820244553025,68.6808090209961,70.80135345458984,70.6489028930664,69.89312436499765,61.30283214012371,71.562196361649
YULARA_COMBINED,2018-05-15 10:00:00,fixed_15th_10am_no_score_selection,275,70.257901191711,69.58248901367188,68.40412139892578,69.83633422851562,68.91941803609468,60.535707810153255,69.90407371521
YULARA_COMBINED,2018-05-15 10:00:00,fixed_15th_10am_no_score_selection,280,69.463031817445,68.21040344238281,68.6496353149414,68.81791687011719,67.96977172607676,59.73772665522737,69.29312929148
YULARA_COMBINED,2018-05-15 10:00:00,fixed_15th_10am_no_score_selection,285,67.922162055969,67.30267333984375,67.7822494506836,69.50907897949219,66.88449663309058,58.90898084354409,68.28462600708
YULARA_COMBINED,2018-05-15 10:00:00,fixed_15th_10am_no_score_selection,290,67.380254078904,66.25076293945312,68.19218444824219,68.13909912109375,65.90368604567463,58.051790096494955,67.586781618852
YULARA_COMBINED,2018-05-15 10:00:00,fixed_15th_10am_no_score_selection,295,65.712535858154,63.14773178100586,68.17111206054688,69.16643524169922,64.72904239153476,57.165653898474666,66.044226646423
YULARA_COMBINED,2018-05-15 10:00:00,fixed_15th_10am_no_score_selection,300,65.267073019567,61.18901443481445,65.99243927001953,66.94669342041016,63.60710425527123,56.25279298963162,65.362654832354
YULARA_COMBINED,2018-05-15 10:00:00,fixed_15th_10am_no_score_selection,305,63.754507064819,60.10219955444336,64.27033233642578,64.96122741699219,62.40378056224465,55.313756303226114,63.822553634644
YULARA_COMBINED,2018-05-15 10:00:00,fixed_15th_10am_no_score_selection,310,62.848097544279,59.862632751464844,63.37318801879883,64.61681365966797,61.18951650692278,54.35021138949639,63.200464440142
YULARA_COMBINED,2018-05-15 10:00:00,fixed_15th_10am_no_score_selection,315,60.950133323669,58.322296142578125,61.811431884765625,62.8287353515625,59.85756012638552,53.36310281033657,61.207034111023
YULARA_COMBINED,2018-05-15 10:00:00,fixed_15th_10am_no_score_selection,320,60.097823751165,59.30140686035156,61.310211181640625,61.46431350708008,58.571804486126354,52.353843975880956,60.411650144794
YULARA_COMBINED,2018-05-15 10:00:00,fixed_15th_10am_no_score_selection,325,58.10701751709,59.73703384399414,59.174076080322266,58.79715347290039,57.08504244646437,51.32329129718092,58.493003845215
YULARA_COMBINED,2018-05-15 10:00:00,fixed_15th_10am_no_score_selection,330,57.270618875183,57.335296630859375,57.8697624206543,57.88595962524414,55.72059932346839,50.27349181244296,57.628657130131
YULARA_COMBINED,2018-05-15 10:00:00,fixed_15th_10am_no_score_selection,335,55.153011322021,55.16010284423828,56.95794677734375,55.63290023803711,54.22520099136306,49.2050741789001,53.547753334045
YULARA_COMBINED,2018-05-15 10:00:00,fixed_15th_10am_no_score_selection,340,54.492876873064,53.674007415771484,56.500518798828125,57.34847640991211,52.76996533397596,48.120249237633544,54.793507843018
YULARA_COMBINED,2018-05-15 10:00:00,fixed_15th_10am_no_score_selection,345,51.480644226074,52.29463577270508,56.28300476074219,53.16701889038086,51.1735111340375,47.02007196676944,52.500831604004
YULARA_COMBINED,2018-05-15 10:00:00,fixed_15th_10am_no_score_selection,350,51.242053629334,50.04482650756836,53.55805969238281,52.73979949951172,49.62354200954244,45.9061426341002,51.594777450056
YULARA_COMBINED,2018-05-15 10:00:00,fixed_15th_10am_no_score_selection,355,48.752683639526,48.467308044433594,51.9655876159668,51.092872619628906,47.89928712695804,44.778962048892836,49.366409301758
YULARA_COMBINED,2018-05-15 10:00:00,fixed_15th_10am_no_score_selection,360,47.975072054568,48.243492126464844,49.11171340942383,48.90468215942383,46.279763883879646,43.64111547770019,48.424609864972
YULARA_COMBINED,2018-05-15 10:00:00,fixed_15th_10am_no_score_selection,365,45.318140983582,46.133731842041016,48.10997009277344,46.29085159301758,44.44408881949329,42.493379016202496,46.006631851196
YULARA_COMBINED,2018-05-15 10:00:00,fixed_15th_10am_no_score_selection,370,44.359487424259,43.39970779418945,47.579158782958984,46.01416015625,42.76777490832458,41.3382624316462,44.953887019501
YULARA_COMBINED,2018-05-15 10:00:00,fixed_15th_10am_no_score_selection,375,41.631140708923,42.06405258178711,43.65163803100586,45.05863952636719,40.9133356711147,40.17634285134618,40.649610519409
YULARA_COMBINED,2018-05-15 10:00:00,fixed_15th_10am_no_score_selection,380,,40.172203063964844,44.60271072387695,44.5513801574707,39.182410546615706,39.010047569996146,41.224431523159
YULARA_COMBINED,2018-05-15 10:00:00,fixed_15th_10am_no_score_selection,385,37.777437210083,38.566070556640625,41.759521484375,41.1849479675293,37.265983978929775,37.84027006442378,38.528916358948
YULARA_COMBINED,2018-05-15 10:00:00,fixed_15th_10am_no_score_selection,390,36.855257377577,35.47212219238281,41.70538330078125,37.178428649902344,35.50420116653808,36.66938426949326,37.628376026303
YULARA_COMBINED,2018-05-15 10:00:00,fixed_15th_10am_no_score_selection,395,34.007111549377,34.02291488647461,38.83384323120117,36.88755416870117,33.493735552867626,35.497866973034654,34.600823879242
YULARA_COMBINED,2018-05-15 10:00:00,fixed_15th_10am_no_score_selection,400,32.988391157797,31.90521240234375,37.24943542480469,35.083316802978516,31.678772799218383,34.328109616043065,33.633794379476
YULARA_COMBINED,2018-05-15 10:00:00,fixed_15th_10am_no_score_selection,405,30.152148246765,29.42328453063965,34.76861572265625,32.19589614868164,29.709217028627716,33.16075419260547,30.581337928772
YULARA_COMBINED,2018-05-15 10:00:00,fixed_15th_10am_no_score_selection,410,29.151290455894,27.72286605834961,34.394325256347656,29.789779663085938,27.906625129723363,31.99855965359574,29.503720757122
YULARA_COMBINED,2018-05-15 10:00:00,fixed_15th_10am_no_score_selection,415,25.940200328827,25.42901611328125,30.694581985473633,28.385936737060547,25.927083519148532,30.841999014017453,26.472283363342
YULARA_COMBINED,2018-05-15 10:00:00,fixed_15th_10am_no_score_selection,420,24.846750806385,24.734844207763672,30.074010848999023,27.030635833740234,24.168151401094562,29.69343103703428,25.432985906523
YULARA_COMBINED,2018-05-15 10:00:00,fixed_15th_10am_no_score_selection,425,21.509759426117,23.3913516998291,28.516237258911133,27.62982177734375,22.25827993717641,28.553728469976683,22.00439786911
YULARA_COMBINED,2018-05-15 10:00:00,fixed_15th_10am_no_score_selection,430,19.659026781864,20.78339195251465,26.90862464904785,23.636823654174805,20.533420204110868,27.424809489987574,20.595771322457
YULARA_COMBINED,2018-05-15 10:00:00,fixed_15th_10am_no_score_selection,435,14.953361988068,19.759807586669922,26.01162338256836,20.952472686767578,18.643968264619463,26.30741895099061,15.126584291458
YULARA_COMBINED,2018-05-15 10:00:00,fixed_15th_10am_no_score_selection,440,13.694171727308,18.250057220458984,23.417613983154297,20.424121856689453,17.018169335023384,25.203642641765253,14.142737155129
YULARA_COMBINED,2018-05-15 10:00:00,fixed_15th_10am_no_score_selection,445,10.813004493713,17.43956184387207,22.367164611816406,19.90330696105957,15.244562046534442,24.1136055893368,11.036341667175
YULARA_COMBINED,2018-05-15 10:00:00,fixed_15th_10am_no_score_selection,450,10.182286412388,15.27731990814209,21.904388427734375,15.968719482421875,13.750942506426359,23.03970038266635,10.461467964279
YULARA_COMBINED,2018-05-15 10:00:00,fixed_15th_10am_no_score_selection,455,7.7592024803162,14.060101509094238,18.40727424621582,16.03610610961914,12.10981706350652,21.98257782307669,8.1560570001602
YULARA_COMBINED,2018-05-15 10:00:00,fixed_15th_10am_no_score_selection,460,6.751751618627,12.70743179321289,17.160194396972656,15.260503768920898,10.778630918667748,20.944254939883507,7.148970086371
YULARA_COMBINED,2018-05-15 10:00:00,fixed_15th_10am_no_score_selection,465,4.6685608625412,12.57068157196045,15.980135917663574,12.934733390808105,9.315446933426541,19.92453588050599,4.8910894989967
YULARA_COMBINED,2018-05-15 10:00:00,fixed_15th_10am_no_score_selection,470,3.99746542778,11.298771858215332,13.739917755126953,10.510807991027832,8.138397695936181,18.92565114885745,4.3053389165979
YULARA_COMBINED,2018-05-15 10:00:00,fixed_15th_10am_no_score_selection,475,2.2315222620964,8.212897300720215,15.239405632019043,7.779956340789795,6.854671583444304,17.94744924071264,2.4144541025162
YULARA_COMBINED,2018-05-15 10:00:00,fixed_15th_10am_no_score_selection,480,1.6987725614954,6.360690116882324,13.010896682739258,8.843917846679688,5.838631513971255,16.991963700192652,1.8401129807564
YULARA_COMBINED,2018-05-15 10:00:00,fixed_15th_10am_no_score_selection,485,0.67588347196579,5.375421524047852,13.086649894714355,6.083437919616699,4.720628662868495,16.05911288448565,0.66604124009609
YULARA_COMBINED,2018-05-15 10:00:00,fixed_15th_10am_no_score_selection,490,0.47901676346249,4.853079795837402,10.874160766601562,4.622344493865967,3.94170559331188,15.150493642736967,0.44417108390193
YULARA_COMBINED,2018-05-15 10:00:00,fixed_15th_10am_no_score_selection,495,-0.043441063491628,5.1479692459106445,9.788575172424316,6.838710784912109,3.0021904660430736,14.26574420710816,-0.044151211157441
YULARA_COMBINED,2018-05-15 10:00:00,fixed_15th_10am_no_score_selection,500,-0.042855129254561,3.7452552318573,9.22519588470459,5.778116703033447,2.3582451389988526,13.406284224611094,-0.043273488570697
YULARA_COMBINED,2018-05-15 10:00:00,fixed_15th_10am_no_score_selection,505,-0.041853593080305,4.189398288726807,6.914288520812988,3.181547164916992,1.5697076523492544,12.571973449177433,-0.04276158765424
YULARA_COMBINED,2018-05-15 10:00:00,fixed_15th_10am_no_score_selection,510,-0.046709739687245,2.1828606128692627,5.843415260314941,1.6934913396835327,1.0494352541173275,11.76401426622594,-0.046353073716366
YULARA_COMBINED,2018-05-15 10:00:00,fixed_15th_10am_no_score_selection,515,-0.049185647629201,0.8051367998123169,4.342389106750488,2.73435115814209,0.4147183178067788,10.98178977832385,-0.04940378270112
YULARA_COMBINED,2018-05-15 10:00:00,fixed_15th_10am_no_score_selection,520,-0.049073996207641,0.011137694120407104,4.51426362991333,0.8541554808616638,0.04751196471597049,10.226718700702932,-0.049315751523499
YULARA_COMBINED,2018-05-15 10:00:00,fixed_15th_10am_no_score_selection,525,-0.049084461992607,0.5860053896903992,4.566154479980469,1.178143858909607,-0.4352937942437592,9.49881786410569,-0.049568194197491
YULARA_COMBINED,2018-05-15 10:00:00,fixed_15th_10am_no_score_selection,530,-0.049190701445515,0.8308692574501038,4.888821125030518,0.38648584485054016,-0.7186600371495566,8.798250834866153,-0.049634121246963
YULARA_COMBINED,2018-05-15 10:00:00,fixed_15th_10am_no_score_selection,535,-0.048902124166489,0.2337498962879181,2.519639253616333,2.0827155113220215,-1.137186472680914,8.124299928920294,-0.049671716988087
YULARA_COMBINED,2018-05-15 10:00:00,fixed_15th_10am_no_score_selection,540,-0.049195168340817,-1.1444621086120605,2.2278127670288086,-0.7453699111938477,-1.3419252880508226,7.478210618820023,-0.049579029034203
YULARA_COMBINED,2018-05-15 10:00:00,fixed_15th_10am_no_score_selection,545,-0.049281389219686,-1.680765986442566,0.3074180483818054,0.2844296991825104,-1.6738641667102965,6.85960053894351,-0.049503449816257
YULARA_COMBINED,2018-05-15 10:00:00,fixed_15th_10am_no_score_selection,550,-0.049104276163202,-1.7989245653152466,1.4391008615493774,-2.361128807067871,-1.840881391114866,6.268558170283792,-0.049395712247169
YULARA_COMBINED,2018-05-15 10:00:00,fixed_15th_10am_no_score_selection,555,-0.04918275680393,-1.8647897243499756,0.5364267230033875,-2.438924551010132,-2.0819738719178833,5.704892848745874,-0.049263828201219
YULARA_COMBINED,2018-05-15 10:00:00,fixed_15th_10am_no_score_selection,560,-0.049274938711169,-1.8889776468276978,-0.7511039972305298,-2.5753726959228516,-2.1579659333294576,5.168804612177311,-0.049356785309706
YULARA_COMBINED,2018-05-15 10:00:00,fixed_15th_10am_no_score_selection,565,-0.049141885479912,-2.397243022918701,-0.2529647946357727,-0.0345478355884552,-2.3084571085868992,4.659931199950459,-0.049287203000858
YULARA_COMBINED,2018-05-15 10:00:00,fixed_15th_10am_no_score_selection,570,-0.049265360957202,-2.588258743286133,-0.33897706866264343,-0.28957000374794006,-2.36232994669462,4.17840920883021,-0.049194876218616
YULARA_COMBINED,2018-05-15 10:00:00,fixed_15th_10am_no_score_selection,575,-0.049272271804512,-1.6270811557769775,-1.9710444211959839,-0.21180956065654755,-2.4733687565538647,3.7235043294175134,-0.049729939550161
YULARA_COMBINED,2018-05-15 10:00:00,fixed_15th_10am_no_score_selection,580,-0.049444471051947,-2.571303129196167,-1.8316892385482788,-0.32744038105010986,-2.4567463774700653,3.295334984626682,-0.049270282160264
YULARA_COMBINED,2018-05-15 10:00:00,fixed_15th_10am_no_score_selection,585,-0.049480954650789,-2.663958787918091,-1.8312091827392578,0.03897701948881149,-2.499226851449189,2.8933460033915965,-0.048997107427567
YULARA_COMBINED,2018-05-15 10:00:00,fixed_15th_10am_no_score_selection,590,-0.049385159755674,-2.623807668685913,-1.9249558448791504,1.0895873308181763,-2.482564437085925,2.517162860991721,-0.04930265579077
YULARA_COMBINED,2018-05-15 10:00:00,fixed_15th_10am_no_score_selection,595,-0.049126405268908,-1.9876682758331299,-1.1441785097122192,-1.489925503730774,-2.5021734847625665,2.166335734133456,-0.048853910062462
YULARA_COMBINED,2018-05-15 10:00:00,fixed_15th_10am_no_score_selection,600,-0.049349321173183,-2.0984983444213867,-1.420830249786377,-0.7672500610351562,-2.4809716871954692,1.8405785762956128,-0.049269066769382
YULARA_COMBINED,2018-05-15 10:00:00,fixed_15th_10am_no_score_selection,605,-0.049056246643886,-2.4717602729797363,-1.7015104293823242,-0.513802707195282,-2.45202723949823,1.5397054477773837,-0.049114748137072
YULARA_COMBINED,2018-05-15 10:00:00,fixed_15th_10am_no_score_selection,610,-0.049570703269964,-2.8911969661712646,-1.6790350675582886,-1.1940556764602661,-2.376397657209823,1.2628224959969718,-0.049401448532924
YULARA_COMBINED,2018-05-15 10:00:00,fixed_15th_10am_no_score_selection,615,-0.049369853921235,-0.7897656559944153,-2.673328399658203,-2.7212815284729004,-2.3056127704013654,1.009531958256452,-0.049356358591467
YULARA_COMBINED,2018-05-15 10:00:00,fixed_15th_10am_no_score_selection,620,-0.049345731981436,-1.683797001838684,-3.0212464332580566,-0.4857669472694397,-2.1660229339788257,0.7792290010305354,-0.049219694303671
YULARA_COMBINED,2018-05-15 10:00:00,fixed_15th_10am_no_score_selection,625,-0.049652733141556,-1.5540528297424316,-3.1797525882720947,-0.7906705737113953,-2.0549830401346547,0.5712634723137433,-0.049590850947425
YULARA_COMBINED,2018-05-15 10:00:00,fixed_15th_10am_no_score_selection,630,-0.049200208224838,-2.4966588020324707,-2.1030492782592773,-0.08103030920028687,-1.9149559849991744,0.3850029854518772,-0.049262934736502
YULARA_COMBINED,2018-05-15 10:00:00,fixed_15th_10am_no_score_selection,635,-0.049917131662369,-1.368675947189331,-1.642325520515442,0.6303404569625854,-1.8177616708572812,0.21928429860693494,-0.04874830879271
YULARA_COMBINED,2018-05-15 10:00:00,fixed_15th_10am_no_score_selection,640,-0.04988491467867,-0.10343504697084427,-2.7889740467071533,-0.4182691276073456,-1.7156711566668585,0.07400199749319605,-0.049067759832303
YULARA_COMBINED,2018-05-15 10:00:00,fixed_15th_10am_no_score_selection,645,-0.049151821294799,-1.3353055715560913,-2.4476535320281982,0.6025134325027466,-1.6045574211402693,-0.05134200229271288,-0.049067645333707
YULARA_COMBINED,2018-05-15 10:00:00,fixed_15th_10am_no_score_selection,650,-0.049224523669741,-0.20504961907863617,-1.1546611785888672,-1.406508445739746,-1.5046133371204942,-0.15768060310466367,-0.049551908736285
YULARA_COMBINED,2018-05-15 10:00:00,fixed_15th_10am_no_score_selection,655,-0.048771462403238,0.0379486009478569,-2.205230712890625,-0.1975761502981186,-1.3750979240946843,-0.2457921515461401,-0.049724431708455
YULARA_COMBINED,2018-05-15 10:00:00,fixed_15th_10am_no_score_selection,660,-0.048967175676026,0.38612714409828186,-1.985068917274475,-0.5201482176780701,-1.2696091070149333,-0.3164070714050126,-0.049448405631382
YULARA_COMBINED,2018-05-15 10:00:00,fixed_15th_10am_no_score_selection,665,-0.049191432073712,0.5482162237167358,-2.8858423233032227,0.14956343173980713,-1.1529036770592072,-0.37010586655099864,-0.049517800100148
YULARA_COMBINED,2018-05-15 10:00:00,fixed_15th_10am_no_score_selection,670,-0.048938990240223,1.092961311340332,-3.1779167652130127,1.677045464515686,-1.0714866802386658,-0.4080488335831903,-0.049231355791607
YULARA_COMBINED,2018-05-15 10:00:00,fixed_15th_10am_no_score_selection,675,-0.048773870337754,1.2069988250732422,-2.519766092300415,0.8933894634246826,-0.9297403512739981,-0.43049306330577947,-0.049615316092968
YULARA_COMBINED,2018-05-15 10:00:00,fixed_15th_10am_no_score_selection,680,-0.048808916051781,0.8485015034675598,-2.3303329944610596,1.697668433189392,-0.8196222416351472,-0.4384862236614154,-0.049523428945853
YULARA_COMBINED,2018-05-15 10:00:00,fixed_15th_10am_no_score_selection,685,-0.048967814305797,1.6815382242202759,-2.7604894638061523,2.3533198833465576,-0.6569782676410579,-0.4325086503316788,-0.0496134320274
YULARA_COMBINED,2018-05-15 10:00:00,fixed_15th_10am_no_score_selection,690,-0.048980752209137,1.4334561824798584,-1.6354707479476929,0.7704688310623169,-0.5428862316506233,-0.4138255586923069,-0.049408077336621
YULARA_COMBINED,2018-05-15 10:00:00,fixed_15th_10am_no_score_selection,695,-0.048886237898842,2.474015474319458,-2.8611788749694824,1.8515143394470215,-0.3637207746907958,-0.38299803134620564,-0.049435548484325
YULARA_COMBINED,2018-05-15 10:00:00,fixed_15th_10am_no_score_selection,700,-0.048871700011719,2.349580764770508,-3.184231758117676,-0.02533060871064663,-0.2610153512710511,-0.34117170106709194,-0.049052092342461
YULARA_COMBINED,2018-05-15 10:00:00,fixed_15th_10am_no_score_selection,705,-0.048873561900109,2.4118316173553467,-2.067965030670166,1.1615211963653564,-0.0916402951234581,-0.28886360215415,-0.049030194524676
YULARA_COMBINED,2018-05-15 10:00:00,fixed_15th_10am_no_score_selection,710,-0.048991143383458,2.114990472793579,-2.6844263076782227,1.937355399131775,0.02518052080474988,-0.22710834250412595,-0.048998060133996
YULARA_COMBINED,2018-05-15 10:00:00,fixed_15th_10am_no_score_selection,715,-0.049112206092104,3.3592352867126465,-2.4953055381774902,1.8595727682113647,0.23057541626188724,-0.15626151990168055,-0.0487229693681
YULARA_COMBINED,2018-05-15 10:00:00,fixed_15th_10am_no_score_selection,720,-0.048947524524302,3.495250940322876,-1.4125208854675293,-1.7228724956512451,0.40262128380532697,-0.07746540495891804,-0.049121806537796
YULARA_COMBINED,2018-06-15 10:00:00,fixed_15th_10am_no_score_selection,5,50.830177307129,47.702884674072266,54.45686721801758,55.870155334472656,50.31785684365098,43.34628600116489,50.317186355591
YULARA_COMBINED,2018-06-15 10:00:00,fixed_15th_10am_no_score_selection,10,51.314547633107,50.7526741027832,55.555091857910156,56.377681732177734,52.907299623694385,44.44354442118069,50.963452409044
YULARA_COMBINED,2018-06-15 10:00:00,fixed_15th_10am_no_score_selection,15,53.624740600586,52.247520446777344,56.1836051940918,60.70204544067383,53.10209560362536,45.466596479632486,52.958986282349
YULARA_COMBINED,2018-06-15 10:00:00,fixed_15th_10am_no_score_selection,20,54.138193804671,53.0676155090332,57.72583770751953,59.96430969238281,52.353451392234845,46.43331221921026,53.583800980529
YULARA_COMBINED,2018-06-15 10:00:00,fixed_15th_10am_no_score_selection,25,56.268193244934,54.50679016113281,57.52128219604492,55.29453659057617,52.75198899459508,47.39642651169646,55.586606025696
YULARA_COMBINED,2018-06-15 10:00:00,fixed_15th_10am_no_score_selection,30,56.821483386696,56.16770553588867,54.14222717285156,58.435237884521484,54.953107032384075,48.41011594396813,56.202096500957
YULARA_COMBINED,2018-06-15 10:00:00,fixed_15th_10am_no_score_selection,35,58.665795326233,57.36568069458008,61.223201751708984,59.45592498779297,58.02479146570032,49.440726724002694,58.027832984924
YULARA_COMBINED,2018-06-15 10:00:00,fixed_15th_10am_no_score_selection,40,59.130732788472,61.62179183959961,60.86185836791992,66.36451721191406,59.07144153755338,50.3932581436187,58.631278307183
YULARA_COMBINED,2018-06-15 10:00:00,fixed_15th_10am_no_score_selection,45,60.979228973389,62.41394805908203,62.76778793334961,67.2112808227539,59.86333624397239,51.299507298506384,60.279649734497
YULARA_COMBINED,2018-06-15 10:00:00,fixed_15th_10am_no_score_selection,50,61.450236849083,62.57903289794922,64.73592376708984,65.38314056396484,60.45934087294214,52.168371498053894,60.628209097231
YULARA_COMBINED,2018-06-15 10:00:00,fixed_15th_10am_no_score_selection,55,63.101449966431,62.87400817871094,68.40968322753906,67.07084655761719,61.0168632278042,53.00255493856191,62.035309791565
YULARA_COMBINED,2018-06-15 10:00:00,fixed_15th_10am_no_score_selection,60,63.638861808254,64.24687957763672,67.50450134277344,66.54183959960938,62.13396671602458,53.84224122312308,62.536805578244
YULARA_COMBINED,2018-06-15 10:00:00,fixed_15th_10am_no_score_selection,65,64.965114593506,63.65751266479492,67.9186782836914,69.3646011352539,63.10164752988773,54.66882570057588,63.196926116943
YULARA_COMBINED,2018-06-15 10:00:00,fixed_15th_10am_no_score_selection,70,65.288122089228,64.9804458618164,66.75357818603516,70.92561340332031,64.72646694886855,55.48436876288072,64.323613367689
YULARA_COMBINED,2018-06-15 10:00:00,fixed_15th_10am_no_score_selection,75,66.581216812134,66.8206787109375,68.48039245605469,72.68452453613281,65.86922480797439,56.24030040407689,65.515402793884
YULARA_COMBINED,2018-06-15 10:00:00,fixed_15th_10am_no_score_selection,80,66.794148367795,69.17111206054688,70.19921875,72.82759857177734,65.45477039967454,56.92098464781313,66.120643936513
YULARA_COMBINED,2018-06-15 10:00:00,fixed_15th_10am_no_score_selection,85,67.960567474365,68.61861419677734,72.53459167480469,67.07341766357422,65.04208309974696,57.56626787622989,67.312973976135
YULARA_COMBINED,2018-06-15 10:00:00,fixed_15th_10am_no_score_selection,90,68.38170057778,70.62687683105469,73.38923645019531,73.50355529785156,66.53607016032144,58.23577863611468,67.78912415212
YULARA_COMBINED,2018-06-15 10:00:00,fixed_15th_10am_no_score_selection,95,69.533864974976,70.66715240478516,72.82174682617188,75.4744644165039,68.28589330710764,58.886452577968534,68.638032913208
YULARA_COMBINED,2018-06-15 10:00:00,fixed_15th_10am_no_score_selection,100,69.634943955642,71.86573791503906,73.90312194824219,71.1736068725586,68.72012048782824,59.47434546449272,68.636483000568
YULARA_COMBINED,2018-06-15 10:00:00,fixed_15th_10am_no_score_selection,105,70.802739143372,71.41728210449219,73.97415924072266,73.091064453125,69.35489626963177,60.03042272105902,70.383665084839
YULARA_COMBINED,2018-06-15 10:00:00,fixed_15th_10am_no_score_selection,110,70.914757857653,71.57929229736328,76.8961410522461,75.24122619628906,70.588825213783,60.56365009804928,70.489045317481
YULARA_COMBINED,2018-06-15 10:00:00,fixed_15th_10am_no_score_selection,115,71.60991859436,72.2613296508789,75.94535064697266,76.99085998535156,71.89646105415342,61.06050655810738,70.962010383606
YULARA_COMBINED,2018-06-15 10:00:00,fixed_15th_10am_no_score_selection,120,71.612589165719,72.41869354248047,77.78480529785156,78.57820892333984,72.16663237252847,61.495470149315345,71.273641658394
YULARA_COMBINED,2018-06-15 10:00:00,fixed_15th_10am_no_score_selection,125,72.348447799683,72.20852661132812,76.48841094970703,82.5407943725586,71.49183475804804,61.8669722661571,71.905967712402
YULARA_COMBINED,2018-06-15 10:00:00,fixed_15th_10am_no_score_selection,130,72.327491650671,73.76396942138672,76.32160186767578,80.2916259765625,71.24826953961714,62.21326842262235,71.943250666156
YULARA_COMBINED,2018-06-15 10:00:00,fixed_15th_10am_no_score_selection,135,72.829595565796,73.09150695800781,76.57245635986328,80.98867797851562,71.9452401851358,62.55370652570332,72.328635215759
YULARA_COMBINED,2018-06-15 10:00:00,fixed_15th_10am_no_score_selection,140,72.994283319981,76.5084457397461,78.07608795166016,75.7261734008789,72.71227143764234,62.859992891820774,72.510071268609
YULARA_COMBINED,2018-06-15 10:00:00,fixed_15th_10am_no_score_selection,145,73.478034973145,74.59449768066406,75.26513671875,79.34022521972656,72.60880670886252,63.10143903803541,69.144014358521
YULARA_COMBINED,2018-06-15 10:00:00,fixed_15th_10am_no_score_selection,150,73.801446274545,72.32054901123047,75.84488677978516,77.8926773071289,72.72610471623443,63.30875505097722,72.673001411934
YULARA_COMBINED,2018-06-15 10:00:00,fixed_15th_10am_no_score_selection,155,73.501486778259,75.21056365966797,77.1165771484375,79.10216522216797,73.14338442373526,63.48235974307181,73.435335159302
YULARA_COMBINED,2018-06-15 10:00:00,fixed_15th_10am_no_score_selection,160,73.363270261455,73.14924621582031,78.24201965332031,81.4948501586914,73.16252391282977,63.613086617719595,73.263122554156
YULARA_COMBINED,2018-06-15 10:00:00,fixed_15th_10am_no_score_selection,165,73.839005470276,75.84147644042969,75.7275619506836,79.87724304199219,73.40064991460073,63.70824088170819,73.75990486145
YULARA_COMBINED,2018-06-15 10:00:00,fixed_15th_10am_no_score_selection,170,73.590548926848,73.8517074584961,77.37561798095703,78.34129333496094,74.03711803263687,63.77583205073255,73.757400731594
YULARA_COMBINED,2018-06-15 10:00:00,fixed_15th_10am_no_score_selection,175,73.963804244995,73.6449203491211,77.69477844238281,74.67784118652344,74.0219995943338,63.79040091625431,73.124950408936
YULARA_COMBINED,2018-06-15 10:00:00,fixed_15th_10am_no_score_selection,180,73.739627732095,74.3124008178711,79.2580795288086,79.1886978149414,73.67454553386315,63.75879739492759,72.872712696043
YULARA_COMBINED,2018-06-15 10:00:00,fixed_15th_10am_no_score_selection,185,73.225566864014,70.00633239746094,78.52816772460938,77.20584106445312,73.38464697086869,63.69523220721357,72.866312026978
YULARA_COMBINED,2018-06-15 10:00:00,fixed_15th_10am_no_score_selection,190,72.938128122741,73.46669006347656,77.40169525146484,76.44779968261719,72.72825676047312,63.58343499225946,72.947182503529
YULARA_COMBINED,2018-06-15 10:00:00,fixed_15th_10am_no_score_selection,195,72.5622215271,73.4807357788086,77.39293670654297,78.18174743652344,72.94592037066805,63.45522594940664,72.359968185425
YULARA_COMBINED,2018-06-15 10:00:00,fixed_15th_10am_no_score_selection,200,72.537689251063,72.3380126953125,79.2597427368164,78.87318420410156,72.90035615496284,63.28519942703627,72.001358543377
YULARA_COMBINED,2018-06-15 10:00:00,fixed_15th_10am_no_score_selection,205,72.85396194458,73.10762786865234,75.04901123046875,75.62739562988281,72.2691668536459,63.062859651943945,71.597322463989
YULARA_COMBINED,2018-06-15 10:00:00,fixed_15th_10am_no_score_selection,210,72.191110972595,70.80719757080078,76.36250305175781,74.49506378173828,71.82532070699547,62.80399898969021,71.357209312557
YULARA_COMBINED,2018-06-15 10:00:00,fixed_15th_10am_no_score_selection,215,69.899880409241,69.14033508300781,77.7061538696289,71.5582046508789,71.28180743142218,62.51345440133118,71.214513778687
YULARA_COMBINED,2018-06-15 10:00:00,fixed_15th_10am_no_score_selection,220,71.480141060935,69.01750946044922,73.9027099609375,72.7960433959961,70.81886603007327,62.193873129581064,70.998352947505
YULARA_COMBINED,2018-06-15 10:00:00,fixed_15th_10am_no_score_selection,225,71.186391830444,72.38080596923828,75.86565399169922,73.74919891357422,70.27918873436828,61.84103071292586,70.017917633057
YULARA_COMBINED,2018-06-15 10:00:00,fixed_15th_10am_no_score_selection,230,70.965003104276,70.41094207763672,76.22209167480469,75.2215805053711,69.82982397338047,61.46018398675509,69.813440857532
YULARA_COMBINED,2018-06-15 10:00:00,fixed_15th_10am_no_score_selection,235,69.656675338745,70.01964569091797,76.129150390625,76.4766616821289,69.43051824713919,61.0473243142635,69.512489318848
YULARA_COMBINED,2018-06-15 10:00:00,fixed_15th_10am_no_score_selection,240,69.256862387061,71.1886978149414,72.69354248046875,71.48020935058594,68.9528179617332,60.59520350362026,69.1068273623
YULARA_COMBINED,2018-06-15 10:00:00,fixed_15th_10am_no_score_selection,245,68.852295875549,71.11833190917969,75.36306762695312,73.49156188964844,68.2630713825511,60.10767200780305,67.846830368042
YULARA_COMBINED,2018-06-15 10:00:00,fixed_15th_10am_no_score_selection,250,68.590782492898,68.60963439941406,71.89495849609375,75.82546997070312,67.60005483304349,59.58963066685814,67.751235770499
YULARA_COMBINED,2018-06-15 10:00:00,fixed_15th_10am_no_score_selection,255,67.586250305176,67.311279296875,74.85513305664062,74.9413070678711,66.82317761322729,59.04398145737094,67.239004135132
YULARA_COMBINED,2018-06-15 10:00:00,fixed_15th_10am_no_score_selection,260,67.07048472992,66.28002166748047,73.17240905761719,74.15481567382812,66.25300414020204,58.469903336614166,66.426553732329
YULARA_COMBINED,2018-06-15 10:00:00,fixed_15th_10am_no_score_selection,265,65.647668838501,68.16058349609375,74.14689636230469,71.69477081298828,65.77380017900398,57.86724795477564,65.117622375488
YULARA_COMBINED,2018-06-15 10:00:00,fixed_15th_10am_no_score_selection,270,65.339822098597,65.52821350097656,71.62471008300781,72.23131561279297,65.25240221879264,57.23186258024251,64.834084663824
YULARA_COMBINED,2018-06-15 10:00:00,fixed_15th_10am_no_score_selection,275,64.403322219849,65.73260498046875,72.97481536865234,68.87762451171875,64.30039260723778,56.561782516986064,63.624482154846
YULARA_COMBINED,2018-06-15 10:00:00,fixed_15th_10am_no_score_selection,280,63.908428943672,66.6711196899414,71.5781021118164,66.90957641601562,63.299303758751506,55.860085233168384,63.109119625507
YULARA_COMBINED,2018-06-15 10:00:00,fixed_15th_10am_no_score_selection,285,62.46715927124,66.44210052490234,71.48587036132812,69.09880828857422,62.32043586228585,55.13190114771612,61.55109500885
YULARA_COMBINED,2018-06-15 10:00:00,fixed_15th_10am_no_score_selection,290,62.145387838881,63.89659118652344,69.21686553955078,69.4415283203125,61.35594681039289,54.37944884839081,61.219864858237
YULARA_COMBINED,2018-06-15 10:00:00,fixed_15th_10am_no_score_selection,295,60.613393783569,62.2589111328125,68.49864959716797,64.30762481689453,60.28627778005274,53.5996746417001,58.650435447693
YULARA_COMBINED,2018-06-15 10:00:00,fixed_15th_10am_no_score_selection,300,59.95919704877,58.93760681152344,68.972900390625,65.5936050415039,59.370224888915295,52.795920690621266,58.87836185511
YULARA_COMBINED,2018-06-15 10:00:00,fixed_15th_10am_no_score_selection,305,57.947002410889,58.584510803222656,63.16699981689453,62.2474365234375,58.22534304855758,51.96807489313878,57.326413154602
YULARA_COMBINED,2018-06-15 10:00:00,fixed_15th_10am_no_score_selection,310,57.104311123325,59.095890045166016,65.28207397460938,63.73719024658203,57.1132693368756,51.11624106393112,56.860692996559
YULARA_COMBINED,2018-06-15 10:00:00,fixed_15th_10am_no_score_selection,315,55.338363647461,59.179386138916016,64.79042053222656,61.41534423828125,55.818766114973,50.240311751852154,55.51193523407
YULARA_COMBINED,2018-06-15 10:00:00,fixed_15th_10am_no_score_selection,320,54.766843659873,58.1195068359375,63.733890533447266,61.264163970947266,54.663794570186525,49.34197282824584,54.766675372316
YULARA_COMBINED,2018-06-15 10:00:00,fixed_15th_10am_no_score_selection,325,53.000738143921,59.56293487548828,62.573917388916016,60.0445671081543,53.380219604572616,48.423086072460464,52.81636428833
YULARA_COMBINED,2018-06-15 10:00:00,fixed_15th_10am_no_score_selection,330,52.36696794313,57.910888671875,59.37454605102539,55.45038986206055,52.134250606229365,47.48415337258833,51.665456864653
YULARA_COMBINED,2018-06-15 10:00:00,fixed_15th_10am_no_score_selection,335,50.328033447266,54.83797073364258,60.60735321044922,58.68887710571289,50.725213184453104,46.526131746929146,50.105732917786
YULARA_COMBINED,2018-06-15 10:00:00,fixed_15th_10am_no_score_selection,340,49.642519195581,52.56559371948242,57.275794982910156,55.85411834716797,49.44919683557926,45.55038286327956,49.27879185124
YULARA_COMBINED,2018-06-15 10:00:00,fixed_15th_10am_no_score_selection,345,47.754233360291,53.379634857177734,57.42228317260742,51.63410949707031,48.01753190975238,44.55749523523282,47.109426498413
YULARA_COMBINED,2018-06-15 10:00:00,fixed_15th_10am_no_score_selection,350,46.975646000269,51.081905364990234,52.9860725402832,53.146812438964844,46.645499003984106,43.5498567569994,46.412306842438
YULARA_COMBINED,2018-06-15 10:00:00,fixed_15th_10am_no_score_selection,355,44.559342384338,48.35966873168945,53.7935791015625,52.22132110595703,44.890076305626344,42.52741070126771,44.0645570755
YULARA_COMBINED,2018-06-15 10:00:00,fixed_15th_10am_no_score_selection,360,43.692130175963,48.13103485107422,50.21049118041992,50.02630615234375,43.21513598932066,41.49253718286273,43.333985594319
YULARA_COMBINED,2018-06-15 10:00:00,fixed_15th_10am_no_score_selection,365,41.261624336243,46.15619659423828,49.697261810302734,45.905277252197266,41.49544452790452,40.446345749071554,41.205233573914
YULARA_COMBINED,2018-06-15 10:00:00,fixed_15th_10am_no_score_selection,370,40.483940936888,42.216922760009766,48.116580963134766,43.95058822631836,39.91302960191928,39.390699649733925,40.143967240904
YULARA_COMBINED,2018-06-15 10:00:00,fixed_15th_10am_no_score_selection,375,37.862743854523,41.41314697265625,43.83242416381836,42.54601287841797,38.116317928307105,38.32595226646394,37.599779129028
YULARA_COMBINED,2018-06-15 10:00:00,fixed_15th_10am_no_score_selection,380,37.038708581594,38.567073822021484,44.96452331542969,41.97418975830078,36.38686387278234,37.25527882716455,36.75917150753
YULARA_COMBINED,2018-06-15 10:00:00,fixed_15th_10am_no_score_selection,385,34.51357460022,36.747169494628906,39.52973937988281,35.847930908203125,34.545819632276654,36.17986948184116,34.130748271942
YULARA_COMBINED,2018-06-15 10:00:00,fixed_15th_10am_no_score_selection,390,33.482092102829,36.354103088378906,39.312469482421875,38.426597595214844,32.85124002533016,35.102033633842225,32.994044919844
YULARA_COMBINED,2018-06-15 10:00:00,fixed_15th_10am_no_score_selection,395,30.800024986267,33.23095703125,38.71095657348633,34.25496292114258,31.064425423171265,34.02297930347065,30.386643409729
YULARA_COMBINED,2018-06-15 10:00:00,fixed_15th_10am_no_score_selection,400,29.757644820272,30.4656925201416,37.70125198364258,29.542558670043945,29.32560639104969,32.94371809084533,29.40395976838
YULARA_COMBINED,2018-06-15 10:00:00,fixed_15th_10am_no_score_selection,405,25.000225067139,28.54184913635254,33.77317810058594,34.04199981689453,27.321229657116657,31.86397212616086,24.749145507812
YULARA_COMBINED,2018-06-15 10:00:00,fixed_15th_10am_no_score_selection,410,23.101425491605,26.21957778930664,30.462282180786133,25.37434959411621,25.394240999948817,30.78700428690001,22.818951449533
YULARA_COMBINED,2018-06-15 10:00:00,fixed_15th_10am_no_score_selection,415,19.297321557999,24.323169708251953,29.1560001373291,28.391868591308594,23.449189520578248,29.71501764547822,19.07794046402
YULARA_COMBINED,2018-06-15 10:00:00,fixed_15th_10am_no_score_selection,420,18.184256485891,23.022693634033203,28.50693130493164,20.894567489624023,21.712106989444962,28.650313665983354,17.986894965926
YULARA_COMBINED,2018-06-15 10:00:00,fixed_15th_10am_no_score_selection,425,14.966842651367,21.00950050354004,22.36831283569336,19.624574661254883,19.90051604959033,27.594480224199415,15.149997234344
YULARA_COMBINED,2018-06-15 10:00:00,fixed_15th_10am_no_score_selection,430,14.648022001842,17.62512969970703,22.597915649414062,21.455272674560547,18.283291313038777,26.54910876517414,14.649756880008
YULARA_COMBINED,2018-06-15 10:00:00,fixed_15th_10am_no_score_selection,435,12.512916564941,17.31456756591797,23.557540893554688,16.247304916381836,16.52911579755473,25.513884023850864,12.412762641907
YULARA_COMBINED,2018-06-15 10:00:00,fixed_15th_10am_no_score_selection,440,11.798705301392,14.875191688537598,19.825233459472656,16.651784896850586,14.987298105137828,24.491508449650542,11.690897270192
YULARA_COMBINED,2018-06-15 10:00:00,fixed_15th_10am_no_score_selection,445,9.1279861927032,14.848548889160156,15.593442916870117,14.61525821685791,13.400815835258163,23.48262465897563,9.0433511734009
YULARA_COMBINED,2018-06-15 10:00:00,fixed_15th_10am_no_score_selection,450,8.362362770488,14.082440376281738,16.196666717529297,11.485539436340332,11.930332011569881,22.487593140389492,8.2202801709873
YULARA_COMBINED,2018-06-15 10:00:00,fixed_15th_10am_no_score_selection,455,6.2201995849609,11.670988082885742,13.734750747680664,7.313755035400391,10.353502103541038,21.50788176688702,6.1246010661125
YULARA_COMBINED,2018-06-15 10:00:00,fixed_15th_10am_no_score_selection,460,5.5747808038025,10.967371940612793,11.07448673248291,11.248571395874023,9.029232713995578,20.545370161062728,5.4992078334877
YULARA_COMBINED,2018-06-15 10:00:00,fixed_15th_10am_no_score_selection,465,3.4578701555729,9.567111015319824,11.798811912536621,8.481489181518555,7.597409245888686,19.60000403903894,3.3886606395245
YULARA_COMBINED,2018-06-15 10:00:00,fixed_15th_10am_no_score_selection,470,2.7317663271546,8.05126667022705,9.369704246520996,8.040753364562988,6.403350659030386,18.67337616163857,2.6681591911049
YULARA_COMBINED,2018-06-15 10:00:00,fixed_15th_10am_no_score_selection,475,1.1843090504408,7.004743576049805,7.832461357116699,2.973729133605957,5.150720996321417,17.766058331010537,1.1314723193645
YULARA_COMBINED,2018-06-15 10:00:00,fixed_15th_10am_no_score_selection,480,0.91932224018527,4.24069881439209,9.32603645324707,6.777374267578125,4.198911813499004,16.879791587922043,0.84784294957664
YULARA_COMBINED,2018-06-15 10:00:00,fixed_15th_10am_no_score_selection,485,0.22269413620234,3.1893374919891357,7.898604393005371,1.1033374071121216,3.1201018411071115,16.01421811950502,0.099638503044844
YULARA_COMBINED,2018-06-15 10:00:00,fixed_15th_10am_no_score_selection,490,0.039114116692229,3.132974147796631,6.816463947296143,-2.1270995140075684,2.3027749891510494,15.170663894189952,0.03026230572257
YULARA_COMBINED,2018-06-15 10:00:00,fixed_15th_10am_no_score_selection,495,-0.043073210050352,2.439004421234131,3.539832592010498,3.2496657371520996,1.4855546514940705,14.349181073305521,-0.042608095449395
YULARA_COMBINED,2018-06-15 10:00:00,fixed_15th_10am_no_score_selection,500,-0.04290242775392,2.49491286277771,4.328009128570557,3.0058414936065674,0.8614899696283698,13.550269587787517,-0.042423431212719
YULARA_COMBINED,2018-06-15 10:00:00,fixed_15th_10am_no_score_selection,505,-0.048837310634553,0.7326491475105286,2.69559907913208,-2.32600736618042,0.10564039794335285,12.773853872937357,-0.049371639732271
YULARA_COMBINED,2018-06-15 10:00:00,fixed_15th_10am_no_score_selection,510,-0.049302320819512,1.0811645984649658,3.490614891052246,-1.5144610404968262,-0.5323621579326512,12.020915551328129,-0.049019970641732
YULARA_COMBINED,2018-06-15 10:00:00,fixed_15th_10am_no_score_selection,515,-0.049852363299578,0.7336686253547668,0.06741641461849213,-4.921767234802246,-1.1521212247901111,11.291393417399998,-0.049254626967013
YULARA_COMBINED,2018-06-15 10:00:00,fixed_15th_10am_no_score_selection,520,-0.04985500843654,-1.028322696685791,-0.0075461543165147305,-7.681817054748535,-1.4884353562699757,10.58622154107695,-0.049371649684774
YULARA_COMBINED,2018-06-15 10:00:00,fixed_15th_10am_no_score_selection,525,-0.049468781333417,-0.04804769903421402,-1.0729360580444336,-3.6516788005828857,-1.8759503678973346,9.905495765304105,-0.049858678597957
YULARA_COMBINED,2018-06-15 10:00:00,fixed_15th_10am_no_score_selection,530,-0.049691721055644,-1.313942551612854,-0.3493250608444214,-2.2215256690979004,-2.059951603854472,9.249441578803058,-0.049501133104317
YULARA_COMBINED,2018-06-15 10:00:00,fixed_15th_10am_no_score_selection,535,-0.049411882180721,-0.614584743976593,-2.6223134994506836,-5.023457050323486,-2.2905089235645995,8.617416174534245,-0.049687202554196
YULARA_COMBINED,2018-06-15 10:00:00,fixed_15th_10am_no_score_selection,540,-0.049805287541349,-1.197265386581421,0.7177177667617798,-4.27408504486084,-2.3964496822638757,8.010217534911723,-0.04953289663118
YULARA_COMBINED,2018-06-15 10:00:00,fixed_15th_10am_no_score_selection,545,-0.049964594421908,-1.7780696153640747,-1.3888269662857056,-4.8013529777526855,-2.5365244961452555,7.427923482954619,-0.049452163744718
YULARA_COMBINED,2018-06-15 10:00:00,fixed_15th_10am_no_score_selection,550,-0.049925676899801,-2.4281885623931885,-1.4418002367019653,-4.280781269073486,-2.56239086502716,6.869877980237474,-0.049688244365971
YULARA_COMBINED,2018-06-15 10:00:00,fixed_15th_10am_no_score_selection,555,-0.050503359176219,-2.175881862640381,-3.5496504306793213,-5.6309123039245605,-2.614208267014659,6.336507133031917,-0.049761039437726
YULARA_COMBINED,2018-06-15 10:00:00,fixed_15th_10am_no_score_selection,560,-0.049964687786276,-0.7267072200775146,-3.9613161087036133,-6.0639848709106445,-2.5910733078671067,5.827973327864078,-0.04986622274111
YULARA_COMBINED,2018-06-15 10:00:00,fixed_15th_10am_no_score_selection,565,-0.049928488675505,-1.5752310752868652,-4.922293663024902,-2.2570366859436035,-2.5695753997746227,5.344080416925454,-0.049925290048122
YULARA_COMBINED,2018-06-15 10:00:00,fixed_15th_10am_no_score_selection,570,-0.049889596820158,-2.1834166049957275,-1.654228925704956,-3.432645797729492,-2.39403493461193,4.884927391217709,-0.049719693378562
YULARA_COMBINED,2018-06-15 10:00:00,fixed_15th_10am_no_score_selection,575,-0.050132986623794,-0.27245962619781494,-1.8925604820251465,-2.9491355419158936,-2.2469599802862508,4.449527286919112,-0.049799599451944
YULARA_COMBINED,2018-06-15 10:00:00,fixed_15th_10am_no_score_selection,580,-0.049971800148414,-1.6344672441482544,-1.4167559146881104,-2.200620651245117,-2.1011429530475905,4.037590039227241,-0.049820548832694
YULARA_COMBINED,2018-06-15 10:00:00,fixed_15th_10am_no_score_selection,585,-0.050049194600433,-0.5189730525016785,-1.137591004371643,-4.204770565032959,-2.01242544824218,3.6490708261044524,-0.050539779243991
YULARA_COMBINED,2018-06-15 10:00:00,fixed_15th_10am_no_score_selection,590,-0.049904670421115,-0.8518492579460144,-3.1005465984344482,-0.29027751088142395,-1.7910429406858879,3.2837471589880103,-0.049985654565462
YULARA_COMBINED,2018-06-15 10:00:00,fixed_15th_10am_no_score_selection,595,-0.049999795854092,-0.7306599020957947,-2.439502239227295,-2.3496434688568115,-1.5620830672118224,2.941453605193121,-0.05012911115773
YULARA_COMBINED,2018-06-15 10:00:00,fixed_15th_10am_no_score_selection,600,-0.04960642720099,-2.3602023124694824,-1.5508476495742798,-4.922311305999756,-1.3169919966938188,2.6214263421220925,-0.050109113851006
YULARA_COMBINED,2018-06-15 10:00:00,fixed_15th_10am_no_score_selection,605,-0.049182128626853,-0.031657956540584564,-2.3843345642089844,-1.4878259897232056,-1.0984177824293724,2.3235749173797764,-0.050025267060846
YULARA_COMBINED,2018-06-15 10:00:00,fixed_15th_10am_no_score_selection,610,-0.049662825844956,-0.3577814996242523,-3.9894986152648926,-5.155671119689941,-0.8696449532962525,2.0467789956459654,-0.050036222845355
YULARA_COMBINED,2018-06-15 10:00:00,fixed_15th_10am_no_score_selection,615,-0.049709580373019,0.07218845933675766,-4.2190985679626465,-1.692313551902771,-0.6794050824213483,1.7908878979987743,-0.049868693575263
YULARA_COMBINED,2018-06-15 10:00:00,fixed_15th_10am_no_score_selection,620,-0.049642631711427,0.42476463317871094,-3.741562843322754,-1.5245392322540283,-0.5020236887680991,1.5551771609915144,-0.049695977094157
YULARA_COMBINED,2018-06-15 10:00:00,fixed_15th_10am_no_score_selection,625,-0.050106530776247,1.7557686567306519,-0.49333587288856506,-1.995581865310669,-0.30811635217853556,1.3392659147856516,-0.0500354077667
YULARA_COMBINED,2018-06-15 10:00:00,fixed_15th_10am_no_score_selection,630,-0.049994398861259,-0.5974011421203613,-2.248565673828125,-0.4688892662525177,-0.13397932379407412,1.1424765120350793,-0.050055323814948
YULARA_COMBINED,2018-06-15 10:00:00,fixed_15th_10am_no_score_selection,635,-0.049830279545859,-0.12605227530002594,-2.13785457611084,3.6487743854522705,0.021013164779132204,0.9639124687270424,-0.049871942726895
YULARA_COMBINED,2018-06-15 10:00:00,fixed_15th_10am_no_score_selection,640,-0.04979456360914,1.2768361568450928,-3.0135107040405273,-3.7060229778289795,0.1422810204008174,0.803315459753881,-0.049966418339427
YULARA_COMBINED,2018-06-15 10:00:00,fixed_15th_10am_no_score_selection,645,-0.050233531277627,1.4667528867721558,-2.847750663757324,-0.048466216772794724,0.30498315174796375,0.6605188686308784,-0.050023230491206
YULARA_COMBINED,2018-06-15 10:00:00,fixed_15th_10am_no_score_selection,650,-0.050002610140509,1.3427703380584717,0.8871787786483765,0.2802828550338745,0.41956598274710616,0.5343431475223268,-0.050017934257582
YULARA_COMBINED,2018-06-15 10:00:00,fixed_15th_10am_no_score_selection,655,-0.049707248574123,2.0543205738067627,-3.0131995677948,0.21906262636184692,0.5335490533769606,0.4242017383083703,-0.050475157098845
YULARA_COMBINED,2018-06-15 10:00:00,fixed_15th_10am_no_score_selection,660,-0.050048922143802,2.467860698699951,-3.183204412460327,-0.9767711162567139,0.6086928509323989,0.3292765358388682,-0.04995263922267
YULARA_COMBINED,2018-06-15 10:00:00,fixed_15th_10am_no_score_selection,665,-0.049496581312269,1.3339941501617432,-3.9445509910583496,3.577212333679199,0.6919572992221678,0.24931308862677465,-0.050370677607134
YULARA_COMBINED,2018-06-15 10:00:00,fixed_15th_10am_no_score_selection,670,-0.0497439702487,2.0310816764831543,-4.274184703826904,2.7638823986053467,0.7054812208306934,0.1831566405423929,-0.050015080357437
YULARA_COMBINED,2018-06-15 10:00:00,fixed_15th_10am_no_score_selection,675,-0.049812046810985,3.332120656967163,-2.593254566192627,1.5018110275268555,0.7716819210979025,0.130962288465561,-0.05052698450163
YULARA_COMBINED,2018-06-15 10:00:00,fixed_15th_10am_no_score_selection,680,-0.049782258933003,2.8234379291534424,-6.717475414276123,3.600950002670288,0.7523555263621847,0.09111717405455666,-0.050140086242249
YULARA_COMBINED,2018-06-15 10:00:00,fixed_15th_10am_no_score_selection,685,-0.04951423406601,2.2208261489868164,-4.407357215881348,2.577702522277832,0.7578946265260135,0.06390352312142362,-0.050793448928744
YULARA_COMBINED,2018-06-15 10:00:00,fixed_15th_10am_no_score_selection,690,-0.049639127530185,2.53432559967041,-6.84205436706543,4.914590358734131,0.6737017986374844,0.047588447607442505,-0.050613463338667
YULARA_COMBINED,2018-06-15 10:00:00,fixed_15th_10am_no_score_selection,695,-0.049362714868039,4.191551685333252,-5.026943206787109,2.2319045066833496,0.6972459594623628,0.041864740150687224,-0.050637365086004
YULARA_COMBINED,2018-06-15 10:00:00,fixed_15th_10am_no_score_selection,700,-0.050082656263679,3.7646241188049316,-3.335527181625366,3.1480844020843506,0.6786216511752428,0.045522449827296856,-0.050286049936808
YULARA_COMBINED,2018-06-15 10:00:00,fixed_15th_10am_no_score_selection,705,-0.050414000172168,3.065001964569092,-2.526850700378418,3.5170936584472656,0.6361502755643947,0.05846134698302286,-0.050525214988738
YULARA_COMBINED,2018-06-15 10:00:00,fixed_15th_10am_no_score_selection,710,-0.049959113218715,2.269652843475342,-5.848945617675781,4.062904357910156,0.5191020303532737,0.07950289915621729,-0.050114235720611
YULARA_COMBINED,2018-06-15 10:00:00,fixed_15th_10am_no_score_selection,715,-0.049995274050161,3.2060580253601074,-7.336452484130859,6.5927839279174805,0.47218301233963955,0.10871352861156222,-0.049599608872086
YULARA_COMBINED,2018-06-15 10:00:00,fixed_15th_10am_no_score_selection,720,-0.049998111287237,3.1713738441467285,-3.187680959701538,3.0966832637786865,0.3276722926182215,0.1440154178680115,-0.049938870249984
NIST_GROUND,2018-04-15 10:00:00-05:00,fixed_15th_10am_no_score_selection,5,20.822,33.5113410949707,42.65261459350586,41.214935302734375,39.85676925048587,39.85676925048587,186.52
NIST_GROUND,2018-04-15 10:00:00-05:00,fixed_15th_10am_no_score_selection,10,29.812,42.909000396728516,52.441856384277344,45.770835876464844,50.386824544093,50.386824544093,187.82
NIST_GROUND,2018-04-15 10:00:00-05:00,fixed_15th_10am_no_score_selection,15,41.746,40.85295486450195,55.87885665893555,50.370967864990234,52.51047534307797,52.51047534307797,190.07999999999998
NIST_GROUND,2018-04-15 10:00:00-05:00,fixed_15th_10am_no_score_selection,20,32.934,46.55312728881836,63.794708251953125,55.42904281616211,62.576489657217195,62.576489657217195,192.24
NIST_GROUND,2018-04-15 10:00:00-05:00,fixed_15th_10am_no_score_selection,25,36.760000000000005,50.18238067626953,62.047428131103516,57.02643966674805,65.76060064680115,65.76060064680115,194.22
NIST_GROUND,2018-04-15 10:00:00-05:00,fixed_15th_10am_no_score_selection,30,40.754000000000005,54.322994232177734,60.41809844970703,58.475154876708984,69.2190095693761,69.2190095693761,195.95999999999998
NIST_GROUND,2018-04-15 10:00:00-05:00,fixed_15th_10am_no_score_selection,35,42.33,51.813743591308594,63.01197814941406,62.95896911621094,72.53912218605647,72.53912218605647,197.7
NIST_GROUND,2018-04-15 10:00:00-05:00,fixed_15th_10am_no_score_selection,40,47.97,54.069210052490234,64.80888366699219,59.7828369140625,80.7824490252282,80.7824490252282,198.9
NIST_GROUND,2018-04-15 10:00:00-05:00,fixed_15th_10am_no_score_selection,45,37.456,49.184356689453125,66.36490631103516,62.824676513671875,80.95646922648884,80.95646922648884,199.84
NIST_GROUND,2018-04-15 10:00:00-05:00,fixed_15th_10am_no_score_selection,50,43.944,52.3062629699707,68.66120147705078,72.02364349365234,88.13272341943784,88.13272341943784,201.04000000000002
NIST_GROUND,2018-04-15 10:00:00-05:00,fixed_15th_10am_no_score_selection,55,53.826,56.10883331298828,71.14848327636719,63.78659439086914,81.1098487107858,81.1098487107858,202.92
NIST_GROUND,2018-04-15 10:00:00-05:00,fixed_15th_10am_no_score_selection,60,43.736000000000004,60.59061813354492,63.85297775268555,63.41594696044922,89.93677730812396,89.93677730812396,204.61999999999998
NIST_GROUND,2018-04-15 10:00:00-05:00,fixed_15th_10am_no_score_selection,65,62.54,55.77730178833008,58.76539993286133,68.74530029296875,87.5609847081042,87.5609847081042,205.9
NIST_GROUND,2018-04-15 10:00:00-05:00,fixed_15th_10am_no_score_selection,70,51.338,62.88982391357422,64.19955444335938,73.73400115966797,103.94401432104036,103.94401432104036,207.21999999999997
NIST_GROUND,2018-04-15 10:00:00-05:00,fixed_15th_10am_no_score_selection,75,46.43,52.1856803894043,67.64751434326172,75.15081024169922,98.52697858816268,98.52697858816268,208.38000000000002
NIST_GROUND,2018-04-15 10:00:00-05:00,fixed_15th_10am_no_score_selection,80,40.092,54.479244232177734,64.1362075805664,74.62803649902344,98.39229333962783,98.39229333962783,209.48000000000002
NIST_GROUND,2018-04-15 10:00:00-05:00,fixed_15th_10am_no_score_selection,85,49.098,50.637447357177734,59.76691818237305,70.59840393066406,98.07147286978126,98.07147286978126,208.92
NIST_GROUND,2018-04-15 10:00:00-05:00,fixed_15th_10am_no_score_selection,90,50.660000000000004,59.29758834838867,55.8226203918457,69.5969467163086,99.45813940173213,99.45813940173213,209.68
NIST_GROUND,2018-04-15 10:00:00-05:00,fixed_15th_10am_no_score_selection,95,57.95799999999999,55.33222961425781,60.42842483520508,73.80961608886719,97.96543940488615,97.96543940488615,211.48000000000002
NIST_GROUND,2018-04-15 10:00:00-05:00,fixed_15th_10am_no_score_selection,100,47.432,60.29204559326172,64.72015380859375,75.17764282226562,102.93677884745624,102.93677884745624,212.82
NIST_GROUND,2018-04-15 10:00:00-05:00,fixed_15th_10am_no_score_selection,105,45.96,54.27146911621094,67.20462036132812,77.04757690429688,100.5187120427885,100.5187120427885,213.45999999999998
NIST_GROUND,2018-04-15 10:00:00-05:00,fixed_15th_10am_no_score_selection,110,41.886,57.403316497802734,66.22109985351562,76.07855224609375,106.90403027976946,106.90403027976946,213.3
NIST_GROUND,2018-04-15 10:00:00-05:00,fixed_15th_10am_no_score_selection,115,56.513999999999996,55.26083755493164,64.66917419433594,74.82025146484375,97.73358446454738,97.73358446454738,213.0
NIST_GROUND,2018-04-15 10:00:00-05:00,fixed_15th_10am_no_score_selection,120,43.414,56.03763961791992,61.014041900634766,73.18383026123047,108.72484285603785,108.72484285603785,214.24
NIST_GROUND,2018-04-15 10:00:00-05:00,fixed_15th_10am_no_score_selection,125,43.738,60.47301483154297,53.9311408996582,72.73809814453125,102.68624950573003,102.68624950573003,214.7
NIST_GROUND,2018-04-15 10:00:00-05:00,fixed_15th_10am_no_score_selection,130,43.43,56.78197479248047,58.3668098449707,74.91586303710938,113.93039530900438,113.93039530900438,214.28000000000003
NIST_GROUND,2018-04-15 10:00:00-05:00,fixed_15th_10am_no_score_selection,135,49.14,57.94335174560547,54.19468307495117,72.78675842285156,114.0199292933435,114.0199292933435,215.34
NIST_GROUND,2018-04-15 10:00:00-05:00,fixed_15th_10am_no_score_selection,140,40.296,55.94190216064453,55.42073059082031,73.50758361816406,114.44391595809196,114.44391595809196,215.45999999999998
NIST_GROUND,2018-04-15 10:00:00-05:00,fixed_15th_10am_no_score_selection,145,40.114,62.53556823730469,61.03609085083008,69.4438247680664,108.12450958940364,108.12450958940364,216.28000000000003
NIST_GROUND,2018-04-15 10:00:00-05:00,fixed_15th_10am_no_score_selection,150,37.016,66.57831573486328,60.5335693359375,71.34727478027344,113.7849063929663,113.7849063929663,219.06
NIST_GROUND,2018-04-15 10:00:00-05:00,fixed_15th_10am_no_score_selection,155,37.025999999999996,61.16366195678711,55.3728141784668,73.03652954101562,119.40424713528569,119.40424713528569,210.92
NIST_GROUND,2018-04-15 10:00:00-05:00,fixed_15th_10am_no_score_selection,160,21.016,61.127037048339844,49.42262649536133,72.1654281616211,118.98602647053619,118.98602647053619,162.68
NIST_GROUND,2018-04-15 10:00:00-05:00,fixed_15th_10am_no_score_selection,165,23.716,59.143856048583984,46.929325103759766,77.0273208618164,118.99036714933584,118.99036714933584,133.32
NIST_GROUND,2018-04-15 10:00:00-05:00,fixed_15th_10am_no_score_selection,170,27.0,58.004276275634766,56.82767105102539,74.84661102294922,122.93270383661358,122.93270383661358,192.45999999999998
NIST_GROUND,2018-04-15 10:00:00-05:00,fixed_15th_10am_no_score_selection,175,19.96,64.3279800415039,50.910579681396484,75.20718383789062,125.67470678338837,125.67470678338837,192.48
NIST_GROUND,2018-04-15 10:00:00-05:00,fixed_15th_10am_no_score_selection,180,22.088,60.46907424926758,55.012489318847656,77.44319152832031,138.81814852020403,138.81814852020403,174.52
NIST_GROUND,2018-04-15 10:00:00-05:00,fixed_15th_10am_no_score_selection,185,31.688,60.91843795776367,54.8099365234375,74.00975036621094,128.55000685008184,128.55000685008184,158.45999999999998
NIST_GROUND,2018-04-15 10:00:00-05:00,fixed_15th_10am_no_score_selection,190,31.482,58.40974807739258,43.3297233581543,71.48047637939453,127.92920379607503,127.92920379607503,163.54000000000002
NIST_GROUND,2018-04-15 10:00:00-05:00,fixed_15th_10am_no_score_selection,195,32.348,62.55432891845703,45.554298400878906,69.18746185302734,124.3411014880164,124.3411014880164,201.57999999999998
NIST_GROUND,2018-04-15 10:00:00-05:00,fixed_15th_10am_no_score_selection,200,29.708000000000006,55.36845016479492,43.49005126953125,69.68451690673828,133.08945925011662,133.08945925011662,206.7
NIST_GROUND,2018-04-15 10:00:00-05:00,fixed_15th_10am_no_score_selection,205,38.938,57.372432708740234,47.657405853271484,67.06318664550781,125.75835372787452,125.75835372787452,199.4
NIST_GROUND,2018-04-15 10:00:00-05:00,fixed_15th_10am_no_score_selection,210,40.854,63.26875305175781,44.957122802734375,66.11792755126953,125.0343768319411,125.0343768319411,207.2
NIST_GROUND,2018-04-15 10:00:00-05:00,fixed_15th_10am_no_score_selection,215,37.336,63.97129821777344,43.77467346191406,64.69031524658203,129.51475147042328,129.51475147042328,206.66
NIST_GROUND,2018-04-15 10:00:00-05:00,fixed_15th_10am_no_score_selection,220,25.542,56.21878433227539,42.24576187133789,61.209903717041016,128.2295482737811,128.2295482737811,206.06
NIST_GROUND,2018-04-15 10:00:00-05:00,fixed_15th_10am_no_score_selection,225,15.032,51.09184265136719,40.26258850097656,59.229984283447266,126.85731226043684,126.85731226043684,205.61999999999998
NIST_GROUND,2018-04-15 10:00:00-05:00,fixed_15th_10am_no_score_selection,230,18.497999999999998,55.72631072998047,48.04437255859375,61.68134689331055,130.48708396374258,130.48708396374258,202.26
NIST_GROUND,2018-04-15 10:00:00-05:00,fixed_15th_10am_no_score_selection,235,47.18,53.27280807495117,40.40380096435547,59.04702377319336,128.8581917055382,128.8581917055382,197.35999999999999
NIST_GROUND,2018-04-15 10:00:00-05:00,fixed_15th_10am_no_score_selection,240,55.958000000000006,50.74848556518555,39.58945846557617,61.71516418457031,130.98172616417875,130.98172616417875,160.352
NIST_GROUND,2018-04-15 10:00:00-05:00,fixed_15th_10am_no_score_selection,245,35.2,51.43729782104492,30.818391799926758,57.78690719604492,122.80470200734796,122.80470200734796,174.98
NIST_GROUND,2018-04-15 10:00:00-05:00,fixed_15th_10am_no_score_selection,250,30.154000000000003,50.527252197265625,33.07203674316406,56.797340393066406,125.03671680480993,125.03671680480993,195.45999999999998
NIST_GROUND,2018-04-15 10:00:00-05:00,fixed_15th_10am_no_score_selection,255,42.808,51.084930419921875,38.10746765136719,55.53338623046875,121.25624605938003,121.25624605938003,179.6
NIST_GROUND,2018-04-15 10:00:00-05:00,fixed_15th_10am_no_score_selection,260,38.172000000000004,54.754878997802734,37.12230682373047,58.53179931640625,121.24020715523741,121.24020715523741,198.84
NIST_GROUND,2018-04-15 10:00:00-05:00,fixed_15th_10am_no_score_selection,265,40.608,53.57810592651367,29.496685028076172,59.53191375732422,123.77235875213911,123.77235875213911,202.14000000000001
NIST_GROUND,2018-04-15 10:00:00-05:00,fixed_15th_10am_no_score_selection,270,30.556,46.20414352416992,31.012983322143555,58.11052703857422,119.09331181594082,119.09331181594082,196.52
NIST_GROUND,2018-04-15 10:00:00-05:00,fixed_15th_10am_no_score_selection,275,33.592,49.486087799072266,29.28053092956543,53.314964294433594,111.98084295973523,111.98084295973523,189.98000000000002
NIST_GROUND,2018-04-15 10:00:00-05:00,fixed_15th_10am_no_score_selection,280,29.804000000000002,44.33675003051758,33.309043884277344,55.78670883178711,111.97462414807588,111.97462414807588,182.44
NIST_GROUND,2018-04-15 10:00:00-05:00,fixed_15th_10am_no_score_selection,285,40.434000000000005,46.57596969604492,33.29969024658203,54.38275146484375,114.12351262965959,114.12351262965959,175.14000000000001
NIST_GROUND,2018-04-15 10:00:00-05:00,fixed_15th_10am_no_score_selection,290,44.572,41.473915100097656,33.53517532348633,49.80216598510742,116.18245447172924,116.18245447172924,170.9
NIST_GROUND,2018-04-15 10:00:00-05:00,fixed_15th_10am_no_score_selection,295,36.114,47.121273040771484,29.799741744995117,51.36009979248047,118.31023313431425,118.31023313431425,173.8
NIST_GROUND,2018-04-15 10:00:00-05:00,fixed_15th_10am_no_score_selection,300,29.49,45.59402847290039,30.991092681884766,51.259525299072266,110.84908478212982,110.84908478212982,168.98
NIST_GROUND,2018-04-15 10:00:00-05:00,fixed_15th_10am_no_score_selection,305,20.3,43.862098693847656,28.255823135375977,54.71165084838867,104.9146660408689,104.9146660408689,164.06
NIST_GROUND,2018-04-15 10:00:00-05:00,fixed_15th_10am_no_score_selection,310,17.268,40.603050231933594,19.35204315185547,52.2367057800293,105.19856727595497,105.19856727595497,159.11999999999998
NIST_GROUND,2018-04-15 10:00:00-05:00,fixed_15th_10am_no_score_selection,315,19.274,40.79156494140625,23.534719467163086,50.10193634033203,106.87964024341727,106.87964024341727,154.26
NIST_GROUND,2018-04-15 10:00:00-05:00,fixed_15th_10am_no_score_selection,320,13.484,34.534698486328125,24.765188217163086,49.779293060302734,100.3474469885296,100.3474469885296,151.74
NIST_GROUND,2018-04-15 10:00:00-05:00,fixed_15th_10am_no_score_selection,325,12.244,34.49146270751953,19.825105667114258,47.518531799316406,96.77722364552598,96.77722364552598,125.638
NIST_GROUND,2018-04-15 10:00:00-05:00,fixed_15th_10am_no_score_selection,330,11.796000000000001,32.27954864501953,23.48693084716797,46.47592544555664,98.08317979621745,98.08317979621745,136.16
NIST_GROUND,2018-04-15 10:00:00-05:00,fixed_15th_10am_no_score_selection,335,13.01,38.289859771728516,21.297990798950195,42.54660415649414,94.77613208565285,94.77613208565285,138.9
NIST_GROUND,2018-04-15 10:00:00-05:00,fixed_15th_10am_no_score_selection,340,12.51,31.529150009155273,21.996219635009766,39.05663299560547,92.45997244648498,92.45997244648498,139.0
NIST_GROUND,2018-04-15 10:00:00-05:00,fixed_15th_10am_no_score_selection,345,12.686,34.746307373046875,19.996246337890625,39.71610641479492,94.27228462979589,94.27228462979589,129.57999999999998
NIST_GROUND,2018-04-15 10:00:00-05:00,fixed_15th_10am_no_score_selection,350,12.024,35.63011169433594,15.219124794006348,37.45032501220703,93.02638196765895,93.02638196765895,126.58
NIST_GROUND,2018-04-15 10:00:00-05:00,fixed_15th_10am_no_score_selection,355,14.907999999999998,31.82329559326172,18.19658851623535,37.274845123291016,89.34702298507484,89.34702298507484,126.16
NIST_GROUND,2018-04-15 10:00:00-05:00,fixed_15th_10am_no_score_selection,360,13.209999999999999,31.72980308532715,19.96727180480957,40.2008056640625,94.64457931272342,94.64457931272342,122.2
NIST_GROUND,2018-04-15 10:00:00-05:00,fixed_15th_10am_no_score_selection,365,13.453999999999999,25.945327758789062,20.42877197265625,32.57549285888672,94.82960653037169,94.82960653037169,114.67999999999999
NIST_GROUND,2018-04-15 10:00:00-05:00,fixed_15th_10am_no_score_selection,370,12.778,23.353666305541992,17.667278289794922,38.81588363647461,83.51702026701274,83.51702026701274,108.6
NIST_GROUND,2018-04-15 10:00:00-05:00,fixed_15th_10am_no_score_selection,375,11.28,29.341472625732422,17.185827255249023,33.737945556640625,81.14704575183742,81.14704575183742,103.32000000000001
NIST_GROUND,2018-04-15 10:00:00-05:00,fixed_15th_10am_no_score_selection,380,8.9184,28.019481658935547,17.08431053161621,33.74508285522461,78.6127709037361,78.6127709037361,96.74
NIST_GROUND,2018-04-15 10:00:00-05:00,fixed_15th_10am_no_score_selection,385,10.22,20.774667739868164,15.50880241394043,30.483333587646484,71.26383356650561,71.26383356650561,93.16
NIST_GROUND,2018-04-15 10:00:00-05:00,fixed_15th_10am_no_score_selection,390,11.788,23.887001037597656,16.935115814208984,27.759126663208008,67.15450091980199,67.15450091980199,89.53999999999999
NIST_GROUND,2018-04-15 10:00:00-05:00,fixed_15th_10am_no_score_selection,395,10.594,21.192384719848633,15.47511100769043,30.869068145751953,72.15766944181269,72.15766944181269,82.014
NIST_GROUND,2018-04-15 10:00:00-05:00,fixed_15th_10am_no_score_selection,400,10.644,18.358612060546875,13.33300495147705,23.242145538330078,62.87091736595376,62.87091736595376,70.50800000000001
NIST_GROUND,2018-04-15 10:00:00-05:00,fixed_15th_10am_no_score_selection,405,9.870000000000001,18.123004913330078,10.780447006225586,23.4913272857666,58.28073674458184,58.28073674458184,72.836
NIST_GROUND,2018-04-15 10:00:00-05:00,fixed_15th_10am_no_score_selection,410,10.236,17.050701141357422,16.04102325439453,23.375829696655273,59.64638770798298,59.64638770798298,70.376
NIST_GROUND,2018-04-15 10:00:00-05:00,fixed_15th_10am_no_score_selection,415,11.0,10.840547561645508,11.325942993164062,22.57330894470215,58.0495591735976,58.0495591735976,63.370000000000005
NIST_GROUND,2018-04-15 10:00:00-05:00,fixed_15th_10am_no_score_selection,420,8.3716,14.587610244750977,11.390081405639648,22.827882766723633,51.84069223170957,51.84069223170957,59.414
NIST_GROUND,2018-04-15 10:00:00-05:00,fixed_15th_10am_no_score_selection,425,9.34,13.984292984008789,19.052635192871094,24.009164810180664,51.04009673708295,51.04009673708295,52.19199999999999
NIST_GROUND,2018-04-15 10:00:00-05:00,fixed_15th_10am_no_score_selection,430,11.218,15.649551391601562,10.331729888916016,21.325111389160156,46.87535844498438,46.87535844498438,46.384
NIST_GROUND,2018-04-15 10:00:00-05:00,fixed_15th_10am_no_score_selection,435,10.790000000000001,13.112197875976562,11.206245422363281,19.514938354492188,42.27457345260208,42.27457345260208,41.666000000000004
NIST_GROUND,2018-04-15 10:00:00-05:00,fixed_15th_10am_no_score_selection,440,9.2382,13.684876441955566,10.091177940368652,18.156681060791016,48.76025877833576,48.76025877833576,37.926
NIST_GROUND,2018-04-15 10:00:00-05:00,fixed_15th_10am_no_score_selection,445,6.3058,15.074790954589844,9.193929672241211,16.866737365722656,41.92918584822927,41.92918584822927,33.722
NIST_GROUND,2018-04-15 10:00:00-05:00,fixed_15th_10am_no_score_selection,450,6.0678,14.767056465148926,8.762141227722168,14.778316497802734,43.13266449752837,43.13266449752837,26.486
NIST_GROUND,2018-04-15 10:00:00-05:00,fixed_15th_10am_no_score_selection,455,3.6189999999999998,12.665543556213379,8.73045825958252,9.856453895568848,45.47700105149496,45.47700105149496,20.71
NIST_GROUND,2018-04-15 10:00:00-05:00,fixed_15th_10am_no_score_selection,460,3.4560000000000004,14.32345199584961,4.870867729187012,7.623804569244385,41.03881125955034,41.03881125955034,17.822
NIST_GROUND,2018-04-15 10:00:00-05:00,fixed_15th_10am_no_score_selection,465,1.3828,17.112857818603516,5.375696182250977,8.436118125915527,38.54478575120728,38.54478575120728,18.31
NIST_GROUND,2018-04-15 10:00:00-05:00,fixed_15th_10am_no_score_selection,470,0.8276,11.141502380371094,0.2925158143043518,8.14750862121582,37.13211369076924,37.13211369076924,16.330000000000002
NIST_GROUND,2018-04-15 10:00:00-05:00,fixed_15th_10am_no_score_selection,475,0.884,13.405327796936035,1.4968311786651611,3.953625440597534,31.877428049359395,31.877428049359395,13.878
NIST_GROUND,2018-04-15 10:00:00-05:00,fixed_15th_10am_no_score_selection,480,0.3492,10.044950485229492,-0.4082079529762268,2.8684489727020264,28.81694524089065,28.81694524089065,11.434000000000001
NIST_GROUND,2018-04-15 10:00:00-05:00,fixed_15th_10am_no_score_selection,485,-0.03319999999999999,7.109426021575928,0.11898091435432434,4.695522785186768,27.321492324356228,27.321492324356228,8.879999999999999
NIST_GROUND,2018-04-15 10:00:00-05:00,fixed_15th_10am_no_score_selection,490,-0.0948,4.451268672943115,-0.9966686367988586,0.13381269574165344,25.47417668593768,25.47417668593768,6.9574
NIST_GROUND,2018-04-15 10:00:00-05:00,fixed_15th_10am_no_score_selection,495,-0.014400000000000001,7.008137226104736,0.8871041536331177,1.4793487787246704,27.839657422144167,27.839657422144167,4.450200000000001
NIST_GROUND,2018-04-15 10:00:00-05:00,fixed_15th_10am_no_score_selection,500,-0.10640000000000001,1.8153551816940308,-0.4300728738307953,4.92517614364624,28.58947674950446,28.58947674950446,2.504
NIST_GROUND,2018-04-15 10:00:00-05:00,fixed_15th_10am_no_score_selection,505,-0.137,2.7975664138793945,-0.411007821559906,-3.7228493690490723,24.929956087349545,24.929956087349545,1.7216
NIST_GROUND,2018-04-15 10:00:00-05:00,fixed_15th_10am_no_score_selection,510,-0.4042,3.5166826248168945,-3.0396039485931396,-2.6520497798919678,21.931704332312446,21.931704332312446,1.1161999999999999
NIST_GROUND,2018-04-15 10:00:00-05:00,fixed_15th_10am_no_score_selection,515,-0.4274,1.1665464639663696,-0.8604820370674133,-2.1022629737854004,12.979099731973958,12.979099731973958,0.5444
NIST_GROUND,2018-04-15 10:00:00-05:00,fixed_15th_10am_no_score_selection,520,-0.446,0.5630649924278259,-1.2974648475646973,-0.1661919206380844,15.123978288743684,15.123978288743684,-0.0062000000000000015
NIST_GROUND,2018-04-15 10:00:00-05:00,fixed_15th_10am_no_score_selection,525,-0.227,-0.29603713750839233,-3.789374351501465,-6.193281173706055,14.337122212635869,14.337122212635869,-0.2536
NIST_GROUND,2018-04-15 10:00:00-05:00,fixed_15th_10am_no_score_selection,530,0.0,-6.06214714050293,-5.493560314178467,-2.2780072689056396,13.680641785247428,13.680641785247428,-0.2752
NIST_GROUND,2018-04-15 10:00:00-05:00,fixed_15th_10am_no_score_selection,535,0.0,-3.73073410987854,-3.989640712738037,-5.483129501342773,15.50446618888368,15.50446618888368,-0.12240000000000002
NIST_GROUND,2018-04-15 10:00:00-05:00,fixed_15th_10am_no_score_selection,540,0.0,4.650340557098389,-4.976664066314697,-6.151315212249756,12.552822069805728,12.552822069805728,0.0
NIST_GROUND,2018-04-15 10:00:00-05:00,fixed_15th_10am_no_score_selection,545,0.0,-1.5703177452087402,-7.80916690826416,-3.243715286254883,5.8955312166421825,5.8955312166421825,0.0
NIST_GROUND,2018-04-15 10:00:00-05:00,fixed_15th_10am_no_score_selection,550,0.0,-0.4531893730163574,1.4406431913375854,-8.483663558959961,5.732321110624653,5.732321110624653,0.0
NIST_GROUND,2018-04-15 10:00:00-05:00,fixed_15th_10am_no_score_selection,555,0.0,1.2419817447662354,-5.89077615737915,-1.8546855449676514,5.48279433017297,5.48279433017297,
NIST_GROUND,2018-04-15 10:00:00-05:00,fixed_15th_10am_no_score_selection,560,0.0,-4.998843669891357,-1.82652747631073,-5.2825846672058105,3.9006163971867562,3.9006163971867562,0.0
NIST_GROUND,2018-04-15 10:00:00-05:00,fixed_15th_10am_no_score_selection,565,0.0,-4.554100513458252,-2.140454053878784,-7.353546619415283,5.6777338956915635,5.6777338956915635,0.0
NIST_GROUND,2018-04-15 10:00:00-05:00,fixed_15th_10am_no_score_selection,570,0.0,-2.8428475856781006,-4.293716907501221,-13.294644355773926,6.631100220522207,6.631100220522207,0.0
NIST_GROUND,2018-04-15 10:00:00-05:00,fixed_15th_10am_no_score_selection,575,0.0,-2.524164915084839,1.3220473527908325,-10.259623527526855,3.7015731396612406,3.7015731396612406,0.0
NIST_GROUND,2018-04-15 10:00:00-05:00,fixed_15th_10am_no_score_selection,580,0.0,-10.671491622924805,-3.5557727813720703,-6.358633518218994,3.0957939316665626,3.0957939316665626,0.0
NIST_GROUND,2018-04-15 10:00:00-05:00,fixed_15th_10am_no_score_selection,585,0.0,-10.392910957336426,0.6969589591026306,-7.840165138244629,2.585132102390142,2.585132102390142,0.0
NIST_GROUND,2018-04-15 10:00:00-05:00,fixed_15th_10am_no_score_selection,590,0.0,-8.50615406036377,4.263626575469971,-7.134614944458008,3.3518936397238437,3.3518936397238437,0.0
NIST_GROUND,2018-04-15 10:00:00-05:00,fixed_15th_10am_no_score_selection,595,0.0,-9.846819877624512,1.839801549911499,-9.273554801940918,-0.7832892738028702,-0.7832892738028702,0.0
NIST_GROUND,2018-04-15 10:00:00-05:00,fixed_15th_10am_no_score_selection,600,0.0,-9.098878860473633,2.7744758129119873,-8.997547149658203,0.9634725343623376,0.9634725343623376,0.0
NIST_GROUND,2018-04-15 10:00:00-05:00,fixed_15th_10am_no_score_selection,605,0.0,-9.331165313720703,2.801785707473755,-9.177351951599121,2.999479011352691,2.999479011352691,0.0
NIST_GROUND,2018-04-15 10:00:00-05:00,fixed_15th_10am_no_score_selection,610,0.0,-14.08438491821289,-0.4560849666595459,-10.249360084533691,4.661995811525398,4.661995811525398,0.0
NIST_GROUND,2018-04-15 10:00:00-05:00,fixed_15th_10am_no_score_selection,615,0.0,-10.539421081542969,-1.9922113418579102,-5.171446323394775,1.2261114808036535,1.2261114808036535,0.0
NIST_GROUND,2018-04-15 10:00:00-05:00,fixed_15th_10am_no_score_selection,620,0.0,-6.4205451011657715,1.6690667867660522,-4.440314769744873,1.103310668643372,1.103310668643372,0.0
NIST_GROUND,2018-04-15 10:00:00-05:00,fixed_15th_10am_no_score_selection,625,0.0,-9.168082237243652,-0.7733913660049438,-4.083953857421875,-2.980236321492393,-2.980236321492393,0.0
NIST_GROUND,2018-04-15 10:00:00-05:00,fixed_15th_10am_no_score_selection,630,0.0,-11.857028007507324,-1.1382200717926025,-8.08617877960205,-2.4491090163696594,-2.4491090163696594,0.0
NIST_GROUND,2018-04-15 10:00:00-05:00,fixed_15th_10am_no_score_selection,635,0.0,-7.323836326599121,1.1357392072677612,-8.859204292297363,-4.146480059107573,-4.146480059107573,0.0
NIST_GROUND,2018-04-15 10:00:00-05:00,fixed_15th_10am_no_score_selection,640,0.0,-11.324393272399902,5.608178615570068,-5.510240077972412,-8.056440189365407,-8.056440189365407,0.0
NIST_GROUND,2018-04-15 10:00:00-05:00,fixed_15th_10am_no_score_selection,645,0.0,-9.913362503051758,7.570329189300537,-6.568789958953857,-7.344556328345185,-7.344556328345185,0.0
NIST_GROUND,2018-04-15 10:00:00-05:00,fixed_15th_10am_no_score_selection,650,0.0,-10.34164047241211,6.30689001083374,-3.043158531188965,-4.713232401288996,-4.713232401288996,0.0
NIST_GROUND,2018-04-15 10:00:00-05:00,fixed_15th_10am_no_score_selection,655,0.0,-8.70061206817627,5.156742095947266,-5.2488694190979,-5.126960201017253,-5.126960201017253,0.0
NIST_GROUND,2018-04-15 10:00:00-05:00,fixed_15th_10am_no_score_selection,660,0.0,-8.809741020202637,9.043573379516602,-3.761932373046875,-1.4609984557217728,-1.4609984557217728,0.0
NIST_GROUND,2018-04-15 10:00:00-05:00,fixed_15th_10am_no_score_selection,665,0.0,-13.827630996704102,11.257864952087402,-4.246870994567871,-5.2235596260700285,-5.2235596260700285,0.0
NIST_GROUND,2018-04-15 10:00:00-05:00,fixed_15th_10am_no_score_selection,670,0.0,-13.19169807434082,5.902376174926758,-1.4155131578445435,1.0691950872781193,1.0691950872781193,0.0
NIST_GROUND,2018-04-15 10:00:00-05:00,fixed_15th_10am_no_score_selection,675,0.0,-10.871072769165039,12.949044227600098,-0.8004946708679199,1.1299004042628813,1.1299004042628813,0.0
NIST_GROUND,2018-04-15 10:00:00-05:00,fixed_15th_10am_no_score_selection,680,0.0,-11.622208595275879,13.18600845336914,4.940300464630127,2.6447403948510826,2.6447403948510826,0.0
NIST_GROUND,2018-04-15 10:00:00-05:00,fixed_15th_10am_no_score_selection,685,0.0,-14.19655704498291,8.780513763427734,2.432128429412842,1.810731547811357,1.810731547811357,0.0
NIST_GROUND,2018-04-15 10:00:00-05:00,fixed_15th_10am_no_score_selection,690,0.0,-10.227917671203613,13.011594772338867,3.0264809131622314,-1.0850182547827467,-1.0850182547827467,0.0
NIST_GROUND,2018-04-15 10:00:00-05:00,fixed_15th_10am_no_score_selection,695,0.0,-8.018952369689941,10.606189727783203,2.2972567081451416,-0.8857184607997354,-0.8857184607997354,0.0
NIST_GROUND,2018-04-15 10:00:00-05:00,fixed_15th_10am_no_score_selection,700,0.0,-8.434048652648926,8.473001480102539,1.285027265548706,-7.137597817344667,-7.137597817344667,0.0
NIST_GROUND,2018-04-15 10:00:00-05:00,fixed_15th_10am_no_score_selection,705,0.0,-4.82834529876709,10.26908016204834,2.1158082485198975,-3.11280677563884,-3.11280677563884,0.0
NIST_GROUND,2018-04-15 10:00:00-05:00,fixed_15th_10am_no_score_selection,710,0.0,-5.730151653289795,7.3062849044799805,4.671294689178467,-6.026930263933372,-6.026930263933372,0.0
NIST_GROUND,2018-04-15 10:00:00-05:00,fixed_15th_10am_no_score_selection,715,0.0,-4.595524311065674,8.654879570007324,5.719610691070557,-1.4632616514645327,-1.4632616514645327,0.0
NIST_GROUND,2018-04-15 10:00:00-05:00,fixed_15th_10am_no_score_selection,720,0.0,-6.4587931632995605,10.361702919006348,9.166927337646484,1.2082811454276368,1.2082811454276368,0.0
NIST_GROUND,2018-05-15 10:00:00-05:00,fixed_15th_10am_no_score_selection,5,182.83999999999997,183.9650421142578,179.12525939941406,173.57249450683594,182.10980779722541,182.10980779722541,90.92
NIST_GROUND,2018-05-15 10:00:00-05:00,fixed_15th_10am_no_score_selection,10,182.44,182.3748779296875,180.51986694335938,173.65887451171875,184.9613701157889,184.9613701157889,90.88
NIST_GROUND,2018-05-15 10:00:00-05:00,fixed_15th_10am_no_score_selection,15,187.57999999999998,180.7686309814453,184.42559814453125,176.96478271484375,186.07166914637577,186.07166914637577,91.64
NIST_GROUND,2018-05-15 10:00:00-05:00,fixed_15th_10am_no_score_selection,20,189.6,180.71035766601562,183.52964782714844,177.50868225097656,187.54057229704551,187.54057229704551,124.2
NIST_GROUND,2018-05-15 10:00:00-05:00,fixed_15th_10am_no_score_selection,25,191.44,183.69004821777344,181.73397827148438,179.2315216064453,189.8086980695495,189.8086980695495,142.6
NIST_GROUND,2018-05-15 10:00:00-05:00,fixed_15th_10am_no_score_selection,30,191.88000000000002,184.63418579101562,185.54429626464844,181.05435180664062,191.3849191953093,191.3849191953093,145.54000000000002
NIST_GROUND,2018-05-15 10:00:00-05:00,fixed_15th_10am_no_score_selection,35,194.32,183.8749542236328,185.26109313964844,182.8669891357422,193.71410884054677,193.71410884054677,149.38
NIST_GROUND,2018-05-15 10:00:00-05:00,fixed_15th_10am_no_score_selection,40,194.12,183.8855438232422,184.49365234375,178.4781036376953,195.45429525952943,195.45429525952943,203.04000000000002
NIST_GROUND,2018-05-15 10:00:00-05:00,fixed_15th_10am_no_score_selection,45,194.88,184.16143798828125,183.3239288330078,180.81777954101562,196.0859507677231,196.0859507677231,156.28
NIST_GROUND,2018-05-15 10:00:00-05:00,fixed_15th_10am_no_score_selection,50,190.94,184.31137084960938,184.19932556152344,182.19810485839844,198.80469268276502,198.80469268276502,115.34
NIST_GROUND,2018-05-15 10:00:00-05:00,fixed_15th_10am_no_score_selection,55,195.56,186.05783081054688,185.324951171875,178.21389770507812,201.8751000034862,201.8751000034862,153.88
NIST_GROUND,2018-05-15 10:00:00-05:00,fixed_15th_10am_no_score_selection,60,196.68,186.5643768310547,183.7513427734375,177.29794311523438,202.0460367752675,202.0460367752675,214.16
NIST_GROUND,2018-05-15 10:00:00-05:00,fixed_15th_10am_no_score_selection,65,199.57999999999998,186.71278381347656,183.8863067626953,181.74130249023438,201.48119387565356,201.48119387565356,209.44
NIST_GROUND,2018-05-15 10:00:00-05:00,fixed_15th_10am_no_score_selection,70,196.1,184.0774383544922,183.3513641357422,182.23907470703125,202.70644858632045,202.70644858632045,188.76
NIST_GROUND,2018-05-15 10:00:00-05:00,fixed_15th_10am_no_score_selection,75,197.84,178.74197387695312,187.97459411621094,180.8458251953125,204.83198704172577,204.83198704172577,192.44
NIST_GROUND,2018-05-15 10:00:00-05:00,fixed_15th_10am_no_score_selection,80,205.4,183.65802001953125,190.471435546875,179.15859985351562,205.76258345417762,205.76258345417762,173.88
NIST_GROUND,2018-05-15 10:00:00-05:00,fixed_15th_10am_no_score_selection,85,177.04000000000002,187.7550048828125,186.15528869628906,179.47068786621094,207.25564351742617,207.25564351742617,190.42000000000002
NIST_GROUND,2018-05-15 10:00:00-05:00,fixed_15th_10am_no_score_selection,90,128.9,186.75827026367188,182.36264038085938,177.64187622070312,207.71073699194514,207.71073699194514,175.28
NIST_GROUND,2018-05-15 10:00:00-05:00,fixed_15th_10am_no_score_selection,95,92.6,185.44915771484375,181.9591522216797,175.47532653808594,207.32403663921545,207.32403663921545,203.22
NIST_GROUND,2018-05-15 10:00:00-05:00,fixed_15th_10am_no_score_selection,100,128.14000000000001,183.26296997070312,183.5161590576172,174.21607971191406,207.7533746649295,207.7533746649295,200.98000000000002
NIST_GROUND,2018-05-15 10:00:00-05:00,fixed_15th_10am_no_score_selection,105,135.64000000000001,178.06683349609375,184.9468536376953,177.96803283691406,208.0010760048319,208.0010760048319,204.68
NIST_GROUND,2018-05-15 10:00:00-05:00,fixed_15th_10am_no_score_selection,110,142.72,182.90005493164062,183.0331573486328,179.75413513183594,208.7352054350412,208.7352054350412,203.62
NIST_GROUND,2018-05-15 10:00:00-05:00,fixed_15th_10am_no_score_selection,115,141.64000000000001,182.41867065429688,182.27737426757812,175.6035919189453,208.86233966504102,208.86233966504102,202.8
NIST_GROUND,2018-05-15 10:00:00-05:00,fixed_15th_10am_no_score_selection,120,148.16,178.9931182861328,181.84510803222656,173.3822784423828,209.62202396677014,209.62202396677014,204.98000000000002
NIST_GROUND,2018-05-15 10:00:00-05:00,fixed_15th_10am_no_score_selection,125,129.68,178.88438415527344,177.6949920654297,168.24264526367188,209.55925205943873,209.55925205943873,209.9
NIST_GROUND,2018-05-15 10:00:00-05:00,fixed_15th_10am_no_score_selection,130,213.5,175.84225463867188,180.5867156982422,170.82516479492188,208.67148779250965,208.67148779250965,204.76
NIST_GROUND,2018-05-15 10:00:00-05:00,fixed_15th_10am_no_score_selection,135,225.92,172.87338256835938,180.43368530273438,172.52943420410156,208.20550851414015,208.20550851414015,201.95999999999998
NIST_GROUND,2018-05-15 10:00:00-05:00,fixed_15th_10am_no_score_selection,140,217.38000000000002,174.0960693359375,179.717529296875,169.29295349121094,207.76778203507791,207.76778203507791,196.44
NIST_GROUND,2018-05-15 10:00:00-05:00,fixed_15th_10am_no_score_selection,145,210.92,180.58627319335938,181.7522735595703,168.6760711669922,207.5131780104023,207.5131780104023,201.26
NIST_GROUND,2018-05-15 10:00:00-05:00,fixed_15th_10am_no_score_selection,150,206.84,179.68060302734375,180.31954956054688,166.53089904785156,206.5445242806022,206.5445242806022,195.16
NIST_GROUND,2018-05-15 10:00:00-05:00,fixed_15th_10am_no_score_selection,155,205.2,175.34739685058594,173.20594787597656,165.57382202148438,206.049462756868,206.049462756868,201.28
NIST_GROUND,2018-05-15 10:00:00-05:00,fixed_15th_10am_no_score_selection,160,201.07999999999998,170.3327178955078,168.60765075683594,168.38099670410156,205.05142388814775,205.05142388814775,203.18
NIST_GROUND,2018-05-15 10:00:00-05:00,fixed_15th_10am_no_score_selection,165,200.2,167.4816131591797,163.05982971191406,165.7999267578125,203.34675235233001,203.34675235233001,198.76
NIST_GROUND,2018-05-15 10:00:00-05:00,fixed_15th_10am_no_score_selection,170,199.84,168.97666931152344,164.16282653808594,163.23617553710938,201.92676387391276,201.92676387391276,198.98000000000002
NIST_GROUND,2018-05-15 10:00:00-05:00,fixed_15th_10am_no_score_selection,175,201.48,168.36865234375,159.29310607910156,164.2898712158203,200.57188118676484,200.57188118676484,197.02
NIST_GROUND,2018-05-15 10:00:00-05:00,fixed_15th_10am_no_score_selection,180,202.24,168.34706115722656,160.19996643066406,161.8080596923828,199.14547171523756,199.14547171523756,192.26
NIST_GROUND,2018-05-15 10:00:00-05:00,fixed_15th_10am_no_score_selection,185,198.8,163.2276611328125,156.84828186035156,161.82655334472656,197.62875453371126,197.62875453371126,192.16
NIST_GROUND,2018-05-15 10:00:00-05:00,fixed_15th_10am_no_score_selection,190,197.34,163.7088623046875,152.87635803222656,162.3683624267578,196.34997274425373,196.34997274425373,195.78
NIST_GROUND,2018-05-15 10:00:00-05:00,fixed_15th_10am_no_score_selection,195,198.08,164.75942993164062,157.63917541503906,163.06301879882812,195.1879190524464,195.1879190524464,195.84
NIST_GROUND,2018-05-15 10:00:00-05:00,fixed_15th_10am_no_score_selection,200,196.57999999999998,161.267333984375,153.65298461914062,158.7324676513672,193.67146554142977,193.67146554142977,189.76
NIST_GROUND,2018-05-15 10:00:00-05:00,fixed_15th_10am_no_score_selection,205,196.35999999999999,163.94345092773438,152.69517517089844,156.11888122558594,191.6532090408507,191.6532090408507,191.45999999999998
NIST_GROUND,2018-05-15 10:00:00-05:00,fixed_15th_10am_no_score_selection,210,195.95999999999998,162.00625610351562,148.8498992919922,151.98687744140625,188.3284459849819,188.3284459849819,186.76
NIST_GROUND,2018-05-15 10:00:00-05:00,fixed_15th_10am_no_score_selection,215,194.32,156.58596801757812,149.9928741455078,150.85113525390625,185.77093017915453,185.77093017915453,185.42000000000002
NIST_GROUND,2018-05-15 10:00:00-05:00,fixed_15th_10am_no_score_selection,220,191.34,149.43841552734375,143.43479919433594,152.00331115722656,183.943124478757,183.943124478757,182.56
NIST_GROUND,2018-05-15 10:00:00-05:00,fixed_15th_10am_no_score_selection,225,192.12,149.2592010498047,141.3805389404297,149.92105102539062,181.77454614920526,181.77454614920526,183.9
NIST_GROUND,2018-05-15 10:00:00-05:00,fixed_15th_10am_no_score_selection,230,188.88,149.91339111328125,143.83680725097656,150.9900665283203,178.71447802610783,178.71447802610783,181.9
NIST_GROUND,2018-05-15 10:00:00-05:00,fixed_15th_10am_no_score_selection,235,185.28,146.63304138183594,143.5323944091797,145.4034881591797,175.93423433267222,175.93423433267222,180.34
NIST_GROUND,2018-05-15 10:00:00-05:00,fixed_15th_10am_no_score_selection,240,183.52,143.48715209960938,137.5292510986328,142.26568603515625,173.78778784935596,173.78778784935596,178.34
NIST_GROUND,2018-05-15 10:00:00-05:00,fixed_15th_10am_no_score_selection,245,182.42000000000002,144.70364379882812,133.6869659423828,140.3369903564453,171.23804962221362,171.23804962221362,176.95999999999998
NIST_GROUND,2018-05-15 10:00:00-05:00,fixed_15th_10am_no_score_selection,250,179.66,142.12741088867188,131.19540405273438,136.2921142578125,169.15280479222926,169.15280479222926,175.68
NIST_GROUND,2018-05-15 10:00:00-05:00,fixed_15th_10am_no_score_selection,255,177.94,140.56739807128906,135.05807495117188,132.21499633789062,166.04440684128184,166.04440684128184,173.78000000000003
NIST_GROUND,2018-05-15 10:00:00-05:00,fixed_15th_10am_no_score_selection,260,169.82,137.37913513183594,132.66465759277344,129.1998748779297,162.05277404034197,162.05277404034197,169.9
NIST_GROUND,2018-05-15 10:00:00-05:00,fixed_15th_10am_no_score_selection,265,173.94,134.80747985839844,125.45185852050781,129.1188201904297,158.36095082947438,158.36095082947438,167.72
NIST_GROUND,2018-05-15 10:00:00-05:00,fixed_15th_10am_no_score_selection,270,170.04,130.99020385742188,119.09327697753906,129.17642211914062,155.17910268773545,155.17910268773545,166.88
NIST_GROUND,2018-05-15 10:00:00-05:00,fixed_15th_10am_no_score_selection,275,168.3,129.0967559814453,120.1502685546875,122.63823699951172,152.2225826643258,152.2225826643258,164.0
NIST_GROUND,2018-05-15 10:00:00-05:00,fixed_15th_10am_no_score_selection,280,167.74,129.17828369140625,118.84551239013672,118.89857482910156,148.9097411339408,148.9097411339408,162.2
NIST_GROUND,2018-05-15 10:00:00-05:00,fixed_15th_10am_no_score_selection,285,163.18,127.36141967773438,116.42676544189453,118.99880981445312,145.15190385093783,145.15190385093783,159.26
NIST_GROUND,2018-05-15 10:00:00-05:00,fixed_15th_10am_no_score_selection,290,162.78,121.21092224121094,114.23092651367188,119.28548431396484,142.39063289802982,142.39063289802982,156.9
NIST_GROUND,2018-05-15 10:00:00-05:00,fixed_15th_10am_no_score_selection,295,160.57999999999998,120.95215606689453,110.12384033203125,117.41699981689453,139.1107436174189,139.1107436174189,155.38
NIST_GROUND,2018-05-15 10:00:00-05:00,fixed_15th_10am_no_score_selection,300,159.45999999999998,117.02142333984375,106.37386322021484,117.45545196533203,134.3267523036256,134.3267523036256,150.78
NIST_GROUND,2018-05-15 10:00:00-05:00,fixed_15th_10am_no_score_selection,305,156.54000000000002,114.9646224975586,100.07943725585938,114.30010986328125,130.505993278024,130.505993278024,144.5
NIST_GROUND,2018-05-15 10:00:00-05:00,fixed_15th_10am_no_score_selection,310,151.76,108.41703796386719,98.66570281982422,109.89698028564453,127.73716699736302,127.73716699736302,142.38
NIST_GROUND,2018-05-15 10:00:00-05:00,fixed_15th_10am_no_score_selection,315,145.62,105.51142883300781,95.23058319091797,106.17003631591797,124.16172190640478,124.16172190640478,143.85999999999999
NIST_GROUND,2018-05-15 10:00:00-05:00,fixed_15th_10am_no_score_selection,320,140.28000000000003,103.16521453857422,95.64210510253906,103.95173645019531,119.9758656762717,119.9758656762717,137.44
NIST_GROUND,2018-05-15 10:00:00-05:00,fixed_15th_10am_no_score_selection,325,137.24,101.64972686767578,92.5594253540039,100.84236145019531,116.41125255667022,116.41125255667022,134.8
NIST_GROUND,2018-05-15 10:00:00-05:00,fixed_15th_10am_no_score_selection,330,136.42000000000002,98.22615814208984,86.95233917236328,94.25274658203125,112.6292094621695,112.6292094621695,99.35799999999999
NIST_GROUND,2018-05-15 10:00:00-05:00,fixed_15th_10am_no_score_selection,335,133.78,95.74713897705078,85.38107299804688,91.88993835449219,109.0932004230876,109.0932004230876,98.13199999999999
NIST_GROUND,2018-05-15 10:00:00-05:00,fixed_15th_10am_no_score_selection,340,132.52,88.71822357177734,82.1197738647461,86.2260513305664,105.39696823369285,105.39696823369285,125.67999999999999
NIST_GROUND,2018-05-15 10:00:00-05:00,fixed_15th_10am_no_score_selection,345,130.57999999999998,85.83332824707031,80.38243103027344,85.06172943115234,101.6638442193969,101.6638442193969,123.28
NIST_GROUND,2018-05-15 10:00:00-05:00,fixed_15th_10am_no_score_selection,350,126.05999999999999,86.41310119628906,76.80683898925781,84.84371185302734,97.45706892276495,97.45706892276495,118.6
NIST_GROUND,2018-05-15 10:00:00-05:00,fixed_15th_10am_no_score_selection,355,123.35999999999999,78.57881164550781,74.65129089355469,80.13850402832031,92.8727187526991,92.8727187526991,98.3
NIST_GROUND,2018-05-15 10:00:00-05:00,fixed_15th_10am_no_score_selection,360,116.22,77.38150024414062,74.0563735961914,79.67039489746094,89.23819360591857,89.23819360591857,93.4
NIST_GROUND,2018-05-15 10:00:00-05:00,fixed_15th_10am_no_score_selection,365,116.02000000000001,71.22322082519531,71.90388488769531,77.26744842529297,85.78434153149992,85.78434153149992,105.5
NIST_GROUND,2018-05-15 10:00:00-05:00,fixed_15th_10am_no_score_selection,370,108.0,65.9649658203125,66.04190826416016,75.45057678222656,81.59763755645601,81.59763755645601,100.32000000000001
NIST_GROUND,2018-05-15 10:00:00-05:00,fixed_15th_10am_no_score_selection,375,103.32000000000001,67.08908081054688,63.796104431152344,71.24739074707031,77.26135812509878,77.26135812509878,97.97999999999999
NIST_GROUND,2018-05-15 10:00:00-05:00,fixed_15th_10am_no_score_selection,380,97.97999999999999,63.21819305419922,64.79757690429688,70.2986068725586,73.22156884306145,73.22156884306145,84.636
NIST_GROUND,2018-05-15 10:00:00-05:00,fixed_15th_10am_no_score_selection,385,92.17999999999999,60.63828659057617,63.29542541503906,67.33514404296875,69.73182947147257,69.73182947147257,59.032000000000004
NIST_GROUND,2018-05-15 10:00:00-05:00,fixed_15th_10am_no_score_selection,390,65.602,55.09886932373047,62.849124908447266,62.866859436035156,66.06806735593386,66.06806735593386,23.73
NIST_GROUND,2018-05-15 10:00:00-05:00,fixed_15th_10am_no_score_selection,395,57.674,53.65528869628906,56.65766906738281,61.90699768066406,62.90165300869903,62.90165300869903,21.55
NIST_GROUND,2018-05-15 10:00:00-05:00,fixed_15th_10am_no_score_selection,400,79.098,50.32378005981445,53.08146667480469,57.445091247558594,58.96633217412112,58.96633217412112,24.78
NIST_GROUND,2018-05-15 10:00:00-05:00,fixed_15th_10am_no_score_selection,405,72.296,47.93871307373047,47.92738342285156,55.386470794677734,54.7417568203648,54.7417568203648,20.786
NIST_GROUND,2018-05-15 10:00:00-05:00,fixed_15th_10am_no_score_selection,410,71.566,47.58879852294922,44.88335037231445,52.937477111816406,51.10510591483815,51.10510591483815,18.464
NIST_GROUND,2018-05-15 10:00:00-05:00,fixed_15th_10am_no_score_selection,415,60.544000000000004,42.51856231689453,42.03801727294922,49.494083404541016,47.7221629262837,47.7221629262837,17.928
NIST_GROUND,2018-05-15 10:00:00-05:00,fixed_15th_10am_no_score_selection,420,49.392,39.960758209228516,41.41716766357422,48.44841766357422,44.317584966717355,44.317584966717355,14.796000000000001
NIST_GROUND,2018-05-15 10:00:00-05:00,fixed_15th_10am_no_score_selection,425,40.838,37.526607513427734,44.746620178222656,45.568138122558594,41.15691860191856,41.15691860191856,10.0092
NIST_GROUND,2018-05-15 10:00:00-05:00,fixed_15th_10am_no_score_selection,430,20.534,37.0572395324707,42.255680084228516,43.66417694091797,38.38517128505937,38.38517128505937,4.5520000000000005
NIST_GROUND,2018-05-15 10:00:00-05:00,fixed_15th_10am_no_score_selection,435,19.830000000000002,34.68444061279297,39.41581344604492,42.202903747558594,35.21457160713934,35.21457160713934,1.127
NIST_GROUND,2018-05-15 10:00:00-05:00,fixed_15th_10am_no_score_selection,440,21.942,29.315568923950195,36.32551193237305,41.02968215942383,32.52800923778986,32.52800923778986,0.035199999999999995
NIST_GROUND,2018-05-15 10:00:00-05:00,fixed_15th_10am_no_score_selection,445,19.576,30.29538345336914,32.11824035644531,39.69126510620117,29.90026226844441,29.90026226844441,-0.0482
NIST_GROUND,2018-05-15 10:00:00-05:00,fixed_15th_10am_no_score_selection,450,21.259999999999998,26.18280029296875,32.58971405029297,33.08359146118164,26.913386123845708,26.913386123845708,-0.2934
NIST_GROUND,2018-05-15 10:00:00-05:00,fixed_15th_10am_no_score_selection,455,26.856,20.603437423706055,31.806180953979492,29.40064811706543,24.472273312463656,24.472273312463656,-0.293
NIST_GROUND,2018-05-15 10:00:00-05:00,fixed_15th_10am_no_score_selection,460,27.258,25.190786361694336,25.971210479736328,29.71454429626465,22.07937479337594,22.07937479337594,-0.1868
NIST_GROUND,2018-05-15 10:00:00-05:00,fixed_15th_10am_no_score_selection,465,24.241999999999997,25.893415451049805,22.92498207092285,23.44948959350586,19.794416999524202,19.794416999524202,0.0
NIST_GROUND,2018-05-15 10:00:00-05:00,fixed_15th_10am_no_score_selection,470,16.296,19.286792755126953,18.41451644897461,20.328908920288086,17.193377737856235,17.193377737856235,0.0
NIST_GROUND,2018-05-15 10:00:00-05:00,fixed_15th_10am_no_score_selection,475,12.99,20.277528762817383,20.288698196411133,17.6074161529541,15.09298244680075,15.09298244680075,0.0
NIST_GROUND,2018-05-15 10:00:00-05:00,fixed_15th_10am_no_score_selection,480,11.379999999999999,17.64666748046875,17.547273635864258,15.704909324645996,13.66541821537288,13.66541821537288,0.0
NIST_GROUND,2018-05-15 10:00:00-05:00,fixed_15th_10am_no_score_selection,485,9.254,12.642383575439453,16.430025100708008,15.09432601928711,11.758605291832874,11.758605291832874,0.0
NIST_GROUND,2018-05-15 10:00:00-05:00,fixed_15th_10am_no_score_selection,490,6.3558,11.936067581176758,14.354942321777344,14.622513771057129,9.707175248566074,9.707175248566074,0.0
NIST_GROUND,2018-05-15 10:00:00-05:00,fixed_15th_10am_no_score_selection,495,1.948,12.095746994018555,15.509532928466797,14.723689079284668,8.227981945717195,8.227981945717195,0.0
NIST_GROUND,2018-05-15 10:00:00-05:00,fixed_15th_10am_no_score_selection,500,0.4104,11.580738067626953,14.576197624206543,13.118831634521484,6.993416296978745,6.993416296978745,0.0
NIST_GROUND,2018-05-15 10:00:00-05:00,fixed_15th_10am_no_score_selection,505,0.00020000000000000017,9.044129371643066,11.60821533203125,11.00008487701416,5.873501502720976,5.873501502720976,0.0
NIST_GROUND,2018-05-15 10:00:00-05:00,fixed_15th_10am_no_score_selection,510,-0.2914,8.154601097106934,7.636240005493164,8.85297679901123,4.536017848127202,4.536017848127202,0.0
NIST_GROUND,2018-05-15 10:00:00-05:00,fixed_15th_10am_no_score_selection,515,-0.29259999999999997,9.641977310180664,8.159991264343262,8.760808944702148,3.2953725401976626,3.2953725401976626,0.0
NIST_GROUND,2018-05-15 10:00:00-05:00,fixed_15th_10am_no_score_selection,520,-0.293,6.201633930206299,5.569572448730469,8.407209396362305,2.297541591756009,2.297541591756009,0.0
NIST_GROUND,2018-05-15 10:00:00-05:00,fixed_15th_10am_no_score_selection,525,-0.0186,5.864444732666016,5.686407566070557,4.0683159828186035,1.45475119649459,1.45475119649459,0.0
NIST_GROUND,2018-05-15 10:00:00-05:00,fixed_15th_10am_no_score_selection,530,0.0,0.7512577176094055,6.152764320373535,2.9638144969940186,0.7625565599963988,0.7625565599963988,0.0
NIST_GROUND,2018-05-15 10:00:00-05:00,fixed_15th_10am_no_score_selection,535,0.0,-1.391621708869934,7.886380672454834,3.9079267978668213,0.10878571716788166,0.10878571716788166,0.0
NIST_GROUND,2018-05-15 10:00:00-05:00,fixed_15th_10am_no_score_selection,540,0.0,3.0461618900299072,7.727445602416992,3.5970990657806396,-0.8615192808488915,-0.8615192808488915,0.0
NIST_GROUND,2018-05-15 10:00:00-05:00,fixed_15th_10am_no_score_selection,545,0.0,0.9355387687683105,4.544938564300537,2.382147789001465,-2.273962688395446,-2.273962688395446,0.0
NIST_GROUND,2018-05-15 10:00:00-05:00,fixed_15th_10am_no_score_selection,550,0.0,-0.8091173768043518,5.683374881744385,4.921823024749756,-3.3746229397760295,-3.3746229397760295,0.0
NIST_GROUND,2018-05-15 10:00:00-05:00,fixed_15th_10am_no_score_selection,555,0.0,0.47188833355903625,5.5789103507995605,4.025531768798828,-4.070275570256462,-4.070275570256462,0.0
NIST_GROUND,2018-05-15 10:00:00-05:00,fixed_15th_10am_no_score_selection,560,0.0,0.9532197713851929,3.2722175121307373,4.9189066886901855,-4.679432785440283,-4.679432785440283,0.0
NIST_GROUND,2018-05-15 10:00:00-05:00,fixed_15th_10am_no_score_selection,565,0.0,-0.1728632152080536,4.394073963165283,2.055752992630005,-5.278932491987381,-5.278932491987381,0.0
NIST_GROUND,2018-05-15 10:00:00-05:00,fixed_15th_10am_no_score_selection,570,0.0,-2.544318675994873,0.8297047019004822,-2.0176494121551514,-5.978943052456177,-5.978943052456177,0.0
NIST_GROUND,2018-05-15 10:00:00-05:00,fixed_15th_10am_no_score_selection,575,0.0,-2.1105666160583496,4.126323699951172,0.8737303018569946,-6.109231539829342,-6.109231539829342,0.0
NIST_GROUND,2018-05-15 10:00:00-05:00,fixed_15th_10am_no_score_selection,580,0.0,-4.1482439041137695,0.47494933009147644,2.940805435180664,-6.381436530767056,-6.381436530767056,0.0
NIST_GROUND,2018-05-15 10:00:00-05:00,fixed_15th_10am_no_score_selection,585,0.0,-7.0038933753967285,2.0479679107666016,3.122527837753296,-6.671594650861227,-6.671594650861227,0.0
NIST_GROUND,2018-05-15 10:00:00-05:00,fixed_15th_10am_no_score_selection,590,0.0,-7.9023756980896,2.7752339839935303,1.483099341392517,-6.6409870493663705,-6.6409870493663705,0.0
NIST_GROUND,2018-05-15 10:00:00-05:00,fixed_15th_10am_no_score_selection,595,0.0,-7.153837203979492,2.394948959350586,-0.12911438941955566,-6.561504662283747,-6.561504662283747,0.0
NIST_GROUND,2018-05-15 10:00:00-05:00,fixed_15th_10am_no_score_selection,600,0.0,-5.3857526779174805,1.1379622220993042,-0.6727645397186279,-6.692546273437647,-6.692546273437647,0.0
NIST_GROUND,2018-05-15 10:00:00-05:00,fixed_15th_10am_no_score_selection,605,0.0,-6.362125396728516,0.8020207285881042,-0.8146781921386719,-7.073751524290757,-7.073751524290757,0.0
NIST_GROUND,2018-05-15 10:00:00-05:00,fixed_15th_10am_no_score_selection,610,0.0,-8.064139366149902,-1.6644244194030762,0.40993747115135193,-7.220114176672597,-7.220114176672597,0.0
NIST_GROUND,2018-05-15 10:00:00-05:00,fixed_15th_10am_no_score_selection,615,0.0,-9.30282974243164,-1.6939477920532227,1.1412197351455688,-7.391051592127365,-7.391051592127365,0.0
NIST_GROUND,2018-05-15 10:00:00-05:00,fixed_15th_10am_no_score_selection,620,0.0,-9.94454574584961,0.896655261516571,0.5265898108482361,-7.573400457903565,-7.573400457903565,0.0
NIST_GROUND,2018-05-15 10:00:00-05:00,fixed_15th_10am_no_score_selection,625,0.0,-7.933139801025391,-0.4105897545814514,2.277327299118042,-7.261435423756787,-7.261435423756787,0.0
NIST_GROUND,2018-05-15 10:00:00-05:00,fixed_15th_10am_no_score_selection,630,0.0,-7.2787184715271,0.01383314561098814,-1.7359884977340698,-7.018675293559292,-7.018675293559292,0.0
NIST_GROUND,2018-05-15 10:00:00-05:00,fixed_15th_10am_no_score_selection,635,0.0,-7.762539863586426,-0.085324726998806,-1.6629300117492676,-6.603969629189839,-6.603969629189839,0.0
NIST_GROUND,2018-05-15 10:00:00-05:00,fixed_15th_10am_no_score_selection,640,0.0,-6.438868045806885,2.8145127296447754,0.13994579017162323,-6.565609834649176,-6.565609834649176,0.0
NIST_GROUND,2018-05-15 10:00:00-05:00,fixed_15th_10am_no_score_selection,645,0.0,-5.623510837554932,5.865814208984375,-0.23173189163208008,-6.416798397767326,-6.416798397767326,0.0
NIST_GROUND,2018-05-15 10:00:00-05:00,fixed_15th_10am_no_score_selection,650,0.0,-8.106553077697754,4.763912200927734,-0.17804628610610962,-5.968336079497337,-5.968336079497337,0.0
NIST_GROUND,2018-05-15 10:00:00-05:00,fixed_15th_10am_no_score_selection,655,0.0,-7.637142658233643,3.5529325008392334,-0.750861406326294,-5.593629204901775,-5.593629204901775,0.0
NIST_GROUND,2018-05-15 10:00:00-05:00,fixed_15th_10am_no_score_selection,660,0.0,-9.379464149475098,2.887716054916382,2.8586618900299072,-5.22873966967642,-5.22873966967642,0.0
NIST_GROUND,2018-05-15 10:00:00-05:00,fixed_15th_10am_no_score_selection,665,0.0,-8.61141300201416,4.873810768127441,4.049548149108887,-4.793215475822885,-4.793215475822885,0.0
NIST_GROUND,2018-05-15 10:00:00-05:00,fixed_15th_10am_no_score_selection,670,0.0,-7.355839729309082,2.406026601791382,7.110941410064697,-4.361661657292015,-4.361661657292015,0.0
NIST_GROUND,2018-05-15 10:00:00-05:00,fixed_15th_10am_no_score_selection,675,0.0,-9.591352462768555,3.0567288398742676,7.11276388168335,-4.167863769635449,-4.167863769635449,0.0
NIST_GROUND,2018-05-15 10:00:00-05:00,fixed_15th_10am_no_score_selection,680,0.0,-8.056106567382812,6.123320579528809,7.635606288909912,-3.9022739989785546,-3.9022739989785546,0.0
NIST_GROUND,2018-05-15 10:00:00-05:00,fixed_15th_10am_no_score_selection,685,0.0,-8.028609275817871,5.324302673339844,6.746209621429443,-3.4908012466051983,-3.4908012466051983,0.0
NIST_GROUND,2018-05-15 10:00:00-05:00,fixed_15th_10am_no_score_selection,690,0.0,-8.753588676452637,5.286311626434326,8.757665634155273,-2.848701415626531,-2.848701415626531,0.0
NIST_GROUND,2018-05-15 10:00:00-05:00,fixed_15th_10am_no_score_selection,695,0.0,-7.4160847663879395,4.359684467315674,7.323429107666016,-2.0769565094167612,-2.0769565094167612,0.0
NIST_GROUND,2018-05-15 10:00:00-05:00,fixed_15th_10am_no_score_selection,700,0.0,-5.777342319488525,3.1296215057373047,4.028281211853027,-1.3573303345878418,-1.3573303345878418,0.0
NIST_GROUND,2018-05-15 10:00:00-05:00,fixed_15th_10am_no_score_selection,705,0.0,-2.7380855083465576,3.758713722229004,3.686338186264038,-0.6501982854382033,-0.6501982854382033,0.0
NIST_GROUND,2018-05-15 10:00:00-05:00,fixed_15th_10am_no_score_selection,710,0.0,-2.018310308456421,3.6405515670776367,4.080016613006592,-0.30046427148872795,-0.30046427148872795,0.0
NIST_GROUND,2018-05-15 10:00:00-05:00,fixed_15th_10am_no_score_selection,715,0.0,-0.5083525776863098,4.425200939178467,5.309730052947998,0.08092642306216387,0.08092642306216387,0.0
NIST_GROUND,2018-05-15 10:00:00-05:00,fixed_15th_10am_no_score_selection,720,0.0,-4.370336532592773,4.235254764556885,7.489635467529297,0.49721250918993354,0.49721250918993354,0.0
NIST_GROUND,2018-06-15 10:00:00-05:00,fixed_15th_10am_no_score_selection,5,197.88,199.6213836669922,191.95225524902344,188.23428344726562,197.34667804988092,197.34667804988092,200.07999999999998
NIST_GROUND,2018-06-15 10:00:00-05:00,fixed_15th_10am_no_score_selection,10,,197.10745239257812,194.2279052734375,189.04721069335938,197.42491420706722,197.42491420706722,202.4
NIST_GROUND,2018-06-15 10:00:00-05:00,fixed_15th_10am_no_score_selection,15,201.34,196.10177612304688,199.157958984375,191.53736877441406,196.9628905384595,196.9628905384595,205.24
NIST_GROUND,2018-06-15 10:00:00-05:00,fixed_15th_10am_no_score_selection,20,202.88,195.82437133789062,198.44955444335938,191.57080078125,195.89392781909152,195.89392781909152,207.84
NIST_GROUND,2018-06-15 10:00:00-05:00,fixed_15th_10am_no_score_selection,25,206.14000000000001,198.30111694335938,196.37005615234375,193.15975952148438,199.79276339476849,199.79276339476849,208.28000000000003
NIST_GROUND,2018-06-15 10:00:00-05:00,fixed_15th_10am_no_score_selection,30,,199.72891235351562,199.69862365722656,194.6171112060547,196.13132127881505,196.13132127881505,209.64000000000001
NIST_GROUND,2018-06-15 10:00:00-05:00,fixed_15th_10am_no_score_selection,35,208.34,197.7543487548828,200.10301208496094,195.04727172851562,203.7684799657431,203.7684799657431,211.66
NIST_GROUND,2018-06-15 10:00:00-05:00,fixed_15th_10am_no_score_selection,40,208.7,198.09632873535156,198.3306121826172,190.40992736816406,204.22284096718658,204.22284096718658,211.51999999999998
NIST_GROUND,2018-06-15 10:00:00-05:00,fixed_15th_10am_no_score_selection,45,210.2,199.54014587402344,197.65806579589844,192.49391174316406,203.19062115178136,203.19062115178136,212.4
NIST_GROUND,2018-06-15 10:00:00-05:00,fixed_15th_10am_no_score_selection,50,210.28000000000003,199.50331115722656,199.89962768554688,194.39248657226562,205.4241466794161,205.4241466794161,212.06
NIST_GROUND,2018-06-15 10:00:00-05:00,fixed_15th_10am_no_score_selection,55,210.94,201.74620056152344,200.0001983642578,189.28558349609375,204.37235058804185,204.37235058804185,213.66
NIST_GROUND,2018-06-15 10:00:00-05:00,fixed_15th_10am_no_score_selection,60,212.48000000000002,201.4925537109375,198.7561492919922,188.2349853515625,203.2701917952434,203.2701917952434,214.01999999999998
NIST_GROUND,2018-06-15 10:00:00-05:00,fixed_15th_10am_no_score_selection,65,213.44,202.2708740234375,198.6417236328125,192.9506378173828,205.6427106150334,205.6427106150334,215.04000000000002
NIST_GROUND,2018-06-15 10:00:00-05:00,fixed_15th_10am_no_score_selection,70,214.64000000000001,199.15573120117188,198.61602783203125,193.19378662109375,199.69350341292463,199.69350341292463,215.04000000000002
NIST_GROUND,2018-06-15 10:00:00-05:00,fixed_15th_10am_no_score_selection,75,216.58,194.2376251220703,203.0574493408203,191.8055877685547,199.90143047671933,199.90143047671933,217.34
NIST_GROUND,2018-06-15 10:00:00-05:00,fixed_15th_10am_no_score_selection,80,216.95999999999998,199.44049072265625,205.71372985839844,189.64227294921875,211.7041825681197,211.7041825681197,218.1
NIST_GROUND,2018-06-15 10:00:00-05:00,fixed_15th_10am_no_score_selection,85,216.38000000000002,202.9649658203125,201.9691619873047,189.4808807373047,213.40961139704928,213.40961139704928,217.24
NIST_GROUND,2018-06-15 10:00:00-05:00,fixed_15th_10am_no_score_selection,90,217.71999999999997,202.5713348388672,198.10853576660156,187.27267456054688,216.8821867702573,216.8821867702573,218.8
NIST_GROUND,2018-06-15 10:00:00-05:00,fixed_15th_10am_no_score_selection,95,220.24,200.9413604736328,197.64242553710938,184.7383575439453,214.91453370053293,214.91453370053293,221.04000000000002
NIST_GROUND,2018-06-15 10:00:00-05:00,fixed_15th_10am_no_score_selection,100,220.8,199.64404296875,200.5032501220703,183.75436401367188,208.68258885110038,208.68258885110038,221.14000000000001
NIST_GROUND,2018-06-15 10:00:00-05:00,fixed_15th_10am_no_score_selection,105,220.92,194.3150634765625,202.02589416503906,187.9551544189453,205.87980038698774,205.87980038698774,219.98000000000002
NIST_GROUND,2018-06-15 10:00:00-05:00,fixed_15th_10am_no_score_selection,110,220.5,200.43304443359375,200.62765502929688,189.78993225097656,203.76931973396682,203.76931973396682,221.84
NIST_GROUND,2018-06-15 10:00:00-05:00,fixed_15th_10am_no_score_selection,115,221.8,199.76988220214844,199.3914337158203,185.80728149414062,206.15700665371065,206.15700665371065,221.8
NIST_GROUND,2018-06-15 10:00:00-05:00,fixed_15th_10am_no_score_selection,120,221.71999999999997,196.63177490234375,200.52015686035156,183.91522216796875,204.7047225911247,204.7047225911247,220.56
NIST_GROUND,2018-06-15 10:00:00-05:00,fixed_15th_10am_no_score_selection,125,220.16,196.71389770507812,194.3448028564453,178.37091064453125,206.3766194916144,206.3766194916144,219.88000000000002
NIST_GROUND,2018-06-15 10:00:00-05:00,fixed_15th_10am_no_score_selection,130,219.95999999999998,194.71507263183594,197.3054962158203,181.76992797851562,202.3563158317686,202.3563158317686,219.9
NIST_GROUND,2018-06-15 10:00:00-05:00,fixed_15th_10am_no_score_selection,135,219.5,192.06918334960938,197.80702209472656,183.28802490234375,202.54075316503688,202.54075316503688,219.0
NIST_GROUND,2018-06-15 10:00:00-05:00,fixed_15th_10am_no_score_selection,140,219.68,191.45713806152344,198.336669921875,181.37442016601562,205.2201589777364,205.2201589777364,
NIST_GROUND,2018-06-15 10:00:00-05:00,fixed_15th_10am_no_score_selection,145,215.92,198.77093505859375,200.13632202148438,180.5801544189453,205.3034497333036,205.3034497333036,220.9
NIST_GROUND,2018-06-15 10:00:00-05:00,fixed_15th_10am_no_score_selection,150,216.78000000000003,198.20748901367188,198.1331024169922,178.42385864257812,201.64574191263264,201.64574191263264,219.66
NIST_GROUND,2018-06-15 10:00:00-05:00,fixed_15th_10am_no_score_selection,155,217.58,193.53378295898438,191.3110809326172,177.32032775878906,198.45975452557386,198.45975452557386,219.6
NIST_GROUND,2018-06-15 10:00:00-05:00,fixed_15th_10am_no_score_selection,160,216.6,189.804931640625,187.31141662597656,180.515380859375,195.33782016482098,195.33782016482098,218.54000000000002
NIST_GROUND,2018-06-15 10:00:00-05:00,fixed_15th_10am_no_score_selection,165,212.56,185.7042236328125,181.0345916748047,177.5115203857422,195.32635002817855,195.32635002817855,216.21999999999997
NIST_GROUND,2018-06-15 10:00:00-05:00,fixed_15th_10am_no_score_selection,170,212.94,188.67408752441406,183.02499389648438,176.11007690429688,198.3933885760916,198.3933885760916,215.51999999999998
NIST_GROUND,2018-06-15 10:00:00-05:00,fixed_15th_10am_no_score_selection,175,214.45999999999998,188.8204345703125,178.37649536132812,177.5741729736328,198.61506785759465,198.61506785759465,214.24
NIST_GROUND,2018-06-15 10:00:00-05:00,fixed_15th_10am_no_score_selection,180,214.56,187.43035888671875,178.03631591796875,175.0674285888672,197.10370168190605,197.10370168190605,214.32
NIST_GROUND,2018-06-15 10:00:00-05:00,fixed_15th_10am_no_score_selection,185,212.21999999999997,182.31398010253906,174.24868774414062,175.21298217773438,185.83753439365597,185.83753439365597,214.92
NIST_GROUND,2018-06-15 10:00:00-05:00,fixed_15th_10am_no_score_selection,190,210.48000000000002,183.3817138671875,169.99000549316406,174.09283447265625,186.70748595432804,186.70748595432804,214.18
NIST_GROUND,2018-06-15 10:00:00-05:00,fixed_15th_10am_no_score_selection,195,210.68,183.8948974609375,175.46009826660156,175.2823486328125,191.96336101275642,191.96336101275642,
NIST_GROUND,2018-06-15 10:00:00-05:00,fixed_15th_10am_no_score_selection,200,210.2,178.97964477539062,172.4199981689453,171.69839477539062,187.97639628314806,187.97639628314806,210.51999999999998
NIST_GROUND,2018-06-15 10:00:00-05:00,fixed_15th_10am_no_score_selection,205,208.66,182.4700469970703,172.73773193359375,169.81405639648438,192.52381132348293,192.52381132348293,209.58
NIST_GROUND,2018-06-15 10:00:00-05:00,fixed_15th_10am_no_score_selection,210,206.4,180.37582397460938,168.16879272460938,166.07508850097656,186.8765438919443,186.8765438919443,208.16
NIST_GROUND,2018-06-15 10:00:00-05:00,fixed_15th_10am_no_score_selection,215,,174.71542358398438,167.7154083251953,167.01158142089844,181.94757398669384,181.94757398669384,207.1
NIST_GROUND,2018-06-15 10:00:00-05:00,fixed_15th_10am_no_score_selection,220,201.92000000000002,167.7870635986328,161.41822814941406,167.47650146484375,179.02092044841433,179.02092044841433,204.12
NIST_GROUND,2018-06-15 10:00:00-05:00,fixed_15th_10am_no_score_selection,225,202.74,167.29830932617188,160.15847778320312,164.99734497070312,177.50406635322028,177.50406635322028,202.12
NIST_GROUND,2018-06-15 10:00:00-05:00,fixed_15th_10am_no_score_selection,230,205.0,167.4867706298828,161.718017578125,164.25270080566406,171.71702036257088,171.71702036257088,200.94
NIST_GROUND,2018-06-15 10:00:00-05:00,fixed_15th_10am_no_score_selection,235,202.57999999999998,163.6652069091797,160.63609313964844,158.64695739746094,173.72686002340927,173.72686002340927,199.38
NIST_GROUND,2018-06-15 10:00:00-05:00,fixed_15th_10am_no_score_selection,240,200.06,160.42567443847656,153.630126953125,155.22146606445312,171.18762132877075,171.18762132877075,198.12
NIST_GROUND,2018-06-15 10:00:00-05:00,fixed_15th_10am_no_score_selection,245,198.3,160.96389770507812,151.05609130859375,154.8695068359375,170.9106909832052,170.9106909832052,196.06
NIST_GROUND,2018-06-15 10:00:00-05:00,fixed_15th_10am_no_score_selection,250,196.85999999999999,158.59349060058594,148.74191284179688,149.8022918701172,173.68788160755747,173.68788160755747,193.28
NIST_GROUND,2018-06-15 10:00:00-05:00,fixed_15th_10am_no_score_selection,255,195.9,157.30067443847656,151.33441162109375,146.04486083984375,172.25651592532205,172.25651592532205,192.42000000000002
NIST_GROUND,2018-06-15 10:00:00-05:00,fixed_15th_10am_no_score_selection,260,192.84,154.16709899902344,149.919189453125,141.79666137695312,170.21362033378412,170.21362033378412,189.44
NIST_GROUND,2018-06-15 10:00:00-05:00,fixed_15th_10am_no_score_selection,265,191.28,151.23361206054688,141.68177795410156,141.25599670410156,167.3331184311322,167.3331184311322,188.04000000000002
NIST_GROUND,2018-06-15 10:00:00-05:00,fixed_15th_10am_no_score_selection,270,190.2,146.53541564941406,135.4346923828125,141.22012329101562,168.94159870386648,168.94159870386648,187.54000000000002
NIST_GROUND,2018-06-15 10:00:00-05:00,fixed_15th_10am_no_score_selection,275,188.68,144.35836791992188,134.51795959472656,135.37429809570312,163.84556134839548,163.84556134839548,185.45999999999998
NIST_GROUND,2018-06-15 10:00:00-05:00,fixed_15th_10am_no_score_selection,280,186.14000000000001,144.4847869873047,134.0457763671875,130.96498107910156,150.1408784680115,150.1408784680115,183.28
NIST_GROUND,2018-06-15 10:00:00-05:00,fixed_15th_10am_no_score_selection,285,182.64000000000001,141.85183715820312,131.99713134765625,131.3328857421875,148.0196098779107,148.0196098779107,180.5
NIST_GROUND,2018-06-15 10:00:00-05:00,fixed_15th_10am_no_score_selection,290,180.1,135.75535583496094,128.90753173828125,131.77340698242188,152.07121004001453,152.07121004001453,178.6
NIST_GROUND,2018-06-15 10:00:00-05:00,fixed_15th_10am_no_score_selection,295,176.68,135.62091064453125,123.03067016601562,128.92156982421875,138.12987425297757,138.12987425297757,175.45999999999998
NIST_GROUND,2018-06-15 10:00:00-05:00,fixed_15th_10am_no_score_selection,300,174.34,130.76150512695312,120.3714599609375,128.03875732421875,138.78812765830375,138.78812765830375,171.76
NIST_GROUND,2018-06-15 10:00:00-05:00,fixed_15th_10am_no_score_selection,305,171.26,128.4381866455078,113.2391586303711,126.16004943847656,143.49161246939335,143.49161246939335,169.34
NIST_GROUND,2018-06-15 10:00:00-05:00,fixed_15th_10am_no_score_selection,310,168.35999999999999,122.25367736816406,111.61122131347656,120.43366241455078,140.12288542775718,140.12288542775718,168.04000000000002
NIST_GROUND,2018-06-15 10:00:00-05:00,fixed_15th_10am_no_score_selection,315,166.21999999999997,118.80355834960938,107.08097076416016,115.47102355957031,137.67752187995512,137.67752187995512,164.7
NIST_GROUND,2018-06-15 10:00:00-05:00,fixed_15th_10am_no_score_selection,320,163.54000000000002,115.70140075683594,107.00750732421875,113.3504409790039,138.70957291959306,138.70957291959306,161.54000000000002
NIST_GROUND,2018-06-15 10:00:00-05:00,fixed_15th_10am_no_score_selection,325,160.2,113.23596954345703,103.85131072998047,110.84929656982422,134.91051301502768,134.91051301502768,157.68
NIST_GROUND,2018-06-15 10:00:00-05:00,fixed_15th_10am_no_score_selection,330,156.5,109.3656997680664,97.94841766357422,104.10022735595703,129.3099764480964,129.3099764480964,154.92000000000002
NIST_GROUND,2018-06-15 10:00:00-05:00,fixed_15th_10am_no_score_selection,335,153.5,106.5538558959961,94.07861328125,101.39508819580078,124.28730093710682,124.28730093710682,151.38
NIST_GROUND,2018-06-15 10:00:00-05:00,fixed_15th_10am_no_score_selection,340,150.48000000000002,99.818603515625,91.74669647216797,95.93931579589844,116.57369294663317,116.57369294663317,148.42
NIST_GROUND,2018-06-15 10:00:00-05:00,fixed_15th_10am_no_score_selection,345,147.2,96.0450210571289,89.96721649169922,93.31278991699219,113.19525838777719,113.19525838777719,144.95999999999998
NIST_GROUND,2018-06-15 10:00:00-05:00,fixed_15th_10am_no_score_selection,350,143.54000000000002,96.2837142944336,85.60095977783203,92.71764373779297,113.78793762665325,113.78793762665325,140.54000000000002
NIST_GROUND,2018-06-15 10:00:00-05:00,fixed_15th_10am_no_score_selection,355,139.6,87.82239532470703,82.4715805053711,87.3315200805664,109.86629030095446,109.86629030095446,136.28
NIST_GROUND,2018-06-15 10:00:00-05:00,fixed_15th_10am_no_score_selection,360,135.4,85.78028869628906,82.21049499511719,86.83247375488281,115.05579293345353,115.05579293345353,131.68
NIST_GROUND,2018-06-15 10:00:00-05:00,fixed_15th_10am_no_score_selection,365,131.4,79.72111511230469,79.72804260253906,83.947021484375,113.98604503750202,113.98604503750202,127.88
NIST_GROUND,2018-06-15 10:00:00-05:00,fixed_15th_10am_no_score_selection,370,127.12,73.8483657836914,74.0877914428711,81.03165435791016,105.30817533417776,105.30817533417776,124.55999999999999
NIST_GROUND,2018-06-15 10:00:00-05:00,fixed_15th_10am_no_score_selection,375,123.32000000000001,74.2186050415039,70.533935546875,76.10336303710938,97.5986746950478,97.5986746950478,120.28
NIST_GROUND,2018-06-15 10:00:00-05:00,fixed_15th_10am_no_score_selection,380,119.66,70.1540298461914,71.02654266357422,74.35474395751953,95.1264125086181,95.1264125086181,116.32000000000001
NIST_GROUND,2018-06-15 10:00:00-05:00,fixed_15th_10am_no_score_selection,385,115.85999999999999,66.25305938720703,68.67069244384766,71.60881805419922,89.25841658630796,89.25841658630796,111.88
NIST_GROUND,2018-06-15 10:00:00-05:00,fixed_15th_10am_no_score_selection,390,111.88,59.62925720214844,68.37476348876953,66.51741027832031,83.34670954874274,83.34670954874274,107.8
NIST_GROUND,2018-06-15 10:00:00-05:00,fixed_15th_10am_no_score_selection,395,109.64000000000001,59.01667785644531,61.37285614013672,64.32241821289062,81.25427260717834,81.25427260717834,103.7
NIST_GROUND,2018-06-15 10:00:00-05:00,fixed_15th_10am_no_score_selection,400,101.46000000000001,54.24063491821289,57.862972259521484,58.9652099609375,80.88589499904297,80.88589499904297,97.47999999999999
NIST_GROUND,2018-06-15 10:00:00-05:00,fixed_15th_10am_no_score_selection,405,98.32000000000001,52.130611419677734,51.597984313964844,56.40896987915039,75.54183598377927,75.54183598377927,92.53999999999999
NIST_GROUND,2018-06-15 10:00:00-05:00,fixed_15th_10am_no_score_selection,410,93.11999999999999,51.4527473449707,47.09017562866211,53.81619644165039,73.6995670954009,73.6995670954009,89.82000000000001
NIST_GROUND,2018-06-15 10:00:00-05:00,fixed_15th_10am_no_score_selection,415,90.12,45.06254577636719,44.15675735473633,49.5426025390625,73.89847430452521,73.89847430452521,85.32
NIST_GROUND,2018-06-15 10:00:00-05:00,fixed_15th_10am_no_score_selection,420,85.78,42.908958435058594,44.15522766113281,47.378753662109375,68.37901748237728,68.37901748237728,80.744
NIST_GROUND,2018-06-15 10:00:00-05:00,fixed_15th_10am_no_score_selection,425,81.168,39.81220245361328,46.30719757080078,43.733524322509766,54.98139425135557,54.98139425135557,75.316
NIST_GROUND,2018-06-15 10:00:00-05:00,fixed_15th_10am_no_score_selection,430,73.9,38.12166976928711,42.82521438598633,41.863555908203125,61.01470560988345,61.01470560988345,70.488
NIST_GROUND,2018-06-15 10:00:00-05:00,fixed_15th_10am_no_score_selection,435,69.00800000000001,35.54054641723633,38.787818908691406,40.222835540771484,58.88407195172552,58.88407195172552,65.46
NIST_GROUND,2018-06-15 10:00:00-05:00,fixed_15th_10am_no_score_selection,440,63.998000000000005,30.086992263793945,37.03184127807617,38.49757766723633,58.05695993932622,58.05695993932622,60.598
NIST_GROUND,2018-06-15 10:00:00-05:00,fixed_15th_10am_no_score_selection,445,58.69,28.955337524414062,31.60332489013672,35.99018478393555,53.36946191813407,53.36946191813407,53.674
NIST_GROUND,2018-06-15 10:00:00-05:00,fixed_15th_10am_no_score_selection,450,54.15,25.493560791015625,31.2451171875,28.9571533203125,49.79683273373197,49.79683273373197,50.15
NIST_GROUND,2018-06-15 10:00:00-05:00,fixed_15th_10am_no_score_selection,455,49.528,18.48715591430664,30.157278060913086,25.12342643737793,44.67442822634604,44.67442822634604,47.546
NIST_GROUND,2018-06-15 10:00:00-05:00,fixed_15th_10am_no_score_selection,460,45.028,23.234827041625977,24.276952743530273,25.526418685913086,36.86926792325086,36.86926792325086,43.206
NIST_GROUND,2018-06-15 10:00:00-05:00,fixed_15th_10am_no_score_selection,465,40.364,23.033464431762695,21.342023849487305,17.906496047973633,33.805369302682365,33.805369302682365,
NIST_GROUND,2018-06-15 10:00:00-05:00,fixed_15th_10am_no_score_selection,470,35.908,15.934391021728516,17.117996215820312,15.337389945983887,33.45022994074002,33.45022994074002,35.636
NIST_GROUND,2018-06-15 10:00:00-05:00,fixed_15th_10am_no_score_selection,475,31.662,17.750913619995117,17.95233726501465,12.167457580566406,33.06581693316209,33.06581693316209,32.452
NIST_GROUND,2018-06-15 10:00:00-05:00,fixed_15th_10am_no_score_selection,480,27.538,13.387613296508789,15.928686141967773,9.293779373168945,31.27544480929831,31.27544480929831,28.504
NIST_GROUND,2018-06-15 10:00:00-05:00,fixed_15th_10am_no_score_selection,485,23.466,8.200956344604492,13.79562759399414,9.637373924255371,28.143320838213143,28.143320838213143,21.426
NIST_GROUND,2018-06-15 10:00:00-05:00,fixed_15th_10am_no_score_selection,490,19.75,7.29647970199585,11.269059181213379,9.015007019042969,26.64269572051535,26.64269572051535,17.901999999999997
NIST_GROUND,2018-06-15 10:00:00-05:00,fixed_15th_10am_no_score_selection,495,15.622,7.003688812255859,12.570975303649902,8.789286613464355,25.001094418460827,25.001094418460827,14.424000000000001
NIST_GROUND,2018-06-15 10:00:00-05:00,fixed_15th_10am_no_score_selection,500,12.034,7.230024337768555,11.809833526611328,7.212583065032959,23.05102023272114,23.05102023272114,11.42
NIST_GROUND,2018-06-15 10:00:00-05:00,fixed_15th_10am_no_score_selection,505,10.120000000000001,4.838657379150391,8.83471965789795,4.402241230010986,15.875452994446094,15.875452994446094,8.4068
NIST_GROUND,2018-06-15 10:00:00-05:00,fixed_15th_10am_no_score_selection,510,7.8254,2.431058883666992,4.521724700927734,2.803384304046631,17.070381658005264,17.070381658005264,6.516800000000001
NIST_GROUND,2018-06-15 10:00:00-05:00,fixed_15th_10am_no_score_selection,515,3.073,3.958632469177246,4.693746566772461,2.4903879165649414,19.475548073833483,19.475548073833483,5.696
NIST_GROUND,2018-06-15 10:00:00-05:00,fixed_15th_10am_no_score_selection,520,2.0884,0.052619218826293945,1.894693374633789,1.7228379249572754,18.01145739165006,18.01145739165006,4.5886
NIST_GROUND,2018-06-15 10:00:00-05:00,fixed_15th_10am_no_score_selection,525,1.6494,-0.37603697180747986,2.292192220687866,-2.693129539489746,16.934947315684163,16.934947315684163,2.4328
NIST_GROUND,2018-06-15 10:00:00-05:00,fixed_15th_10am_no_score_selection,530,1.3732,-6.0575032234191895,3.0031816959381104,-2.4894821643829346,11.354760620567438,11.354760620567438,2.3478000000000003
NIST_GROUND,2018-06-15 10:00:00-05:00,fixed_15th_10am_no_score_selection,535,1.0699999999999998,-7.259162425994873,4.580223560333252,-1.5359553098678589,7.982846843400619,7.982846843400619,2.5103999999999997
NIST_GROUND,2018-06-15 10:00:00-05:00,fixed_15th_10am_no_score_selection,540,0.8834,-2.9767751693725586,4.508942604064941,-2.0804507732391357,7.932994227873494,7.932994227873494,2.0574000000000003
NIST_GROUND,2018-06-15 10:00:00-05:00,fixed_15th_10am_no_score_selection,545,0.7716,-4.5867767333984375,0.7948270440101624,-1.8544788360595703,4.503871123740427,4.503871123740427,1.6469999999999998
NIST_GROUND,2018-06-15 10:00:00-05:00,fixed_15th_10am_no_score_selection,550,0.5115999999999999,-6.154027938842773,2.303341865539551,0.3846299946308136,2.5158458854893073,2.5158458854893073,1.2314
NIST_GROUND,2018-06-15 10:00:00-05:00,fixed_15th_10am_no_score_selection,555,0.2516,-5.135103225708008,2.571113348007202,-0.7083314657211304,0.5981445646049923,0.5981445646049923,0.8545999999999999
NIST_GROUND,2018-06-15 10:00:00-05:00,fixed_15th_10am_no_score_selection,560,0.125,-5.406523704528809,0.2469710111618042,1.0957802534103394,1.2113742811463344,1.2113742811463344,0.3698
NIST_GROUND,2018-06-15 10:00:00-05:00,fixed_15th_10am_no_score_selection,565,0.1082,-6.195638656616211,1.6450865268707275,-2.4597275257110596,-2.0316527990144175,-2.0316527990144175,0.144
NIST_GROUND,2018-06-15 10:00:00-05:00,fixed_15th_10am_no_score_selection,570,-0.11019999999999999,-8.634930610656738,-1.6330480575561523,-5.764416694641113,6.517278121985866,6.517278121985866,0.0718
NIST_GROUND,2018-06-15 10:00:00-05:00,fixed_15th_10am_no_score_selection,575,-0.3288,-8.42290210723877,2.3247015476226807,-2.0045063495635986,-1.9482494473127305,-1.9482494473127305,-0.23700000000000002
NIST_GROUND,2018-06-15 10:00:00-05:00,fixed_15th_10am_no_score_selection,580,-0.30379999999999996,-9.641322135925293,-1.541142225265503,-0.6178602576255798,0.9063164451106664,0.9063164451106664,-0.3028
NIST_GROUND,2018-06-15 10:00:00-05:00,fixed_15th_10am_no_score_selection,585,-0.2584,-12.033210754394531,-0.06334303319454193,-1.0383355617523193,2.2322615636848275,2.2322615636848275,-0.302
NIST_GROUND,2018-06-15 10:00:00-05:00,fixed_15th_10am_no_score_selection,590,0.0,-13.366283416748047,0.30312031507492065,-2.5822176933288574,3.6433067829326076,3.6433067829326076,-0.0216
NIST_GROUND,2018-06-15 10:00:00-05:00,fixed_15th_10am_no_score_selection,595,0.0,-11.048370361328125,1.0372930765151978,-2.8522913455963135,1.5343019501901287,1.5343019501901287,0.0
NIST_GROUND,2018-06-15 10:00:00-05:00,fixed_15th_10am_no_score_selection,600,0.0,-10.416769027709961,-1.0446680784225464,-3.1606128215789795,-2.26812190896156,-2.26812190896156,0.0
NIST_GROUND,2018-06-15 10:00:00-05:00,fixed_15th_10am_no_score_selection,605,0.0,-9.606839179992676,-0.8931450843811035,-2.9320130348205566,1.3495815841671763,1.3495815841671763,0.0
NIST_GROUND,2018-06-15 10:00:00-05:00,fixed_15th_10am_no_score_selection,610,0.0,-11.03139877319336,-2.3678653240203857,-1.2267181873321533,-5.346223761257978,-5.346223761257978,0.0
NIST_GROUND,2018-06-15 10:00:00-05:00,fixed_15th_10am_no_score_selection,615,,-12.910002708435059,-3.005291223526001,-1.5438101291656494,-3.759625387187928,-3.759625387187928,0.0
NIST_GROUND,2018-06-15 10:00:00-05:00,fixed_15th_10am_no_score_selection,620,0.0,-13.330256462097168,-0.8835079073905945,-0.9793135523796082,-10.668905812145407,-10.668905812145407,0.0
NIST_GROUND,2018-06-15 10:00:00-05:00,fixed_15th_10am_no_score_selection,625,0.0,-11.415985107421875,-0.6931455135345459,0.20424394309520721,-4.956464407650786,-4.956464407650786,0.0
NIST_GROUND,2018-06-15 10:00:00-05:00,fixed_15th_10am_no_score_selection,630,0.0,-10.624897003173828,-1.6443467140197754,-3.320976734161377,0.29367216090017373,0.29367216090017373,0.0
NIST_GROUND,2018-06-15 10:00:00-05:00,fixed_15th_10am_no_score_selection,635,0.0,-9.893007278442383,-0.926845133304596,-2.8743064403533936,-2.785049593850965,-2.785049593850965,0.0
NIST_GROUND,2018-06-15 10:00:00-05:00,fixed_15th_10am_no_score_selection,640,0.0,-9.887754440307617,2.281308650970459,-1.2734522819519043,-3.5908062763176405,-3.5908062763176405,0.0
NIST_GROUND,2018-06-15 10:00:00-05:00,fixed_15th_10am_no_score_selection,645,0.0,-8.28443431854248,4.827169895172119,-1.8599416017532349,-7.450166048425416,-7.450166048425416,0.0
NIST_GROUND,2018-06-15 10:00:00-05:00,fixed_15th_10am_no_score_selection,650,0.0,-10.015155792236328,3.7345709800720215,-1.8108153343200684,-6.7257536665538025,-6.7257536665538025,0.0
NIST_GROUND,2018-06-15 10:00:00-05:00,fixed_15th_10am_no_score_selection,655,0.0,-9.968249320983887,1.754254937171936,-1.2786065340042114,-5.703835583971171,-5.703835583971171,0.0
NIST_GROUND,2018-06-15 10:00:00-05:00,fixed_15th_10am_no_score_selection,660,0.0,-12.059892654418945,1.6082261800765991,2.1020236015319824,-5.0202919236235495,-5.0202919236235495,0.0
NIST_GROUND,2018-06-15 10:00:00-05:00,fixed_15th_10am_no_score_selection,665,0.0,-11.018987655639648,3.606553554534912,2.4837429523468018,-5.909730329875722,-5.909730329875722,0.0
NIST_GROUND,2018-06-15 10:00:00-05:00,fixed_15th_10am_no_score_selection,670,0.0,-9.330732345581055,0.8676387667655945,5.5456438064575195,-9.002455182496078,-9.002455182496078,0.0
NIST_GROUND,2018-06-15 10:00:00-05:00,fixed_15th_10am_no_score_selection,675,0.0,-12.359367370605469,1.7328873872756958,5.703629016876221,-11.457466470739208,-11.457466470739208,0.0
NIST_GROUND,2018-06-15 10:00:00-05:00,fixed_15th_10am_no_score_selection,680,0.0,-8.764942169189453,5.417638301849365,6.052998065948486,-9.414196055348492,-9.414196055348492,0.0
NIST_GROUND,2018-06-15 10:00:00-05:00,fixed_15th_10am_no_score_selection,685,0.0,-9.27072525024414,4.872021198272705,5.559886455535889,-5.523379225624066,-5.523379225624066,0.0
NIST_GROUND,2018-06-15 10:00:00-05:00,fixed_15th_10am_no_score_selection,690,0.0,-10.27003002166748,4.656123638153076,7.611481666564941,-7.26729606094717,-7.26729606094717,0.0
NIST_GROUND,2018-06-15 10:00:00-05:00,fixed_15th_10am_no_score_selection,695,0.0,-9.2232666015625,3.597625732421875,5.791665077209473,-8.67741830612522,-8.67741830612522,0.0
NIST_GROUND,2018-06-15 10:00:00-05:00,fixed_15th_10am_no_score_selection,700,0.0,-6.408156871795654,1.9511213302612305,3.26012921333313,-8.235013302835503,-8.235013302835503,0.0
NIST_GROUND,2018-06-15 10:00:00-05:00,fixed_15th_10am_no_score_selection,705,0.0,-3.328723430633545,3.1402201652526855,1.9245774745941162,-7.424729432295404,-7.424729432295404,0.0
NIST_GROUND,2018-06-15 10:00:00-05:00,fixed_15th_10am_no_score_selection,710,0.0,-2.5881619453430176,2.5497400760650635,2.655724048614502,-9.670884744125475,-9.670884744125475,0.0
NIST_GROUND,2018-06-15 10:00:00-05:00,fixed_15th_10am_no_score_selection,715,0.0,-1.702375888824463,4.048675060272217,3.4768691062927246,-12.838809122348213,-12.838809122348213,0.0
NIST_GROUND,2018-06-15 10:00:00-05:00,fixed_15th_10am_no_score_selection,720,0.0,-5.538787364959717,1.9203650951385498,6.016228199005127,-10.553714699947916,-10.553714699947916,0.0
