block,count,Original B_SSE,Expanded A_SSE,Expanded B_SSE,Inverted42_SSE,Inverted43_SSE,Inverted44_SSE,Daily_SSE,site,period,support,horizon,scope,block_hours
0,3432.0,3539347.476928576,3672670.7757010926,3539347.476928576,2947474.5399180697,2771414.910249543,2833495.608125963,19516548.92401328,NIST_GROUND,2018_Apr_Jun_origins,fixed_period,12,full,24
1,3397.0,983315.8930098898,1093446.1702396837,983315.8930098898,1052451.8588573372,1139853.9111635895,1047413.2385873747,4959331.665214237,NIST_GROUND,2018_Apr_Jun_origins,fixed_period,12,full,24
2,3384.0,486467.19784444926,496462.27895024884,486467.19784444926,619272.2770526264,623551.8086088841,556415.7045296812,4035217.2111694384,NIST_GROUND,2018_Apr_Jun_origins,fixed_period,12,full,24
3,3432.0,3493615.6301855273,3487642.525085067,3493615.6301855273,3987051.916066677,3511040.861301831,3609491.6561154886,15936061.950636964,NIST_GROUND,2018_Apr_Jun_origins,fixed_period,12,full,24
4,3456.0,3326016.482594645,3733204.451417481,3326016.482594645,3216343.768992309,3328222.898711053,3292061.31689822,10327829.752050236,NIST_GROUND,2018_Apr_Jun_origins,fixed_period,12,full,24
5,3456.0,1164629.9141168394,1788412.912844515,1164629.9141168394,1657132.6998525718,1596590.9954317405,1577495.0477935162,3707778.5139494454,NIST_GROUND,2018_Apr_Jun_origins,fixed_period,12,full,24
6,3456.0,522150.50188607944,394068.6798904315,522150.50188607944,378176.77920232486,430165.1984592599,394950.5060195654,11328551.240362566,NIST_GROUND,2018_Apr_Jun_origins,fixed_period,12,full,24
7,3384.0,2736869.1394253336,2783486.1493944414,2736869.1394253336,2189762.2165101883,2093180.5570064127,2013854.7490506175,22595571.287072804,NIST_GROUND,2018_Apr_Jun_origins,fixed_period,12,full,24
8,3373.0,1776254.4152589,1553143.5200315563,1776254.4152589,1920926.5249578254,1816972.3474101287,2326054.7554878974,23953550.420702886,NIST_GROUND,2018_Apr_Jun_origins,fixed_period,12,full,24
9,3361.0,1745321.9969503644,1527606.8367167013,1745321.9969503644,1961667.9899511144,1645410.326410692,2071441.3298185694,25813720.631594967,NIST_GROUND,2018_Apr_Jun_origins,fixed_period,12,full,24
10,3420.0,3282557.2729062364,3618852.164654139,3282557.2729062364,3301473.163964391,3400127.463990966,3269821.8346584286,8576462.067767043,NIST_GROUND,2018_Apr_Jun_origins,fixed_period,12,full,24
11,3432.0,1923474.44995593,2220506.397614446,1923474.44995593,2771333.6139026964,2787064.1256190743,2802178.656549993,6316650.3847768055,NIST_GROUND,2018_Apr_Jun_origins,fixed_period,12,full,24
12,3409.0,630084.092145682,984018.5714223075,630084.092145682,678784.6979541242,786500.9432868811,793148.7283818873,4041729.588249121,NIST_GROUND,2018_Apr_Jun_origins,fixed_period,12,full,24
13,3396.0,524398.1272795061,944005.1545507645,524398.1272795061,541457.9876497131,740303.4931235443,708829.6308338005,864159.7328860802,NIST_GROUND,2018_Apr_Jun_origins,fixed_period,12,full,24
14,3349.0,1197096.1921868816,480513.2285428181,1197096.1921868816,855095.0873257206,1045377.0742733969,820944.3437102097,24722601.705010403,NIST_GROUND,2018_Apr_Jun_origins,fixed_period,12,full,24
15,3324.0,810095.6115559661,1006941.3180919252,810095.6115559661,966753.5184015316,1085648.9208303364,1017889.6315087479,1680983.53821124,NIST_GROUND,2018_Apr_Jun_origins,fixed_period,12,full,24
16,3396.0,1663747.873057549,1755803.9789259252,1663747.873057549,1865428.4763611231,1933991.6848204997,1787156.139080328,2038840.6457736,NIST_GROUND,2018_Apr_Jun_origins,fixed_period,12,full,24
17,3408.0,1243524.579163551,816366.0290430238,1243524.579163551,1513084.2642642292,1381343.9491771052,1515028.2116085687,22656072.30964127,NIST_GROUND,2018_Apr_Jun_origins,fixed_period,12,full,24
18,3432.0,7471894.870905992,8160226.645071562,7471894.870905992,8635287.74530105,8568443.064952036,8368771.204980439,17686119.238117445,NIST_GROUND,2018_Apr_Jun_origins,fixed_period,12,full,24
19,3456.0,901841.2099582112,833783.7236095411,901841.2099582112,609134.4261848128,471017.9176471924,752390.7568167998,21180678.368740335,NIST_GROUND,2018_Apr_Jun_origins,fixed_period,12,full,24
20,3456.0,322787.07380336,743001.116404701,322787.07380336,400085.15380757285,376235.7184587123,475222.23587438505,1464113.089866239,NIST_GROUND,2018_Apr_Jun_origins,fixed_period,12,full,24
21,3456.0,825353.1048398141,1194009.9620043288,825353.1048398141,953380.1222570412,880551.7901054356,908417.7278519083,2639761.5719495993,NIST_GROUND,2018_Apr_Jun_origins,fixed_period,12,full,24
22,3432.0,1524898.0267863262,1936976.162205533,1524898.0267863262,1845306.96513891,1550145.194967697,1560525.2212127375,2123637.491761118,NIST_GROUND,2018_Apr_Jun_origins,fixed_period,12,full,24
23,3444.0,723943.1466412285,560885.7333033864,723943.1466412285,569502.758739245,607835.6128706736,593738.2120150332,12037176.772016166,NIST_GROUND,2018_Apr_Jun_origins,fixed_period,12,full,24
24,3456.0,749021.2233600165,916898.4389553209,749021.2233600165,948784.9279654406,814590.858543333,863593.0771968691,1393806.57761088,NIST_GROUND,2018_Apr_Jun_origins,fixed_period,12,full,24
25,3408.0,1978423.8480031837,1524621.0834366083,1978423.8480031837,1984988.516651879,1867197.9393227915,1863515.0690050512,29374495.650647435,NIST_GROUND,2018_Apr_Jun_origins,fixed_period,12,full,24
26,3432.0,2707994.856191723,2544967.4003246673,2707994.856191723,2872006.6333772987,2660879.2271060054,2753257.4941217457,22001328.689871855,NIST_GROUND,2018_Apr_Jun_origins,fixed_period,12,full,24
27,3456.0,2719531.285576399,2595112.3772912603,2719531.285576399,2865336.262503858,2665066.6926529845,2445424.589296983,16698219.554357769,NIST_GROUND,2018_Apr_Jun_origins,fixed_period,12,full,24
28,3456.0,4078396.541482514,4195110.080096586,4078396.541482514,4587991.228031994,4509822.513677118,4643707.833479508,12842802.120679684,NIST_GROUND,2018_Apr_Jun_origins,fixed_period,12,full,24
29,3456.0,605909.7149697836,727194.9979471815,605909.7149697836,611956.6802547717,738656.3926057033,822646.350461973,8636321.159596797,NIST_GROUND,2018_Apr_Jun_origins,fixed_period,12,full,24
30,3456.0,170298.74693822666,510346.95073586516,170298.74693822666,311240.44286791096,467288.70120956935,501347.103640647,228235.30818624,NIST_GROUND,2018_Apr_Jun_origins,fixed_period,12,full,24
31,3432.0,196754.13036929542,441335.0208574503,196754.13036929542,216167.88266505869,279462.9745670152,281178.09619194065,217327.85610511995,NIST_GROUND,2018_Apr_Jun_origins,fixed_period,12,full,24
32,3444.0,189826.84211744292,397747.56070160674,189826.84211744292,140170.31256345616,265052.0998345521,232263.58304379144,122358.79973327999,NIST_GROUND,2018_Apr_Jun_origins,fixed_period,12,full,24
33,3387.0,1645389.701881666,1835996.2240965092,1645389.701881666,1903492.6676993775,2100854.3640647195,2465054.7310886043,4428598.175147841,NIST_GROUND,2018_Apr_Jun_origins,fixed_period,12,full,24
34,3420.0,948480.6814583456,877720.0459578861,948480.6814583456,873083.9582763645,850921.4662602093,909254.3702718369,12275267.71038528,NIST_GROUND,2018_Apr_Jun_origins,fixed_period,12,full,24
35,3432.0,3803865.0718612215,4286254.901676829,3803865.0718612215,3576855.0363255776,3536859.2159701902,3447870.5379334986,3725871.808840639,NIST_GROUND,2018_Apr_Jun_origins,fixed_period,12,full,24
36,3444.0,3467633.8232267024,3751267.9369215444,3467633.8232267024,2820161.807130527,2775060.4109930196,2735263.972913305,12383490.779477283,NIST_GROUND,2018_Apr_Jun_origins,fixed_period,12,full,24
37,3408.0,1693840.1128175932,2034816.1400817926,1693840.1128175932,1483619.9965543554,1554246.9848695223,1612669.2946139988,4819954.46194664,NIST_GROUND,2018_Apr_Jun_origins,fixed_period,12,full,24
38,2920.0,3276928.2201491413,3703795.535413273,3276928.2201491413,2862389.974025793,3060048.4509930415,2859085.480799542,3092158.0119599993,NIST_GROUND,2018_Apr_Jun_origins,fixed_period,12,full,24
39,2598.0,5779810.999081508,5939116.736283844,5779810.999081508,4483169.218858661,4211328.729525692,4019740.164472762,10416848.670690315,NIST_GROUND,2018_Apr_Jun_origins,fixed_period,12,full,24
40,3123.0,1088480.5040485018,1022624.0678451116,1088480.5040485018,708230.4527029257,843225.6882697877,855120.9758661164,10959134.003540635,NIST_GROUND,2018_Apr_Jun_origins,fixed_period,12,full,24
41,3408.0,1506422.3683246872,2052805.0424760168,1506422.3683246872,1795252.2751500113,1699097.0609338447,1815334.4718202893,1873527.301719359,NIST_GROUND,2018_Apr_Jun_origins,fixed_period,12,full,24
42,3432.0,1458031.7149556463,1074121.4492849694,1458031.7149556463,1161319.1922660342,1121206.6686119237,1049445.887788081,21150581.153743193,NIST_GROUND,2018_Apr_Jun_origins,fixed_period,12,full,24
43,3456.0,1644681.098286041,1428574.638006003,1644681.098286041,1614118.7703079307,1429178.437900998,1458462.6576326566,17928118.427107695,NIST_GROUND,2018_Apr_Jun_origins,fixed_period,12,full,24
44,3456.0,1078552.4714811803,1355166.0097556692,1078552.4714811803,1039598.1218795748,1235701.3328901848,1087252.8180394662,3643914.783385437,NIST_GROUND,2018_Apr_Jun_origins,fixed_period,12,full,24
45,3432.0,975856.5599418487,644246.1813698082,975856.5599418487,840906.7294737071,810829.4999319952,869175.3330129442,18888408.470347524,NIST_GROUND,2018_Apr_Jun_origins,fixed_period,12,full,24
46,3432.0,443836.27785538224,519063.81660021364,443836.27785538224,641411.5149426949,590374.972602142,576551.6582225969,869795.6775700802,NIST_GROUND,2018_Apr_Jun_origins,fixed_period,12,full,24
47,3421.0,200485.12672675107,264086.18421820883,200485.12672675107,417615.89080380363,424817.50875068206,373422.39282318036,540904.6378439999,NIST_GROUND,2018_Apr_Jun_origins,fixed_period,12,full,24
48,3420.0,294475.69456839096,458102.2125413621,294475.69456839096,412956.8854810965,437100.6691168068,407333.3758469117,342985.6616601601,NIST_GROUND,2018_Apr_Jun_origins,fixed_period,12,full,24
49,3444.0,561299.1144104738,1178201.922173399,561299.1144104738,1639013.2141854458,1574331.264789826,1591366.5587477388,2374650.5025412794,NIST_GROUND,2018_Apr_Jun_origins,fixed_period,12,full,24
50,3456.0,435610.5267190151,1411602.6133874774,435610.5267190151,2238571.575550776,2452064.207911043,2267854.9780340106,0.0,NIST_GROUND,2018_Apr_Jun_origins,fixed_period,12,full,24
51,3456.0,1670844.8501113968,1899125.2819680953,1670844.8501113968,1809373.556348243,1749987.1453838919,1717274.7329133442,5387346.615232801,NIST_GROUND,2018_Apr_Jun_origins,fixed_period,12,full,24
52,3456.0,3926827.47780102,3969403.3484998276,3926827.47780102,3806560.6190761896,3995627.87006759,3845683.2925509885,15409125.001609921,NIST_GROUND,2018_Apr_Jun_origins,fixed_period,12,full,24
53,3432.0,386492.6321848464,498464.5541444174,386492.6321848464,861292.6277470741,762060.1610187312,753010.4952586946,6118908.2818044815,NIST_GROUND,2018_Apr_Jun_origins,fixed_period,12,full,24
54,3444.0,165218.12134390743,391342.4924837887,165218.12134390743,165338.34925999644,274833.81462533,320315.32832348207,145209.10048704006,NIST_GROUND,2018_Apr_Jun_origins,fixed_period,12,full,24
55,3456.0,2157901.028015946,2662754.9235715107,2157901.028015946,1965539.8197334511,1852107.2621108172,1905586.2466913203,5319428.82292656,NIST_GROUND,2018_Apr_Jun_origins,fixed_period,12,full,24
56,3456.0,2953582.1739229145,3547381.465119236,2953582.1739229145,2764499.9245991763,2750854.170758258,2683613.6678198753,3569054.3851166386,NIST_GROUND,2018_Apr_Jun_origins,fixed_period,12,full,24
57,3456.0,1114973.474971384,1005556.0423159213,1114973.474971384,1017736.7656088566,948596.5540278672,987364.073696717,12653875.234114561,NIST_GROUND,2018_Apr_Jun_origins,fixed_period,12,full,24
58,3432.0,1340625.579688709,1488320.6341081723,1340625.579688709,1422513.3897188099,1377535.3924353097,1319486.2292702324,3848142.9736995217,NIST_GROUND,2018_Apr_Jun_origins,fixed_period,12,full,24
59,3432.0,1405668.449813539,1452150.6264488266,1405668.449813539,1631727.2156689607,1505382.7167519126,1653612.71908996,6754587.808170078,NIST_GROUND,2018_Apr_Jun_origins,fixed_period,12,full,24
60,3420.0,2064342.6078997797,2333187.440932938,2064342.6078997797,2456902.0417414936,2394924.5300519294,2354610.1917004515,5841569.483340322,NIST_GROUND,2018_Apr_Jun_origins,fixed_period,12,full,24
61,3444.0,2247337.3611416984,2367146.3221539767,2247337.3611416984,1978059.2001197094,2005777.667058405,2090347.605008221,10304294.281739524,NIST_GROUND,2018_Apr_Jun_origins,fixed_period,12,full,24
62,3456.0,2456568.2009526948,2890712.7107854537,2456568.2009526948,2645126.0471782587,2407050.0820756895,2623822.6281412947,9723804.548924156,NIST_GROUND,2018_Apr_Jun_origins,fixed_period,12,full,24
63,3456.0,475542.835413497,283200.81645558146,475542.835413497,415998.13748513226,413176.01248191606,408565.3524158193,8227349.504455676,NIST_GROUND,2018_Apr_Jun_origins,fixed_period,12,full,24
64,3456.0,4521169.459632549,4622270.827533461,4521169.459632549,3787717.2883274592,3852196.2006433313,3896280.495644978,19314708.657132003,NIST_GROUND,2018_Apr_Jun_origins,fixed_period,12,full,24
65,3456.0,4298302.453540943,4531503.39430757,4298302.453540943,3707612.819385196,3780977.632142239,3601330.839469916,9967661.65533793,NIST_GROUND,2018_Apr_Jun_origins,fixed_period,12,full,24
66,3456.0,4952945.261593962,5584272.576843876,4952945.261593962,4505950.958893895,4586613.529448531,4522893.675053169,6196123.782561606,NIST_GROUND,2018_Apr_Jun_origins,fixed_period,12,full,24
67,3432.0,2115458.357231233,2325655.759660884,2115458.357231233,2046116.0910054306,2143718.3461075933,2021730.6616266684,6443307.722973279,NIST_GROUND,2018_Apr_Jun_origins,fixed_period,12,full,24
68,3375.0,1023929.8207048762,1149810.0695641928,1023929.8207048762,1194545.89312289,1060002.8669793527,1144245.6636416062,3252450.5783658787,NIST_GROUND,2018_Apr_Jun_origins,fixed_period,12,full,24
69,3396.0,2813598.5536395055,3157285.9191823783,2813598.5536395055,3080726.401205032,3170253.15705396,3041276.98957959,5403875.270467361,NIST_GROUND,2018_Apr_Jun_origins,fixed_period,12,full,24
70,3444.0,1365989.1066899826,1365806.732394197,1365989.1066899826,1290814.6186116047,1234337.2961039513,1273501.4483876904,11461832.161210086,NIST_GROUND,2018_Apr_Jun_origins,fixed_period,12,full,24
71,3456.0,589725.8072619208,696372.168770721,589725.8072619208,630748.5013731734,634580.7607996387,596527.0801806627,1741816.9718231994,NIST_GROUND,2018_Apr_Jun_origins,fixed_period,12,full,24
72,3456.0,2185414.9791858103,1831516.208690143,2185414.9791858103,1409415.394096879,1427352.6702411536,1498344.728658367,23222101.395836633,NIST_GROUND,2018_Apr_Jun_origins,fixed_period,12,full,24
73,3384.0,1913144.4884622437,2137282.8619589303,1913144.4884622437,1940844.5783066363,2113273.205323091,1934636.3865675328,7675159.71095284,NIST_GROUND,2018_Apr_Jun_origins,fixed_period,12,full,24
74,3326.0,623830.51845044,814543.9463664065,623830.51845044,1317340.7063994342,1211507.9451740396,1714002.0809466075,7706597.695703119,NIST_GROUND,2018_Apr_Jun_origins,fixed_period,12,full,24
75,3289.0,293412.92941837857,618981.4611305404,293412.92941837857,1608696.0713162275,1625777.9970897394,1881555.5269450499,239838.64574720003,NIST_GROUND,2018_Apr_Jun_origins,fixed_period,12,full,24
76,2198.0,731575.025671547,871557.4114231553,731575.025671547,736584.117794961,924412.8974944222,885647.8050914928,293301.19923664007,NIST_GROUND,2018_Apr_Jun_origins,fixed_period,12,full,24
77,862.0,1611685.372029742,1310427.510333809,1611685.372029742,1048586.2823618501,1237647.3154384412,1087798.3062193184,722609.2246151604,NIST_GROUND,2018_Apr_Jun_origins,fixed_period,12,full,24
78,857.0,1416298.5591281636,1269395.6989196273,1416298.5591281636,2025073.5285355886,1350634.5378087151,1729510.7178639977,914758.6496469195,NIST_GROUND,2018_Apr_Jun_origins,fixed_period,12,full,24
79,2063.0,6608509.072832835,6110847.307618789,6608509.072832835,5285552.238305422,5550028.526009061,5081199.617803707,11598586.70745864,NIST_GROUND,2018_Apr_Jun_origins,fixed_period,12,full,24
80,3181.0,2680239.5722710066,2886955.7318395977,2680239.5722710066,2511923.7461577887,2600098.9322874025,2713814.0405914746,8811860.353496168,NIST_GROUND,2018_Apr_Jun_origins,fixed_period,12,full,24
81,3456.0,2047975.446001626,2308230.4234636263,2047975.446001626,2161007.3250462757,2127525.9688938456,2236382.0846969173,4178868.254049601,NIST_GROUND,2018_Apr_Jun_origins,fixed_period,12,full,24
82,2158.0,1563559.9920344774,1424909.7420223285,1563559.9920344774,920408.8855213118,1002143.5583193846,901631.0316676524,5036939.098655839,NIST_GROUND,2018_Apr_Jun_origins,fixed_period,12,full,24
83,451.0,2071209.2062217493,1151009.389688116,2071209.2062217493,365141.1106977175,448177.04721108306,326310.91000053,742235.71465232,NIST_GROUND,2018_Apr_Jun_origins,fixed_period,12,full,24
84,322.0,1506334.8261423851,822105.8232695693,1506334.8261423851,266468.6784721136,311528.14175747207,233183.00408135704,0.0,NIST_GROUND,2018_Apr_Jun_origins,fixed_period,12,full,24
85,1175.0,1641968.9172581143,1199010.7825763198,1641968.9172581143,2267441.5635392545,1354264.0463302953,1683945.5232061124,9858080.42967888,NIST_GROUND,2018_Apr_Jun_origins,fixed_period,12,full,24
86,2907.0,2808444.9568786123,3057732.34610976,2808444.9568786123,2579768.9310961002,2468870.067279915,2418131.016226576,3255314.3842752017,NIST_GROUND,2018_Apr_Jun_origins,fixed_period,12,full,24
87,3456.0,1170624.3122396616,1056136.3709852905,1170624.3122396616,1133239.9269698213,1078974.2116472938,1175441.6709441876,15118031.244840471,NIST_GROUND,2018_Apr_Jun_origins,fixed_period,12,full,24
88,3456.0,3170130.546542701,3318167.613777492,3170130.546542701,3643647.3699448123,3570450.9481761935,3475583.5853130096,7375013.936447999,NIST_GROUND,2018_Apr_Jun_origins,fixed_period,12,full,24
89,3456.0,2457029.3406472183,2620562.1479954794,2457029.3406472183,1959733.976408316,2006337.1442828123,2077995.1325721352,9442703.778182881,NIST_GROUND,2018_Apr_Jun_origins,fixed_period,12,full,24
90,3456.0,341595.3873336602,499210.1971174134,341595.3873336602,334702.96444357076,425419.46390103095,377363.43740749266,1683531.9209745603,NIST_GROUND,2018_Apr_Jun_origins,fixed_period,12,full,24
0,6829.0,4522663.369938472,4766116.945940776,4522663.369938472,3999926.3987754094,3911268.821413135,3880908.8467133357,24475880.589227524,NIST_GROUND,2018_Apr_Jun_origins,fixed_period,12,full,48
1,6816.0,3980082.8280299767,3984104.804035316,3980082.8280299767,4606324.1931193,4134592.669910715,4165907.3606451694,19971279.1618064,NIST_GROUND,2018_Apr_Jun_origins,fixed_period,12,full,48
2,6912.0,4490646.396711494,5521617.364261998,4490646.396711494,4873476.468844874,4924813.894142796,4869556.364691742,14035608.265999673,NIST_GROUND,2018_Apr_Jun_origins,fixed_period,12,full,48
3,6840.0,3259019.641311412,3177554.829284874,3259019.641311412,2567938.9957125136,2523345.7554656724,2408805.2550701816,33924122.52743536,NIST_GROUND,2018_Apr_Jun_origins,fixed_period,12,full,48
4,6734.0,3521576.4122092654,3080750.356748258,3521576.4122092654,3882594.5149089405,3462382.673820822,4397496.08530646,49767271.05229783,NIST_GROUND,2018_Apr_Jun_origins,fixed_period,12,full,48
5,6852.0,5206031.7228621645,5839358.562268585,5206031.7228621645,6072806.777867096,6187191.589610038,6072000.491208421,14893112.452543834,NIST_GROUND,2018_Apr_Jun_origins,fixed_period,12,full,48
6,6805.0,1154482.2194251898,1928023.7259730748,1154482.2194251898,1220242.685603836,1526804.436410427,1501978.3592156877,4905889.321135203,NIST_GROUND,2018_Apr_Jun_origins,fixed_period,12,full,48
7,6673.0,2007191.8037428511,1487454.5466347411,2007191.8037428511,1821848.6057272526,2131025.995103734,1838833.9752189566,26403585.24322166,NIST_GROUND,2018_Apr_Jun_origins,fixed_period,12,full,48
8,6804.0,2907272.4522211007,2572170.0079689515,2907272.4522211007,3378512.740625351,3315335.633997607,3302184.3506888943,24694912.955414876,NIST_GROUND,2018_Apr_Jun_origins,fixed_period,12,full,48
9,6888.0,8373736.080864207,8994010.368681094,8373736.080864207,9244422.171485865,9039460.98259924,9121161.961797232,38866797.60685776,NIST_GROUND,2018_Apr_Jun_origins,fixed_period,12,full,48
10,6912.0,1148140.1786431745,1937011.0784090285,1148140.1786431745,1353465.2760646157,1256787.5085641476,1383639.963726294,4103874.6618158384,NIST_GROUND,2018_Apr_Jun_origins,fixed_period,12,full,48
11,6876.0,2248841.1734275557,2497861.8955089175,2248841.1734275557,2414809.7238781573,2157980.8078383687,2154263.433227771,14160814.263777284,NIST_GROUND,2018_Apr_Jun_origins,fixed_period,12,full,48
12,6864.0,2727445.0713631995,2441519.5223919298,2727445.0713631995,2933773.4446173185,2681788.7978661247,2727108.146201926,30768302.228258315,NIST_GROUND,2018_Apr_Jun_origins,fixed_period,12,full,48
13,6888.0,5427526.141768124,5140079.777615932,5427526.141768124,5737342.895881158,5325945.919758987,5198682.083418726,38699548.24422962,NIST_GROUND,2018_Apr_Jun_origins,fixed_period,12,full,48
14,6912.0,4684306.256452298,4922305.078043768,4684306.256452298,5199947.908286766,5248478.906282828,5466354.183941482,21479123.280276485,NIST_GROUND,2018_Apr_Jun_origins,fixed_period,12,full,48
15,6888.0,367052.87730752194,951681.9715933149,367052.87730752194,527408.3255329704,746751.6757765854,782525.1998325883,445563.16429136007,NIST_GROUND,2018_Apr_Jun_origins,fixed_period,12,full,48
16,6831.0,1835216.5439991092,2233743.784798116,1835216.5439991092,2043662.9802628346,2365906.46389927,2697318.314132396,4550956.97488112,NIST_GROUND,2018_Apr_Jun_origins,fixed_period,12,full,48
17,6852.0,4752345.753319569,5163974.947634715,4752345.753319569,4449938.994601946,4387780.682230393,4357124.908205336,16001139.519225923,NIST_GROUND,2018_Apr_Jun_origins,fixed_period,12,full,48
18,6852.0,5161473.936044296,5786084.077003327,5161473.936044296,4303781.803684882,4329307.395862542,4347933.267527304,17203445.24142393,NIST_GROUND,2018_Apr_Jun_origins,fixed_period,12,full,48
19,5518.0,9056739.219230648,9642912.27169712,9056739.219230648,7345559.192884451,7271377.180518728,6878825.645272305,13509006.682650315,NIST_GROUND,2018_Apr_Jun_origins,fixed_period,12,full,48
20,6531.0,2594902.872373186,3075429.1103211315,2594902.872373186,2503482.7278529387,2542322.7492036284,2670455.447686404,12832661.305259986,NIST_GROUND,2018_Apr_Jun_origins,fixed_period,12,full,48
21,6888.0,3102712.8132416876,2502696.087290971,3102712.8132416876,2775437.9625739665,2550385.1065129237,2507908.5454207384,39078699.58085083,NIST_GROUND,2018_Apr_Jun_origins,fixed_period,12,full,48
22,6888.0,2054409.0314230307,1999412.1911254763,2054409.0314230307,1880504.8513532819,2046530.8328221794,1956428.151052411,22532323.253732953,NIST_GROUND,2018_Apr_Jun_origins,fixed_period,12,full,48
23,6853.0,644321.4045821328,783150.000818422,644321.4045821328,1059027.4057464984,1015192.4813528244,949974.0510457788,1410700.3154140809,NIST_GROUND,2018_Apr_Jun_origins,fixed_period,12,full,48
24,6864.0,855774.8089788647,1636304.134714761,855774.8089788647,2051970.0996665421,2011431.9339066332,1998699.934594651,2717636.1642014384,NIST_GROUND,2018_Apr_Jun_origins,fixed_period,12,full,48
25,6912.0,2106455.3768304135,3310727.8953555743,2106455.3768304135,4047945.13189902,4202051.353294934,3985129.7109473604,5387346.615232801,NIST_GROUND,2018_Apr_Jun_origins,fixed_period,12,full,48
26,6888.0,4313320.109985867,4467867.902644247,4313320.109985867,4667853.24682326,4757688.03108632,4598693.787809686,21528033.283414397,NIST_GROUND,2018_Apr_Jun_origins,fixed_period,12,full,48
27,6900.0,2323119.149359853,3054097.416055299,2323119.149359853,2130878.168993448,2126941.076736146,2225901.5750148008,5464637.9234136,NIST_GROUND,2018_Apr_Jun_origins,fixed_period,12,full,48
28,6912.0,4068555.6488942993,4552937.507435159,4068555.6488942993,3782236.690208033,3699450.7247861247,3670977.7415165906,16222929.6192312,NIST_GROUND,2018_Apr_Jun_origins,fixed_period,12,full,48
29,6864.0,2746294.029502244,2940471.260556999,2746294.029502244,3054240.6053877748,2882918.109187224,2973098.948360194,10602730.781869601,NIST_GROUND,2018_Apr_Jun_origins,fixed_period,12,full,48
30,6864.0,4311679.969041476,4700333.763086918,4311679.969041476,4434961.241861198,4400702.197110331,4444957.796708679,16145863.765079848,NIST_GROUND,2018_Apr_Jun_origins,fixed_period,12,full,48
31,6912.0,2932111.0363661954,3173913.5272410335,2932111.0363661954,3061124.184663392,2820226.0945576075,3032387.980557113,17951154.053379852,NIST_GROUND,2018_Apr_Jun_origins,fixed_period,12,full,48
32,6912.0,8819471.913173491,9153774.221841024,8819471.913173491,7495330.10771266,7633173.832785565,7497611.3351149,29282370.312469915,NIST_GROUND,2018_Apr_Jun_origins,fixed_period,12,full,48
33,6888.0,7068403.6188251935,7909928.336504762,7068403.6188251935,6552067.049899331,6730331.875556127,6544624.336679838,12639431.50553487,NIST_GROUND,2018_Apr_Jun_origins,fixed_period,12,full,48
34,6771.0,3837528.3743443815,4307095.988746568,3837528.3743443815,4275272.294327919,4230256.024033312,4185522.653221196,8656325.848833239,NIST_GROUND,2018_Apr_Jun_origins,fixed_period,12,full,48
35,6900.0,1955714.9139519013,2062178.901164919,1955714.9139519013,1921563.1199847762,1868918.0569035893,1870028.5285683537,13203649.13303329,NIST_GROUND,2018_Apr_Jun_origins,fixed_period,12,full,48
36,6840.0,4098559.467648054,3968799.0706490725,4098559.467648054,3350259.9724035165,3540625.8755642446,3432981.115225902,30897261.10678945,NIST_GROUND,2018_Apr_Jun_origins,fixed_period,12,full,48
37,6615.0,917243.4478688187,1433525.4074969466,917243.4478688187,2926036.7777156592,2837285.9422637774,3595557.607891655,7946436.341450312,NIST_GROUND,2018_Apr_Jun_origins,fixed_period,12,full,48
38,3060.0,2343260.3977012895,2181984.921756965,2343260.3977012895,1785170.4001568118,2162060.212932864,1973446.1113108103,1015910.4238518005,NIST_GROUND,2018_Apr_Jun_origins,fixed_period,12,full,48
39,2920.0,8024807.631960998,7380243.006538414,8024807.631960998,7310625.766841008,6900663.063817776,6810710.335667705,12513345.357105559,NIST_GROUND,2018_Apr_Jun_origins,fixed_period,12,full,48
40,6637.0,4728215.018272629,5195186.155303222,4728215.018272629,4672931.07120406,4727624.901181247,4950196.1252884,12990728.607545769,NIST_GROUND,2018_Apr_Jun_origins,fixed_period,12,full,48
41,2609.0,3634769.198256226,2575919.131710445,3634769.198256226,1285549.9962190297,1450320.6055304674,1227941.941668182,5779174.813308158,NIST_GROUND,2018_Apr_Jun_origins,fixed_period,12,full,48
42,1497.0,3148303.7434004988,2021116.60584589,3148303.7434004988,2533910.2420113683,1665792.188087767,1917128.5272874692,9858080.42967888,NIST_GROUND,2018_Apr_Jun_origins,fixed_period,12,full,48
43,6363.0,3979069.269118274,4113868.7170950533,3979069.269118274,3713008.8580659186,3547844.278927209,3593572.687170766,18373345.629115686,NIST_GROUND,2018_Apr_Jun_origins,fixed_period,12,full,48
44,6912.0,5627159.887189917,5938729.761772975,5627159.887189917,5603381.346353128,5576788.092459002,5553578.717885145,16817717.71463088,NIST_GROUND,2018_Apr_Jun_origins,fixed_period,12,full,48
45,3456.0,341595.3873336602,499210.1971174134,341595.3873336602,334702.96444357076,425419.46390103095,377363.43740749266,1683531.9209745603,NIST_GROUND,2018_Apr_Jun_origins,fixed_period,12,full,48
0,10213.0,5009130.567782926,5262579.224891026,5009130.567782926,4619198.675828037,4534820.63002202,4437324.551243016,28511097.800396975,NIST_GROUND,2018_Apr_Jun_origins,fixed_period,12,full,72
1,10344.0,7984262.026897017,9009259.889347073,7984262.026897017,8860528.384911569,8435854.755444622,8479048.020807229,29971670.216636643,NIST_GROUND,2018_Apr_Jun_origins,fixed_period,12,full,72
2,10213.0,5035274.056570316,4730698.349316434,5035274.056570316,4488865.520670336,4340318.102875798,4734860.010558074,57877672.94813818,NIST_GROUND,2018_Apr_Jun_origins,fixed_period,12,full,72
3,10213.0,6951353.719812524,7366965.398985291,6951353.719812524,8034474.767818213,7832601.916020736,8143441.82102699,40706833.08413884,NIST_GROUND,2018_Apr_Jun_origins,fixed_period,12,full,72
4,10154.0,2351578.4116120744,2408536.954515892,2351578.4116120744,2075337.7729295576,2572181.51068382,2322922.7029259,29628491.026145604,NIST_GROUND,2018_Apr_Jun_origins,fixed_period,12,full,72
5,10128.0,3717368.0637770677,3579111.326060876,3717368.0637770677,4345266.259026873,4400984.55482793,4320073.982197643,26375896.493626118,NIST_GROUND,2018_Apr_Jun_origins,fixed_period,12,full,72
6,10344.0,8696523.154667573,9737011.485085797,8696523.154667573,9644507.325293427,9415696.70105795,9596384.197671598,40330910.69672401,NIST_GROUND,2018_Apr_Jun_origins,fixed_period,12,full,72
7,10332.0,3074194.278267371,3691871.8575132443,3074194.278267371,3368189.8461351986,3038532.597943808,3062681.16107968,16800575.83572688,NIST_GROUND,2018_Apr_Jun_origins,fixed_period,12,full,72
8,10296.0,5435439.927554922,4986486.922716599,5435439.927554922,5805780.077994614,5342668.024972138,5480365.640323668,52769630.91813018,NIST_GROUND,2018_Apr_Jun_origins,fixed_period,12,full,72
9,10368.0,7403837.5420286935,7517417.455335025,7403837.5420286935,8065284.170790623,7913545.598935812,7911778.773238471,38177342.83463424,NIST_GROUND,2018_Apr_Jun_origins,fixed_period,12,full,72
10,10332.0,556879.719424965,1349429.5322949213,556879.719424965,667578.6380964258,1011803.7756111368,1014788.78287638,567921.9640246397,NIST_GROUND,2018_Apr_Jun_origins,fixed_period,12,full,72
11,10239.0,6397735.455201237,6999971.171731223,6397735.455201237,6353431.662301324,6488635.046295113,6822179.639293938,20429737.694373745,NIST_GROUND,2018_Apr_Jun_origins,fixed_period,12,full,72
12,9772.0,8438402.156193439,9489879.612416614,8438402.156193439,7166171.777710681,7389355.846855581,7207018.748326848,20295603.25338396,NIST_GROUND,2018_Apr_Jun_origins,fixed_period,12,full,72
13,9129.0,8374713.871454692,9014545.84660496,8374713.871454692,6986651.946711609,6753651.478729324,6690195.612159172,23249509.97595032,NIST_GROUND,2018_Apr_Jun_origins,fixed_period,12,full,72
14,10344.0,4181265.2847228684,3857862.0970466346,4181265.2847228684,3815036.0844535376,3786086.4394031083,3595161.363460199,42722614.36423626,NIST_GROUND,2018_Apr_Jun_origins,fixed_period,12,full,72
15,10285.0,1620177.964523981,1427396.1821882296,1620177.964523981,1899934.1352202059,1826021.9812848198,1819149.384058723,20299108.785761587,NIST_GROUND,2018_Apr_Jun_origins,fixed_period,12,full,72
16,10320.0,1291385.3356978805,3047906.7481022375,1291385.3356978805,4290541.675217318,4463496.1418176815,4266554.912628656,2717636.1642014384,NIST_GROUND,2018_Apr_Jun_origins,fixed_period,12,full,72
17,10344.0,5984164.96009726,6366993.184612352,5984164.96009726,6477226.803171496,6507675.176470215,6315968.520723033,26915379.8986472,NIST_GROUND,2018_Apr_Jun_origins,fixed_period,12,full,72
18,10356.0,5276701.323282772,6601478.881174534,5276701.323282772,4895378.093592626,4877795.247494407,4909515.2428346705,9033692.308530243,NIST_GROUND,2018_Apr_Jun_origins,fixed_period,12,full,72
19,10320.0,3861267.5044736294,3946027.3028729237,3861267.5044736294,4071977.370996628,3831514.6632150896,3960463.0220569125,23256606.015984174,NIST_GROUND,2018_Apr_Jun_origins,fixed_period,12,full,72
20,10320.0,6768248.16999417,7591046.47387237,6768248.16999417,7080087.289039453,6807752.279186013,7068780.424849968,25869668.31400402,NIST_GROUND,2018_Apr_Jun_origins,fixed_period,12,full,72
21,10368.0,9295014.748586984,9436975.038296603,9295014.748586984,7911328.245197792,8046349.845267484,7906176.687530719,37509719.81692562,NIST_GROUND,2018_Apr_Jun_origins,fixed_period,12,full,72
22,10263.0,8092333.439530063,9059738.406068945,8092333.439530063,7746612.943022225,7790334.742535481,7688870.000321444,15891882.083900752,NIST_GROUND,2018_Apr_Jun_origins,fixed_period,12,full,72
23,10296.0,4769313.467591405,5219464.8203473,4769313.467591405,5002289.521189809,5039171.213957547,4911305.518147945,18607524.403500624,NIST_GROUND,2018_Apr_Jun_origins,fixed_period,12,full,72
24,10166.0,4722389.986098503,4783343.017015472,4722389.986098503,4667600.6788029475,4752133.820738288,5146983.19617251,38603858.802492544,NIST_GROUND,2018_Apr_Jun_origins,fixed_period,12,full,72
25,6349.0,2636673.327119667,2800966.3828875017,2636673.327119667,3393866.471473036,3787838.210022606,3855001.6382558583,1255749.0695990005,NIST_GROUND,2018_Apr_Jun_origins,fixed_period,12,full,72
26,6101.0,10705047.204232007,10267198.738378016,10705047.204232007,9822549.5129988,9500761.996105187,9524524.376259185,21325205.71060171,NIST_GROUND,2018_Apr_Jun_origins,fixed_period,12,full,72
27,6065.0,5682744.64425785,4884149.555174075,5682744.64425785,3446557.321265304,3577846.574424314,3464324.0263651004,9958043.06735776,NIST_GROUND,2018_Apr_Jun_origins,fixed_period,12,full,72
28,4404.0,5956748.700279113,5078848.95195565,5956748.700279113,5113679.173107468,4134662.25536768,4335259.54351405,13113394.813954065,NIST_GROUND,2018_Apr_Jun_origins,fixed_period,12,full,72
29,10368.0,6797784.199429575,6994866.132758265,6797784.199429575,6736621.273322952,6655762.304106305,6729020.388829333,31935748.95947135,NIST_GROUND,2018_Apr_Jun_origins,fixed_period,12,full,72
30,3456.0,341595.3873336602,499210.1971174134,341595.3873336602,334702.96444357076,425419.46390103095,377363.43740749266,1683531.9209745603,NIST_GROUND,2018_Apr_Jun_origins,fixed_period,12,full,72
0,1620.0,3493237.169181859,3580395.536224549,3493237.169181859,2865295.345429792,2696747.828798376,2772847.100538719,19516425.30495679,NIST_GROUND,2018_Apr_Jun_origins,fixed_period,12,power-active,24
1,1417.0,952806.6422864555,1057892.6476060296,952806.6422864555,981481.5507798818,1103585.963664363,1010203.0037110518,4939432.145595998,NIST_GROUND,2018_Apr_Jun_origins,fixed_period,12,power-active,24
2,1560.0,414209.187306945,333750.84498015116,414209.187306945,487761.71330470144,492375.87462913856,456474.74396290124,4029728.532269121,NIST_GROUND,2018_Apr_Jun_origins,fixed_period,12,power-active,24
3,1620.0,3361608.3337520203,3210550.846307567,3361608.3337520203,3726943.185210357,3307680.025840605,3406045.966377474,15890973.047294406,NIST_GROUND,2018_Apr_Jun_origins,fixed_period,12,power-active,24
4,1704.0,3287072.777553923,3672768.457118704,3287072.777553923,3142697.3205152005,3285019.189809856,3251792.7137652966,10327766.635869592,NIST_GROUND,2018_Apr_Jun_origins,fixed_period,12,power-active,24
5,1692.0,1120114.826862299,1693789.70937891,1120114.826862299,1603179.3562840507,1560621.217376184,1534632.0155538241,3707503.8920836826,NIST_GROUND,2018_Apr_Jun_origins,fixed_period,12,power-active,24
6,1500.0,483739.2200566257,366787.12312986987,483739.2200566257,315622.9575049039,388553.3790939894,355809.48822123534,11299243.941578882,NIST_GROUND,2018_Apr_Jun_origins,fixed_period,12,power-active,24
7,1680.0,2666865.5353341848,2648701.8923324593,2666865.5353341848,1989917.9783362665,1904283.2445484675,1891309.380993668,22595422.128190722,NIST_GROUND,2018_Apr_Jun_origins,fixed_period,12,power-active,24
8,1429.0,1665988.7777829894,1471368.3826655725,1665988.7777829894,1806249.0970782405,1740400.2054989482,2243337.824988827,23793891.921784315,NIST_GROUND,2018_Apr_Jun_origins,fixed_period,12,power-active,24
9,1690.0,1693595.6858829132,1445525.6768821958,1693595.6858829132,1877975.6715937192,1592023.9298724097,2032588.4890630879,25813568.426262327,NIST_GROUND,2018_Apr_Jun_origins,fixed_period,12,power-active,24
10,1680.0,3229776.285285225,3552794.1498784916,3229776.285285225,3221429.240643066,3360995.633198072,3221390.1444080537,8572608.674773442,NIST_GROUND,2018_Apr_Jun_origins,fixed_period,12,power-active,24
11,1668.0,1879474.857590939,2132322.2627030443,1879474.857590939,2705218.0032175565,2743723.445482267,2759106.907709109,6316563.006995684,NIST_GROUND,2018_Apr_Jun_origins,fixed_period,12,power-active,24
12,1704.0,576108.1357514978,882810.9618360022,576108.1357514978,611540.6094635277,702213.5381445981,723880.8599907691,4041703.337012162,NIST_GROUND,2018_Apr_Jun_origins,fixed_period,12,power-active,24
13,1740.0,433857.9996369211,807362.4852562072,433857.9996369211,443990.3643542833,564137.2618083335,602490.3544774198,864078.79317072,NIST_GROUND,2018_Apr_Jun_origins,fixed_period,12,power-active,24
14,1597.0,1133491.448238038,389596.3762813199,1133491.448238038,746635.1570668997,933123.2857761607,738096.1777840756,24710821.63315856,NIST_GROUND,2018_Apr_Jun_origins,fixed_period,12,power-active,24
15,1452.0,661345.145630112,759631.6233586471,661345.145630112,776315.4989701246,908169.838188299,886778.3105871654,1662318.2164036797,NIST_GROUND,2018_Apr_Jun_origins,fixed_period,12,power-active,24
16,1608.0,1579296.1666868,1654774.9364617828,1579296.1666868,1734038.4750442393,1781643.2487050123,1696895.583112404,2038670.04408528,NIST_GROUND,2018_Apr_Jun_origins,fixed_period,12,power-active,24
17,1717.0,1209048.5315221068,759630.9904215314,1209048.5315221068,1444233.996465085,1352173.3175962283,1490446.4000946388,22655883.313190866,NIST_GROUND,2018_Apr_Jun_origins,fixed_period,12,power-active,24
18,1692.0,7361291.325787623,8073270.147859119,7361291.325787623,8506461.795719784,8479207.725649169,8272008.231098669,17236114.060627192,NIST_GROUND,2018_Apr_Jun_origins,fixed_period,12,power-active,24
19,1764.0,866283.8232809067,778233.1766627645,866283.8232809067,531906.3236498875,433133.7689226982,718708.3004900304,21180071.58987025,NIST_GROUND,2018_Apr_Jun_origins,fixed_period,12,power-active,24
20,1800.0,288113.7078007759,702353.9089183932,288113.7078007759,327480.5007186723,346095.84111428587,448071.33706048474,1464067.8868209594,NIST_GROUND,2018_Apr_Jun_origins,fixed_period,12,power-active,24
21,1800.0,798511.5489415503,1139969.4939654805,798511.5489415503,872872.2904354823,848745.2139945212,872931.2232692596,2639458.283985119,NIST_GROUND,2018_Apr_Jun_origins,fixed_period,12,power-active,24
22,1816.0,1480633.4022204112,1880017.8099098718,1480633.4022204112,1777752.857198443,1463125.0522542577,1486928.0187188433,2123566.026310639,NIST_GROUND,2018_Apr_Jun_origins,fixed_period,12,power-active,24
23,1644.0,683397.4473969653,498335.3815932615,683397.4473969653,510420.19439704344,573207.7460931692,545897.6563871481,12015457.71607824,NIST_GROUND,2018_Apr_Jun_origins,fixed_period,12,power-active,24
24,1728.0,725878.0384068867,820480.8554697417,725878.0384068867,892331.8242609431,773919.3304418368,812059.2023866993,1393088.8748462393,NIST_GROUND,2018_Apr_Jun_origins,fixed_period,12,power-active,24
25,1751.0,1929176.8237627354,1458338.7320767224,1929176.8237627354,1914664.577611972,1802437.8076820052,1796291.741237764,29374280.832460277,NIST_GROUND,2018_Apr_Jun_origins,fixed_period,12,power-active,24
26,1596.0,2567556.498709738,2480156.432826627,2567556.498709738,2793165.6783676553,2606608.4601360112,2701108.010605009,21818704.92566833,NIST_GROUND,2018_Apr_Jun_origins,fixed_period,12,power-active,24
27,1788.0,2702349.3179751923,2559274.108018517,2702349.3179751923,2783375.834022954,2627447.411858723,2400624.780000048,16696293.349804815,NIST_GROUND,2018_Apr_Jun_origins,fixed_period,12,power-active,24
28,1776.0,4022635.166211232,4146960.582271386,4022635.166211232,4501824.831116815,4459485.228269359,4592399.291205045,12842018.259045124,NIST_GROUND,2018_Apr_Jun_origins,fixed_period,12,power-active,24
29,1776.0,561037.3473636904,647214.4907177916,561037.3473636904,531633.2587586293,691399.7016005999,777206.8152683345,8636297.4063264,NIST_GROUND,2018_Apr_Jun_origins,fixed_period,12,power-active,24
30,1800.0,127909.24194279379,446116.42557893647,127909.24194279379,259639.07761307355,429956.17011476785,465953.6658140942,228167.70858624,NIST_GROUND,2018_Apr_Jun_origins,fixed_period,12,power-active,24
31,1824.0,164721.40372323274,383025.6700090546,164721.40372323274,166286.67688979802,243086.40516267458,240675.76214122452,217280.63667871998,NIST_GROUND,2018_Apr_Jun_origins,fixed_period,12,power-active,24
32,1848.0,148449.6830950302,328792.92678858904,148449.6830950302,116053.67217047665,230294.50699782924,196987.43151194495,122273.0624688,NIST_GROUND,2018_Apr_Jun_origins,fixed_period,12,power-active,24
33,1539.0,1522112.6659244236,1673664.2519383663,1522112.6659244236,1823662.7533229324,1993852.4644676587,2376665.426708927,4326237.461196322,NIST_GROUND,2018_Apr_Jun_origins,fixed_period,12,power-active,24
34,1632.0,927204.4925883206,836424.9148513479,927204.4925883206,827755.5493174078,816882.0009588405,859882.4215409793,12275040.38002896,NIST_GROUND,2018_Apr_Jun_origins,fixed_period,12,power-active,24
35,1740.0,3775508.2442900348,4215708.763144842,3775508.2442900348,3501226.188774441,3461499.005850544,3382624.3695796677,3725740.9754719995,NIST_GROUND,2018_Apr_Jun_origins,fixed_period,12,power-active,24
36,1836.0,3456355.846278824,3709103.3778313026,3456355.846278824,2767660.6083103637,2738612.6479703938,2697543.6829183307,12383348.712074408,NIST_GROUND,2018_Apr_Jun_origins,fixed_period,12,power-active,24
37,1825.0,1627184.672112655,1922530.8591364902,1627184.672112655,1409147.7777221804,1467814.424561531,1529500.2185733325,4819917.76213992,NIST_GROUND,2018_Apr_Jun_origins,fixed_period,12,power-active,24
38,1836.0,2829144.3106841333,3253557.6834632084,2829144.3106841333,2736215.8660655916,2868090.889938566,2739047.5958786104,3092154.4784083194,NIST_GROUND,2018_Apr_Jun_origins,fixed_period,12,power-active,24
39,1788.0,4884205.228644941,5451774.92696755,4884205.228644941,4331748.12825893,3972717.1628314173,3848199.7318442995,10391119.217248,NIST_GROUND,2018_Apr_Jun_origins,fixed_period,12,power-active,24
40,1836.0,1004000.3965408126,970215.4272882655,1004000.3965408126,674647.6386064853,820024.7085943464,827945.1317616319,10949780.880203515,NIST_GROUND,2018_Apr_Jun_origins,fixed_period,12,power-active,24
41,1836.0,1452806.6986176756,1929780.2810544223,1452806.6986176756,1715632.5329747493,1616377.7154254005,1768235.394610572,1873496.384373119,NIST_GROUND,2018_Apr_Jun_origins,fixed_period,12,power-active,24
42,1680.0,1408658.648988537,994361.9254142152,1408658.648988537,1110156.3160438705,1078257.79852288,999387.3577327112,21134520.366913434,NIST_GROUND,2018_Apr_Jun_origins,fixed_period,12,power-active,24
43,1596.0,1536236.0255486432,1186810.0245804642,1536236.0255486432,1520641.0276913135,1346337.079275003,1389989.284372405,17922654.90341712,NIST_GROUND,2018_Apr_Jun_origins,fixed_period,12,power-active,24
44,1824.0,1050169.0928519266,1233827.5850759281,1050169.0928519266,990107.8657023793,1196064.780545298,1053563.285405978,3643816.219399678,NIST_GROUND,2018_Apr_Jun_origins,fixed_period,12,power-active,24
45,1620.0,942188.5240494802,568702.022688639,942188.5240494802,793544.4998490245,764536.379553337,810055.434321324,18828689.08384929,NIST_GROUND,2018_Apr_Jun_origins,fixed_period,12,power-active,24
46,1764.0,421574.77953294123,439279.07878283865,421574.77953294123,605675.5626298013,559558.8355401948,534937.5220843573,869748.7917931202,NIST_GROUND,2018_Apr_Jun_origins,fixed_period,12,power-active,24
47,1597.0,170741.94108407167,191432.48421307496,170741.94108407167,368764.1195192802,393129.36444828013,331316.0643868784,524991.4376409601,NIST_GROUND,2018_Apr_Jun_origins,fixed_period,12,power-active,24
48,1752.0,239704.6438866695,310366.02041006164,239704.6438866695,328737.1948084494,350276.09446801705,337606.6274635077,342181.9034726401,NIST_GROUND,2018_Apr_Jun_origins,fixed_period,12,power-active,24
49,0.0,0.0,0.0,0.0,0.0,0.0,0.0,0.0,NIST_GROUND,2018_Apr_Jun_origins,fixed_period,12,power-active,24
50,0.0,0.0,0.0,0.0,0.0,0.0,0.0,0.0,NIST_GROUND,2018_Apr_Jun_origins,fixed_period,12,power-active,24
51,1476.0,1421066.1332487373,1507589.105014031,1421066.1332487373,1465363.5108048816,1434404.9371670021,1416111.4182495151,5387196.000101761,NIST_GROUND,2018_Apr_Jun_origins,fixed_period,12,power-active,24
52,1872.0,3907415.6883193534,3901134.945894674,3907415.6883193534,3755368.899431191,3951178.966860394,3801213.5151788066,15408861.126445921,NIST_GROUND,2018_Apr_Jun_origins,fixed_period,12,power-active,24
53,1872.0,347778.35200809874,415080.75762191304,347778.35200809874,809164.0588362471,723299.967872594,707141.6777269465,6118867.042895363,NIST_GROUND,2018_Apr_Jun_origins,fixed_period,12,power-active,24
54,1884.0,137486.05762118485,327077.6181207617,137486.05762118485,126684.65251108336,240786.01461487007,278706.0446020239,145174.28248032,NIST_GROUND,2018_Apr_Jun_origins,fixed_period,12,power-active,24
55,1920.0,2137391.196998481,2598087.4131557564,2137391.196998481,1896505.4245514285,1800815.0644229595,1847033.3840393103,5087022.02479056,NIST_GROUND,2018_Apr_Jun_origins,fixed_period,12,power-active,24
56,1800.0,2927749.0812187893,3471646.0981890904,2927749.0812187893,2717501.033506926,2721090.9771921546,2651404.582372355,3555283.940085599,NIST_GROUND,2018_Apr_Jun_origins,fixed_period,12,power-active,24
57,1788.0,1074886.2395039932,950922.8257128795,1074886.2395039932,985908.1997626395,921140.0078870973,957561.9665497513,12642606.896065446,NIST_GROUND,2018_Apr_Jun_origins,fixed_period,12,power-active,24
58,1908.0,1330296.140122381,1430251.8839123363,1330296.140122381,1387782.2758117043,1348862.5018990461,1287644.8505607315,3847990.6024260833,NIST_GROUND,2018_Apr_Jun_origins,fixed_period,12,power-active,24
59,1656.0,1360348.1910183376,1342866.5717015162,1360348.1910183376,1568571.8656931676,1436162.169714593,1569097.761728976,6710043.267548479,NIST_GROUND,2018_Apr_Jun_origins,fixed_period,12,power-active,24
60,1512.0,1953278.0631301664,2127688.4029612923,1953278.0631301664,2304087.176880011,2237960.1484984835,2206817.586780733,5695958.909171846,NIST_GROUND,2018_Apr_Jun_origins,fixed_period,12,power-active,24
61,1908.0,2225093.8275888762,2305428.07897372,2225093.8275888762,1947170.8272413092,1973577.7698321757,2055399.6221001248,10304210.346212156,NIST_GROUND,2018_Apr_Jun_origins,fixed_period,12,power-active,24
62,1656.0,2416879.6386174927,2741399.7494900604,2416879.6386174927,2606040.9737786856,2364746.0419637486,2562502.210218517,9369209.772704642,NIST_GROUND,2018_Apr_Jun_origins,fixed_period,12,power-active,24
63,1704.0,434996.02494294517,182042.1411179658,434996.02494294517,372238.39605893445,375492.38780178357,363526.1967053684,8153395.092059039,NIST_GROUND,2018_Apr_Jun_origins,fixed_period,12,power-active,24
64,1884.0,4490784.995918159,4544593.460451294,4490784.995918159,3733943.5648337584,3811093.6686442606,3856346.465439492,19314260.67565824,NIST_GROUND,2018_Apr_Jun_origins,fixed_period,12,power-active,24
65,1908.0,4290531.569278948,4512811.04444213,4290531.569278948,3653153.901094501,3750090.4120446723,3569268.9809469315,9966580.503895687,NIST_GROUND,2018_Apr_Jun_origins,fixed_period,12,power-active,24
66,1920.0,4932427.889075037,5531275.761589077,4932427.889075037,4426317.429069053,4547784.874497354,4475981.282349554,6196024.939055045,NIST_GROUND,2018_Apr_Jun_origins,fixed_period,12,power-active,24
67,1920.0,2096794.1278564408,2268247.434815924,2096794.1278564408,1993757.4369926995,2107889.9220292885,1979110.0961557177,6443087.357931521,NIST_GROUND,2018_Apr_Jun_origins,fixed_period,12,power-active,24
68,1876.0,982847.3094846356,1099102.0777237401,982847.3094846356,1126560.3460156654,984803.8419844882,1076416.8330492994,3252417.2884095595,NIST_GROUND,2018_Apr_Jun_origins,fixed_period,12,power-active,24
69,1860.0,2633604.1761757606,2945573.196727043,2633604.1761757606,2842458.6682090154,2919381.4861253826,2805713.8943818556,5379318.53026192,NIST_GROUND,2018_Apr_Jun_origins,fixed_period,12,power-active,24
70,1848.0,1335210.1624843238,1302925.1751856084,1335210.1624843238,1230873.1794335598,1185570.1040648958,1218841.2860004825,11456827.566768967,NIST_GROUND,2018_Apr_Jun_origins,fixed_period,12,power-active,24
71,1788.0,542144.0246678701,624948.8838670588,542144.0246678701,581012.3268064354,601587.4179150541,562803.6387727612,1729447.4045015995,NIST_GROUND,2018_Apr_Jun_origins,fixed_period,12,power-active,24
72,1884.0,2158559.3652232834,1754923.4465899589,2158559.3652232834,1358635.4720661964,1396451.596512132,1471346.2854361013,23221775.2921872,NIST_GROUND,2018_Apr_Jun_origins,fixed_period,12,power-active,24
73,1888.0,1829027.8746579066,1973770.0489989624,1829027.8746579066,1821649.5149598594,1923468.3827883112,1796247.2577631273,7650452.447204599,NIST_GROUND,2018_Apr_Jun_origins,fixed_period,12,power-active,24
74,1803.0,562149.5527227551,701851.7448822666,562149.5527227551,1204744.9873671813,1078309.231280748,1591232.0438492063,7705710.839262001,NIST_GROUND,2018_Apr_Jun_origins,fixed_period,12,power-active,24
75,1789.0,207774.83076359957,496605.1637859545,207774.83076359957,1484005.9647814182,1488088.0250679492,1801657.5019607157,239679.62235391993,NIST_GROUND,2018_Apr_Jun_origins,fixed_period,12,power-active,24
76,1157.0,387399.70066290116,532584.5923143333,387399.70066290116,579006.5952940957,739395.8561206165,769796.1545394151,293290.21201492,NIST_GROUND,2018_Apr_Jun_origins,fixed_period,12,power-active,24
77,392.0,962842.4118074836,672226.1751910707,962842.4118074836,915088.0267110518,943089.0716275516,921805.9331875634,722481.7963446801,NIST_GROUND,2018_Apr_Jun_origins,fixed_period,12,power-active,24
78,598.0,706372.1457501013,742719.0796583018,706372.1457501013,1888334.5823126598,1152177.6751531516,1588853.9783966157,914336.4188815993,NIST_GROUND,2018_Apr_Jun_origins,fixed_period,12,power-active,24
79,1277.0,5779517.999943422,5638614.522225848,5779517.999943422,4949169.527521832,5090445.228687639,4759930.540668518,9705747.187308958,NIST_GROUND,2018_Apr_Jun_origins,fixed_period,12,power-active,24
80,1716.0,2543593.3101840583,2816637.526267481,2543593.3101840583,2433653.0626641596,2529902.3024618933,2655919.3218630524,8801926.0124568,NIST_GROUND,2018_Apr_Jun_origins,fixed_period,12,power-active,24
81,1920.0,2025722.0444824346,2238223.7123932084,2025722.0444824346,2125825.5032655704,2094128.3867869282,2200838.9664494637,4171792.5918417615,NIST_GROUND,2018_Apr_Jun_origins,fixed_period,12,power-active,24
82,1044.0,529105.3557586453,522658.8412462503,529105.3557586453,483927.0295144725,485922.34424440406,484407.58917686105,4020529.55185824,NIST_GROUND,2018_Apr_Jun_origins,fixed_period,12,power-active,24
83,0.0,0.0,0.0,0.0,0.0,0.0,0.0,0.0,NIST_GROUND,2018_Apr_Jun_origins,fixed_period,12,power-active,24
84,0.0,0.0,0.0,0.0,0.0,0.0,0.0,0.0,NIST_GROUND,2018_Apr_Jun_origins,fixed_period,12,power-active,24
85,602.0,1063925.894258967,971227.1631858232,1063925.894258967,2190586.2420589635,1239740.796000638,1610233.1151419722,9858030.715673279,NIST_GROUND,2018_Apr_Jun_origins,fixed_period,12,power-active,24
86,1656.0,2695624.495574557,3004317.038264601,2695624.495574557,2530819.1553843264,2429643.115489624,2385538.5755662844,3246328.9934688006,NIST_GROUND,2018_Apr_Jun_origins,fixed_period,12,power-active,24
87,1860.0,1139803.6757448337,989328.8216129267,1139803.6757448337,1098547.2645085973,1047036.660368248,1135497.6598556477,15114381.87232895,NIST_GROUND,2018_Apr_Jun_origins,fixed_period,12,power-active,24
88,1896.0,3137475.522539003,3245953.5785480766,3137475.522539003,3591075.5840306426,3508407.4431751515,3408226.0148776793,7374885.104417757,NIST_GROUND,2018_Apr_Jun_origins,fixed_period,12,power-active,24
89,1956.0,2423164.6578461677,2569019.838360771,2423164.6578461677,1920803.1925655468,1968746.6063100277,2034985.14284617,9442694.448252954,NIST_GROUND,2018_Apr_Jun_origins,fixed_period,12,power-active,24
90,1896.0,315032.0712639915,449845.0769317111,315032.0712639915,300838.4898850596,384868.2575394602,333299.32740830106,1682203.5665971206,NIST_GROUND,2018_Apr_Jun_origins,fixed_period,12,power-active,24
0,3037.0,4446043.811468317,4638288.18383058,4446043.811468317,3846776.8962096744,3800333.792462742,3783050.1042497703,24455857.45055279,NIST_GROUND,2018_Apr_Jun_origins,fixed_period,12,power-active,48
1,3180.0,3775817.521058965,3544301.691287718,3775817.521058965,4214704.898515059,3800055.900469743,3862520.7103403755,19920701.57956353,NIST_GROUND,2018_Apr_Jun_origins,fixed_period,12,power-active,48
2,3396.0,4407187.604416221,5366558.166497617,4407187.604416221,4745876.676799254,4845640.407186043,4786424.729319126,14035270.527953269,NIST_GROUND,2018_Apr_Jun_origins,fixed_period,12,power-active,48
3,3180.0,3150604.75539081,3015489.01546233,3150604.75539081,2305540.9358411697,2292836.6236424576,2247118.8692149036,33894666.06976959,NIST_GROUND,2018_Apr_Jun_origins,fixed_period,12,power-active,48
4,3119.0,3359584.463665904,2916894.0595477675,3359584.463665904,3684224.7686719587,3332424.135371357,4275926.314051913,49607460.34804663,NIST_GROUND,2018_Apr_Jun_origins,fixed_period,12,power-active,48
5,3348.0,5109251.142876167,5685116.412581535,5109251.142876167,5926647.243860629,6104719.078680335,5980497.052117161,14889171.681769114,NIST_GROUND,2018_Apr_Jun_origins,fixed_period,12,power-active,48
6,3444.0,1009966.1353884189,1690173.4470922109,1009966.1353884189,1055530.97381781,1266350.7999529322,1326371.2144681881,4905782.130182885,NIST_GROUND,2018_Apr_Jun_origins,fixed_period,12,power-active,48
7,3049.0,1794836.593868152,1149227.9996399672,1794836.593868152,1522950.6560370245,1841293.1239644615,1624874.4883712407,26373139.849562254,NIST_GROUND,2018_Apr_Jun_origins,fixed_period,12,power-active,48
8,3325.0,2788344.698208907,2414405.926883314,2788344.698208907,3178272.4715093235,3133816.566301241,3187341.9832070423,24694553.357276145,NIST_GROUND,2018_Apr_Jun_origins,fixed_period,12,power-active,48
9,3456.0,8227575.149068528,8851503.324521877,8227575.149068528,9038368.119369684,8912341.494571872,8990716.531588703,38416185.65049744,NIST_GROUND,2018_Apr_Jun_origins,fixed_period,12,power-active,48
10,3600.0,1086625.2567423268,1842323.402883873,1086625.2567423268,1200352.7911541557,1194841.0551088068,1321002.560329744,4103526.170806078,NIST_GROUND,2018_Apr_Jun_origins,fixed_period,12,power-active,48
11,3460.0,2164030.8496173783,2378353.191503131,2164030.8496173783,2288173.051595487,2036332.7983474247,2032825.6751059927,14139023.74238888,NIST_GROUND,2018_Apr_Jun_origins,fixed_period,12,power-active,48
12,3479.0,2655054.862169621,2278819.5875464636,2655054.862169621,2806996.4018729148,2576357.1381238406,2608350.9436244657,30767369.70730651,NIST_GROUND,2018_Apr_Jun_origins,fixed_period,12,power-active,48
13,3384.0,5269905.816684933,5039430.540845144,5269905.816684933,5576541.512390608,5234055.871994733,5101732.790605057,38514998.27547313,NIST_GROUND,2018_Apr_Jun_origins,fixed_period,12,power-active,48
14,3552.0,4583672.513574921,4794175.072989178,4583672.513574921,5033458.089875443,5150884.929869966,5369606.106473382,21478315.665371526,NIST_GROUND,2018_Apr_Jun_origins,fixed_period,12,power-active,48
15,3624.0,292630.64566602657,829142.095587991,292630.64566602657,425925.75450287206,673042.5752774426,706629.4279553188,445448.34526496,NIST_GROUND,2018_Apr_Jun_origins,fixed_period,12,power-active,48
16,3387.0,1670562.3490194539,2002457.178726955,1670562.3490194539,1939716.4254934094,2224146.971465487,2573652.8582208715,4448510.523665121,NIST_GROUND,2018_Apr_Jun_origins,fixed_period,12,power-active,48
17,3372.0,4702712.736878357,5052133.677996189,4702712.736878357,4328981.738091849,4278381.006809383,4242506.7911206465,16000781.355500955,NIST_GROUND,2018_Apr_Jun_origins,fixed_period,12,power-active,48
18,3661.0,5083540.518391477,5631634.236967792,5083540.518391477,4176808.386032545,4206427.072531923,4227043.9014916625,17203266.474214338,NIST_GROUND,2018_Apr_Jun_origins,fixed_period,12,power-active,48
19,3624.0,7713349.53932907,8705332.610430755,7713349.53932907,7067963.994324517,6840808.052769979,6587247.327722911,13483273.69565632,NIST_GROUND,2018_Apr_Jun_origins,fixed_period,12,power-active,48
20,3672.0,2456807.095158487,2899995.708342691,2456807.095158487,2390280.171581236,2436402.424019746,2596180.5263722045,12823277.264576629,NIST_GROUND,2018_Apr_Jun_origins,fixed_period,12,power-active,48
21,3276.0,2944894.6745371837,2181171.9499946786,2944894.6745371837,2630797.3437351836,2424594.877797884,2389376.6421051165,39057175.27033054,NIST_GROUND,2018_Apr_Jun_origins,fixed_period,12,power-active,48
22,3444.0,1992357.616901408,1802529.6077645668,1992357.616901408,1783652.365551404,1960601.1600986344,1863618.7197273027,22472505.30324896,NIST_GROUND,2018_Apr_Jun_origins,fixed_period,12,power-active,48
23,3361.0,592316.7206170129,630711.5629959136,592316.7206170129,974439.6821490814,952688.1999884748,866253.5864712361,1394740.2294340807,NIST_GROUND,2018_Apr_Jun_origins,fixed_period,12,power-active,48
24,1752.0,239704.6438866695,310366.02041006164,239704.6438866695,328737.1948084494,350276.09446801705,337606.6274635077,342181.9034726401,NIST_GROUND,2018_Apr_Jun_origins,fixed_period,12,power-active,48
25,1476.0,1421066.1332487373,1507589.105014031,1421066.1332487373,1465363.5108048816,1434404.9371670021,1416111.4182495151,5387196.000101761,NIST_GROUND,2018_Apr_Jun_origins,fixed_period,12,power-active,48
26,3744.0,4255194.04032745,4316215.703516589,4255194.04032745,4564532.958267435,4674478.934732987,4508355.1929057585,21527728.16934128,NIST_GROUND,2018_Apr_Jun_origins,fixed_period,12,power-active,48
27,3804.0,2274877.254619666,2925165.031276519,2274877.254619666,2023190.077062512,2041601.0790378298,2125739.4286413337,5232196.30727088,NIST_GROUND,2018_Apr_Jun_origins,fixed_period,12,power-active,48
28,3588.0,4002635.320722782,4422568.923901968,4002635.320722782,3703409.233269564,3642230.985079253,3608966.5489221015,16197890.836151047,NIST_GROUND,2018_Apr_Jun_origins,fixed_period,12,power-active,48
29,3564.0,2690644.331140717,2773118.4556138534,2690644.331140717,2956354.1415048745,2785024.6716136374,2856742.6122897086,10558033.869974557,NIST_GROUND,2018_Apr_Jun_origins,fixed_period,12,power-active,48
30,3420.0,4178371.890719043,4433116.481935017,4178371.890719043,4251258.004121321,4211537.91833066,4262217.208880858,16000169.255384002,NIST_GROUND,2018_Apr_Jun_origins,fixed_period,12,power-active,48
31,3360.0,2851875.6635604403,2923441.8906080243,2851875.6635604403,2978279.3698376194,2740238.429765532,2926028.406923884,17522604.864763685,NIST_GROUND,2018_Apr_Jun_origins,fixed_period,12,power-active,48
32,3792.0,8781316.565197112,9057404.504893422,8781316.565197112,7387097.465928261,7561184.080688929,7425615.446386426,29280841.17955392,NIST_GROUND,2018_Apr_Jun_origins,fixed_period,12,power-active,48
33,3840.0,7029222.016931476,7799523.196405002,7029222.016931476,6420074.866061751,6655674.796526643,6455091.378505266,12639112.296986554,NIST_GROUND,2018_Apr_Jun_origins,fixed_period,12,power-active,48
34,3736.0,3616451.485660396,4044675.274450782,3616451.485660396,3969019.0142246806,3904185.3281098716,3882130.7274311553,8631735.818671484,NIST_GROUND,2018_Apr_Jun_origins,fixed_period,12,power-active,48
35,3636.0,1877354.1871521939,1927874.0590526678,1877354.1871521939,1811885.5062399944,1787157.5219799494,1781644.9247732442,13186274.971270563,NIST_GROUND,2018_Apr_Jun_origins,fixed_period,12,power-active,48
36,3772.0,3987587.239881189,3728693.4955889196,3987587.239881189,3180284.9870260567,3319919.9793004445,3267593.5431992305,30872227.73939178,NIST_GROUND,2018_Apr_Jun_origins,fixed_period,12,power-active,48
37,3592.0,769924.383486355,1198456.9086682207,769924.383486355,2688750.9521485996,2566397.2563486956,3392889.545809922,7945390.4616159145,NIST_GROUND,2018_Apr_Jun_origins,fixed_period,12,power-active,48
38,1549.0,1350242.112470385,1204810.7675054036,1350242.112470385,1494094.6220051479,1682484.9277481672,1691602.0877269777,1015772.0083596,NIST_GROUND,2018_Apr_Jun_origins,fixed_period,12,power-active,48
39,1875.0,6485890.145693524,6381333.60188415,6485890.145693524,6837504.109834489,6242622.903840789,6348784.519065133,10620083.606190559,NIST_GROUND,2018_Apr_Jun_origins,fixed_period,12,power-active,48
40,3636.0,4569315.354666491,5054861.2386606885,4569315.354666491,4559478.565929723,4624030.689248818,4856758.288312518,12973718.604298554,NIST_GROUND,2018_Apr_Jun_origins,fixed_period,12,power-active,48
41,1044.0,529105.3557586453,522658.8412462503,529105.3557586453,483927.0295144725,485922.34424440406,484407.58917686105,4020529.55185824,NIST_GROUND,2018_Apr_Jun_origins,fixed_period,12,power-active,48
42,602.0,1063925.894258967,971227.1631858232,1063925.894258967,2190586.2420589635,1239740.796000638,1610233.1151419722,9858030.715673279,NIST_GROUND,2018_Apr_Jun_origins,fixed_period,12,power-active,48
43,3516.0,3835428.1713193906,3993645.859877529,3835428.1713193906,3629366.4198929225,3476679.7758578723,3521036.2354219332,18360710.86579776,NIST_GROUND,2018_Apr_Jun_origins,fixed_period,12,power-active,48
44,3852.0,5560640.180385173,5814973.416908848,5560640.180385173,5511878.776596187,5477154.049485178,5443211.15772385,16817579.55267072,NIST_GROUND,2018_Apr_Jun_origins,fixed_period,12,power-active,48
45,1896.0,315032.0712639915,449845.0769317111,315032.0712639915,300838.4898850596,384868.2575394602,333299.32740830106,1682203.5665971206,NIST_GROUND,2018_Apr_Jun_origins,fixed_period,12,power-active,48
0,4597.0,4860252.998775266,4972039.028810734,4860252.998775266,4334538.609514378,4292709.667091883,4239524.848212675,28485585.982821915,NIST_GROUND,2018_Apr_Jun_origins,fixed_period,12,power-active,72
1,5016.0,7768795.938168246,8577109.01280519,7768795.938168246,8472819.862009615,8153320.433026647,8192470.695696602,29926243.575247686,NIST_GROUND,2018_Apr_Jun_origins,fixed_period,12,power-active,72
2,4609.0,4816593.5331737995,4486857.398127901,4816593.5331737995,4111790.0329194088,4033236.829141409,4490456.694203728,57688557.991553895,NIST_GROUND,2018_Apr_Jun_origins,fixed_period,12,power-active,72
3,5038.0,6802846.828759078,7130642.0894637415,6802846.828759078,7804622.915454351,7696743.008552752,8013085.541180252,40702740.10803143,NIST_GROUND,2018_Apr_Jun_origins,fixed_period,12,power-active,72
4,5041.0,2143457.583626458,2079769.82337353,2143457.583626458,1802166.1308847105,2199474.0857290914,2064467.3922522624,29616603.763341445,NIST_GROUND,2018_Apr_Jun_origins,fixed_period,12,power-active,72
5,4777.0,3449689.843839022,3174037.5502419635,3449689.843839022,3954587.9704794427,4041986.40448954,4074120.2937942073,26356871.57367983,NIST_GROUND,2018_Apr_Jun_origins,fixed_period,12,power-active,72
6,5256.0,8515688.85686931,9553857.23344027,8515688.85686931,9365848.620088356,9258437.335686155,9438787.868649183,39880253.5373184,NIST_GROUND,2018_Apr_Jun_origins,fixed_period,12,power-active,72
7,5260.0,2962542.398558926,3518322.6854686136,2962542.398558926,3161045.34203097,2885078.01234195,2905756.8983752527,16778482.026374005,NIST_GROUND,2018_Apr_Jun_origins,fixed_period,12,power-active,72
8,5075.0,5222611.360879357,4758976.020373093,5222611.360879357,5600162.080240568,5182965.598259855,5309458.954229474,52586074.63297482,NIST_GROUND,2018_Apr_Jun_origins,fixed_period,12,power-active,72
9,5340.0,7286021.83155011,7353449.181007691,7286021.83155011,7816833.923898396,7778332.341728687,7770230.886473431,38174609.015176326,NIST_GROUND,2018_Apr_Jun_origins,fixed_period,12,power-active,72
10,5472.0,441080.32876105676,1157935.02237658,441080.32876105676,541979.4266733485,903337.082275271,903616.8594672641,567721.4077337596,NIST_GROUND,2018_Apr_Jun_origins,fixed_period,12,power-active,72
11,4911.0,6224825.402802782,6725797.929934558,6224825.402802782,6152644.491414783,6272233.471277044,6619172.217829572,20327018.81669727,NIST_GROUND,2018_Apr_Jun_origins,fixed_period,12,power-active,72
12,5497.0,7912684.829075611,8885191.920431005,7912684.829075611,6913024.252098138,7074517.962470492,6966091.49737027,20295420.952622686,NIST_GROUND,2018_Apr_Jun_origins,fixed_period,12,power-active,72
13,5460.0,7341012.323803422,8351770.635310241,7341012.323803422,6722028.299840171,6409119.586851167,6444380.258216502,23214396.481824633,NIST_GROUND,2018_Apr_Jun_origins,fixed_period,12,power-active,72
14,5100.0,3995063.76738911,3414999.535070603,3995063.76738911,3620905.209437558,3620659.65834318,3442939.9275110955,42700991.48973021,NIST_GROUND,2018_Apr_Jun_origins,fixed_period,12,power-active,72
15,4981.0,1534505.2446664944,1199413.5856845523,1534505.2446664944,1767984.1819981062,1717224.5795418133,1676309.0207925614,20223429.313283354,NIST_GROUND,2018_Apr_Jun_origins,fixed_period,12,power-active,72
16,1752.0,239704.6438866695,310366.02041006164,239704.6438866695,328737.1948084494,350276.09446801705,337606.6274635077,342181.9034726401,NIST_GROUND,2018_Apr_Jun_origins,fixed_period,12,power-active,72
17,5220.0,5676260.173576185,5823804.808530625,5676260.173576185,6029896.469072321,6108883.871899992,5924466.611155267,26914924.16944304,NIST_GROUND,2018_Apr_Jun_origins,fixed_period,12,power-active,72
18,5604.0,5202626.335838456,6396811.129465603,5202626.335838456,4740691.110569441,4762692.056229984,4777144.011013687,8787480.247356486,NIST_GROUND,2018_Apr_Jun_origins,fixed_period,12,power-active,72
19,5352.0,3765530.5706447093,3724041.2813267373,3765530.5706447093,3942262.3412675117,3706164.679500735,3814304.578839462,23200640.76604002,NIST_GROUND,2018_Apr_Jun_origins,fixed_period,12,power-active,72
20,5076.0,6595251.529336537,7174516.231425073,6595251.529336537,6857298.97790001,6576283.96029441,6824719.419099372,25369379.028088648,NIST_GROUND,2018_Apr_Jun_origins,fixed_period,12,power-active,72
21,5496.0,9216312.590140052,9239446.646011384,9216312.590140052,7759335.861987197,7936676.468490712,7789141.643091795,37434236.27161297,NIST_GROUND,2018_Apr_Jun_origins,fixed_period,12,power-active,72
22,5716.0,8012069.326416108,8898625.274128737,8012069.326416108,7546635.212077418,7640478.638511132,7531508.211554563,15891529.585396111,NIST_GROUND,2018_Apr_Jun_origins,fixed_period,12,power-active,72
23,5496.0,4510958.363327945,4873447.2557797115,4510958.363327945,4654344.174449012,4706539.008105334,4587358.819155103,18565593.50153247,NIST_GROUND,2018_Apr_Jun_origins,fixed_period,12,power-active,72
24,5575.0,4549736.79260395,4430545.240471185,4549736.79260395,4385029.974393235,4398229.210581196,4858825.587048433,38577938.57865376,NIST_GROUND,2018_Apr_Jun_origins,fixed_period,12,power-active,72
25,3338.0,1558016.9432339845,1701415.9312913585,1558016.9432339845,2978100.5867865654,3170572.952816118,3493259.5896876934,1255451.6307135208,NIST_GROUND,2018_Apr_Jun_origins,fixed_period,12,power-active,72
26,3591.0,9029483.455877582,9197971.128151633,9029483.455877582,9271157.172498647,8772525.206302686,9004703.84092818,19422009.61864735,NIST_GROUND,2018_Apr_Jun_origins,fixed_period,12,power-active,72
27,2964.0,2554827.4002410793,2760882.55363946,2554827.4002410793,2609752.5327800415,2580050.731031333,2685246.5556263225,8192322.143700001,NIST_GROUND,2018_Apr_Jun_origins,fixed_period,12,power-active,72
28,2258.0,3759550.3898335234,3975544.2014504257,3759550.3898335234,4721405.397443292,3669383.9114902616,3995771.6907082573,13104359.709142072,NIST_GROUND,2018_Apr_Jun_origins,fixed_period,12,power-active,72
29,5712.0,6700443.856129999,6804302.238521776,6700443.856129999,6610426.041104786,6524190.709853425,6578708.817579495,31931961.424999665,NIST_GROUND,2018_Apr_Jun_origins,fixed_period,12,power-active,72
30,1896.0,315032.0712639915,449845.0769317111,315032.0712639915,300838.4898850596,384868.2575394602,333299.32740830106,1682203.5665971206,NIST_GROUND,2018_Apr_Jun_origins,fixed_period,12,power-active,72
0,1812.0,46110.307746717255,92275.23947654385,46110.307746717255,82179.19448828053,74667.08145116671,60648.50758724216,123.61905647999995,NIST_GROUND,2018_Apr_Jun_origins,fixed_period,12,low-power,24
1,1980.0,30509.250723434423,35553.522633654284,30509.250723434423,70970.3080774557,36267.94749922659,37210.23487632329,19899.519618239992,NIST_GROUND,2018_Apr_Jun_origins,fixed_period,12,low-power,24
2,1824.0,72258.01053750407,162711.43397009798,72258.01053750407,131510.56374792528,131175.93397974534,99940.96056677982,5488.678900319998,NIST_GROUND,2018_Apr_Jun_origins,fixed_period,12,low-power,24
3,1812.0,132007.2964335066,277091.67877750134,132007.2964335066,260108.73085631838,203360.83546122725,203445.6897380145,45088.90334255998,NIST_GROUND,2018_Apr_Jun_origins,fixed_period,12,low-power,24
4,1752.0,38943.7050407221,60435.994298778634,38943.7050407221,73646.44847710816,43203.708901198086,40268.60313292429,63.116180639999996,NIST_GROUND,2018_Apr_Jun_origins,fixed_period,12,low-power,24
5,1764.0,44515.087254541046,94623.20346560463,44515.087254541046,53953.34356852094,35969.778055556366,42863.03223969154,274.62186576000005,NIST_GROUND,2018_Apr_Jun_origins,fixed_period,12,low-power,24
6,1956.0,38411.2818294535,27281.556760561863,38411.2818294535,62553.8216974207,41611.81936527055,39141.0177983304,29307.298783679988,NIST_GROUND,2018_Apr_Jun_origins,fixed_period,12,low-power,24
7,1704.0,70003.60409114748,134784.25706198206,70003.60409114748,199844.23817392215,188897.3124579452,122545.36805694844,149.15888208,NIST_GROUND,2018_Apr_Jun_origins,fixed_period,12,low-power,24
8,1944.0,110265.63747591058,81775.13736598569,110265.63747591058,114677.42787958583,76572.14191117951,82716.93049907006,159658.49891855998,NIST_GROUND,2018_Apr_Jun_origins,fixed_period,12,low-power,24
9,1671.0,51726.31106745187,82081.15983450536,51726.31106745187,83692.31835739563,53386.39653828362,38852.84075548112,152.2053326399999,NIST_GROUND,2018_Apr_Jun_origins,fixed_period,12,low-power,24
10,1740.0,52780.987621010485,66058.01477564484,52780.987621010485,80043.92332132539,39131.83079289416,48431.69025037557,3853.3929936000004,NIST_GROUND,2018_Apr_Jun_origins,fixed_period,12,low-power,24
11,1764.0,43999.59236498947,88184.1349114014,43999.59236498947,66115.6106851409,43340.68013680867,43071.748840882094,87.37778111999994,NIST_GROUND,2018_Apr_Jun_origins,fixed_period,12,low-power,24
12,1705.0,53975.95639418448,101207.60958630497,53975.95639418448,67244.08849059639,84287.40514228292,69267.86839111845,26.251236959999996,NIST_GROUND,2018_Apr_Jun_origins,fixed_period,12,low-power,24
13,1656.0,90540.1276425849,136642.6692945578,90540.1276425849,97467.62329542985,176166.23131521087,106339.27635638074,80.93971536000001,NIST_GROUND,2018_Apr_Jun_origins,fixed_period,12,low-power,24
14,1752.0,63604.74394884454,90916.85226149831,63604.74394884454,108459.9302588211,112253.78849723566,82848.16592613448,11780.07185184,NIST_GROUND,2018_Apr_Jun_origins,fixed_period,12,low-power,24
15,1872.0,148750.46592585437,247309.69473327804,148750.46592585437,190438.01943140756,177479.08264203757,131111.3209215814,18665.321807560013,NIST_GROUND,2018_Apr_Jun_origins,fixed_period,12,low-power,24
16,1788.0,84451.70637074845,101029.04246414106,84451.70637074845,131390.00131688436,152348.43611548617,90260.55596792382,170.60168832000005,NIST_GROUND,2018_Apr_Jun_origins,fixed_period,12,low-power,24
17,1691.0,34476.04764144533,56735.038621492975,34476.04764144533,68850.26779914356,29170.631580875826,24581.811513928948,188.9964504,NIST_GROUND,2018_Apr_Jun_origins,fixed_period,12,low-power,24
18,1740.0,110603.54511836922,86956.49721244325,110603.54511836922,128825.9495812554,89235.33930287424,96762.9738817676,450005.17749023985,NIST_GROUND,2018_Apr_Jun_origins,fixed_period,12,low-power,24
19,1692.0,35557.38667730432,55550.5469467765,35557.38667730432,77228.10253492498,37884.148724494094,33682.45632676895,606.77887008,NIST_GROUND,2018_Apr_Jun_origins,fixed_period,12,low-power,24
20,1656.0,34673.36600258408,40647.20748630823,34673.36600258408,72604.65308890078,30139.877344426302,27150.898813900138,45.20304528000001,NIST_GROUND,2018_Apr_Jun_origins,fixed_period,12,low-power,24
21,1656.0,26841.555898263327,54040.468038848594,26841.555898263327,80507.83182155906,31806.57611091455,35486.50458264836,303.28796448,NIST_GROUND,2018_Apr_Jun_origins,fixed_period,12,low-power,24
22,1616.0,44264.62456591469,56958.35229566,44264.62456591469,67554.10794046728,87020.14271343991,73597.20249389314,71.46545048,NIST_GROUND,2018_Apr_Jun_origins,fixed_period,12,low-power,24
23,1800.0,40545.69924426301,62550.35171012471,40545.69924426301,59082.56434220213,34627.866777504205,47840.555627885326,21719.055937920006,NIST_GROUND,2018_Apr_Jun_origins,fixed_period,12,low-power,24
24,1728.0,23143.18495312973,96417.58348557928,23143.18495312973,56453.10370449754,40671.528101496195,51533.87481016978,717.7027646400002,NIST_GROUND,2018_Apr_Jun_origins,fixed_period,12,low-power,24
25,1657.0,49247.024240448285,66282.3513598856,49247.024240448285,70323.93903990583,64760.13164078657,67223.32776728825,214.81818716000004,NIST_GROUND,2018_Apr_Jun_origins,fixed_period,12,low-power,24
26,1836.0,140438.35748198698,64810.96749804031,140438.35748198698,78840.95500964276,54270.76696999258,52149.4835167368,182623.76420352006,NIST_GROUND,2018_Apr_Jun_origins,fixed_period,12,low-power,24
27,1668.0,17181.967601205193,35838.26927274525,17181.967601205193,81960.42848090452,37619.28079426237,44799.809296935164,1926.20455296,NIST_GROUND,2018_Apr_Jun_origins,fixed_period,12,low-power,24
28,1680.0,55761.37527128118,48149.49782520108,55761.37527128118,86166.39691518513,50337.285407760945,51308.54227446159,783.8616345600003,NIST_GROUND,2018_Apr_Jun_origins,fixed_period,12,low-power,24
29,1680.0,44872.367606092965,79980.50722938943,44872.367606092965,80323.42149614234,47256.69100510384,45439.53519363854,23.7532704,NIST_GROUND,2018_Apr_Jun_origins,fixed_period,12,low-power,24
30,1656.0,42389.504995432886,64230.525156928525,42389.504995432886,51601.365254837714,37332.53109480118,35393.43782655269,67.59959999999995,NIST_GROUND,2018_Apr_Jun_origins,fixed_period,12,low-power,24
31,1608.0,32032.726646062616,58309.35084839599,32032.726646062616,49881.20577526069,36376.5694043407,40502.33405071615,47.21942640000001,NIST_GROUND,2018_Apr_Jun_origins,fixed_period,12,low-power,24
32,1596.0,41377.15902241277,68954.63391301763,41377.15902241277,24116.640392979352,34757.59283672287,35276.15153184651,85.73726448000002,NIST_GROUND,2018_Apr_Jun_origins,fixed_period,12,low-power,24
33,1848.0,123277.03595724129,162331.97215814347,123277.03595724129,79829.9143764474,107001.89959706027,88389.30437967643,102360.71395152,NIST_GROUND,2018_Apr_Jun_origins,fixed_period,12,low-power,24
34,1788.0,21276.188870025115,41295.131106538,21276.188870025115,45328.40895895665,34039.46530136887,49371.948730857905,227.33035632000002,NIST_GROUND,2018_Apr_Jun_origins,fixed_period,12,low-power,24
35,1692.0,28356.827571188922,70546.13853198873,28356.827571188922,75628.84755113724,75360.21011964348,65246.16835383044,130.83336863999997,NIST_GROUND,2018_Apr_Jun_origins,fixed_period,12,low-power,24
36,1608.0,11277.976947876617,42164.55909024323,11277.976947876617,52501.19882016381,36447.76302262438,37720.289994972445,142.06740288,NIST_GROUND,2018_Apr_Jun_origins,fixed_period,12,low-power,24
37,1583.0,66655.4407049381,112285.2809453022,66655.4407049381,74472.21883217481,86432.56030799173,83169.0760406664,36.699806720000005,NIST_GROUND,2018_Apr_Jun_origins,fixed_period,12,low-power,24
38,1084.0,447783.90946500754,450237.8519500662,447783.90946500754,126174.10796020087,191957.56105447497,120037.8849209317,3.533551680000002,NIST_GROUND,2018_Apr_Jun_origins,fixed_period,12,low-power,24
39,810.0,895605.7704365726,487341.80931629625,895605.7704365726,151421.0905997292,238611.56669427536,171540.43262846294,25729.453442320006,NIST_GROUND,2018_Apr_Jun_origins,fixed_period,12,low-power,24
40,1287.0,84480.10750768844,52408.64055684631,84480.10750768844,33582.81409644046,23200.979675441828,27175.844104484415,9353.123337120001,NIST_GROUND,2018_Apr_Jun_origins,fixed_period,12,low-power,24
41,1572.0,53615.66970701073,123024.76142159468,53615.66970701073,79619.74217526184,82719.34550844398,47099.07720971626,30.91734623999999,NIST_GROUND,2018_Apr_Jun_origins,fixed_period,12,low-power,24
42,1752.0,49373.0659671089,79759.52387075456,49373.0659671089,51162.87622216291,42948.87008904356,50058.530055369454,16060.786829760003,NIST_GROUND,2018_Apr_Jun_origins,fixed_period,12,low-power,24
43,1860.0,108445.07273739736,241764.61342553882,108445.07273739736,93477.74261661756,82841.35862599497,68473.37326025247,5463.52369056,NIST_GROUND,2018_Apr_Jun_origins,fixed_period,12,low-power,24
44,1632.0,28383.37862925383,121338.42467974042,28383.37862925383,49490.256177195624,39636.552344886855,33689.53263348713,98.56398575999997,NIST_GROUND,2018_Apr_Jun_origins,fixed_period,12,low-power,24
45,1812.0,33668.03589236791,75544.15868116921,33668.03589236791,47362.22962468235,46293.120378658336,59119.89869162075,59719.386498240005,NIST_GROUND,2018_Apr_Jun_origins,fixed_period,12,low-power,24
46,1668.0,22261.498322440955,79784.73781737503,22261.498322440955,35735.952312893394,30816.13706194694,41614.136138239846,46.885776960000015,NIST_GROUND,2018_Apr_Jun_origins,fixed_period,12,low-power,24
47,1824.0,29743.185642679255,72653.70000513384,29743.185642679255,48851.771284523216,31688.144302401954,42106.32843630212,15913.20020304,NIST_GROUND,2018_Apr_Jun_origins,fixed_period,12,low-power,24
48,1668.0,54771.05068172133,147736.19213130072,54771.05068172133,84219.6906726475,86824.57464878983,69726.74838340392,803.7581875200004,NIST_GROUND,2018_Apr_Jun_origins,fixed_period,12,low-power,24
49,3444.0,561299.1144104738,1178201.922173399,561299.1144104738,1639013.2141854458,1574331.264789826,1591366.5587477388,2374650.5025412794,NIST_GROUND,2018_Apr_Jun_origins,fixed_period,12,low-power,24
50,3456.0,435610.5267190151,1411602.6133874774,435610.5267190151,2238571.575550776,2452064.207911043,2267854.9780340106,0.0,NIST_GROUND,2018_Apr_Jun_origins,fixed_period,12,low-power,24
51,1980.0,249778.71686266066,391536.17695406533,249778.71686266066,344010.04554336105,315582.2082168893,301163.31466383004,150.61513104000002,NIST_GROUND,2018_Apr_Jun_origins,fixed_period,12,low-power,24
52,1584.0,19411.789481665077,68268.40260515576,19411.789481665077,51191.71964499801,44448.90320719382,44469.77737218402,263.875164,NIST_GROUND,2018_Apr_Jun_origins,fixed_period,12,low-power,24
53,1560.0,38714.280176747685,83383.79652250404,38714.280176747685,52128.568910826616,38760.19314613756,45868.81753174738,41.23890912000002,NIST_GROUND,2018_Apr_Jun_origins,fixed_period,12,low-power,24
54,1560.0,27732.06372272254,64264.87436302685,27732.06372272254,38653.696748912895,34047.800010459716,41609.28372145786,34.818006719999985,NIST_GROUND,2018_Apr_Jun_origins,fixed_period,12,low-power,24
55,1536.0,20509.831017465913,64667.5104157538,20509.831017465913,69034.39518202264,51292.19768785795,58552.86265201084,232406.7981359999,NIST_GROUND,2018_Apr_Jun_origins,fixed_period,12,low-power,24
56,1656.0,25833.09270412521,75735.36693014552,25833.09270412521,46998.89109224907,29763.1935661047,32209.085447518817,13770.445031039999,NIST_GROUND,2018_Apr_Jun_origins,fixed_period,12,low-power,24
57,1668.0,40087.235467391445,54633.21660304209,40087.235467391445,31828.565846217592,27456.546140770108,29802.107146965725,11268.338049119999,NIST_GROUND,2018_Apr_Jun_origins,fixed_period,12,low-power,24
58,1524.0,10329.439566328394,58068.75019583623,10329.439566328394,34731.11390710672,28672.890536263174,31841.37870949999,152.37127344,NIST_GROUND,2018_Apr_Jun_origins,fixed_period,12,low-power,24
59,1776.0,45320.25879520126,109284.05474730967,45320.25879520126,63155.3499757933,69220.54703731905,84514.95736098422,44544.5406216,NIST_GROUND,2018_Apr_Jun_origins,fixed_period,12,low-power,24
60,1908.0,111064.54476961365,205499.03797164594,111064.54476961365,152814.86486148028,156964.38155344353,147792.60491971756,145610.5741684799,NIST_GROUND,2018_Apr_Jun_origins,fixed_period,12,low-power,24
61,1536.0,22243.53355282106,61718.24318025795,22243.53355282106,30888.372878399394,32199.897226228688,34947.982908096885,83.93552735999997,NIST_GROUND,2018_Apr_Jun_origins,fixed_period,12,low-power,24
62,1800.0,39688.56233520109,149312.961295392,39688.56233520109,39085.07339957109,42304.04011194044,61320.41792277803,354594.77621952,NIST_GROUND,2018_Apr_Jun_origins,fixed_period,12,low-power,24
63,1752.0,40546.810470551936,101158.67533761576,40546.810470551936,43759.74142619803,37683.624680132685,45039.155710451116,73954.41239664008,NIST_GROUND,2018_Apr_Jun_origins,fixed_period,12,low-power,24
64,1572.0,30384.463714388265,77677.36708216526,30384.463714388265,53773.72349370064,41102.53199907014,39934.03020548526,447.9814737599999,NIST_GROUND,2018_Apr_Jun_origins,fixed_period,12,low-power,24
65,1548.0,7770.884261994357,18692.34986543472,7770.884261994357,54458.918290695256,30887.220097566966,32061.858522985705,1081.1514422399998,NIST_GROUND,2018_Apr_Jun_origins,fixed_period,12,low-power,24
66,1536.0,20517.372518921555,52996.815254797664,20517.372518921555,79633.52982484414,38828.654951175915,46912.39270361739,98.84350656,NIST_GROUND,2018_Apr_Jun_origins,fixed_period,12,low-power,24
67,1512.0,18664.229374792176,57408.32484495903,18664.229374792176,52358.65401273141,35828.42407830616,42620.565470950816,220.36504176000005,NIST_GROUND,2018_Apr_Jun_origins,fixed_period,12,low-power,24
68,1499.0,41082.51122024099,50707.99184045177,41082.51122024099,67985.54710722514,75199.02499486408,67828.83059230747,33.28995632000002,NIST_GROUND,2018_Apr_Jun_origins,fixed_period,12,low-power,24
69,1536.0,179994.3774637447,211712.72245533412,179994.3774637447,238267.7329960173,250871.6709285782,235563.09519773445,24556.740205439997,NIST_GROUND,2018_Apr_Jun_origins,fixed_period,12,low-power,24
70,1596.0,30778.944205658372,62881.55720858786,30778.944205658372,59941.439178046036,48767.19203905528,54660.16238720789,5004.594441120001,NIST_GROUND,2018_Apr_Jun_origins,fixed_period,12,low-power,24
71,1668.0,47581.78259405042,71423.28490366218,47581.78259405042,49736.17456673787,32993.342884584235,33723.44140790191,12369.567321600001,NIST_GROUND,2018_Apr_Jun_origins,fixed_period,12,low-power,24
72,1572.0,26855.613962527936,76592.76210018444,26855.613962527936,50779.92203068317,30901.07372902303,26998.443222265447,326.10364944,NIST_GROUND,2018_Apr_Jun_origins,fixed_period,12,low-power,24
73,1496.0,84116.61380433723,163512.8129599681,84116.61380433723,119195.06334677726,189804.82253477906,138389.12880440606,24707.263748240013,NIST_GROUND,2018_Apr_Jun_origins,fixed_period,12,low-power,24
74,1523.0,61680.96572768502,112692.20148413982,61680.96572768502,112595.71903225295,133198.71389329276,122770.03709740065,886.8564411199995,NIST_GROUND,2018_Apr_Jun_origins,fixed_period,12,low-power,24
75,1500.0,85638.09865477904,122376.29734458587,85638.09865477904,124690.10653480954,137689.97202179072,79898.0249843332,159.02339327999996,NIST_GROUND,2018_Apr_Jun_origins,fixed_period,12,low-power,24
76,1041.0,344175.32500864577,338972.81910882186,344175.32500864577,157577.52250086545,185017.0413738056,115851.65055207787,10.98722172,NIST_GROUND,2018_Apr_Jun_origins,fixed_period,12,low-power,24
77,470.0,648842.9602222575,638201.3351427385,648842.9602222575,133498.25565079824,294558.2438108896,165992.37303175518,127.42827047999998,NIST_GROUND,2018_Apr_Jun_origins,fixed_period,12,low-power,24
78,259.0,709926.4133780625,526676.6192613255,709926.4133780625,136738.94622292905,198456.8626555634,140656.73946738165,422.23076531999993,NIST_GROUND,2018_Apr_Jun_origins,fixed_period,12,low-power,24
79,786.0,828991.0728894131,472232.78539293987,828991.0728894131,336382.7107835927,459583.2973214227,321269.0771351905,1892839.5201496794,NIST_GROUND,2018_Apr_Jun_origins,fixed_period,12,low-power,24
80,1465.0,136646.26208694887,70318.20557211852,136646.26208694887,78270.68349362808,70196.62982550949,57894.718728422595,9934.341039359999,NIST_GROUND,2018_Apr_Jun_origins,fixed_period,12,low-power,24
81,1536.0,22253.401519190786,70006.71107041888,22253.401519190786,35181.821780704595,33397.58210691682,35543.11824745339,7075.662207840002,NIST_GROUND,2018_Apr_Jun_origins,fixed_period,12,low-power,24
82,1114.0,1034454.6362758328,902250.900776078,1034454.6362758328,436481.85600684024,516221.2140749802,417223.4424907911,1016409.5467976,NIST_GROUND,2018_Apr_Jun_origins,fixed_period,12,low-power,24
83,451.0,2071209.2062217493,1151009.389688116,2071209.2062217493,365141.1106977175,448177.04721108306,326310.91000053,742235.71465232,NIST_GROUND,2018_Apr_Jun_origins,fixed_period,12,low-power,24
84,322.0,1506334.8261423851,822105.8232695693,1506334.8261423851,266468.6784721136,311528.14175747207,233183.00408135704,0.0,NIST_GROUND,2018_Apr_Jun_origins,fixed_period,12,low-power,24
85,573.0,578043.0229991474,227783.619390498,578043.0229991474,76855.32148028887,114523.25032965635,73712.40806413964,49.71400559999999,NIST_GROUND,2018_Apr_Jun_origins,fixed_period,12,low-power,24
86,1251.0,112820.46130405716,53415.30784515961,112820.46130405716,48949.77571177262,39226.951790291365,32592.44066029401,8985.390806399999,NIST_GROUND,2018_Apr_Jun_origins,fixed_period,12,low-power,24
87,1596.0,30820.636494828188,66807.54937236388,30820.636494828188,34692.66246122498,31937.5512790457,39944.01108853936,3649.3725115200014,NIST_GROUND,2018_Apr_Jun_origins,fixed_period,12,low-power,24
88,1560.0,32655.024003697275,72214.03522941518,32655.024003697275,52571.78591416869,62043.505001043166,67357.57043533016,128.83203024,NIST_GROUND,2018_Apr_Jun_origins,fixed_period,12,low-power,24
89,1500.0,33864.68280104957,51542.309634710065,33864.68280104957,38930.783842770594,37590.53797278507,43009.98972596548,9.329929919999994,NIST_GROUND,2018_Apr_Jun_origins,fixed_period,12,low-power,24
90,1560.0,26563.316069668625,49365.12018570266,26563.316069668625,33864.4745585112,40551.206361570614,44064.109999191576,1328.3543774399996,NIST_GROUND,2018_Apr_Jun_origins,fixed_period,12,low-power,24
0,3792.0,76619.55847015162,127828.76211019812,76619.55847015162,153149.50256573618,110935.02895039335,97858.74246356542,20023.138674719998,NIST_GROUND,2018_Apr_Jun_origins,fixed_period,12,low-power,48
1,3636.0,204265.3069710107,439803.1127475991,204265.3069710107,391619.2946042436,334536.7694409724,303386.65030479414,50577.58224287998,NIST_GROUND,2018_Apr_Jun_origins,fixed_period,12,low-power,48
2,3516.0,83458.79229526315,155059.19776438328,83458.79229526315,127599.79204562907,79173.48695675454,83131.63537261588,337.7380464,NIST_GROUND,2018_Apr_Jun_origins,fixed_period,12,low-power,48
3,3660.0,108414.88592060097,162065.81382254392,108414.88592060097,262398.05987134273,230509.1318232157,161686.38585527884,29456.45766575999,NIST_GROUND,2018_Apr_Jun_origins,fixed_period,12,low-power,48
4,3615.0,161991.94854336252,163856.29720049092,161991.94854336252,198369.74623698156,129958.5384494631,121569.77125455116,159810.70425120002,NIST_GROUND,2018_Apr_Jun_origins,fixed_period,12,low-power,48
5,3504.0,96780.57998599995,154242.14968704633,96780.57998599995,146159.53400646627,82472.51092970282,91503.4390912578,3940.7707747200016,NIST_GROUND,2018_Apr_Jun_origins,fixed_period,12,low-power,48
6,3361.0,144516.08403676937,237850.27888086278,144516.08403676937,164711.7117860262,260453.63645749397,175607.14474749935,107.19095232000001,NIST_GROUND,2018_Apr_Jun_origins,fixed_period,12,low-power,48
7,3624.0,212355.20987469883,338226.54699477693,212355.20987469883,298897.9496902283,289732.8711392733,213959.48684771574,30445.393659400004,NIST_GROUND,2018_Apr_Jun_origins,fixed_period,12,low-power,48
8,3479.0,118927.75401219382,157764.08108563398,118927.75401219382,200240.2691160279,181519.06769636198,114842.36748185284,359.59813872000007,NIST_GROUND,2018_Apr_Jun_origins,fixed_period,12,low-power,48
9,3432.0,146160.93179567365,142507.0441592199,146160.93179567365,206054.05211618036,127119.48802736838,130445.43020853656,450611.95636032,NIST_GROUND,2018_Apr_Jun_origins,fixed_period,12,low-power,48
10,3312.0,61514.921900847454,94687.67552515681,61514.921900847454,153112.48491045972,61946.453455340845,62637.40339654852,348.49100976000005,NIST_GROUND,2018_Apr_Jun_origins,fixed_period,12,low-power,48
11,3416.0,84810.32381017771,119508.70400578475,84810.32381017771,126636.67228266936,121648.00949094407,121437.75812177858,21790.521388400004,NIST_GROUND,2018_Apr_Jun_origins,fixed_period,12,low-power,48
12,3385.0,72390.20919357799,162699.93484546494,72390.20919357799,126777.04274440333,105431.65974228272,118757.20257745803,932.5209517999999,NIST_GROUND,2018_Apr_Jun_origins,fixed_period,12,low-power,48
13,3504.0,157620.32508319223,100649.23677078557,157620.32508319223,160801.38349054733,91890.04776425494,96949.29281367197,184549.96875648003,NIST_GROUND,2018_Apr_Jun_origins,fixed_period,12,low-power,48
14,3360.0,100633.74287737407,128130.00505459047,100633.74287737407,166489.8184113275,97593.97641286477,96748.07746810012,807.6149049600002,NIST_GROUND,2018_Apr_Jun_origins,fixed_period,12,low-power,48
15,3264.0,74422.2316414955,122539.87600532455,74422.2316414955,101482.57103009844,73709.1004991419,75895.77187726888,114.81902639999991,NIST_GROUND,2018_Apr_Jun_origins,fixed_period,12,low-power,48
16,3444.0,164654.19497965398,231286.60607116105,164654.19497965398,103946.55476942674,141759.4924337832,123665.45591152298,102446.45121599997,NIST_GROUND,2018_Apr_Jun_origins,fixed_period,12,low-power,48
17,3480.0,49633.0164412141,111841.26963852675,49633.0164412141,120957.2565100939,109399.67542101236,114618.11708468838,358.1637249600002,NIST_GROUND,2018_Apr_Jun_origins,fixed_period,12,low-power,48
18,3191.0,77933.41765281468,154449.8400355455,77933.41765281468,126973.41765233857,122880.3233306161,120889.36603563886,178.76720960000003,NIST_GROUND,2018_Apr_Jun_origins,fixed_period,12,low-power,48
19,1894.0,1343389.6799015806,937579.6612663617,1343389.6799015806,277595.1985599301,430569.12774875003,291578.3175493946,25732.986994000006,NIST_GROUND,2018_Apr_Jun_origins,fixed_period,12,low-power,48
20,2859.0,138095.7772146992,175433.401978441,138095.7772146992,113202.55627170236,105920.32518388575,74274.92131420069,9384.040683359995,NIST_GROUND,2018_Apr_Jun_origins,fixed_period,12,low-power,48
21,3612.0,157818.13870450642,321524.1372962934,157818.13870450642,144640.61883878038,125790.22871503854,118531.90331562192,21524.310520320007,NIST_GROUND,2018_Apr_Jun_origins,fixed_period,12,low-power,48
22,3444.0,62051.41452162174,196882.5833609097,62051.41452162174,96852.48580187805,85929.6727235451,92809.43132510797,59817.95048400001,NIST_GROUND,2018_Apr_Jun_origins,fixed_period,12,low-power,48
23,3492.0,52004.68396512024,152438.43782250877,52004.68396512024,84587.72359741665,62504.28136434888,83720.46457454188,15960.08598,NIST_GROUND,2018_Apr_Jun_origins,fixed_period,12,low-power,48
24,5112.0,616070.1650921947,1325938.1143047004,616070.1650921947,1723232.904858093,1661155.839438616,1661093.3071311426,2375454.2607287993,NIST_GROUND,2018_Apr_Jun_origins,fixed_period,12,low-power,48
25,5436.0,685389.2435816755,1803138.7903415423,685389.2435816755,2582581.62109414,2767646.4161279323,2569018.2926978427,150.61513104000002,NIST_GROUND,2018_Apr_Jun_origins,fixed_period,12,low-power,48
26,3144.0,58126.06965841272,151652.19912765978,58126.06965841272,103320.2885558245,83209.09635333138,90338.59490393134,305.11407311999983,NIST_GROUND,2018_Apr_Jun_origins,fixed_period,12,low-power,48
27,3096.0,48241.89474018848,128932.38477878072,48241.89474018848,107688.09193093546,85339.99769831763,100162.14637346873,232441.61614271993,NIST_GROUND,2018_Apr_Jun_origins,fixed_period,12,low-power,48
28,3324.0,65920.32817151665,130368.58353318756,65920.32817151665,78827.45693846667,57219.73970687481,62011.1925944845,25038.783080159996,NIST_GROUND,2018_Apr_Jun_origins,fixed_period,12,low-power,48
29,3300.0,55649.69836152965,167352.80494314578,55649.69836152965,97886.46388289997,97893.43757358224,116356.33607048422,44696.91189504,NIST_GROUND,2018_Apr_Jun_origins,fixed_period,12,low-power,48
30,3444.0,133308.0783224348,267217.2811519038,133308.0783224348,183703.23773987964,189164.2787796723,182740.58782781428,145694.50969583986,NIST_GROUND,2018_Apr_Jun_origins,fixed_period,12,low-power,48
31,3552.0,80235.37280575301,250471.63663300773,80235.37280575301,82844.8148257691,79987.66479207308,106359.57363322916,428549.18861616,NIST_GROUND,2018_Apr_Jun_origins,fixed_period,12,low-power,48
32,3120.0,38155.34797638264,96369.71694760003,38155.34797638264,108232.64178439589,71989.75209663706,71995.8887284711,1529.1329159999998,NIST_GROUND,2018_Apr_Jun_origins,fixed_period,12,low-power,48
33,3048.0,39181.60189371372,110405.14009975658,39181.60189371372,131992.1838375756,74657.07902948196,89532.95817456827,319.20854832000015,NIST_GROUND,2018_Apr_Jun_origins,fixed_period,12,low-power,48
34,3035.0,221076.88868398566,262420.7142957859,221076.88868398566,306253.2801032424,326070.6959234421,303391.9257900424,24590.03016176,NIST_GROUND,2018_Apr_Jun_origins,fixed_period,12,low-power,48
35,3264.0,78360.72679970876,134304.84211225007,78360.72679970876,109677.61374478393,81760.53492363951,88383.60379510981,17374.16176272,NIST_GROUND,2018_Apr_Jun_origins,fixed_period,12,low-power,48
36,3068.0,110972.22776686517,240105.57506015257,110972.22776686517,169974.98537746046,220705.896263802,165387.57202667143,25033.367397680013,NIST_GROUND,2018_Apr_Jun_origins,fixed_period,12,low-power,48
37,3023.0,147319.06438246407,235068.4988287257,147319.06438246407,237285.82556706236,270888.68591508357,202668.06208173383,1045.8798343999997,NIST_GROUND,2018_Apr_Jun_origins,fixed_period,12,low-power,48
38,1511.0,993018.2852309037,977174.1542515601,993018.2852309037,291075.7781516637,479575.28518469544,281844.0235838331,138.41549220000002,NIST_GROUND,2018_Apr_Jun_origins,fixed_period,12,low-power,48
39,1045.0,1538917.4862674752,998909.4046542657,1538917.4862674752,473121.65700652177,658040.1599769857,461925.8166025723,1893261.7509149993,NIST_GROUND,2018_Apr_Jun_origins,fixed_period,12,low-power,48
40,3001.0,158899.66360613963,140324.91664253737,158899.66360613963,113452.50527433277,103594.21193242632,93437.83697587598,17010.003247199995,NIST_GROUND,2018_Apr_Jun_origins,fixed_period,12,low-power,48
41,1565.0,3105663.842497582,2053260.2904641933,3105663.842497582,801622.9667045572,964398.261286064,743534.3524913214,1758645.2614499202,NIST_GROUND,2018_Apr_Jun_origins,fixed_period,12,low-power,48
42,895.0,2084377.8491415333,1049889.4426600675,2084377.8491415333,343323.99995240266,426051.39208712813,306895.41214549664,49.71400559999999,NIST_GROUND,2018_Apr_Jun_origins,fixed_period,12,low-power,48
43,2847.0,143641.09779888534,120222.85721752356,143641.09779888534,83642.43817299757,71164.50306933702,72536.45174883338,12634.763317919987,NIST_GROUND,2018_Apr_Jun_origins,fixed_period,12,low-power,48
44,3060.0,66519.70680474679,123756.3448641252,66519.70680474679,91502.56975693935,99634.0429738282,110367.56016129557,138.16196015999998,NIST_GROUND,2018_Apr_Jun_origins,fixed_period,12,low-power,48
45,1560.0,26563.316069668625,49365.12018570266,26563.316069668625,33864.4745585112,40551.206361570614,44064.109999191576,1328.3543774399996,NIST_GROUND,2018_Apr_Jun_origins,fixed_period,12,low-power,48
0,5616.0,148877.56900765572,290540.1960802961,148877.56900765572,284660.0663136614,242110.9629301388,197799.70303034523,25511.817575040004,NIST_GROUND,2018_Apr_Jun_origins,fixed_period,12,low-power,72
1,5328.0,215466.08872876986,432150.87654188415,215466.08872876986,387708.52290194755,282534.3224179818,286577.32511063013,45426.64138895998,NIST_GROUND,2018_Apr_Jun_origins,fixed_period,12,low-power,72
2,5604.0,218680.52339651153,243840.95118852973,218680.52339651153,377075.4877509282,307081.2737343951,244403.31635434888,189114.95658432,NIST_GROUND,2018_Apr_Jun_origins,fixed_period,12,low-power,72
3,5175.0,148506.89105345178,236323.30952155153,148506.89105345178,229851.85236386195,135858.90746798643,130356.2798467388,4092.9761073600016,NIST_GROUND,2018_Apr_Jun_origins,fixed_period,12,low-power,72
4,5113.0,208120.82798561396,328767.13114236115,208120.82798561396,273171.64204484725,372707.42495472956,258455.31067363385,11887.262804159998,NIST_GROUND,2018_Apr_Jun_origins,fixed_period,12,low-power,72
5,5351.0,267678.21993804834,405073.7758189123,267678.21993804834,390678.2885474352,358998.1503384002,245953.6884034343,19024.919946280017,NIST_GROUND,2018_Apr_Jun_origins,fixed_period,12,low-power,72
6,5088.0,180834.2977982577,183154.25164552804,180834.2977982577,278658.70520508115,157259.3653717949,157596.3290224367,450657.15940560005,NIST_GROUND,2018_Apr_Jun_origins,fixed_period,12,low-power,72
7,5072.0,111651.87970844112,173549.17204463345,111651.87970844112,207144.50410422854,153454.58560185865,156924.26270442712,22093.809352880002,NIST_GROUND,2018_Apr_Jun_origins,fixed_period,12,low-power,72
8,5221.0,212828.566675565,227510.90234350524,212828.566675565,205617.99775404617,159702.42671227528,170906.6860941946,183556.28515532,NIST_GROUND,2018_Apr_Jun_origins,fixed_period,12,low-power,72
9,5028.0,117815.71047857928,163968.27432733576,117815.71047857928,248450.24689223207,135213.2572071272,141547.88676503522,2733.8194579199994,NIST_GROUND,2018_Apr_Jun_origins,fixed_period,12,low-power,72
10,4860.0,115799.39066390824,191494.50991834234,115799.39066390824,125599.21142307777,108466.69333586484,111171.92340911539,200.5562908799999,NIST_GROUND,2018_Apr_Jun_origins,fixed_period,12,low-power,72
11,5328.0,172910.05239845545,274173.2417966702,172910.05239845545,200787.17088654128,216401.57501807288,203007.42146436468,102718.87767647997,NIST_GROUND,2018_Apr_Jun_origins,fixed_period,12,low-power,72
12,4275.0,525717.3271178224,604687.6919856119,525717.3271178224,253147.52561253938,314837.8843850909,240927.25095657055,182.3007612800001,NIST_GROUND,2018_Apr_Jun_origins,fixed_period,12,low-power,72
13,3669.0,1033701.5476512712,662775.2112947373,1033701.5476512712,264623.6468714313,344531.89187816106,245815.35394266396,35113.49412567999,NIST_GROUND,2018_Apr_Jun_origins,fixed_period,12,low-power,72
14,5244.0,186201.5173337604,442862.5619760338,186201.5173337604,194130.87501597602,165426.78105992527,152221.43594910897,21622.874506080014,NIST_GROUND,2018_Apr_Jun_origins,fixed_period,12,low-power,72
15,5304.0,85672.71985748806,227982.59650367798,85672.71985748806,131949.9532220989,108797.40174300729,142840.3632661627,75679.47247824006,NIST_GROUND,2018_Apr_Jun_origins,fixed_period,12,low-power,72
16,8568.0,1051680.6918112102,2737540.727692177,1051680.6918112102,3961804.48040887,4113220.0473496597,3928948.285165153,2375454.2607287993,NIST_GROUND,2018_Apr_Jun_origins,fixed_period,12,low-power,72
17,5124.0,307904.78652107343,543188.3760817256,307904.78652107343,447330.3340991855,398791.3045702207,391501.90956776135,455.72920415999977,NIST_GROUND,2018_Apr_Jun_origins,fixed_period,12,low-power,72
18,4752.0,74074.98744431372,204667.7517089262,74074.98744431372,154686.98302318447,115103.19126442229,132371.23182098762,246212.06117375992,NIST_GROUND,2018_Apr_Jun_origins,fixed_period,12,low-power,72
19,4968.0,95736.93382892107,221986.02154618787,95736.93382892107,129715.02972911764,125349.98371435238,146158.44321745005,55965.249944159994,NIST_GROUND,2018_Apr_Jun_origins,fixed_period,12,low-power,72
20,5244.0,172996.64065763573,416530.2424472962,172996.64065763573,222788.31113945076,231468.31889161278,244061.00575059222,500289.28591536003,NIST_GROUND,2018_Apr_Jun_origins,fixed_period,12,low-power,72
21,4872.0,78702.15844693463,197528.39228521564,78702.15844693463,151992.38321059383,109673.37677676983,117035.04443892202,75483.54531263998,NIST_GROUND,2018_Apr_Jun_origins,fixed_period,12,low-power,72
22,4547.0,80264.11311395478,161113.13194020846,80264.11311395478,199977.73094480092,149856.10402434604,157361.78876687583,352.4985046400003,NIST_GROUND,2018_Apr_Jun_origins,fixed_period,12,low-power,72
23,4800.0,258355.10426345305,346017.56456758385,258355.10426345305,347945.34674080095,332632.20585221815,323946.6989928447,41930.90196815997,NIST_GROUND,2018_Apr_Jun_origins,fixed_period,12,low-power,72
24,4591.0,172653.19349455027,352797.77654429234,172653.19349455027,282570.70440971374,353904.61015709466,288157.60912407207,25920.223838800008,NIST_GROUND,2018_Apr_Jun_origins,fixed_period,12,low-power,72
25,3011.0,1078656.3838856826,1099550.451596146,1078656.3838856826,415765.8846864732,617265.2572064863,361742.0485681666,297.43888547999984,NIST_GROUND,2018_Apr_Jun_origins,fixed_period,12,low-power,72
26,2510.0,1675563.748354422,1069227.6102263848,1675563.748354422,551392.3405001495,728236.7898024952,519820.5353309953,1903196.0919543593,NIST_GROUND,2018_Apr_Jun_origins,fixed_period,12,low-power,72
27,3101.0,3127917.2440167726,2123267.0015346124,3127917.2440167726,836804.7884852618,997795.8433929812,779077.4707387747,1765720.9236577603,NIST_GROUND,2018_Apr_Jun_origins,fixed_period,12,low-power,72
28,2146.0,2197198.3104455867,1103304.7505052271,2197198.3104455867,392273.77566417516,465278.3438774195,339487.85280579084,9035.104812,NIST_GROUND,2018_Apr_Jun_origins,fixed_period,12,low-power,72
29,4656.0,97340.34329957506,190563.89423648926,97340.34329957506,126195.23221816428,131571.59425287394,150311.57124983493,3787.5344716799996,NIST_GROUND,2018_Apr_Jun_origins,fixed_period,12,low-power,72
30,1560.0,26563.316069668625,49365.12018570266,26563.316069668625,33864.4745585112,40551.206361570614,44064.109999191576,1328.3543774399996,NIST_GROUND,2018_Apr_Jun_origins,fixed_period,12,low-power,72
0,13728.0,25787182.928686123,23686821.3219081,25787182.928686123,20476742.818036783,18676391.7376775,19305022.116657626,78396759.16014113,NIST_GROUND,2018_Apr_Jun_origins,fixed_period,48,full,24
1,13587.0,6724515.7933080215,9531676.349352986,6724515.7933080215,6704717.198203863,6430972.758599419,5805727.672893162,19596054.88176096,NIST_GROUND,2018_Apr_Jun_origins,fixed_period,48,full,24
2,13536.0,5226924.766524012,7260232.613109358,5226924.766524012,6379519.925657208,5305894.974899031,6091633.066841651,16203870.205970917,NIST_GROUND,2018_Apr_Jun_origins,fixed_period,48,full,24
3,13728.0,35901601.40413964,34126110.76260798,35901601.40413964,33914428.91448439,31010200.028619602,30039081.061033692,63744247.802547835,NIST_GROUND,2018_Apr_Jun_origins,fixed_period,48,full,24
4,13824.0,19851047.736314982,32538977.715629164,19851047.736314982,20659735.492321737,22148501.127591252,21236669.157959532,41311319.008200966,NIST_GROUND,2018_Apr_Jun_origins,fixed_period,48,full,24
5,13824.0,9033099.666588392,29785655.151416946,9033099.666588392,17844935.827856135,17604760.110374022,17971255.02559954,14831114.055797752,NIST_GROUND,2018_Apr_Jun_origins,fixed_period,48,full,24
6,13810.0,9482553.736639176,6199861.371382759,9482553.736639176,3471263.244867258,2818814.035542977,2380913.3690336747,45314204.96145022,NIST_GROUND,2018_Apr_Jun_origins,fixed_period,48,full,24
7,13537.0,32689003.68305042,38151192.74369701,32689003.68305042,17956352.644184865,20332310.676239718,17274640.287070807,90730861.53892651,NIST_GROUND,2018_Apr_Jun_origins,fixed_period,48,full,24
8,13504.0,24589511.32528886,20818029.84526541,24589511.32528886,24816016.465883248,23816679.93482488,23953319.5916253,95382684.42259556,NIST_GROUND,2018_Apr_Jun_origins,fixed_period,48,full,24
9,13441.0,31046476.419365723,29820751.2640616,31046476.419365723,15691578.118144833,18210842.849322353,17543391.799864553,102551614.83707333,NIST_GROUND,2018_Apr_Jun_origins,fixed_period,48,full,24
10,13680.0,16404409.510488147,27462022.8115884,16404409.510488147,19119828.40218342,20069287.663687818,19343024.117569305,34305848.27106817,NIST_GROUND,2018_Apr_Jun_origins,fixed_period,48,full,24
11,13728.0,16726273.584685216,27716184.722981587,16726273.584685216,28520074.702733323,27542315.114880446,27013581.73193867,25339536.6284472,NIST_GROUND,2018_Apr_Jun_origins,fixed_period,48,full,24
12,13634.0,6505051.437845511,22258372.923465047,6505051.437845511,7141428.5067002345,8201260.643514755,7041066.206508108,16166918.352996476,NIST_GROUND,2018_Apr_Jun_origins,fixed_period,48,full,24
13,13585.0,4131127.143649342,22194399.08275384,4131127.143649342,7307247.7772293305,8436675.901346592,7455427.028716537,3456638.9315443216,NIST_GROUND,2018_Apr_Jun_origins,fixed_period,48,full,24
14,13395.0,22202190.93220159,5477728.7507194085,22202190.93220159,10724165.495721553,10263626.824311184,12204378.252227213,97630803.42127764,NIST_GROUND,2018_Apr_Jun_origins,fixed_period,48,full,24
15,13300.0,4793888.24851637,10887337.79040186,4793888.24851637,5414906.660741994,5049274.026690171,4859706.906981456,6735380.710047996,NIST_GROUND,2018_Apr_Jun_origins,fixed_period,48,full,24
16,13584.0,6979759.592574597,9752436.808382446,6979759.592574597,10043737.830189437,9665886.925372176,9640584.560953727,8155362.583094401,NIST_GROUND,2018_Apr_Jun_origins,fixed_period,48,full,24
17,13632.0,28668287.56007931,25048996.050751735,28668287.56007931,10638638.848125117,12790522.59481512,11222860.193900691,91366219.0334651,NIST_GROUND,2018_Apr_Jun_origins,fixed_period,48,full,24
18,13728.0,39652885.45653443,48947272.32646585,39652885.45653443,41095507.349081725,41068679.32990624,39564311.12772188,70744476.95246981,NIST_GROUND,2018_Apr_Jun_origins,fixed_period,48,full,24
19,13824.0,22628640.062569354,29931052.30881462,22628640.062569354,8230404.322232283,11130653.138876999,10738080.357057266,84722713.47496136,NIST_GROUND,2018_Apr_Jun_origins,fixed_period,48,full,24
20,13824.0,2892043.040338776,22148549.051864333,2892043.040338776,5475926.993650235,6744341.9235721715,7110523.217199755,5856452.359464961,NIST_GROUND,2018_Apr_Jun_origins,fixed_period,48,full,24
21,13824.0,5976700.2673370605,21256748.42567549,5976700.2673370605,9070677.154839661,9649603.441000791,8820027.364857603,10559046.287798392,NIST_GROUND,2018_Apr_Jun_origins,fixed_period,48,full,24
22,13728.0,9528677.398135593,26138137.17370188,9528677.398135593,13819640.85389163,12919661.184352016,11467291.103974774,8495314.529111765,NIST_GROUND,2018_Apr_Jun_origins,fixed_period,48,full,24
23,13776.0,10010073.300805597,6776899.169458195,10010073.300805597,5122939.29286494,4483628.992661263,5295419.418319903,48148707.08806465,NIST_GROUND,2018_Apr_Jun_origins,fixed_period,48,full,24
24,13824.0,5639524.198655048,11336781.804825956,5639524.198655048,8654860.06143536,7375012.847080714,8476027.028055405,5575226.310443521,NIST_GROUND,2018_Apr_Jun_origins,fixed_period,48,full,24
25,13632.0,33911967.057765044,29512435.768823467,33911967.057765044,12530917.581321921,14525376.933161698,13509820.914340183,117890370.5993217,NIST_GROUND,2018_Apr_Jun_origins,fixed_period,48,full,24
26,13728.0,24578884.10411092,19046472.814152826,24578884.10411092,20998355.5701677,19580446.482930496,19546573.286863364,88005314.75948729,NIST_GROUND,2018_Apr_Jun_origins,fixed_period,48,full,24
27,13824.0,35733391.25979898,39384948.29264626,35733391.25979898,24246300.08438446,21566757.624017984,19595896.058528833,66792878.217431016,NIST_GROUND,2018_Apr_Jun_origins,fixed_period,48,full,24
28,13824.0,27865066.32134108,30534254.984015677,27865066.32134108,32483465.208025213,32454141.47794843,32786740.787295956,51371208.48271873,NIST_GROUND,2018_Apr_Jun_origins,fixed_period,48,full,24
29,13824.0,13816046.703540757,25966895.677145835,13816046.703540757,6319689.413801273,9106723.487371147,8504564.970250066,34545284.638387196,NIST_GROUND,2018_Apr_Jun_origins,fixed_period,48,full,24
30,13824.0,2449607.175520848,19323045.749880582,2449607.175520848,5073452.2420874825,7278877.80082138,6617081.330510589,912941.2327449601,NIST_GROUND,2018_Apr_Jun_origins,fixed_period,48,full,24
31,13728.0,2195891.4962439565,14733564.318965025,2195891.4962439565,4431494.255487947,6253861.082206659,5438897.377967726,867646.9267804801,NIST_GROUND,2018_Apr_Jun_origins,fixed_period,48,full,24
32,13776.0,2445287.2291513537,13930159.25731858,2445287.2291513537,3891737.6758741457,5734772.963530854,4732187.427369789,489435.19893311965,NIST_GROUND,2018_Apr_Jun_origins,fixed_period,48,full,24
33,13539.0,13253633.922199793,23384770.249163266,13253633.922199793,17475943.342603646,17191499.18441126,15390737.013500262,17686169.084995363,NIST_GROUND,2018_Apr_Jun_origins,fixed_period,48,full,24
34,13680.0,11814697.432393271,8481206.889459783,11814697.432393271,8505149.075652568,7574312.19083908,9808049.794125784,49101070.841541134,NIST_GROUND,2018_Apr_Jun_origins,fixed_period,48,full,24
35,13728.0,17142740.03392225,24151773.99631205,17142740.03392225,15737827.640268452,15687951.243693538,15579676.605389794,14983183.397306556,NIST_GROUND,2018_Apr_Jun_origins,fixed_period,48,full,24
36,13776.0,22344312.040558502,27878792.198006414,22344312.040558502,13399038.00807985,14351299.03828077,13423843.088334354,49533963.11790911,NIST_GROUND,2018_Apr_Jun_origins,fixed_period,48,full,24
37,13632.0,9776451.037024248,21219330.456011645,9776451.037024248,8052978.35041551,9620770.372667264,8868009.361727249,19280976.525244355,NIST_GROUND,2018_Apr_Jun_origins,fixed_period,48,full,24
38,11253.0,12923003.782391744,25294695.623519447,12923003.782391744,13525711.491161218,15352221.202565562,14336817.48889348,12368632.047839992,NIST_GROUND,2018_Apr_Jun_origins,fixed_period,48,full,24
39,10116.0,24865057.76954881,36379184.16193123,24865057.76954881,26430172.147556547,26038451.332034428,26220842.203546293,41157090.55887905,NIST_GROUND,2018_Apr_Jun_origins,fixed_period,48,full,24
40,12903.0,14933869.352782581,16740965.387348041,14933869.352782581,6410540.364066169,8745774.85404209,7314900.680213138,43836536.01416254,NIST_GROUND,2018_Apr_Jun_origins,fixed_period,48,full,24
41,13633.0,6471877.672546232,22667511.05240892,6471877.672546232,13898441.421896404,14700833.254558135,13830833.871960554,7437179.690507119,NIST_GROUND,2018_Apr_Jun_origins,fixed_period,48,full,24
42,13747.0,20523862.833220515,11039175.462218614,20523862.833220515,9658470.44882566,8372522.738427536,10566279.94998474,84602324.61497274,NIST_GROUND,2018_Apr_Jun_origins,fixed_period,48,full,24
43,13824.0,27260146.957438555,26481918.737872183,27260146.957438555,17879408.456188697,16851714.359143388,14850592.160889415,71712473.70843078,NIST_GROUND,2018_Apr_Jun_origins,fixed_period,48,full,24
44,13824.0,8875075.223331004,20223477.688833244,8875075.223331004,8181481.709053179,10622131.705898216,8959313.343342153,14575659.133541761,NIST_GROUND,2018_Apr_Jun_origins,fixed_period,48,full,24
45,13728.0,15660805.343396753,8451213.050355582,15660805.343396753,8797967.456420157,6915113.357060507,9197411.872526895,76033865.12771416,NIST_GROUND,2018_Apr_Jun_origins,fixed_period,48,full,24
46,13728.0,2428946.0591583503,6502345.624618407,2428946.0591583503,5255237.884338779,4043027.9377333936,6069860.720803351,3472125.366808322,NIST_GROUND,2018_Apr_Jun_origins,fixed_period,48,full,24
47,13681.0,2247692.6323156953,5024315.208659531,2247692.6323156953,3921090.4387142006,2910153.242548667,4782722.285005696,2168836.7152880006,NIST_GROUND,2018_Apr_Jun_origins,fixed_period,48,full,24
48,13680.0,1847228.3733924842,8163955.809594178,1847228.3733924842,3092003.1987191844,2431372.4184929263,3054074.02358821,1371942.6466406393,NIST_GROUND,2018_Apr_Jun_origins,fixed_period,48,full,24
49,13776.0,12220531.108821753,36047359.4738279,12220531.108821753,19089798.884332765,17143384.675243698,16677257.09598709,9498602.01016512,NIST_GROUND,2018_Apr_Jun_origins,fixed_period,48,full,24
50,13824.0,8975559.680626864,42091440.05747342,8975559.680626864,33216487.138345044,31065764.72421748,28631565.90686786,0.0,NIST_GROUND,2018_Apr_Jun_origins,fixed_period,48,full,24
51,13824.0,12287050.261819774,20484549.897413034,12287050.261819774,12495712.387126734,11271578.821545225,10496022.629991524,21549386.460931208,NIST_GROUND,2018_Apr_Jun_origins,fixed_period,48,full,24
52,13824.0,28035069.74953422,28628626.705408476,28035069.74953422,20251005.99692552,22522796.46899599,21153739.654621717,61636500.00643967,NIST_GROUND,2018_Apr_Jun_origins,fixed_period,48,full,24
53,13728.0,9006453.208759187,17159237.6412433,9006453.208759187,6290024.90002642,7735143.931120785,6471330.72918852,24439337.358797908,NIST_GROUND,2018_Apr_Jun_origins,fixed_period,48,full,24
54,13776.0,1944591.3560912553,13611127.944466863,1944591.3560912553,3744011.4861906115,5543593.897572101,4489266.751204951,580836.4019481599,NIST_GROUND,2018_Apr_Jun_origins,fixed_period,48,full,24
55,13824.0,14759783.163059896,31098700.851203296,14759783.163059896,10776727.754785968,11222802.232078085,11202890.936778834,21277715.291706253,NIST_GROUND,2018_Apr_Jun_origins,fixed_period,48,full,24
56,13824.0,10645875.563342163,24098378.22902897,10645875.563342163,12126203.666850183,13159954.636059051,12262069.266084272,14276217.540466558,NIST_GROUND,2018_Apr_Jun_origins,fixed_period,48,full,24
57,13824.0,15017164.31041064,13504926.725021534,15017164.31041064,10593836.424739812,9227164.373935763,9704061.016112259,50615500.93645825,NIST_GROUND,2018_Apr_Jun_origins,fixed_period,48,full,24
58,13728.0,8915918.090206623,12882489.184706962,8915918.090206623,6660212.037858883,6933634.404995256,5620040.363495238,15481771.827950079,NIST_GROUND,2018_Apr_Jun_origins,fixed_period,48,full,24
59,13728.0,10790931.396397036,11682526.119863499,10790931.396397036,13186877.118408235,12448524.90411323,15063083.666201603,27012607.192996312,NIST_GROUND,2018_Apr_Jun_origins,fixed_period,48,full,24
60,13681.0,17775370.094215658,26989623.510259442,17775370.094215658,17554359.299686417,16305524.524541555,14963184.974629961,23349585.698280964,NIST_GROUND,2018_Apr_Jun_origins,fixed_period,48,full,24
61,13776.0,15922641.487323727,19458531.700833663,15922641.487323727,12613627.793294203,13730746.445528273,12916993.358004753,41217177.12695808,NIST_GROUND,2018_Apr_Jun_origins,fixed_period,48,full,24
62,13824.0,21809018.159620747,32204807.46584762,21809018.159620747,21213072.216036305,20337734.04486172,20438136.71006235,38895218.19569663,NIST_GROUND,2018_Apr_Jun_origins,fixed_period,48,full,24
63,13824.0,9885646.373727145,6649514.6315174885,9885646.373727145,6015186.414036325,4558734.244220577,7169639.805675338,32909398.01782272,NIST_GROUND,2018_Apr_Jun_origins,fixed_period,48,full,24
64,13824.0,31398366.269237116,29689981.94220727,31398366.269237116,18391925.285986427,20652584.093489096,18798912.35511359,77258834.628528,NIST_GROUND,2018_Apr_Jun_origins,fixed_period,48,full,24
65,13824.0,21470467.368009266,26779718.52857137,21470467.368009266,15793541.895372255,16678836.894396642,16015727.568921288,39870646.6213517,NIST_GROUND,2018_Apr_Jun_origins,fixed_period,48,full,24
66,13824.0,21908635.058283385,36637031.10184132,21908635.058283385,23507117.508817896,25104144.6650552,24625607.101196174,24784495.130246397,NIST_GROUND,2018_Apr_Jun_origins,fixed_period,48,full,24
67,13728.0,12227490.619908718,20414423.82382987,12227490.619908718,10809457.016635064,12643856.22773304,12503994.977799427,25654571.959497113,NIST_GROUND,2018_Apr_Jun_origins,fixed_period,48,full,24
68,13491.0,5630044.649331893,12677793.205942137,5630044.649331893,6187898.132497386,6732444.888240964,6486473.056155322,13001517.961063242,NIST_GROUND,2018_Apr_Jun_origins,fixed_period,48,full,24
69,13585.0,15672933.196051355,22160497.04707685,15672933.196051355,19904741.647314742,20086329.229346514,20601576.681298494,21708630.424234655,NIST_GROUND,2018_Apr_Jun_origins,fixed_period,48,full,24
70,13776.0,12178417.2807247,11558116.100738976,12178417.2807247,11080448.485301096,10124900.31006369,12231604.406643322,45847328.64484037,NIST_GROUND,2018_Apr_Jun_origins,fixed_period,48,full,24
71,13824.0,4474918.961442877,8588063.182264542,4474918.961442877,4295703.3660988165,3609533.729527345,4366910.721455347,6967267.887292797,NIST_GROUND,2018_Apr_Jun_origins,fixed_period,48,full,24
72,13824.0,27592483.946219284,19559321.767481945,27592483.946219284,8032784.430157282,9549663.654179145,8929758.55055514,92888405.58334653,NIST_GROUND,2018_Apr_Jun_origins,fixed_period,48,full,24
73,13538.0,11644439.440536844,17323719.025125064,11644439.440536844,10862780.473050723,12446907.184092026,11423197.565909557,30701514.64410603,NIST_GROUND,2018_Apr_Jun_origins,fixed_period,48,full,24
74,13284.0,11110495.489439825,23134563.406627636,11110495.489439825,10263435.125684042,11217434.74458722,12413336.150178822,31168097.72912964,NIST_GROUND,2018_Apr_Jun_origins,fixed_period,48,full,24
75,13160.0,3372371.379823416,17940384.62891836,3372371.379823416,12163277.628278932,14184275.553125834,12240836.461392824,959244.28585196,NIST_GROUND,2018_Apr_Jun_origins,fixed_period,48,full,24
76,8467.0,3891094.136636043,12420433.879545668,3891094.136636043,4219503.698010975,5779925.946964282,5345641.724877975,1849626.267575441,NIST_GROUND,2018_Apr_Jun_origins,fixed_period,48,full,24
77,3242.0,6185828.804093777,7325254.224726824,6185828.804093777,8466735.977841197,8119640.451073671,8385160.721245548,2977433.6063549216,NIST_GROUND,2018_Apr_Jun_origins,fixed_period,48,full,24
78,3395.0,7674886.082646779,11102961.867554296,7674886.082646779,16203311.158534292,13677729.284486428,17668462.336637035,3726215.1002448,NIST_GROUND,2018_Apr_Jun_origins,fixed_period,48,full,24
79,8440.0,35382802.92386032,34585408.919284835,35382802.92386032,24579177.345140826,24399190.193057362,24331485.629511636,45320675.91121623,NIST_GROUND,2018_Apr_Jun_origins,fixed_period,48,full,24
80,12882.0,15488527.528110111,19835629.40930688,15488527.528110111,19056157.784772024,18723342.53395577,19660264.063425213,35247441.413984634,NIST_GROUND,2018_Apr_Jun_origins,fixed_period,48,full,24
81,13824.0,9600908.468279287,14521947.335717948,9600908.468279287,12491616.933098283,12068660.763468754,12203814.120443145,16715473.016198404,NIST_GROUND,2018_Apr_Jun_origins,fixed_period,48,full,24
82,8101.0,8877846.491202854,8731633.742360534,8877846.491202854,7873884.579482021,6883119.164663898,8101184.44499859,21989022.963142473,NIST_GROUND,2018_Apr_Jun_origins,fixed_period,48,full,24
83,1759.0,6525861.2689875215,3031646.9292038027,6525861.2689875215,772486.085042233,1132825.7644862286,673549.7851663234,2723432.0208378793,NIST_GROUND,2018_Apr_Jun_origins,fixed_period,48,full,24
84,1251.0,4001890.418877135,2097037.9794619675,4001890.418877135,673363.2506195974,875335.0566331666,606623.3247917636,0.0,NIST_GROUND,2018_Apr_Jun_origins,fixed_period,48,full,24
85,4844.0,10344018.24966159,10111126.153149515,10344018.24966159,11856938.138701046,9356626.059878444,12293187.320212286,34419378.672715455,NIST_GROUND,2018_Apr_Jun_origins,fixed_period,48,full,24
86,12120.0,13937464.028851973,22860680.54455778,13937464.028851973,10331774.786707712,10507371.651091944,10205129.642146219,13021257.537100794,NIST_GROUND,2018_Apr_Jun_origins,fixed_period,48,full,24
87,13824.0,13074624.08651806,9387362.062525688,13074624.08651806,11066995.445305545,9550826.111309007,11934159.250724727,60472124.979361914,NIST_GROUND,2018_Apr_Jun_origins,fixed_period,48,full,24
88,13824.0,25383888.931361996,32193842.497796007,25383888.931361996,22393772.277090263,24393342.30588102,23253549.382691108,29500055.745792016,NIST_GROUND,2018_Apr_Jun_origins,fixed_period,48,full,24
89,13824.0,16893420.581527766,21750887.959369726,16893420.581527766,8829472.98322681,10659048.58179133,9644501.213679004,37770815.11273153,NIST_GROUND,2018_Apr_Jun_origins,fixed_period,48,full,24
90,13824.0,2710518.198018583,10613812.382639207,2710518.198018583,3541856.976974056,5083607.7880374035,3916660.881227747,6734127.68389824,NIST_GROUND,2018_Apr_Jun_origins,fixed_period,48,full,24
0,27315.0,32511698.72199414,33218497.67126106,32511698.72199414,27181460.016240638,25107364.496276926,25110749.789550807,97992814.041902,NIST_GROUND,2018_Apr_Jun_origins,fixed_period,48,full,48
1,27264.0,41128526.17066363,41386343.37571736,41128526.17066363,40293948.84014163,36316095.00351868,36130714.12787532,79948118.00851877,NIST_GROUND,2018_Apr_Jun_origins,fixed_period,48,full,48
2,27648.0,28884147.402903356,62324632.86704608,28884147.402903356,38504671.32017782,39753261.237965256,39207924.18355908,56142433.06399878,NIST_GROUND,2018_Apr_Jun_origins,fixed_period,48,full,48
3,27347.0,42171557.41968961,44351054.11507973,42171557.41968961,21427615.88905213,23151124.711782683,19655553.65610449,136045066.50037673,NIST_GROUND,2018_Apr_Jun_origins,fixed_period,48,full,48
4,26945.0,55635987.74465463,50638781.109327026,55635987.74465463,40507594.58402805,42027522.78414718,41496711.39148991,197934299.25966874,NIST_GROUND,2018_Apr_Jun_origins,fixed_period,48,full,48
5,27408.0,33130683.095173396,55178207.53456994,33130683.095173396,47639903.10491676,47611602.778568216,46356605.849507995,59645384.89951544,NIST_GROUND,2018_Apr_Jun_origins,fixed_period,48,full,48
6,27219.0,10636178.581494853,44452772.00621889,10636178.581494853,14448676.283929585,16637936.544861354,14496493.235224666,19623557.2845408,NIST_GROUND,2018_Apr_Jun_origins,fixed_period,48,full,48
7,26695.0,26996079.180717956,16365066.541121269,26996079.180717956,16139072.156463558,15312900.85100134,17064085.159208674,104366184.13132562,NIST_GROUND,2018_Apr_Jun_origins,fixed_period,48,full,48
8,27216.0,35648047.15265391,34801432.859134175,35648047.15265391,20682376.67831457,22456409.52018726,20863444.754854403,99521581.61655952,NIST_GROUND,2018_Apr_Jun_origins,fixed_period,48,full,48
9,27552.0,62281525.519103825,78878324.63528042,62281525.519103825,49325911.67131402,52199332.46878324,50302391.4847792,155467190.42743123,NIST_GROUND,2018_Apr_Jun_origins,fixed_period,48,full,48
10,27648.0,8868743.307675824,43405297.477539875,8868743.307675824,14546604.148489892,16393945.36457297,15930550.58205735,16415498.647263352,NIST_GROUND,2018_Apr_Jun_origins,fixed_period,48,full,48
11,27504.0,19538750.69894119,32915036.343160085,19538750.69894119,18942580.146756545,17403290.177013278,16762710.522294674,56644021.617176406,NIST_GROUND,2018_Apr_Jun_origins,fixed_period,48,full,48
12,27456.0,39551491.25642008,40849217.57364938,39551491.25642008,21185777.642757278,21900389.780242424,21985847.942395583,123465596.90976521,NIST_GROUND,2018_Apr_Jun_origins,fixed_period,48,full,48
13,27552.0,60312275.36390987,58431421.10679907,60312275.36390987,45244655.65455216,41147204.106948465,39142469.345392235,154798192.97691828,NIST_GROUND,2018_Apr_Jun_origins,fixed_period,48,full,48
14,27648.0,41681113.02488184,56501150.66116153,41681113.02488184,38803154.62182649,41560864.96531952,41291305.75754602,85916493.12110598,NIST_GROUND,2018_Apr_Jun_origins,fixed_period,48,full,48
15,27552.0,4645498.671764806,34056610.06884555,4645498.671764806,9504946.497575426,13532738.883028036,12055978.708478307,1780588.1595254415,NIST_GROUND,2018_Apr_Jun_origins,fixed_period,48,full,48
16,27315.0,15698921.151351143,37314929.506481916,15698921.151351143,21367681.018477805,22926272.147942092,20122924.440870065,18175604.28392848,NIST_GROUND,2018_Apr_Jun_origins,fixed_period,48,full,48
17,27408.0,28957437.466315545,32632980.88577183,28957437.466315545,24242976.715921026,23262263.434532627,25387726.399515584,64084254.23884764,NIST_GROUND,2018_Apr_Jun_origins,fixed_period,48,full,48
18,27408.0,32120763.07758274,49098122.65401807,32120763.07758274,21452016.35849536,23972069.410948038,22291852.4500616,68814939.64315344,NIST_GROUND,2018_Apr_Jun_origins,fixed_period,48,full,48
19,21369.0,37788061.55194052,61673879.78545066,37788061.55194052,39955883.638717815,41390672.53459997,40557659.69243976,53525722.60671903,NIST_GROUND,2018_Apr_Jun_origins,fixed_period,48,full,48
20,26536.0,21405747.025328793,39408476.439756945,21405747.025328793,20308981.78596258,23446608.108600218,21145734.552173667,51273715.70466969,NIST_GROUND,2018_Apr_Jun_origins,fixed_period,48,full,48
21,27571.0,47784009.79065906,37521094.2000908,47784009.79065906,27537878.905014355,25224237.09757091,25416872.110874135,156314798.32340345,NIST_GROUND,2018_Apr_Jun_origins,fixed_period,48,full,48
22,27552.0,24535880.566727772,28674690.739188872,24535880.566727772,16979449.165473353,17537245.062958732,18156725.215869054,90609524.2612559,NIST_GROUND,2018_Apr_Jun_origins,fixed_period,48,full,48
23,27409.0,4676638.691474043,11526660.83327793,4676638.691474043,9176328.323052969,6953181.180282066,10852583.00580905,5640962.082096323,NIST_GROUND,2018_Apr_Jun_origins,fixed_period,48,full,48
24,27456.0,14067759.48221424,44211315.28342207,14067759.48221424,22181802.08305195,19574757.093736622,19731331.11957529,10870544.656805756,NIST_GROUND,2018_Apr_Jun_origins,fixed_period,48,full,48
25,27648.0,21262609.942446653,62575989.954886444,21262609.942446653,45712199.525471784,42337343.545762695,39127588.53685943,21549386.460931208,NIST_GROUND,2018_Apr_Jun_origins,fixed_period,48,full,48
26,27552.0,37041522.958293386,45787864.34665181,37041522.958293386,26541030.896951962,30257940.40011678,27625070.38381024,86075837.36523752,NIST_GROUND,2018_Apr_Jun_origins,fixed_period,48,full,48
27,27600.0,16704374.519151146,44709828.7956702,16704374.519151146,14520739.240976585,16766396.129650183,15692157.687983794,21858551.693654407,NIST_GROUND,2018_Apr_Jun_origins,fixed_period,48,full,48
28,27648.0,25663039.873752788,37603304.95405054,25663039.873752788,22720040.091590013,22387119.00999484,21966130.282196492,64891718.47692483,NIST_GROUND,2018_Apr_Jun_origins,fixed_period,48,full,48
29,27456.0,19706849.486603655,24565015.304570444,19706849.486603655,19847089.156267114,19382159.309108492,20683124.029696856,42494379.02094642,NIST_GROUND,2018_Apr_Jun_origins,fixed_period,48,full,48
30,27457.0,33698011.58153935,46448155.21109307,33698011.58153935,30167987.09298061,30036270.97006981,27880178.332634702,64566762.825239055,NIST_GROUND,2018_Apr_Jun_origins,fixed_period,48,full,48
31,27648.0,31694664.53334787,38854322.09736505,31694664.53334787,27228258.630072612,24896468.28908229,27607776.515737664,71804616.2135194,NIST_GROUND,2018_Apr_Jun_origins,fixed_period,48,full,48
32,27648.0,52868833.63724631,56469700.470778644,52868833.63724631,34185467.18135862,37331420.98788576,34814639.92403485,117129481.24987966,NIST_GROUND,2018_Apr_Jun_origins,fixed_period,48,full,48
33,27552.0,34136125.67819212,57051454.92567119,34136125.67819212,34316574.52545293,37748000.8927882,37129602.07899564,50439067.0897435,NIST_GROUND,2018_Apr_Jun_origins,fixed_period,48,full,48
34,27076.0,21302977.845383227,34838290.253018975,21302977.845383227,26092639.779812127,26818774.117587484,27088049.737453833,34710148.38529785,NIST_GROUND,2018_Apr_Jun_origins,fixed_period,48,full,48
35,27600.0,16653336.242167575,20146179.28300354,16653336.242167575,15376151.85139992,13734434.03959104,16598515.128098654,52814596.532133155,NIST_GROUND,2018_Apr_Jun_origins,fixed_period,48,full,48
36,27362.0,39236923.38675621,36883040.79260699,39236923.38675621,18895564.90320798,21996570.83827118,20352956.11646472,123589920.22745265,NIST_GROUND,2018_Apr_Jun_origins,fixed_period,48,full,48
37,26444.0,14482866.869263245,41074948.03554596,14482866.869263245,22426712.75396299,25401710.297713056,24654172.61157167,32127342.01498161,NIST_GROUND,2018_Apr_Jun_origins,fixed_period,48,full,48
38,11709.0,10076922.94072981,19745688.104272496,10076922.94072981,12686239.675852176,13899566.398037955,13730802.44612353,4827059.873930365,NIST_GROUND,2018_Apr_Jun_origins,fixed_period,48,full,48
39,11835.0,43057689.0065071,45688370.78683914,43057689.0065071,40782488.50367515,38076919.477543734,41999947.966148704,49046891.011461034,NIST_GROUND,2018_Apr_Jun_origins,fixed_period,48,full,48
40,26706.0,25089435.996389408,34357576.74502483,25089435.996389408,31547774.717870332,30792003.29742451,31864078.183868356,51962914.43018301,NIST_GROUND,2018_Apr_Jun_origins,fixed_period,48,full,48
41,9860.0,15403707.760190373,11763280.67156434,15403707.760190373,8646370.664524252,8015944.929150126,8774734.230164915,24712454.98398036,NIST_GROUND,2018_Apr_Jun_origins,fixed_period,48,full,48
42,6095.0,14345908.668538716,12208164.132611483,14345908.668538716,12530301.389320642,10231961.116511608,12899810.645004047,34419378.672715455,NIST_GROUND,2018_Apr_Jun_origins,fixed_period,48,full,48
43,25944.0,27012088.11537001,32248042.607083496,27012088.11537001,21398770.232013267,20058197.76240096,22139288.89287091,73493382.51646268,NIST_GROUND,2018_Apr_Jun_origins,fixed_period,48,full,48
44,27648.0,42277309.51288973,53944730.45716564,42277309.51288973,31223245.26031708,35052390.88767239,32898050.596370112,67270870.85852349,NIST_GROUND,2018_Apr_Jun_origins,fixed_period,48,full,48
45,13824.0,2710518.198018583,10613812.382639207,2710518.198018583,3541856.976974056,5083607.7880374035,3916660.881227747,6734127.68389824,NIST_GROUND,2018_Apr_Jun_origins,fixed_period,48,full,48
0,40851.0,37738623.488518134,40478730.28437043,37738623.488518134,33560979.941897854,30413259.47117595,31202382.856392473,114196684.247873,NIST_GROUND,2018_Apr_Jun_origins,fixed_period,48,full,72
1,41376.0,64785748.807043135,96450743.62965411,64785748.807043135,72419100.23466225,70763461.26658493,69247005.24459274,119886680.86654639,NIST_GROUND,2018_Apr_Jun_origins,fixed_period,48,full,72
2,40851.0,66761068.744978465,65169083.960345134,66761068.744978465,46243632.35493539,46967804.6466075,43608873.24772976,231427750.92297223,NIST_GROUND,2018_Apr_Jun_origins,fixed_period,48,full,72
3,40849.0,64177159.514539026,84998958.79863155,64177159.514539026,63331481.22306148,65822445.62789058,63899997.64937257,162196999.73658845,NIST_GROUND,2018_Apr_Jun_origins,fixed_period,48,full,72
4,40614.0,32838369.51369645,49930500.756938376,32838369.51369645,25172841.779651124,26901563.36917257,26700871.487451874,117254360.70581843,NIST_GROUND,2018_Apr_Jun_origins,fixed_period,48,full,72
5,40516.0,40441935.40117026,45688770.64953606,40441935.40117026,26097283.33905657,27505683.54687745,25723151.661835864,106256962.32660753,NIST_GROUND,2018_Apr_Jun_origins,fixed_period,48,full,72
6,41376.0,65173568.55944257,101026873.68714471,65173568.55944257,54801838.664964296,58943674.39235542,57412914.701979,161323642.786896,NIST_GROUND,2018_Apr_Jun_origins,fixed_period,48,full,72
7,41328.0,25515450.966278266,54171784.76883551,25515450.966278266,28013257.301596206,27052893.61801403,25582737.887152284,67203067.9049748,NIST_GROUND,2018_Apr_Jun_origins,fixed_period,48,full,72
8,41184.0,64130375.36053116,59895690.38780221,64130375.36053116,42184133.212925024,41480836.26317292,41532421.22925891,211470911.6692526,NIST_GROUND,2018_Apr_Jun_origins,fixed_period,48,full,72
9,41472.0,77414504.28468078,95886098.95380796,77414504.28468078,63049454.706210926,63127622.58933749,60887201.81607491,152709371.33853695,NIST_GROUND,2018_Apr_Jun_origins,fixed_period,48,full,72
10,41328.0,7090785.900916163,47986769.32616413,7090785.900916163,13396684.173449567,19267511.846558925,16788166.13584808,2270023.358458561,NIST_GROUND,2018_Apr_Jun_origins,fixed_period,48,full,72
11,40947.0,42211071.388515405,56017751.13493517,42211071.388515405,41718920.058524676,40453762.6189439,40778463.413015805,81770423.32384306,NIST_GROUND,2018_Apr_Jun_origins,fixed_period,48,full,72
12,38661.0,45043766.859974496,74392818.27753752,45043766.859974496,34977727.84965655,39324290.613513574,36628669.93895509,81183571.69099353,NIST_GROUND,2018_Apr_Jun_origins,fixed_period,48,full,72
13,36652.0,46270804.794877596,75787660.60168813,46270804.794877596,46739153.933519185,49485059.44063465,47366576.755720004,92430806.26354869,NIST_GROUND,2018_Apr_Jun_origins,fixed_period,48,full,72
14,41395.0,56659085.013990104,57744571.888924025,56659085.013990104,35719360.61406757,35846368.80346909,34376185.45421633,170890457.45694533,NIST_GROUND,2018_Apr_Jun_origins,fixed_period,48,full,72
15,41137.0,20337444.034870815,19977873.883633528,20337444.034870815,17974295.779473122,13868294.537342552,20049994.878335934,81674827.20981026,NIST_GROUND,2018_Apr_Jun_origins,fixed_period,48,full,72
16,41280.0,23043319.162841108,86302755.34089556,23043319.162841108,55398289.22139696,50640521.81795406,48362897.02644309,10870544.656805756,NIST_GROUND,2018_Apr_Jun_origins,fixed_period,48,full,72
17,41376.0,49328573.2201132,66272414.24406489,49328573.2201132,39036743.28407864,41529519.22166197,38121093.013801806,107625223.82616882,NIST_GROUND,2018_Apr_Jun_origins,fixed_period,48,full,72
18,41424.0,27350250.082493342,68808207.02469908,27350250.082493342,26646942.907826763,29926350.76570925,27954226.95406807,36134769.23412097,NIST_GROUND,2018_Apr_Jun_origins,fixed_period,48,full,72
19,41280.0,34724013.797014296,38069942.02959194,34724013.797014296,30440925.58100692,28609323.683044266,30387185.045809094,93109879.95740452,NIST_GROUND,2018_Apr_Jun_origins,fixed_period,48,full,72
20,41281.0,55507029.74116014,78652962.67694063,55507029.74116014,51381059.309016936,50374005.014931574,48318315.04269698,103461981.0209356,NIST_GROUND,2018_Apr_Jun_origins,fixed_period,48,full,72
21,41472.0,62754480.010973416,63119215.10229622,62754480.010973416,40200653.595394984,41890155.23210634,41984279.7297102,150038879.2677023,NIST_GROUND,2018_Apr_Jun_origins,fixed_period,48,full,72
22,41043.0,39766170.32752398,69729248.13161331,39766170.32752398,40504472.65795031,44480445.78102925,43616075.135151014,63440585.05080675,NIST_GROUND,2018_Apr_Jun_origins,fixed_period,48,full,72
23,41185.0,32326269.438218918,42306676.33008033,32326269.438218918,35280893.498714596,33820763.26893755,37200091.80939715,74523226.95636782,NIST_GROUND,2018_Apr_Jun_origins,fixed_period,48,full,72
24,40646.0,50347418.87619599,60017604.19923464,50347418.87619599,29159000.028892018,33214005.582858365,32766292.266643528,154758017.9565822,NIST_GROUND,2018_Apr_Jun_origins,fixed_period,48,full,72
25,24869.0,13449294.320553226,37686072.73319089,13449294.320553226,24849517.304131117,28083841.951163754,25971638.90751635,5786304.159782324,NIST_GROUND,2018_Apr_Jun_origins,fixed_period,48,full,72
26,24717.0,58546216.534617245,65524000.19614595,58546216.534617245,59838646.28844724,56800262.01149953,61660212.02957395,84294332.42544565,NIST_GROUND,2018_Apr_Jun_origins,fixed_period,48,full,72
27,23684.0,25004616.22846967,26285228.007282272,25004616.22846967,21137987.597622536,20084605.69261884,20978548.35060809,41427928.000178725,NIST_GROUND,2018_Apr_Jun_origins,fixed_period,48,full,72
28,18215.0,28283372.697390664,35068844.67716923,28283372.697390664,22862076.17602837,20739332.76760354,23104940.287150245,47440636.20981627,NIST_GROUND,2018_Apr_Jun_origins,fixed_period,48,full,72
29,41472.0,55351933.59940773,63332092.51969135,55351933.59940773,42290240.70562259,44603216.99898138,44832209.84709473,127742995.8378854,NIST_GROUND,2018_Apr_Jun_origins,fixed_period,48,full,72
30,13824.0,2710518.198018583,10613812.382639207,2710518.198018583,3541856.976974056,5083607.7880374035,3916660.881227747,6734127.68389824,NIST_GROUND,2018_Apr_Jun_origins,fixed_period,48,full,72
0,6480.0,24766266.29188539,19218579.99212047,24766266.29188539,18623141.43704322,17467918.394382548,18099805.131276365,78396264.6839152,NIST_GROUND,2018_Apr_Jun_origins,fixed_period,48,power-active,24
1,5667.0,6181452.64271829,7507469.199334859,6181452.64271829,5745664.707872273,5988274.233264479,5310773.980614469,19516456.803288,NIST_GROUND,2018_Apr_Jun_origins,fixed_period,48,power-active,24
2,6241.0,4635091.792154721,2634109.9050989877,4635091.792154721,5492197.146954319,4650356.237128824,5547762.125547384,16182358.769707272,NIST_GROUND,2018_Apr_Jun_origins,fixed_period,48,power-active,24
3,6480.0,33744812.775858685,29934047.22182222,33744812.775858685,31542354.103565525,29447148.579314448,28647451.60937444,63563892.18917758,NIST_GROUND,2018_Apr_Jun_origins,fixed_period,48,power-active,24
4,6816.0,19475372.835399155,30809472.510866426,19475372.835399155,20059245.518839184,21790104.727760103,20983978.36904448,41311066.5434784,NIST_GROUND,2018_Apr_Jun_origins,fixed_period,48,power-active,24
5,6768.0,7876266.091999601,25362048.685103204,7876266.091999601,17082036.68432647,17031851.17162902,17497491.662999343,14830015.568334712,NIST_GROUND,2018_Apr_Jun_origins,fixed_period,48,power-active,24
6,6000.0,9036536.060520317,4538699.016732395,9036536.060520317,2546580.6549296067,2346452.2253920757,1911306.4360901415,45196975.766315535,NIST_GROUND,2018_Apr_Jun_origins,fixed_period,48,power-active,24
7,6723.0,32041793.995958947,35696964.95200988,32041793.995958947,16114980.342329534,18838642.537146717,16154493.411786418,90730277.33330505,NIST_GROUND,2018_Apr_Jun_origins,fixed_period,48,power-active,24
8,5714.0,23525419.524333663,18083019.76655397,23525419.524333663,23735662.133414306,23152424.18807149,23374040.28825612,94744050.4269213,NIST_GROUND,2018_Apr_Jun_origins,fixed_period,48,power-active,24
9,6730.0,30537654.22219061,28014283.01690979,30537654.22219061,15214612.998158846,17919206.0229064,17335269.62600937,102550992.74686272,NIST_GROUND,2018_Apr_Jun_origins,fixed_period,48,power-active,24
10,6720.0,15678197.736027017,24841979.849784385,15678197.736027017,16973923.583347477,18925726.03944168,18186607.57719642,34290434.69909376,NIST_GROUND,2018_Apr_Jun_origins,fixed_period,48,power-active,24
11,6672.0,16115450.457295503,24619042.80615719,16115450.457295503,26998930.807369348,26657633.686532434,26105558.229426913,25339187.117322717,NIST_GROUND,2018_Apr_Jun_origins,fixed_period,48,power-active,24
12,6816.0,6096242.335352448,19610826.57571182,6096242.335352448,6474011.437416097,7718772.193910673,6618910.900642476,16166813.348048644,NIST_GROUND,2018_Apr_Jun_origins,fixed_period,48,power-active,24
13,6960.0,3523143.4966032114,19513101.51383221,3523143.4966032114,6351438.164332466,7215246.64096256,6810552.876140016,3456315.172682879,NIST_GROUND,2018_Apr_Jun_origins,fixed_period,48,power-active,24
14,6387.0,21545701.190962058,2346502.7377787884,21545701.190962058,9780079.433431203,9363742.354638172,11412589.087774659,97583683.13387029,NIST_GROUND,2018_Apr_Jun_origins,fixed_period,48,power-active,24
15,5789.0,3557025.301152348,6120543.867687603,3557025.301152348,3974798.799442847,3827994.8721283684,3901247.7539648446,6662261.456417279,NIST_GROUND,2018_Apr_Jun_origins,fixed_period,48,power-active,24
16,6432.0,6077371.473591513,7365401.01457869,6077371.473591513,8759134.62119822,8299263.774744814,8807094.427995525,8154680.176341122,NIST_GROUND,2018_Apr_Jun_origins,fixed_period,48,power-active,24
17,6865.0,27932271.53758321,22945147.578877073,27932271.53758321,9911486.530904092,12485270.442069981,10862457.544462183,91365463.04766345,NIST_GROUND,2018_Apr_Jun_origins,fixed_period,48,power-active,24
18,6768.0,38235498.34938244,46193746.086303666,38235498.34938244,39438038.36904632,40056944.77579571,38590296.81127049,68944456.24250889,NIST_GROUND,2018_Apr_Jun_origins,fixed_period,48,power-active,24
19,7056.0,22076192.709036153,28444444.980191223,22076192.709036153,7455972.725104334,10653113.30946034,10329841.060484437,84720286.35948095,NIST_GROUND,2018_Apr_Jun_origins,fixed_period,48,power-active,24
20,7200.0,2305851.843718974,20476986.973330848,2305851.843718974,4706932.006973204,6318244.053426541,6786414.402368438,5856271.54728384,NIST_GROUND,2018_Apr_Jun_origins,fixed_period,48,power-active,24
21,7200.0,5714848.725866761,19304815.58219726,5714848.725866761,8460625.920402102,9280976.815363837,8460561.68836105,10557833.135940477,NIST_GROUND,2018_Apr_Jun_origins,fixed_period,48,power-active,24
22,7288.0,9191481.563373448,24367543.875989567,9191481.563373448,13353643.481942875,12422648.159355817,11078886.418176455,8495022.010110324,NIST_GROUND,2018_Apr_Jun_origins,fixed_period,48,power-active,24
23,6576.0,9370280.148120435,3957783.51047724,9370280.148120435,4561856.048592525,4176116.946335751,4996748.384263142,48061830.864312954,NIST_GROUND,2018_Apr_Jun_origins,fixed_period,48,power-active,24
24,6912.0,5133414.6313584,7632868.019777426,5133414.6313584,8230716.71297174,7130055.008819122,8199080.175817498,5572355.499384961,NIST_GROUND,2018_Apr_Jun_origins,fixed_period,48,power-active,24
25,7007.0,32785907.970217887,27134248.891734757,32785907.970217887,12103327.878790613,14143038.988655966,13166477.805661008,117889484.39278415,NIST_GROUND,2018_Apr_Jun_origins,fixed_period,48,power-active,24
26,6384.0,22788440.670488786,15264503.762464827,22788440.670488786,19571578.517927226,18606975.759599235,18635736.995435268,87274819.70267332,NIST_GROUND,2018_Apr_Jun_origins,fixed_period,48,power-active,24
27,7152.0,35041465.48081909,37332751.807130255,35041465.48081909,23877309.63296462,21190734.21045653,19274241.03744456,66785173.39921919,NIST_GROUND,2018_Apr_Jun_origins,fixed_period,48,power-active,24
28,7104.0,27117340.5020258,28924342.189952314,27117340.5020258,31943365.209055766,32050043.041543894,32407570.444680057,51368073.03618049,NIST_GROUND,2018_Apr_Jun_origins,fixed_period,48,power-active,24
29,7104.0,13151962.852706386,23679943.62758477,13151962.852706386,5514473.8633817155,8555751.657619163,8082662.4729763465,34545189.62530559,NIST_GROUND,2018_Apr_Jun_origins,fixed_period,48,power-active,24
30,7200.0,1794370.5806229974,17071620.761306062,1794370.5806229974,4168226.4939784966,6631377.856908844,6192510.60414399,912670.8343449603,NIST_GROUND,2018_Apr_Jun_origins,fixed_period,48,power-active,24
31,7296.0,1806024.9345169405,12385774.090324538,1806024.9345169405,3547047.110091809,5650708.910672181,4949289.560719485,867458.0490748802,NIST_GROUND,2018_Apr_Jun_origins,fixed_period,48,power-active,24
32,7392.0,1979571.9235646175,11650338.636858273,1979571.9235646175,3337557.1918014167,5257487.53505431,4346331.505194509,489092.2498751998,NIST_GROUND,2018_Apr_Jun_origins,fixed_period,48,power-active,24
33,6147.0,11390653.498038566,18176423.09319117,11390653.498038566,15340965.929511547,15286552.016762786,13999506.828085052,17276726.229189273,NIST_GROUND,2018_Apr_Jun_origins,fixed_period,48,power-active,24
34,6528.0,11359216.35295726,6325849.042577607,11359216.35295726,7636392.131100955,7053887.78518757,9212656.322372518,49100161.520115845,NIST_GROUND,2018_Apr_Jun_origins,fixed_period,48,power-active,24
35,6972.0,16396273.605357472,20652117.7098356,16396273.605357472,14949115.727292,15194834.046638146,15113526.534774428,14982665.494052717,NIST_GROUND,2018_Apr_Jun_origins,fixed_period,48,power-active,24
36,7344.0,22148501.44167038,26144628.22322401,22148501.44167038,13160270.030214941,14097206.43055991,13229714.782693433,49533394.84829759,NIST_GROUND,2018_Apr_Jun_origins,fixed_period,48,power-active,24
37,7333.0,9195393.032545753,18678262.143255346,9195393.032545753,7354624.630917012,8945949.478019673,8395518.233219123,19280824.81915128,NIST_GROUND,2018_Apr_Jun_origins,fixed_period,48,power-active,24
38,7344.0,11833288.62837222,22881835.235399883,11833288.62837222,12853751.162800007,14414826.36954007,13605334.794406172,12368617.913633272,NIST_GROUND,2018_Apr_Jun_origins,fixed_period,48,power-active,24
39,6837.0,19578220.24002993,34466323.47889007,19578220.24002993,25903844.864988312,25325964.9663735,25734793.762415197,41054183.46502172,NIST_GROUND,2018_Apr_Jun_origins,fixed_period,48,power-active,24
40,7344.0,14007892.582820857,14924148.307175923,14007892.582820857,6104390.560355078,8534293.788915982,7144515.333753291,43799123.52081405,NIST_GROUND,2018_Apr_Jun_origins,fixed_period,48,power-active,24
41,7335.0,5811523.719281148,19705380.04760296,5811523.719281148,12685368.731620548,13739025.703214237,13171584.270793557,7437056.313649156,NIST_GROUND,2018_Apr_Jun_origins,fixed_period,48,power-active,24
42,6720.0,19872746.61419614,7365386.274982123,19872746.61419614,9259195.547255108,8058314.317503241,10299362.254013928,84538081.4676538,NIST_GROUND,2018_Apr_Jun_origins,fixed_period,48,power-active,24
43,6384.0,24684505.14715365,18029825.24615284,24684505.14715365,15140973.099078333,14916715.598872043,12938769.369445072,71690619.61366849,NIST_GROUND,2018_Apr_Jun_origins,fixed_period,48,power-active,24
44,7296.0,8306543.706832625,16501930.115211437,8306543.706832625,7671537.84997487,10340593.521518795,8625704.264517177,14575264.877598716,NIST_GROUND,2018_Apr_Jun_origins,fixed_period,48,power-active,24
45,6480.0,15029668.953613028,4853965.533206363,15029668.953613028,8214630.773130534,6443235.739970098,8568431.623648431,75794987.58172116,NIST_GROUND,2018_Apr_Jun_origins,fixed_period,48,power-active,24
46,7056.0,1850425.6142767796,2999511.674863841,1850425.6142767796,4905902.331196812,3839745.4111356004,5826245.874031742,3471937.8237004788,NIST_GROUND,2018_Apr_Jun_origins,fixed_period,48,power-active,24
47,6385.0,1291599.664581754,1919409.0687234898,1291599.664581754,3576830.774117395,2687624.439981799,4534193.741066526,2105183.9144758396,NIST_GROUND,2018_Apr_Jun_origins,fixed_period,48,power-active,24
48,7008.0,1148128.734433865,2969761.07477777,1148128.734433865,2683774.7897861996,2106017.7814912023,2781694.578798143,1368727.6138905606,NIST_GROUND,2018_Apr_Jun_origins,fixed_period,48,power-active,24
49,0.0,0.0,0.0,0.0,0.0,0.0,0.0,0.0,NIST_GROUND,2018_Apr_Jun_origins,fixed_period,48,power-active,24
50,0.0,0.0,0.0,0.0,0.0,0.0,0.0,0.0,NIST_GROUND,2018_Apr_Jun_origins,fixed_period,48,power-active,24
51,5904.0,10540291.552422224,15202910.159638107,10540291.552422224,10517071.282923637,9798956.029077156,8887709.959176276,21548784.00040704,NIST_GROUND,2018_Apr_Jun_origins,fixed_period,48,power-active,24
52,7488.0,26624524.62567885,25204186.099702917,26624524.62567885,19995568.035630487,22218966.935940914,20901895.13492787,61635444.505783685,NIST_GROUND,2018_Apr_Jun_origins,fixed_period,48,power-active,24
53,7488.0,8464247.260727303,14601108.818534551,8464247.260727303,5982295.092907963,7325715.881872213,6154878.330522295,24439172.40316143,NIST_GROUND,2018_Apr_Jun_origins,fixed_period,48,power-active,24
54,7536.0,1620342.9213946671,11308436.510588428,1620342.9213946671,3114447.90099349,4978560.599944763,4111597.5927329175,580697.1299212801,NIST_GROUND,2018_Apr_Jun_origins,fixed_period,48,power-active,24
55,7680.0,13582241.464980032,25980649.22464373,13582241.464980032,10187336.179248929,10710219.211107854,10672419.544658413,20348088.099162232,NIST_GROUND,2018_Apr_Jun_origins,fixed_period,48,power-active,24
56,7200.0,10441550.614252819,21272251.006765034,10441550.614252819,11862614.505649421,12985856.627017846,12106924.125186758,14221135.760342404,NIST_GROUND,2018_Apr_Jun_origins,fixed_period,48,power-active,24
57,7152.0,14076468.83633474,9645471.48708263,14076468.83633474,10038432.597633284,8819228.591072164,9326721.670379078,50570427.584261745,NIST_GROUND,2018_Apr_Jun_origins,fixed_period,48,power-active,24
58,7632.0,8675781.345273966,10976188.573927088,8675781.345273966,6461141.460556819,6770865.020812989,5452053.919519003,15481162.342856323,NIST_GROUND,2018_Apr_Jun_origins,fixed_period,48,power-active,24
59,6624.0,10110447.562992511,7570293.673541445,10110447.562992511,12583513.089862896,11968994.642653553,14604494.210114023,26834429.03050992,NIST_GROUND,2018_Apr_Jun_origins,fixed_period,48,power-active,24
60,6049.0,12985836.768840794,12668440.021785518,12985836.768840794,13708735.846796043,12992289.113827007,11781724.511614477,22767143.401607063,NIST_GROUND,2018_Apr_Jun_origins,fixed_period,48,power-active,24
61,7632.0,15528727.04625159,17719083.638910335,15528727.04625159,12342998.658297703,13532727.342326902,12721893.720809305,41216841.38484866,NIST_GROUND,2018_Apr_Jun_origins,fixed_period,48,power-active,24
62,6624.0,19732016.71336164,24376344.317390244,19732016.71336164,20492151.92561884,19657038.561519157,19816496.031805597,37476839.09081858,NIST_GROUND,2018_Apr_Jun_origins,fixed_period,48,power-active,24
63,6816.0,8905295.107451193,2224366.7023385577,8905295.107451193,5549214.9585067695,4263645.817056777,6852217.455304478,32613580.368236173,NIST_GROUND,2018_Apr_Jun_origins,fixed_period,48,power-active,24
64,7536.0,30419753.594138313,26481891.28263849,30419753.594138313,18130867.18881116,20360717.258886855,18587479.18064415,77257042.70263293,NIST_GROUND,2018_Apr_Jun_origins,fixed_period,48,power-active,24
65,7632.0,21184658.53058755,25594131.172813434,21184658.53058755,15269580.1842165,16263279.154365696,15752624.863943148,39866322.0155827,NIST_GROUND,2018_Apr_Jun_origins,fixed_period,48,power-active,24
66,7680.0,21508210.181748994,33955163.17832571,21508210.181748994,23033445.16374879,24774769.99570755,24284946.719859533,24784099.756220154,NIST_GROUND,2018_Apr_Jun_origins,fixed_period,48,power-active,24
67,7680.0,11897528.855469368,18705178.459921446,11897528.855469368,10593626.50767886,12418175.54183086,12328287.224226207,25653690.499330092,NIST_GROUND,2018_Apr_Jun_origins,fixed_period,48,power-active,24
68,7528.0,5342080.971964458,11189804.122585196,5342080.971964458,5768329.117605877,6291036.092515047,6166351.170066551,13001385.354491478,NIST_GROUND,2018_Apr_Jun_origins,fixed_period,48,power-active,24
69,7446.0,13950458.755023755,17315724.48879836,13950458.755023755,18544125.388043266,18845918.70958804,19463472.92265495,21612086.60897935,NIST_GROUND,2018_Apr_Jun_origins,fixed_period,48,power-active,24
70,7392.0,11560132.1004272,9131895.213043185,11560132.1004272,10818209.234774873,9818083.987713646,11988686.011973422,45827310.26707583,NIST_GROUND,2018_Apr_Jun_origins,fixed_period,48,power-active,24
71,7152.0,3407017.278052574,5024457.845443351,3407017.278052574,3848444.1684629098,3299380.9964847635,4054232.645751579,6917789.618006399,NIST_GROUND,2018_Apr_Jun_origins,fixed_period,48,power-active,24
72,7536.0,27115307.053808626,17127806.463141885,27115307.053808626,7668824.200831256,9273967.369817814,8696853.748441618,92887101.16874878,NIST_GROUND,2018_Apr_Jun_origins,fixed_period,48,power-active,24
73,7576.0,11051226.17147465,14284887.839571033,11051226.17147465,10191023.179008467,11543697.754407724,10786341.24124429,30602652.22245402,NIST_GROUND,2018_Apr_Jun_origins,fixed_period,48,power-active,24
74,7239.0,10467400.351952817,20805367.971186526,10467400.351952817,9764836.053240595,10617999.203176694,11968359.740531195,31164499.66404743,NIST_GROUND,2018_Apr_Jun_origins,fixed_period,48,power-active,24
75,7142.0,2603686.9183501755,15406712.923905475,2603686.9183501755,11143576.22439331,12958450.585973654,11462789.842950813,958608.4234647201,NIST_GROUND,2018_Apr_Jun_origins,fixed_period,48,power-active,24
76,4909.0,2447941.960223678,9866884.48614248,2447941.960223678,3652742.926333723,5049828.9984196015,4882164.276218146,1849591.3587052806,NIST_GROUND,2018_Apr_Jun_origins,fixed_period,48,power-active,24
77,1661.0,4444904.204910087,5853873.695703462,4444904.204910087,8143514.652368025,7338953.238925811,8060634.500916767,2977014.9322425625,NIST_GROUND,2018_Apr_Jun_origins,fixed_period,48,power-active,24
78,2308.0,5425887.059182047,9605872.936276138,5425887.059182047,15890367.83058842,13084396.39493629,17187336.538833592,3724846.22689592,NIST_GROUND,2018_Apr_Jun_origins,fixed_period,48,power-active,24
79,4895.0,27618598.927401204,29011695.450357035,27618598.927401204,23025363.406376693,22383735.10589664,23080869.3329675,37749323.26616786,NIST_GROUND,2018_Apr_Jun_origins,fixed_period,48,power-active,24
80,6864.0,14358564.541075043,17215940.459139153,14358564.541075043,18601347.80356904,18285090.945543844,19330203.779054854,35207704.04982719,NIST_GROUND,2018_Apr_Jun_origins,fixed_period,48,power-active,24
81,7680.0,9229803.702285862,11968245.809854433,9229803.702285862,12169101.30045112,11855710.44357894,11966512.410551606,16687170.367367035,NIST_GROUND,2018_Apr_Jun_origins,fixed_period,48,power-active,24
82,4176.0,4286528.02943377,3122696.6962811383,4286528.02943377,4921559.704925153,3677603.4404359045,4551875.405716064,16082118.207432963,NIST_GROUND,2018_Apr_Jun_origins,fixed_period,48,power-active,24
83,0.0,0.0,0.0,0.0,0.0,0.0,0.0,0.0,NIST_GROUND,2018_Apr_Jun_origins,fixed_period,48,power-active,24
84,0.0,0.0,0.0,0.0,0.0,0.0,0.0,0.0,NIST_GROUND,2018_Apr_Jun_origins,fixed_period,48,power-active,24
85,2238.0,7370446.48595611,9131937.82566749,7370446.48595611,11684123.488843152,9046935.70155811,12117064.537731502,34419179.81669307,NIST_GROUND,2018_Apr_Jun_origins,fixed_period,48,power-active,24
86,6624.0,13286850.430357277,20465493.025400467,13286850.430357277,10154544.373359649,10254843.99192401,10054278.23562601,12985315.97387519,NIST_GROUND,2018_Apr_Jun_origins,fixed_period,48,power-active,24
87,7440.0,12573266.405665904,5767012.0446804045,12573266.405665904,10687919.573468292,9247357.494049942,11641547.162092404,60457527.48931583,NIST_GROUND,2018_Apr_Jun_origins,fixed_period,48,power-active,24
88,7584.0,23506549.918037202,27299373.078983903,23506549.918037202,21967836.347208202,23889794.961047444,22809565.377558053,29499540.41767106,NIST_GROUND,2018_Apr_Jun_origins,fixed_period,48,power-active,24
89,7824.0,16364939.111359883,19836044.080322556,16364939.111359883,8571529.829998067,10269944.979793759,9408537.057348642,37770777.793011844,NIST_GROUND,2018_Apr_Jun_origins,fixed_period,48,power-active,24
90,7584.0,2390574.9118186175,8991197.312114919,2390574.9118186175,3149997.082586497,4638155.0422773445,3628879.3572425065,6728814.266388481,NIST_GROUND,2018_Apr_Jun_origins,fixed_period,48,power-active,24
0,12147.0,30947718.934603676,26726049.19145532,30947718.934603676,24368806.144915506,23456192.627647046,23410579.111890834,97912721.48720326,NIST_GROUND,2018_Apr_Jun_origins,fixed_period,48,power-active,48
1,12721.0,38379904.5680134,32568157.12692121,38379904.5680134,37034551.25051984,34097504.81644329,34195213.73492182,79746250.95888485,NIST_GROUND,2018_Apr_Jun_origins,fixed_period,48,power-active,48
2,13584.0,27351638.92739874,56171521.195969604,27351638.92739874,37141282.20316566,38821955.89938911,38481470.03204384,56141082.111813106,NIST_GROUND,2018_Apr_Jun_origins,fixed_period,48,power-active,48
3,12723.0,41078330.05647927,40235663.96874224,41078330.05647927,18661560.997259144,21185094.76253879,18065799.847876552,135927253.0996206,NIST_GROUND,2018_Apr_Jun_origins,fixed_period,48,power-active,48
4,12444.0,54063073.746524274,46097302.78346374,54063073.746524274,38950275.13157318,41071630.21097791,40709309.914265506,197295043.17378396,NIST_GROUND,2018_Apr_Jun_origins,fixed_period,48,power-active,48
5,13392.0,31793648.193322554,49461022.655941516,31793648.193322554,43972854.390716836,45583359.725974075,44292165.806623355,59629621.81641651,NIST_GROUND,2018_Apr_Jun_origins,fixed_period,48,power-active,48
6,13776.0,9619385.831955656,39123928.089544035,9619385.831955656,12825449.60174857,14934018.834873233,13429463.77678251,19623128.520731516,NIST_GROUND,2018_Apr_Jun_origins,fixed_period,48,power-active,48
7,12176.0,25102726.492114395,8467046.605466394,25102726.492114395,13754878.232874066,13191737.226766543,15313836.841739506,104245944.59028763,NIST_GROUND,2018_Apr_Jun_origins,fixed_period,48,power-active,48
8,13297.0,34009643.01117476,30310548.593455773,34009643.01117476,18670621.152102303,20784534.216814786,19669551.972457714,99520143.2240046,NIST_GROUND,2018_Apr_Jun_origins,fixed_period,48,power-active,48
9,13824.0,60311691.05841865,74638191.06649482,60311691.05841865,46894011.09415069,50710058.085256025,48920137.871754944,153664742.60198987,NIST_GROUND,2018_Apr_Jun_origins,fixed_period,48,power-active,48
10,14400.0,8020700.569585734,39781802.5555281,8020700.569585734,13167557.927375302,15599220.868790384,15246976.090729482,16414104.683224319,NIST_GROUND,2018_Apr_Jun_origins,fixed_period,48,power-active,48
11,13864.0,18561761.711493883,28325327.3864668,18561761.711493883,17915499.53053539,16598765.10569156,16075634.8024396,56556852.87442327,NIST_GROUND,2018_Apr_Jun_origins,fixed_period,48,power-active,48
12,13919.0,37919322.601576254,34767116.91151215,37919322.601576254,20334044.59176234,21273093.9974751,21365557.98147851,123461839.89216912,NIST_GROUND,2018_Apr_Jun_origins,fixed_period,48,power-active,48
13,13536.0,57829906.15130784,52597255.56959508,57829906.15130784,43448888.15089189,39797709.97005576,37909978.03287982,154059993.10189253,NIST_GROUND,2018_Apr_Jun_origins,fixed_period,48,power-active,48
14,14208.0,40269303.35473217,52604285.81753706,40269303.35473217,37457839.07243751,40605794.69916303,40490232.91765641,85913262.66148612,NIST_GROUND,2018_Apr_Jun_origins,fixed_period,48,power-active,48
15,14496.0,3600395.5151399383,29457394.851630602,3600395.5151399383,7715273.604070307,12282086.767581027,11141800.164863482,1780128.8834198418,NIST_GROUND,2018_Apr_Jun_origins,fixed_period,48,power-active,48
16,13539.0,13370225.42160318,29826761.73004944,13370225.42160318,18678523.121312957,20544039.551817082,18345838.333279546,17765818.479064472,NIST_GROUND,2018_Apr_Jun_origins,fixed_period,48,power-active,48
17,13500.0,27755489.958314747,26977966.7524132,27755489.958314747,22585507.85839296,22248721.83182571,24326182.857146956,64082827.01416852,NIST_GROUND,2018_Apr_Jun_origins,fixed_period,48,power-active,48
18,14677.0,31343894.47421614,44822890.36647937,31343894.47421614,20514894.66113197,23043155.90857957,21625233.015912544,68814219.66744888,NIST_GROUND,2018_Apr_Jun_origins,fixed_period,48,power-active,48
19,14181.0,31411508.868402153,57348158.714289956,31411508.868402153,38757596.0277883,39740791.335913576,39340128.55682135,53422801.378654994,NIST_GROUND,2018_Apr_Jun_origins,fixed_period,48,power-active,48
20,14679.0,19819416.302102022,34629528.354778886,19819416.302102022,18789759.291975636,22273319.492130242,20316099.60454683,51236179.83446323,NIST_GROUND,2018_Apr_Jun_origins,fixed_period,48,power-active,48
21,13104.0,44557251.76134979,25395211.52113497,44557251.76134979,24400168.646333437,22975029.916375294,23238131.623459008,156228701.0813224,NIST_GROUND,2018_Apr_Jun_origins,fixed_period,48,power-active,48
22,13776.0,23336212.66044563,21355895.6484178,23336212.66044563,15886168.623105416,16783829.261488903,17194135.88816562,90370252.45931987,NIST_GROUND,2018_Apr_Jun_origins,fixed_period,48,power-active,48
23,13441.0,3142025.2788585345,4918920.743587329,3142025.2788585345,8482733.105314204,6527369.851117404,10360439.615098272,5577121.738176317,NIST_GROUND,2018_Apr_Jun_origins,fixed_period,48,power-active,48
24,7008.0,1148128.734433865,2969761.07477777,1148128.734433865,2683774.7897861996,2106017.7814912023,2781694.578798143,1368727.6138905606,NIST_GROUND,2018_Apr_Jun_origins,fixed_period,48,power-active,48
25,5904.0,10540291.552422224,15202910.159638107,10540291.552422224,10517071.282923637,9798956.029077156,8887709.959176276,21548784.00040704,NIST_GROUND,2018_Apr_Jun_origins,fixed_period,48,power-active,48
26,14976.0,35088771.88640613,39805294.9182375,35088771.88640613,25977863.12853847,29544682.817813125,27056773.465450164,86074616.90894505,NIST_GROUND,2018_Apr_Jun_origins,fixed_period,48,power-active,48
27,15216.0,15202584.3863747,37289085.73523215,15202584.3863747,13301784.08024242,15688779.811052617,14784017.137391338,20928785.229083512,NIST_GROUND,2018_Apr_Jun_origins,fixed_period,48,power-active,48
28,14352.0,24518019.45058757,30917722.49384765,24518019.45058757,21901047.103282705,21805085.21809002,21433645.795565825,64791563.34460415,NIST_GROUND,2018_Apr_Jun_origins,fixed_period,48,power-active,48
29,14256.0,18786228.90826648,18546482.247468535,18786228.90826648,19044654.55041972,18739859.663466543,20056548.12963302,42315591.37336624,NIST_GROUND,2018_Apr_Jun_origins,fixed_period,48,power-active,48
30,13681.0,28514563.81509239,30387523.660695873,28514563.81509239,26051734.50509375,26525016.456153914,24503618.23242379,63983984.78645573,NIST_GROUND,2018_Apr_Jun_origins,fixed_period,48,power-active,48
31,13440.0,28637311.820812844,26600711.019728784,28637311.820812844,26041366.88412563,23920684.378575947,26668713.48711007,70090419.45905471,NIST_GROUND,2018_Apr_Jun_origins,fixed_period,48,power-active,48
32,15168.0,51604412.124725826,52076022.45545195,51604412.124725826,33400447.373027656,36623996.41325256,34340104.04458729,117123364.71821563,NIST_GROUND,2018_Apr_Jun_origins,fixed_period,48,power-active,48
33,15360.0,33405739.037218392,52660341.63824712,33405739.037218392,33627071.671427615,37192945.537538365,36613233.94408579,50437790.255550236,NIST_GROUND,2018_Apr_Jun_origins,fixed_period,48,power-active,48
34,14974.0,19292539.72698821,28505528.61138357,19292539.72698821,24312454.50564914,25136954.802103095,25629824.092721518,34613471.96347084,NIST_GROUND,2018_Apr_Jun_origins,fixed_period,48,power-active,48
35,14544.0,14967149.378479764,14156353.058486547,14967149.378479764,14666653.4032378,13117464.984198412,16042918.657724993,52745099.8850822,NIST_GROUND,2018_Apr_Jun_origins,fixed_period,48,power-active,48
36,15112.0,38166533.22528329,31412694.302712925,38166533.22528329,17859847.37983972,20817665.124225534,19483194.989685908,123489753.39120275,NIST_GROUND,2018_Apr_Jun_origins,fixed_period,48,power-active,48
37,14381.0,13071087.270302994,36212080.89509198,13071087.270302994,20908412.277633913,23576449.789150342,23431149.58348202,32123108.08751216,NIST_GROUND,2018_Apr_Jun_origins,fixed_period,48,power-active,48
38,6570.0,6892846.165133766,15720758.181845946,6892846.165133766,11796257.578701748,12388782.237345412,12942798.777134918,4826606.2909478415,NIST_GROUND,2018_Apr_Jun_origins,fixed_period,48,power-active,48
39,7203.0,33044485.986583255,38617568.38663317,33044485.986583255,38915731.23696513,35468131.50083289,40268205.87180114,41474169.49306378,NIST_GROUND,2018_Apr_Jun_origins,fixed_period,48,power-active,48
40,14544.0,23588368.243360907,29184186.268993575,23588368.243360907,30770449.10402017,30140801.38912276,31296716.189606484,51894874.41719422,NIST_GROUND,2018_Apr_Jun_origins,fixed_period,48,power-active,48
41,4176.0,4286528.02943377,3122696.6962811383,4286528.02943377,4921559.704925153,3677603.4404359045,4551875.405716064,16082118.207432963,NIST_GROUND,2018_Apr_Jun_origins,fixed_period,48,power-active,48
42,2238.0,7370446.48595611,9131937.82566749,7370446.48595611,11684123.488843152,9046935.70155811,12117064.537731502,34419179.81669307,NIST_GROUND,2018_Apr_Jun_origins,fixed_period,48,power-active,48
43,14064.0,25860116.836023178,26232505.07008089,25860116.836023178,20842463.946827948,19502201.48597396,21695825.39771843,73442843.46319099,NIST_GROUND,2018_Apr_Jun_origins,fixed_period,48,power-active,48
44,15408.0,39871489.029397056,47135417.159306414,39871489.029397056,30539366.17720626,34159739.94084123,32218102.43490668,67270318.21068291,NIST_GROUND,2018_Apr_Jun_origins,fixed_period,48,power-active,48
45,7584.0,2390574.9118186175,8991197.312114919,2390574.9118186175,3149997.082586497,4638155.0422773445,3628879.3572425065,6728814.266388481,NIST_GROUND,2018_Apr_Jun_origins,fixed_period,48,power-active,48
0,18388.0,35582810.726758406,29360159.0965543,35582810.726758406,29861003.291869823,28106548.86477587,28958341.237438224,114095080.25691059,NIST_GROUND,2018_Apr_Jun_origins,fixed_period,48,power-active,72
1,20064.0,61096451.703257516,86105568.41779183,61096451.703257516,68683636.3067312,68269104.47870356,67128921.64141823,119704974.30099073,NIST_GROUND,2018_Apr_Jun_origins,fixed_period,48,power-active,72
2,18437.0,64603749.58081294,58318683.735296234,64603749.58081294,42397223.13067343,44337518.950610235,41439840.13613266,230671303.52654186,NIST_GROUND,2018_Apr_Jun_origins,fixed_period,48,power-active,72
3,20122.0,62331302.41551307,77475305.67285137,62331302.41551307,59187467.38887566,63502565.74888047,61627435.43263264,162180614.56327927,NIST_GROUND,2018_Apr_Jun_origins,fixed_period,48,power-active,72
4,20163.0,31165087.022917718,41470430.82732286,31165087.022917718,22605529.035179775,24297761.189511437,24842052.86455716,117206811.65460183,NIST_GROUND,2018_Apr_Jun_origins,fixed_period,48,power-active,72
5,19086.0,37566668.3123271,36431092.46114341,37566668.3123271,22645419.951545145,24612529.088943183,23570799.726422563,106182404.68042186,NIST_GROUND,2018_Apr_Jun_origins,fixed_period,48,power-active,72
6,21024.0,62617542.90213767,95115178.0398257,62617542.90213767,51600943.10112393,57028302.13868256,55706552.27412341,159521014.14927357,NIST_GROUND,2018_Apr_Jun_origins,fixed_period,48,power-active,72
7,21064.0,24276610.437360663,47630142.968664095,24276610.437360663,26376125.450937495,25879741.921055395,24536196.490800664,67114686.01036376,NIST_GROUND,2018_Apr_Jun_origins,fixed_period,48,power-active,72
8,20303.0,60707763.27206514,50031620.673976965,60707763.27206514,39905623.10968957,39880069.75707431,40001294.976913765,210736659.5948425,NIST_GROUND,2018_Apr_Jun_origins,fixed_period,48,power-active,72
9,21360.0,75310768.83555123,89937037.62466733,75310768.83555123,61335148.70540215,61796528.909619555,59764473.95510101,152698436.06070524,NIST_GROUND,2018_Apr_Jun_origins,fixed_period,48,power-active,72
10,21888.0,5579967.438704551,41107733.48848888,5579967.438704551,11052830.795871727,17539574.30263533,15488131.670057978,2269221.133295041,NIST_GROUND,2018_Apr_Jun_origins,fixed_period,48,power-active,72
11,19647.0,39146143.45635331,45154389.84560439,39146143.45635331,37926473.787904516,37535273.84858849,38325689.685232006,81359553.24335782,NIST_GROUND,2018_Apr_Jun_origins,fixed_period,48,power-active,72
12,22021.0,43177183.10258837,67704725.60187931,43177183.10258837,33368645.823931985,37457982.27811969,35230567.81031872,81182837.58108222,NIST_GROUND,2018_Apr_Jun_origins,fixed_period,48,power-active,72
13,21516.0,39397636.542131916,69095851.83366886,39397636.542131916,44693604.156964,47599284.4585037,46050893.36696207,92290363.29948497,NIST_GROUND,2018_Apr_Jun_origins,fixed_period,48,power-active,72
14,20400.0,52863795.46818241,41897141.6363464,52863795.46818241,32071706.49630831,33315623.43789408,31863835.887976207,170803965.95892125,NIST_GROUND,2018_Apr_Jun_origins,fixed_period,48,power-active,72
15,19921.0,18171694.232471548,9772886.276793692,18171694.232471548,16697363.87844475,12970605.591087488,18928871.238746688,81372109.31989746,NIST_GROUND,2018_Apr_Jun_origins,fixed_period,48,power-active,72
16,7008.0,1148128.734433865,2969761.07477777,1148128.734433865,2683774.7897861996,2106017.7814912023,2781694.578798143,1368727.6138905606,NIST_GROUND,2018_Apr_Jun_origins,fixed_period,48,power-active,72
17,20880.0,45629063.438828364,55008205.07787568,45629063.438828364,36494934.411462106,39343638.84689025,35944483.42462647,107623400.9093521,NIST_GROUND,2018_Apr_Jun_origins,fixed_period,48,power-active,72
18,22416.0,25644135.00062753,58561336.7419971,25644135.00062753,25164398.585891835,28674636.438070465,26890941.262578078,35149920.989425875,NIST_GROUND,2018_Apr_Jun_origins,fixed_period,48,power-active,72
19,21408.0,32862697.744601212,28191953.734551173,32862697.744601212,29083087.14805301,27559088.25453873,29383269.800012078,92886018.95762801,NIST_GROUND,2018_Apr_Jun_origins,fixed_period,48,power-active,72
20,20305.0,48246580.528454006,54763867.97808608,48246580.528454006,46543886.430712566,46182055.01767305,44320114.264229365,101460823.87727423,NIST_GROUND,2018_Apr_Jun_origins,fixed_period,48,power-active,72
21,21984.0,60509707.23217705,54300389.1577905,60509707.23217705,38949662.33153442,40887642.230309345,41192321.499891765,149736945.08645195,NIST_GROUND,2018_Apr_Jun_origins,fixed_period,48,power-active,72
22,22888.0,38747820.0091829,63850145.76083231,38747820.0091829,39395400.78903349,43483981.63005345,42779585.11415234,63439175.61004172,NIST_GROUND,2018_Apr_Jun_origins,fixed_period,48,power-active,72
23,21990.0,28917608.133503534,31472077.547284868,28917608.133503534,33210778.791281093,31963383.69378643,35506391.58037994,74357186.4940617,NIST_GROUND,2018_Apr_Jun_origins,fixed_period,48,power-active,72
24,22351.0,48633933.577236034,52218062.27389946,48633933.577236034,27624683.433080316,31435664.3274022,31451554.730217107,154654253.05525005,NIST_GROUND,2018_Apr_Jun_origins,fixed_period,48,power-active,72
25,13712.0,9496533.083483936,31127471.105751414,9496533.083483936,22939833.80309506,25347232.823319055,24405588.620085724,5785214.71441256,NIST_GROUND,2018_Apr_Jun_origins,fixed_period,48,power-active,72
26,14067.0,47403050.52765836,55833508.84577232,47403050.52765836,57517079.040534206,53753222.44637674,59598409.650856055,76681873.542891,NIST_GROUND,2018_Apr_Jun_origins,fixed_period,48,power-active,72
27,11856.0,13516331.731719622,15090942.50613558,13516331.731719622,17090661.00537628,15533313.88401485,16518387.81626766,32769288.57479998,NIST_GROUND,2018_Apr_Jun_origins,fixed_period,48,power-active,72
28,8862.0,20657296.916313384,29597430.85106795,20657296.916313384,21838667.86220282,19301779.693482127,22171342.773357518,47404495.79056832,NIST_GROUND,2018_Apr_Jun_origins,fixed_period,48,power-active,72
29,22848.0,52444755.43506292,52902429.2039868,52444755.43506292,41227285.750674546,43407097.4348911,43859649.59699913,127727845.69999875,NIST_GROUND,2018_Apr_Jun_origins,fixed_period,48,power-active,72
30,7584.0,2390574.9118186175,8991197.312114919,2390574.9118186175,3149997.082586497,4638155.0422773445,3628879.3572425065,6728814.266388481,NIST_GROUND,2018_Apr_Jun_origins,fixed_period,48,power-active,72
0,7248.0,1020916.6368007365,4468241.329787631,1020916.6368007365,1853601.3809935695,1208473.3432949642,1205216.9853812694,494.4762259199997,NIST_GROUND,2018_Apr_Jun_origins,fixed_period,48,low-power,24
1,7920.0,543063.1505897279,2024207.150018118,543063.1505897279,959052.4903315858,442698.52533494437,494953.6922786977,79598.07847296013,NIST_GROUND,2018_Apr_Jun_origins,fixed_period,48,low-power,24
2,7295.0,591832.9743692928,4626122.708010365,591832.9743692928,887322.7787028906,655538.7377702077,543870.9412942696,21511.436263640022,NIST_GROUND,2018_Apr_Jun_origins,fixed_period,48,low-power,24
3,7248.0,2156788.6282809037,4192063.5407858104,2156788.6282809037,2372074.8109188895,1563051.4493051383,1391629.45165924,180355.6133702396,NIST_GROUND,2018_Apr_Jun_origins,fixed_period,48,low-power,24
4,7008.0,375674.9009158354,1729505.2047627214,375674.9009158354,600489.9734825499,358396.3998311593,252690.78891507463,252.46472256,NIST_GROUND,2018_Apr_Jun_origins,fixed_period,48,low-power,24
5,7056.0,1156833.5745887896,4423606.466313726,1156833.5745887896,762899.1435296681,572908.9387450095,473763.3626001893,1098.4874630400022,NIST_GROUND,2018_Apr_Jun_origins,fixed_period,48,low-power,24
6,7810.0,446017.6761188475,1661162.3546503626,446017.6761188475,924682.58993765,472361.8101509,469606.9329435323,117229.19513472012,NIST_GROUND,2018_Apr_Jun_origins,fixed_period,48,low-power,24
7,6814.0,647209.6870914748,2454227.7916871654,647209.6870914748,1841372.301855333,1493668.139092996,1120146.875284386,584.205621480001,NIST_GROUND,2018_Apr_Jun_origins,fixed_period,48,low-power,24
8,7790.0,1064091.800955188,2735010.078711435,1064091.800955188,1080354.3324689688,664255.746753391,579279.3033691925,638633.9956742403,NIST_GROUND,2018_Apr_Jun_origins,fixed_period,48,low-power,24
9,6711.0,508822.19717510545,1806468.247151819,508822.19717510545,476965.11998598336,291636.8264159351,208122.17385519316,622.0902105600001,NIST_GROUND,2018_Apr_Jun_origins,fixed_period,48,low-power,24
10,6960.0,726211.774461131,2620042.9618039983,726211.774461131,2145904.818835948,1143561.6242461316,1156416.5403728797,15413.571974400034,NIST_GROUND,2018_Apr_Jun_origins,fixed_period,48,low-power,24
11,7056.0,610823.127389709,3097141.916824397,610823.127389709,1521143.89536398,884681.4283479913,908023.5025117788,349.5111244799994,NIST_GROUND,2018_Apr_Jun_origins,fixed_period,48,low-power,24
12,6818.0,408809.102493067,2647546.3477532286,408809.102493067,667417.069284127,482488.4496040804,422155.30586563214,105.0049478400001,NIST_GROUND,2018_Apr_Jun_origins,fixed_period,48,low-power,24
13,6625.0,607983.6470461284,2681297.568921622,607983.6470461284,955809.6128968659,1221429.260384039,644874.1525765217,323.7588614400012,NIST_GROUND,2018_Apr_Jun_origins,fixed_period,48,low-power,24
14,7008.0,656489.7412395284,3131226.012940623,656489.7412395284,944086.0622903426,899884.4696730084,791789.16445255,47120.287407359974,NIST_GROUND,2018_Apr_Jun_origins,fixed_period,48,low-power,24
15,7511.0,1236862.9473640244,4766793.922714252,1236862.9473640244,1440107.861299145,1221279.1545617986,958459.153016609,73119.25363072,NIST_GROUND,2018_Apr_Jun_origins,fixed_period,48,low-power,24
16,7152.0,902388.1189830833,2387035.7938037594,902388.1189830833,1284603.2089912065,1366623.1506273574,833490.1329581959,682.4067532800009,NIST_GROUND,2018_Apr_Jun_origins,fixed_period,48,low-power,24
17,6767.0,736016.0224960828,2103848.4718746496,736016.0224960828,727152.3172210195,305252.15274513385,360402.6494385063,755.9858016000001,NIST_GROUND,2018_Apr_Jun_origins,fixed_period,48,low-power,24
18,6960.0,1417387.1071519698,2753526.2401622017,1417387.1071519698,1657468.9800353448,1011734.5541105228,974014.3164513977,1800020.709960957,NIST_GROUND,2018_Apr_Jun_origins,fixed_period,48,low-power,24
19,6768.0,552447.3535331811,1486607.3286233894,552447.3535331811,774431.5971279497,477539.82941665174,408239.29657283163,2427.115480319999,NIST_GROUND,2018_Apr_Jun_origins,fixed_period,48,low-power,24
20,6624.0,586191.1966198044,1671562.078533472,586191.1966198044,768994.9866770278,426097.8701456262,324108.81483132014,180.81218112000005,NIST_GROUND,2018_Apr_Jun_origins,fixed_period,48,low-power,24
21,6624.0,261851.54147029115,1951932.8434782452,261851.54147029115,610051.2344375545,368626.6256369483,359465.67649656645,1213.1518579199994,NIST_GROUND,2018_Apr_Jun_origins,fixed_period,48,low-power,24
22,6440.0,337195.8347621374,1770593.2977123028,337195.8347621374,465997.37194874755,497013.024996195,388404.6857983196,292.5190014400001,NIST_GROUND,2018_Apr_Jun_origins,fixed_period,48,low-power,24
23,7200.0,639793.1526851662,2819115.6589809554,639793.1526851662,561083.2442724181,307512.04632550984,298671.0340567562,86876.22375167989,NIST_GROUND,2018_Apr_Jun_origins,fixed_period,48,low-power,24
24,6912.0,506109.5672966451,3703913.785048537,506109.5672966451,424143.3484636188,244957.83826159427,276946.8522379137,2870.811058559997,NIST_GROUND,2018_Apr_Jun_origins,fixed_period,48,low-power,24
25,6625.0,1126059.0875471723,2378186.8770886995,1126059.0875471723,427589.70253130613,382337.9445057302,343343.1086791793,886.2065375599984,NIST_GROUND,2018_Apr_Jun_origins,fixed_period,48,low-power,24
26,7344.0,1790443.4336221418,3781969.0516879987,1790443.4336221418,1426777.052240484,973470.7233312736,910836.2914281159,730495.0568140788,NIST_GROUND,2018_Apr_Jun_origins,fixed_period,48,low-power,24
27,6672.0,691925.7789798199,2052196.485516082,691925.7789798199,368990.45141982165,376023.4135614638,321655.02108427766,7704.818211839993,NIST_GROUND,2018_Apr_Jun_origins,fixed_period,48,low-power,24
28,6720.0,747725.8193152624,1609912.7940633788,747725.8193152624,540099.9989694514,404098.4364045116,379170.3426159049,3135.446538239997,NIST_GROUND,2018_Apr_Jun_origins,fixed_period,48,low-power,24
29,6720.0,664083.8508343702,2286952.0495610842,664083.8508343702,805215.550419562,550971.8297519815,421902.4972737265,95.01308159999985,NIST_GROUND,2018_Apr_Jun_origins,fixed_period,48,low-power,24
30,6624.0,655236.594897852,2251424.988574504,655236.594897852,905225.7481089829,647499.9439125344,424570.72636660514,270.3983999999998,NIST_GROUND,2018_Apr_Jun_origins,fixed_period,48,low-power,24
31,6432.0,389866.56172701623,2347790.2286404804,389866.56172701623,884447.1453961317,603152.1715344704,489607.8172482366,188.87770559999979,NIST_GROUND,2018_Apr_Jun_origins,fixed_period,48,low-power,24
32,6384.0,465715.30558673944,2279820.6204603077,465715.30558673944,554180.4840727322,477285.4284765448,385855.9221752856,342.9490579199996,NIST_GROUND,2018_Apr_Jun_origins,fixed_period,48,low-power,24
33,7392.0,1862980.4241612062,5208347.155972113,1862980.4241612062,2134977.413092094,1904947.1676484917,1391230.1854152223,409442.8558060798,NIST_GROUND,2018_Apr_Jun_origins,fixed_period,48,low-power,24
34,7152.0,455481.0794360194,2155357.846882178,455481.0794360194,868756.9445516074,520424.40565150883,595393.4717532626,909.3214252800008,NIST_GROUND,2018_Apr_Jun_origins,fixed_period,48,low-power,24
35,6756.0,746466.4285647976,3499656.2864764514,746466.4285647976,788711.9129764524,493117.19705539447,466150.0706153577,517.9032538400011,NIST_GROUND,2018_Apr_Jun_origins,fixed_period,48,low-power,24
36,6432.0,195810.5988881109,1734163.9747823789,195810.5988881109,238767.97786490587,254092.6077208557,194128.30564090994,568.2696115199991,NIST_GROUND,2018_Apr_Jun_origins,fixed_period,48,low-power,24
37,6299.0,581058.0044784986,2541068.3127563065,581058.0044784986,698353.7194984938,674820.8946476007,472491.12850812665,151.7060930800002,NIST_GROUND,2018_Apr_Jun_origins,fixed_period,48,low-power,24
38,3909.0,1089715.1540195392,2412860.3881195555,1089715.1540195392,671960.3283612072,937394.8330254877,731482.6944873027,14.134206720000034,NIST_GROUND,2018_Apr_Jun_origins,fixed_period,48,low-power,24
39,3279.0,5286837.52951886,1912860.683041135,5286837.52951886,526327.2825682606,712486.3656609373,486048.4411311125,102907.09385731997,NIST_GROUND,2018_Apr_Jun_origins,fixed_period,48,low-power,24
40,5559.0,925976.7699617356,1816817.0801721287,925976.7699617356,306149.80371108855,211481.06512611828,170385.34645984415,37412.49334848001,NIST_GROUND,2018_Apr_Jun_origins,fixed_period,48,low-power,24
41,6298.0,660353.9532650815,2962131.004805961,660353.9532650815,1213072.6902758481,961807.5513438975,659249.6011669915,123.37685795999998,NIST_GROUND,2018_Apr_Jun_origins,fixed_period,48,low-power,24
42,7027.0,651116.2190243899,3673789.187236491,651116.2190243899,399274.9015705626,314208.4209242983,266917.6959708115,64243.14731903996,NIST_GROUND,2018_Apr_Jun_origins,fixed_period,48,low-power,24
43,7440.0,2575641.810284913,8452093.491719374,2575641.810284913,2738435.3571103388,1934998.7602713376,1911822.7914443444,21854.094762240005,NIST_GROUND,2018_Apr_Jun_origins,fixed_period,48,low-power,24
44,6528.0,568531.5164983907,3721547.573621791,568531.5164983907,509943.8590783149,281538.18437942414,333609.07882498903,394.2559430400005,NIST_GROUND,2018_Apr_Jun_origins,fixed_period,48,low-power,24
45,7248.0,631136.3897837375,3597247.5171492156,631136.3897837375,583336.6832896207,471877.61709040875,628980.2488784682,238877.54599295993,NIST_GROUND,2018_Apr_Jun_origins,fixed_period,48,low-power,24
46,6672.0,578520.4448815677,3502833.949754561,578520.4448815677,349335.5531419669,203282.52659779481,243614.8467716024,187.54310783999938,NIST_GROUND,2018_Apr_Jun_origins,fixed_period,48,low-power,24
47,7296.0,956092.9677339402,3104906.1399360388,956092.9677339402,344259.66459680453,222528.80256686735,248528.54393917412,63652.80081216006,NIST_GROUND,2018_Apr_Jun_origins,fixed_period,48,low-power,24
48,6672.0,699099.6389586198,5194194.734816406,699099.6389586198,408228.4089329838,325354.6370017245,272379.44479006756,3215.0327500800076,NIST_GROUND,2018_Apr_Jun_origins,fixed_period,48,low-power,24
49,13776.0,12220531.108821753,36047359.4738279,12220531.108821753,19089798.884332765,17143384.675243698,16677257.09598709,9498602.01016512,NIST_GROUND,2018_Apr_Jun_origins,fixed_period,48,low-power,24
50,13824.0,8975559.680626864,42091440.05747342,8975559.680626864,33216487.138345044,31065764.72421748,28631565.90686786,0.0,NIST_GROUND,2018_Apr_Jun_origins,fixed_period,48,low-power,24
51,7920.0,1746758.7093975616,5281639.737774922,1746758.7093975616,1978641.1042030992,1472622.7924680556,1608312.670815256,602.4605241600001,NIST_GROUND,2018_Apr_Jun_origins,fixed_period,48,low-power,24
52,6336.0,1410545.1238553857,3424440.6057055388,1410545.1238553857,255437.96129501786,303829.5330550673,251844.51969387106,1055.5006559999981,NIST_GROUND,2018_Apr_Jun_origins,fixed_period,48,low-power,24
53,6240.0,542205.9480318708,2558128.822708752,542205.9480318708,307729.8071184601,409428.0492485709,316452.3986662219,164.95563647999978,NIST_GROUND,2018_Apr_Jun_origins,fixed_period,48,low-power,24
54,6240.0,324248.4346965873,2302691.4338784306,324248.4346965873,629563.5851971237,565033.2976273388,377669.1584720394,139.27202688000017,NIST_GROUND,2018_Apr_Jun_origins,fixed_period,48,low-power,24
55,6144.0,1177541.6980798584,5118051.626559545,1177541.6980798584,589391.5755370457,512583.0209702337,530471.3921204307,929627.1925439985,NIST_GROUND,2018_Apr_Jun_origins,fixed_period,48,low-power,24
56,6624.0,204324.94908934698,2826127.222263925,204324.94908934698,263589.16120075755,174098.00904120939,155145.1408975266,55081.78012416007,NIST_GROUND,2018_Apr_Jun_origins,fixed_period,48,low-power,24
57,6672.0,940695.4740758924,3859455.2379389005,940695.4740758924,555403.8271065373,407935.78286360105,377339.3457331638,45073.35219648007,NIST_GROUND,2018_Apr_Jun_origins,fixed_period,48,low-power,24
58,6096.0,240136.74493266564,1906300.6107798717,240136.74493266564,199070.57730206318,162769.38418226162,167986.4439762357,609.4850937600003,NIST_GROUND,2018_Apr_Jun_origins,fixed_period,48,low-power,24
59,7104.0,680483.8334045231,4112232.446322041,680483.8334045231,603364.0285453307,479530.2614596766,458589.45608758944,178178.16248640016,NIST_GROUND,2018_Apr_Jun_origins,fixed_period,48,low-power,24
60,7632.0,4789533.325374862,14321183.488473935,4789533.325374862,3845623.4528903696,3313235.410714543,3181460.4630154893,582442.2966739205,NIST_GROUND,2018_Apr_Jun_origins,fixed_period,48,low-power,24
61,6144.0,393914.441072139,1739448.06192329,393914.441072139,270629.13499649474,198019.10320136917,195099.63719544167,335.7421094400012,NIST_GROUND,2018_Apr_Jun_origins,fixed_period,48,low-power,24
62,7200.0,2077001.4462590956,7828463.1484573735,2077001.4462590956,720920.2904174689,680695.4833425739,621640.6782567396,1418379.1048780803,NIST_GROUND,2018_Apr_Jun_origins,fixed_period,48,low-power,24
63,7008.0,980351.2662759506,4425147.929178925,980351.2662759506,465971.45552955254,295088.4271637979,317422.35037085833,295817.6495865598,NIST_GROUND,2018_Apr_Jun_origins,fixed_period,48,low-power,24
64,6288.0,978612.6750987784,3208090.659568787,978612.6750987784,261058.0971752642,291866.83460223547,211433.17446942534,1791.9258950400006,NIST_GROUND,2018_Apr_Jun_origins,fixed_period,48,low-power,24
65,6192.0,285808.8374217057,1185587.3557579413,285808.8374217057,523961.71115575085,415557.74003094074,263102.7049781405,4324.60576896,NIST_GROUND,2018_Apr_Jun_origins,fixed_period,48,low-power,24
66,6144.0,400424.8765343895,2681867.923515612,400424.8765343895,473672.3450691216,329374.669347667,340660.38133667223,395.3740262399996,NIST_GROUND,2018_Apr_Jun_origins,fixed_period,48,low-power,24
67,6048.0,329961.76443934086,1709245.363908422,329961.76443934086,215830.50895620266,225680.68590218577,175707.75357322933,881.4601670400006,NIST_GROUND,2018_Apr_Jun_origins,fixed_period,48,low-power,24
68,5963.0,287963.67736743536,1487989.0833569414,287963.67736743536,419569.0148915116,441408.79572591424,320121.8860887673,132.60657176000018,NIST_GROUND,2018_Apr_Jun_origins,fixed_period,48,low-power,24
69,6139.0,1722474.4410275975,4844772.558278479,1722474.4410275975,1360616.2592714764,1240410.5197584888,1138103.7586435385,96543.81525528003,NIST_GROUND,2018_Apr_Jun_origins,fixed_period,48,low-power,24
70,6384.0,618285.1802974975,2426220.8876957917,618285.1802974975,262239.2505262161,306816.3223500523,242918.39466989954,20018.37776447999,NIST_GROUND,2018_Apr_Jun_origins,fixed_period,48,low-power,24
71,6672.0,1067901.683390304,3563605.336821187,1067901.683390304,447259.19763590477,310152.7330425837,312678.07570376515,49478.26928639987,NIST_GROUND,2018_Apr_Jun_origins,fixed_period,48,low-power,24
72,6288.0,477176.89241066895,2431515.3043400445,477176.89241066895,363960.22932602925,275696.2843613314,232904.80211351177,1304.41459776,NIST_GROUND,2018_Apr_Jun_origins,fixed_period,48,low-power,24
73,5962.0,593213.2690621982,3038831.1855540248,593213.2690621982,671757.294042257,903209.4296843057,636856.3246652705,98862.42165199996,NIST_GROUND,2018_Apr_Jun_origins,fixed_period,48,low-power,24
74,6045.0,643095.1374870033,2329195.4354410945,643095.1374870033,498599.07244344335,599435.5414105158,444976.40964761993,3598.0650821999952,NIST_GROUND,2018_Apr_Jun_origins,fixed_period,48,low-power,24
75,6018.0,768684.461473242,2533671.705012881,768684.461473242,1019701.4038856139,1225824.9671521753,778046.6184420172,635.8623872399995,NIST_GROUND,2018_Apr_Jun_origins,fixed_period,48,low-power,24
76,3558.0,1443152.1764123642,2553549.393403192,1443152.1764123642,566760.7716772514,730096.9485446819,463477.44865983113,34.90887016,NIST_GROUND,2018_Apr_Jun_origins,fixed_period,48,low-power,24
77,1581.0,1740924.599183688,1471380.5290233658,1740924.599183688,323221.3254731716,780687.2121478572,324526.22032878175,418.67411235999975,NIST_GROUND,2018_Apr_Jun_origins,fixed_period,48,low-power,24
78,1087.0,2248999.023464731,1497088.9312781517,2248999.023464731,312943.3279458753,593332.8895501421,481125.79780343355,1368.873348879998,NIST_GROUND,2018_Apr_Jun_origins,fixed_period,48,low-power,24
79,3545.0,7764203.99645908,5573713.468927811,7764203.99645908,1553813.9387641249,2015455.0871607,1250616.2965441325,7571352.645048362,NIST_GROUND,2018_Apr_Jun_origins,fixed_period,48,low-power,24
80,6018.0,1129962.9870350685,2619688.9501677146,1129962.9870350685,454809.98120299453,438251.5884119161,330060.2843703504,39737.36415744004,NIST_GROUND,2018_Apr_Jun_origins,fixed_period,48,low-power,24
81,6144.0,371104.7659934271,2553701.5258635255,371104.7659934271,322515.63264716417,212950.31988981573,237301.7098915439,28302.648831360013,NIST_GROUND,2018_Apr_Jun_origins,fixed_period,48,low-power,24
82,3925.0,4591318.461769084,5608937.0460793935,4591318.461769084,2952324.8745568744,3205515.724227994,3549309.039282527,5906904.75570952,NIST_GROUND,2018_Apr_Jun_origins,fixed_period,48,low-power,24
83,1759.0,6525861.2689875215,3031646.9292038027,6525861.2689875215,772486.085042233,1132825.7644862286,673549.7851663234,2723432.0208378793,NIST_GROUND,2018_Apr_Jun_origins,fixed_period,48,low-power,24
84,1251.0,4001890.418877135,2097037.9794619675,4001890.418877135,673363.2506195974,875335.0566331666,606623.3247917636,0.0,NIST_GROUND,2018_Apr_Jun_origins,fixed_period,48,low-power,24
85,2606.0,2973571.7637054785,979188.3274820258,2973571.7637054785,172814.6498578962,309690.35832034564,176122.78248077843,198.8560224000002,NIST_GROUND,2018_Apr_Jun_origins,fixed_period,48,low-power,24
86,5496.0,650613.5984946963,2395187.5191573235,650613.5984946963,177230.41334807218,252527.6591679267,150851.4065201986,35941.56322560003,NIST_GROUND,2018_Apr_Jun_origins,fixed_period,48,low-power,24
87,6384.0,501357.68085214903,3620350.017845285,501357.68085214903,379075.87183725595,303468.61725906713,292612.0886323098,14597.490046079987,NIST_GROUND,2018_Apr_Jun_origins,fixed_period,48,low-power,24
88,6240.0,1877339.013324767,4894469.418812092,1877339.013324767,425935.92988205864,503547.3448335923,443984.00513304013,515.3281209600001,NIST_GROUND,2018_Apr_Jun_origins,fixed_period,48,low-power,24
89,6000.0,528481.4701678724,1914843.87904715,528481.4701678724,257943.15322873986,389103.6019975724,235964.15633036869,37.31971967999996,NIST_GROUND,2018_Apr_Jun_origins,fixed_period,48,low-power,24
90,6240.0,319943.2861999677,1622615.0705242965,319943.2861999677,391859.89438755886,445452.74576005683,287781.5239852406,5313.417509759997,NIST_GROUND,2018_Apr_Jun_origins,fixed_period,48,low-power,24
0,15168.0,1563979.787390463,6492448.479805751,1563979.787390463,2812653.871325156,1651171.868629908,1700170.6776599668,80092.55469888014,NIST_GROUND,2018_Apr_Jun_origins,fixed_period,48,low-power,48
1,14543.0,2748621.602650192,8818186.248796178,2748621.602650192,3259397.5896217795,2218590.1870753467,1935500.3929535102,201867.04963387953,NIST_GROUND,2018_Apr_Jun_origins,fixed_period,48,low-power,48
2,14064.0,1532508.4755046242,6153111.671076451,1532508.4755046242,1363389.11701222,931305.3385761688,726454.1515152641,1350.9521856000026,NIST_GROUND,2018_Apr_Jun_origins,fixed_period,48,low-power,48
3,14624.0,1093227.3632103226,4115390.146337527,1093227.3632103226,2766054.891792983,1966029.9492438964,1589753.8082279176,117813.4007562001,NIST_GROUND,2018_Apr_Jun_origins,fixed_period,48,low-power,48
4,14501.0,1572913.9981302947,4541478.325863259,1572913.9981302947,1557319.4524549516,955892.5731693263,787401.4772243864,639256.0858847995,NIST_GROUND,2018_Apr_Jun_origins,fixed_period,48,low-power,48
5,14016.0,1337034.9018508391,5717184.878628393,1337034.9018508391,3667048.7141999295,2028243.0525941239,2064440.0428846586,15763.083098880077,NIST_GROUND,2018_Apr_Jun_origins,fixed_period,48,low-power,48
6,13443.0,1016792.7495391959,5328843.916674852,1016792.7495391959,1623226.6821809919,1703917.7099881193,1067029.458442155,428.7638092800008,NIST_GROUND,2018_Apr_Jun_origins,fixed_period,48,low-power,48
7,14519.0,1893352.6886035523,7898019.935654878,1893352.6886035523,2384193.923589489,2121163.624234808,1750248.3174691587,120239.54103807999,NIST_GROUND,2018_Apr_Jun_origins,fixed_period,48,low-power,48
8,13919.0,1638404.1414791655,4490884.2656784095,1638404.1414791655,2011755.5262122273,1671875.3033724916,1193892.782396703,1438.392554880005,NIST_GROUND,2018_Apr_Jun_origins,fixed_period,48,low-power,48
9,13728.0,1969834.460685151,4240133.568785593,1969834.460685151,2431900.577163293,1489274.383527175,1382253.613024229,1802447.8254412762,NIST_GROUND,2018_Apr_Jun_origins,fixed_period,48,low-power,48
10,13248.0,848042.7380900958,3623494.922011718,848042.7380900958,1379046.221114582,794724.4957825749,683574.4913278873,1393.96403904,NIST_GROUND,2018_Apr_Jun_origins,fixed_period,48,low-power,48
11,13640.0,976988.9874473029,4589708.956693255,976988.9874473029,1027080.6162211667,804525.0713217051,687075.7198550756,87168.74275311989,NIST_GROUND,2018_Apr_Jun_origins,fixed_period,48,low-power,48
12,13537.0,1632168.6548438165,6082100.662137232,1632168.6548438165,851733.050994925,627295.782767324,620289.9609170932,3757.0175961200084,NIST_GROUND,2018_Apr_Jun_origins,fixed_period,48,low-power,48
13,14016.0,2482369.212601965,5834165.537204084,2482369.212601965,1795767.5036603063,1349494.1368927357,1232491.3125123943,738199.875025918,NIST_GROUND,2018_Apr_Jun_origins,fixed_period,48,low-power,48
14,13440.0,1411809.6701496334,3896864.8436244647,1411809.6701496334,1345315.549389013,955070.2661564938,801072.8398896315,3230.4596198399922,NIST_GROUND,2018_Apr_Jun_origins,fixed_period,48,low-power,48
15,13056.0,1045103.1566248683,4599215.217214983,1045103.1566248683,1789672.8935051141,1250652.115447005,914178.5436148419,459.27610559999977,NIST_GROUND,2018_Apr_Jun_origins,fixed_period,48,low-power,48
16,13776.0,2328695.7297479445,7488167.77643242,2328695.7297479445,2689157.8971648277,2382232.5961250323,1777086.1075905082,409785.8048639998,NIST_GROUND,2018_Apr_Jun_origins,fixed_period,48,low-power,48
17,13908.0,1201947.5080008167,5655014.1333586285,1201947.5080008167,1657468.8575280597,1013541.602706904,1061543.5423686202,1427.2246791200034,NIST_GROUND,2018_Apr_Jun_origins,fixed_period,48,low-power,48
18,12731.0,776868.6033666097,4275232.287538688,776868.6033666097,937121.6973634002,928913.5023684565,666619.4341490369,719.9757045999983,NIST_GROUND,2018_Apr_Jun_origins,fixed_period,48,low-power,48
19,7188.0,6376552.683538403,4325721.071160688,6376552.683538403,1198287.6109294682,1649881.1986864265,1217531.1356184143,102921.22806403997,NIST_GROUND,2018_Apr_Jun_origins,fixed_period,48,low-power,48
20,11857.0,1586330.7232268164,4778948.0849780915,1586330.7232268164,1519222.4939869365,1173288.6164700175,829634.9476268354,37535.870206439875,NIST_GROUND,2018_Apr_Jun_origins,fixed_period,48,low-power,48
21,14467.0,3226758.0293093016,12125882.678955862,3226758.0293093016,3137710.2586809006,2249207.1811956326,2178740.487415156,86097.24208128008,NIST_GROUND,2018_Apr_Jun_origins,fixed_period,48,low-power,48
22,13776.0,1199667.9062821278,7318795.0907710055,1199667.9062821278,1093280.5423679354,753415.8014698332,962589.327703457,239271.80193599992,NIST_GROUND,2018_Apr_Jun_origins,fixed_period,48,low-power,48
23,13968.0,1534613.4126155067,6607740.0896906005,1534613.4126155067,693595.2177387716,425811.32916466193,492143.3907107762,63840.34392000005,NIST_GROUND,2018_Apr_Jun_origins,fixed_period,48,low-power,48
24,20448.0,12919630.747780373,41241554.20864429,12919630.747780373,19498027.293265752,17468739.312245425,16949636.540777143,9501817.042915199,NIST_GROUND,2018_Apr_Jun_origins,fixed_period,48,low-power,48
25,21744.0,10722318.390024435,47373079.79524838,10722318.390024435,35195128.242548175,32538387.51668556,30239878.577683114,602.4605241600001,NIST_GROUND,2018_Apr_Jun_origins,fixed_period,48,low-power,48
26,12576.0,1952751.0718872573,5982569.42841429,1952751.0718872573,563167.7684134776,713257.5823036388,568296.9183600928,1220.456292479993,NIST_GROUND,2018_Apr_Jun_origins,fixed_period,48,low-power,48
27,12384.0,1501790.1327764455,7420743.060437979,1501790.1327764455,1218955.160734168,1077616.3185975722,908140.5505924692,929766.4645708785,NIST_GROUND,2018_Apr_Jun_origins,fixed_period,48,low-power,48
28,13296.0,1145020.4231652396,6685582.460202825,1145020.4231652396,818992.9883072944,582033.791904811,532484.4866306904,100155.13232063985,NIST_GROUND,2018_Apr_Jun_origins,fixed_period,48,low-power,48
29,13200.0,920620.5783371883,6018533.057101914,920620.5783371883,802434.6058473936,642299.6456419388,626575.900063825,178787.64758016018,NIST_GROUND,2018_Apr_Jun_origins,fixed_period,48,low-power,48
30,13776.0,5183447.766447006,16060631.550397215,5183447.766447006,4116252.587886867,3511254.513915912,3376560.100210936,582778.0387833621,NIST_GROUND,2018_Apr_Jun_origins,fixed_period,48,low-power,48
31,14208.0,3057352.7125350456,12253611.077636296,3057352.7125350456,1186891.7459470215,975783.9105063711,939063.0286275978,1714196.7544646396,NIST_GROUND,2018_Apr_Jun_origins,fixed_period,48,low-power,48
32,12480.0,1264421.5125204846,4393678.015326727,1264421.5125204846,785019.8083310148,707424.5746331755,474535.8794475659,6116.531663999988,NIST_GROUND,2018_Apr_Jun_origins,fixed_period,48,low-power,48
33,12192.0,730386.64097373,4391113.2874240335,730386.64097373,689502.8540253241,555055.3552498523,516368.13490990154,1276.83419328,NIST_GROUND,2018_Apr_Jun_origins,fixed_period,48,low-power,48
34,12102.0,2010438.118395033,6332761.64163542,2010438.118395033,1780185.2741629882,1681819.3154844025,1458225.6447323062,96676.42182704003,NIST_GROUND,2018_Apr_Jun_origins,fixed_period,48,low-power,48
35,13056.0,1686186.8636878026,5989826.224516983,1686186.8636878026,709498.4481621203,616969.0553926356,555596.4703736645,69496.64705087987,NIST_GROUND,2018_Apr_Jun_origins,fixed_period,48,low-power,48
36,12250.0,1070390.1614728665,5470346.489894073,1070390.1614728665,1035717.5233682854,1178905.7140456364,869761.1267787825,100166.83624975997,NIST_GROUND,2018_Apr_Jun_origins,fixed_period,48,low-power,48
37,12063.0,1411779.5989602448,4862867.140453975,1411779.5989602448,1518300.476329057,1825260.5085626903,1223023.028089636,4233.927469439992,NIST_GROUND,2018_Apr_Jun_origins,fixed_period,48,low-power,48
38,5139.0,3184076.7755960515,4024929.9224265586,3184076.7755960515,889982.0971504227,1510784.1606925381,788003.6689886128,453.5829825199997,NIST_GROUND,2018_Apr_Jun_origins,fixed_period,48,low-power,48
39,4632.0,10013203.019923812,7070802.400205966,10013203.019923812,1866757.26671,2608787.976710843,1731742.0943475666,7572721.518397242,NIST_GROUND,2018_Apr_Jun_origins,fixed_period,48,low-power,48
40,12162.0,1501067.7530284943,5173390.47603124,1501067.7530284943,777325.6138501596,651201.9083017318,567361.9942618943,68040.01298880044,NIST_GROUND,2018_Apr_Jun_origins,fixed_period,48,low-power,48
41,5684.0,11117179.730756614,8640583.975283194,11117179.730756614,3724810.959599107,4338341.488714223,4222858.824448853,8630336.7765474,NIST_GROUND,2018_Apr_Jun_origins,fixed_period,48,low-power,48
42,3857.0,6975462.182582613,3076226.306943992,6975462.182582613,846177.9004774936,1185025.4149535124,782746.1072725425,198.8560224000002,NIST_GROUND,2018_Apr_Jun_origins,fixed_period,48,low-power,48
43,11880.0,1151971.2793468444,6015537.537002607,1151971.2793468444,556306.2851853283,555996.2764269937,443463.49515250855,50539.05327168009,NIST_GROUND,2018_Apr_Jun_origins,fixed_period,48,low-power,48
44,12240.0,2405820.4834926385,6809313.29785924,2405820.4834926385,683879.0831107985,892650.9468311641,679948.1614634094,552.647840639998,NIST_GROUND,2018_Apr_Jun_origins,fixed_period,48,low-power,48
45,6240.0,319943.2861999677,1622615.0705242965,319943.2861999677,391859.89438755886,445452.74576005683,287781.5239852406,5313.417509759997,NIST_GROUND,2018_Apr_Jun_origins,fixed_period,48,low-power,48
0,22463.0,2155812.761759756,11118571.187816119,2155812.761759756,3699976.650028048,2306710.6064001154,2244041.6189542343,101603.99096252008,NIST_GROUND,2018_Apr_Jun_origins,fixed_period,48,low-power,72
1,21312.0,3689297.1037855293,10345175.21186226,3689297.1037855293,3735463.927931109,2494356.7878813106,2118083.603174502,181706.56555583962,NIST_GROUND,2018_Apr_Jun_origins,fixed_period,48,low-power,72
2,22414.0,2157319.1641655117,6850400.225048959,2157319.1641655117,3846409.2242619502,2630285.695997287,2169033.1115971096,756447.3964304406,NIST_GROUND,2018_Apr_Jun_origins,fixed_period,48,low-power,72
3,20727.0,1845857.099025945,7523653.125780215,1845857.099025945,4144013.834185912,2319879.8790100594,2272562.216739851,16385.173309440077,NIST_GROUND,2018_Apr_Jun_origins,fixed_period,48,low-power,72
4,20451.0,1673282.4907787233,8460069.929615472,1673282.4907787233,2567312.7444713325,2603802.179661129,1858818.6228947067,47549.05121663997,NIST_GROUND,2018_Apr_Jun_origins,fixed_period,48,low-power,72
5,21430.0,2875267.0888431943,9257678.18839267,2875267.0888431943,3451863.3875113674,2893154.4579342925,2152351.935413311,74557.64618559978,NIST_GROUND,2018_Apr_Jun_origins,fixed_period,48,low-power,72
6,20352.0,2556025.657304955,5911695.647319068,2556025.657304955,3200895.5638403217,1915372.2536728007,1706362.427855548,1802628.6376223918,NIST_GROUND,2018_Apr_Jun_origins,fixed_period,48,low-power,72
7,20264.0,1238840.5289175957,6541641.8001715075,1238840.5289175957,1637131.850658718,1173151.696958652,1046541.3963516414,88381.89461103988,NIST_GROUND,2018_Apr_Jun_origins,fixed_period,48,low-power,72
8,20881.0,3422612.0884659574,9864069.713825231,3422612.0884659574,2278510.1032354063,1600766.5060985978,1531126.25234521,734252.0744101988,NIST_GROUND,2018_Apr_Jun_origins,fixed_period,48,low-power,72
9,20112.0,2103735.449129451,5949061.32914054,2103735.449129451,1714306.0008088353,1331093.679717956,1122727.8609739095,10935.277831680012,NIST_GROUND,2018_Apr_Jun_origins,fixed_period,48,low-power,72
10,19440.0,1510818.4622116068,6879035.837675287,1510818.4622116068,2343853.3775778417,1727937.5439235503,1300034.4657901279,802.2251635200007,NIST_GROUND,2018_Apr_Jun_origins,fixed_period,48,low-power,72
11,21300.0,3064927.9321620227,10863361.289330749,3064927.9321620227,3792446.2706201547,2918488.770355395,2452773.7277838453,410870.0804851993,NIST_GROUND,2018_Apr_Jun_origins,fixed_period,48,low-power,72
12,16640.0,1866583.7573861494,6688092.675658243,1866583.7573861494,1609082.0257246075,1866308.3353939452,1398102.1286363394,734.1099113199982,NIST_GROUND,2018_Apr_Jun_origins,fixed_period,48,low-power,72
13,15136.0,6873168.252745682,6691808.768019221,6873168.252745682,2045549.776555197,1885774.9821309545,1315683.3887579478,140442.9640637608,NIST_GROUND,2018_Apr_Jun_origins,fixed_period,48,low-power,72
14,20995.0,3795289.545807691,15847430.25257764,3795289.545807691,3647654.117759216,2530745.3655750584,2512349.566240143,86491.49802431998,NIST_GROUND,2018_Apr_Jun_origins,fixed_period,48,low-power,72
15,21216.0,2165749.8023992474,10204987.606839815,2165749.8023992474,1276931.9010283938,897688.9462550712,1121123.6395892445,302717.8899129594,NIST_GROUND,2018_Apr_Jun_origins,fixed_period,48,low-power,72
16,34272.0,21895190.428407237,83332994.2661178,21895190.428407237,52714514.43161077,48534504.03646286,45581202.44764494,9501817.042915199,NIST_GROUND,2018_Apr_Jun_origins,fixed_period,48,low-power,72
17,20496.0,3699509.781284817,11264209.166189205,3699509.781284817,2541808.872616577,2185880.3747716974,2176609.5891753486,1822.916816639995,NIST_GROUND,2018_Apr_Jun_origins,fixed_period,48,low-power,72
18,19008.0,1706115.081865793,10246870.28270191,1706115.081865793,1482544.3219349268,1251714.3276387802,1063285.6914899955,984848.2446950382,NIST_GROUND,2018_Apr_Jun_origins,fixed_period,48,low-power,72
19,19872.0,1861316.0524130794,9877988.295040818,1861316.0524130794,1357838.4329539333,1050235.4285055401,1003915.2457969891,223860.99977664012,NIST_GROUND,2018_Apr_Jun_origins,fixed_period,48,low-power,72
20,20976.0,7260449.212706104,23889094.69885458,7260449.212706104,4837172.878304333,4191949.9972584858,3998200.778467676,2001157.1436614424,NIST_GROUND,2018_Apr_Jun_origins,fixed_period,48,low-power,72
21,19488.0,2244772.7787964335,8818825.944505658,2244772.7787964335,1250991.2638605675,1002513.0017969736,791958.2298184236,301934.1812505613,NIST_GROUND,2018_Apr_Jun_origins,fixed_period,48,low-power,72
22,18155.0,1018350.3183411652,5879102.370780976,1018350.3183411652,1109071.8689168359,996464.1509757667,836490.0209986691,1409.4407650400026,NIST_GROUND,2018_Apr_Jun_origins,fixed_period,48,low-power,72
23,19195.0,3408661.3047153987,10834598.782795453,3408661.3047153987,2070114.7074335953,1857379.5751511247,1693700.2290172037,166040.46230615993,NIST_GROUND,2018_Apr_Jun_origins,fixed_period,48,low-power,72
24,18295.0,1713485.298959869,7799541.925335167,1713485.298959869,1534316.5958117293,1778341.2554561505,1314737.5364264012,103764.90133196002,NIST_GROUND,2018_Apr_Jun_origins,fixed_period,48,low-power,72
25,11157.0,3952761.237069293,6558601.627439434,3952761.237069293,1909683.5010360384,2736609.127844714,1566050.2874306303,1089.4453697599993,NIST_GROUND,2018_Apr_Jun_origins,fixed_period,48,low-power,72
26,10650.0,11143166.006958874,9690491.350373676,11143166.006958874,2321567.2479129974,3047039.5651227576,2061802.3787179166,7612458.882554655,NIST_GROUND,2018_Apr_Jun_origins,fixed_period,48,low-power,72
27,11828.0,11488284.496750038,11194285.501146723,11488284.496750038,4047326.5922462707,4551291.808604038,4460160.5343403965,8658639.42537876,NIST_GROUND,2018_Apr_Jun_origins,fixed_period,48,low-power,72
28,9353.0,7626075.781077309,5471413.826101321,7626075.781077309,1023408.3138255655,1437553.0741214396,933597.513792741,36140.419248000035,NIST_GROUND,2018_Apr_Jun_origins,fixed_period,48,low-power,72
29,18624.0,2907178.164344789,10429663.315704536,2907178.164344789,1062954.954948054,1196119.564090232,972560.2500957195,15150.137886719984,NIST_GROUND,2018_Apr_Jun_origins,fixed_period,48,low-power,72
30,6240.0,319943.2861999677,1622615.0705242965,319943.2861999677,391859.89438755886,445452.74576005683,287781.5239852406,5313.417509759997,NIST_GROUND,2018_Apr_Jun_origins,fixed_period,48,low-power,72
0,27456.0,67709279.09089582,53752145.66122208,67709279.09089582,46558606.0926924,40388792.13329113,42674750.96646747,156988574.53162882,NIST_GROUND,2018_Apr_Jun_origins,fixed_period,96,full,24
1,27171.0,15227318.687378632,28598285.074143354,15227318.687378632,21031226.00351738,19217890.44831754,19782537.638588175,39146153.91955068,NIST_GROUND,2018_Apr_Jun_origins,fixed_period,96,full,24
2,27073.0,17087043.31192658,28950841.635375414,17087043.31192658,17939193.075653575,13528683.379327832,17068085.72471996,32481859.353767294,NIST_GROUND,2018_Apr_Jun_origins,fixed_period,96,full,24
3,27456.0,96822279.73222812,81537253.28311296,96822279.73222812,71915588.74013774,69657200.61447617,64697000.392972164,127536656.3767649,NIST_GROUND,2018_Apr_Jun_origins,fixed_period,96,full,24
4,27648.0,55645266.12729312,110618246.62045737,55645266.12729312,60500602.82095921,64436359.45007169,60736266.11442861,82602767.75503659,NIST_GROUND,2018_Apr_Jun_origins,fixed_period,96,full,24
5,27648.0,17420550.195652734,95930266.33147736,17420550.195652734,51668240.82107206,53650115.64480329,48479090.1563516,29655361.59246842,NIST_GROUND,2018_Apr_Jun_origins,fixed_period,96,full,24
6,27586.0,35701560.3328777,23154207.95675523,35701560.3328777,17896359.862526264,13892660.371125279,14719963.287659882,90871563.79177338,NIST_GROUND,2018_Apr_Jun_origins,fixed_period,96,full,24
7,27073.0,109520210.04050319,134287564.41544542,109520210.04050319,61375842.347932525,71825416.41895846,62352389.92497672,180738106.0690557,NIST_GROUND,2018_Apr_Jun_origins,fixed_period,96,full,24
8,27008.0,75164979.75770609,47056383.41383515,75164979.75770609,56650449.71670688,52871728.02966015,54607797.18893024,192964574.41046193,NIST_GROUND,2018_Apr_Jun_origins,fixed_period,96,full,24
9,26885.0,117488837.37105252,120739737.66346715,117488837.37105252,67522661.89924783,76089230.65279844,72852506.37671788,206976042.22423425,NIST_GROUND,2018_Apr_Jun_origins,fixed_period,96,full,24
10,27393.0,31587315.637043003,64995633.47936565,31587315.637043003,50841810.74939847,50473766.383351006,49530247.84387695,68529427.22971664,NIST_GROUND,2018_Apr_Jun_origins,fixed_period,96,full,24
11,27456.0,37885423.633927576,87325000.52171329,37885423.633927576,68355721.73465903,67681927.11870979,62697019.36084326,50714401.46296896,NIST_GROUND,2018_Apr_Jun_origins,fixed_period,96,full,24
12,27266.0,17909765.47514416,79385758.12858206,17909765.47514416,26684396.64600184,29951761.25012674,25490216.036803294,32372112.802636128,NIST_GROUND,2018_Apr_Jun_origins,fixed_period,96,full,24
13,27144.0,10090528.405000648,78621743.89447165,10090528.405000648,27960958.89529537,32415510.514921766,29571217.470967732,6966749.83417692,NIST_GROUND,2018_Apr_Jun_origins,fixed_period,96,full,24
14,26752.0,84255725.60538867,32152291.02531106,84255725.60538867,37841581.09481748,34301910.64876254,44864129.13048597,194104329.9270144,NIST_GROUND,2018_Apr_Jun_origins,fixed_period,96,full,24
15,26627.0,12438719.508191058,35479907.93766209,12438719.508191058,11271532.019034643,10610802.495744018,10469992.279066462,13512870.3393414,NIST_GROUND,2018_Apr_Jun_origins,fixed_period,96,full,24
16,27206.0,13497775.436472587,24932241.720343515,13497775.436472587,20575985.174691778,18579609.944774896,18712074.361346696,16513646.114238877,NIST_GROUND,2018_Apr_Jun_origins,fixed_period,96,full,24
17,27264.0,106722782.95078845,114335430.72041827,106722782.95078845,30795917.557157982,37598389.26222446,33759828.94755152,184716956.00670838,NIST_GROUND,2018_Apr_Jun_origins,fixed_period,96,full,24
18,27456.0,81937114.39841361,94751817.40796624,81937114.39841361,78805789.87882282,76055132.15140523,74144967.01960023,141498994.14010483,NIST_GROUND,2018_Apr_Jun_origins,fixed_period,96,full,24
19,27648.0,87809499.44246478,133486085.81657861,87809499.44246478,33114386.79928922,42451746.4001445,38981129.663067035,169118366.20249408,NIST_GROUND,2018_Apr_Jun_origins,fixed_period,96,full,24
20,27648.0,6376469.15206362,91733651.80535938,6376469.15206362,16705872.153544126,19728016.15780808,20047369.798332445,11744388.962461878,NIST_GROUND,2018_Apr_Jun_origins,fixed_period,96,full,24
21,27648.0,12099412.033553125,72344876.7856379,12099412.033553125,30784017.56795074,35335559.47643918,30511268.783322755,21126992.654698968,NIST_GROUND,2018_Apr_Jun_origins,fixed_period,96,full,24
22,27456.0,17539367.689944047,77316255.21873853,17539367.689944047,34939655.79937053,35918160.78212333,32022161.023356117,17031764.87231015,NIST_GROUND,2018_Apr_Jun_origins,fixed_period,96,full,24
23,27552.0,36572297.99948852,29713062.76497402,36572297.99948852,19929207.184663672,15352826.423057443,21386744.83301511,96208995.52947801,NIST_GROUND,2018_Apr_Jun_origins,fixed_period,96,full,24
24,27648.0,12420944.027325997,36088885.18083551,12420944.027325997,17002723.771142036,13093237.077282108,17098142.127814412,11437027.89990012,NIST_GROUND,2018_Apr_Jun_origins,fixed_period,96,full,24
25,27264.0,121263832.41608815,112221726.77263619,121263832.41608815,33213408.987768438,40516942.7474252,36653219.383713886,236989326.89725175,NIST_GROUND,2018_Apr_Jun_origins,fixed_period,96,full,24
26,27456.0,71165054.32418777,42401011.383597635,71165054.32418777,39712844.01223745,34816002.879623905,36030606.78055466,175743116.92465204,NIST_GROUND,2018_Apr_Jun_origins,fixed_period,96,full,24
27,27648.0,97268309.22301966,111950385.26659068,97268309.22301966,49244209.27473909,50333816.70899735,42490302.987803176,133576809.90123978,NIST_GROUND,2018_Apr_Jun_origins,fixed_period,96,full,24
28,27648.0,66176570.31708685,79860291.2140208,66176570.31708685,60307737.542776756,60546098.614358,59488541.99036013,102659516.39698386,NIST_GROUND,2018_Apr_Jun_origins,fixed_period,96,full,24
29,27648.0,49202601.72905004,119158533.39736995,49202601.72905004,21240914.78921589,28356428.047419425,26664942.663122322,69033803.60640109,NIST_GROUND,2018_Apr_Jun_origins,fixed_period,96,full,24
30,27648.0,6629010.783557422,86580161.10480046,6629010.783557422,16417656.08434692,20392282.746416174,19022230.18123766,1823760.465883641,NIST_GROUND,2018_Apr_Jun_origins,fixed_period,96,full,24
31,27456.0,5478691.525921407,66704751.72279582,5478691.525921407,15733912.771869475,19971873.447001297,17266158.717337042,1747051.22665764,NIST_GROUND,2018_Apr_Jun_origins,fixed_period,96,full,24
32,27552.0,5905270.073521794,58166952.75834087,5905270.073521794,13595152.989468196,17623247.828476626,15002145.78952896,1109821.6218099599,NIST_GROUND,2018_Apr_Jun_origins,fixed_period,96,full,24
33,27075.0,27730335.33775733,66994622.51853772,27730335.33775733,42181986.84766576,39766520.42456042,35264294.609022625,35260138.30283589,NIST_GROUND,2018_Apr_Jun_origins,fixed_period,96,full,24
34,27360.0,41214855.85852204,34607699.74803097,41214855.85852204,34343350.5746946,28239099.913639084,39310114.96240485,98157629.63551633,NIST_GROUND,2018_Apr_Jun_origins,fixed_period,96,full,24
35,27456.0,31590256.70654077,50056005.943850994,31590256.70654077,29766306.279564,28927494.28211741,29224378.09438285,30087095.73086864,NIST_GROUND,2018_Apr_Jun_origins,fixed_period,96,full,24
36,27552.0,59419417.15073432,82384617.62917654,59419417.15073432,38505273.47360711,43003123.691186756,38743627.55345242,98919102.44664167,NIST_GROUND,2018_Apr_Jun_origins,fixed_period,96,full,24
37,27265.0,24793704.06628227,76106129.4793246,24793704.06628227,22730077.926279463,27322669.01493822,23494077.903499156,38559991.17603534,NIST_GROUND,2018_Apr_Jun_origins,fixed_period,96,full,24
38,21600.0,23706134.699957732,71354451.4831503,23706134.699957732,31228210.465601444,35462809.639363244,33317499.712039962,24815150.075778898,NIST_GROUND,2018_Apr_Jun_origins,fixed_period,96,full,24
39,19827.0,45516618.68326119,85514248.64452748,45516618.68326119,73973610.61115456,74894118.89258835,82196263.14141192,73190141.83254322,NIST_GROUND,2018_Apr_Jun_origins,fixed_period,96,full,24
40,26623.0,54569511.90707311,68534008.35780108,54569511.90707311,20426047.39331064,26706033.777775448,20572043.795190047,87618274.07838453,NIST_GROUND,2018_Apr_Jun_origins,fixed_period,96,full,24
41,27265.0,12369749.846924432,74617486.655974,12369749.846924432,41767123.92218025,45902408.9961766,38003978.13313883,14813024.186024474,NIST_GROUND,2018_Apr_Jun_origins,fixed_period,96,full,24
42,27542.0,71762921.7677167,46430500.33225529,71762921.7677167,34876282.37855991,28098649.185242895,39296134.35360658,169202679.52399492,NIST_GROUND,2018_Apr_Jun_origins,fixed_period,96,full,24
43,27648.0,84991388.10581407,83036299.50305444,84991388.10581407,52348309.25361214,54387315.93323323,44633698.80085304,143491003.34441385,NIST_GROUND,2018_Apr_Jun_origins,fixed_period,96,full,24
44,27648.0,22278886.372634333,71647204.89646968,22278886.372634333,32131000.20999509,38091387.16288829,30302635.182515312,29142944.703103207,NIST_GROUND,2018_Apr_Jun_origins,fixed_period,96,full,24
45,27456.0,58031515.971662246,41149659.3252484,58031515.971662246,23089406.713141404,16693581.452737134,24877648.022135608,152581368.39415264,NIST_GROUND,2018_Apr_Jun_origins,fixed_period,96,full,24
46,27456.0,6323858.462016999,31803205.976070672,6323858.462016999,15325954.751737673,10760297.321051152,18334126.343798615,6982422.102155758,NIST_GROUND,2018_Apr_Jun_origins,fixed_period,96,full,24
47,27361.0,8084413.846576734,34035543.89551582,8084413.846576734,14932584.073143631,10540451.921156108,19155612.681449037,4319830.533954961,NIST_GROUND,2018_Apr_Jun_origins,fixed_period,96,full,24
48,27360.0,4733125.254291379,33816009.37343691,4733125.254291379,8884312.345697,6112015.836148895,9098253.337096088,2751157.485444203,NIST_GROUND,2018_Apr_Jun_origins,fixed_period,96,full,24
49,27552.0,33470786.882991288,110831820.27795212,33470786.882991288,67007726.04033426,58778517.69940431,64210133.98905878,18984983.05201343,NIST_GROUND,2018_Apr_Jun_origins,fixed_period,96,full,24
50,27648.0,20784653.34703274,128499391.39596024,20784653.34703274,137079396.73224288,124370616.26247208,125951908.92602585,0.0,NIST_GROUND,2018_Apr_Jun_origins,fixed_period,96,full,24
51,27648.0,27372765.08989822,57257134.7959058,27372765.08989822,31946251.946074173,27270104.304713644,30011501.10134337,43716399.05289307,NIST_GROUND,2018_Apr_Jun_origins,fixed_period,96,full,24
52,27648.0,68243360.58129232,63578292.73413377,68243360.58129232,43496700.48468321,49154258.06715178,43813789.36960741,122659353.0483822,NIST_GROUND,2018_Apr_Jun_origins,fixed_period,96,full,24
53,27456.0,32560730.85610689,75781992.23035507,32560730.85610689,14757418.988383338,18840072.101790737,14618182.327813866,49125694.212161005,NIST_GROUND,2018_Apr_Jun_origins,fixed_period,96,full,24
54,27552.0,5602650.841311242,62155048.53046591,5602650.841311242,12804508.353823349,16403220.32239714,12300393.032151792,1180096.7347611203,NIST_GROUND,2018_Apr_Jun_origins,fixed_period,96,full,24
55,27648.0,30763937.708418317,81267398.51479211,30763937.708418317,27125875.092919126,30296207.045228247,28432952.187599387,42585593.70520636,NIST_GROUND,2018_Apr_Jun_origins,fixed_period,96,full,24
56,27648.0,20796148.834546834,67589486.66519198,20796148.834546834,29454781.587235108,34011835.33568408,29041860.25408729,28766939.934602838,NIST_GROUND,2018_Apr_Jun_origins,fixed_period,96,full,24
57,27648.0,43297608.38337201,38135119.49832411,43297608.38337201,23938960.391816564,20179414.077914048,20473479.313872848,100982684.53116979,NIST_GROUND,2018_Apr_Jun_origins,fixed_period,96,full,24
58,27456.0,22555641.096780956,36588552.54278176,22555641.096780956,16018358.598344937,17271367.72424926,13088660.472789139,31380784.997324947,NIST_GROUND,2018_Apr_Jun_origins,fixed_period,96,full,24
59,27436.0,31306404.134257484,40273921.783415586,31306404.134257484,39470663.1725379,34277807.051774874,44562547.99052362,54300753.470175475,NIST_GROUND,2018_Apr_Jun_origins,fixed_period,96,full,24
60,27361.0,39999695.43520314,63673882.308846824,39999695.43520314,37198917.15179548,33683461.12869753,31559363.566951767,46663598.08034422,NIST_GROUND,2018_Apr_Jun_origins,fixed_period,96,full,24
61,27572.0,44342822.93457067,58084018.091774166,44342822.93457067,33147123.120644942,37456903.44798761,31131504.527695272,82197234.05389768,NIST_GROUND,2018_Apr_Jun_origins,fixed_period,96,full,24
62,27648.0,44463910.554093584,70571235.37962371,44463910.554093584,37010461.97967725,33523376.382228397,35647330.37968335,77887995.95691343,NIST_GROUND,2018_Apr_Jun_origins,fixed_period,96,full,24
63,27648.0,34169727.85796019,45066040.97399014,34169727.85796019,25627220.13685095,19277218.97336093,30584177.817830037,65610084.75862197,NIST_GROUND,2018_Apr_Jun_origins,fixed_period,96,full,24
64,27648.0,86999159.49602248,72797424.3862701,86999159.49602248,48115979.58511933,52720607.58644268,44410297.602447875,154791471.0090962,NIST_GROUND,2018_Apr_Jun_origins,fixed_period,96,full,24
65,27648.0,43518852.7360213,62362695.23111724,43518852.7360213,33316528.766852785,34144179.96903322,34577361.50636381,79460445.89642811,NIST_GROUND,2018_Apr_Jun_origins,fixed_period,96,full,24
66,27632.0,38790560.80957181,76201541.54956353,38790560.80957181,46227732.04273252,48583383.39886358,48254894.22825395,49575820.66664308,NIST_GROUND,2018_Apr_Jun_origins,fixed_period,96,full,24
67,27405.0,26682825.05210699,60030322.8052264,26682825.05210699,28721204.12215692,33613716.98138976,30305955.13148706,51176508.805529095,NIST_GROUND,2018_Apr_Jun_origins,fixed_period,96,full,24
68,26995.0,11168143.903832499,39486656.99085324,11168143.903832499,14312688.517097924,15687075.828038217,15200341.617557906,25796579.994006723,NIST_GROUND,2018_Apr_Jun_origins,fixed_period,96,full,24
69,27220.0,33759549.989432365,55094286.0281376,33759549.989432365,42931872.83495696,41510629.12568118,41148672.54677115,43582336.890075035,NIST_GROUND,2018_Apr_Jun_origins,fixed_period,96,full,24
70,27552.0,38531526.48677974,40916539.95834075,38531526.48677974,30376183.17516052,25558094.558272332,35752138.76181533,91720394.50217262,NIST_GROUND,2018_Apr_Jun_origins,fixed_period,96,full,24
71,27648.0,10525927.710888764,33658959.193817295,10525927.710888764,12592706.676871493,9570420.859525178,13721388.263683135,14212535.463532278,NIST_GROUND,2018_Apr_Jun_origins,fixed_period,96,full,24
72,27648.0,96782918.40592356,77877556.66480939,96782918.40592356,25718468.64889047,29833878.82635682,24508606.928434476,185539921.5148757,NIST_GROUND,2018_Apr_Jun_origins,fixed_period,96,full,24
73,27058.0,23855821.090484932,37887573.9841524,23855821.090484932,21078956.32036267,24187812.899619617,21007820.356810875,61339283.365643375,NIST_GROUND,2018_Apr_Jun_origins,fixed_period,96,full,24
74,26540.0,41694455.43735879,87276800.30142303,41694455.43735879,45658737.99964364,50994980.782593526,48251559.60734389,62463892.056165405,NIST_GROUND,2018_Apr_Jun_origins,fixed_period,96,full,24
75,26322.0,9888842.706205474,77994957.91442856,9888842.706205474,32975649.593108155,38403086.03958767,28889682.853106998,1856061.7388526397,NIST_GROUND,2018_Apr_Jun_origins,fixed_period,96,full,24
76,15802.0,7981820.843004689,47451213.22892146,7981820.843004689,11384321.373248091,15409716.686474944,13303283.220512817,4096323.382015001,NIST_GROUND,2018_Apr_Jun_origins,fixed_period,96,full,24
77,6029.0,10237696.04630619,22107729.01309982,10237696.04630619,30782660.637167104,29424589.07081843,32462754.462799005,6575033.417657488,NIST_GROUND,2018_Apr_Jun_origins,fixed_period,96,full,24
78,6676.0,17034309.82276539,36956837.8978606,17034309.82276539,45887687.69886336,42933598.25625078,50677729.559695065,6683985.664698593,NIST_GROUND,2018_Apr_Jun_origins,fixed_period,96,full,24
79,17491.0,68359392.27899186,74032708.79180488,68359392.27899186,63742526.08896007,62322470.537178926,68779611.97935623,82454177.65817921,NIST_GROUND,2018_Apr_Jun_origins,fixed_period,96,full,24
80,26291.0,28667272.194167715,42376811.5364871,28667272.194167715,40357171.37220853,37859225.61825616,42995430.540672556,70572980.94209778,NIST_GROUND,2018_Apr_Jun_origins,fixed_period,96,full,24
81,27648.0,20334040.01057921,36407044.10269261,20334040.01057921,23541987.493430797,22417945.139794372,23093694.19048826,33641897.60277089,NIST_GROUND,2018_Apr_Jun_origins,fixed_period,96,full,24
82,14867.0,24957433.584418394,25776769.771580596,24957433.584418394,30178826.371943675,24291790.887746226,33978372.29122222,45658540.640283205,NIST_GROUND,2018_Apr_Jun_origins,fixed_period,96,full,24
83,3318.0,10422767.426002145,4329940.37989173,10422767.426002145,939948.9030350387,1278959.358538883,825855.7254890467,5143077.01022732,NIST_GROUND,2018_Apr_Jun_origins,fixed_period,96,full,24
84,2665.0,6133901.856608171,3053361.2007072447,6133901.856608171,892574.7523082081,1037968.4470846518,784051.5876407628,0.0,NIST_GROUND,2018_Apr_Jun_origins,fixed_period,96,full,24
85,10166.0,25146495.59607486,31416579.331415795,25146495.59607486,32381726.095052786,29643715.47869414,36721336.9706604,58914872.7651727,NIST_GROUND,2018_Apr_Jun_origins,fixed_period,96,full,24
86,25326.0,32466661.83725495,67880466.36147419,32466661.83725495,22657233.070921447,23757373.309616026,24739709.093686733,25905363.014444545,NIST_GROUND,2018_Apr_Jun_origins,fixed_period,96,full,24
87,27648.0,43534420.718678646,30934326.589234214,43534420.718678646,27255974.637039844,21509158.799964797,29918411.567414794,120904250.63559383,NIST_GROUND,2018_Apr_Jun_origins,fixed_period,96,full,24
88,27648.0,50133935.94396,61611647.310994215,50133935.94396,45912542.55620558,49410286.24896351,49315945.72437883,59007338.99012325,NIST_GROUND,2018_Apr_Jun_origins,fixed_period,96,full,24
89,27648.0,46145913.88239652,66252341.52898274,46145913.88239652,20482577.957291033,23849130.63239575,20964852.524591967,75457503.66063662,NIST_GROUND,2018_Apr_Jun_origins,fixed_period,96,full,24
90,27648.0,6620376.73979247,44205702.52820469,6620376.73979247,9931824.917876163,13089996.154141303,10248352.902360193,13462372.520206597,NIST_GROUND,2018_Apr_Jun_origins,fixed_period,96,full,24
0,54627.0,82936597.77827458,82350430.73536544,82936597.77827458,67589832.09620972,59606682.58160864,62457288.60505564,196134728.45117953,NIST_GROUND,2018_Apr_Jun_origins,fixed_period,96,full,48
1,54529.0,113909323.04415472,110488094.91848843,113909323.04415472,89854781.81579134,83185883.99380402,81765086.11769217,160018515.7305322,NIST_GROUND,2018_Apr_Jun_origins,fixed_period,96,full,48
2,55296.0,73065816.32294582,206548512.95193478,73065816.32294582,112168843.6420314,118086475.09487496,109215356.27078024,112258129.34750506,NIST_GROUND,2018_Apr_Jun_origins,fixed_period,96,full,48
3,54659.0,145221770.3733808,157441772.372201,145221770.3733808,79272202.21045874,85718076.7900838,77072353.21263672,271609669.86082906,NIST_GROUND,2018_Apr_Jun_origins,fixed_period,96,full,48
4,53893.0,192653817.1287587,167796121.0773023,192653817.1287587,124173111.61595467,128960958.68245868,127460303.56564805,399940616.63469666,NIST_GROUND,2018_Apr_Jun_origins,fixed_period,96,full,48
5,54849.0,69472739.27097063,152320634.00107843,69472739.27097063,119197532.48405743,118155693.50206083,112227267.2047203,119243828.69268553,NIST_GROUND,2018_Apr_Jun_origins,fixed_period,96,full,48
6,54410.0,28000293.880144823,158007502.02305377,28000293.880144823,54645355.5412972,62367271.76504847,55061433.507771015,39338862.63681306,NIST_GROUND,2018_Apr_Jun_origins,fixed_period,96,full,48
7,53379.0,96694445.1135797,67632198.96297313,96694445.1135797,49113113.11385217,44912713.14450658,55334121.40955244,207617200.26635563,NIST_GROUND,2018_Apr_Jun_origins,fixed_period,96,full,48
8,54470.0,120220558.38726105,139267672.44076174,120220558.38726105,51371902.73184976,56177999.20699935,52471903.308898225,201230602.12094718,NIST_GROUND,2018_Apr_Jun_origins,fixed_period,96,full,48
9,55104.0,169746613.84087855,228237903.22454482,169746613.84087855,111920176.67811197,118506878.5515497,113126096.68266727,310617360.3425986,NIST_GROUND,2018_Apr_Jun_origins,fixed_period,96,full,48
10,55296.0,18475881.18561675,164078528.59099728,18475881.18561675,47489889.72149494,55063575.63424726,50558638.58165519,32871381.617160846,NIST_GROUND,2018_Apr_Jun_origins,fixed_period,96,full,48
11,55008.0,54111665.68943258,107029317.98371255,54111665.68943258,54868862.98403411,51270987.20518078,53408905.856371254,113240760.40178816,NIST_GROUND,2018_Apr_Jun_origins,fixed_period,96,full,48
12,54912.0,133684776.44341414,148310611.95347166,133684776.44341414,50216132.758910455,53610179.824707314,53751361.5115283,248426354.79715186,NIST_GROUND,2018_Apr_Jun_origins,fixed_period,96,full,48
13,55104.0,168433363.54720753,154351396.65018812,168433363.54720753,88957053.28697659,85149819.5886211,78520909.76835783,309319926.825892,NIST_GROUND,2018_Apr_Jun_origins,fixed_period,96,full,48
14,55296.0,115379172.04613702,199018824.61139065,115379172.04613702,81548652.33199272,88902526.66177736,86153484.65348256,171693320.0033849,NIST_GROUND,2018_Apr_Jun_origins,fixed_period,96,full,48
15,55104.0,12107702.30947883,153284912.82759604,12107702.30947883,32151568.856216393,40364156.19341756,36288388.898574695,3570811.692541284,NIST_GROUND,2018_Apr_Jun_origins,fixed_period,96,full,48
16,54627.0,33635605.41127915,125161575.27687842,33635605.41127915,55777139.837133944,57389768.25303705,50266440.3985516,36369959.92464585,NIST_GROUND,2018_Apr_Jun_origins,fixed_period,96,full,48
17,54816.0,72805112.56506284,84663705.691882,72805112.56506284,64109656.85425861,57166594.195756495,68534493.05678757,128244725.36638503,NIST_GROUND,2018_Apr_Jun_origins,fixed_period,96,full,48
18,54817.0,84213121.21701653,158490747.1085009,84213121.21701653,61235351.399886504,70325792.7061251,62237705.456951514,137479093.62267703,NIST_GROUND,2018_Apr_Jun_origins,fixed_period,96,full,48
19,41427.0,69222753.38321891,156868700.1276778,69222753.38321891,105201821.07675599,110356928.53195164,115513762.8534519,98005291.90832219,NIST_GROUND,2018_Apr_Jun_origins,fixed_period,96,full,48
20,53888.0,66939261.75399757,143151495.0137751,66939261.75399757,62193171.3154909,72608442.77395189,58576021.9283289,102431298.26440905,NIST_GROUND,2018_Apr_Jun_origins,fixed_period,96,full,48
21,55190.0,156754309.87353057,129466799.83530962,156754309.87353057,87224591.63217191,82485965.11847617,83929833.15445963,312693682.86840874,NIST_GROUND,2018_Apr_Jun_origins,fixed_period,96,full,48
22,55104.0,80310402.34429653,112796864.2217181,80310402.34429653,55220406.92313655,54784968.615625404,55180283.204650864,181724313.09725583,NIST_GROUND,2018_Apr_Jun_origins,fixed_period,96,full,48
23,54817.0,14408272.308593733,65838749.87158649,14408272.308593733,30258538.824881326,21300749.242207237,37489739.025247656,11302252.636110727,NIST_GROUND,2018_Apr_Jun_origins,fixed_period,96,full,48
24,54912.0,38203912.13728264,144647829.651389,38203912.13728264,75892038.38603117,64890533.53555321,73308387.32615478,21736140.537457626,NIST_GROUND,2018_Apr_Jun_origins,fixed_period,96,full,48
25,55296.0,48157418.43693101,185756526.1918663,48157418.43693101,169025648.6783172,151640720.56718576,155963410.0273693,43716399.05289307,NIST_GROUND,2018_Apr_Jun_origins,fixed_period,96,full,48
26,55104.0,100804091.43739912,139360284.96448874,100804091.43739912,58254119.47306653,67994330.16894254,58431971.69742125,171785047.26054326,NIST_GROUND,2018_Apr_Jun_origins,fixed_period,96,full,48
27,55200.0,36366588.549729556,143422447.04525793,36366588.549729556,39930383.44674246,46699427.36762533,40733345.21975122,43765690.43996747,NIST_GROUND,2018_Apr_Jun_origins,fixed_period,96,full,48
28,55296.0,64093757.21791884,105724606.16351618,64093757.21791884,53393741.979051605,54191249.41359815,49515339.56796017,129749624.46577267,NIST_GROUND,2018_Apr_Jun_origins,fixed_period,96,full,48
29,54892.0,53862045.231038414,76862474.32619734,53862045.231038414,55489021.770882845,51549174.7760241,57651208.46331276,85681538.46750024,NIST_GROUND,2018_Apr_Jun_origins,fixed_period,96,full,48
30,54933.0,84342518.36977367,121757900.40062094,84342518.36977367,70346040.27244039,71140364.5766852,62690868.09464703,128860832.13424192,NIST_GROUND,2018_Apr_Jun_origins,fixed_period,96,full,48
31,55296.0,78633638.41205369,115637276.35361387,78633638.41205369,62637682.11652822,52800595.35558933,66231508.1975134,143498080.71553522,NIST_GROUND,2018_Apr_Jun_origins,fixed_period,96,full,48
32,55296.0,130518012.23204379,135160119.6173872,130518012.23204379,81432508.35197209,86864787.55547586,78987659.10881174,234251916.90552434,NIST_GROUND,2018_Apr_Jun_origins,fixed_period,96,full,48
33,55037.0,65473385.86167873,136231864.35478985,65473385.86167873,74948936.16488944,82197100.38025336,78560849.35974096,100752329.47217226,NIST_GROUND,2018_Apr_Jun_origins,fixed_period,96,full,48
34,54215.0,44927693.89326487,94580943.01899095,44927693.89326487,57244561.35205487,57197704.9537194,56349014.164329,69378916.88408169,NIST_GROUND,2018_Apr_Jun_origins,fixed_period,96,full,48
35,55200.0,49057454.197668515,74575499.15215798,49057454.197668515,42968889.85203201,35128515.41779748,49473527.02549843,105932929.96570492,NIST_GROUND,2018_Apr_Jun_origins,fixed_period,96,full,48
36,54706.0,120638739.4964085,115765130.64896172,120638739.4964085,46797424.969253175,54021691.72597646,45516427.28524535,246879204.88051882,NIST_GROUND,2018_Apr_Jun_origins,fixed_period,96,full,48
37,52862.0,51583298.14356426,165271758.21585166,51583298.14356426,78634387.59275188,89398066.8221812,77141242.46045099,64319953.795018025,NIST_GROUND,2018_Apr_Jun_origins,fixed_period,96,full,48
38,21831.0,18219516.889310893,69558942.24202122,18219516.889310893,42166982.01041524,44834305.75729339,45766037.68331181,10671356.799672464,NIST_GROUND,2018_Apr_Jun_origins,fixed_period,96,full,48
39,24167.0,85393702.10175715,110989546.68966547,85393702.10175715,109630213.78782342,105256068.79342963,119457341.53905132,89138163.32287782,NIST_GROUND,2018_Apr_Jun_origins,fixed_period,96,full,48
40,53939.0,49001312.20474688,78783855.63917983,49001312.20474688,63899158.8656393,60277170.758050546,66089124.7311608,104214878.54486863,NIST_GROUND,2018_Apr_Jun_origins,fixed_period,96,full,48
41,18185.0,35380201.01042053,30106710.151472323,35380201.01042053,31118775.274978705,25570750.246285114,34804228.01671126,50801617.65051049,NIST_GROUND,2018_Apr_Jun_origins,fixed_period,96,full,48
42,12831.0,31280397.452683035,34469940.532123044,31280397.452683035,33274300.84736099,30681683.9257788,37505388.55830117,58914872.7651727,NIST_GROUND,2018_Apr_Jun_origins,fixed_period,96,full,48
43,52974.0,76001082.5559335,98814792.95070837,76001082.5559335,49913207.707961254,45266532.10958079,54658120.66110155,146809613.6500385,NIST_GROUND,2018_Apr_Jun_origins,fixed_period,96,full,48
44,55296.0,96279849.82635653,127863988.839977,96279849.82635653,66395120.51349658,73259416.88135923,70280798.24897078,134464842.65076,NIST_GROUND,2018_Apr_Jun_origins,fixed_period,96,full,48
45,27648.0,6620376.73979247,44205702.52820469,6620376.73979247,9931824.917876163,13089996.154141303,10248352.902360193,13462372.520206597,NIST_GROUND,2018_Apr_Jun_origins,fixed_period,96,full,48
0,81700.0,100023641.09020121,111301272.37074074,100023641.09020121,85529025.17186339,73135365.96093644,79525374.32977556,228616587.80494723,NIST_GROUND,2018_Apr_Jun_origins,fixed_period,96,full,72
1,82752.0,169888096.05517387,288085766.2350477,169888096.05517387,184084432.382169,187743675.7093512,173912356.66375262,239794785.72426996,NIST_GROUND,2018_Apr_Jun_origins,fixed_period,96,full,72
2,81667.0,220386750.1310868,204498155.78603625,220386750.1310868,135922651.92716566,138589804.81974408,131680150.40156691,464574244.2712914,NIST_GROUND,2018_Apr_Jun_origins,fixed_period,96,full,72
3,81734.0,186961576.64202285,273060371.664546,186961576.64202285,186720194.383305,194244924.15485898,185079773.58143818,326219870.9169197,NIST_GROUND,2018_Apr_Jun_origins,fixed_period,96,full,72
4,81162.0,112256019.4855335,190159793.04836512,112256019.4855335,92486936.6361147,96669182.41381098,99925562.63825707,233443192.56382746,NIST_GROUND,2018_Apr_Jun_origins,fixed_period,96,full,72
5,81097.0,132659277.8954521,174747580.3784238,132659277.8954521,62643434.750884384,66788801.702743374,62941895.587964684,214743472.46028858,NIST_GROUND,2018_Apr_Jun_origins,fixed_period,96,full,72
6,82752.0,176123082.99294215,319971555.02990437,176123082.99294215,128626048.83165607,138234894.7093578,133173466.48099962,322361749.3050605,NIST_GROUND,2018_Apr_Jun_origins,fixed_period,96,full,72
7,82656.0,66211077.72298569,179374194.76935062,66211077.72298569,85652880.55198489,86606546.68161994,83920174.63969404,134367753.05648723,NIST_GROUND,2018_Apr_Jun_origins,fixed_period,96,full,72
8,82368.0,204849830.76760206,190711623.33706927,204849830.76760206,89928976.77114789,88426182.70433135,89781968.29208304,424169471.7218036,NIST_GROUND,2018_Apr_Jun_origins,fixed_period,96,full,72
9,82944.0,212647481.26915628,310969209.8779819,212647481.26915628,130792861.6067318,139236343.37077513,128643787.6412857,305270129.90462476,NIST_GROUND,2018_Apr_Jun_origins,fixed_period,96,full,72
10,82656.0,18012972.383000612,211451865.58593696,18012972.383000612,45746721.84568458,57987404.021894194,51290534.68810357,4680633.314351249,NIST_GROUND,2018_Apr_Jun_origins,fixed_period,96,full,72
11,81891.0,100535447.9028202,151658328.21041974,100535447.9028202,106291643.70192452,96933114.62031704,103798787.6658104,163504863.6692208,NIST_GROUND,2018_Apr_Jun_origins,fixed_period,96,full,72
12,76417.0,107919255.91697419,229845198.59165126,107919255.91697419,92463561.86548802,105788602.34548835,95555205.16899146,162294243.69845584,NIST_GROUND,2018_Apr_Jun_origins,fixed_period,96,full,72
13,73715.0,112455880.43725865,228665743.65830255,112455880.43725865,136166781.92664546,147502561.66654032,140772285.06974044,175621440.09695217,NIST_GROUND,2018_Apr_Jun_origins,fixed_period,96,full,72
14,82838.0,179033196.24616474,201114004.73177937,179033196.24616474,119355591.84216702,120577352.28136443,114232468.33697495,341836627.5715119,NIST_GROUND,2018_Apr_Jun_origins,fixed_period,96,full,72
15,82273.0,72439788.28025588,106988409.19683485,72439788.28025588,53347945.53802277,37994330.69494433,62367387.04738322,163883621.03026354,NIST_GROUND,2018_Apr_Jun_origins,fixed_period,96,full,72
16,82560.0,58988565.484315395,273147221.04734915,58988565.484315395,212971435.1182739,189261149.7980253,199260296.25218037,21736140.537457626,NIST_GROUND,2018_Apr_Jun_origins,fixed_period,96,full,72
17,82752.0,128176856.52729733,196617419.76039442,128176856.52729733,90200371.4191407,95264434.47365625,88443472.79876477,215501446.31343615,NIST_GROUND,2018_Apr_Jun_origins,fixed_period,96,full,72
18,82848.0,57162737.3842764,211011933.7104497,57162737.3842764,69385165.03397767,80711262.7033093,69775205.4738386,72532630.37457033,NIST_GROUND,2018_Apr_Jun_origins,fixed_period,96,full,72
19,82540.0,97159653.6144105,114997593.82452144,97159653.6144105,79427982.16269939,71728588.85393825,78124687.77718548,186664222.99867037,NIST_GROUND,2018_Apr_Jun_origins,fixed_period,96,full,72
20,82581.0,128806428.9238673,192329135.78024444,128806428.9238673,107356502.2521176,104663740.95891353,98338198.4743303,206748828.0911554,NIST_GROUND,2018_Apr_Jun_origins,fixed_period,96,full,72
21,82944.0,164687740.09000373,180226160.59137735,164687740.09000373,107059728.48882313,106142006.52883694,109571836.92664158,299862001.66414666,NIST_GROUND,2018_Apr_Jun_origins,fixed_period,96,full,72
22,82032.0,76641529.76551133,175718521.34564313,76641529.76551133,89261624.68198738,97884176.20829172,93761190.97729875,126548909.46617895,NIST_GROUND,2018_Apr_Jun_origins,fixed_period,96,full,72
23,82420.0,82817004.1871009,129669785.18029563,82817004.1871009,85900762.686989,76639144.54347865,90622199.5722697,149515266.85578,NIST_GROUND,2018_Apr_Jun_origins,fixed_period,96,full,72
24,81246.0,162333194.93376723,203041930.95038477,162333194.93376723,92456162.96889678,105016672.50856997,93767986.8925892,309343096.93668395,NIST_GROUND,2018_Apr_Jun_origins,fixed_period,96,full,72
25,48153.0,28108359.595516343,147553900.15645,28108359.595516343,75142631.60352339,83237391.79688108,74655720.5364189,12527418.538525106,NIST_GROUND,2018_Apr_Jun_origins,fixed_period,96,full,72
26,50458.0,114060974.29592477,153366358.2261525,114060974.29592477,149987385.16003183,143115294.41168576,162452772.07972386,159711144.26497564,NIST_GROUND,2018_Apr_Jun_origins,fixed_period,96,full,72
27,45833.0,55714241.02099973,66513754.25416492,55714241.02099973,54660762.76840948,47988695.38607945,57897922.207199514,84443515.25328156,NIST_GROUND,2018_Apr_Jun_origins,fixed_period,96,full,72
28,38157.0,63747059.28993804,102350406.89359729,63747059.28993804,55931533.91828246,54439057.23539493,62245097.65198793,84820235.7796172,NIST_GROUND,2018_Apr_Jun_origins,fixed_period,96,full,72
29,82944.0,139814270.54503527,158798315.42921114,139814270.54503527,93651095.15053655,94768575.68132405,100199209.81638557,255369093.28635386,NIST_GROUND,2018_Apr_Jun_origins,fixed_period,96,full,72
30,27648.0,6620376.73979247,44205702.52820469,6620376.73979247,9931824.917876163,13089996.154141303,10248352.902360193,13462372.520206597,NIST_GROUND,2018_Apr_Jun_origins,fixed_period,96,full,72
0,12894.0,65338218.00509829,35964638.98957342,65338218.00509829,41673902.66706126,37148059.18785309,39160415.52731793,156975571.58864522,NIST_GROUND,2018_Apr_Jun_origins,fixed_period,96,power-active,24
1,11477.0,13479025.280196045,18100410.782018576,13479025.280196045,16280815.78952675,16253260.522051366,16443080.868527565,39000047.00106429,NIST_GROUND,2018_Apr_Jun_origins,fixed_period,96,power-active,24
2,12484.0,15256202.91125334,9684220.848923884,15256202.91125334,15610587.325070957,11883784.097717656,15532447.377950033,32438380.025813494,NIST_GROUND,2018_Apr_Jun_origins,fixed_period,96,power-active,24
3,13047.0,90159710.53128588,70080399.93056877,90159710.53128588,67417964.54948851,66469321.61053618,61454252.38160113,127175953.32718588,NIST_GROUND,2018_Apr_Jun_origins,fixed_period,96,power-active,24
4,13613.0,54691828.74966184,104737878.96002094,54691828.74966184,59040930.44508723,63576741.08473693,60024452.32577359,82601939.45833978,NIST_GROUND,2018_Apr_Jun_origins,fixed_period,96,power-active,24
5,13366.0,14780832.821655823,81685422.44256185,14780832.821655823,49467863.43300162,51992103.6838614,47000912.51528516,29631615.943277545,NIST_GROUND,2018_Apr_Jun_origins,fixed_period,96,power-active,24
6,12169.0,34598115.02065517,12186323.141178062,34598115.02065517,12815450.965428583,10560930.823922371,10848505.128791122,90658893.93040419,NIST_GROUND,2018_Apr_Jun_origins,fixed_period,96,power-active,24
7,13355.0,108241475.63823228,127916532.86927138,108241475.63823228,58040904.19659158,69363813.64490107,60109729.53675265,180729638.7746395,NIST_GROUND,2018_Apr_Jun_origins,fixed_period,96,power-active,24
8,11636.0,72847657.87946314,34746852.348739125,72847657.87946314,53110729.27901514,50748224.43065166,52272627.02818951,191720787.814617,NIST_GROUND,2018_Apr_Jun_origins,fixed_period,96,power-active,24
9,13373.0,116214986.13646847,115109073.54876393,116214986.13646847,66385818.085678615,75303485.73127884,72132983.80873042,206968364.87157282,NIST_GROUND,2018_Apr_Jun_origins,fixed_period,96,power-active,24
10,13422.0,30178747.296381366,56549231.008067854,30178747.296381366,45160428.564213574,46829398.20708165,45815539.82985327,68505021.17371859,NIST_GROUND,2018_Apr_Jun_origins,fixed_period,96,power-active,24
11,13421.0,36388309.07501937,77348377.82762305,36388309.07501937,64553322.33753439,65481230.667940624,60267779.78056309,50713791.96583114,NIST_GROUND,2018_Apr_Jun_origins,fixed_period,96,power-active,24
12,13673.0,17037704.98822145,69581530.31315449,17037704.98822145,24546547.099907573,28450312.34623269,23818230.416507125,32371809.461978555,NIST_GROUND,2018_Apr_Jun_origins,fixed_period,96,power-active,24
13,13893.0,9069023.669644568,70026501.03229038,9069023.669644568,26270561.453668937,30346542.423749942,28441159.651755683,6966239.59731384,NIST_GROUND,2018_Apr_Jun_origins,fixed_period,96,power-active,24
14,12574.0,81734502.97213607,11726391.399030156,81734502.97213607,35928524.022872776,32535780.25711408,43190823.04386433,193993040.00000796,NIST_GROUND,2018_Apr_Jun_origins,fixed_period,96,power-active,24
15,11666.0,8729141.037186515,17246842.46432188,8729141.037186515,8414281.816301439,8070043.822467478,8137354.663890694,13383479.242759643,NIST_GROUND,2018_Apr_Jun_origins,fixed_period,96,power-active,24
16,12945.0,11276185.028226577,14175154.474474017,11276185.028226577,18233545.6753933,16358148.041139046,17285053.878827248,16512344.467352234,NIST_GROUND,2018_Apr_Jun_origins,fixed_period,96,power-active,24
17,13716.0,104835608.69019026,103694248.38220407,104835608.69019026,28878389.388596456,36512755.85356735,32397101.1205243,184619041.70921886,NIST_GROUND,2018_Apr_Jun_origins,fixed_period,96,power-active,24
18,13572.0,78421304.48366323,81908084.79065776,78421304.48366323,74367340.84532681,73009911.49637902,71070991.38971661,137995365.264686,NIST_GROUND,2018_Apr_Jun_origins,fixed_period,96,power-active,24
19,14136.0,86473216.85318702,129139381.47053416,86473216.85318702,31723731.41881653,41543909.83794746,38103127.74962273,169113629.1458146,NIST_GROUND,2018_Apr_Jun_origins,fixed_period,96,power-active,24
20,14425.0,4654863.547124077,83078227.73688562,4654863.547124077,15247885.818900771,18868802.35823899,19335783.23975837,11744028.102863483,NIST_GROUND,2018_Apr_Jun_origins,fixed_period,96,power-active,24
21,14481.0,11310378.959437724,64375746.07296624,11310378.959437724,29740880.50755138,34670018.86253873,29950164.25751391,21124492.793723986,NIST_GROUND,2018_Apr_Jun_origins,fixed_period,96,power-active,24
22,14409.0,16798450.149449658,68771253.36293189,16798450.149449658,34029341.058468245,35156344.21275552,31399174.114332635,17002451.35386867,NIST_GROUND,2018_Apr_Jun_origins,fixed_period,96,power-active,24
23,13111.0,34407730.76867513,12003623.24272326,34407730.76867513,18581069.789871596,14570731.147583608,20576195.6207107,96062940.26035026,NIST_GROUND,2018_Apr_Jun_origins,fixed_period,96,power-active,24
24,13910.0,10070299.123912774,16712950.973516263,10070299.123912774,15867471.989021134,12437002.981325548,16257229.579563547,11432177.979647847,NIST_GROUND,2018_Apr_Jun_origins,fixed_period,96,power-active,24
25,13786.0,118580368.43560492,101892773.21071357,118580368.43560492,32202642.015515488,39741958.8750765,35944207.900891505,236806935.72640294,NIST_GROUND,2018_Apr_Jun_origins,fixed_period,96,power-active,24
26,13046.0,67842211.43091255,27221968.679695014,67842211.43091255,35879691.70095648,32338169.239665426,33478178.240340862,174462516.2265109,NIST_GROUND,2018_Apr_Jun_origins,fixed_period,96,power-active,24
27,14255.0,95120585.00752956,100203956.75786011,95120585.00752956,48566956.654290915,49659582.3544059,41968004.75891439,133560291.79924522,NIST_GROUND,2018_Apr_Jun_origins,fixed_period,96,power-active,24
28,14208.0,64475408.04963542,74553266.41459958,64475408.04963542,59200990.40892358,59768848.25758804,58773617.61611703,102654769.68073402,NIST_GROUND,2018_Apr_Jun_origins,fixed_period,96,power-active,24
29,14257.0,47447058.95290033,111171134.97666611,47447058.95290033,19799055.59170862,27368752.42649737,25776250.67983261,69033513.65280041,NIST_GROUND,2018_Apr_Jun_origins,fixed_period,96,power-active,24
30,14375.0,5105599.40959855,77959668.01651621,5105599.40959855,14858710.280958306,19303954.563747562,18227913.238082547,1823335.4241962803,NIST_GROUND,2018_Apr_Jun_origins,fixed_period,96,power-active,24
31,14678.0,4591355.794263813,57906139.18579104,4591355.794263813,14208234.324237159,18979567.60784479,16447018.349830959,1746687.5295377602,NIST_GROUND,2018_Apr_Jun_origins,fixed_period,96,power-active,24
32,14686.0,5084102.057494703,50754260.753489636,5084102.057494703,12730851.343983613,16913044.520613246,14367099.679423293,1106724.662755079,NIST_GROUND,2018_Apr_Jun_origins,fixed_period,96,power-active,24
33,12430.0,24067534.257443644,50908085.401834324,24067534.257443644,37829430.52613774,36270163.949057646,32215032.64319264,34468710.945198625,NIST_GROUND,2018_Apr_Jun_origins,fixed_period,96,power-active,24
34,13030.0,39149843.17276581,16482868.813226733,39149843.17276581,31886310.574094284,26663730.613055088,37601720.499006756,98155810.56586336,NIST_GROUND,2018_Apr_Jun_origins,fixed_period,96,power-active,24
35,14006.0,29393998.23290682,35144876.516951025,29393998.23290682,28038237.533142652,27904021.963117838,28203924.97074549,30086046.53133755,NIST_GROUND,2018_Apr_Jun_origins,fixed_period,96,power-active,24
36,14715.0,58809433.322076075,75054192.59758899,58809433.322076075,38075464.7398319,42617079.79746684,38424444.86063691,98918079.53019862,NIST_GROUND,2018_Apr_Jun_origins,fixed_period,96,power-active,24
37,14673.0,23869257.837047443,68056049.1000645,23869257.837047443,21583141.854815014,26353060.328342505,22779478.991631668,38559719.392205805,NIST_GROUND,2018_Apr_Jun_origins,fixed_period,96,power-active,24
38,14514.0,22307185.575839978,66358338.60024586,22307185.575839978,30275129.839675277,34299800.70306857,32446169.492188737,24815120.34180482,NIST_GROUND,2018_Apr_Jun_origins,fixed_period,96,power-active,24
39,12709.0,32922153.85755264,78214575.39589661,32922153.85755264,72438198.81500201,73375871.30347753,80931376.74275708,72984320.1910169,NIST_GROUND,2018_Apr_Jun_origins,fixed_period,96,power-active,24
40,14722.0,52829395.82615079,62419621.27934591,52829395.82615079,19903598.460147996,26345316.18707177,20305939.583176896,87543453.68964276,NIST_GROUND,2018_Apr_Jun_origins,fixed_period,96,power-active,24
41,14603.0,10802250.728719579,64754974.517231755,10802250.728719579,40206896.95621508,44672670.543434374,37117476.57206667,14812750.785517214,NIST_GROUND,2018_Apr_Jun_origins,fixed_period,96,power-active,24
42,13334.0,69316656.1204105,23412789.69910666,69316656.1204105,34061758.856650434,27538915.144738566,38762335.353478506,169066347.02871227,NIST_GROUND,2018_Apr_Jun_origins,fixed_period,96,power-active,24
43,12950.0,79418275.09400952,59825607.8359639,79418275.09400952,46800831.3537264,50204792.25441166,40683133.88553991,143455055.76673016,NIST_GROUND,2018_Apr_Jun_origins,fixed_period,96,power-active,24
44,14347.0,21159256.700001977,59311343.78182321,21159256.700001977,31035062.72462711,37435168.61234553,29492684.761973377,29100930.383932885,NIST_GROUND,2018_Apr_Jun_origins,fixed_period,96,power-active,24
45,12985.0,55254870.44262384,17975453.688171327,55254870.44262384,21456022.821265355,15422732.160666462,23357680.912547246,152148034.64901307,NIST_GROUND,2018_Apr_Jun_origins,fixed_period,96,power-active,24
46,14133.0,3883890.4884286523,11841038.462893758,3883890.4884286523,14456048.214973848,10193485.602010656,17684311.83348882,6982089.563025408,NIST_GROUND,2018_Apr_Jun_origins,fixed_period,96,power-active,24
47,12730.0,4073330.151006413,12058251.755489798,4073330.151006413,14037094.207026834,9873717.54771427,18367209.324303396,4192289.1024752036,NIST_GROUND,2018_Apr_Jun_origins,fixed_period,96,power-active,24
48,13829.0,2514342.2803650093,11217103.294944767,2514342.2803650093,7835708.913275566,5364705.80531649,8322489.952147642,2733480.7825940396,NIST_GROUND,2018_Apr_Jun_origins,fixed_period,96,power-active,24
49,0.0,0.0,0.0,0.0,0.0,0.0,0.0,0.0,NIST_GROUND,2018_Apr_Jun_origins,fixed_period,96,power-active,24
50,0.0,0.0,0.0,0.0,0.0,0.0,0.0,0.0,NIST_GROUND,2018_Apr_Jun_origins,fixed_period,96,power-active,24
51,12214.0,22496228.453265585,31858375.124760892,22496228.453265585,25012252.046597693,22145244.904872146,23695127.69471816,43714990.52540973,NIST_GROUND,2018_Apr_Jun_origins,fixed_period,96,power-active,24
52,15005.0,65871086.3256415,56096208.02581533,65871086.3256415,43110744.04178644,48731382.1843143,43481151.01191584,122657347.76275359,NIST_GROUND,2018_Apr_Jun_origins,fixed_period,96,power-active,24
53,14947.0,31301620.163187403,68032119.45236468,31301620.163187403,14297330.452367937,18268908.176334534,14217124.872137897,49125378.42376471,NIST_GROUND,2018_Apr_Jun_origins,fixed_period,96,power-active,24
54,15162.0,4881600.36575903,54837206.15246038,4881600.36575903,11989544.794168886,15662452.50571091,11839461.692949275,1179846.8330590813,NIST_GROUND,2018_Apr_Jun_origins,fixed_period,96,power-active,24
55,15218.0,27839345.558898427,63124475.50353428,27839345.558898427,25935698.008612465,29202828.842914045,27225079.202063747,40720999.113151886,NIST_GROUND,2018_Apr_Jun_origins,fixed_period,96,power-active,24
56,14277.0,19873447.225461155,54432472.99047273,19873447.225461155,28949249.003055863,33649503.13466348,28742474.518845994,28640971.334392402,NIST_GROUND,2018_Apr_Jun_origins,fixed_period,96,power-active,24
57,14508.0,41000470.1881377,21618671.81851073,41000470.1881377,22866016.25208786,19456659.038946755,19751312.33210976,100913555.88527505,NIST_GROUND,2018_Apr_Jun_origins,fixed_period,96,power-active,24
58,15082.0,21729280.546463847,27434382.68148288,21729280.546463847,15561307.800688284,16887947.960461408,12750675.020156894,31370962.58531817,NIST_GROUND,2018_Apr_Jun_origins,fixed_period,96,power-active,24
59,13211.0,28663151.89288385,17591154.251450464,28663151.89288385,38268598.491028085,33306555.731867902,43556805.4346997,53953843.167634845,NIST_GROUND,2018_Apr_Jun_origins,fixed_period,96,power-active,24
60,12331.0,31273244.78352479,28729477.441294312,31273244.78352479,30580854.92138181,28356942.235243123,25801209.218708366,45500133.7843112,NIST_GROUND,2018_Apr_Jun_origins,fixed_period,96,power-active,24
61,15284.0,43563257.13711588,53242317.65830678,43563257.13711588,32639313.604614556,37115852.59014411,30820513.662391357,82196700.20773283,NIST_GROUND,2018_Apr_Jun_origins,fixed_period,96,power-active,24
62,12899.0,38606306.49879241,42089543.90123776,38606306.49879241,34942247.808814965,31815647.050808206,33833910.90131651,74939837.11102742,NIST_GROUND,2018_Apr_Jun_origins,fixed_period,96,power-active,24
63,13894.0,30572691.9626035,18180011.666792784,30572691.9626035,24192959.673298836,18330525.957741298,29450828.233524498,65129608.1815881,NIST_GROUND,2018_Apr_Jun_origins,fixed_period,96,power-active,24
64,15045.0,85004402.15503749,62671662.36336338,85004402.15503749,47542891.32935862,52187551.74412609,44092627.21395598,154787840.8917684,NIST_GROUND,2018_Apr_Jun_origins,fixed_period,96,power-active,24
65,15291.0,42440107.41143441,55105238.05176573,42440107.41143441,32611807.10255494,33550976.089302357,34219493.73297057,79452096.20130597,NIST_GROUND,2018_Apr_Jun_origins,fixed_period,96,power-active,24
66,15462.0,37850142.49610232,66213250.75259885,37850142.49610232,45570322.487036884,48080369.14207391,47807220.6195622,49575030.04050972,NIST_GROUND,2018_Apr_Jun_origins,fixed_period,96,power-active,24
67,15341.0,25831413.431082997,54878446.90327251,25831413.431082997,28431028.419337086,33299960.971257966,30095130.075621367,51174678.1894364,NIST_GROUND,2018_Apr_Jun_origins,fixed_period,96,power-active,24
68,15113.0,10419866.752361372,33478187.240397412,10419866.752361372,13680527.878423152,15091125.249383116,14756311.077981496,25796319.793834127,NIST_GROUND,2018_Apr_Jun_origins,fixed_period,96,power-active,24
69,14910.0,30800868.33420409,43141641.309053935,30800868.33420409,40985643.669110164,39900542.02437886,39726949.38443683,43386906.21653572,NIST_GROUND,2018_Apr_Jun_origins,fixed_period,96,power-active,24
70,14498.0,35563485.33690779,20937724.874665536,35563485.33690779,29872756.777581956,25000570.58580125,35314923.984542035,91655745.41063313,NIST_GROUND,2018_Apr_Jun_origins,fixed_period,96,power-active,24
71,14472.0,7703253.140372966,16204929.573195595,7703253.140372966,11712608.956443032,9021182.787883304,13089242.285593495,14138655.070404034,NIST_GROUND,2018_Apr_Jun_origins,fixed_period,96,power-active,24
72,15072.0,95624507.70285046,69138705.87757346,95624507.70285046,25154530.85239823,29421033.38473161,24177013.145629752,185537803.6073395,NIST_GROUND,2018_Apr_Jun_origins,fixed_period,96,power-active,24
73,15197.0,22997689.781189647,29514864.485198542,22997689.781189647,20128536.484452903,22998947.637901623,20088048.25360623,61141532.32416175,NIST_GROUND,2018_Apr_Jun_origins,fixed_period,96,power-active,24
74,14575.0,40150963.05278549,80531900.38698637,40150963.05278549,44804148.307931155,50165642.85257372,47619769.40363096,62456919.6198103,NIST_GROUND,2018_Apr_Jun_origins,fixed_period,96,power-active,24
75,14290.0,8422672.367703225,70757392.29901393,8422672.367703225,31640503.95941195,36902847.83475999,27891241.200009193,1854805.9976659995,NIST_GROUND,2018_Apr_Jun_origins,fixed_period,96,power-active,24
76,10155.0,5520485.590881647,42165295.824667856,5520485.590881647,10724098.451699995,14528422.135564297,12642405.02723212,4096226.4454154014,NIST_GROUND,2018_Apr_Jun_origins,fixed_period,96,power-active,24
77,3411.0,7748518.47154513,19851987.78515086,7748518.47154513,30378854.311837822,28562332.633928206,32051013.56664402,6573496.385000605,NIST_GROUND,2018_Apr_Jun_origins,fixed_period,96,power-active,24
78,4270.0,13327612.619424947,34850192.11736083,13327612.619424947,45483241.57752954,42241528.00141215,50079526.590785205,6681872.399824403,NIST_GROUND,2018_Apr_Jun_origins,fixed_period,96,power-active,24
79,9550.0,52917115.37409975,58486895.9284989,52917115.37409975,61731164.488267116,59797881.908386,67056705.90978815,68855190.06321794,NIST_GROUND,2018_Apr_Jun_origins,fixed_period,96,power-active,24
80,13871.0,25004574.886330076,27443752.069743656,25004574.886330076,39509718.973042175,37029919.72620573,42448263.66677966,70479294.70916814,NIST_GROUND,2018_Apr_Jun_origins,fixed_period,96,power-active,24
81,15152.0,19067621.83979896,25919569.328518696,19067621.83979896,22842537.66288729,21979001.270570382,22607064.52356579,33582285.04687251,NIST_GROUND,2018_Apr_Jun_origins,fixed_period,96,power-active,24
82,8089.0,13669631.890866911,10203685.391809937,13669631.890866911,23082686.977551613,17039762.632099368,24461118.498277806,31845156.095819697,NIST_GROUND,2018_Apr_Jun_origins,fixed_period,96,power-active,24
83,0.0,0.0,0.0,0.0,0.0,0.0,0.0,0.0,NIST_GROUND,2018_Apr_Jun_origins,fixed_period,96,power-active,24
84,0.0,0.0,0.0,0.0,0.0,0.0,0.0,0.0,NIST_GROUND,2018_Apr_Jun_origins,fixed_period,96,power-active,24
85,4275.0,18901345.85412807,28170930.304744333,18901345.85412807,32131529.984236177,29224294.837552045,36454061.85295621,58914409.72445524,NIST_GROUND,2018_Apr_Jun_origins,fixed_period,96,power-active,24
86,13308.0,31425938.493419006,58297738.20394952,31425938.493419006,22347246.941137757,23355848.298845284,24511334.119753875,25826176.925444316,NIST_GROUND,2018_Apr_Jun_origins,fixed_period,96,power-active,24
87,15039.0,41995231.16588026,13861459.13797868,41995231.16588026,26644949.981557462,21060784.227361362,29469427.010315962,120882259.73588656,NIST_GROUND,2018_Apr_Jun_origins,fixed_period,96,power-active,24
88,15229.0,47093473.349483304,49712337.279954776,47093473.349483304,45355930.86657351,48767281.768580206,48789169.07732869,59006462.81556608,NIST_GROUND,2018_Apr_Jun_origins,fixed_period,96,power-active,24
89,15530.0,44703132.288126536,59630597.176375985,44703132.288126536,20142698.959366195,23363132.168078016,20672718.06383133,75454265.69771093,NIST_GROUND,2018_Apr_Jun_origins,fixed_period,96,power-active,24
90,15115.0,5998738.865815242,39701961.36523534,5998738.865815242,9459786.873066766,12532281.422847793,9888943.026978066,13454699.21364356,NIST_GROUND,2018_Apr_Jun_origins,fixed_period,96,power-active,24
0,24371.0,78817243.28529432,54065049.771591984,78817243.28529432,57954718.456587985,53401319.709904484,55603496.39584546,195975618.58970952,NIST_GROUND,2018_Apr_Jun_origins,fixed_period,96,power-active,48
1,25531.0,105415913.44253926,79764620.77949266,105415913.44253926,83028551.87455945,78353105.70825371,76986699.7595512,159614333.35299945,NIST_GROUND,2018_Apr_Jun_origins,fixed_period,96,power-active,48
2,26979.0,69472661.57131764,186423301.40258273,69472661.57131764,108508793.8780889,115568844.76859841,107025364.84105878,112233555.40161738,NIST_GROUND,2018_Apr_Jun_origins,fixed_period,96,power-active,48
3,25524.0,142839590.65888748,140102856.01044944,142839590.65888748,70856355.16202022,79924744.46882343,70958234.6655438,271388532.7050436,NIST_GROUND,2018_Apr_Jun_origins,fixed_period,96,power-active,48
4,25009.0,189062644.01593158,149855925.89750302,189062644.01593158,119496547.36469378,126051710.16193056,124405610.83691989,398689152.6861894,NIST_GROUND,2018_Apr_Jun_origins,fixed_period,96,power-active,48
5,26843.0,66567056.37140072,133897608.83569087,66567056.37140072,109713750.90174797,112310628.8750223,106083319.6104164,119218813.13954985,NIST_GROUND,2018_Apr_Jun_origins,fixed_period,96,power-active,48
6,27566.0,26106728.65786604,139608031.3454449,26106728.65786604,50817108.55357653,58796854.76998264,52259390.0682628,39338049.0592924,NIST_GROUND,2018_Apr_Jun_origins,fixed_period,96,power-active,48
7,24240.0,90463644.0093226,28973233.863352045,90463644.0093226,44342805.839174196,40605824.07958159,51328177.70775504,207376519.24276772,NIST_GROUND,2018_Apr_Jun_origins,fixed_period,96,power-active,48
8,26661.0,116111793.71841684,117869402.85667808,116111793.71841684,47111935.06398978,52870903.894706406,49682154.999351494,201131386.176571,NIST_GROUND,2018_Apr_Jun_origins,fixed_period,96,power-active,48
9,27708.0,164894521.33685032,211047466.26119208,164894521.33685032,106091072.26414336,114553821.33432649,109174119.13933931,307108994.4105007,NIST_GROUND,2018_Apr_Jun_origins,fixed_period,96,power-active,48
10,28906.0,15965242.506561793,147453973.809852,15965242.506561793,44988766.32645218,53538821.220777765,49285947.497272246,32868520.89658749,NIST_GROUND,2018_Apr_Jun_origins,fixed_period,96,power-active,48
11,27520.0,51206180.91812476,80774876.60565528,51206180.91812476,52610410.848339796,49727075.36033908,51975369.73504336,113065391.61421895,NIST_GROUND,2018_Apr_Jun_origins,fixed_period,96,power-active,48
12,27696.0,128650667.55951767,118605724.18422984,128650667.55951767,48070114.0045367,52178961.85640207,52201437.48045507,248239113.70605075,NIST_GROUND,2018_Apr_Jun_origins,fixed_period,96,power-active,48
13,27301.0,162962796.43844214,127425925.4375551,162962796.43844214,84446648.35524736,81997751.59407118,75446182.99925524,308022808.0257566,NIST_GROUND,2018_Apr_Jun_origins,fixed_period,96,power-active,48
14,28465.0,111922467.00253583,185724401.39126578,111922467.00253583,79000046.00063223,87137600.68408544,84549868.29594968,171688283.33353433,NIST_GROUND,2018_Apr_Jun_origins,fixed_period,96,power-active,48
15,29053.0,9696955.203862354,135865807.20230725,9696955.203862354,29066944.60519542,38283522.171592385,34674931.587913476,3570022.9537340393,NIST_GROUND,2018_Apr_Jun_origins,fixed_period,96,power-active,48
16,27116.0,29151636.31493836,101662346.15532388,29151636.31493836,50560281.87012135,53183208.46967091,46582132.32261597,35575435.6079537,NIST_GROUND,2018_Apr_Jun_origins,fixed_period,96,power-active,48
17,27036.0,68543841.40567262,51627745.33017776,68543841.40567262,59924548.10723692,54567752.576172896,65805645.46975228,128241857.09720095,NIST_GROUND,2018_Apr_Jun_origins,fixed_period,96,power-active,48
18,29388.0,82678691.15912353,143110241.69765344,82678691.15912353,59658606.59464686,68970140.12580942,61203923.85226862,137477798.92240438,NIST_GROUND,2018_Apr_Jun_origins,fixed_period,96,power-active,48
19,27223.0,55229339.43339264,144572913.99614236,55229339.43339264,102713328.65467721,107675672.00654602,113377546.23494582,97799440.53282177,NIST_GROUND,2018_Apr_Jun_origins,fixed_period,96,power-active,48
20,29325.0,63631646.55487031,127174595.79657769,63631646.55487031,60110495.41636309,71017986.73050629,57423416.1552436,102356204.47515993,NIST_GROUND,2018_Apr_Jun_origins,fixed_period,96,power-active,48
21,26284.0,148734931.21441996,83238397.53507046,148734931.21441996,80862590.21037677,77743707.39915016,79445469.23901844,312521402.7954422,NIST_GROUND,2018_Apr_Jun_origins,fixed_period,96,power-active,48
22,27332.0,76414127.14262572,77286797.46999454,76414127.14262572,52491085.54589243,52857900.77301197,52850365.674520664,181248965.03294593,NIST_GROUND,2018_Apr_Jun_origins,fixed_period,96,power-active,48
23,26863.0,7957220.639435061,23899290.21838354,7957220.639435061,28493142.422000676,20067203.14972492,36051521.15779221,11174378.665500613,NIST_GROUND,2018_Apr_Jun_origins,fixed_period,96,power-active,48
24,13829.0,2514342.2803650093,11217103.294944767,2514342.2803650093,7835708.913275566,5364705.80531649,8322489.952147642,2733480.7825940396,NIST_GROUND,2018_Apr_Jun_origins,fixed_period,96,power-active,48
25,12214.0,22496228.453265585,31858375.124760892,22496228.453265585,25012252.046597693,22145244.904872146,23695127.69471816,43714990.52540973,NIST_GROUND,2018_Apr_Jun_origins,fixed_period,96,power-active,48
26,29952.0,97172706.4888289,124128327.47817998,97172706.4888289,57408074.4941544,67000290.36064883,57698275.88405377,171782726.18651822,NIST_GROUND,2018_Apr_Jun_origins,fixed_period,96,power-active,48
27,30380.0,32720945.92465744,117961681.65599465,32720945.92465744,37925242.80278135,44865281.348625004,39064540.89501296,41900845.94621096,NIST_GROUND,2018_Apr_Jun_origins,fixed_period,96,power-active,48
28,28785.0,60873917.41359887,76051144.80898342,60873917.41359887,51815265.25514372,53106162.17361023,48493786.85095575,129554527.2196675,NIST_GROUND,2018_Apr_Jun_origins,fixed_period,96,power-active,48
29,28293.0,50392432.43934765,45025536.93293334,50392432.43934765,53829906.29171635,50194503.692329295,56307480.4548566,85324805.75295298,NIST_GROUND,2018_Apr_Jun_origins,fixed_period,96,power-active,48
30,27615.0,74836501.9206407,81971795.09960106,74836501.9206407,63220168.52599634,65472794.82538726,56621722.881099746,127696833.992044,NIST_GROUND,2018_Apr_Jun_origins,fixed_period,96,power-active,48
31,26793.0,69178998.4613959,60269555.56803059,69178998.4613959,59135207.48211374,50146173.008549534,63284739.13484104,140069445.2926155,NIST_GROUND,2018_Apr_Jun_origins,fixed_period,96,power-active,48
32,30336.0,127444509.56647184,117776900.41512911,127444509.56647184,80154698.43191354,85738527.83342843,78312120.94692656,234239937.09307453,NIST_GROUND,2018_Apr_Jun_origins,fixed_period,96,power-active,48
33,30803.0,63681555.9271853,121091697.65587136,63681555.9271853,74001350.90637401,81380330.11333187,77902350.69518363,100749708.22994615,NIST_GROUND,2018_Apr_Jun_origins,fixed_period,96,power-active,48
34,30023.0,41220735.08656539,76619828.5494514,41220735.08656539,54666171.547533326,54991667.27376196,54483260.462418325,69183226.01036985,NIST_GROUND,2018_Apr_Jun_origins,fixed_period,96,power-active,48
35,28970.0,43266738.47728074,37142654.447861105,43266738.47728074,41585365.73402496,34021753.3736845,48404166.27013548,105794400.48103711,NIST_GROUND,2018_Apr_Jun_origins,fixed_period,96,power-active,48
36,30269.0,118622197.48404008,98653570.36277184,118622197.48404008,45283067.33685118,52419981.02263325,44265061.39923599,246679335.93150118,NIST_GROUND,2018_Apr_Jun_origins,fixed_period,96,power-active,48
37,28865.0,48573635.42048868,151289292.6860001,48573635.42048868,76444652.26734304,87068490.68733372,75511010.6036402,64311725.61747633,NIST_GROUND,2018_Apr_Jun_origins,fixed_period,96,power-active,48
38,13566.0,13269004.06242678,62017283.60981873,13269004.06242678,41102952.7635378,43090754.769492485,44693418.59387613,10669722.83041599,NIST_GROUND,2018_Apr_Jun_origins,fixed_period,96,power-active,48
39,13820.0,66244727.99352468,93337088.04585968,66244727.99352468,107214406.06579655,102039409.90979828,117136232.50057347,75537062.46304232,NIST_GROUND,2018_Apr_Jun_origins,fixed_period,96,power-active,48
40,29023.0,44072196.726129055,53363321.398262344,44072196.726129055,62352256.635929435,59008920.99677616,65055328.19034543,104061579.7560407,NIST_GROUND,2018_Apr_Jun_origins,fixed_period,96,power-active,48
41,8089.0,13669631.890866911,10203685.391809937,13669631.890866911,23082686.977551613,17039762.632099368,24461118.498277806,31845156.095819697,NIST_GROUND,2018_Apr_Jun_origins,fixed_period,96,power-active,48
42,4275.0,18901345.85412807,28170930.304744333,18901345.85412807,32131529.984236177,29224294.837552045,36454061.85295621,58914409.72445524,NIST_GROUND,2018_Apr_Jun_origins,fixed_period,96,power-active,48
43,28347.0,73421169.65929924,72159197.3419282,73421169.65929924,48992196.92269529,44416632.52620663,53980761.13006987,146708436.66133076,NIST_GROUND,2018_Apr_Jun_origins,fixed_period,96,power-active,48
44,30759.0,91796605.6376099,109342934.45633073,91796605.6376099,65498629.82593968,72130413.93665822,69461887.14115998,134460728.51327708,NIST_GROUND,2018_Apr_Jun_origins,fixed_period,96,power-active,48
45,15115.0,5998738.865815242,39701961.36523534,5998738.865815242,9459786.873066766,12532281.422847793,9888943.026978066,13454699.21364356,NIST_GROUND,2018_Apr_Jun_origins,fixed_period,96,power-active,48
0,36855.0,94073446.19654757,63749270.620515876,94073446.19654757,73565305.78165889,65285103.80762216,71135943.77379537,228413998.61552277,NIST_GROUND,2018_Apr_Jun_origins,fixed_period,96,power-active,72
1,40026.0,159632372.10260344,256503701.33315158,159632372.10260344,175926758.42757726,182038166.3791346,168479617.2226598,239409508.72880346,NIST_GROUND,2018_Apr_Jun_origins,fixed_period,96,power-active,72
2,37160.0,215687248.53835058,174849708.3591884,215687248.53835058,123967084.4410353,130672968.89947505,123230861.69373338,463109320.51966095,NIST_GROUND,2018_Apr_Jun_origins,fixed_period,96,power-active,72
3,40216.0,182782042.50786942,249006682.384455,182782042.50786942,176099568.98742643,187614114.60630113,178216303.41914684,326187178.0111221,NIST_GROUND,2018_Apr_Jun_origins,fixed_period,96,power-active,72
4,40140.0,107841231.63000208,151334422.7444754,107841231.63000208,86745632.57644933,91332635.02709678,95450213.11212714,233331089.05930027,NIST_GROUND,2018_Apr_Jun_origins,fixed_period,96,power-active,72
5,38327.0,124840934.7556034,135116245.32100004,124840934.7556034,55526216.88029123,60940947.71717388,57819509.663242206,214514865.41933066,NIST_GROUND,2018_Apr_Jun_origins,fixed_period,96,power-active,72
6,42133.0,169549384.88397464,294125693.9980777,169549384.88397464,121338958.08304413,133422623.69256544,128509902.37909764,318853022.5133643,NIST_GROUND,2018_Apr_Jun_origins,fixed_period,96,power-active,72
7,42001.0,62516559.877562515,145150622.67862138,62516559.877562515,82351291.35589129,84397094.22287801,81925533.99255738,134189884.40794303,NIST_GROUND,2018_Apr_Jun_origins,fixed_period,96,power-active,72
8,40742.0,196492878.99043047,145827692.8639249,196492878.99043047,83949805.70549312,84517131.09606752,85679615.72079587,422701629.93256116,NIST_GROUND,2018_Apr_Jun_origins,fixed_period,96,power-active,72
9,42720.0,207043052.01006562,285928358.1491257,207043052.01006562,127567002.65492314,136797183.0384912,126517873.05486403,305248575.1327793,NIST_GROUND,2018_Apr_Jun_origins,fixed_period,96,power-active,72
10,43739.0,14781057.261357073,186620067.95579687,14781057.261357073,41797795.94917905,55196566.6922056,49042031.267336704,4676747.616489119,NIST_GROUND,2018_Apr_Jun_origins,fixed_period,96,power-active,72
11,39466.0,92611375.66311622,102535830.73201206,92611375.66311622,97753978.63337466,90837916.52523062,98020678.11294498,162710568.04239944,NIST_GROUND,2018_Apr_Jun_origins,fixed_period,96,power-active,72
12,43902.0,104985876.73496336,209468580.29789904,104985876.73496336,89933736.4343221,103269940.82887794,93650093.34445742,162292919.2642091,NIST_GROUND,2018_Apr_Jun_origins,fixed_period,96,power-active,72
13,42034.0,96553800.41242309,205389171.19247416,96553800.41242309,132548694.23136504,144393858.0339836,138354792.89800078,175340524.6661769,NIST_GROUND,2018_Apr_Jun_origins,fixed_period,96,power-active,72
14,40631.0,169894187.91442183,142549741.31689373,169894187.91442183,111897652.93500401,115178876.01149559,108938154.00099184,341622333.1793749,NIST_GROUND,2018_Apr_Jun_origins,fixed_period,96,power-active,72
15,39848.0,63212091.08205892,41874743.90655495,63212091.08205892,49949165.24326605,35489935.31039135,59409202.070339404,163322413.3145137,NIST_GROUND,2018_Apr_Jun_origins,fixed_period,96,power-active,72
16,13829.0,2514342.2803650093,11217103.294944767,2514342.2803650093,7835708.913275566,5364705.80531649,8322489.952147642,2733480.7825940396,NIST_GROUND,2018_Apr_Jun_origins,fixed_period,96,power-active,72
17,42166.0,119668934.94209455,155986702.60294113,119668934.94209455,82420326.54075205,89145535.26552102,81393403.57877192,215497716.71192798,NIST_GROUND,2018_Apr_Jun_origins,fixed_period,96,power-active,72
18,44657.0,52594393.150118634,172394154.64646733,52594393.150118634,66874491.805837266,78514784.48328833,67807015.4138589,70541817.28060333,NIST_GROUND,2018_Apr_Jun_origins,fixed_period,96,power-active,72
19,42801.0,91392902.62748542,66644208.751444094,91392902.62748542,76695922.54380415,69651162.73127602,76058792.78696631,186238361.63822785,NIST_GROUND,2018_Apr_Jun_origins,fixed_period,96,power-active,72
20,40514.0,113442808.4194332,124061339.00083882,113442808.4194332,98162416.33481137,97288441.87619548,90455633.78241631,202636671.10307157,NIST_GROUND,2018_Apr_Jun_origins,fixed_period,96,power-active,72
21,44230.0,158017201.52907518,135956912.08192194,158017201.52907518,104347658.10521246,104069053.79116964,107762949.18045112,299369545.27466226,NIST_GROUND,2018_Apr_Jun_origins,fixed_period,96,power-active,72
22,45916.0,74101422.67954668,154569884.89626887,74101422.67954668,87681878.78479722,96471455.36271508,92658661.77316524,126546028.02378024,NIST_GROUND,2018_Apr_Jun_origins,fixed_period,96,power-active,72
23,43880.0,74067606.81148487,80284295.7569152,74067606.81148487,82571009.4031351,73922295.39806345,88131115.65457249,149181306.69757292,NIST_GROUND,2018_Apr_Jun_origins,fixed_period,96,power-active,72
24,44844.0,158773160.5368256,179185470.74975827,158773160.5368256,90087215.64478236,102585623.87520695,91884830.80286698,309136255.5513119,NIST_GROUND,2018_Apr_Jun_origins,fixed_period,96,power-active,72
25,27856.0,21691676.43012999,132774675.90883258,21691676.43012999,72743456.72294973,79993602.6042525,72584659.79388535,12524528.828081988,NIST_GROUND,2018_Apr_Jun_origins,fixed_period,96,power-active,72
26,27691.0,91249302.87985472,120780840.11560334,91249302.87985472,146724125.03883868,139069329.63600397,159584496.167353,146016357.17221057,NIST_GROUND,2018_Apr_Jun_origins,fixed_period,96,power-active,72
27,23241.0,32737253.730665874,36123254.720328666,32737253.730665874,45925224.6404389,39018763.902669735,47068183.02184361,65427441.14269224,NIST_GROUND,2018_Apr_Jun_origins,fixed_period,96,power-active,72
28,17583.0,50327284.34754707,86468668.50869389,50327284.34754707,54478776.92537397,52580143.136397354,60965395.97271008,84740586.64989959,NIST_GROUND,2018_Apr_Jun_origins,fixed_period,96,power-active,72
29,45798.0,133791836.80349012,123204393.5943094,133791836.80349012,92143579.8074974,93191198.16401964,98931314.15147595,255342988.24916318,NIST_GROUND,2018_Apr_Jun_origins,fixed_period,96,power-active,72
30,15115.0,5998738.865815242,39701961.36523534,5998738.865815242,9459786.873066766,12532281.422847793,9888943.026978066,13454699.21364356,NIST_GROUND,2018_Apr_Jun_origins,fixed_period,96,power-active,72
0,14562.0,2371061.0857974305,17787506.671648618,2371061.0857974305,4884703.4256310975,3240732.9454380358,3514335.4391494705,13002.942983640003,NIST_GROUND,2018_Apr_Jun_origins,fixed_period,96,low-power,24
1,15694.0,1748293.4071825682,10497874.292124774,1748293.4071825682,4750410.21399062,2964629.9262661575,3339456.770060592,146106.91848636,NIST_GROUND,2018_Apr_Jun_origins,fixed_period,96,low-power,24
2,14589.0,1830840.400673244,19266620.786451507,1830840.400673244,2328605.750582629,1644899.2816101846,1535638.346769944,43479.32795384005,NIST_GROUND,2018_Apr_Jun_origins,fixed_period,96,low-power,24
3,14409.0,6662569.200942279,11456853.352544155,6662569.200942279,4497624.190649276,3187879.0039400295,3242748.0113710538,360703.0495788795,NIST_GROUND,2018_Apr_Jun_origins,fixed_period,96,low-power,24
4,14035.0,953437.3776313321,5880367.660436524,953437.3776313321,1459672.3758720313,859618.3653346823,711813.7886550323,828.2966968800008,NIST_GROUND,2018_Apr_Jun_origins,fixed_period,96,low-power,24
5,14282.0,2639717.373996914,14244843.888915543,2639717.373996914,2200377.3880704693,1658011.9609419093,1478177.6410664422,23745.64919088,NIST_GROUND,2018_Apr_Jun_origins,fixed_period,96,low-power,24
6,15417.0,1103445.3122224838,10967884.815577174,1103445.3122224838,5080908.897097683,3331729.5472029154,3871458.158868768,212669.86136927956,NIST_GROUND,2018_Apr_Jun_origins,fixed_period,96,low-power,24
7,13718.0,1278734.4022708104,6371031.546174014,1278734.4022708104,3334938.151340952,2461602.7740573394,2242660.388224091,8467.294416240004,NIST_GROUND,2018_Apr_Jun_origins,fixed_period,96,low-power,24
8,15372.0,2317321.878242932,12309531.06509611,2317321.878242932,3539720.437691745,2123503.5990084894,2335170.1607407024,1243786.5958451221,NIST_GROUND,2018_Apr_Jun_origins,fixed_period,96,low-power,24
9,13512.0,1273851.2345841518,5630664.114703353,1273851.2345841518,1136843.8135692594,785744.9215194766,719522.5679873248,7677.352661400006,NIST_GROUND,2018_Apr_Jun_origins,fixed_period,96,low-power,24
10,13971.0,1408568.3406615993,8446402.471297733,1408568.3406615993,5681382.185184905,3644368.1762693515,3714708.014023692,24406.055997999934,NIST_GROUND,2018_Apr_Jun_origins,fixed_period,96,low-power,24
11,14035.0,1497114.5589081363,9976622.694090156,1497114.5589081363,3802399.397124601,2200696.4507690463,2429239.580280192,609.4971378000024,NIST_GROUND,2018_Apr_Jun_origins,fixed_period,96,low-power,24
12,13593.0,872060.4869226863,9804227.815427564,872060.4869226863,2137849.546094267,1501448.9038940421,1671985.620296184,303.3406575599987,NIST_GROUND,2018_Apr_Jun_origins,fixed_period,96,low-power,24
13,13251.0,1021504.7353560742,8595242.86218133,1021504.7353560742,1690397.44162643,2068968.0911718365,1130057.8192120388,510.2368630800022,NIST_GROUND,2018_Apr_Jun_origins,fixed_period,96,low-power,24
14,14178.0,2521222.6332525536,20425899.626280915,2521222.6332525536,1913057.071944661,1766130.3916484332,1673306.0866216663,111289.92700644008,NIST_GROUND,2018_Apr_Jun_origins,fixed_period,96,low-power,24
15,14961.0,3709578.4710045354,18233065.47334023,3709578.4710045354,2857250.202733214,2540758.6732765376,2332637.6151757645,129391.09658175994,NIST_GROUND,2018_Apr_Jun_origins,fixed_period,96,low-power,24
16,14261.0,2221590.408246007,10757087.24586951,2221590.408246007,2342439.4992984743,2221461.9036358465,1427020.48251945,1301.6468866399957,NIST_GROUND,2018_Apr_Jun_origins,fixed_period,96,low-power,24
17,13548.0,1887174.2605980716,10641182.338214109,1887174.2605980716,1917528.1685615294,1085633.4086570789,1362727.8270272291,97914.29748919999,NIST_GROUND,2018_Apr_Jun_origins,fixed_period,96,low-power,24
18,13884.0,3515809.9147504023,12843732.617308434,3515809.9147504023,4438449.033496074,3045220.6550262566,3073975.6298837084,3503628.875418856,NIST_GROUND,2018_Apr_Jun_origins,fixed_period,96,low-power,24
19,13512.0,1336282.5892777783,4346704.346044517,1336282.5892777783,1390655.380472652,907836.5621970351,878001.9134443084,4737.056679319999,NIST_GROUND,2018_Apr_Jun_origins,fixed_period,96,low-power,24
20,13223.0,1721605.6049395422,8655424.068473706,1721605.6049395422,1457986.3346433523,859213.7995690997,711586.558574078,360.8595984000009,NIST_GROUND,2018_Apr_Jun_origins,fixed_period,96,low-power,24
21,13167.0,789033.0741153824,7969130.7126716385,789033.0741153824,1043137.0603993598,665540.6139004024,561104.5258088505,2499.860974960003,NIST_GROUND,2018_Apr_Jun_origins,fixed_period,96,low-power,24
22,13047.0,740917.540494405,8545001.85580651,740917.540494405,910314.7409023009,761816.5693677913,622986.9090234764,29313.518441480006,NIST_GROUND,2018_Apr_Jun_origins,fixed_period,96,low-power,24
23,14441.0,2164567.2308134516,17709439.522250786,2164567.2308134516,1348137.3947920694,782095.2754738437,810549.2123044039,146055.26912784012,NIST_GROUND,2018_Apr_Jun_origins,fixed_period,96,low-power,24
24,13738.0,2350644.903413208,19375934.207319222,2350644.903413208,1135251.7821208986,656234.0959565631,840912.54825088,4849.920252279993,NIST_GROUND,2018_Apr_Jun_origins,fixed_period,96,low-power,24
25,13478.0,2683463.980483354,10328953.561922714,2683463.980483354,1010766.9722529465,774983.8723487221,709011.4828223698,182391.1708488,NIST_GROUND,2018_Apr_Jun_origins,fixed_period,96,low-power,24
26,14410.0,3322842.8932752237,15179042.703902686,3322842.8932752237,3833152.311280966,2477833.639958474,2552428.540213844,1280600.6981413164,NIST_GROUND,2018_Apr_Jun_origins,fixed_period,96,low-power,24
27,13393.0,2147724.215490064,11746428.508730512,2147724.215490064,677252.620448238,674234.3545913916,522298.22888875316,16518.101994559984,NIST_GROUND,2018_Apr_Jun_origins,fixed_period,96,low-power,24
28,13440.0,1701162.2674513743,5307024.799421327,1701162.2674513743,1106747.1338531682,777250.356769972,714924.3742430954,4746.716249879999,NIST_GROUND,2018_Apr_Jun_origins,fixed_period,96,low-power,24
29,13391.0,1755542.7761496995,7987398.420703916,1755542.7761496995,1441859.1975072774,987675.6209220457,888691.9832896905,289.9536006800011,NIST_GROUND,2018_Apr_Jun_origins,fixed_period,96,low-power,24
30,13273.0,1523411.3739588757,8620493.088284247,1523411.3739588757,1558945.8033886165,1088328.1826686256,794316.9431550963,425.0416873600002,NIST_GROUND,2018_Apr_Jun_origins,fixed_period,96,low-power,24
31,12778.0,887335.7316575946,8798612.537004763,887335.7316575946,1525678.4476323116,992305.8391565285,819140.3675060926,363.69711987999835,NIST_GROUND,2018_Apr_Jun_origins,fixed_period,96,low-power,24
32,12866.0,821168.0160270894,7412692.004851269,821168.0160270894,864301.645484592,710203.3078633914,635046.110105663,3096.959054879999,NIST_GROUND,2018_Apr_Jun_origins,fixed_period,96,low-power,24
33,14645.0,3662801.08031373,16086537.116703406,3662801.08031373,4352556.321527978,3496356.4755027764,3049261.9658299824,791427.3576371989,NIST_GROUND,2018_Apr_Jun_origins,fixed_period,96,low-power,24
34,14330.0,2065012.6857562514,18124830.934804253,2065012.6857562514,2457040.000600336,1575369.300583992,1708394.46339811,1819.069652919996,NIST_GROUND,2018_Apr_Jun_origins,fixed_period,96,low-power,24
35,13450.0,2196258.473633944,14911129.426899968,2196258.473633944,1728068.7464213648,1023472.3189995738,1020453.1236373348,1049.1995310799994,NIST_GROUND,2018_Apr_Jun_origins,fixed_period,96,low-power,24
36,12837.0,609983.8286582328,7330425.031587527,609983.8286582328,429808.7337751789,386043.8937199482,319182.69281552447,1022.9164430399989,NIST_GROUND,2018_Apr_Jun_origins,fixed_period,96,low-power,24
37,12592.0,924446.2292348384,8050080.379260023,924446.2292348384,1146936.0714644429,969608.6865957216,714598.9118674842,271.7838295600013,NIST_GROUND,2018_Apr_Jun_origins,fixed_period,96,low-power,24
38,7086.0,1398949.1241177667,4996112.882904521,1398949.1241177667,953080.6259261695,1163008.9362947186,871330.2198512553,29.733974080000067,NIST_GROUND,2018_Apr_Jun_origins,fixed_period,96,low-power,24
39,7118.0,12594464.825708529,7299673.248630944,12594464.825708529,1535411.7961524504,1518247.5891109027,1264886.3986548,205821.64152632002,NIST_GROUND,2018_Apr_Jun_origins,fixed_period,96,low-power,24
40,11901.0,1740116.0809222823,6114387.078455146,1740116.0809222823,522448.9331626782,360717.5907036812,266104.21201313456,74820.38874192013,NIST_GROUND,2018_Apr_Jun_origins,fixed_period,96,low-power,24
41,12662.0,1567499.1182048484,9862512.138742203,1567499.1182048484,1560226.9659652056,1229738.452742161,886501.5610721539,273.4005072799993,NIST_GROUND,2018_Apr_Jun_origins,fixed_period,96,low-power,24
42,14208.0,2446265.6473062187,23017710.633148566,2446265.6473062187,814523.5219094417,559734.0405043296,533799.000128085,136332.49528279973,NIST_GROUND,2018_Apr_Jun_origins,fixed_period,96,low-power,24
43,14698.0,5573113.011804561,23210691.667090535,5573113.011804561,5547477.899885776,4182523.6788216056,3950564.915313108,35947.577683719835,NIST_GROUND,2018_Apr_Jun_origins,fixed_period,96,low-power,24
44,13301.0,1119629.6726323464,12335861.114646466,1119629.6726323464,1095937.4853679633,656218.5505427818,809950.4205419505,42014.31917032001,NIST_GROUND,2018_Apr_Jun_origins,fixed_period,96,low-power,24
45,14471.0,2776645.529038425,23174205.63707702,2776645.529038425,1633383.8918760824,1270849.2920706798,1519967.1095883362,433333.74513944174,NIST_GROUND,2018_Apr_Jun_origins,fixed_period,96,low-power,24
46,13323.0,2439967.9735883474,19962167.5131769,2439967.9735883474,869906.5367638308,566811.7190404962,649814.5103098388,332.5391303599988,NIST_GROUND,2018_Apr_Jun_origins,fixed_period,96,low-power,24
47,14631.0,4011083.6955703245,21977292.140026003,4011083.6955703245,895489.8661167957,666734.3734418349,788403.3571456296,127541.4314797602,NIST_GROUND,2018_Apr_Jun_origins,fixed_period,96,low-power,24
48,13531.0,2218782.9739263663,22598906.078492116,2218782.9739263663,1048603.4324214375,747310.0308323995,775763.3849484486,17676.702850160018,NIST_GROUND,2018_Apr_Jun_origins,fixed_period,96,low-power,24
49,27552.0,33470786.882991288,110831820.27795212,33470786.882991288,67007726.04033426,58778517.69940431,64210133.98905878,18984983.05201343,NIST_GROUND,2018_Apr_Jun_origins,fixed_period,96,low-power,24
50,27648.0,20784653.34703274,128499391.39596024,20784653.34703274,137079396.73224288,124370616.26247208,125951908.92602585,0.0,NIST_GROUND,2018_Apr_Jun_origins,fixed_period,96,low-power,24
51,15434.0,4876536.6366326315,25398759.671144925,4876536.6366326315,6933999.899476477,5124859.39984153,6316373.406625208,1408.5274832400007,NIST_GROUND,2018_Apr_Jun_origins,fixed_period,96,low-power,24
52,12643.0,2372274.2556508034,7482084.708318452,2372274.2556508034,385956.4428967556,422875.88283741154,332638.3576915393,2005.2856285199937,NIST_GROUND,2018_Apr_Jun_origins,fixed_period,96,low-power,24
53,12509.0,1259110.6929194804,7749872.77799035,1259110.6929194804,460088.53601540957,571163.9254561979,401057.45567597635,315.78839627999963,NIST_GROUND,2018_Apr_Jun_origins,fixed_period,96,low-power,24
54,12390.0,721050.4755522128,7317842.378005589,721050.4755522128,814963.5596544559,740767.8166862298,460931.3392025107,249.90170204000052,NIST_GROUND,2018_Apr_Jun_origins,fixed_period,96,low-power,24
55,12430.0,2924592.1495198985,18142923.01125784,2924592.1495198985,1190177.084306653,1093378.202314168,1207872.9855357013,1864594.5920546027,NIST_GROUND,2018_Apr_Jun_origins,fixed_period,96,low-power,24
56,13371.0,922701.6090856573,13157013.67471915,922701.6090856573,505532.5841792573,362332.2010205995,299385.73524130887,125968.6002104401,NIST_GROUND,2018_Apr_Jun_origins,fixed_period,96,low-power,24
57,13140.0,2297138.1952343313,16516447.679813398,2297138.1952343313,1072944.1397286982,722755.0389672657,722166.981763077,69128.64589479948,NIST_GROUND,2018_Apr_Jun_origins,fixed_period,96,low-power,24
58,12374.0,826360.5503171027,9154169.861298874,826360.5503171027,457050.79765667033,383419.76378787175,337985.4526322553,9822.412006760009,NIST_GROUND,2018_Apr_Jun_origins,fixed_period,96,low-power,24
59,14225.0,2643252.241373653,22682767.53196511,2643252.241373653,1202064.6815098708,971251.3199069641,1005742.5558239578,346910.3025406009,NIST_GROUND,2018_Apr_Jun_origins,fixed_period,96,low-power,24
60,15030.0,8726450.651678363,34944404.867552504,8726450.651678363,6618062.230413647,5326518.893454413,5758154.348243398,1163464.2960330776,NIST_GROUND,2018_Apr_Jun_origins,fixed_period,96,low-power,24
61,12288.0,779565.7974547535,4841700.433467384,779565.7974547535,507809.5160303853,341050.8578435201,310990.8653039109,533.8461648400034,NIST_GROUND,2018_Apr_Jun_origins,fixed_period,96,low-power,24
62,14749.0,5857604.055301148,28481691.47838592,5857604.055301148,2068214.170862256,1707729.3314201678,1813419.4783668472,2948158.845886041,NIST_GROUND,2018_Apr_Jun_origins,fixed_period,96,low-power,24
63,13754.0,3597035.8953566556,26886029.307197373,3597035.8953566556,1434260.4635521348,946693.0156196278,1133349.5843055414,480476.5770337602,NIST_GROUND,2018_Apr_Jun_origins,fixed_period,96,low-power,24
64,12603.0,1994757.340984921,10125762.02290671,1994757.340984921,573088.2557606999,533055.8423165648,317670.3884918821,3630.1173278000033,NIST_GROUND,2018_Apr_Jun_origins,fixed_period,96,low-power,24
65,12357.0,1078745.3245868562,7257457.179351483,1078745.3245868562,704721.6642978553,593203.8797308513,357867.7733932369,8349.695122079993,NIST_GROUND,2018_Apr_Jun_origins,fixed_period,96,low-power,24
66,12170.0,940418.3134695044,9988290.796964578,940418.3134695044,657409.5556955936,503014.2567897148,447673.6086917449,790.6261333599992,NIST_GROUND,2018_Apr_Jun_origins,fixed_period,96,low-power,24
67,12064.0,851411.621024008,5151875.901953881,851411.621024008,290175.7028198554,313756.01013179356,210825.05586566383,1830.6160926800035,NIST_GROUND,2018_Apr_Jun_origins,fixed_period,96,low-power,24
68,11882.0,748277.1514711267,6008469.750455798,748277.1514711267,632160.638674777,595950.5786551185,444030.53957640915,260.2001726000001,NIST_GROUND,2018_Apr_Jun_origins,fixed_period,96,low-power,24
69,12310.0,2958681.655228309,11952644.719083674,2958681.655228309,1946229.1658467406,1610087.1013023257,1421723.1623343052,195430.67353931995,NIST_GROUND,2018_Apr_Jun_origins,fixed_period,96,low-power,24
70,13054.0,2968041.149871932,19978815.083675183,2968041.149871932,503426.3975785412,557523.9724710656,437214.77727328613,64649.09153947998,NIST_GROUND,2018_Apr_Jun_origins,fixed_period,96,low-power,24
71,13176.0,2822674.5705157956,17454029.620621704,2822674.5705157956,880097.7204284711,549238.0716418651,632145.9780896244,73880.39312823956,NIST_GROUND,2018_Apr_Jun_origins,fixed_period,96,low-power,24
72,12576.0,1158410.7030731793,8738850.787235841,1158410.7030731793,563937.7964922315,412845.4416251936,331593.78280473565,2117.9075359999993,NIST_GROUND,2018_Apr_Jun_origins,fixed_period,96,low-power,24
73,11861.0,858131.3092952918,8372709.498953843,858131.3092952918,950419.8359097802,1188865.2617179872,919772.1032046335,197751.04148167977,NIST_GROUND,2018_Apr_Jun_origins,fixed_period,96,low-power,24
74,11965.0,1543492.3845732687,6744899.91443667,1543492.3845732687,854589.6917124894,829337.9300197971,631790.2037129052,6972.436355119996,NIST_GROUND,2018_Apr_Jun_origins,fixed_period,96,low-power,24
75,12032.0,1466170.3385022392,7237565.61541475,1466170.3385022392,1335145.6336962136,1500238.2048276523,998441.6530978173,1255.741186640002,NIST_GROUND,2018_Apr_Jun_origins,fixed_period,96,low-power,24
76,5647.0,2461335.252123043,5285917.404253619,2461335.252123043,660222.9215480946,881294.5509106519,660878.1932806788,96.93659960000006,NIST_GROUND,2018_Apr_Jun_origins,fixed_period,96,low-power,24
77,2618.0,2489177.5747610647,2255741.227948933,2489177.5747610647,403806.32532929396,862256.4368902295,411740.8961549846,1537.0326568800008,NIST_GROUND,2018_Apr_Jun_origins,fixed_period,96,low-power,24
78,2406.0,3706697.2033404326,2106645.780499777,3706697.2033404326,404446.1213338133,692070.2548386162,598202.9689098169,2113.264874199993,NIST_GROUND,2018_Apr_Jun_origins,fixed_period,96,low-power,24
79,7941.0,15442276.904892158,15545812.863306005,15442276.904892158,2011361.6006930238,2524588.628792819,1722906.0695681237,13598987.594961321,NIST_GROUND,2018_Apr_Jun_origins,fixed_period,96,low-power,24
80,12420.0,3662697.307837596,14933059.466743402,3662697.307837596,847452.3991663384,829305.8920504416,547166.8738928711,93686.23292968006,NIST_GROUND,2018_Apr_Jun_origins,fixed_period,96,low-power,24
81,12496.0,1266418.170780247,10487474.774173947,1266418.170780247,699449.8305435014,438943.8692239824,486629.6669224751,59612.55589835993,NIST_GROUND,2018_Apr_Jun_origins,fixed_period,96,low-power,24
82,6778.0,11287801.693551471,15573084.379770685,11287801.693551471,7096139.394392064,7252028.255646853,9517253.792944431,13813384.54446358,NIST_GROUND,2018_Apr_Jun_origins,fixed_period,96,low-power,24
83,3318.0,10422767.426002145,4329940.37989173,10422767.426002145,939948.9030350387,1278959.358538883,825855.7254890467,5143077.01022732,NIST_GROUND,2018_Apr_Jun_origins,fixed_period,96,low-power,24
84,2665.0,6133901.856608171,3053361.2007072447,6133901.856608171,892574.7523082081,1037968.4470846518,784051.5876407628,0.0,NIST_GROUND,2018_Apr_Jun_origins,fixed_period,96,low-power,24
85,5891.0,6245149.741946802,3245649.026671428,6245149.741946802,250196.11081660617,419420.64114211214,267275.1177041206,463.0407175600011,NIST_GROUND,2018_Apr_Jun_origins,fixed_period,96,low-power,24
86,12018.0,1040723.3438359445,9582728.157524694,1040723.3438359445,309986.12978368474,401525.0107707606,228374.97393286714,79186.08900024004,NIST_GROUND,2018_Apr_Jun_origins,fixed_period,96,low-power,24
87,12609.0,1539189.5527983967,17072867.45125555,1539189.5527983967,611024.6554823794,448374.572603441,448984.5570988253,21990.89970731994,NIST_GROUND,2018_Apr_Jun_origins,fixed_period,96,low-power,24
88,12419.0,3040462.5944766854,11899310.03103946,3040462.5944766854,556611.6896320088,643004.4803832804,526776.6470501747,876.1745571599994,NIST_GROUND,2018_Apr_Jun_origins,fixed_period,96,low-power,24
89,12118.0,1442781.5942699318,6621744.352606777,1442781.5942699318,339878.99792485207,485998.4643177308,292134.46076063183,3237.9629257200004,NIST_GROUND,2018_Apr_Jun_origins,fixed_period,96,low-power,24
90,12533.0,621637.8739772275,4503741.162969397,621637.8739772275,472038.04480937537,557714.7312935275,359409.8753821308,7673.306563039999,NIST_GROUND,2018_Apr_Jun_origins,fixed_period,96,low-power,24
0,30256.0,4119354.4929800006,28285380.96377338,4119354.4929800006,9635113.639621716,6205362.871704195,6853792.20921006,159109.86146999965,NIST_GROUND,2018_Apr_Jun_origins,fixed_period,96,low-power,48
1,28998.0,8493409.601615522,30723474.138995674,8493409.601615522,6826229.9412319055,4832778.285550212,4778386.358140991,404182.37753271963,NIST_GROUND,2018_Apr_Jun_origins,fixed_period,96,low-power,48
2,28317.0,3593154.7516282448,20125211.549352065,3593154.7516282448,3660049.7639424973,2517630.3262765952,2189991.429721473,24573.945887759997,NIST_GROUND,2018_Apr_Jun_origins,fixed_period,96,low-power,48
3,29135.0,2382179.714493295,17338916.361751195,2382179.714493295,8415847.048438627,5793332.321260254,6114118.547092857,221137.15578551966,NIST_GROUND,2018_Apr_Jun_origins,fixed_period,96,low-power,48
4,28884.0,3591173.1128270864,17940195.17979947,3591173.1128270864,4676564.251261007,2909248.520527966,3054692.728728027,1251463.9485065364,NIST_GROUND,2018_Apr_Jun_origins,fixed_period,96,low-power,48
5,28006.0,2905682.8995697373,18423025.165387884,2905682.8995697373,9483781.582309503,5845064.627038397,6143947.594303885,25015.553135800026,NIST_GROUND,2018_Apr_Jun_origins,fixed_period,96,low-power,48
6,26844.0,1893565.222278761,18399470.677608874,1893565.222278761,3828246.9877206977,3570416.995065878,2802043.4395082225,813.5775206399934,NIST_GROUND,2018_Apr_Jun_origins,fixed_period,96,low-power,48
7,29139.0,6230801.10425709,38658965.09962116,6230801.10425709,4770307.274677875,4306889.064924968,4005943.701797426,240681.02358819952,NIST_GROUND,2018_Apr_Jun_origins,fixed_period,96,low-power,48
8,27809.0,4108764.6688440773,21398269.58408362,4108764.6688440773,4259967.667860001,3307095.312292926,2789748.3095466793,99215.94437583999,NIST_GROUND,2018_Apr_Jun_origins,fixed_period,96,low-power,48
9,27396.0,4852092.504028179,17190436.96335295,4852092.504028179,5829104.413968724,3953057.2172232945,3951977.543328019,3508365.9320981773,NIST_GROUND,2018_Apr_Jun_origins,fixed_period,96,low-power,48
10,26390.0,2510638.6790549275,16624554.781145336,2510638.6790549275,2501123.395042711,1524754.413469502,1272691.0843829268,2860.720573360007,NIST_GROUND,2018_Apr_Jun_origins,fixed_period,96,low-power,48
11,27488.0,2905484.771307855,26254441.378057294,2905484.771307855,2258452.1356943683,1543911.8448416346,1433536.1213278808,175368.78756932073,NIST_GROUND,2018_Apr_Jun_origins,fixed_period,96,low-power,48
12,27216.0,5034108.883896566,29704887.76924194,5034108.883896566,2146018.7543738442,1431217.9683052863,1549924.0310732496,187241.09110108,NIST_GROUND,2018_Apr_Jun_origins,fixed_period,96,low-power,48
13,27803.0,5470567.108765288,26925471.21263321,5470567.108765288,4510404.931729204,3152067.994549865,3074726.7691025957,1297118.8001358772,NIST_GROUND,2018_Apr_Jun_origins,fixed_period,96,low-power,48
14,26831.0,3456705.043601074,13294423.220125241,3456705.043601074,2548606.331360444,1764925.9776920183,1603616.357532785,5036.669850560024,NIST_GROUND,2018_Apr_Jun_origins,fixed_period,96,low-power,48
15,26051.0,2410747.10561647,17419105.625288997,2410747.10561647,3084624.251020932,2080634.0218251543,1613457.310661188,788.738807240004,NIST_GROUND,2018_Apr_Jun_origins,fixed_period,96,low-power,48
16,27511.0,4483969.09634082,23499229.12155465,4483969.09634082,5216857.967012574,4206559.78336617,3684308.0759356455,794524.3166920788,NIST_GROUND,2018_Apr_Jun_origins,fixed_period,96,low-power,48
17,27780.0,4261271.159390194,33035960.361704238,4261271.159390194,4185108.7470217007,2598841.619583564,2728847.587035444,2868.269183999997,NIST_GROUND,2018_Apr_Jun_origins,fixed_period,96,low-power,48
18,25429.0,1534430.0578930709,15380505.410847541,1534430.0578930709,1576744.805239622,1355652.5803156702,1033781.604683009,1294.7002725999955,NIST_GROUND,2018_Apr_Jun_origins,fixed_period,96,low-power,48
19,14204.0,13993413.949826296,12295786.131535482,13993413.949826296,2488492.4220786197,2681256.52540562,2136216.618506055,205851.37550040003,NIST_GROUND,2018_Apr_Jun_origins,fixed_period,96,low-power,48
20,24563.0,3307615.1991271325,15976899.217197351,3307615.1991271325,2082675.8991278836,1590456.043445843,1152605.7730852892,75093.7892491999,NIST_GROUND,2018_Apr_Jun_origins,fixed_period,96,low-power,48
21,28906.0,8019378.659110778,46228402.30023912,8019378.659110778,6362001.421795217,4742257.719325934,4484363.915441195,172280.07296652027,NIST_GROUND,2018_Apr_Jun_origins,fixed_period,96,low-power,48
22,27772.0,3896275.2016707705,35510066.75172349,3896275.2016707705,2729321.377244044,1927067.8426134607,2329917.530130285,475348.0643097622,NIST_GROUND,2018_Apr_Jun_origins,fixed_period,96,low-power,48
23,27954.0,6451051.669158673,41939459.65320287,6451051.669158673,1765396.402880625,1233546.0924823312,1438217.8674554664,127873.97061012017,NIST_GROUND,2018_Apr_Jun_origins,fixed_period,96,low-power,48
24,41083.0,35689569.85691762,133430726.35644422,35689569.85691762,68056329.47275569,59525827.73023671,64985897.374007225,19002659.75486359,NIST_GROUND,2018_Apr_Jun_origins,fixed_period,96,low-power,48
25,43082.0,25661189.983665388,153898151.06710535,25661189.983665388,144013396.63171944,129495475.66231361,132268282.33265102,1408.5274832400007,NIST_GROUND,2018_Apr_Jun_origins,fixed_period,96,low-power,48
26,25152.0,3631384.9485702817,15231957.486308796,3631384.9485702817,846044.9789121655,994039.8082936093,733695.8133675159,2321.074024799986,NIST_GROUND,2018_Apr_Jun_origins,fixed_period,96,low-power,48
27,24820.0,3645642.625072113,25460765.389263432,3645642.625072113,2005140.6439611083,1834146.019000398,1668804.3247382122,1864844.4937566426,NIST_GROUND,2018_Apr_Jun_origins,fixed_period,96,low-power,48
28,26511.0,3219839.804319989,29673461.354532525,3219839.804319989,1578476.723907955,1085087.239987865,1021552.717004386,195097.2461052396,NIST_GROUND,2018_Apr_Jun_origins,fixed_period,96,low-power,48
29,26599.0,3469612.7916907542,31836937.393263977,3469612.7916907542,1659115.479166542,1354671.0836948347,1343728.0084562134,356732.7145473609,NIST_GROUND,2018_Apr_Jun_origins,fixed_period,96,low-power,48
30,27318.0,9506016.449133124,39786105.30101987,9506016.449133124,7125871.746444034,5667569.751297931,6069145.213547316,1163998.142197911,NIST_GROUND,2018_Apr_Jun_origins,fixed_period,96,low-power,48
31,28503.0,9454639.950657798,55367720.78558329,9454639.950657798,3502474.6344143897,2654422.347039797,2946769.0626723864,3428635.4229198005,NIST_GROUND,2018_Apr_Jun_origins,fixed_period,96,low-power,48
32,24960.0,3073502.665571777,17383219.20225817,3073502.665571777,1277809.9200585543,1126259.7220474158,675538.1618851194,11979.812449880028,NIST_GROUND,2018_Apr_Jun_origins,fixed_period,96,low-power,48
33,24234.0,1791829.9344935126,15140166.698918449,1791829.9344935126,947585.2585154487,816770.2669215085,658498.6645574084,2621.2422260400035,NIST_GROUND,2018_Apr_Jun_origins,fixed_period,96,low-power,48
34,24192.0,3706958.806699435,17961114.469539493,3706958.806699435,2578389.804521516,2206037.679957444,1865753.7019107149,195690.87371191996,NIST_GROUND,2018_Apr_Jun_origins,fixed_period,96,low-power,48
35,26230.0,5790715.720387728,37432844.704296894,5790715.720387728,1383524.1180070129,1106762.0441129312,1069360.75536291,138529.48466772,NIST_GROUND,2018_Apr_Jun_origins,fixed_period,96,low-power,48
36,24437.0,2016542.0123684728,17111560.286189683,2016542.0123684728,1514357.6324020103,1601710.7033431814,1251365.886009369,199868.94901767978,NIST_GROUND,2018_Apr_Jun_origins,fixed_period,96,low-power,48
37,23997.0,3009662.72307551,13982465.529851424,3009662.72307551,2189735.3254087036,2329576.134847447,1630231.856810722,8228.177541759984,NIST_GROUND,2018_Apr_Jun_origins,fixed_period,96,low-power,48
38,8265.0,4950512.826884106,7541658.632202553,4950512.826884106,1064029.2468773883,1743550.9878008803,1072619.089435664,1633.9692564800011,NIST_GROUND,2018_Apr_Jun_origins,fixed_period,96,low-power,48
39,10347.0,19148974.108232595,17652458.64380579,19148974.108232595,2415807.7220268375,3216658.8836314348,2321109.038477941,13601100.85983552,NIST_GROUND,2018_Apr_Jun_origins,fixed_period,96,low-power,48
40,24916.0,4929115.478617846,25420534.24091735,4929115.478617846,1546902.2297098401,1268249.7612744235,1033796.5408153466,153298.78882803983,NIST_GROUND,2018_Apr_Jun_origins,fixed_period,96,low-power,48
41,10096.0,21710569.119553614,19903024.759662416,21710569.119553614,8036088.297427105,8530987.614185737,10343109.518433481,18956461.554690912,NIST_GROUND,2018_Apr_Jun_origins,fixed_period,96,low-power,48
42,8556.0,12379051.598554963,6299010.227378673,12379051.598554963,1142770.8631248146,1457389.088226763,1051326.7053448837,463.0407175600011,NIST_GROUND,2018_Apr_Jun_origins,fixed_period,96,low-power,48
43,24627.0,2579912.8966343426,26655595.608780243,2579912.8966343426,921010.7852660641,849899.5833742014,677359.531031692,101176.98870755947,NIST_GROUND,2018_Apr_Jun_origins,fixed_period,96,low-power,48
44,24537.0,4483244.188746614,18521054.38364625,4483244.188746614,896490.687556861,1129002.944701012,818911.1078108066,4114.137482879995,NIST_GROUND,2018_Apr_Jun_origins,fixed_period,96,low-power,48
45,12533.0,621637.8739772275,4503741.162969397,621637.8739772275,472038.04480937537,557714.7312935275,359409.8753821308,7673.306563039999,NIST_GROUND,2018_Apr_Jun_origins,fixed_period,96,low-power,48
0,44845.0,5950194.893653249,47552001.75022488,5950194.893653249,11963719.390204353,7850262.153314383,8389430.55598,202589.18942383977,NIST_GROUND,2018_Apr_Jun_origins,fixed_period,96,low-power,72
1,42726.0,10255723.952570515,31582064.901896186,10255723.952570515,8157673.954591779,5705509.330216621,5432739.441092537,385276.99546663946,NIST_GROUND,2018_Apr_Jun_origins,fixed_period,96,low-power,72
2,44507.0,4699501.592736225,29648447.42684731,4699501.592736225,11955567.486130368,7916835.920268743,8449288.707833558,1464923.7516306404,NIST_GROUND,2018_Apr_Jun_origins,fixed_period,96,low-power,72
3,41518.0,4179534.134153887,24053689.28009124,4179534.134153887,10620625.395878747,6630809.548557873,6863470.162291207,32692.905797200034,NIST_GROUND,2018_Apr_Jun_origins,fixed_period,96,low-power,72
4,41022.0,4414787.8555313125,38825370.30388977,4414787.8555313125,5741304.059665355,5336547.386714317,4475349.526129892,112103.50452708006,NIST_GROUND,2018_Apr_Jun_origins,fixed_period,96,low-power,72
5,42770.0,7818343.139848615,39631335.05742383,7818343.139848615,7117217.870593227,5847853.985569463,5122385.924722441,228607.04095760087,NIST_GROUND,2018_Apr_Jun_origins,fixed_period,96,low-power,72
6,40619.0,6573698.108967724,25845861.03182664,6573698.108967724,7287090.748612074,4812271.016792389,4663564.1019020965,3508726.7916966057,NIST_GROUND,2018_Apr_Jun_origins,fixed_period,96,low-power,72
7,40655.0,3694517.845423238,34223572.09072892,3694517.845423238,3301589.1960937334,2209452.4587420365,1994640.6471367313,177868.6485442808,NIST_GROUND,2018_Apr_Jun_origins,fixed_period,96,low-power,72
8,41626.0,8356951.777171795,44883930.473144576,8356951.777171795,5979171.065654813,3909051.608263761,4102352.5712870937,1467841.7892423961,NIST_GROUND,2018_Apr_Jun_origins,fixed_period,96,low-power,72
9,40224.0,5604429.259091135,25040851.72885579,5604429.259091135,3225858.9518086826,2439160.3322834107,2125914.586421538,21554.77184512009,NIST_GROUND,2018_Apr_Jun_origins,fixed_period,96,low-power,72
10,38917.0,3231915.1216435586,24831797.63014028,3231915.1216435586,3948925.896505523,2790837.3296885462,2248503.420766852,3885.697862119997,NIST_GROUND,2018_Apr_Jun_origins,fixed_period,96,low-power,72
11,42425.0,7924072.239703921,49122497.478407644,7924072.239703921,8537665.068549685,6095198.095086339,5778109.552865427,794295.6268212007,NIST_GROUND,2018_Apr_Jun_origins,fixed_period,96,low-power,72
12,32515.0,2933379.1820108364,20376618.29375205,2933379.1820108364,2529825.4311657916,2518661.5166103886,1905111.8245342644,1324.4342466799865,NIST_GROUND,2018_Apr_Jun_origins,fixed_period,96,low-power,72
13,31681.0,15902080.02483565,23276572.46582828,15902080.02483565,3618087.695280333,3108703.632556748,2417492.1717400895,280915.4307755229,NIST_GROUND,2018_Apr_Jun_origins,fixed_period,96,low-power,72
14,42207.0,9139008.33174313,58564263.41488562,9139008.33174313,7457938.907163181,5398476.269868724,5294314.335983143,214294.3921368399,NIST_GROUND,2018_Apr_Jun_origins,fixed_period,96,low-power,72
15,42425.0,9227697.198197087,65113665.29027993,9227697.198197087,3398780.2947567073,2504395.384553012,2958184.9770438024,561207.7157495605,NIST_GROUND,2018_Apr_Jun_origins,fixed_period,96,low-power,72
16,68731.0,56474223.203950375,261930117.75240433,56474223.203950375,205135726.2049985,183896443.9927088,190937806.30003282,19002659.75486359,NIST_GROUND,2018_Apr_Jun_origins,fixed_period,96,low-power,72
17,40586.0,8507921.585202917,40630717.157453716,8507921.585202917,7780044.878388637,6118899.208135141,7050069.219992727,3729.60150803999,NIST_GROUND,2018_Apr_Jun_origins,fixed_period,96,low-power,72
18,38191.0,4568344.234157767,38617779.063982606,4568344.234157767,2510673.2281403644,2196478.2200209997,1968190.0599795214,1990813.0939670878,NIST_GROUND,2018_Apr_Jun_origins,fixed_period,96,low-power,72
19,39739.0,5766750.986925086,48353385.073077366,5766750.986925086,2732059.6188952373,2077426.1226621,2065894.99021929,425861.3604421595,NIST_GROUND,2018_Apr_Jun_origins,fixed_period,96,low-power,72
20,42067.0,15363620.504434267,68267796.77940577,15363620.504434267,9194085.91730629,7375299.0827180995,7882564.691914163,4112156.988083942,NIST_GROUND,2018_Apr_Jun_origins,fixed_period,96,low-power,72
21,38714.0,6670538.560928429,44269248.50945557,6670538.560928429,2712070.383610686,2072952.7376670449,1808887.74619066,492456.3894836434,NIST_GROUND,2018_Apr_Jun_origins,fixed_period,96,low-power,72
22,36116.0,2540107.0859646364,21148636.449374244,2540107.0859646364,1579745.8971902244,1412720.845576627,1102529.204133818,2881.442398640021,NIST_GROUND,2018_Apr_Jun_origins,fixed_period,96,low-power,72
23,38540.0,8749397.375616027,49385489.423380546,8749397.375616027,3329753.283853752,2716849.14541525,2491083.9176972136,333960.1582070423,NIST_GROUND,2018_Apr_Jun_origins,fixed_period,96,low-power,72
24,36402.0,3560034.396941738,23856460.200626314,3560034.396941738,2368947.3241145,2431048.6333629778,1883156.0897222734,206841.38537279872,NIST_GROUND,2018_Apr_Jun_origins,fixed_period,96,low-power,72
25,20297.0,6416683.165386348,14779224.247617314,6416683.165386348,2399174.8805736015,3243789.1926285364,2071060.7425334812,2889.7104431200087,NIST_GROUND,2018_Apr_Jun_origins,fixed_period,96,low-power,72
26,22767.0,22811671.41607018,32585518.110549185,22811671.41607018,3263260.121193176,4045964.7756818747,2868275.9123708108,13694787.09276531,NIST_GROUND,2018_Apr_Jun_origins,fixed_period,96,low-power,72
27,22592.0,22976987.290333863,30390499.53383634,22976987.290333863,8735538.127970606,8969931.48340972,10829739.185355958,19016074.11058927,NIST_GROUND,2018_Apr_Jun_origins,fixed_period,96,low-power,72
28,20574.0,13419774.942390913,15881738.384903371,13419774.942390913,1452756.9929085,1858914.0989975238,1279701.6792777511,79649.12971780004,NIST_GROUND,2018_Apr_Jun_origins,fixed_period,96,low-power,72
29,37146.0,6022433.741545026,35593921.834901795,6022433.741545026,1507515.3430392393,1577377.5173044533,1267895.6649096305,26105.03719019992,NIST_GROUND,2018_Apr_Jun_origins,fixed_period,96,low-power,72
30,12533.0,621637.8739772275,4503741.162969397,621637.8739772275,472038.04480937537,557714.7312935275,359409.8753821308,7673.306563039999,NIST_GROUND,2018_Apr_Jun_origins,fixed_period,96,low-power,72
0,41141.0,101851904.92122386,84293091.1473402,101851904.92122386,68031933.01308402,61937723.69903954,66278245.71506233,217705305.91714725,NIST_GROUND,2018_Apr_Jun_origins,fixed_period,144,full,24
1,40755.0,25007000.56249166,48246427.36087332,25007000.56249166,28577394.24044515,27854429.036248498,28909333.51341836,59738459.9209393,NIST_GROUND,2018_Apr_Jun_origins,fixed_period,144,full,24
2,40652.0,30196381.220729236,46567089.39626512,30196381.220729236,28784392.722549014,25401132.406124346,30904257.97228384,48569934.204706155,NIST_GROUND,2018_Apr_Jun_origins,fixed_period,144,full,24
3,41184.0,160490888.2763757,153221458.00681686,160490888.2763757,102009473.84483005,99135266.33132826,92766472.36856559,201640272.75861984,NIST_GROUND,2018_Apr_Jun_origins,fixed_period,144,full,24
4,41472.0,85472415.0190127,174927464.75036323,85472415.0190127,86089053.13002549,88716365.96842259,82881788.03204788,117216159.06937477,NIST_GROUND,2018_Apr_Jun_origins,fixed_period,144,full,24
5,41472.0,28306072.497142747,165545663.89145344,28306072.497142747,89859796.41775198,90182864.51518574,83285406.08813548,43130130.48000332,NIST_GROUND,2018_Apr_Jun_origins,fixed_period,144,full,24
6,41362.0,83400475.10719351,76973139.04151958,83400475.10719351,44812213.39099817,40684215.17077299,41243474.56040415,160676318.6406095,NIST_GROUND,2018_Apr_Jun_origins,fixed_period,144,full,24
7,40580.0,173673520.69197014,207702868.85435277,173673520.69197014,93805982.92667331,103673257.38321473,91580828.67204306,253133687.80890656,NIST_GROUND,2018_Apr_Jun_origins,fixed_period,144,full,24
8,40479.0,130336516.68714523,77768498.9183398,130336516.68714523,91775678.45257951,85795753.61692216,91733313.23210585,288969479.8704248,NIST_GROUND,2018_Apr_Jun_origins,fixed_period,144,full,24
9,40357.0,205252908.7355376,207680093.59277186,205252908.7355376,119356838.31488816,126234195.3437731,119426320.810468,311530867.0028651,NIST_GROUND,2018_Apr_Jun_origins,fixed_period,144,full,24
10,41139.0,45828451.88273765,98138032.4408303,45828451.88273765,69722012.32268196,69150300.42938006,67598502.18662672,100771673.24484614,NIST_GROUND,2018_Apr_Jun_origins,fixed_period,144,full,24
11,41184.0,62373510.73270561,148901808.48596242,62373510.73270561,92371255.05479576,90453741.66030908,83620602.32008204,78420075.244149,NIST_GROUND,2018_Apr_Jun_origins,fixed_period,144,full,24
12,40898.0,26407005.950216558,121885727.59155515,26407005.950216558,34820288.63102366,38483183.15374772,32317630.523633115,42370417.772463776,NIST_GROUND,2018_Apr_Jun_origins,fixed_period,144,full,24
13,40597.0,25129097.083610218,115875760.3204672,25129097.083610218,51757658.56456278,57488739.22785306,52895865.70869707,25489157.77171068,NIST_GROUND,2018_Apr_Jun_origins,fixed_period,144,full,24
14,40094.0,142875643.01027954,99911371.48174329,142875643.01027954,80732781.79210025,75934980.73211087,96001344.31229131,276809834.113873,NIST_GROUND,2018_Apr_Jun_origins,fixed_period,144,full,24
15,40059.0,20526820.770361356,67546611.71612889,20526820.770361356,17411467.590032715,17614017.178270638,17966366.41043949,20615222.992180306,NIST_GROUND,2018_Apr_Jun_origins,fixed_period,144,full,24
16,40800.0,38433398.685989015,54445073.95176653,38433398.685989015,39766263.50493704,36217254.30182113,36325164.26632423,46524358.9609032,NIST_GROUND,2018_Apr_Jun_origins,fixed_period,144,full,24
17,40896.0,181652909.12343127,200583768.0565104,181652909.12343127,51484084.55258657,57055046.21773137,52048655.316506125,272567316.2173737,NIST_GROUND,2018_Apr_Jun_origins,fixed_period,144,full,24
18,41227.0,130562032.80162841,156129808.71245617,130562032.80162841,117667039.14927422,114785081.74151976,111672373.06693016,214122618.4313691,NIST_GROUND,2018_Apr_Jun_origins,fixed_period,144,full,24
19,41472.0,144474559.9058233,237195485.25152946,144474559.9058233,56099011.065932184,65747576.89160318,58692168.38010815,234640772.23700675,NIST_GROUND,2018_Apr_Jun_origins,fixed_period,144,full,24
20,41472.0,11256079.875110567,145628440.76668808,11256079.875110567,28453311.915247843,32275424.68075638,31320944.51704976,17719708.160157256,NIST_GROUND,2018_Apr_Jun_origins,fixed_period,144,full,24
21,41472.0,19533975.820927974,115892356.36329725,19533975.820927974,50907942.08391415,55650776.48712155,48640642.49934927,31988520.637328897,NIST_GROUND,2018_Apr_Jun_origins,fixed_period,144,full,24
22,41184.0,32396007.78159878,112975913.65195222,32396007.78159878,50245903.34919624,52108755.93722836,49225524.06055205,38961493.042448916,NIST_GROUND,2018_Apr_Jun_origins,fixed_period,144,full,24
23,41328.0,59085639.399083264,57672734.98365297,59085639.399083264,41170900.677595265,37601717.29470377,47965353.02035728,130928458.45679982,NIST_GROUND,2018_Apr_Jun_origins,fixed_period,144,full,24
24,41450.0,39681387.56900197,72201366.16412967,39681387.56900197,36511593.31842403,32818230.762587387,36067347.75437356,43583937.553007476,NIST_GROUND,2018_Apr_Jun_origins,fixed_period,144,full,24
25,40897.0,205427320.34947163,170397777.25087252,205427320.34947163,52690836.79949264,60001440.408792555,52987567.700308904,352402285.58252424,NIST_GROUND,2018_Apr_Jun_origins,fixed_period,144,full,24
26,41206.0,120210784.35189644,71094270.30408801,120210784.35189644,60777989.3262604,56007670.89258929,58151474.07254682,257464097.64329332,NIST_GROUND,2018_Apr_Jun_origins,fixed_period,144,full,24
27,41472.0,145131383.45397905,166599678.22432953,145131383.45397905,74551913.6698447,76481250.08453526,68638170.39699565,193550799.46641222,NIST_GROUND,2018_Apr_Jun_origins,fixed_period,144,full,24
28,41472.0,107830243.43361543,132347377.04140422,107830243.43361543,87704717.79666774,88444919.12513164,84493950.01687455,156239069.36860922,NIST_GROUND,2018_Apr_Jun_origins,fixed_period,144,full,24
29,41472.0,76872815.66287033,217954391.04721677,76872815.66287033,32893002.829488564,41089901.45900729,36546241.46594045,91250247.96686251,NIST_GROUND,2018_Apr_Jun_origins,fixed_period,144,full,24
30,41472.0,11137348.007491563,135955370.09250504,11137348.007491563,21516457.599628266,26332775.351216566,23361080.252439618,2628907.3373140427,NIST_GROUND,2018_Apr_Jun_origins,fixed_period,144,full,24
31,41184.0,8564120.920629093,102704724.9937727,8564120.920629093,20031232.074835304,24514991.83980172,20735932.277574178,2633631.189950443,NIST_GROUND,2018_Apr_Jun_origins,fixed_period,144,full,24
32,41270.0,14750482.220182156,85374995.454816,14750482.220182156,21681165.39159872,25211570.633056935,23255440.440455586,11368806.461346123,NIST_GROUND,2018_Apr_Jun_origins,fixed_period,144,full,24
33,40611.0,35455379.756844155,93930524.22958098,35455379.756844155,59191175.768387735,56106912.766975775,53994621.80957787,47628712.30900411,NIST_GROUND,2018_Apr_Jun_origins,fixed_period,144,full,24
34,41098.0,73890251.96634097,87385823.3486134,73890251.96634097,65900203.456102856,59716048.58100042,77089884.97267443,143662780.5025003,NIST_GROUND,2018_Apr_Jun_origins,fixed_period,144,full,24
35,41184.0,54715304.73512837,82277687.242283,54715304.73512837,51609143.557003595,50292397.38415329,49922962.65531033,55015028.86305379,NIST_GROUND,2018_Apr_Jun_origins,fixed_period,144,full,24
36,41328.0,87379709.33355068,126550377.22158286,87379709.33355068,63299573.29151196,68287745.70399305,62131615.07006734,138133719.86331627,NIST_GROUND,2018_Apr_Jun_origins,fixed_period,144,full,24
37,40897.0,40109936.18903112,116542140.74424282,40109936.18903112,38534678.37301621,43045844.555381805,37634889.04966896,57508764.73272405,NIST_GROUND,2018_Apr_Jun_origins,fixed_period,144,full,24
38,31436.0,36741081.71214359,100631515.9796938,36741081.71214359,48269026.19905235,54596759.85607549,48584243.17802608,44436484.97976408,NIST_GROUND,2018_Apr_Jun_origins,fixed_period,144,full,24
39,29523.0,68736109.11630496,109909891.23586181,68736109.11630496,109237024.2904606,112505110.52230886,120322059.23623674,103075022.08906215,NIST_GROUND,2018_Apr_Jun_origins,fixed_period,144,full,24
40,40351.0,88047042.2148079,105703676.047533,88047042.2148079,31475750.969310176,37975331.05733783,28790036.098784108,122282571.32998101,NIST_GROUND,2018_Apr_Jun_origins,fixed_period,144,full,24
41,40897.0,25443797.023128167,124424805.22453807,25443797.023128167,64540511.680873126,68273843.16834062,58974430.202311635,30509648.510458585,NIST_GROUND,2018_Apr_Jun_origins,fixed_period,144,full,24
42,41366.0,125011443.04074731,105044520.72901174,125011443.04074731,67531035.08259094,61029586.4611744,77831123.25595538,246892566.9446912,NIST_GROUND,2018_Apr_Jun_origins,fixed_period,144,full,24
43,41472.0,141059955.47872108,131382000.70511623,141059955.47872108,83524776.74332455,84365271.5835773,70645915.34779263,218482187.1718621,NIST_GROUND,2018_Apr_Jun_origins,fixed_period,144,full,24
44,41450.0,44729923.76359992,129970261.20653242,44729923.76359992,57696906.82050962,63214158.66946578,51257023.56965511,55737824.86420047,NIST_GROUND,2018_Apr_Jun_origins,fixed_period,144,full,24
45,41184.0,95048088.00186117,84157216.6163518,95048088.00186117,36848957.74913365,31203652.678780686,43203375.86146185,210794787.62658694,NIST_GROUND,2018_Apr_Jun_origins,fixed_period,144,full,24
46,41159.0,12877855.20975076,63498801.09076543,12877855.20975076,25921375.372963578,21737369.793903016,33284641.1074902,10335651.851707727,NIST_GROUND,2018_Apr_Jun_origins,fixed_period,144,full,24
47,41063.0,16463365.93031039,82882820.98936337,16463365.93031039,28838002.67423933,25122173.075900584,38635006.41864965,6119824.997457606,NIST_GROUND,2018_Apr_Jun_origins,fixed_period,144,full,24
48,41065.0,12366607.75089901,54771969.163642526,12366607.75089901,18691286.25302794,17110550.006305188,22439816.909746855,5762425.45324744,NIST_GROUND,2018_Apr_Jun_origins,fixed_period,144,full,24
49,41328.0,54162999.408465154,167888149.2142609,54162999.408465154,130210956.76872168,124527526.74271965,138072325.93214637,26649942.876270883,NIST_GROUND,2018_Apr_Jun_origins,fixed_period,144,full,24
50,41472.0,32339036.46833754,209734460.9333788,32339036.46833754,252387355.50300685,242537973.87045753,250759247.49240983,945650.962012,NIST_GROUND,2018_Apr_Jun_origins,fixed_period,144,full,24
51,41472.0,55132116.50792184,99992601.15449761,55132116.50792184,57732731.880764134,53416572.63190733,57185662.12350449,86420450.46501605,NIST_GROUND,2018_Apr_Jun_origins,fixed_period,144,full,24
52,41450.0,96703092.82206093,94389283.07352544,96703092.82206093,63528004.80565282,70074464.4774683,60786075.62219045,165384589.13174868,NIST_GROUND,2018_Apr_Jun_origins,fixed_period,144,full,24
53,41184.0,53548907.25786224,119291440.31594959,53548907.25786224,21778461.254865482,26973282.95164556,19693892.736358747,70907407.88278227,NIST_GROUND,2018_Apr_Jun_origins,fixed_period,144,full,24
54,41350.0,9171973.044349821,97805623.60471377,9171973.044349821,18479783.797384933,22689532.49660158,16100479.097566318,1901653.7329638412,NIST_GROUND,2018_Apr_Jun_origins,fixed_period,144,full,24
55,41472.0,47758057.39471053,123205003.91830988,47758057.39471053,47672418.47458514,51407803.637286745,49162171.822685316,66089892.493704475,NIST_GROUND,2018_Apr_Jun_origins,fixed_period,144,full,24
56,41472.0,38656520.14634988,111637617.40409108,38656520.14634988,46883049.41580717,51549221.04171487,45157570.17912229,54613547.45705008,NIST_GROUND,2018_Apr_Jun_origins,fixed_period,144,full,24
57,41450.0,65129921.31247508,60906560.38027076,65129921.31247508,31966898.409341738,27877662.29163841,28804240.335153587,140616015.92277554,NIST_GROUND,2018_Apr_Jun_origins,fixed_period,144,full,24
58,41184.0,35350944.02244766,55997789.15077971,35350944.02244766,24363146.43229266,25653915.76209742,20992186.903711483,47394615.476552844,NIST_GROUND,2018_Apr_Jun_origins,fixed_period,144,full,24
59,41116.0,56224178.92157659,82679420.4560454,56224178.92157659,73186038.17526406,67894126.48109004,86435992.4822169,81355556.63231692,NIST_GROUND,2018_Apr_Jun_origins,fixed_period,144,full,24
60,41063.0,63307068.936083324,95653393.22186883,63307068.936083324,51321467.029226415,47786442.36541394,45894879.80550239,77092300.57491776,NIST_GROUND,2018_Apr_Jun_origins,fixed_period,144,full,24
61,41396.0,70369875.62005918,93452302.55504513,70369875.62005918,56197059.47903182,60002822.57127938,50128934.47841393,119351504.44559218,NIST_GROUND,2018_Apr_Jun_origins,fixed_period,144,full,24
62,41472.0,71687154.90445699,115018874.13472824,71687154.90445699,62204964.31479679,58086201.17568511,65023793.902184516,113863775.45830554,NIST_GROUND,2018_Apr_Jun_origins,fixed_period,144,full,24
63,41472.0,63488931.282178864,115433490.68280835,63488931.282178864,52937656.041688666,46885278.84576902,64286102.50186732,103278767.31390187,NIST_GROUND,2018_Apr_Jun_origins,fixed_period,144,full,24
64,41472.0,146585329.40490347,119578966.7087697,146585329.40490347,82294068.02542602,86657503.61704813,72818521.88404241,234564470.45109797,NIST_GROUND,2018_Apr_Jun_origins,fixed_period,144,full,24
65,41472.0,60532888.765591495,84639295.84589559,60532888.765591495,58982877.97386272,60561990.84208627,61325212.19306936,113455319.0406222,NIST_GROUND,2018_Apr_Jun_origins,fixed_period,144,full,24
66,41408.0,54814453.0596636,113831483.2293124,54814453.0596636,70551098.22750598,73669762.93604058,71939621.99740748,73525067.05362618,NIST_GROUND,2018_Apr_Jun_origins,fixed_period,144,full,24
67,41037.0,39876456.51048126,92348574.97347872,39876456.51048126,44207664.647497185,49722612.76764587,42292527.02348426,73789313.71195246,NIST_GROUND,2018_Apr_Jun_origins,fixed_period,144,full,24
68,40534.0,17067036.948066246,53036970.69284719,17067036.948066246,21687398.773060866,23153172.375651237,23235604.347096007,41271915.05264623,NIST_GROUND,2018_Apr_Jun_origins,fixed_period,144,full,24
69,40900.0,52198912.26168871,81446241.06813075,52198912.26168871,60994574.90690764,58673848.20963921,57417207.496344715,67140296.67912607,NIST_GROUND,2018_Apr_Jun_origins,fixed_period,144,full,24
70,41328.0,68862989.30005066,91088127.29182677,68862989.30005066,52904736.615913205,48040867.00682129,65119086.49914826,134263344.40414155,NIST_GROUND,2018_Apr_Jun_origins,fixed_period,144,full,24
71,41472.0,30623147.586166594,70547885.18920551,30623147.586166594,31819620.147693053,30003993.29016313,33374171.27180313,39731095.322831,NIST_GROUND,2018_Apr_Jun_origins,fixed_period,144,full,24
72,41472.0,155734691.7787627,124764133.00678596,155734691.7787627,40508401.22671348,44238060.60566128,34782934.82524417,264522111.7741466,NIST_GROUND,2018_Apr_Jun_origins,fixed_period,144,full,24
73,40547.0,39406835.23641143,59884938.76668087,39406835.23641143,37288637.8534896,38897319.681188665,34488482.260878086,90377153.96947193,NIST_GROUND,2018_Apr_Jun_origins,fixed_period,144,full,24
74,39755.0,70909090.51104002,141466833.68340993,70909090.51104002,83747377.63774286,91204589.09191021,80443415.7854702,89825583.25502191,NIST_GROUND,2018_Apr_Jun_origins,fixed_period,144,full,24
75,39436.0,16523085.14016574,120565830.6143488,16523085.14016574,52305771.20006157,57214072.203640126,42914571.793301545,2086722.4440497202,NIST_GROUND,2018_Apr_Jun_origins,fixed_period,144,full,24
76,22183.0,11291346.145204743,69986918.02256349,11291346.145204743,22130341.67032886,26023809.368165866,24119399.013704557,8194645.84846112,NIST_GROUND,2018_Apr_Jun_origins,fixed_period,144,full,24
77,8587.0,15592322.916292286,36942812.71870271,15592322.916292286,58627663.41779242,56435752.582931675,61779685.705183916,9639014.663025001,NIST_GROUND,2018_Apr_Jun_origins,fixed_period,144,full,24
78,10247.0,27737545.603177603,53295060.48613413,27737545.603177603,74574564.81288143,72430373.4878214,81811933.75136301,9496714.188149309,NIST_GROUND,2018_Apr_Jun_origins,fixed_period,144,full,24
79,27038.0,88791945.1257733,104621544.6790788,88791945.1257733,95758128.81122644,95139545.31748691,103882618.95131886,122075244.70870207,NIST_GROUND,2018_Apr_Jun_origins,fixed_period,144,full,24
80,40067.0,43601517.61060095,70866802.05168767,43601517.61060095,57794920.90140339,54532369.38847448,64803005.290421486,103645610.6874358,NIST_GROUND,2018_Apr_Jun_origins,fixed_period,144,full,24
81,41472.0,34697959.33941529,61031878.283719346,34697959.33941529,35317944.90120108,33826136.81143827,36546207.032435834,52367183.16224206,NIST_GROUND,2018_Apr_Jun_origins,fixed_period,144,full,24
82,20222.0,38991713.13486469,46341943.82174465,38991713.13486469,55432157.47924006,49650176.715005115,65846168.576981425,64678962.11028825,NIST_GROUND,2018_Apr_Jun_origins,fixed_period,144,full,24
83,4609.0,11866127.743816508,5460337.312958576,11866127.743816508,1064632.4581991828,1414354.562066523,974238.9985780641,6856594.41877132,NIST_GROUND,2018_Apr_Jun_origins,fixed_period,144,full,24
84,4179.0,9787608.20342221,6589822.034646532,9787608.20342221,4931691.389540115,4725779.608623603,5023581.019746667,4230311.667599999,NIST_GROUND,2018_Apr_Jun_origins,fixed_period,144,full,24
85,16383.0,41701946.11744017,47855291.7978414,41701946.11744017,51006994.53727135,49325897.56320015,56320564.74127908,76018520.60803744,NIST_GROUND,2018_Apr_Jun_origins,fixed_period,144,full,24
86,39150.0,57761160.974636495,98653802.1759607,57761160.974636495,41565457.05290922,42534290.909984976,44879046.2981316,53906379.45013541,NIST_GROUND,2018_Apr_Jun_origins,fixed_period,144,full,24
87,41472.0,75378297.70265917,57431757.944843516,75378297.70265917,46339935.30239743,40767567.25252468,52003169.25803472,175681481.17699856,NIST_GROUND,2018_Apr_Jun_origins,fixed_period,144,full,24
88,41472.0,66554253.767091624,87837179.93741219,66554253.767091624,64024277.43898929,67930920.67814913,67623033.0070276,80327542.75762957,NIST_GROUND,2018_Apr_Jun_origins,fixed_period,144,full,24
89,41472.0,71906335.75307135,96399359.35920562,71906335.75307135,31134652.2504547,35192669.28462244,30187483.301806178,110796639.05929701,NIST_GROUND,2018_Apr_Jun_origins,fixed_period,144,full,24
90,41472.0,9746155.694675649,63857197.64549052,9746155.694675649,14092289.717713282,17694985.770749792,13237032.315641198,19797652.434383694,NIST_GROUND,2018_Apr_Jun_origins,fixed_period,144,full,24
0,81896.0,126858905.48371552,132539518.50821353,126858905.48371552,96609327.25352909,89792152.73528816,95187579.22848073,277443765.8380864,NIST_GROUND,2018_Apr_Jun_origins,fixed_period,144,full,48
1,81836.0,190687269.49710497,199788547.40308186,190687269.49710497,130793866.5673791,124536398.73745264,123670730.34084935,250210206.96332598,NIST_GROUND,2018_Apr_Jun_origins,fixed_period,144,full,48
2,82944.0,113778487.51615539,340473128.6418172,113778487.51615539,175948849.54777765,178899230.48360837,166167194.1201833,160346289.54937813,NIST_GROUND,2018_Apr_Jun_origins,fixed_period,144,full,48
3,81942.0,257073995.7991638,284676007.89587224,257073995.7991638,138618196.31767157,144357472.5539877,132824303.2324472,413810006.44951624,NIST_GROUND,2018_Apr_Jun_origins,fixed_period,144,full,48
4,80836.0,335589425.4226833,285448592.511112,335589425.4226833,211132516.76746765,212029948.96069515,211159634.0425738,600500346.8732895,NIST_GROUND,2018_Apr_Jun_origins,fixed_period,144,full,48
5,82323.0,108201962.61544323,247039840.92679253,108201962.61544323,162093267.37747753,159604042.08968922,151219104.5067088,179191748.48899543,NIST_GROUND,2018_Apr_Jun_origins,fixed_period,144,full,48
6,81495.0,51536103.03382674,237761487.91202232,51536103.03382674,86577947.19558655,95971922.38160086,85213496.23233028,67859575.54417452,NIST_GROUND,2018_Apr_Jun_origins,fixed_period,144,full,48
7,80153.0,163402463.78064093,167457983.1978722,163402463.78064093,98144249.38213304,93548997.9103815,113967710.72273085,297425057.1060532,NIST_GROUND,2018_Apr_Jun_origins,fixed_period,144,full,48
8,81696.0,220086307.80942032,255028842.00827694,220086307.80942032,91250348.05752368,93272300.51955251,88373819.58283043,319091675.17827654,NIST_GROUND,2018_Apr_Jun_origins,fixed_period,144,full,48
9,82699.0,275036592.7074517,393325293.9639856,275036592.7074517,173766050.21520653,180532658.63312304,170364541.44703856,448763390.6683759,NIST_GROUND,2018_Apr_Jun_origins,fixed_period,144,full,48
10,82944.0,30790055.696038548,261520797.1299855,30790055.696038548,79361253.99916203,87926201.16787796,79961587.01639915,49708228.7974862,NIST_GROUND,2018_Apr_Jun_origins,fixed_period,144,full,48
11,82512.0,91481647.18068206,170648648.6356053,91481647.18068206,91416804.02679135,89710473.23193207,97190877.08090934,169889951.49924874,NIST_GROUND,2018_Apr_Jun_origins,fixed_period,144,full,48
12,82347.0,245108707.91847372,242599143.4150022,245108707.91847372,89202430.11791669,92819671.17137988,89054915.45468244,395986223.1355317,NIST_GROUND,2018_Apr_Jun_origins,fixed_period,144,full,48
13,82678.0,265342167.80587545,237693948.52841747,265342167.80587545,135329902.99610516,132488920.97712444,126789644.46954247,451014897.10970557,NIST_GROUND,2018_Apr_Jun_origins,fixed_period,144,full,48
14,82944.0,184703059.09648573,350301768.08862114,184703059.09648573,120597720.6261564,129534820.58413889,121040191.48281495,247489317.33547157,NIST_GROUND,2018_Apr_Jun_origins,fixed_period,144,full,48
15,82656.0,19701468.92812066,238660095.08627763,19701468.92812066,41547689.67446363,50847767.19101835,44097012.530013815,5262538.527264484,NIST_GROUND,2018_Apr_Jun_origins,fixed_period,144,full,48
16,81881.0,50205861.97702635,179305519.6843969,50205861.97702635,80872341.15998645,81318483.4000326,77250062.25003345,58997518.77035027,NIST_GROUND,2018_Apr_Jun_origins,fixed_period,144,full,48
17,82282.0,128605556.70146929,169663510.59089637,128605556.70146929,117509347.01310632,110008445.96515366,127012847.62798463,198677809.3655538,NIST_GROUND,2018_Apr_Jun_origins,fixed_period,144,full,48
18,82225.0,127489645.52258183,243092517.96582562,127489645.52258183,101834251.66452809,111333590.25937496,99766504.11973634,195642484.59604025,NIST_GROUND,2018_Apr_Jun_origins,fixed_period,144,full,48
19,60959.0,105477190.8284485,210541407.2155557,105477190.8284485,157506050.48951274,167101870.37838438,168906302.4142629,147511507.06882644,NIST_GROUND,2018_Apr_Jun_origins,fixed_period,144,full,48
20,81248.0,113490839.23793598,230128481.27207085,113490839.23793598,96016262.65018335,106249174.22567841,87764466.30109572,152792219.84043956,NIST_GROUND,2018_Apr_Jun_origins,fixed_period,144,full,48
21,82838.0,266071398.51946825,236426521.43412793,266071398.51946825,151055811.82591543,145394858.0447516,148477038.60374793,465374754.1165533,NIST_GROUND,2018_Apr_Jun_origins,fixed_period,144,full,48
22,82634.0,139778011.76546112,214127477.82288438,139778011.76546112,94545864.56964333,94417811.34824646,94460399.43111686,266532612.49078733,NIST_GROUND,2018_Apr_Jun_origins,fixed_period,144,full,48
23,82222.0,29341221.140061148,146381622.08012897,29341221.140061148,54759378.04720296,46859542.86980357,71919647.52613981,16455476.849165319,NIST_GROUND,2018_Apr_Jun_origins,fixed_period,144,full,48
24,82393.0,66529607.15936413,222660118.3779036,66529607.15936413,148902243.02174962,141638076.74902484,160512142.84189326,32412368.32951832,NIST_GROUND,2018_Apr_Jun_origins,fixed_period,144,full,48
25,82944.0,87471152.97625941,309727062.08787626,87471152.97625941,310120087.3837709,295954546.5023646,307944909.61591434,87366101.42702806,NIST_GROUND,2018_Apr_Jun_origins,fixed_period,144,full,48
26,82634.0,150252000.07992306,213680723.38947505,150252000.07992306,85306466.0605182,97047747.42911392,80479968.35854922,236291997.01453102,NIST_GROUND,2018_Apr_Jun_origins,fixed_period,144,full,48
27,82822.0,56930030.43906039,221010627.5230239,56930030.43906039,66152202.27197006,74097336.13388833,65262650.92025165,67991546.22666833,NIST_GROUND,2018_Apr_Jun_origins,fixed_period,144,full,48
28,82922.0,103786441.45882508,172544177.78436196,103786441.45882508,78849947.82514895,79426883.33335324,73961810.5142758,195229563.37982562,NIST_GROUND,2018_Apr_Jun_origins,fixed_period,144,full,48
29,82300.0,91575122.94402419,138677209.60682517,91575122.94402419,97549184.60755664,93548042.24318749,107428179.38592836,128750172.10886976,NIST_GROUND,2018_Apr_Jun_origins,fixed_period,144,full,48
30,82459.0,133676944.55614248,189105695.77691385,133676944.55614248,107518526.50825822,107789264.9366933,96023814.28391635,196443805.0205098,NIST_GROUND,2018_Apr_Jun_origins,fixed_period,144,full,48
31,82944.0,135176086.18663588,230452364.8175364,135176086.18663588,115142620.35648555,104971480.02145413,129309896.40405187,217142542.77220708,NIST_GROUND,2018_Apr_Jun_origins,fixed_period,144,full,48
32,82944.0,207118218.17049506,204218262.5546656,207118218.17049506,141276945.99928865,147219494.4591344,134143734.07711178,348019789.49172044,NIST_GROUND,2018_Apr_Jun_origins,fixed_period,144,full,48
33,82445.0,94690909.57014477,206180058.20279142,94690909.57014477,114758762.8750033,123392375.70368643,114232149.02089179,147314380.7655786,NIST_GROUND,2018_Apr_Jun_origins,fixed_period,144,full,48
34,81434.0,69265949.20975493,134483211.760978,69265949.20975493,82681973.67996849,81827020.58529052,80652811.84344077,108412211.73177236,NIST_GROUND,2018_Apr_Jun_origins,fixed_period,144,full,48
35,82800.0,99486136.88621719,161636012.48103222,99486136.88621719,84724356.76360628,78044860.29698443,98493257.77095146,173994439.72697255,NIST_GROUND,2018_Apr_Jun_origins,fixed_period,144,full,48
36,82019.0,195141527.01517427,184649071.7734666,195141527.01517427,77797039.080203,83135380.28684992,69271417.08612226,354899265.74361837,NIST_GROUND,2018_Apr_Jun_origins,fixed_period,144,full,48
37,79191.0,87432175.65120573,262032664.29775882,87432175.65120573,136053148.83780435,148418661.2955503,123357987.57877187,91912305.69907168,NIST_GROUND,2018_Apr_Jun_origins,fixed_period,144,full,48
38,30770.0,26883669.06149703,106929730.74126631,26883669.06149703,80758005.08812124,82459561.9510975,85899084.71888839,17833660.511486102,NIST_GROUND,2018_Apr_Jun_origins,fixed_period,144,full,48
39,37285.0,116529490.7289509,157916605.16521287,116529490.7289509,170332693.62410802,167569918.80530813,185694552.70268163,131571958.89685138,NIST_GROUND,2018_Apr_Jun_origins,fixed_period,144,full,48
40,81539.0,78299476.95001635,131898680.3354069,78299476.95001635,93112865.80260447,88358506.19991273,101349212.32285734,156012793.84967783,NIST_GROUND,2018_Apr_Jun_origins,fixed_period,144,full,48
41,24831.0,50857840.87868119,51802281.13470322,50857840.87868119,56496789.93743925,51064531.27707164,66820407.57555947,71535556.52905963,NIST_GROUND,2018_Apr_Jun_origins,fixed_period,144,full,48
42,20562.0,51489554.32086232,54445113.83248793,51489554.32086232,55938685.92681148,54051677.17182376,61344145.76102575,80248832.2756374,NIST_GROUND,2018_Apr_Jun_origins,fixed_period,144,full,48
43,80622.0,133139458.67729576,156085560.1208043,133139458.67729576,87905392.35530667,83301858.16250956,96882215.55616641,229587860.62713388,NIST_GROUND,2018_Apr_Jun_origins,fixed_period,144,full,48
44,82944.0,138460589.52016315,184236539.29661795,138460589.52016315,95158929.689444,103123589.96277165,97810516.3088337,191124181.81692675,NIST_GROUND,2018_Apr_Jun_origins,fixed_period,144,full,48
45,41472.0,9746155.694675649,63857197.64549052,9746155.694675649,14092289.717713282,17694985.770749792,13237032.315641198,19797652.434383694,NIST_GROUND,2018_Apr_Jun_origins,fixed_period,144,full,48
0,122548.0,157055286.70444465,179106607.9044787,157055286.70444465,125393719.97607815,115193285.14141247,126091837.20076457,326013700.04279274,NIST_GROUND,2018_Apr_Jun_origins,fixed_period,144,full,72
1,124128.0,274269375.79253066,493694586.64863443,274269375.79253066,277958323.3926081,278034496.81493676,258933666.48874882,361986562.307998,NIST_GROUND,2018_Apr_Jun_origins,fixed_period,144,full,72
2,122421.0,387410512.4863089,362444506.8142122,387410512.4863089,230393874.77025107,230153226.17090988,224557616.46455327,702779486.3199408,NIST_GROUND,2018_Apr_Jun_origins,fixed_period,144,full,72
3,122680.0,313454871.3509807,454719934.51956415,313454871.3509807,281450105.69236577,285838237.43346226,270645425.3171764,490722615.491861,NIST_GROUND,2018_Apr_Jun_origins,fixed_period,144,full,72
4,121589.0,194411746.04410625,337672859.3937656,194411746.04410625,167310728.9876866,171906903.11371168,181214840.54462162,344669409.6580475,NIST_GROUND,2018_Apr_Jun_origins,fixed_period,144,full,72
5,121755.0,240613128.57978165,322575453.72440577,240613128.57978165,108661815.64755641,110886317.69782318,106340185.99326992,339706898.1704567,NIST_GROUND,2018_Apr_Jun_origins,fixed_period,144,full,72
6,124171.0,286292672.58256227,538953734.7306739,286292672.58256227,202219362.13045457,212808083.3138794,201685485.9640881,466483098.8285332,NIST_GROUND,2018_Apr_Jun_origins,fixed_period,144,full,72
7,123984.0,111015623.00161013,286541004.9989027,111015623.00161013,142324746.11070547,145361249.71905378,145831519.58025855,201878472.13657779,NIST_GROUND,2018_Apr_Jun_origins,fixed_period,144,full,72
8,123553.0,365319492.2703705,313693413.71909034,365319492.2703705,149980419.44417706,148827342.06396937,147206389.52722928,653450320.7788248,NIST_GROUND,2018_Apr_Jun_origins,fixed_period,144,full,72
9,124416.0,329834442.55046445,516901446.3129503,329834442.55046445,195149634.29600126,206016070.66867384,189678361.87981042,441040116.801884,NIST_GROUND,2018_Apr_Jun_origins,fixed_period,144,full,72
10,123926.0,34451951.14830284,324035090.5410933,34451951.14830284,63228855.06606235,76059337.82407536,67352452.97046934,16631344.988610612,NIST_GROUND,2018_Apr_Jun_origins,fixed_period,144,full,72
11,122893.0,164060936.45831355,263594034.8204773,164060936.45831355,176700522.78149435,166115358.7321294,181007469.43756264,246306521.67455792,NIST_GROUND,2018_Apr_Jun_origins,fixed_period,144,full,72
12,113661.0,164230727.23472553,343724033.94551885,164230727.23472553,150103277.86358052,165930350.11545026,148350747.29776242,240078969.5758043,NIST_GROUND,2018_Apr_Jun_origins,fixed_period,144,full,72
13,110771.0,182226948.35424116,340038372.5079326,182226948.35424116,205253286.94064373,218754284.7479872,208086525.53733236,255867241.9295016,NIST_GROUND,2018_Apr_Jun_origins,fixed_period,144,full,72
14,124288.0,310801322.28306854,366396782.6406605,310801322.28306854,208752718.6464251,208609016.71421775,199734062.17340273,521112578.9807537,NIST_GROUND,2018_Apr_Jun_origins,fixed_period,144,full,72
15,123406.0,124389309.14192249,230538838.69648084,124389309.14192249,91608335.79633664,78063195.5485842,115123023.38760154,227250264.47575256,NIST_GROUND,2018_Apr_Jun_origins,fixed_period,144,full,72
16,123865.0,98868643.62770157,432394579.31128204,98868643.62770157,401289598.52475667,384176050.61948234,411271390.33430326,33358019.29153032,NIST_GROUND,2018_Apr_Jun_origins,fixed_period,144,full,72
17,124106.0,205384116.5878451,313673324.54397285,205384116.5878451,143039197.9412822,150464320.0610214,137665630.4820537,322712447.4795469,NIST_GROUND,2018_Apr_Jun_origins,fixed_period,144,full,72
18,124294.0,95586550.58541018,332648244.92711455,95586550.58541018,113035251.68777712,125646557.17560309,110420221.0993739,122605093.68371831,NIST_GROUND,2018_Apr_Jun_origins,fixed_period,144,full,72
19,123750.0,156705044.25649914,199583769.9870958,156705044.25649914,129516083.01689833,121425704.53482583,136232419.72108197,269366188.0316457,NIST_GROUND,2018_Apr_Jun_origins,fixed_period,144,full,72
20,123931.0,205364099.46059945,304124569.91164184,205364099.46059945,169723490.8230552,165875466.11237815,161047608.18610087,310307580.47881526,NIST_GROUND,2018_Apr_Jun_origins,fixed_period,144,full,72
21,124416.0,270607149.452674,319651753.23747367,270607149.452674,194214602.04097748,194104773.30490357,198429836.5789788,451298556.8056218,NIST_GROUND,2018_Apr_Jun_origins,fixed_period,144,full,72
22,122979.0,111757946.51821107,259217028.89563867,111757946.51821107,136446161.64806402,146545548.07933772,137467753.3679878,188586295.81822473,NIST_GROUND,2018_Apr_Jun_origins,fixed_period,144,full,72
23,123700.0,151685049.14790577,243082253.54916283,151685049.14790577,145718931.67051405,136718708.5066235,155910465.2672959,241134736.4060984,NIST_GROUND,2018_Apr_Jun_origins,fixed_period,144,full,72
24,121774.0,266050617.52621436,326115905.4568765,266050617.52621436,161544416.7179458,174339969.37876013,149714832.87159252,444724848.99864006,NIST_GROUND,2018_Apr_Jun_origins,fixed_period,144,full,72
25,70206.0,43406754.20166274,227495561.355615,43406754.20166274,133063776.2881828,139673634.1547377,128813656.51218985,19920382.95553584,NIST_GROUND,2018_Apr_Jun_origins,fixed_period,144,full,72
26,77352.0,160131008.33955163,228783407.2169007,160131008.33955163,228127614.5255113,222102288.1937824,250497557.9931031,235217569.58428735,NIST_GROUND,2018_Apr_Jun_origins,fixed_period,144,full,72
27,66303.0,85555800.21809632,112834159.41842268,85555800.21809632,91814734.83864039,84890668.08850993,103366614.6079953,123902739.69130163,NIST_GROUND,2018_Apr_Jun_origins,fixed_period,144,full,72
28,59712.0,109250715.29549886,153098916.00844848,109250715.29549886,97504142.9797207,96585968.08180876,106223192.05915737,134155211.72577283,NIST_GROUND,2018_Apr_Jun_origins,fixed_period,144,full,72
29,124416.0,213838887.22282237,241668297.24146155,213838887.22282237,141498864.9918415,143891157.21529633,149813685.56686836,366805662.9939248,NIST_GROUND,2018_Apr_Jun_origins,fixed_period,144,full,72
30,41472.0,9746155.694675649,63857197.64549052,9746155.694675649,14092289.717713282,17694985.770749792,13237032.315641198,19797652.434383694,NIST_GROUND,2018_Apr_Jun_origins,fixed_period,144,full,72
0,18947.0,98317911.5834868,54206392.435589746,98317911.5834868,62205919.77323659,57994786.11886887,61984018.0391576,217636841.68595436,NIST_GROUND,2018_Apr_Jun_origins,fixed_period,144,power-active,24
1,17717.0,22459805.577121038,30409353.52934259,22459805.577121038,23160541.40973696,24082748.005203817,24754997.727488425,59567892.40057249,NIST_GROUND,2018_Apr_Jun_origins,fixed_period,144,power-active,24
2,18671.0,26587096.603169225,15771952.121800078,26587096.603169225,25426158.908792917,22894375.405538537,28279865.70555824,48423939.8123572,NIST_GROUND,2018_Apr_Jun_origins,fixed_period,144,power-active,24
3,19810.0,150877368.0126574,121024813.20956407,150877368.0126574,96603952.33115481,95042637.38068657,88129032.73919782,201179798.34828424,NIST_GROUND,2018_Apr_Jun_origins,fixed_period,144,power-active,24
4,20381.0,83920123.28713647,165173105.13244563,83920123.28713647,84398266.00367062,87601839.0237552,81991528.39704157,117214239.06554697,NIST_GROUND,2018_Apr_Jun_origins,fixed_period,144,power-active,24
5,19510.0,24551825.0433374,140707634.5257063,24551825.0433374,86353121.47292411,87690448.99467863,80781965.41290061,42998613.175627135,NIST_GROUND,2018_Apr_Jun_origins,fixed_period,144,power-active,24
6,18793.0,81825598.09410395,48774731.46478553,81825598.09410395,38999203.78461239,36779723.53758477,36880119.82976943,160453725.6317166,NIST_GROUND,2018_Apr_Jun_origins,fixed_period,144,power-active,24
7,19756.0,172025778.449802,199273574.8374344,172025778.449802,90133821.05685809,100805152.79791558,89018125.69917154,253101236.85776085,NIST_GROUND,2018_Apr_Jun_origins,fixed_period,144,power-active,24
8,17858.0,126806211.7336814,57509845.053988524,126806211.7336814,87006891.78399214,82172836.23014554,88058610.87686607,287110683.7331239,NIST_GROUND,2018_Apr_Jun_origins,fixed_period,144,power-active,24
9,19981.0,203503060.2180808,197694376.2250219,203503060.2180808,118013120.14398749,125123354.28361374,118439942.53982256,311507374.289327,NIST_GROUND,2018_Apr_Jun_origins,fixed_period,144,power-active,24
10,20112.0,43786492.0663388,87309139.18261465,43786492.0663388,63718150.75761211,65353758.50902546,63724430.65010407,100746911.38893437,NIST_GROUND,2018_Apr_Jun_origins,fixed_period,144,power-active,24
11,20237.0,60397258.48026281,131640390.64837824,60397258.48026281,88237163.03225257,87989689.49302036,80911189.72549699,78419359.15101524,NIST_GROUND,2018_Apr_Jun_origins,fixed_period,144,power-active,24
12,20546.0,25115511.521561135,105969214.00605835,25115511.521561135,32443484.970000714,36746291.503898874,30324438.777081046,42369831.887821935,NIST_GROUND,2018_Apr_Jun_origins,fixed_period,144,power-active,24
13,20708.0,23771265.95064174,102689006.99299626,23771265.95064174,49814119.06505327,55254339.61782263,51535824.07717792,25488599.205873992,NIST_GROUND,2018_Apr_Jun_origins,fixed_period,144,power-active,24
14,18400.0,137874073.68225405,39842682.260023214,137874073.68225405,78213665.06118421,73415650.14565054,93526250.59036437,276580157.5077848,NIST_GROUND,2018_Apr_Jun_origins,fixed_period,144,power-active,24
15,17858.0,14208259.091354677,29504778.91598591,14208259.091354677,13986272.484182285,14066260.231941167,14811308.259205535,20484853.980742738,NIST_GROUND,2018_Apr_Jun_origins,fixed_period,144,power-active,24
16,19531.0,35083048.11288597,36887875.5450618,35083048.11288597,36777342.86969227,33629283.84367081,34615069.88588542,46522591.14741111,NIST_GROUND,2018_Apr_Jun_origins,fixed_period,144,power-active,24
17,20481.0,177310679.68229902,171657185.9832479,177310679.68229902,48983543.98628065,55424845.76769064,50055750.102066934,270675365.76794636,NIST_GROUND,2018_Apr_Jun_origins,fixed_period,144,power-active,24
18,20623.0,126309858.09867248,128775501.30816375,126309858.09867248,112699267.8353104,111146341.19810262,108093809.09212664,210612300.90572536,NIST_GROUND,2018_Apr_Jun_origins,fixed_period,144,power-active,24
19,21240.0,142595664.84676695,227760812.39272526,142595664.84676695,54546646.468311064,64661277.47435714,57672316.03351467,234633830.6223726,NIST_GROUND,2018_Apr_Jun_origins,fixed_period,144,power-active,24
20,21673.0,7502968.823606215,128766662.06258953,7502968.823606215,26748932.70792586,31256496.743795723,30497993.783638813,17719171.42349003,NIST_GROUND,2018_Apr_Jun_origins,fixed_period,144,power-active,24
21,21825.0,17996002.586527806,103498920.81891127,17996002.586527806,49608761.78349677,54757373.960856006,47924735.84456245,31984692.758005768,NIST_GROUND,2018_Apr_Jun_origins,fixed_period,144,power-active,24
22,21369.0,30980270.236360215,97841236.43439505,30980270.236360215,48961928.742799185,51015799.15258818,48347319.02229746,38873931.36162017,NIST_GROUND,2018_Apr_Jun_origins,fixed_period,144,power-active,24
23,19591.0,55182632.13247514,22490031.432850197,55182632.13247514,39484579.590591356,36568267.333259106,46835595.47523063,130751073.66974428,NIST_GROUND,2018_Apr_Jun_origins,fixed_period,144,power-active,24
24,20992.0,34941818.81103668,39340975.68330016,34941818.81103668,35040878.02397235,31993798.556022745,34999557.695763916,43578372.35540992,NIST_GROUND,2018_Apr_Jun_origins,fixed_period,144,power-active,24
25,20168.0,200855671.8202378,149778249.01833034,200855671.8202378,51100452.77103966,58739188.60188709,51816616.86868304,351489387.99237067,NIST_GROUND,2018_Apr_Jun_origins,fixed_period,144,power-active,24
26,20220.0,116429780.47054566,47067315.967839435,116429780.47054566,56588686.72119421,53315896.74428647,55391928.59320637,256182454.91776207,NIST_GROUND,2018_Apr_Jun_origins,fixed_period,144,power-active,24
27,21311.0,142002298.81143793,145002782.9104508,142002298.81143793,73420037.13347615,75531223.6509121,67858647.4521633,193524299.89463827,NIST_GROUND,2018_Apr_Jun_origins,fixed_period,144,power-active,24
28,21312.0,106001938.94181104,123069004.93149628,106001938.94181104,86217447.46009697,87489211.25644897,83562994.81330587,156234211.6534095,NIST_GROUND,2018_Apr_Jun_origins,fixed_period,144,power-active,24
29,21457.0,73716189.59046692,198826605.5773152,73716189.59046692,31229367.392151494,39951843.840311326,35523721.4771383,91249689.65532075,NIST_GROUND,2018_Apr_Jun_origins,fixed_period,144,power-active,24
30,21527.0,7988037.076358636,116681672.78357321,7988037.076358636,19778437.27522554,25099221.606062222,22472690.478936423,2628410.2623838037,NIST_GROUND,2018_Apr_Jun_origins,fixed_period,144,power-active,24
31,22118.0,6786904.20728496,86366217.42482498,6786904.20728496,18273737.004979346,23388660.436757304,19739061.857784525,2633104.466673117,NIST_GROUND,2018_Apr_Jun_origins,fixed_period,144,power-active,24
32,21828.0,13524063.602995677,74533942.78362167,13524063.602995677,20613058.441258393,24389858.186414815,22460489.624422356,11360569.644713642,NIST_GROUND,2018_Apr_Jun_origins,fixed_period,144,power-active,24
33,18910.0,31059223.13698531,70262416.55309257,31059223.13698531,54025025.68503644,51821434.74143172,49631998.470086545,46432554.282954894,NIST_GROUND,2018_Apr_Jun_origins,fixed_period,144,power-active,24
34,19568.0,69835285.02703059,40255276.42030476,69835285.02703059,62967857.00456017,57727972.50597807,74829300.90595987,143660045.9799039,NIST_GROUND,2018_Apr_Jun_origins,fixed_period,144,power-active,24
35,21062.0,51190289.54386223,58664265.268746085,51190289.54386223,49494653.70638791,49051232.881137095,48678189.07414353,55013445.17346373,NIST_GROUND,2018_Apr_Jun_origins,fixed_period,144,power-active,24
36,22107.0,86310732.4257761,113835239.90847978,86310732.4257761,62637628.55905862,67762849.64215305,61718030.766512804,138132326.89027032,NIST_GROUND,2018_Apr_Jun_origins,fixed_period,144,power-active,24
37,21969.0,38894693.95346135,104522473.97180891,38894693.95346135,37186846.21534917,41927361.574789315,36816150.15737951,57508392.673824824,NIST_GROUND,2018_Apr_Jun_origins,fixed_period,144,power-active,24
38,20745.0,34981952.48131201,92394518.05528195,34981952.48131201,47211957.42303759,53263814.00642223,47651341.31694276,44436435.90442324,NIST_GROUND,2018_Apr_Jun_origins,fixed_period,144,power-active,24
39,18520.0,52888681.49746258,97266706.80022077,52888681.49746258,107376895.07965843,110273982.00165378,118795501.86013743,102767956.48071729,NIST_GROUND,2018_Apr_Jun_origins,fixed_period,144,power-active,24
40,22114.0,85878966.59583971,97382411.17375417,85878966.59583971,30798456.167725958,37501771.95378109,28417629.592118658,122170347.5858313,NIST_GROUND,2018_Apr_Jun_origins,fixed_period,144,power-active,24
41,21851.0,23304343.383679084,106672026.48311892,23304343.383679084,62783436.026495546,66830817.61594585,57916247.21804809,30509205.53399803,NIST_GROUND,2018_Apr_Jun_origins,fixed_period,144,power-active,24
42,19862.0,119884955.29201832,49446721.053358674,119884955.29201832,66401277.80430134,60195762.057417415,76820381.21239233,246676383.6090777,NIST_GROUND,2018_Apr_Jun_origins,fixed_period,144,power-active,24
43,19670.0,133943246.97608075,102035254.42290212,133943246.97608075,77558875.42387775,79880634.80668701,66166723.64093418,218439861.4374317,NIST_GROUND,2018_Apr_Jun_origins,fixed_period,144,power-active,24
44,21141.0,43165571.74625378,111395407.3528226,43165571.74625378,56247347.26353076,62358914.10069904,50188216.233019754,55607898.29987308,NIST_GROUND,2018_Apr_Jun_origins,fixed_period,144,power-active,24
45,19561.0,89919931.985172,37235386.84971457,89919931.985172,34784458.69349156,29299032.61102072,41010758.80183695,210210179.15416673,NIST_GROUND,2018_Apr_Jun_origins,fixed_period,144,power-active,24
46,21254.0,7569781.382752701,24683876.999289233,7569781.382752701,24838020.490206163,20994626.11308625,32472395.797643326,10335211.967930669,NIST_GROUND,2018_Apr_Jun_origins,fixed_period,144,power-active,24
47,19040.0,8004889.277332052,26911396.08414358,8004889.277332052,27530317.518672593,23953652.229685053,37166411.08941415,5926112.0008452805,NIST_GROUND,2018_Apr_Jun_origins,fixed_period,144,power-active,24
48,18822.0,3733867.4164521885,17339123.533676464,3733867.4164521885,12832192.993536161,10764316.903380789,14846222.252654117,3917631.418580279,NIST_GROUND,2018_Apr_Jun_origins,fixed_period,144,power-active,24
49,0.0,0.0,0.0,0.0,0.0,0.0,0.0,0.0,NIST_GROUND,2018_Apr_Jun_origins,fixed_period,144,power-active,24
50,990.0,264845.3146591256,7081770.99542239,264845.3146591256,4812169.169880807,6240843.83023437,5656093.766854471,945650.962012,NIST_GROUND,2018_Apr_Jun_origins,fixed_period,144,power-active,24
51,19648.0,46303546.96305355,56718811.470310576,46303546.96305355,49203270.43595257,46916737.71568812,49181130.790574975,86418113.56802362,NIST_GROUND,2018_Apr_Jun_origins,fixed_period,144,power-active,24
52,22519.0,93501002.43958516,82592195.08756791,93501002.43958516,62926117.732475534,69499174.66860253,60324830.83409111,165381705.03667432,NIST_GROUND,2018_Apr_Jun_origins,fixed_period,144,power-active,24
53,22429.0,51686760.76994188,107305240.27622803,51686760.76994188,21174072.595844004,26249213.69938798,19176407.33962777,70906938.87532504,NIST_GROUND,2018_Apr_Jun_origins,fixed_period,144,power-active,24
54,22864.0,7860873.02980929,86849987.4658071,7860873.02980929,17508321.605988804,21856593.69859312,15564711.965711234,1901319.9582026,NIST_GROUND,2018_Apr_Jun_origins,fixed_period,144,power-active,24
55,22658.0,43616113.010649994,96954094.77544647,43616113.010649994,45330286.630705945,49309396.875177965,46747292.682268396,63286397.01089793,NIST_GROUND,2018_Apr_Jun_origins,fixed_period,144,power-active,24
56,21237.0,37009296.62420596,89589192.5136465,37009296.62420596,45997543.14078694,51012210.70419239,44619339.652465664,54397157.24226357,NIST_GROUND,2018_Apr_Jun_origins,fixed_period,144,power-active,24
57,22022.0,61841957.41908714,33944790.19283522,61841957.41908714,30577447.226805724,27092807.251107458,27996691.425716963,140546226.86819562,NIST_GROUND,2018_Apr_Jun_origins,fixed_period,144,power-active,24
58,22417.0,33587859.41266134,41442754.03308266,33587859.41266134,23732137.56986648,25070514.94266737,20451184.544985533,47368091.17900774,NIST_GROUND,2018_Apr_Jun_origins,fixed_period,144,power-active,24
59,19787.0,50519579.59748715,37373752.595203206,50519579.59748715,71669225.7727917,66584061.344294384,84883244.04424521,80844568.3029841,NIST_GROUND,2018_Apr_Jun_origins,fixed_period,144,power-active,24
60,18853.0,51292498.84291286,44921629.28828147,51292498.84291286,43743180.04488246,41181921.158127405,38608940.73932209,75361632.32748897,NIST_GROUND,2018_Apr_Jun_origins,fixed_period,144,power-active,24
61,22964.0,69287619.33128467,85742503.7080923,69287619.33128467,55526145.07033533,59567963.51073993,49717839.18724499,119350845.6616634,NIST_GROUND,2018_Apr_Jun_origins,fixed_period,144,power-active,24
62,18755.0,62694706.23387741,64129333.3626157,62694706.23387741,56656044.13187549,53534076.52410317,59979615.09531854,109202210.85720289,NIST_GROUND,2018_Apr_Jun_origins,fixed_period,144,power-active,24
63,21334.0,56336465.68844721,42623212.28897492,56336465.68844721,51031375.107556954,45617226.70623783,62734661.421620116,102797101.65621512,NIST_GROUND,2018_Apr_Jun_origins,fixed_period,144,power-active,24
64,22533.0,143427462.65658495,103639247.4120223,143427462.65658495,81508312.00076419,85919330.66697696,72350148.57409257,234558948.57765153,NIST_GROUND,2018_Apr_Jun_origins,fixed_period,144,power-active,24
65,22971.0,59039801.35333019,74557823.38555364,59039801.35333019,58037822.40925358,59859543.096643515,60782637.857533716,113443158.78745785,NIST_GROUND,2018_Apr_Jun_origins,fixed_period,144,power-active,24
66,23286.0,53676863.76616608,98678352.1789769,53676863.76616608,69632611.58624105,73014698.02197136,71327662.88642946,73523882.77064155,NIST_GROUND,2018_Apr_Jun_origins,fixed_period,144,power-active,24
67,22973.0,38753558.52584193,84072439.3530693,38753558.52584193,43729953.31276654,49234625.90860227,41990799.07359819,73786504.35815358,NIST_GROUND,2018_Apr_Jun_origins,fixed_period,144,power-active,24
68,22739.0,15820993.198010009,44192607.96234215,15820993.198010009,20881523.86939516,22388591.95453084,22607188.539750293,41271534.38832355,NIST_GROUND,2018_Apr_Jun_origins,fixed_period,144,power-active,24
69,22398.0,48755200.62109336,64776685.29111688,48755200.62109336,58794028.65492532,56935076.328428835,55771780.14629921,66845125.93471117,NIST_GROUND,2018_Apr_Jun_origins,fixed_period,144,power-active,24
70,21362.0,63069533.86497119,47365594.586156584,63069533.86497119,52224577.10828039,47323555.65460772,64382363.89238875,134130842.89008553,NIST_GROUND,2018_Apr_Jun_origins,fixed_period,144,power-active,24
71,21960.0,25514802.6368576,40089050.38030153,25514802.6368576,30637291.89653737,29312955.546625644,32559064.072735216,39656180.324387565,NIST_GROUND,2018_Apr_Jun_origins,fixed_period,144,power-active,24
72,22608.0,154049286.09829405,110598430.66349152,154049286.09829405,39762285.865745716,43674136.21819085,34351699.72988544,264519487.61231932,NIST_GROUND,2018_Apr_Jun_origins,fixed_period,144,power-active,24
73,22771.0,38186252.04667603,46871137.73424042,38186252.04667603,36162705.21921384,37590642.091393806,33395271.834295284,90080501.32964814,NIST_GROUND,2018_Apr_Jun_origins,fixed_period,144,power-active,24
74,21924.0,68322491.96633953,127789382.2957268,68322491.96633953,82633794.65938175,90179513.25982764,79574189.75075412,89815164.20272315,NIST_GROUND,2018_Apr_Jun_origins,fixed_period,144,power-active,24
75,21457.0,14169565.806654213,109708792.87071905,14169565.806654213,50761655.937130935,55505864.1869543,41740511.84409887,2084861.6200109187,NIST_GROUND,2018_Apr_Jun_origins,fixed_period,144,power-active,24
76,14118.0,8200483.877981573,62597499.80031017,8200483.877981573,21342551.7492555,24829164.94678325,23268872.450568296,8194473.64040216,NIST_GROUND,2018_Apr_Jun_origins,fixed_period,144,power-active,24
77,4929.0,12516442.02839699,33689959.709980994,12516442.02839699,58166165.872596905,55441854.12461428,61201924.67722512,9635412.494136909,NIST_GROUND,2018_Apr_Jun_origins,fixed_period,144,power-active,24
78,6244.0,23537568.199996952,50657830.194355726,23537568.199996952,74090367.17317323,71460477.94325888,80990185.56259616,9494520.333393808,NIST_GROUND,2018_Apr_Jun_origins,fixed_period,144,power-active,24
79,14670.0,69344428.01425138,75935537.03385326,69344428.01425138,93419344.33878127,92106629.18292734,101686375.95842479,102640034.53553042,NIST_GROUND,2018_Apr_Jun_origins,fixed_period,144,power-active,24
80,21215.0,37752362.96623083,44370045.200479664,37752362.96623083,56791366.11320621,53616910.268495806,64053732.99456731,103484901.19147192,NIST_GROUND,2018_Apr_Jun_origins,fixed_period,144,power-active,24
81,22400.0,31887107.186517987,40958516.57517808,31887107.186517987,34391154.6730792,33267555.572964706,35879164.15086035,52266435.891008005,NIST_GROUND,2018_Apr_Jun_origins,fixed_period,144,power-active,24
82,10081.0,19888923.9218815,13560845.726428479,19888923.9218815,36943759.56994942,30387818.020135585,41648609.29230616,42539447.227707095,NIST_GROUND,2018_Apr_Jun_origins,fixed_period,144,power-active,24
83,0.0,0.0,0.0,0.0,0.0,0.0,0.0,0.0,NIST_GROUND,2018_Apr_Jun_origins,fixed_period,144,power-active,24
84,165.0,3133858.321936328,2356858.9745705673,3133858.321936328,3911733.1787916357,3534654.231326315,4108164.657127139,4230311.667599999,NIST_GROUND,2018_Apr_Jun_origins,fixed_period,144,power-active,24
85,7298.0,34284358.76288076,42652657.32284794,34284358.76288076,50509081.71175421,48576729.37920593,55497301.31592426,76017784.37131065,NIST_GROUND,2018_Apr_Jun_origins,fixed_period,144,power-active,24
86,20364.0,56278998.92370004,82805971.60497032,56278998.92370004,41055344.61202383,42006158.9100875,44528045.35386262,53777418.2451992,NIST_GROUND,2018_Apr_Jun_origins,fixed_period,144,power-active,24
87,22767.0,72574541.20402782,27227995.961887255,72574541.20402782,45515260.67282926,40246429.45270274,51448564.00072901,175658569.26278353,NIST_GROUND,2018_Apr_Jun_origins,fixed_period,144,power-active,24
88,22909.0,61941680.409828976,66548969.05002706,61941680.409828976,63288616.37310535,67172823.45440552,66944229.65128944,80326391.56426927,NIST_GROUND,2018_Apr_Jun_origins,fixed_period,144,power-active,24
89,23162.0,69923872.03591311,87516372.88718672,69923872.03591311,30623781.501692165,34605802.60885538,29809963.98733309,110788085.68320385,NIST_GROUND,2018_Apr_Jun_origins,fixed_period,144,power-active,24
90,22603.0,8913438.28574398,58117350.03029911,8913438.28574398,13450970.371700507,17061748.602589656,12797606.248359675,19789582.1053938,NIST_GROUND,2018_Apr_Jun_origins,fixed_period,144,power-active,24
0,36664.0,120777717.16060781,84615745.96493223,120777717.16060781,85366461.18297349,82077534.12407255,86739015.76664606,277204734.0865272,NIST_GROUND,2018_Apr_Jun_origins,fixed_period,144,power-active,48
1,38481.0,177464464.6158267,136796765.33136404,177464464.6158267,122030111.23994774,117937012.78622507,116408898.44475606,249603738.1606415,NIST_GROUND,2018_Apr_Jun_origins,fixed_period,144,power-active,48
2,39891.0,108471948.33047386,305880739.65815157,108471948.33047386,170751387.47659466,175292288.0184337,162773493.80994204,160212852.2411741,NIST_GROUND,2018_Apr_Jun_origins,fixed_period,144,power-active,48
3,38549.0,253851376.54390588,248048306.30222,253851376.54390588,129133024.84147048,137584876.3355004,125898245.528941,413554962.48947716,NIST_GROUND,2018_Apr_Jun_origins,fixed_period,144,power-active,48
4,37839.0,330309271.9517622,255204221.27901042,330309271.9517622,205020011.92797983,207296190.51375943,206498553.41668856,598618058.0224521,NIST_GROUND,2018_Apr_Jun_origins,fixed_period,144,power-active,48
5,40349.0,104183750.5466016,218949529.83099303,104183750.5466016,151955313.7898647,153343448.00204608,144635620.37560126,179166270.5399497,NIST_GROUND,2018_Apr_Jun_origins,fixed_period,144,power-active,48
6,41254.0,48886777.47220288,208658220.99905473,48886777.47220288,82257604.03505401,92000631.12172145,81860262.8542591,67858431.09369591,NIST_GROUND,2018_Apr_Jun_origins,fixed_period,144,power-active,48
7,36258.0,152082332.7736085,69347461.17600906,152082332.7736085,92199937.54536659,87481910.37759174,108337558.84956992,297065011.48852736,NIST_GROUND,2018_Apr_Jun_origins,fixed_period,144,power-active,48
8,40012.0,212393727.79518506,208545061.5283098,212393727.79518506,85760886.85597284,89054129.61136143,84670819.98795237,317197956.915358,NIST_GROUND,2018_Apr_Jun_origins,fixed_period,144,power-active,48
9,41863.0,268905522.9454394,356536313.7008889,268905522.9454394,167245914.30362147,175807618.67245972,165766125.12564135,445246131.5280984,NIST_GROUND,2018_Apr_Jun_origins,fixed_period,144,power-active,48
10,43498.0,25498971.410134017,232265582.88150102,25498971.410134017,76357694.49142256,86013870.70465165,78422729.62820123,49703864.18149583,NIST_GROUND,2018_Apr_Jun_origins,fixed_period,144,power-active,48
11,40960.0,86162902.36883524,120331267.86724532,86162902.36883524,88446508.33339062,87584066.48584741,95182914.4975281,169625005.03136426,NIST_GROUND,2018_Apr_Jun_origins,fixed_period,144,power-active,48
12,41160.0,235797490.63127446,189119224.7016304,235797490.63127446,86141330.79501182,90732987.15790981,86816174.5644469,395067760.34778064,NIST_GROUND,2018_Apr_Jun_origins,fixed_period,144,power-active,48
13,41531.0,258432079.28198382,192070098.87829015,258432079.28198382,130008723.85467035,128847120.3951985,123250576.04536967,449706754.8124004,NIST_GROUND,2018_Apr_Jun_origins,fixed_period,144,power-active,48
14,42769.0,179718128.53227824,321895610.508811,179718128.53227824,117446814.85224845,127441055.09676023,119086716.29044414,247483901.30873004,NIST_GROUND,2018_Apr_Jun_origins,fixed_period,144,power-active,48
15,43645.0,14774941.283643585,203047890.20839837,14774941.283643585,38052174.28020487,48487882.04281953,42211752.33672092,5261514.729056929,NIST_GROUND,2018_Apr_Jun_origins,fixed_period,144,power-active,48
16,40738.0,44583286.73998093,144796359.33671406,44583286.73998093,74638084.12629479,76211292.92784652,72092488.09450886,57793123.92766856,NIST_GROUND,2018_Apr_Jun_origins,fixed_period,144,power-active,48
17,40630.0,121025574.57089284,98919541.68905084,121025574.57089284,112462510.7109481,106779205.38711514,123507489.98010333,198673491.15336785,NIST_GROUND,2018_Apr_Jun_origins,fixed_period,144,power-active,48
18,44076.0,125205426.37923734,218357713.88028896,125205426.37923734,99824474.77440771,109690211.21694233,98534180.92389219,195640719.56409508,NIST_GROUND,2018_Apr_Jun_origins,fixed_period,144,power-active,48
19,39265.0,87870633.9787746,189661224.8555026,87870633.9787746,154588852.5026961,163537796.00807583,166446843.17708042,147204392.3851405,NIST_GROUND,2018_Apr_Jun_origins,fixed_period,144,power-active,48
20,43965.0,109183309.97951877,204054437.656873,109183309.97951877,93581892.19422151,104332589.5697271,86333876.8101668,152679553.11982936,NIST_GROUND,2018_Apr_Jun_origins,fixed_period,144,power-active,48
21,39532.0,253828202.26809907,151481975.47626066,253828202.26809907,143960153.22817904,140076396.8641047,142987104.85332656,465116245.0465091,NIST_GROUND,2018_Apr_Jun_origins,fixed_period,144,power-active,48
22,40702.0,133085503.7314258,148630794.2025371,133085503.7314258,91031805.95702238,91657946.71171963,91198975.03485677,265818077.45403978,NIST_GROUND,2018_Apr_Jun_origins,fixed_period,144,power-active,48
23,40294.0,15574670.660084743,51595273.08343289,15574670.660084743,52368338.00887876,44948278.34277132,69638806.88705751,16261323.968775958,NIST_GROUND,2018_Apr_Jun_origins,fixed_period,144,power-active,48
24,18822.0,3733867.4164521885,17339123.533676464,3733867.4164521885,12832192.993536161,10764316.903380789,14846222.252654117,3917631.418580279,NIST_GROUND,2018_Apr_Jun_origins,fixed_period,144,power-active,48
25,20638.0,46568392.277712665,63800582.465732954,46568392.277712665,54015439.605833344,53157581.54592251,54837224.55742946,87363764.53003564,NIST_GROUND,2018_Apr_Jun_origins,fixed_period,144,power-active,48
26,44948.0,145187763.2095267,189897435.36379614,145187763.2095267,84100190.3283195,95748388.36799057,79501238.17371891,236288643.91199934,NIST_GROUND,2018_Apr_Jun_origins,fixed_period,144,power-active,48
27,45522.0,51476986.04045929,183804082.24125347,51476986.04045929,62838608.23669477,71165990.5737711,62312004.64797965,65187716.96910054,NIST_GROUND,2018_Apr_Jun_origins,fixed_period,144,power-active,48
28,43259.0,98851254.04329309,123533982.70648181,98851254.04329309,76574990.36759266,78105017.95529991,72616031.07818261,194943384.11045918,NIST_GROUND,2018_Apr_Jun_origins,fixed_period,144,power-active,48
29,42204.0,84107439.01014853,78816506.62828583,84107439.01014853,95401363.34265813,91654576.28696169,105334428.58923073,128212659.48199196,NIST_GROUND,2018_Apr_Jun_origins,fixed_period,144,power-active,48
30,41817.0,120580118.17419757,130664132.99637388,120580118.17419757,99269325.11521788,100749884.66886744,88326779.92656706,194712477.98915243,NIST_GROUND,2018_Apr_Jun_origins,fixed_period,144,power-active,48
31,40089.0,119031171.92232458,106752545.65159075,119031171.92232458,107687419.23943247,99151303.23034099,122714276.51693867,211999312.513418,NIST_GROUND,2018_Apr_Jun_origins,fixed_period,144,power-active,48
32,45504.0,202467264.0099148,178197070.7975758,202467264.0099148,139546134.41001788,145778873.76362056,133132786.43162623,348002107.36510956,NIST_GROUND,2018_Apr_Jun_origins,fixed_period,144,power-active,48
33,46259.0,92430422.29200795,182750791.53204653,92430422.29200795,113362564.89900762,122249323.93057355,113318461.96002771,147310387.128795,NIST_GROUND,2018_Apr_Jun_origins,fixed_period,144,power-active,48
34,45137.0,64576193.819103375,108969293.25345898,64576193.819103375,79675552.52432045,79323668.28295967,78378968.68604966,108116660.3230348,NIST_GROUND,2018_Apr_Jun_origins,fixed_period,144,power-active,48
35,43322.0,88584336.50182877,87454644.9664581,88584336.50182877,82861869.00481768,76636511.20123339,96941427.96512398,173787023.21447322,NIST_GROUND,2018_Apr_Jun_origins,fixed_period,144,power-active,48
36,45379.0,192235538.14496997,157469568.3977319,192235538.14496997,75924991.08495958,81264778.30958463,67746971.56418078,354599988.94196767,NIST_GROUND,2018_Apr_Jun_origins,fixed_period,144,power-active,48
37,43381.0,82492057.77299392,237498175.16644564,82492057.77299392,133395450.59651269,145685377.446782,121314701.59485304,91900025.82273416,NIST_GROUND,2018_Apr_Jun_origins,fixed_period,144,power-active,48
38,19047.0,20716925.90637858,96287459.51029111,20716925.90637858,79508717.62185238,80271019.07139754,84470797.12779342,17829886.134539086,NIST_GROUND,2018_Apr_Jun_origins,fixed_period,144,power-active,48
39,20914.0,92881996.2142484,126593367.22820896,92881996.2142484,167509711.51195446,163567107.12618622,182676561.52102098,112134554.86892423,NIST_GROUND,2018_Apr_Jun_origins,fixed_period,144,power-active,48
40,43615.0,69639470.15274881,85328561.77565785,69639470.15274881,91182520.7862854,86884465.84146051,99932897.14542767,155751337.08248007,NIST_GROUND,2018_Apr_Jun_origins,fixed_period,144,power-active,48
41,10081.0,19888923.9218815,13560845.726428479,19888923.9218815,36943759.56994942,30387818.020135585,41648609.29230616,42539447.227707095,NIST_GROUND,2018_Apr_Jun_origins,fixed_period,144,power-active,48
42,7463.0,37418217.084817074,45009516.29741853,37418217.084817074,54420814.89054584,52111383.61053224,59605465.9730514,80248096.03891061,NIST_GROUND,2018_Apr_Jun_origins,fixed_period,144,power-active,48
43,43131.0,128853540.12772785,110033967.56685759,128853540.12772785,86570605.28485323,82252588.36279018,95976609.35459164,229435987.5079826,NIST_GROUND,2018_Apr_Jun_origins,fixed_period,144,power-active,48
44,46071.0,131865552.4457421,154065341.93721378,131865552.4457421,93912397.87479764,101778626.06326088,96754193.6386225,191114477.24747306,NIST_GROUND,2018_Apr_Jun_origins,fixed_period,144,power-active,48
45,22603.0,8913438.28574398,58117350.03029911,8913438.28574398,13450970.371700507,17061748.602589656,12797606.248359675,19789582.1053938,NIST_GROUND,2018_Apr_Jun_origins,fixed_period,144,power-active,48
0,55335.0,147364813.76377726,100387698.08673231,147364813.76377726,110792620.09176643,104971909.52961095,115018881.4722041,325628673.89888513,NIST_GROUND,2018_Apr_Jun_origins,fixed_period,144,power-active,72
1,59701.0,259349316.34313124,426905552.8677152,259349316.34313124,267355339.80774954,270334925.3991205,250902526.5491402,361392650.5894595,NIST_GROUND,2018_Apr_Jun_origins,fixed_period,144,power-active,72
2,56407.0,380657588.2775878,305558151.35620826,380657588.2775878,216139916.6254625,219757712.56564608,213956856.40580708,700665646.2226,NIST_GROUND,2018_Apr_Jun_origins,fixed_period,144,power-active,72
3,60330.0,307686810.76468253,416643906.0560148,307686810.76468253,269968433.93385196,278466802.28565973,263075562.91542384,490673644.8292757,NIST_GROUND,2018_Apr_Jun_origins,fixed_period,144,power-active,72
4,59654.0,186760851.15445688,248500903.25907815,186760851.15445688,160471269.09623843,165416281.26737183,175386513.44462347,344438588.60148066,NIST_GROUND,2018_Apr_Jun_origins,fixed_period,144,power-active,72
5,57870.0,226601986.88653973,238049840.4442958,226601986.88653973,99747159.34015511,103120389.8433026,99482128.24715789,337682810.8961006,NIST_GROUND,2018_Apr_Jun_origins,fixed_period,144,power-active,72
6,63536.0,276408491.7690453,485302975.7634784,276408491.7690453,193994847.01154736,207064115.4162554,196264118.90928048,462965302.95158833,NIST_GROUND,2018_Apr_Jun_origins,fixed_period,144,power-active,72
7,62785.0,104158904.95536304,223830188.68615654,104158904.95536304,138055270.11688718,142341440.44670337,143107650.34209037,201609697.78937027,NIST_GROUND,2018_Apr_Jun_origins,fixed_period,144,power-active,72
8,61380.0,352227271.1018201,236186540.66947004,352227271.1018201,142730017.51620603,144048883.90219638,142208103.15765324,651250215.2655419,NIST_GROUND,2018_Apr_Jun_origins,fixed_period,144,power-active,72
9,64080.0,321720427.3437159,466898393.41926163,321720427.3437159,190866851.9857245,202972278.74767196,186945363.74260712,441008201.20336837,NIST_GROUND,2018_Apr_Jun_origins,fixed_period,144,power-active,72
10,65473.0,28299004.886639252,277581832.99201995,28299004.886639252,58665232.72146333,72877740.22923437,64672241.961143255,16622084.37377058,NIST_GROUND,2018_Apr_Jun_origins,fixed_period,144,power-active,72
11,59540.0,152084797.7078782,169181958.24214345,152084797.7078782,166487536.39598474,158600640.1285466,173139488.45018995,245106045.43632266,NIST_GROUND,2018_Apr_Jun_origins,fixed_period,144,power-active,72
12,64821.0,160187378.86054954,310752231.9355711,160187378.86054954,147036432.1974455,162954025.22336435,146185522.24083507,240077155.46851847,NIST_GROUND,2018_Apr_Jun_origins,fixed_period,144,power-active,72
13,62485.0,162071991.47698107,301321144.4570942,162071991.47698107,200958787.2738799,214606571.57138076,205129378.67030406,255447509.60054642,NIST_GROUND,2018_Apr_Jun_origins,fixed_period,144,power-active,72
14,60673.0,296993774.01435316,262877382.82908368,296993774.01435316,200207500.4917096,202435310.9648036,193175321.0863462,520724143.34638196,NIST_GROUND,2018_Apr_Jun_origins,fixed_period,144,power-active,72
15,59855.0,105494602.64525674,88830659.93314739,105494602.64525674,87152796.7023703,74247310.95379208,110649565.6888942,226471503.12294272,NIST_GROUND,2018_Apr_Jun_origins,fixed_period,144,power-active,72
16,19812.0,3998712.7311113146,24420894.52909886,3998712.7311113146,17644362.163416963,17005160.733615153,20502316.019508593,4863282.380592277,NIST_GROUND,2018_Apr_Jun_origins,fixed_period,144,power-active,72
17,64596.0,191491310.17258006,246616246.8341067,191491310.17258006,133303460.76427203,142665126.08367857,128682368.964294,322706757.4800234,NIST_GROUND,2018_Apr_Jun_origins,fixed_period,144,power-active,72
18,66759.0,88486282.66466516,273393274.7548999,88486282.66466516,108836151.37748155,122178201.27796344,106931344.30044524,119584874.21136412,NIST_GROUND,2018_Apr_Jun_origins,fixed_period,144,power-active,72
19,64226.0,145949396.42923588,112761296.82112107,145949396.42923588,125978810.56946394,118747383.53806908,133331120.01494764,268758886.3501872,NIST_GROUND,2018_Apr_Jun_origins,fixed_period,144,power-active,72
20,60572.0,183274824.40807512,194793466.3589897,183274824.40807512,155925369.24709332,154283961.19297063,148306395.0218856,303914688.84635544,NIST_GROUND,2018_Apr_Jun_origins,fixed_period,144,power-active,72
21,66838.0,258803729.69836196,220820283.0865507,258803729.69836196,190577509.51757488,191396100.46985838,195867447.8532464,450799209.02132475,NIST_GROUND,2018_Apr_Jun_origins,fixed_period,144,power-active,72
22,68998.0,108251415.49001788,226943399.4943887,108251415.49001788,134244088.76840279,144637915.88510418,135925650.49977806,188581921.51711842,NIST_GROUND,2018_Apr_Jun_origins,fixed_period,144,power-active,72
23,65720.0,137339537.1229221,152231330.25757498,137339537.1229221,141655897.65974307,133571587.5296621,152713208.11142337,240632149.14918438,NIST_GROUND,2018_Apr_Jun_origins,fixed_period,144,power-active,72
24,67303.0,260558030.11130953,285258950.6934583,260558030.11130953,158558785.7443414,171444291.56941202,147321161.31493494,444415153.14469075,NIST_GROUND,2018_Apr_Jun_origins,fixed_period,144,power-active,72
25,40504.0,34886491.713032775,205996252.38101023,34886491.713032775,130270373.55898328,135776883.25835186,126211308.9718923,19914747.754550003,NIST_GROUND,2018_Apr_Jun_origins,fixed_period,144,power-active,72
26,42129.0,130634359.1804792,170963412.4286889,130634359.1804792,224301077.6251608,217184017.394682,246730294.515588,215619456.06039625,NIST_GROUND,2018_Apr_Jun_origins,fixed_period,144,power-active,72
27,32481.0,51776031.10839948,54519362.3016066,51776031.10839948,71334914.24302867,63655373.593100265,77527773.44316654,94805883.11871497,NIST_GROUND,2018_Apr_Jun_origins,fixed_period,144,power-active,72
28,27827.0,93697216.0085172,127815487.90238869,93697216.0085172,95476159.50256969,94117542.52061963,104133511.32691403,134025514.28411004,NIST_GROUND,2018_Apr_Jun_origins,fixed_period,144,power-active,72
29,68838.0,204440093.64976975,181293337.89910096,204440093.64976975,139427658.5476269,142025055.51596373,148202757.63935158,366773046.51025695,NIST_GROUND,2018_Apr_Jun_origins,fixed_period,144,power-active,72
30,22603.0,8913438.28574398,58117350.03029911,8913438.28574398,13450970.371700507,17061748.602589656,12797606.248359675,19789582.1053938,NIST_GROUND,2018_Apr_Jun_origins,fixed_period,144,power-active,72
0,22194.0,3533993.337737196,30086698.711750463,3533993.337737196,5826013.2398474375,3942937.5801706347,4294227.6759046065,68464.23119291993,NIST_GROUND,2018_Apr_Jun_origins,fixed_period,144,low-power,24
1,23038.0,2547194.9853706323,17837073.831530746,2547194.9853706323,5416852.83070818,3771681.0310446783,4154335.785929988,170567.52036679897,NIST_GROUND,2018_Apr_Jun_origins,fixed_period,144,low-power,24
2,21981.0,3609284.6175600127,30795137.274465032,3609284.6175600127,3358233.8137560776,2506757.000585771,2624392.2667255867,145994.3923489601,NIST_GROUND,2018_Apr_Jun_origins,fixed_period,144,low-power,24
3,21374.0,9613520.263718326,32196644.797252927,9613520.263718326,5405521.513675175,4092628.9506415334,4637439.629367666,460474.41033555975,NIST_GROUND,2018_Apr_Jun_origins,fixed_period,144,low-power,24
4,21091.0,1552291.7318761768,9754359.617917934,1552291.7318761768,1690787.1263548203,1114526.9446672918,890259.6350061365,1920.003827760003,NIST_GROUND,2018_Apr_Jun_origins,fixed_period,144,low-power,24
5,21962.0,3754247.453805305,24838029.365747362,3754247.453805305,3506674.944828012,2492415.520507121,2503440.6752348803,131517.30437616014,NIST_GROUND,2018_Apr_Jun_origins,fixed_period,144,low-power,24
6,22569.0,1574877.0130895567,28198407.576734025,1574877.0130895567,5813009.606385778,3904491.6331882467,4363354.730634775,222593.00889311897,NIST_GROUND,2018_Apr_Jun_origins,fixed_period,144,low-power,24
7,20824.0,1647742.2421680775,8429294.016918497,1647742.2421680775,3672161.8698152397,2868104.5852989554,2562702.972871476,32450.951145839994,NIST_GROUND,2018_Apr_Jun_origins,fixed_period,144,low-power,24
8,22621.0,3530304.953463766,20258653.86435142,3530304.953463766,4768786.668587302,3622917.386776562,3674702.3552399464,1858796.1373012017,NIST_GROUND,2018_Apr_Jun_origins,fixed_period,144,low-power,24
9,20376.0,1749848.5174568207,9985717.367750254,1749848.5174568207,1343718.1709005912,1110841.0601591982,986378.2706455373,23492.71353756003,NIST_GROUND,2018_Apr_Jun_origins,fixed_period,144,low-power,24
10,21027.0,2041959.8163988923,10828893.25821567,2041959.8163988923,6003861.565069885,3796541.9203545703,3874071.53652265,24761.85591159991,NIST_GROUND,2018_Apr_Jun_origins,fixed_period,144,low-power,24
11,20947.0,1976252.2524427453,17261417.837584153,1976252.2524427453,4134092.022543154,2464052.1672887537,2709412.594584927,716.0931339600024,NIST_GROUND,2018_Apr_Jun_origins,fixed_period,144,low-power,24
12,20352.0,1291494.4286554144,15916513.585496897,1291494.4286554144,2376803.6610229486,1736891.6498488288,1993191.7465521141,585.8846418399971,NIST_GROUND,2018_Apr_Jun_origins,fixed_period,144,low-power,24
13,19889.0,1357831.1329684763,13186753.327470852,1357831.1329684763,1943539.4995095774,2234399.6100303615,1360041.6315191428,558.5658366799986,NIST_GROUND,2018_Apr_Jun_origins,fixed_period,144,low-power,24
14,21694.0,5001569.328025613,60068689.22172001,5001569.328025613,2519116.7309160675,2519330.5864604823,2475093.721926881,229676.60608875958,NIST_GROUND,2018_Apr_Jun_origins,fixed_period,144,low-power,24
15,22201.0,6318561.679006672,38041832.800142966,6318561.679006672,3425195.105850431,3547756.946329455,3155058.15123396,130369.01143759978,NIST_GROUND,2018_Apr_Jun_origins,fixed_period,144,low-power,24
16,21269.0,3350350.573103054,17557198.406704735,3350350.573103054,2988920.6352447625,2587970.4581503365,1710094.3804388118,1767.8134920799878,NIST_GROUND,2018_Apr_Jun_origins,fixed_period,144,low-power,24
17,20415.0,4342229.441132214,28926582.07326206,4342229.441132214,2500540.5663059694,1630200.4500406964,1992905.214439163,1891950.4494269611,NIST_GROUND,2018_Apr_Jun_origins,fixed_period,144,low-power,24
18,20604.0,4252174.702955912,27354307.404292326,4252174.702955912,4967771.313963974,3638740.543417297,3578563.974803499,3510317.5256434963,NIST_GROUND,2018_Apr_Jun_origins,fixed_period,144,low-power,24
19,20232.0,1878895.0590561596,9434672.85880419,1878895.0590561596,1552364.597621165,1086299.4172460185,1019852.3465934718,6941.614633879981,NIST_GROUND,2018_Apr_Jun_origins,fixed_period,144,low-power,24
20,19799.0,3753111.051504347,16861778.704098694,3753111.051504347,1704379.2073219824,1018927.9369606606,822950.7334109466,536.736667200001,NIST_GROUND,2018_Apr_Jun_origins,fixed_period,144,low-power,24
21,19647.0,1537973.2344001534,12393435.544385903,1537973.2344001534,1299180.300417423,893402.5262656135,715906.6547869169,3827.8793231200066,NIST_GROUND,2018_Apr_Jun_origins,fixed_period,144,low-power,24
22,19815.0,1415737.5452385957,15134677.217557155,1415737.5452385957,1283974.6063970744,1092956.7846401685,878205.0382546594,87561.68082871985,NIST_GROUND,2018_Apr_Jun_origins,fixed_period,144,low-power,24
23,21737.0,3903007.266608128,35182703.55080279,3903007.266608128,1686321.0870038457,1033449.9614446178,1129757.5451266202,177384.78705552063,NIST_GROUND,2018_Apr_Jun_origins,fixed_period,144,low-power,24
24,20458.0,4739568.75796524,32860390.48082951,4739568.75796524,1470715.2944516926,824432.2065646659,1067790.058609629,5565.197597559993,NIST_GROUND,2018_Apr_Jun_origins,fixed_period,144,low-power,24
25,20729.0,4571648.529233702,20619528.232542217,4571648.529233702,1590384.0284530928,1262251.806905488,1170950.8316258756,912897.5901534393,NIST_GROUND,2018_Apr_Jun_origins,fixed_period,144,low-power,24
26,20986.0,3781003.881350911,24026954.336248588,3781003.881350911,4189302.605066162,2691774.1483028517,2759545.47934044,1281642.7255313948,NIST_GROUND,2018_Apr_Jun_origins,fixed_period,144,low-power,24
27,20161.0,3129084.6425411957,21596895.31387893,3129084.6425411957,1131876.5363684867,950026.4336231468,779522.9448323104,26499.571774399883,NIST_GROUND,2018_Apr_Jun_origins,fixed_period,144,low-power,24
28,20160.0,1828304.4918043024,9278372.109908065,1828304.4918043024,1487270.3365707663,955707.868682687,930955.2035687008,4857.715199640013,NIST_GROUND,2018_Apr_Jun_origins,fixed_period,144,low-power,24
29,20015.0,3156626.072403409,19127785.46990182,3156626.072403409,1663635.4373370868,1138057.618695982,1022519.9888021662,558.3115418000021,NIST_GROUND,2018_Apr_Jun_origins,fixed_period,144,low-power,24
30,19945.0,3149310.9311329317,19273697.308931887,3149310.9311329317,1738020.3244027523,1233553.7451543612,888389.7735031934,497.07493024000007,NIST_GROUND,2018_Apr_Jun_origins,fixed_period,144,low-power,24
31,19066.0,1777216.7133441323,16338507.568947734,1777216.7133441323,1757495.0698559924,1126331.403044448,996870.4197896543,526.7232773199977,NIST_GROUND,2018_Apr_Jun_origins,fixed_period,144,low-power,24
32,19442.0,1226418.617186484,10841052.671194311,1226418.617186484,1068106.9503403506,821712.4466421513,794950.8160332359,8236.816632480015,NIST_GROUND,2018_Apr_Jun_origins,fixed_period,144,low-power,24
33,21701.0,4396156.619858872,23668107.676488414,4396156.619858872,5166150.083351282,4285478.025544049,4362623.339491374,1196158.0260491169,NIST_GROUND,2018_Apr_Jun_origins,fixed_period,144,low-power,24
34,21530.0,4054966.939310423,47130546.92830868,4054966.939310423,2932346.4515427155,1988076.0750223806,2260584.0667145243,2734.5225962799927,NIST_GROUND,2018_Apr_Jun_origins,fixed_period,144,low-power,24
35,20122.0,3525015.191266182,23613421.973536924,3525015.191266182,2114489.850615617,1241164.5030161717,1244773.5811667547,1583.6895899599947,NIST_GROUND,2018_Apr_Jun_origins,fixed_period,144,low-power,24
36,19221.0,1068976.907774621,12715137.313103022,1068976.907774621,661944.7324533393,524896.0618399874,413584.30355448445,1392.97304592,NIST_GROUND,2018_Apr_Jun_origins,fixed_period,144,low-power,24
37,18928.0,1215242.2355698308,12019666.772433678,1215242.2355698308,1347832.1576669842,1118482.9805924832,818738.8922894825,372.05889924000184,NIST_GROUND,2018_Apr_Jun_origins,fixed_period,144,low-power,24
38,10691.0,1759129.2308316184,8236997.924411821,1759129.2308316184,1057068.776014731,1332945.8496533057,932901.8610832825,49.07534088000009,NIST_GROUND,2018_Apr_Jun_origins,fixed_period,144,low-power,24
39,11003.0,15847427.618842361,12643184.435641246,15847427.618842361,1860129.2108019923,2231128.5206550537,1526557.376099121,307065.60834500176,NIST_GROUND,2018_Apr_Jun_origins,fixed_period,144,low-power,24
40,18237.0,2168075.61896816,8321264.873778714,2168075.61896816,677294.8015842238,473559.10355679254,372406.50666539464,112223.74414992014,NIST_GROUND,2018_Apr_Jun_origins,fixed_period,144,low-power,24
41,19046.0,2139453.6394490693,17752778.741419088,2139453.6394490693,1757075.65437758,1443025.5523946895,1058182.9842635028,442.9764605599989,NIST_GROUND,2018_Apr_Jun_origins,fixed_period,144,low-power,24
42,21504.0,5126487.748729081,55597799.67565312,5126487.748729081,1129757.278289535,833824.4037569569,1010742.0435630261,216183.33561367978,NIST_GROUND,2018_Apr_Jun_origins,fixed_period,144,low-power,24
43,21802.0,7116708.502640248,29346746.28221409,7116708.502640248,5965901.319446739,4484636.776890219,4479191.706858436,42325.73443059961,NIST_GROUND,2018_Apr_Jun_origins,fixed_period,144,low-power,24
44,20309.0,1564352.0173461314,18574853.853709936,1564352.0173461314,1449559.5569789752,855244.5687667425,1068807.3366353696,129926.56432743986,NIST_GROUND,2018_Apr_Jun_origins,fixed_period,144,low-power,24
45,21623.0,5128156.0166891655,46921829.76663728,5128156.0166891655,2064499.0556420935,1904620.0677599758,2192617.0596248913,584608.4724200034,NIST_GROUND,2018_Apr_Jun_origins,fixed_period,144,low-power,24
46,19905.0,5308073.826998054,38814924.09147622,5308073.826998054,1083354.8827574407,742743.6808167514,812245.3098469274,439.88377703999845,NIST_GROUND,2018_Apr_Jun_origins,fixed_period,144,low-power,24
47,22023.0,8458476.652978353,55971424.905219845,8458476.652978353,1307685.1555667538,1168520.8462154719,1468595.3292354667,193712.99661232054,NIST_GROUND,2018_Apr_Jun_origins,fixed_period,144,low-power,24
48,22243.0,8632740.334446821,37432845.62996603,8632740.334446821,5859093.259491777,6346233.102924403,7593594.65709274,1844794.0346671597,NIST_GROUND,2018_Apr_Jun_origins,fixed_period,144,low-power,24
49,41328.0,54162999.408465154,167888149.2142609,54162999.408465154,130210956.76872168,124527526.74271965,138072325.93214637,26649942.876270883,NIST_GROUND,2018_Apr_Jun_origins,fixed_period,144,low-power,24
50,40482.0,32074191.15367842,202652689.9379563,32074191.15367842,247575186.33312613,236297130.0402231,245103153.72555524,0.0,NIST_GROUND,2018_Apr_Jun_origins,fixed_period,144,low-power,24
51,21824.0,8828569.544868283,43273789.68418703,8828569.544868283,8529461.444811521,6499834.916219171,8004531.332929554,2336.8969923599934,NIST_GROUND,2018_Apr_Jun_origins,fixed_period,144,low-power,24
52,18931.0,3202090.382475865,11797087.98595742,3202090.382475865,601887.0731773019,575289.8088657373,461244.78809930885,2884.0950742799896,NIST_GROUND,2018_Apr_Jun_origins,fixed_period,144,low-power,24
53,18755.0,1862146.4879203711,11986200.039721394,1862146.4879203711,604388.6590214742,724069.2522576065,517485.3967309598,469.00745727999976,NIST_GROUND,2018_Apr_Jun_origins,fixed_period,144,low-power,24
54,18486.0,1311100.0145405359,10955636.138906658,1311100.0145405359,971462.1913961286,832938.7980084813,535767.131855091,333.77476124000196,NIST_GROUND,2018_Apr_Jun_origins,fixed_period,144,low-power,24
55,18814.0,4141944.3840604946,26250909.142863538,4141944.3840604946,2342131.843879151,2098406.7621088093,2414879.1404169085,2803495.4828065997,NIST_GROUND,2018_Apr_Jun_origins,fixed_period,144,low-power,24
56,20235.0,1647223.5221438918,22048424.89044457,1647223.5221438918,885506.2750202097,537010.3375225244,538230.5266566284,216390.2147864401,NIST_GROUND,2018_Apr_Jun_origins,fixed_period,144,low-power,24
57,19428.0,3287963.8933880315,26961770.187435444,3287963.8933880315,1389451.1825359908,784855.0405309388,807548.9094365982,69789.05458023926,NIST_GROUND,2018_Apr_Jun_origins,fixed_period,144,low-power,24
58,18767.0,1763084.6097863312,14555035.117697116,1763084.6097863312,631008.862426215,583400.8194300479,541002.3587259728,26524.297545120025,NIST_GROUND,2018_Apr_Jun_origins,fixed_period,144,low-power,24
59,21329.0,5704599.324089437,45305667.86084214,5704599.324089437,1516812.402472495,1310065.1367956237,1552748.4379716038,510988.3293328416,NIST_GROUND,2018_Apr_Jun_origins,fixed_period,144,low-power,24
60,22210.0,12014570.093170451,50731763.933587395,12014570.093170451,7578286.984343944,6604521.207286549,7285939.066180327,1730668.2474287215,NIST_GROUND,2018_Apr_Jun_origins,fixed_period,144,low-power,24
61,18432.0,1082256.2887744827,7709798.846952695,1082256.2887744827,670914.4086965045,434859.0605393892,411095.29116895597,658.7839286800034,NIST_GROUND,2018_Apr_Jun_origins,fixed_period,144,low-power,24
62,22717.0,8992448.670579597,50889540.77211259,8992448.670579597,5548920.182921283,4552124.651581906,5044178.806865915,4661564.601102691,NIST_GROUND,2018_Apr_Jun_origins,fixed_period,144,low-power,24
63,20138.0,7152465.593731716,72810278.3938333,7152465.593731716,1906280.93413169,1268052.1395311893,1551441.0802471964,481665.6576865605,NIST_GROUND,2018_Apr_Jun_origins,fixed_period,144,low-power,24
64,18939.0,3157866.7483185427,15939719.296747457,3157866.7483185427,785756.0246619041,738172.9500711563,468373.3099498425,5521.873446200021,NIST_GROUND,2018_Apr_Jun_origins,fixed_period,144,low-power,24
65,18501.0,1493087.412261366,10081472.460342033,1493087.412261366,945055.5646091014,702447.7454427719,542574.3355356694,12160.253164320013,NIST_GROUND,2018_Apr_Jun_origins,fixed_period,144,low-power,24
66,18122.0,1137589.293497535,15153131.050335508,1137589.293497535,918486.641264917,655064.9140692776,611959.1109780427,1184.2829845600006,NIST_GROUND,2018_Apr_Jun_origins,fixed_period,144,low-power,24
67,18064.0,1122897.9846393093,8276135.620409579,1122897.9846393093,477711.3347306699,487986.8590436431,301727.94988612965,2809.353798920008,NIST_GROUND,2018_Apr_Jun_origins,fixed_period,144,low-power,24
68,17795.0,1246043.7500562416,8844362.730505094,1246043.7500562416,805874.9036656868,764580.4211203844,628415.8073456709,380.66432268000125,NIST_GROUND,2018_Apr_Jun_origins,fixed_period,144,low-power,24
69,18502.0,3443711.6405952927,16669555.777013851,3443711.6405952927,2200546.2519822656,1738771.8812104058,1645427.3500455003,295170.74441484193,NIST_GROUND,2018_Apr_Jun_origins,fixed_period,144,low-power,24
70,19966.0,5793455.4350793995,43722532.70567018,5793455.4350793995,680159.5076328412,717311.3522135211,736722.6067594048,132501.51405596038,NIST_GROUND,2018_Apr_Jun_origins,fixed_period,144,low-power,24
71,19512.0,5108344.949309012,30458834.808904015,5108344.949309012,1182328.251155686,691037.743537486,815107.19906792,74914.99844343947,NIST_GROUND,2018_Apr_Jun_origins,fixed_period,144,low-power,24
72,18864.0,1685405.6804685977,14165702.343294283,1685405.6804685977,746115.3609678118,563924.3874704624,431235.0953587352,2624.1618271999982,NIST_GROUND,2018_Apr_Jun_origins,fixed_period,144,low-power,24
73,17776.0,1220583.1897354552,13013801.032440415,1220583.1897354552,1125932.6342757577,1306677.5897948202,1093210.4265828095,296652.6398237202,NIST_GROUND,2018_Apr_Jun_origins,fixed_period,144,low-power,24
74,17831.0,2586598.5447004605,13677451.387683045,2586598.5447004605,1113582.9783611663,1025075.8320826443,869226.0347161115,10419.052298839999,NIST_GROUND,2018_Apr_Jun_origins,fixed_period,144,low-power,24
75,17979.0,2353519.3335115295,10857037.743629979,2353519.3335115295,1544115.2629306447,1708208.0166858258,1174059.9492026044,1860.8240388000047,NIST_GROUND,2018_Apr_Jun_origins,fixed_period,144,low-power,24
76,8065.0,3090862.267223176,7389418.222253337,3090862.267223176,787789.9210733454,1194644.4213826256,850526.5631362299,172.20805895999965,NIST_GROUND,2018_Apr_Jun_origins,fixed_period,144,low-power,24
77,3658.0,3075880.887895288,3252853.0087217214,3075880.887895288,461497.5451955246,993898.4583173756,577761.0279587208,3602.168888079998,NIST_GROUND,2018_Apr_Jun_origins,fixed_period,144,low-power,24
78,4003.0,4199977.40318067,2637230.291778422,4199977.40318067,484197.63970826345,969895.5445625351,821748.188766911,2193.854755519987,NIST_GROUND,2018_Apr_Jun_origins,fixed_period,144,low-power,24
79,12368.0,19447517.111521777,28686007.6452255,19447517.111521777,2338784.472445226,3032916.1345595582,2196242.992893871,19435210.173171524,NIST_GROUND,2018_Apr_Jun_origins,fixed_period,144,low-power,24
80,18852.0,5849154.644370112,26496756.85120791,5849154.644370112,1003554.7881972045,915459.1199786006,749272.2958542068,160709.49596391927,NIST_GROUND,2018_Apr_Jun_origins,fixed_period,144,low-power,24
81,19072.0,2810852.152897293,20073361.708541166,2810852.152897293,926790.2281218695,558581.2384735954,667042.8815755033,100747.2712340398,NIST_GROUND,2018_Apr_Jun_origins,fixed_period,144,low-power,24
82,10141.0,19102789.212983165,32781098.095316153,19102789.212983165,18488397.90929061,19262358.694869496,24197559.284675267,22139514.882581193,NIST_GROUND,2018_Apr_Jun_origins,fixed_period,144,low-power,24
83,4609.0,11866127.743816508,5460337.312958576,11866127.743816508,1064632.4581991828,1414354.562066523,974238.9985780641,6856594.41877132,NIST_GROUND,2018_Apr_Jun_origins,fixed_period,144,low-power,24
84,4014.0,6653749.881485879,4232963.060075967,6653749.881485879,1019958.2107484787,1191125.377297289,915416.3626195268,0.0,NIST_GROUND,2018_Apr_Jun_origins,fixed_period,144,low-power,24
85,9085.0,7417587.354559416,5202634.474993462,7417587.354559416,497912.8255171198,749168.1839942388,823263.4253548734,736.2367269200013,NIST_GROUND,2018_Apr_Jun_origins,fixed_period,144,low-power,24
86,18786.0,1482162.0509364093,15847830.57099029,1482162.0509364093,510112.4408853854,528131.9998974999,351000.944268967,128961.20493623985,NIST_GROUND,2018_Apr_Jun_origins,fixed_period,144,low-power,24
87,18705.0,2803756.4986313726,30203761.982956287,2803756.4986313726,824674.6295681314,521137.7998219943,554605.2573057243,22911.914214839915,NIST_GROUND,2018_Apr_Jun_origins,fixed_period,144,low-power,24
88,18563.0,4612573.357262663,21288210.887385145,4612573.357262663,735661.0658839089,758097.2237436159,678803.3557381172,1151.193360360006,NIST_GROUND,2018_Apr_Jun_origins,fixed_period,144,low-power,24
89,18310.0,1982463.717158286,8882986.472018886,1982463.717158286,510870.748762517,586866.6757670726,377519.31447310635,8553.376093080009,NIST_GROUND,2018_Apr_Jun_origins,fixed_period,144,low-power,24
90,18869.0,832717.408931668,5739847.615191327,832717.408931668,641319.3460127618,633237.1681601605,439426.0672815139,8070.328989919994,NIST_GROUND,2018_Apr_Jun_origins,fixed_period,144,low-power,24
0,45232.0,6081188.323107821,47923772.543281145,6081188.323107821,11242866.070555603,7714618.611215316,8448563.461834608,239031.75155971854,NIST_GROUND,2018_Apr_Jun_origins,fixed_period,144,low-power,48
1,43355.0,13222804.881278342,62991782.07171798,13222804.881278342,8763755.32743125,6599385.951227306,7261831.896093254,606468.8026845205,NIST_GROUND,2018_Apr_Jun_origins,fixed_period,144,low-power,48
2,43053.0,5306539.185681481,34592388.98366531,5306539.185681481,5197462.071182838,3606942.4651744147,3393700.3102410166,133437.30820392014,NIST_GROUND,2018_Apr_Jun_origins,fixed_period,144,low-power,48
3,43393.0,3222619.255257636,36627701.59365254,3222619.255257636,9485171.476201016,6772596.218487205,6926057.703506252,255043.9600389594,NIST_GROUND,2018_Apr_Jun_origins,fixed_period,144,low-power,48
4,42997.0,5280153.470920588,30244371.232101694,5280153.470920588,6112504.839487902,4733758.4469357645,4661080.625885484,1882288.8508387774,NIST_GROUND,2018_Apr_Jun_origins,fixed_period,144,low-power,48
5,41974.0,4018212.068841639,28090311.095799804,4018212.068841639,10137953.58761304,6260594.087643318,6583484.131107581,25477.949045560046,NIST_GROUND,2018_Apr_Jun_origins,fixed_period,144,low-power,48
6,40241.0,2649325.561623893,29103266.912967756,2649325.561623893,4320343.160532528,3971291.25987919,3353233.3780712606,1144.4504785199965,NIST_GROUND,2018_Apr_Jun_origins,fixed_period,144,low-power,48
7,43895.0,11320131.00703228,98110522.02186297,11320131.00703228,5944311.836766503,6067087.532789931,5630151.873160842,360045.61752635945,NIST_GROUND,2018_Apr_Jun_origins,fixed_period,144,low-power,48
8,41684.0,7692580.014235273,46483780.479966804,7692580.014235273,5489461.201550729,4218170.908191033,3702999.5948779723,1893718.262919041,NIST_GROUND,2018_Apr_Jun_origins,fixed_period,144,low-power,48
9,40836.0,6131069.762012072,36788980.26309654,6131069.762012072,6520135.911585141,4725039.960663316,4598416.321396976,3517259.1402773815,NIST_GROUND,2018_Apr_Jun_origins,fixed_period,144,low-power,48
10,39446.0,5291084.2859045025,29255214.24848463,5291084.2859045025,3003559.507739407,1912330.4632262748,1538857.3881978618,4364.6159903199805,NIST_GROUND,2018_Apr_Jun_origins,fixed_period,144,low-power,48
11,41552.0,5318744.811846722,50317380.76835993,5318744.811846722,2970295.6934009194,2126406.7460847856,2007962.5833812808,264946.4678842398,NIST_GROUND,2018_Apr_Jun_origins,fixed_period,144,low-power,48
12,41187.0,9311217.287198935,53479918.71337177,9311217.287198935,3061099.3229047833,2086684.0134701557,2238740.890235506,918462.7877509993,NIST_GROUND,2018_Apr_Jun_origins,fixed_period,144,low-power,48
13,41147.0,6910088.52389211,45623849.650127485,6910088.52389211,5321179.14143465,3641800.581925995,3539068.424172752,1308142.2973058003,NIST_GROUND,2018_Apr_Jun_origins,fixed_period,144,low-power,48
14,40175.0,4984930.564207709,28406157.579809863,4984930.564207709,3150905.7739078538,2093765.487378668,1953475.1923708667,5416.026741440041,NIST_GROUND,2018_Apr_Jun_origins,fixed_period,144,low-power,48
15,39011.0,4926527.644477067,35612204.87787963,4926527.644477067,3495515.394258743,2359885.148198812,1885260.1932928462,1023.7982075600016,NIST_GROUND,2018_Apr_Jun_origins,fixed_period,144,low-power,48
16,41143.0,5622575.237045364,34509160.34768273,5622575.237045364,6234257.033691636,5107190.472186201,5157574.155524608,1204394.8426815968,NIST_GROUND,2018_Apr_Jun_origins,fixed_period,144,low-power,48
17,41652.0,7579982.130576612,70743968.9018456,7579982.130576612,5046836.3021583315,3229240.5780385532,3505357.647881285,4318.212186240013,NIST_GROUND,2018_Apr_Jun_origins,fixed_period,144,low-power,48
18,38149.0,2284219.1433444493,24734804.085536726,2284219.1433444493,2009776.8901203254,1643379.0424324684,1232323.1958439664,1765.0319451599933,NIST_GROUND,2018_Apr_Jun_origins,fixed_period,144,low-power,48
19,21694.0,17606556.849673975,20880182.36005307,17606556.849673975,2917197.986816723,3564074.37030836,2459459.237182405,307114.6836858818,NIST_GROUND,2018_Apr_Jun_origins,fixed_period,144,low-power,48
20,37283.0,4307529.258417226,26074043.615197822,4307529.258417226,2434370.4559618044,1916584.655951482,1430589.490928899,112666.7206104798,NIST_GROUND,2018_Apr_Jun_origins,fixed_period,144,low-power,48
21,43306.0,12243196.251369333,84944545.9578673,12243196.251369333,7095658.597736274,5318461.180647174,5489933.750421465,258509.0700442811,NIST_GROUND,2018_Apr_Jun_origins,fixed_period,144,low-power,48
22,41932.0,6692508.034035296,65496683.62034723,6692508.034035296,3514058.6126210685,2759864.6365267173,3261424.396260261,714535.0367474445,NIST_GROUND,2018_Apr_Jun_origins,fixed_period,144,low-power,48
23,41928.0,13766550.479976393,94786348.99669603,13766550.479976393,2391040.0383241936,1911264.5270322228,2280840.6390823955,194152.88038936054,NIST_GROUND,2018_Apr_Jun_origins,fixed_period,144,low-power,48
24,63571.0,62795739.74291195,205320994.8442271,62795739.74291195,136070050.02821347,130873759.84564406,145665920.58923906,28494736.91093804,NIST_GROUND,2018_Apr_Jun_origins,fixed_period,144,low-power,48
25,62306.0,40902760.69854676,245926479.62214336,40902760.69854676,256104647.77793774,242796964.95644218,253107685.05848455,2336.8969923599934,NIST_GROUND,2018_Apr_Jun_origins,fixed_period,144,low-power,48
26,37686.0,5064236.870396235,23783288.025678806,5064236.870396235,1206275.7321987755,1299359.061123343,978730.1848302694,3353.1025315599813,NIST_GROUND,2018_Apr_Jun_origins,fixed_period,144,low-power,48
27,37300.0,5453044.39860103,37206545.28177017,5453044.39860103,3313594.0352752795,2931345.5601172904,2950646.272271998,2803829.2575678397,NIST_GROUND,2018_Apr_Jun_origins,fixed_period,144,low-power,48
28,39663.0,4935187.415531925,49010195.07788003,4935187.415531925,2274957.4575561997,1321865.3780534638,1345779.4360932242,286179.26936668163,NIST_GROUND,2018_Apr_Jun_origins,fixed_period,144,low-power,48
29,40096.0,7467683.93387577,59860702.97853924,7467683.93387577,2147821.26489871,1893465.9562256709,2093750.7966975772,537512.6268779584,NIST_GROUND,2018_Apr_Jun_origins,fixed_period,144,low-power,48
30,40642.0,13096826.381944938,58441562.78054009,13096826.381944938,8249201.393040459,7039380.267825946,7697034.357349282,1731327.0313573915,NIST_GROUND,2018_Apr_Jun_origins,fixed_period,144,low-power,48
31,42855.0,16144914.264311314,123699819.16594596,16144914.264311314,7455201.1170529695,5820176.791113098,6595619.887113109,5143230.258789203,NIST_GROUND,2018_Apr_Jun_origins,fixed_period,144,low-power,48
32,37440.0,4650954.1605799105,26021191.75708948,4650954.1605799105,1730811.5892710055,1440620.6955139302,1010947.6454855123,17682.126610520103,NIST_GROUND,2018_Apr_Jun_origins,fixed_period,144,low-power,48
33,36186.0,2260487.278136845,23429266.67074508,2260487.278136845,1396197.9759955877,1143051.7731129203,913687.0608641722,3993.6367834800085,NIST_GROUND,2018_Apr_Jun_origins,fixed_period,144,low-power,48
34,36297.0,4689755.390651525,25513918.50751895,4689755.390651525,3006421.1556479526,2503352.302330791,2273843.157391171,295551.40873752197,NIST_GROUND,2018_Apr_Jun_origins,fixed_period,144,low-power,48
35,39478.0,10901800.384388397,74181367.51457413,10901800.384388397,1862487.7587885275,1408349.095751006,1551829.805827326,207416.51249940012,NIST_GROUND,2018_Apr_Jun_origins,fixed_period,144,low-power,48
36,36640.0,2905988.870204054,27179503.375734683,2905988.870204054,1872047.995243568,1870601.9772652825,1524445.5219415454,299276.8016509202,NIST_GROUND,2018_Apr_Jun_origins,fixed_period,144,low-power,48
37,35810.0,4940117.878211991,24534489.13131302,4940117.878211991,2657698.241291811,2733283.8487684703,2043285.9839187148,12279.876337639964,NIST_GROUND,2018_Apr_Jun_origins,fixed_period,144,low-power,48
38,11723.0,6166743.155118464,10642271.230975065,6166743.155118464,1249287.4662688696,2188542.879700002,1428287.5910949511,3774.3769470399966,NIST_GROUND,2018_Apr_Jun_origins,fixed_period,144,low-power,48
39,16371.0,23647494.51470245,31323237.93700392,23647494.51470245,2822982.1121534873,4002811.6791220917,3017991.1816607816,19437404.027927045,NIST_GROUND,2018_Apr_Jun_origins,fixed_period,144,low-power,48
40,37924.0,8660006.797267413,46570118.5597491,8660006.797267413,1930345.0163190772,1474040.358452197,1416315.1774297084,261456.76719795843,NIST_GROUND,2018_Apr_Jun_origins,fixed_period,144,low-power,48
41,14750.0,30968916.95679969,38241435.40827472,30968916.95679969,19553030.36748978,20676713.25693602,25171798.283253316,28996109.30135252,NIST_GROUND,2018_Apr_Jun_origins,fixed_period,144,low-power,48
42,13099.0,14071337.236045294,9435597.535069423,14071337.236045294,1517871.0362655986,1940293.5612915298,1738679.7879743993,736.2367269200013,NIST_GROUND,2018_Apr_Jun_origins,fixed_period,144,low-power,48
43,37491.0,4285918.549567784,46051592.55394658,4285918.549567784,1334787.0704535178,1049269.7997194936,905606.2015746911,151873.11915108198,NIST_GROUND,2018_Apr_Jun_origins,fixed_period,144,low-power,48
44,36873.0,6595037.0744209485,30171197.359404016,6595037.0744209485,1246531.8146464257,1344963.899510689,1056322.670211224,9704.569453440019,NIST_GROUND,2018_Apr_Jun_origins,fixed_period,144,low-power,48
45,18869.0,832717.408931668,5739847.615191327,832717.408931668,641319.3460127618,633237.1681601605,439426.0672815139,8070.328989919994,NIST_GROUND,2018_Apr_Jun_origins,fixed_period,144,low-power,48
0,67213.0,9690472.940667832,78718909.81774618,9690472.940667832,14601099.88431168,10221375.611801086,11072955.728560198,385026.1439086753,NIST_GROUND,2018_Apr_Jun_origins,fixed_period,144,low-power,72
1,64427.0,14920059.449399801,66789033.78091817,14920059.449399801,10602983.584858015,7699571.415815937,8031139.939608677,593911.7185394783,NIST_GROUND,2018_Apr_Jun_origins,fixed_period,144,low-power,72
2,66014.0,6752924.208721389,56886355.45800401,6752924.208721389,14253958.144788316,10395513.60526378,10600760.058746198,2113840.0973401577,NIST_GROUND,2018_Apr_Jun_origins,fixed_period,144,low-power,72
3,62350.0,5768060.586298464,38076028.46355008,5768060.586298464,11481671.758513633,7371435.147802515,7569862.401753114,48970.662583120094,NIST_GROUND,2018_Apr_Jun_origins,fixed_period,144,low-power,72
4,61935.0,7650894.8896495085,89171956.13468781,7650894.8896495085,6839459.891448593,6490621.846339676,5828327.099998136,230821.05656727956,NIST_GROUND,2018_Apr_Jun_origins,fixed_period,144,low-power,72
5,63885.0,14011141.69324193,84525613.28010969,14011141.69324193,8914656.307401167,7765927.8545205,6858057.746111934,2024087.2743566423,NIST_GROUND,2018_Apr_Jun_origins,fixed_period,144,low-power,72
6,60635.0,9884180.81351642,53650758.967195205,9884180.81351642,8224515.118907114,5743967.8976239795,5421367.054807921,3517795.8769446188,NIST_GROUND,2018_Apr_Jun_origins,fixed_period,144,low-power,72
7,61199.0,6856718.046246876,62710816.31274584,6856718.046246876,4269475.993818345,3019809.272350399,2723869.238168199,268774.34720735974,NIST_GROUND,2018_Apr_Jun_origins,fixed_period,144,low-power,72
8,62173.0,13092221.168549858,77506873.0496203,13092221.168549858,7250401.927970944,4778458.161773,4998286.3695759475,2200105.513282395,NIST_GROUND,2018_Apr_Jun_origins,fixed_period,144,low-power,72
9,60336.0,8114015.206748896,50003052.89368884,8114015.206748896,4282782.31027634,3043791.9210018152,2732998.137203179,31915.59851584008,NIST_GROUND,2018_Apr_Jun_origins,fixed_period,144,low-power,72
10,58453.0,6152946.261663552,46453257.54907399,6152946.261663552,4563622.344599094,3181597.594840963,2680211.009326085,9260.614840040009,NIST_GROUND,2018_Apr_Jun_origins,fixed_period,144,low-power,72
11,63353.0,11976138.750435477,94412076.57833385,11976138.750435477,10212986.385509616,7514718.603582594,7867980.987372649,1200476.2382353542,NIST_GROUND,2018_Apr_Jun_origins,fixed_period,144,low-power,72
12,48840.0,4043348.3741760687,32971802.009948537,4043348.3741760687,3066845.666135058,2976324.8920857725,2165225.0569272498,1814.1072860399815,NIST_GROUND,2018_Apr_Jun_origins,fixed_period,144,low-power,72
13,48286.0,20154956.87725959,38717228.05083904,20154956.87725959,4294499.666763797,4147713.1766065387,2957146.867028021,419732.3289554877,NIST_GROUND,2018_Apr_Jun_origins,fixed_period,144,low-power,72
14,63615.0,13807548.268715473,103519399.8115772,13807548.268715473,8545218.154715255,6173705.749413918,6558741.08705683,388435.6343717188,NIST_GROUND,2018_Apr_Jun_origins,fixed_period,144,low-power,72
15,63551.0,18894706.49666558,141708178.76333326,18894706.49666558,4455539.093966283,3815884.5947921956,4473457.698707284,778761.3528093557,NIST_GROUND,2018_Apr_Jun_origins,fixed_period,144,low-power,72
16,104053.0,94869930.8965903,407973684.7821837,94869930.8965903,383645236.3613395,367170889.88586754,390769074.31479454,28494736.91093804,NIST_GROUND,2018_Apr_Jun_origins,fixed_period,144,low-power,72
17,59510.0,13892806.415264513,67057077.70986572,13892806.415264513,9735737.177010309,7799193.977342519,8983261.517759817,5689.999523920062,NIST_GROUND,2018_Apr_Jun_origins,fixed_period,144,low-power,72
18,57535.0,7100267.920744919,59254970.172214724,7100267.920744919,4199100.310295489,3468355.8976398148,3488876.798928626,3020219.4723542994,NIST_GROUND,2018_Apr_Jun_origins,fixed_period,144,low-power,72
19,59524.0,10755647.827263802,86822473.16597475,10755647.827263802,3537272.447434701,2678320.996756607,2901299.706134175,607301.6814581965,NIST_GROUND,2018_Apr_Jun_origins,fixed_period,144,low-power,72
20,63359.0,22089275.052524522,109331103.55265263,22089275.052524522,13798121.57596175,11591504.91940785,12741213.164215203,6392891.632460099,NIST_GROUND,2018_Apr_Jun_origins,fixed_period,144,low-power,72
21,57578.0,11803419.754311623,98831470.1509228,11803419.754311623,3637092.523402691,2708672.8350451174,2562388.7257327046,499347.7842970845,NIST_GROUND,2018_Apr_Jun_origins,fixed_period,144,low-power,72
22,53981.0,3506531.0281930845,32273629.401250172,3506531.0281930845,2202072.879661273,1907632.1942333032,1542102.8682098445,4374.301106159971,NIST_GROUND,2018_Apr_Jun_origins,fixed_period,144,low-power,72
23,57980.0,14345512.024983713,90850923.29158793,14345512.024983713,4063034.010770794,3147120.9769614125,3197257.155872823,502587.2569142467,NIST_GROUND,2018_Apr_Jun_origins,fixed_period,144,low-power,72
24,54471.0,5492587.414904513,40856954.76341768,5492587.414904513,2985630.9736047313,2895677.8093479257,2393671.5566576575,309695.8539497606,NIST_GROUND,2018_Apr_Jun_origins,fixed_period,144,low-power,72
25,29702.0,8520262.488629997,21499308.974605035,8520262.488629997,2793402.729199513,3896750.8963858294,2602347.5402975576,5635.200985840021,NIST_GROUND,2018_Apr_Jun_origins,fixed_period,144,low-power,72
26,35223.0,29496649.15907258,57819994.788211845,29496649.15907258,3826536.900350692,4918270.7991006905,3767263.4775149883,19598113.523891017,NIST_GROUND,2018_Apr_Jun_origins,fixed_period,144,low-power,72
27,33822.0,33779769.10969699,58314797.116815895,33779769.10969699,20479820.59561165,21235294.49540962,25838841.164828826,29096856.57258656,NIST_GROUND,2018_Apr_Jun_origins,fixed_period,144,low-power,72
28,31885.0,15553499.286981715,25283428.106059715,15553499.286981715,2027983.4771509839,2468425.5611890275,2089680.732243366,129697.44166315984,NIST_GROUND,2018_Apr_Jun_origins,fixed_period,144,low-power,72
29,55578.0,9398793.573052332,60374959.342360325,9398793.573052332,2071206.4442145578,1866101.6993326826,1610927.9275169473,32616.483668279896,NIST_GROUND,2018_Apr_Jun_origins,fixed_period,144,low-power,72
30,18869.0,832717.408931668,5739847.615191327,832717.408931668,641319.3460127618,633237.1681601605,439426.0672815139,8070.328989919994,NIST_GROUND,2018_Apr_Jun_origins,fixed_period,144,low-power,72
