site,category,key,value
NIST_GROUND,file,01/onemin-Ground-2017-01-01.csv,"{""file"": ""01/onemin-Ground-2017-01-01.csv"", ""size"": 850826, ""mtime_ns"": 1483200000000000000, ""rows"": 1440, ""header"": ""NIST_HEADER""}"
NIST_GROUND,file,01/onemin-Ground-2017-01-02.csv,"{""file"": ""01/onemin-Ground-2017-01-02.csv"", ""size"": 848412, ""mtime_ns"": 1483286400000000000, ""rows"": 1440, ""header"": ""NIST_HEADER""}"
NIST_GROUND,file,01/onemin-Ground-2017-01-03.csv,"{""file"": ""01/onemin-Ground-2017-01-03.csv"", ""size"": 845670, ""mtime_ns"": 1483372800000000000, ""rows"": 1440, ""header"": ""NIST_HEADER""}"
NIST_GROUND,file,01/onemin-Ground-2017-01-04.csv,"{""file"": ""01/onemin-Ground-2017-01-04.csv"", ""size"": 847583, ""mtime_ns"": 1483459200000000000, ""rows"": 1440, ""header"": ""NIST_HEADER""}"
NIST_GROUND,file,01/onemin-Ground-2017-01-05.csv,"{""file"": ""01/onemin-Ground-2017-01-05.csv"", ""size"": 867969, ""mtime_ns"": 1483545600000000000, ""rows"": 1440, ""header"": ""NIST_HEADER""}"
NIST_GROUND,file,01/onemin-Ground-2017-01-06.csv,"{""file"": ""01/onemin-Ground-2017-01-06.csv"", ""size"": 868743, ""mtime_ns"": 1483632000000000000, ""rows"": 1440, ""header"": ""NIST_HEADER""}"
NIST_GROUND,file,01/onemin-Ground-2017-01-07.csv,"{""file"": ""01/onemin-Ground-2017-01-07.csv"", ""size"": 874236, ""mtime_ns"": 1483718400000000000, ""rows"": 1440, ""header"": ""NIST_HEADER""}"
NIST_GROUND,file,01/onemin-Ground-2017-01-08.csv,"{""file"": ""01/onemin-Ground-2017-01-08.csv"", ""size"": 870346, ""mtime_ns"": 1483804800000000000, ""rows"": 1440, ""header"": ""NIST_HEADER""}"
NIST_GROUND,file,01/onemin-Ground-2017-01-09.csv,"{""file"": ""01/onemin-Ground-2017-01-09.csv"", ""size"": 867252, ""mtime_ns"": 1483891200000000000, ""rows"": 1440, ""header"": ""NIST_HEADER""}"
NIST_GROUND,file,01/onemin-Ground-2017-01-10.csv,"{""file"": ""01/onemin-Ground-2017-01-10.csv"", ""size"": 861532, ""mtime_ns"": 1483977600000000000, ""rows"": 1440, ""header"": ""NIST_HEADER""}"
NIST_GROUND,file,01/onemin-Ground-2017-01-11.csv,"{""file"": ""01/onemin-Ground-2017-01-11.csv"", ""size"": 850825, ""mtime_ns"": 1484064000000000000, ""rows"": 1440, ""header"": ""NIST_HEADER""}"
NIST_GROUND,file,01/onemin-Ground-2017-01-12.csv,"{""file"": ""01/onemin-Ground-2017-01-12.csv"", ""size"": 850979, ""mtime_ns"": 1484150400000000000, ""rows"": 1440, ""header"": ""NIST_HEADER""}"
NIST_GROUND,file,01/onemin-Ground-2017-01-13.csv,"{""file"": ""01/onemin-Ground-2017-01-13.csv"", ""size"": 845781, ""mtime_ns"": 1484236800000000000, ""rows"": 1440, ""header"": ""NIST_HEADER""}"
NIST_GROUND,file,01/onemin-Ground-2017-01-14.csv,"{""file"": ""01/onemin-Ground-2017-01-14.csv"", ""size"": 851840, ""mtime_ns"": 1484323200000000000, ""rows"": 1440, ""header"": ""NIST_HEADER""}"
NIST_GROUND,file,01/onemin-Ground-2017-01-15.csv,"{""file"": ""01/onemin-Ground-2017-01-15.csv"", ""size"": 849714, ""mtime_ns"": 1484409600000000000, ""rows"": 1440, ""header"": ""NIST_HEADER""}"
NIST_GROUND,file,01/onemin-Ground-2017-01-16.csv,"{""file"": ""01/onemin-Ground-2017-01-16.csv"", ""size"": 847406, ""mtime_ns"": 1484496000000000000, ""rows"": 1440, ""header"": ""NIST_HEADER""}"
NIST_GROUND,file,01/onemin-Ground-2017-01-17.csv,"{""file"": ""01/onemin-Ground-2017-01-17.csv"", ""size"": 842290, ""mtime_ns"": 1484582400000000000, ""rows"": 1440, ""header"": ""NIST_HEADER""}"
NIST_GROUND,file,01/onemin-Ground-2017-01-18.csv,"{""file"": ""01/onemin-Ground-2017-01-18.csv"", ""size"": 843881, ""mtime_ns"": 1484668800000000000, ""rows"": 1440, ""header"": ""NIST_HEADER""}"
NIST_GROUND,file,01/onemin-Ground-2017-01-19.csv,"{""file"": ""01/onemin-Ground-2017-01-19.csv"", ""size"": 850118, ""mtime_ns"": 1484755200000000000, ""rows"": 1440, ""header"": ""NIST_HEADER""}"
NIST_GROUND,file,01/onemin-Ground-2017-01-20.csv,"{""file"": ""01/onemin-Ground-2017-01-20.csv"", ""size"": 846996, ""mtime_ns"": 1484841600000000000, ""rows"": 1440, ""header"": ""NIST_HEADER""}"
NIST_GROUND,file,01/onemin-Ground-2017-01-21.csv,"{""file"": ""01/onemin-Ground-2017-01-21.csv"", ""size"": 838171, ""mtime_ns"": 1484928000000000000, ""rows"": 1440, ""header"": ""NIST_HEADER""}"
NIST_GROUND,file,01/onemin-Ground-2017-01-22.csv,"{""file"": ""01/onemin-Ground-2017-01-22.csv"", ""size"": 839427, ""mtime_ns"": 1485014400000000000, ""rows"": 1440, ""header"": ""NIST_HEADER""}"
NIST_GROUND,file,01/onemin-Ground-2017-01-23.csv,"{""file"": ""01/onemin-Ground-2017-01-23.csv"", ""size"": 846623, ""mtime_ns"": 1485100800000000000, ""rows"": 1440, ""header"": ""NIST_HEADER""}"
NIST_GROUND,file,01/onemin-Ground-2017-01-24.csv,"{""file"": ""01/onemin-Ground-2017-01-24.csv"", ""size"": 847816, ""mtime_ns"": 1485187200000000000, ""rows"": 1440, ""header"": ""NIST_HEADER""}"
NIST_GROUND,file,01/onemin-Ground-2017-01-25.csv,"{""file"": ""01/onemin-Ground-2017-01-25.csv"", ""size"": 849964, ""mtime_ns"": 1485273600000000000, ""rows"": 1440, ""header"": ""NIST_HEADER""}"
NIST_GROUND,file,01/onemin-Ground-2017-01-26.csv,"{""file"": ""01/onemin-Ground-2017-01-26.csv"", ""size"": 845343, ""mtime_ns"": 1485360000000000000, ""rows"": 1440, ""header"": ""NIST_HEADER""}"
NIST_GROUND,file,01/onemin-Ground-2017-01-27.csv,"{""file"": ""01/onemin-Ground-2017-01-27.csv"", ""size"": 851092, ""mtime_ns"": 1485446400000000000, ""rows"": 1440, ""header"": ""NIST_HEADER""}"
NIST_GROUND,file,01/onemin-Ground-2017-01-28.csv,"{""file"": ""01/onemin-Ground-2017-01-28.csv"", ""size"": 856393, ""mtime_ns"": 1485532800000000000, ""rows"": 1440, ""header"": ""NIST_HEADER""}"
NIST_GROUND,file,01/onemin-Ground-2017-01-29.csv,"{""file"": ""01/onemin-Ground-2017-01-29.csv"", ""size"": 854345, ""mtime_ns"": 1485619200000000000, ""rows"": 1440, ""header"": ""NIST_HEADER""}"
NIST_GROUND,file,01/onemin-Ground-2017-01-30.csv,"{""file"": ""01/onemin-Ground-2017-01-30.csv"", ""size"": 864093, ""mtime_ns"": 1485705600000000000, ""rows"": 1440, ""header"": ""NIST_HEADER""}"
NIST_GROUND,file,01/onemin-Ground-2017-01-31.csv,"{""file"": ""01/onemin-Ground-2017-01-31.csv"", ""size"": 861889, ""mtime_ns"": 1485792000000000000, ""rows"": 1440, ""header"": ""NIST_HEADER""}"
NIST_GROUND,file,02/onemin-Ground-2017-02-01.csv,"{""file"": ""02/onemin-Ground-2017-02-01.csv"", ""size"": 850311, ""mtime_ns"": 1485878400000000000, ""rows"": 1440, ""header"": ""NIST_HEADER""}"
NIST_GROUND,file,02/onemin-Ground-2017-02-02.csv,"{""file"": ""02/onemin-Ground-2017-02-02.csv"", ""size"": 851505, ""mtime_ns"": 1485964800000000000, ""rows"": 1440, ""header"": ""NIST_HEADER""}"
NIST_GROUND,file,02/onemin-Ground-2017-02-03.csv,"{""file"": ""02/onemin-Ground-2017-02-03.csv"", ""size"": 863657, ""mtime_ns"": 1486051200000000000, ""rows"": 1440, ""header"": ""NIST_HEADER""}"
NIST_GROUND,file,02/onemin-Ground-2017-02-04.csv,"{""file"": ""02/onemin-Ground-2017-02-04.csv"", ""size"": 865573, ""mtime_ns"": 1486137600000000000, ""rows"": 1440, ""header"": ""NIST_HEADER""}"
NIST_GROUND,file,02/onemin-Ground-2017-02-05.csv,"{""file"": ""02/onemin-Ground-2017-02-05.csv"", ""size"": 855877, ""mtime_ns"": 1486224000000000000, ""rows"": 1440, ""header"": ""NIST_HEADER""}"
NIST_GROUND,file,02/onemin-Ground-2017-02-06.csv,"{""file"": ""02/onemin-Ground-2017-02-06.csv"", ""size"": 852597, ""mtime_ns"": 1486310400000000000, ""rows"": 1440, ""header"": ""NIST_HEADER""}"
NIST_GROUND,file,02/onemin-Ground-2017-02-07.csv,"{""file"": ""02/onemin-Ground-2017-02-07.csv"", ""size"": 850232, ""mtime_ns"": 1486396800000000000, ""rows"": 1440, ""header"": ""NIST_HEADER""}"
NIST_GROUND,file,02/onemin-Ground-2017-02-08.csv,"{""file"": ""02/onemin-Ground-2017-02-08.csv"", ""size"": 851870, ""mtime_ns"": 1486483200000000000, ""rows"": 1440, ""header"": ""NIST_HEADER""}"
NIST_GROUND,file,02/onemin-Ground-2017-02-09.csv,"{""file"": ""02/onemin-Ground-2017-02-09.csv"", ""size"": 860915, ""mtime_ns"": 1486569600000000000, ""rows"": 1440, ""header"": ""NIST_HEADER""}"
NIST_GROUND,file,02/onemin-Ground-2017-02-10.csv,"{""file"": ""02/onemin-Ground-2017-02-10.csv"", ""size"": 863447, ""mtime_ns"": 1486656000000000000, ""rows"": 1440, ""header"": ""NIST_HEADER""}"
NIST_GROUND,file,02/onemin-Ground-2017-02-11.csv,"{""file"": ""02/onemin-Ground-2017-02-11.csv"", ""size"": 855362, ""mtime_ns"": 1486742400000000000, ""rows"": 1440, ""header"": ""NIST_HEADER""}"
NIST_GROUND,file,02/onemin-Ground-2017-02-12.csv,"{""file"": ""02/onemin-Ground-2017-02-12.csv"", ""size"": 841958, ""mtime_ns"": 1486828800000000000, ""rows"": 1440, ""header"": ""NIST_HEADER""}"
NIST_GROUND,file,02/onemin-Ground-2017-02-13.csv,"{""file"": ""02/onemin-Ground-2017-02-13.csv"", ""size"": 853388, ""mtime_ns"": 1486915200000000000, ""rows"": 1440, ""header"": ""NIST_HEADER""}"
NIST_GROUND,file,02/onemin-Ground-2017-02-14.csv,"{""file"": ""02/onemin-Ground-2017-02-14.csv"", ""size"": 858610, ""mtime_ns"": 1487001600000000000, ""rows"": 1440, ""header"": ""NIST_HEADER""}"
NIST_GROUND,file,02/onemin-Ground-2017-02-15.csv,"{""file"": ""02/onemin-Ground-2017-02-15.csv"", ""size"": 858323, ""mtime_ns"": 1487088000000000000, ""rows"": 1440, ""header"": ""NIST_HEADER""}"
NIST_GROUND,file,02/onemin-Ground-2017-02-16.csv,"{""file"": ""02/onemin-Ground-2017-02-16.csv"", ""size"": 864578, ""mtime_ns"": 1487174400000000000, ""rows"": 1440, ""header"": ""NIST_HEADER""}"
NIST_GROUND,file,02/onemin-Ground-2017-02-17.csv,"{""file"": ""02/onemin-Ground-2017-02-17.csv"", ""size"": 864944, ""mtime_ns"": 1487260800000000000, ""rows"": 1440, ""header"": ""NIST_HEADER""}"
NIST_GROUND,file,02/onemin-Ground-2017-02-18.csv,"{""file"": ""02/onemin-Ground-2017-02-18.csv"", ""size"": 861456, ""mtime_ns"": 1487347200000000000, ""rows"": 1440, ""header"": ""NIST_HEADER""}"
NIST_GROUND,file,02/onemin-Ground-2017-02-19.csv,"{""file"": ""02/onemin-Ground-2017-02-19.csv"", ""size"": 854810, ""mtime_ns"": 1487433600000000000, ""rows"": 1440, ""header"": ""NIST_HEADER""}"
NIST_GROUND,file,02/onemin-Ground-2017-02-20.csv,"{""file"": ""02/onemin-Ground-2017-02-20.csv"", ""size"": 850611, ""mtime_ns"": 1487520000000000000, ""rows"": 1440, ""header"": ""NIST_HEADER""}"
NIST_GROUND,file,02/onemin-Ground-2017-02-21.csv,"{""file"": ""02/onemin-Ground-2017-02-21.csv"", ""size"": 853529, ""mtime_ns"": 1487606400000000000, ""rows"": 1440, ""header"": ""NIST_HEADER""}"
NIST_GROUND,file,02/onemin-Ground-2017-02-22.csv,"{""file"": ""02/onemin-Ground-2017-02-22.csv"", ""size"": 852473, ""mtime_ns"": 1487692800000000000, ""rows"": 1440, ""header"": ""NIST_HEADER""}"
NIST_GROUND,file,02/onemin-Ground-2017-02-23.csv,"{""file"": ""02/onemin-Ground-2017-02-23.csv"", ""size"": 851493, ""mtime_ns"": 1487779200000000000, ""rows"": 1440, ""header"": ""NIST_HEADER""}"
NIST_GROUND,file,02/onemin-Ground-2017-02-24.csv,"{""file"": ""02/onemin-Ground-2017-02-24.csv"", ""size"": 854952, ""mtime_ns"": 1487865600000000000, ""rows"": 1440, ""header"": ""NIST_HEADER""}"
NIST_GROUND,file,02/onemin-Ground-2017-02-25.csv,"{""file"": ""02/onemin-Ground-2017-02-25.csv"", ""size"": 853497, ""mtime_ns"": 1487952000000000000, ""rows"": 1440, ""header"": ""NIST_HEADER""}"
NIST_GROUND,file,02/onemin-Ground-2017-02-26.csv,"{""file"": ""02/onemin-Ground-2017-02-26.csv"", ""size"": 855768, ""mtime_ns"": 1488038400000000000, ""rows"": 1440, ""header"": ""NIST_HEADER""}"
NIST_GROUND,file,02/onemin-Ground-2017-02-27.csv,"{""file"": ""02/onemin-Ground-2017-02-27.csv"", ""size"": 855857, ""mtime_ns"": 1488124800000000000, ""rows"": 1440, ""header"": ""NIST_HEADER""}"
NIST_GROUND,file,02/onemin-Ground-2017-02-28.csv,"{""file"": ""02/onemin-Ground-2017-02-28.csv"", ""size"": 852775, ""mtime_ns"": 1488211200000000000, ""rows"": 1440, ""header"": ""NIST_HEADER""}"
NIST_GROUND,file,03/onemin-Ground-2017-03-01.csv,"{""file"": ""03/onemin-Ground-2017-03-01.csv"", ""size"": 855405, ""mtime_ns"": 1488297600000000000, ""rows"": 1440, ""header"": ""NIST_HEADER""}"
NIST_GROUND,file,03/onemin-Ground-2017-03-02.csv,"{""file"": ""03/onemin-Ground-2017-03-02.csv"", ""size"": 849302, ""mtime_ns"": 1488384000000000000, ""rows"": 1440, ""header"": ""NIST_HEADER""}"
NIST_GROUND,file,03/onemin-Ground-2017-03-03.csv,"{""file"": ""03/onemin-Ground-2017-03-03.csv"", ""size"": 859748, ""mtime_ns"": 1488470400000000000, ""rows"": 1440, ""header"": ""NIST_HEADER""}"
NIST_GROUND,file,03/onemin-Ground-2017-03-04.csv,"{""file"": ""03/onemin-Ground-2017-03-04.csv"", ""size"": 864931, ""mtime_ns"": 1488556800000000000, ""rows"": 1440, ""header"": ""NIST_HEADER""}"
NIST_GROUND,file,03/onemin-Ground-2017-03-05.csv,"{""file"": ""03/onemin-Ground-2017-03-05.csv"", ""size"": 867006, ""mtime_ns"": 1488643200000000000, ""rows"": 1440, ""header"": ""NIST_HEADER""}"
NIST_GROUND,file,03/onemin-Ground-2017-03-06.csv,"{""file"": ""03/onemin-Ground-2017-03-06.csv"", ""size"": 858262, ""mtime_ns"": 1488729600000000000, ""rows"": 1440, ""header"": ""NIST_HEADER""}"
NIST_GROUND,file,03/onemin-Ground-2017-03-07.csv,"{""file"": ""03/onemin-Ground-2017-03-07.csv"", ""size"": 850705, ""mtime_ns"": 1488816000000000000, ""rows"": 1440, ""header"": ""NIST_HEADER""}"
NIST_GROUND,file,03/onemin-Ground-2017-03-08.csv,"{""file"": ""03/onemin-Ground-2017-03-08.csv"", ""size"": 850266, ""mtime_ns"": 1488902400000000000, ""rows"": 1440, ""header"": ""NIST_HEADER""}"
NIST_GROUND,file,03/onemin-Ground-2017-03-09.csv,"{""file"": ""03/onemin-Ground-2017-03-09.csv"", ""size"": 850087, ""mtime_ns"": 1488988800000000000, ""rows"": 1440, ""header"": ""NIST_HEADER""}"
NIST_GROUND,file,03/onemin-Ground-2017-03-10.csv,"{""file"": ""03/onemin-Ground-2017-03-10.csv"", ""size"": 857315, ""mtime_ns"": 1489075200000000000, ""rows"": 1440, ""header"": ""NIST_HEADER""}"
NIST_GROUND,file,03/onemin-Ground-2017-03-11.csv,"{""file"": ""03/onemin-Ground-2017-03-11.csv"", ""size"": 868549, ""mtime_ns"": 1489161600000000000, ""rows"": 1440, ""header"": ""NIST_HEADER""}"
NIST_GROUND,file,03/onemin-Ground-2017-03-12.csv,"{""file"": ""03/onemin-Ground-2017-03-12.csv"", ""size"": 866781, ""mtime_ns"": 1489248000000000000, ""rows"": 1440, ""header"": ""NIST_HEADER""}"
NIST_GROUND,file,03/onemin-Ground-2017-03-13.csv,"{""file"": ""03/onemin-Ground-2017-03-13.csv"", ""size"": 859357, ""mtime_ns"": 1489334400000000000, ""rows"": 1440, ""header"": ""NIST_HEADER""}"
NIST_GROUND,file,03/onemin-Ground-2017-03-14.csv,"{""file"": ""03/onemin-Ground-2017-03-14.csv"", ""size"": 867561, ""mtime_ns"": 1489420800000000000, ""rows"": 1440, ""header"": ""NIST_HEADER""}"
NIST_GROUND,file,03/onemin-Ground-2017-03-15.csv,"{""file"": ""03/onemin-Ground-2017-03-15.csv"", ""size"": 870510, ""mtime_ns"": 1489507200000000000, ""rows"": 1440, ""header"": ""NIST_HEADER""}"
NIST_GROUND,file,03/onemin-Ground-2017-03-16.csv,"{""file"": ""03/onemin-Ground-2017-03-16.csv"", ""size"": 865113, ""mtime_ns"": 1489593600000000000, ""rows"": 1440, ""header"": ""NIST_HEADER""}"
NIST_GROUND,file,03/onemin-Ground-2017-03-17.csv,"{""file"": ""03/onemin-Ground-2017-03-17.csv"", ""size"": 856059, ""mtime_ns"": 1489680000000000000, ""rows"": 1440, ""header"": ""NIST_HEADER""}"
NIST_GROUND,file,03/onemin-Ground-2017-03-18.csv,"{""file"": ""03/onemin-Ground-2017-03-18.csv"", ""size"": 849395, ""mtime_ns"": 1489766400000000000, ""rows"": 1440, ""header"": ""NIST_HEADER""}"
NIST_GROUND,file,03/onemin-Ground-2017-03-19.csv,"{""file"": ""03/onemin-Ground-2017-03-19.csv"", ""size"": 852051, ""mtime_ns"": 1489852800000000000, ""rows"": 1440, ""header"": ""NIST_HEADER""}"
NIST_GROUND,file,03/onemin-Ground-2017-03-20.csv,"{""file"": ""03/onemin-Ground-2017-03-20.csv"", ""size"": 853152, ""mtime_ns"": 1489939200000000000, ""rows"": 1440, ""header"": ""NIST_HEADER""}"
NIST_GROUND,file,03/onemin-Ground-2017-03-21.csv,"{""file"": ""03/onemin-Ground-2017-03-21.csv"", ""size"": 853444, ""mtime_ns"": 1490025600000000000, ""rows"": 1440, ""header"": ""NIST_HEADER""}"
NIST_GROUND,file,03/onemin-Ground-2017-03-22.csv,"{""file"": ""03/onemin-Ground-2017-03-22.csv"", ""size"": 852577, ""mtime_ns"": 1490112000000000000, ""rows"": 1440, ""header"": ""NIST_HEADER""}"
NIST_GROUND,file,03/onemin-Ground-2017-03-23.csv,"{""file"": ""03/onemin-Ground-2017-03-23.csv"", ""size"": 863639, ""mtime_ns"": 1490198400000000000, ""rows"": 1440, ""header"": ""NIST_HEADER""}"
NIST_GROUND,file,03/onemin-Ground-2017-03-24.csv,"{""file"": ""03/onemin-Ground-2017-03-24.csv"", ""size"": 860095, ""mtime_ns"": 1490284800000000000, ""rows"": 1440, ""header"": ""NIST_HEADER""}"
NIST_GROUND,file,03/onemin-Ground-2017-03-25.csv,"{""file"": ""03/onemin-Ground-2017-03-25.csv"", ""size"": 857920, ""mtime_ns"": 1490371200000000000, ""rows"": 1440, ""header"": ""NIST_HEADER""}"
NIST_GROUND,file,03/onemin-Ground-2017-03-26.csv,"{""file"": ""03/onemin-Ground-2017-03-26.csv"", ""size"": 846046, ""mtime_ns"": 1490457600000000000, ""rows"": 1440, ""header"": ""NIST_HEADER""}"
NIST_GROUND,file,03/onemin-Ground-2017-03-27.csv,"{""file"": ""03/onemin-Ground-2017-03-27.csv"", ""size"": 853614, ""mtime_ns"": 1490544000000000000, ""rows"": 1440, ""header"": ""NIST_HEADER""}"
NIST_GROUND,file,03/onemin-Ground-2017-03-28.csv,"{""file"": ""03/onemin-Ground-2017-03-28.csv"", ""size"": 857872, ""mtime_ns"": 1490630400000000000, ""rows"": 1440, ""header"": ""NIST_HEADER""}"
NIST_GROUND,file,03/onemin-Ground-2017-03-29.csv,"{""file"": ""03/onemin-Ground-2017-03-29.csv"", ""size"": 857666, ""mtime_ns"": 1490716800000000000, ""rows"": 1440, ""header"": ""NIST_HEADER""}"
NIST_GROUND,file,03/onemin-Ground-2017-03-30.csv,"{""file"": ""03/onemin-Ground-2017-03-30.csv"", ""size"": 852843, ""mtime_ns"": 1490803200000000000, ""rows"": 1440, ""header"": ""NIST_HEADER""}"
NIST_GROUND,file,03/onemin-Ground-2017-03-31.csv,"{""file"": ""03/onemin-Ground-2017-03-31.csv"", ""size"": 846459, ""mtime_ns"": 1490889600000000000, ""rows"": 1440, ""header"": ""NIST_HEADER""}"
NIST_GROUND,file,04/onemin-Ground-2017-04-01.csv,"{""file"": ""04/onemin-Ground-2017-04-01.csv"", ""size"": 848235, ""mtime_ns"": 1490976000000000000, ""rows"": 1440, ""header"": ""NIST_HEADER""}"
NIST_GROUND,file,04/onemin-Ground-2017-04-02.csv,"{""file"": ""04/onemin-Ground-2017-04-02.csv"", ""size"": 854408, ""mtime_ns"": 1491062400000000000, ""rows"": 1440, ""header"": ""NIST_HEADER""}"
NIST_GROUND,file,04/onemin-Ground-2017-04-03.csv,"{""file"": ""04/onemin-Ground-2017-04-03.csv"", ""size"": 855411, ""mtime_ns"": 1491148800000000000, ""rows"": 1440, ""header"": ""NIST_HEADER""}"
NIST_GROUND,file,04/onemin-Ground-2017-04-04.csv,"{""file"": ""04/onemin-Ground-2017-04-04.csv"", ""size"": 857760, ""mtime_ns"": 1491235200000000000, ""rows"": 1440, ""header"": ""NIST_HEADER""}"
NIST_GROUND,file,04/onemin-Ground-2017-04-05.csv,"{""file"": ""04/onemin-Ground-2017-04-05.csv"", ""size"": 859877, ""mtime_ns"": 1491321600000000000, ""rows"": 1440, ""header"": ""NIST_HEADER""}"
NIST_GROUND,file,04/onemin-Ground-2017-04-06.csv,"{""file"": ""04/onemin-Ground-2017-04-06.csv"", ""size"": 856429, ""mtime_ns"": 1491408000000000000, ""rows"": 1440, ""header"": ""NIST_HEADER""}"
NIST_GROUND,file,04/onemin-Ground-2017-04-07.csv,"{""file"": ""04/onemin-Ground-2017-04-07.csv"", ""size"": 846133, ""mtime_ns"": 1491494400000000000, ""rows"": 1440, ""header"": ""NIST_HEADER""}"
NIST_GROUND,file,04/onemin-Ground-2017-04-08.csv,"{""file"": ""04/onemin-Ground-2017-04-08.csv"", ""size"": 857896, ""mtime_ns"": 1491580800000000000, ""rows"": 1440, ""header"": ""NIST_HEADER""}"
NIST_GROUND,file,04/onemin-Ground-2017-04-09.csv,"{""file"": ""04/onemin-Ground-2017-04-09.csv"", ""size"": 859307, ""mtime_ns"": 1491667200000000000, ""rows"": 1440, ""header"": ""NIST_HEADER""}"
NIST_GROUND,file,04/onemin-Ground-2017-04-10.csv,"{""file"": ""04/onemin-Ground-2017-04-10.csv"", ""size"": 857202, ""mtime_ns"": 1491753600000000000, ""rows"": 1440, ""header"": ""NIST_HEADER""}"
NIST_GROUND,file,04/onemin-Ground-2017-04-11.csv,"{""file"": ""04/onemin-Ground-2017-04-11.csv"", ""size"": 860219, ""mtime_ns"": 1491840000000000000, ""rows"": 1440, ""header"": ""NIST_HEADER""}"
NIST_GROUND,file,04/onemin-Ground-2017-04-12.csv,"{""file"": ""04/onemin-Ground-2017-04-12.csv"", ""size"": 859410, ""mtime_ns"": 1491926400000000000, ""rows"": 1440, ""header"": ""NIST_HEADER""}"
NIST_GROUND,file,04/onemin-Ground-2017-04-13.csv,"{""file"": ""04/onemin-Ground-2017-04-13.csv"", ""size"": 860351, ""mtime_ns"": 1492012800000000000, ""rows"": 1440, ""header"": ""NIST_HEADER""}"
NIST_GROUND,file,04/onemin-Ground-2017-04-14.csv,"{""file"": ""04/onemin-Ground-2017-04-14.csv"", ""size"": 857385, ""mtime_ns"": 1492099200000000000, ""rows"": 1440, ""header"": ""NIST_HEADER""}"
NIST_GROUND,file,04/onemin-Ground-2017-04-15.csv,"{""file"": ""04/onemin-Ground-2017-04-15.csv"", ""size"": 858680, ""mtime_ns"": 1492185600000000000, ""rows"": 1440, ""header"": ""NIST_HEADER""}"
NIST_GROUND,file,04/onemin-Ground-2017-04-16.csv,"{""file"": ""04/onemin-Ground-2017-04-16.csv"", ""size"": 859909, ""mtime_ns"": 1492272000000000000, ""rows"": 1440, ""header"": ""NIST_HEADER""}"
NIST_GROUND,file,04/onemin-Ground-2017-04-17.csv,"{""file"": ""04/onemin-Ground-2017-04-17.csv"", ""size"": 860159, ""mtime_ns"": 1492358400000000000, ""rows"": 1440, ""header"": ""NIST_HEADER""}"
NIST_GROUND,file,04/onemin-Ground-2017-04-18.csv,"{""file"": ""04/onemin-Ground-2017-04-18.csv"", ""size"": 858876, ""mtime_ns"": 1492444800000000000, ""rows"": 1440, ""header"": ""NIST_HEADER""}"
NIST_GROUND,file,04/onemin-Ground-2017-04-19.csv,"{""file"": ""04/onemin-Ground-2017-04-19.csv"", ""size"": 856920, ""mtime_ns"": 1492531200000000000, ""rows"": 1440, ""header"": ""NIST_HEADER""}"
NIST_GROUND,file,04/onemin-Ground-2017-04-20.csv,"{""file"": ""04/onemin-Ground-2017-04-20.csv"", ""size"": 858950, ""mtime_ns"": 1492617600000000000, ""rows"": 1440, ""header"": ""NIST_HEADER""}"
NIST_GROUND,file,04/onemin-Ground-2017-04-21.csv,"{""file"": ""04/onemin-Ground-2017-04-21.csv"", ""size"": 862336, ""mtime_ns"": 1492704000000000000, ""rows"": 1440, ""header"": ""NIST_HEADER""}"
NIST_GROUND,file,04/onemin-Ground-2017-04-22.csv,"{""file"": ""04/onemin-Ground-2017-04-22.csv"", ""size"": 857205, ""mtime_ns"": 1492790400000000000, ""rows"": 1440, ""header"": ""NIST_HEADER""}"
NIST_GROUND,file,04/onemin-Ground-2017-04-23.csv,"{""file"": ""04/onemin-Ground-2017-04-23.csv"", ""size"": 855231, ""mtime_ns"": 1492876800000000000, ""rows"": 1440, ""header"": ""NIST_HEADER""}"
NIST_GROUND,file,04/onemin-Ground-2017-04-24.csv,"{""file"": ""04/onemin-Ground-2017-04-24.csv"", ""size"": 856431, ""mtime_ns"": 1492963200000000000, ""rows"": 1440, ""header"": ""NIST_HEADER""}"
NIST_GROUND,file,04/onemin-Ground-2017-04-25.csv,"{""file"": ""04/onemin-Ground-2017-04-25.csv"", ""size"": 859572, ""mtime_ns"": 1493049600000000000, ""rows"": 1440, ""header"": ""NIST_HEADER""}"
NIST_GROUND,file,04/onemin-Ground-2017-04-26.csv,"{""file"": ""04/onemin-Ground-2017-04-26.csv"", ""size"": 862220, ""mtime_ns"": 1493136000000000000, ""rows"": 1440, ""header"": ""NIST_HEADER""}"
NIST_GROUND,file,04/onemin-Ground-2017-04-27.csv,"{""file"": ""04/onemin-Ground-2017-04-27.csv"", ""size"": 859557, ""mtime_ns"": 1493222400000000000, ""rows"": 1440, ""header"": ""NIST_HEADER""}"
NIST_GROUND,file,04/onemin-Ground-2017-04-28.csv,"{""file"": ""04/onemin-Ground-2017-04-28.csv"", ""size"": 861614, ""mtime_ns"": 1493308800000000000, ""rows"": 1440, ""header"": ""NIST_HEADER""}"
NIST_GROUND,file,04/onemin-Ground-2017-04-29.csv,"{""file"": ""04/onemin-Ground-2017-04-29.csv"", ""size"": 860604, ""mtime_ns"": 1493395200000000000, ""rows"": 1440, ""header"": ""NIST_HEADER""}"
NIST_GROUND,file,04/onemin-Ground-2017-04-30.csv,"{""file"": ""04/onemin-Ground-2017-04-30.csv"", ""size"": 861337, ""mtime_ns"": 1493481600000000000, ""rows"": 1440, ""header"": ""NIST_HEADER""}"
NIST_GROUND,file,05/onemin-Ground-2017-05-01.csv,"{""file"": ""05/onemin-Ground-2017-05-01.csv"", ""size"": 860471, ""mtime_ns"": 1493568000000000000, ""rows"": 1440, ""header"": ""NIST_HEADER""}"
NIST_GROUND,file,05/onemin-Ground-2017-05-02.csv,"{""file"": ""05/onemin-Ground-2017-05-02.csv"", ""size"": 860652, ""mtime_ns"": 1493654400000000000, ""rows"": 1440, ""header"": ""NIST_HEADER""}"
NIST_GROUND,file,05/onemin-Ground-2017-05-03.csv,"{""file"": ""05/onemin-Ground-2017-05-03.csv"", ""size"": 860440, ""mtime_ns"": 1493740800000000000, ""rows"": 1440, ""header"": ""NIST_HEADER""}"
NIST_GROUND,file,05/onemin-Ground-2017-05-04.csv,"{""file"": ""05/onemin-Ground-2017-05-04.csv"", ""size"": 858768, ""mtime_ns"": 1493827200000000000, ""rows"": 1440, ""header"": ""NIST_HEADER""}"
NIST_GROUND,file,05/onemin-Ground-2017-05-05.csv,"{""file"": ""05/onemin-Ground-2017-05-05.csv"", ""size"": 860023, ""mtime_ns"": 1493913600000000000, ""rows"": 1440, ""header"": ""NIST_HEADER""}"
NIST_GROUND,file,05/onemin-Ground-2017-05-06.csv,"{""file"": ""05/onemin-Ground-2017-05-06.csv"", ""size"": 859174, ""mtime_ns"": 1494000000000000000, ""rows"": 1440, ""header"": ""NIST_HEADER""}"
NIST_GROUND,file,05/onemin-Ground-2017-05-07.csv,"{""file"": ""05/onemin-Ground-2017-05-07.csv"", ""size"": 856348, ""mtime_ns"": 1494086400000000000, ""rows"": 1440, ""header"": ""NIST_HEADER""}"
NIST_GROUND,file,05/onemin-Ground-2017-05-08.csv,"{""file"": ""05/onemin-Ground-2017-05-08.csv"", ""size"": 856453, ""mtime_ns"": 1494172800000000000, ""rows"": 1440, ""header"": ""NIST_HEADER""}"
NIST_GROUND,file,05/onemin-Ground-2017-05-09.csv,"{""file"": ""05/onemin-Ground-2017-05-09.csv"", ""size"": 857989, ""mtime_ns"": 1494259200000000000, ""rows"": 1440, ""header"": ""NIST_HEADER""}"
NIST_GROUND,file,05/onemin-Ground-2017-05-10.csv,"{""file"": ""05/onemin-Ground-2017-05-10.csv"", ""size"": 861616, ""mtime_ns"": 1494345600000000000, ""rows"": 1440, ""header"": ""NIST_HEADER""}"
NIST_GROUND,file,05/onemin-Ground-2017-05-11.csv,"{""file"": ""05/onemin-Ground-2017-05-11.csv"", ""size"": 858514, ""mtime_ns"": 1494432000000000000, ""rows"": 1440, ""header"": ""NIST_HEADER""}"
NIST_GROUND,file,05/onemin-Ground-2017-05-12.csv,"{""file"": ""05/onemin-Ground-2017-05-12.csv"", ""size"": 854176, ""mtime_ns"": 1494518400000000000, ""rows"": 1440, ""header"": ""NIST_HEADER""}"
NIST_GROUND,file,05/onemin-Ground-2017-05-13.csv,"{""file"": ""05/onemin-Ground-2017-05-13.csv"", ""size"": 852110, ""mtime_ns"": 1494604800000000000, ""rows"": 1440, ""header"": ""NIST_HEADER""}"
NIST_GROUND,file,05/onemin-Ground-2017-05-14.csv,"{""file"": ""05/onemin-Ground-2017-05-14.csv"", ""size"": 858386, ""mtime_ns"": 1494691200000000000, ""rows"": 1440, ""header"": ""NIST_HEADER""}"
NIST_GROUND,file,05/onemin-Ground-2017-05-15.csv,"{""file"": ""05/onemin-Ground-2017-05-15.csv"", ""size"": 858373, ""mtime_ns"": 1494777600000000000, ""rows"": 1440, ""header"": ""NIST_HEADER""}"
NIST_GROUND,file,05/onemin-Ground-2017-05-16.csv,"{""file"": ""05/onemin-Ground-2017-05-16.csv"", ""size"": 861093, ""mtime_ns"": 1494864000000000000, ""rows"": 1440, ""header"": ""NIST_HEADER""}"
NIST_GROUND,file,05/onemin-Ground-2017-05-17.csv,"{""file"": ""05/onemin-Ground-2017-05-17.csv"", ""size"": 864774, ""mtime_ns"": 1494950400000000000, ""rows"": 1440, ""header"": ""NIST_HEADER""}"
NIST_GROUND,file,05/onemin-Ground-2017-05-18.csv,"{""file"": ""05/onemin-Ground-2017-05-18.csv"", ""size"": 862858, ""mtime_ns"": 1495036800000000000, ""rows"": 1440, ""header"": ""NIST_HEADER""}"
NIST_GROUND,file,05/onemin-Ground-2017-05-19.csv,"{""file"": ""05/onemin-Ground-2017-05-19.csv"", ""size"": 861287, ""mtime_ns"": 1495123200000000000, ""rows"": 1440, ""header"": ""NIST_HEADER""}"
NIST_GROUND,file,05/onemin-Ground-2017-05-20.csv,"{""file"": ""05/onemin-Ground-2017-05-20.csv"", ""size"": 862291, ""mtime_ns"": 1495209600000000000, ""rows"": 1440, ""header"": ""NIST_HEADER""}"
NIST_GROUND,file,05/onemin-Ground-2017-05-21.csv,"{""file"": ""05/onemin-Ground-2017-05-21.csv"", ""size"": 861363, ""mtime_ns"": 1495296000000000000, ""rows"": 1440, ""header"": ""NIST_HEADER""}"
NIST_GROUND,file,05/onemin-Ground-2017-05-22.csv,"{""file"": ""05/onemin-Ground-2017-05-22.csv"", ""size"": 863074, ""mtime_ns"": 1495382400000000000, ""rows"": 1440, ""header"": ""NIST_HEADER""}"
NIST_GROUND,file,05/onemin-Ground-2017-05-23.csv,"{""file"": ""05/onemin-Ground-2017-05-23.csv"", ""size"": 860628, ""mtime_ns"": 1495468800000000000, ""rows"": 1440, ""header"": ""NIST_HEADER""}"
NIST_GROUND,file,05/onemin-Ground-2017-05-24.csv,"{""file"": ""05/onemin-Ground-2017-05-24.csv"", ""size"": 861148, ""mtime_ns"": 1495555200000000000, ""rows"": 1440, ""header"": ""NIST_HEADER""}"
NIST_GROUND,file,05/onemin-Ground-2017-05-25.csv,"{""file"": ""05/onemin-Ground-2017-05-25.csv"", ""size"": 860820, ""mtime_ns"": 1495641600000000000, ""rows"": 1440, ""header"": ""NIST_HEADER""}"
NIST_GROUND,file,05/onemin-Ground-2017-05-26.csv,"{""file"": ""05/onemin-Ground-2017-05-26.csv"", ""size"": 862005, ""mtime_ns"": 1495728000000000000, ""rows"": 1440, ""header"": ""NIST_HEADER""}"
NIST_GROUND,file,05/onemin-Ground-2017-05-27.csv,"{""file"": ""05/onemin-Ground-2017-05-27.csv"", ""size"": 862931, ""mtime_ns"": 1495814400000000000, ""rows"": 1440, ""header"": ""NIST_HEADER""}"
NIST_GROUND,file,05/onemin-Ground-2017-05-28.csv,"{""file"": ""05/onemin-Ground-2017-05-28.csv"", ""size"": 855256, ""mtime_ns"": 1495900800000000000, ""rows"": 1440, ""header"": ""NIST_HEADER""}"
NIST_GROUND,file,05/onemin-Ground-2017-05-29.csv,"{""file"": ""05/onemin-Ground-2017-05-29.csv"", ""size"": 854973, ""mtime_ns"": 1495987200000000000, ""rows"": 1440, ""header"": ""NIST_HEADER""}"
NIST_GROUND,file,05/onemin-Ground-2017-05-30.csv,"{""file"": ""05/onemin-Ground-2017-05-30.csv"", ""size"": 843432, ""mtime_ns"": 1496073600000000000, ""rows"": 1440, ""header"": ""NIST_HEADER""}"
NIST_GROUND,file,05/onemin-Ground-2017-05-31.csv,"{""file"": ""05/onemin-Ground-2017-05-31.csv"", ""size"": 861157, ""mtime_ns"": 1496160000000000000, ""rows"": 1440, ""header"": ""NIST_HEADER""}"
NIST_GROUND,file,06/onemin-Ground-2017-06-01.csv,"{""file"": ""06/onemin-Ground-2017-06-01.csv"", ""size"": 862292, ""mtime_ns"": 1496246400000000000, ""rows"": 1440, ""header"": ""NIST_HEADER""}"
NIST_GROUND,file,06/onemin-Ground-2017-06-02.csv,"{""file"": ""06/onemin-Ground-2017-06-02.csv"", ""size"": 860369, ""mtime_ns"": 1496332800000000000, ""rows"": 1440, ""header"": ""NIST_HEADER""}"
NIST_GROUND,file,06/onemin-Ground-2017-06-03.csv,"{""file"": ""06/onemin-Ground-2017-06-03.csv"", ""size"": 861748, ""mtime_ns"": 1496419200000000000, ""rows"": 1440, ""header"": ""NIST_HEADER""}"
NIST_GROUND,file,06/onemin-Ground-2017-06-04.csv,"{""file"": ""06/onemin-Ground-2017-06-04.csv"", ""size"": 862957, ""mtime_ns"": 1496505600000000000, ""rows"": 1440, ""header"": ""NIST_HEADER""}"
NIST_GROUND,file,06/onemin-Ground-2017-06-05.csv,"{""file"": ""06/onemin-Ground-2017-06-05.csv"", ""size"": 865050, ""mtime_ns"": 1496592000000000000, ""rows"": 1440, ""header"": ""NIST_HEADER""}"
NIST_GROUND,file,06/onemin-Ground-2017-06-06.csv,"{""file"": ""06/onemin-Ground-2017-06-06.csv"", ""size"": 862785, ""mtime_ns"": 1496678400000000000, ""rows"": 1440, ""header"": ""NIST_HEADER""}"
NIST_GROUND,file,06/onemin-Ground-2017-06-07.csv,"{""file"": ""06/onemin-Ground-2017-06-07.csv"", ""size"": 862016, ""mtime_ns"": 1496764800000000000, ""rows"": 1440, ""header"": ""NIST_HEADER""}"
NIST_GROUND,file,06/onemin-Ground-2017-06-08.csv,"{""file"": ""06/onemin-Ground-2017-06-08.csv"", ""size"": 861978, ""mtime_ns"": 1496851200000000000, ""rows"": 1440, ""header"": ""NIST_HEADER""}"
NIST_GROUND,file,06/onemin-Ground-2017-06-09.csv,"{""file"": ""06/onemin-Ground-2017-06-09.csv"", ""size"": 861334, ""mtime_ns"": 1496937600000000000, ""rows"": 1440, ""header"": ""NIST_HEADER""}"
NIST_GROUND,file,06/onemin-Ground-2017-06-10.csv,"{""file"": ""06/onemin-Ground-2017-06-10.csv"", ""size"": 861998, ""mtime_ns"": 1497024000000000000, ""rows"": 1440, ""header"": ""NIST_HEADER""}"
NIST_GROUND,file,06/onemin-Ground-2017-06-11.csv,"{""file"": ""06/onemin-Ground-2017-06-11.csv"", ""size"": 862923, ""mtime_ns"": 1497110400000000000, ""rows"": 1440, ""header"": ""NIST_HEADER""}"
NIST_GROUND,file,06/onemin-Ground-2017-06-12.csv,"{""file"": ""06/onemin-Ground-2017-06-12.csv"", ""size"": 863421, ""mtime_ns"": 1497196800000000000, ""rows"": 1440, ""header"": ""NIST_HEADER""}"
NIST_GROUND,file,06/onemin-Ground-2017-06-13.csv,"{""file"": ""06/onemin-Ground-2017-06-13.csv"", ""size"": 824262, ""mtime_ns"": 1497283200000000000, ""rows"": 1440, ""header"": ""NIST_HEADER""}"
NIST_GROUND,file,06/onemin-Ground-2017-06-14.csv,"{""file"": ""06/onemin-Ground-2017-06-14.csv"", ""size"": 721155, ""mtime_ns"": 1497369600000000000, ""rows"": 1440, ""header"": ""NIST_HEADER""}"
NIST_GROUND,file,06/onemin-Ground-2017-06-15.csv,"{""file"": ""06/onemin-Ground-2017-06-15.csv"", ""size"": 789145, ""mtime_ns"": 1497456000000000000, ""rows"": 1440, ""header"": ""NIST_HEADER""}"
NIST_GROUND,file,06/onemin-Ground-2017-06-16.csv,"{""file"": ""06/onemin-Ground-2017-06-16.csv"", ""size"": 865814, ""mtime_ns"": 1497542400000000000, ""rows"": 1440, ""header"": ""NIST_HEADER""}"
NIST_GROUND,file,06/onemin-Ground-2017-06-17.csv,"{""file"": ""06/onemin-Ground-2017-06-17.csv"", ""size"": 863335, ""mtime_ns"": 1497628800000000000, ""rows"": 1440, ""header"": ""NIST_HEADER""}"
NIST_GROUND,file,06/onemin-Ground-2017-06-18.csv,"{""file"": ""06/onemin-Ground-2017-06-18.csv"", ""size"": 861977, ""mtime_ns"": 1497715200000000000, ""rows"": 1440, ""header"": ""NIST_HEADER""}"
NIST_GROUND,file,06/onemin-Ground-2017-06-19.csv,"{""file"": ""06/onemin-Ground-2017-06-19.csv"", ""size"": 862036, ""mtime_ns"": 1497801600000000000, ""rows"": 1440, ""header"": ""NIST_HEADER""}"
NIST_GROUND,file,06/onemin-Ground-2017-06-20.csv,"{""file"": ""06/onemin-Ground-2017-06-20.csv"", ""size"": 863678, ""mtime_ns"": 1497888000000000000, ""rows"": 1440, ""header"": ""NIST_HEADER""}"
NIST_GROUND,file,06/onemin-Ground-2017-06-21.csv,"{""file"": ""06/onemin-Ground-2017-06-21.csv"", ""size"": 863672, ""mtime_ns"": 1497974400000000000, ""rows"": 1440, ""header"": ""NIST_HEADER""}"
NIST_GROUND,file,06/onemin-Ground-2017-06-22.csv,"{""file"": ""06/onemin-Ground-2017-06-22.csv"", ""size"": 862313, ""mtime_ns"": 1498060800000000000, ""rows"": 1440, ""header"": ""NIST_HEADER""}"
NIST_GROUND,file,06/onemin-Ground-2017-06-23.csv,"{""file"": ""06/onemin-Ground-2017-06-23.csv"", ""size"": 862776, ""mtime_ns"": 1498147200000000000, ""rows"": 1440, ""header"": ""NIST_HEADER""}"
NIST_GROUND,file,06/onemin-Ground-2017-06-24.csv,"{""file"": ""06/onemin-Ground-2017-06-24.csv"", ""size"": 862348, ""mtime_ns"": 1498233600000000000, ""rows"": 1440, ""header"": ""NIST_HEADER""}"
NIST_GROUND,file,06/onemin-Ground-2017-06-25.csv,"{""file"": ""06/onemin-Ground-2017-06-25.csv"", ""size"": 863066, ""mtime_ns"": 1498320000000000000, ""rows"": 1440, ""header"": ""NIST_HEADER""}"
NIST_GROUND,file,06/onemin-Ground-2017-06-26.csv,"{""file"": ""06/onemin-Ground-2017-06-26.csv"", ""size"": 865318, ""mtime_ns"": 1498406400000000000, ""rows"": 1440, ""header"": ""NIST_HEADER""}"
NIST_GROUND,file,06/onemin-Ground-2017-06-27.csv,"{""file"": ""06/onemin-Ground-2017-06-27.csv"", ""size"": 864262, ""mtime_ns"": 1498492800000000000, ""rows"": 1440, ""header"": ""NIST_HEADER""}"
NIST_GROUND,file,06/onemin-Ground-2017-06-28.csv,"{""file"": ""06/onemin-Ground-2017-06-28.csv"", ""size"": 862409, ""mtime_ns"": 1498579200000000000, ""rows"": 1440, ""header"": ""NIST_HEADER""}"
NIST_GROUND,file,06/onemin-Ground-2017-06-29.csv,"{""file"": ""06/onemin-Ground-2017-06-29.csv"", ""size"": 863030, ""mtime_ns"": 1498665600000000000, ""rows"": 1440, ""header"": ""NIST_HEADER""}"
NIST_GROUND,file,06/onemin-Ground-2017-06-30.csv,"{""file"": ""06/onemin-Ground-2017-06-30.csv"", ""size"": 861746, ""mtime_ns"": 1498752000000000000, ""rows"": 1440, ""header"": ""NIST_HEADER""}"
NIST_GROUND,file,07/onemin-Ground-2017-07-01.csv,"{""file"": ""07/onemin-Ground-2017-07-01.csv"", ""size"": 862118, ""mtime_ns"": 1498838400000000000, ""rows"": 1440, ""header"": ""NIST_HEADER""}"
NIST_GROUND,file,07/onemin-Ground-2017-07-02.csv,"{""file"": ""07/onemin-Ground-2017-07-02.csv"", ""size"": 861774, ""mtime_ns"": 1498924800000000000, ""rows"": 1440, ""header"": ""NIST_HEADER""}"
NIST_GROUND,file,07/onemin-Ground-2017-07-03.csv,"{""file"": ""07/onemin-Ground-2017-07-03.csv"", ""size"": 861788, ""mtime_ns"": 1499011200000000000, ""rows"": 1440, ""header"": ""NIST_HEADER""}"
NIST_GROUND,file,07/onemin-Ground-2017-07-04.csv,"{""file"": ""07/onemin-Ground-2017-07-04.csv"", ""size"": 863245, ""mtime_ns"": 1499097600000000000, ""rows"": 1440, ""header"": ""NIST_HEADER""}"
NIST_GROUND,file,07/onemin-Ground-2017-07-05.csv,"{""file"": ""07/onemin-Ground-2017-07-05.csv"", ""size"": 861590, ""mtime_ns"": 1499184000000000000, ""rows"": 1440, ""header"": ""NIST_HEADER""}"
NIST_GROUND,file,07/onemin-Ground-2017-07-06.csv,"{""file"": ""07/onemin-Ground-2017-07-06.csv"", ""size"": 860889, ""mtime_ns"": 1499270400000000000, ""rows"": 1440, ""header"": ""NIST_HEADER""}"
NIST_GROUND,file,07/onemin-Ground-2017-07-07.csv,"{""file"": ""07/onemin-Ground-2017-07-07.csv"", ""size"": 861259, ""mtime_ns"": 1499356800000000000, ""rows"": 1440, ""header"": ""NIST_HEADER""}"
NIST_GROUND,file,07/onemin-Ground-2017-07-08.csv,"{""file"": ""07/onemin-Ground-2017-07-08.csv"", ""size"": 861715, ""mtime_ns"": 1499443200000000000, ""rows"": 1440, ""header"": ""NIST_HEADER""}"
NIST_GROUND,file,07/onemin-Ground-2017-07-09.csv,"{""file"": ""07/onemin-Ground-2017-07-09.csv"", ""size"": 863199, ""mtime_ns"": 1499529600000000000, ""rows"": 1440, ""header"": ""NIST_HEADER""}"
NIST_GROUND,file,07/onemin-Ground-2017-07-10.csv,"{""file"": ""07/onemin-Ground-2017-07-10.csv"", ""size"": 863163, ""mtime_ns"": 1499616000000000000, ""rows"": 1440, ""header"": ""NIST_HEADER""}"
NIST_GROUND,file,07/onemin-Ground-2017-07-11.csv,"{""file"": ""07/onemin-Ground-2017-07-11.csv"", ""size"": 861828, ""mtime_ns"": 1499702400000000000, ""rows"": 1440, ""header"": ""NIST_HEADER""}"
NIST_GROUND,file,07/onemin-Ground-2017-07-12.csv,"{""file"": ""07/onemin-Ground-2017-07-12.csv"", ""size"": 863195, ""mtime_ns"": 1499788800000000000, ""rows"": 1440, ""header"": ""NIST_HEADER""}"
NIST_GROUND,file,07/onemin-Ground-2017-07-13.csv,"{""file"": ""07/onemin-Ground-2017-07-13.csv"", ""size"": 863631, ""mtime_ns"": 1499875200000000000, ""rows"": 1440, ""header"": ""NIST_HEADER""}"
NIST_GROUND,file,07/onemin-Ground-2017-07-14.csv,"{""file"": ""07/onemin-Ground-2017-07-14.csv"", ""size"": 847610, ""mtime_ns"": 1499961600000000000, ""rows"": 1440, ""header"": ""NIST_HEADER""}"
NIST_GROUND,file,07/onemin-Ground-2017-07-15.csv,"{""file"": ""07/onemin-Ground-2017-07-15.csv"", ""size"": 863575, ""mtime_ns"": 1500048000000000000, ""rows"": 1440, ""header"": ""NIST_HEADER""}"
NIST_GROUND,file,07/onemin-Ground-2017-07-16.csv,"{""file"": ""07/onemin-Ground-2017-07-16.csv"", ""size"": 863933, ""mtime_ns"": 1500134400000000000, ""rows"": 1440, ""header"": ""NIST_HEADER""}"
NIST_GROUND,file,07/onemin-Ground-2017-07-17.csv,"{""file"": ""07/onemin-Ground-2017-07-17.csv"", ""size"": 862927, ""mtime_ns"": 1500220800000000000, ""rows"": 1440, ""header"": ""NIST_HEADER""}"
NIST_GROUND,file,07/onemin-Ground-2017-07-18.csv,"{""file"": ""07/onemin-Ground-2017-07-18.csv"", ""size"": 865513, ""mtime_ns"": 1500307200000000000, ""rows"": 1440, ""header"": ""NIST_HEADER""}"
NIST_GROUND,file,07/onemin-Ground-2017-07-19.csv,"{""file"": ""07/onemin-Ground-2017-07-19.csv"", ""size"": 863148, ""mtime_ns"": 1500393600000000000, ""rows"": 1440, ""header"": ""NIST_HEADER""}"
NIST_GROUND,file,07/onemin-Ground-2017-07-20.csv,"{""file"": ""07/onemin-Ground-2017-07-20.csv"", ""size"": 862573, ""mtime_ns"": 1500480000000000000, ""rows"": 1440, ""header"": ""NIST_HEADER""}"
NIST_GROUND,file,07/onemin-Ground-2017-07-21.csv,"{""file"": ""07/onemin-Ground-2017-07-21.csv"", ""size"": 862389, ""mtime_ns"": 1500566400000000000, ""rows"": 1440, ""header"": ""NIST_HEADER""}"
NIST_GROUND,file,07/onemin-Ground-2017-07-22.csv,"{""file"": ""07/onemin-Ground-2017-07-22.csv"", ""size"": 862278, ""mtime_ns"": 1500652800000000000, ""rows"": 1440, ""header"": ""NIST_HEADER""}"
NIST_GROUND,file,07/onemin-Ground-2017-07-23.csv,"{""file"": ""07/onemin-Ground-2017-07-23.csv"", ""size"": 862233, ""mtime_ns"": 1500739200000000000, ""rows"": 1440, ""header"": ""NIST_HEADER""}"
NIST_GROUND,file,07/onemin-Ground-2017-07-24.csv,"{""file"": ""07/onemin-Ground-2017-07-24.csv"", ""size"": 863024, ""mtime_ns"": 1500825600000000000, ""rows"": 1440, ""header"": ""NIST_HEADER""}"
NIST_GROUND,file,07/onemin-Ground-2017-07-25.csv,"{""file"": ""07/onemin-Ground-2017-07-25.csv"", ""size"": 863564, ""mtime_ns"": 1500912000000000000, ""rows"": 1440, ""header"": ""NIST_HEADER""}"
NIST_GROUND,file,07/onemin-Ground-2017-07-26.csv,"{""file"": ""07/onemin-Ground-2017-07-26.csv"", ""size"": 862770, ""mtime_ns"": 1500998400000000000, ""rows"": 1440, ""header"": ""NIST_HEADER""}"
NIST_GROUND,file,07/onemin-Ground-2017-07-27.csv,"{""file"": ""07/onemin-Ground-2017-07-27.csv"", ""size"": 864071, ""mtime_ns"": 1501084800000000000, ""rows"": 1440, ""header"": ""NIST_HEADER""}"
NIST_GROUND,file,07/onemin-Ground-2017-07-28.csv,"{""file"": ""07/onemin-Ground-2017-07-28.csv"", ""size"": 863825, ""mtime_ns"": 1501171200000000000, ""rows"": 1440, ""header"": ""NIST_HEADER""}"
NIST_GROUND,file,07/onemin-Ground-2017-07-29.csv,"{""file"": ""07/onemin-Ground-2017-07-29.csv"", ""size"": 861615, ""mtime_ns"": 1501257600000000000, ""rows"": 1440, ""header"": ""NIST_HEADER""}"
NIST_GROUND,file,07/onemin-Ground-2017-07-30.csv,"{""file"": ""07/onemin-Ground-2017-07-30.csv"", ""size"": 863175, ""mtime_ns"": 1501344000000000000, ""rows"": 1440, ""header"": ""NIST_HEADER""}"
NIST_GROUND,file,07/onemin-Ground-2017-07-31.csv,"{""file"": ""07/onemin-Ground-2017-07-31.csv"", ""size"": 862656, ""mtime_ns"": 1501430400000000000, ""rows"": 1440, ""header"": ""NIST_HEADER""}"
NIST_GROUND,file,08/onemin-Ground-2017-08-01.csv,"{""file"": ""08/onemin-Ground-2017-08-01.csv"", ""size"": 864505, ""mtime_ns"": 1501516800000000000, ""rows"": 1440, ""header"": ""NIST_HEADER""}"
NIST_GROUND,file,08/onemin-Ground-2017-08-02.csv,"{""file"": ""08/onemin-Ground-2017-08-02.csv"", ""size"": 865392, ""mtime_ns"": 1501603200000000000, ""rows"": 1440, ""header"": ""NIST_HEADER""}"
NIST_GROUND,file,08/onemin-Ground-2017-08-03.csv,"{""file"": ""08/onemin-Ground-2017-08-03.csv"", ""size"": 863488, ""mtime_ns"": 1501689600000000000, ""rows"": 1440, ""header"": ""NIST_HEADER""}"
NIST_GROUND,file,08/onemin-Ground-2017-08-04.csv,"{""file"": ""08/onemin-Ground-2017-08-04.csv"", ""size"": 861966, ""mtime_ns"": 1501776000000000000, ""rows"": 1440, ""header"": ""NIST_HEADER""}"
NIST_GROUND,file,08/onemin-Ground-2017-08-05.csv,"{""file"": ""08/onemin-Ground-2017-08-05.csv"", ""size"": 862106, ""mtime_ns"": 1501862400000000000, ""rows"": 1440, ""header"": ""NIST_HEADER""}"
NIST_GROUND,file,08/onemin-Ground-2017-08-06.csv,"{""file"": ""08/onemin-Ground-2017-08-06.csv"", ""size"": 862216, ""mtime_ns"": 1501948800000000000, ""rows"": 1440, ""header"": ""NIST_HEADER""}"
NIST_GROUND,file,08/onemin-Ground-2017-08-07.csv,"{""file"": ""08/onemin-Ground-2017-08-07.csv"", ""size"": 861711, ""mtime_ns"": 1502035200000000000, ""rows"": 1440, ""header"": ""NIST_HEADER""}"
NIST_GROUND,file,08/onemin-Ground-2017-08-08.csv,"{""file"": ""08/onemin-Ground-2017-08-08.csv"", ""size"": 862348, ""mtime_ns"": 1502121600000000000, ""rows"": 1440, ""header"": ""NIST_HEADER""}"
NIST_GROUND,file,08/onemin-Ground-2017-08-09.csv,"{""file"": ""08/onemin-Ground-2017-08-09.csv"", ""size"": 862386, ""mtime_ns"": 1502208000000000000, ""rows"": 1440, ""header"": ""NIST_HEADER""}"
NIST_GROUND,file,08/onemin-Ground-2017-08-10.csv,"{""file"": ""08/onemin-Ground-2017-08-10.csv"", ""size"": 864217, ""mtime_ns"": 1502294400000000000, ""rows"": 1440, ""header"": ""NIST_HEADER""}"
NIST_GROUND,file,08/onemin-Ground-2017-08-11.csv,"{""file"": ""08/onemin-Ground-2017-08-11.csv"", ""size"": 859491, ""mtime_ns"": 1502380800000000000, ""rows"": 1440, ""header"": ""NIST_HEADER""}"
NIST_GROUND,file,08/onemin-Ground-2017-08-12.csv,"{""file"": ""08/onemin-Ground-2017-08-12.csv"", ""size"": 861265, ""mtime_ns"": 1502467200000000000, ""rows"": 1440, ""header"": ""NIST_HEADER""}"
NIST_GROUND,file,08/onemin-Ground-2017-08-13.csv,"{""file"": ""08/onemin-Ground-2017-08-13.csv"", ""size"": 861488, ""mtime_ns"": 1502553600000000000, ""rows"": 1440, ""header"": ""NIST_HEADER""}"
NIST_GROUND,file,08/onemin-Ground-2017-08-14.csv,"{""file"": ""08/onemin-Ground-2017-08-14.csv"", ""size"": 860864, ""mtime_ns"": 1502640000000000000, ""rows"": 1440, ""header"": ""NIST_HEADER""}"
NIST_GROUND,file,08/onemin-Ground-2017-08-15.csv,"{""file"": ""08/onemin-Ground-2017-08-15.csv"", ""size"": 861301, ""mtime_ns"": 1502726400000000000, ""rows"": 1440, ""header"": ""NIST_HEADER""}"
NIST_GROUND,file,08/onemin-Ground-2017-08-16.csv,"{""file"": ""08/onemin-Ground-2017-08-16.csv"", ""size"": 861453, ""mtime_ns"": 1502812800000000000, ""rows"": 1440, ""header"": ""NIST_HEADER""}"
NIST_GROUND,file,08/onemin-Ground-2017-08-17.csv,"{""file"": ""08/onemin-Ground-2017-08-17.csv"", ""size"": 862262, ""mtime_ns"": 1502899200000000000, ""rows"": 1440, ""header"": ""NIST_HEADER""}"
NIST_GROUND,file,08/onemin-Ground-2017-08-18.csv,"{""file"": ""08/onemin-Ground-2017-08-18.csv"", ""size"": 862915, ""mtime_ns"": 1502985600000000000, ""rows"": 1440, ""header"": ""NIST_HEADER""}"
NIST_GROUND,file,08/onemin-Ground-2017-08-19.csv,"{""file"": ""08/onemin-Ground-2017-08-19.csv"", ""size"": 863469, ""mtime_ns"": 1503072000000000000, ""rows"": 1440, ""header"": ""NIST_HEADER""}"
NIST_GROUND,file,08/onemin-Ground-2017-08-20.csv,"{""file"": ""08/onemin-Ground-2017-08-20.csv"", ""size"": 860985, ""mtime_ns"": 1503158400000000000, ""rows"": 1440, ""header"": ""NIST_HEADER""}"
NIST_GROUND,file,08/onemin-Ground-2017-08-21.csv,"{""file"": ""08/onemin-Ground-2017-08-21.csv"", ""size"": 862923, ""mtime_ns"": 1503244800000000000, ""rows"": 1440, ""header"": ""NIST_HEADER""}"
NIST_GROUND,file,08/onemin-Ground-2017-08-22.csv,"{""file"": ""08/onemin-Ground-2017-08-22.csv"", ""size"": 860426, ""mtime_ns"": 1503331200000000000, ""rows"": 1440, ""header"": ""NIST_HEADER""}"
NIST_GROUND,file,08/onemin-Ground-2017-08-23.csv,"{""file"": ""08/onemin-Ground-2017-08-23.csv"", ""size"": 861925, ""mtime_ns"": 1503417600000000000, ""rows"": 1440, ""header"": ""NIST_HEADER""}"
NIST_GROUND,file,08/onemin-Ground-2017-08-24.csv,"{""file"": ""08/onemin-Ground-2017-08-24.csv"", ""size"": 862825, ""mtime_ns"": 1503504000000000000, ""rows"": 1440, ""header"": ""NIST_HEADER""}"
NIST_GROUND,file,08/onemin-Ground-2017-08-25.csv,"{""file"": ""08/onemin-Ground-2017-08-25.csv"", ""size"": 863428, ""mtime_ns"": 1503590400000000000, ""rows"": 1440, ""header"": ""NIST_HEADER""}"
NIST_GROUND,file,08/onemin-Ground-2017-08-26.csv,"{""file"": ""08/onemin-Ground-2017-08-26.csv"", ""size"": 860436, ""mtime_ns"": 1503676800000000000, ""rows"": 1440, ""header"": ""NIST_HEADER""}"
NIST_GROUND,file,08/onemin-Ground-2017-08-27.csv,"{""file"": ""08/onemin-Ground-2017-08-27.csv"", ""size"": 860432, ""mtime_ns"": 1503763200000000000, ""rows"": 1440, ""header"": ""NIST_HEADER""}"
NIST_GROUND,file,08/onemin-Ground-2017-08-28.csv,"{""file"": ""08/onemin-Ground-2017-08-28.csv"", ""size"": 862732, ""mtime_ns"": 1503849600000000000, ""rows"": 1440, ""header"": ""NIST_HEADER""}"
NIST_GROUND,file,08/onemin-Ground-2017-08-29.csv,"{""file"": ""08/onemin-Ground-2017-08-29.csv"", ""size"": 859414, ""mtime_ns"": 1503936000000000000, ""rows"": 1440, ""header"": ""NIST_HEADER""}"
NIST_GROUND,file,08/onemin-Ground-2017-08-30.csv,"{""file"": ""08/onemin-Ground-2017-08-30.csv"", ""size"": 859843, ""mtime_ns"": 1504022400000000000, ""rows"": 1440, ""header"": ""NIST_HEADER""}"
NIST_GROUND,file,08/onemin-Ground-2017-08-31.csv,"{""file"": ""08/onemin-Ground-2017-08-31.csv"", ""size"": 859911, ""mtime_ns"": 1504108800000000000, ""rows"": 1440, ""header"": ""NIST_HEADER""}"
NIST_GROUND,file,09/onemin-Ground-2017-09-01.csv,"{""file"": ""09/onemin-Ground-2017-09-01.csv"", ""size"": 858309, ""mtime_ns"": 1504195200000000000, ""rows"": 1440, ""header"": ""NIST_HEADER""}"
NIST_GROUND,file,09/onemin-Ground-2017-09-02.csv,"{""file"": ""09/onemin-Ground-2017-09-02.csv"", ""size"": 857808, ""mtime_ns"": 1504281600000000000, ""rows"": 1440, ""header"": ""NIST_HEADER""}"
NIST_GROUND,file,09/onemin-Ground-2017-09-03.csv,"{""file"": ""09/onemin-Ground-2017-09-03.csv"", ""size"": 858533, ""mtime_ns"": 1504368000000000000, ""rows"": 1440, ""header"": ""NIST_HEADER""}"
NIST_GROUND,file,09/onemin-Ground-2017-09-04.csv,"{""file"": ""09/onemin-Ground-2017-09-04.csv"", ""size"": 860092, ""mtime_ns"": 1504454400000000000, ""rows"": 1440, ""header"": ""NIST_HEADER""}"
NIST_GROUND,file,09/onemin-Ground-2017-09-05.csv,"{""file"": ""09/onemin-Ground-2017-09-05.csv"", ""size"": 860291, ""mtime_ns"": 1504540800000000000, ""rows"": 1440, ""header"": ""NIST_HEADER""}"
NIST_GROUND,file,09/onemin-Ground-2017-09-06.csv,"{""file"": ""09/onemin-Ground-2017-09-06.csv"", ""size"": 862062, ""mtime_ns"": 1504627200000000000, ""rows"": 1440, ""header"": ""NIST_HEADER""}"
NIST_GROUND,file,09/onemin-Ground-2017-09-07.csv,"{""file"": ""09/onemin-Ground-2017-09-07.csv"", ""size"": 860218, ""mtime_ns"": 1504713600000000000, ""rows"": 1440, ""header"": ""NIST_HEADER""}"
NIST_GROUND,file,09/onemin-Ground-2017-09-08.csv,"{""file"": ""09/onemin-Ground-2017-09-08.csv"", ""size"": 859022, ""mtime_ns"": 1504800000000000000, ""rows"": 1440, ""header"": ""NIST_HEADER""}"
NIST_GROUND,file,09/onemin-Ground-2017-09-09.csv,"{""file"": ""09/onemin-Ground-2017-09-09.csv"", ""size"": 859884, ""mtime_ns"": 1504886400000000000, ""rows"": 1440, ""header"": ""NIST_HEADER""}"
NIST_GROUND,file,09/onemin-Ground-2017-09-10.csv,"{""file"": ""09/onemin-Ground-2017-09-10.csv"", ""size"": 856028, ""mtime_ns"": 1504972800000000000, ""rows"": 1440, ""header"": ""NIST_HEADER""}"
NIST_GROUND,file,09/onemin-Ground-2017-09-11.csv,"{""file"": ""09/onemin-Ground-2017-09-11.csv"", ""size"": 858105, ""mtime_ns"": 1505059200000000000, ""rows"": 1440, ""header"": ""NIST_HEADER""}"
NIST_GROUND,file,09/onemin-Ground-2017-09-12.csv,"{""file"": ""09/onemin-Ground-2017-09-12.csv"", ""size"": 859191, ""mtime_ns"": 1505145600000000000, ""rows"": 1440, ""header"": ""NIST_HEADER""}"
NIST_GROUND,file,09/onemin-Ground-2017-09-13.csv,"{""file"": ""09/onemin-Ground-2017-09-13.csv"", ""size"": 859678, ""mtime_ns"": 1505232000000000000, ""rows"": 1440, ""header"": ""NIST_HEADER""}"
NIST_GROUND,file,09/onemin-Ground-2017-09-14.csv,"{""file"": ""09/onemin-Ground-2017-09-14.csv"", ""size"": 858719, ""mtime_ns"": 1505318400000000000, ""rows"": 1440, ""header"": ""NIST_HEADER""}"
NIST_GROUND,file,09/onemin-Ground-2017-09-15.csv,"{""file"": ""09/onemin-Ground-2017-09-15.csv"", ""size"": 861579, ""mtime_ns"": 1505404800000000000, ""rows"": 1440, ""header"": ""NIST_HEADER""}"
NIST_GROUND,file,09/onemin-Ground-2017-09-16.csv,"{""file"": ""09/onemin-Ground-2017-09-16.csv"", ""size"": 857597, ""mtime_ns"": 1505491200000000000, ""rows"": 1440, ""header"": ""NIST_HEADER""}"
NIST_GROUND,file,09/onemin-Ground-2017-09-17.csv,"{""file"": ""09/onemin-Ground-2017-09-17.csv"", ""size"": 858405, ""mtime_ns"": 1505577600000000000, ""rows"": 1440, ""header"": ""NIST_HEADER""}"
NIST_GROUND,file,09/onemin-Ground-2017-09-18.csv,"{""file"": ""09/onemin-Ground-2017-09-18.csv"", ""size"": 858663, ""mtime_ns"": 1505664000000000000, ""rows"": 1440, ""header"": ""NIST_HEADER""}"
NIST_GROUND,file,09/onemin-Ground-2017-09-19.csv,"{""file"": ""09/onemin-Ground-2017-09-19.csv"", ""size"": 859531, ""mtime_ns"": 1505750400000000000, ""rows"": 1440, ""header"": ""NIST_HEADER""}"
NIST_GROUND,file,09/onemin-Ground-2017-09-20.csv,"{""file"": ""09/onemin-Ground-2017-09-20.csv"", ""size"": 857339, ""mtime_ns"": 1505836800000000000, ""rows"": 1440, ""header"": ""NIST_HEADER""}"
NIST_GROUND,file,09/onemin-Ground-2017-09-21.csv,"{""file"": ""09/onemin-Ground-2017-09-21.csv"", ""size"": 860375, ""mtime_ns"": 1505923200000000000, ""rows"": 1440, ""header"": ""NIST_HEADER""}"
NIST_GROUND,file,09/onemin-Ground-2017-09-22.csv,"{""file"": ""09/onemin-Ground-2017-09-22.csv"", ""size"": 860723, ""mtime_ns"": 1506009600000000000, ""rows"": 1440, ""header"": ""NIST_HEADER""}"
NIST_GROUND,file,09/onemin-Ground-2017-09-23.csv,"{""file"": ""09/onemin-Ground-2017-09-23.csv"", ""size"": 858041, ""mtime_ns"": 1506096000000000000, ""rows"": 1440, ""header"": ""NIST_HEADER""}"
NIST_GROUND,file,09/onemin-Ground-2017-09-24.csv,"{""file"": ""09/onemin-Ground-2017-09-24.csv"", ""size"": 857573, ""mtime_ns"": 1506182400000000000, ""rows"": 1440, ""header"": ""NIST_HEADER""}"
NIST_GROUND,file,09/onemin-Ground-2017-09-25.csv,"{""file"": ""09/onemin-Ground-2017-09-25.csv"", ""size"": 860075, ""mtime_ns"": 1506268800000000000, ""rows"": 1440, ""header"": ""NIST_HEADER""}"
NIST_GROUND,file,09/onemin-Ground-2017-09-26.csv,"{""file"": ""09/onemin-Ground-2017-09-26.csv"", ""size"": 860563, ""mtime_ns"": 1506355200000000000, ""rows"": 1440, ""header"": ""NIST_HEADER""}"
NIST_GROUND,file,09/onemin-Ground-2017-09-27.csv,"{""file"": ""09/onemin-Ground-2017-09-27.csv"", ""size"": 857387, ""mtime_ns"": 1506441600000000000, ""rows"": 1440, ""header"": ""NIST_HEADER""}"
NIST_GROUND,file,09/onemin-Ground-2017-09-28.csv,"{""file"": ""09/onemin-Ground-2017-09-28.csv"", ""size"": 860359, ""mtime_ns"": 1506528000000000000, ""rows"": 1440, ""header"": ""NIST_HEADER""}"
NIST_GROUND,file,09/onemin-Ground-2017-09-29.csv,"{""file"": ""09/onemin-Ground-2017-09-29.csv"", ""size"": 858805, ""mtime_ns"": 1506614400000000000, ""rows"": 1440, ""header"": ""NIST_HEADER""}"
NIST_GROUND,file,09/onemin-Ground-2017-09-30.csv,"{""file"": ""09/onemin-Ground-2017-09-30.csv"", ""size"": 856640, ""mtime_ns"": 1506700800000000000, ""rows"": 1440, ""header"": ""NIST_HEADER""}"
NIST_GROUND,file,10/onemin-Ground-2017-10-01.csv,"{""file"": ""10/onemin-Ground-2017-10-01.csv"", ""size"": 855065, ""mtime_ns"": 1506787200000000000, ""rows"": 1440, ""header"": ""NIST_HEADER""}"
NIST_GROUND,file,10/onemin-Ground-2017-10-02.csv,"{""file"": ""10/onemin-Ground-2017-10-02.csv"", ""size"": 857887, ""mtime_ns"": 1506873600000000000, ""rows"": 1440, ""header"": ""NIST_HEADER""}"
NIST_GROUND,file,10/onemin-Ground-2017-10-03.csv,"{""file"": ""10/onemin-Ground-2017-10-03.csv"", ""size"": 856278, ""mtime_ns"": 1506960000000000000, ""rows"": 1440, ""header"": ""NIST_HEADER""}"
NIST_GROUND,file,10/onemin-Ground-2017-10-04.csv,"{""file"": ""10/onemin-Ground-2017-10-04.csv"", ""size"": 857550, ""mtime_ns"": 1507046400000000000, ""rows"": 1440, ""header"": ""NIST_HEADER""}"
NIST_GROUND,file,10/onemin-Ground-2017-10-05.csv,"{""file"": ""10/onemin-Ground-2017-10-05.csv"", ""size"": 855935, ""mtime_ns"": 1507132800000000000, ""rows"": 1440, ""header"": ""NIST_HEADER""}"
NIST_GROUND,file,10/onemin-Ground-2017-10-06.csv,"{""file"": ""10/onemin-Ground-2017-10-06.csv"", ""size"": 856819, ""mtime_ns"": 1507219200000000000, ""rows"": 1440, ""header"": ""NIST_HEADER""}"
NIST_GROUND,file,10/onemin-Ground-2017-10-07.csv,"{""file"": ""10/onemin-Ground-2017-10-07.csv"", ""size"": 856806, ""mtime_ns"": 1507305600000000000, ""rows"": 1440, ""header"": ""NIST_HEADER""}"
NIST_GROUND,file,10/onemin-Ground-2017-10-08.csv,"{""file"": ""10/onemin-Ground-2017-10-08.csv"", ""size"": 855380, ""mtime_ns"": 1507392000000000000, ""rows"": 1440, ""header"": ""NIST_HEADER""}"
NIST_GROUND,file,10/onemin-Ground-2017-10-09.csv,"{""file"": ""10/onemin-Ground-2017-10-09.csv"", ""size"": 855947, ""mtime_ns"": 1507478400000000000, ""rows"": 1440, ""header"": ""NIST_HEADER""}"
NIST_GROUND,file,10/onemin-Ground-2017-10-10.csv,"{""file"": ""10/onemin-Ground-2017-10-10.csv"", ""size"": 855929, ""mtime_ns"": 1507564800000000000, ""rows"": 1440, ""header"": ""NIST_HEADER""}"
NIST_GROUND,file,10/onemin-Ground-2017-10-11.csv,"{""file"": ""10/onemin-Ground-2017-10-11.csv"", ""size"": 856395, ""mtime_ns"": 1507651200000000000, ""rows"": 1440, ""header"": ""NIST_HEADER""}"
NIST_GROUND,file,10/onemin-Ground-2017-10-12.csv,"{""file"": ""10/onemin-Ground-2017-10-12.csv"", ""size"": 857109, ""mtime_ns"": 1507737600000000000, ""rows"": 1440, ""header"": ""NIST_HEADER""}"
NIST_GROUND,file,10/onemin-Ground-2017-10-13.csv,"{""file"": ""10/onemin-Ground-2017-10-13.csv"", ""size"": 853947, ""mtime_ns"": 1507824000000000000, ""rows"": 1440, ""header"": ""NIST_HEADER""}"
NIST_GROUND,file,10/onemin-Ground-2017-10-14.csv,"{""file"": ""10/onemin-Ground-2017-10-14.csv"", ""size"": 857885, ""mtime_ns"": 1507910400000000000, ""rows"": 1440, ""header"": ""NIST_HEADER""}"
NIST_GROUND,file,10/onemin-Ground-2017-10-15.csv,"{""file"": ""10/onemin-Ground-2017-10-15.csv"", ""size"": 855940, ""mtime_ns"": 1507996800000000000, ""rows"": 1440, ""header"": ""NIST_HEADER""}"
NIST_GROUND,file,10/onemin-Ground-2017-10-16.csv,"{""file"": ""10/onemin-Ground-2017-10-16.csv"", ""size"": 854524, ""mtime_ns"": 1508083200000000000, ""rows"": 1440, ""header"": ""NIST_HEADER""}"
NIST_GROUND,file,10/onemin-Ground-2017-10-17.csv,"{""file"": ""10/onemin-Ground-2017-10-17.csv"", ""size"": 854894, ""mtime_ns"": 1508169600000000000, ""rows"": 1440, ""header"": ""NIST_HEADER""}"
NIST_GROUND,file,10/onemin-Ground-2017-10-18.csv,"{""file"": ""10/onemin-Ground-2017-10-18.csv"", ""size"": 854974, ""mtime_ns"": 1508256000000000000, ""rows"": 1440, ""header"": ""NIST_HEADER""}"
NIST_GROUND,file,10/onemin-Ground-2017-10-19.csv,"{""file"": ""10/onemin-Ground-2017-10-19.csv"", ""size"": 854213, ""mtime_ns"": 1508342400000000000, ""rows"": 1440, ""header"": ""NIST_HEADER""}"
NIST_GROUND,file,10/onemin-Ground-2017-10-20.csv,"{""file"": ""10/onemin-Ground-2017-10-20.csv"", ""size"": 795845, ""mtime_ns"": 1508428800000000000, ""rows"": 1439, ""header"": ""NIST_HEADER""}"
NIST_GROUND,file,10/onemin-Ground-2017-10-21.csv,"{""file"": ""10/onemin-Ground-2017-10-21.csv"", ""size"": 683438, ""mtime_ns"": 1508515200000000000, ""rows"": 1436, ""header"": ""NIST_HEADER""}"
NIST_GROUND,file,10/onemin-Ground-2017-10-22.csv,"{""file"": ""10/onemin-Ground-2017-10-22.csv"", ""size"": 667368, ""mtime_ns"": 1508601600000000000, ""rows"": 1440, ""header"": ""NIST_HEADER""}"
NIST_GROUND,file,10/onemin-Ground-2017-10-23.csv,"{""file"": ""10/onemin-Ground-2017-10-23.csv"", ""size"": 763463, ""mtime_ns"": 1508688000000000000, ""rows"": 1440, ""header"": ""NIST_HEADER""}"
NIST_GROUND,file,10/onemin-Ground-2017-10-24.csv,"{""file"": ""10/onemin-Ground-2017-10-24.csv"", ""size"": 854434, ""mtime_ns"": 1508774400000000000, ""rows"": 1440, ""header"": ""NIST_HEADER""}"
NIST_GROUND,file,10/onemin-Ground-2017-10-25.csv,"{""file"": ""10/onemin-Ground-2017-10-25.csv"", ""size"": 851995, ""mtime_ns"": 1508860800000000000, ""rows"": 1440, ""header"": ""NIST_HEADER""}"
NIST_GROUND,file,10/onemin-Ground-2017-10-26.csv,"{""file"": ""10/onemin-Ground-2017-10-26.csv"", ""size"": 849605, ""mtime_ns"": 1508947200000000000, ""rows"": 1440, ""header"": ""NIST_HEADER""}"
NIST_GROUND,file,10/onemin-Ground-2017-10-27.csv,"{""file"": ""10/onemin-Ground-2017-10-27.csv"", ""size"": 859625, ""mtime_ns"": 1509033600000000000, ""rows"": 1440, ""header"": ""NIST_HEADER""}"
NIST_GROUND,file,10/onemin-Ground-2017-10-28.csv,"{""file"": ""10/onemin-Ground-2017-10-28.csv"", ""size"": 853994, ""mtime_ns"": 1509120000000000000, ""rows"": 1440, ""header"": ""NIST_HEADER""}"
NIST_GROUND,file,10/onemin-Ground-2017-10-29.csv,"{""file"": ""10/onemin-Ground-2017-10-29.csv"", ""size"": 851986, ""mtime_ns"": 1509206400000000000, ""rows"": 1440, ""header"": ""NIST_HEADER""}"
NIST_GROUND,file,10/onemin-Ground-2017-10-30.csv,"{""file"": ""10/onemin-Ground-2017-10-30.csv"", ""size"": 853310, ""mtime_ns"": 1509292800000000000, ""rows"": 1440, ""header"": ""NIST_HEADER""}"
NIST_GROUND,file,10/onemin-Ground-2017-10-31.csv,"{""file"": ""10/onemin-Ground-2017-10-31.csv"", ""size"": 853860, ""mtime_ns"": 1509379200000000000, ""rows"": 1440, ""header"": ""NIST_HEADER""}"
NIST_GROUND,file,11/onemin-Ground-2017-11-01.csv,"{""file"": ""11/onemin-Ground-2017-11-01.csv"", ""size"": 851067, ""mtime_ns"": 1509465600000000000, ""rows"": 1440, ""header"": ""NIST_HEADER""}"
NIST_GROUND,file,11/onemin-Ground-2017-11-02.csv,"{""file"": ""11/onemin-Ground-2017-11-02.csv"", ""size"": 853059, ""mtime_ns"": 1509552000000000000, ""rows"": 1440, ""header"": ""NIST_HEADER""}"
NIST_GROUND,file,11/onemin-Ground-2017-11-03.csv,"{""file"": ""11/onemin-Ground-2017-11-03.csv"", ""size"": 853985, ""mtime_ns"": 1509638400000000000, ""rows"": 1440, ""header"": ""NIST_HEADER""}"
NIST_GROUND,file,11/onemin-Ground-2017-11-04.csv,"{""file"": ""11/onemin-Ground-2017-11-04.csv"", ""size"": 849606, ""mtime_ns"": 1509724800000000000, ""rows"": 1440, ""header"": ""NIST_HEADER""}"
NIST_GROUND,file,11/onemin-Ground-2017-11-05.csv,"{""file"": ""11/onemin-Ground-2017-11-05.csv"", ""size"": 853113, ""mtime_ns"": 1509811200000000000, ""rows"": 1440, ""header"": ""NIST_HEADER""}"
NIST_GROUND,file,11/onemin-Ground-2017-11-06.csv,"{""file"": ""11/onemin-Ground-2017-11-06.csv"", ""size"": 852089, ""mtime_ns"": 1509897600000000000, ""rows"": 1440, ""header"": ""NIST_HEADER""}"
NIST_GROUND,file,11/onemin-Ground-2017-11-07.csv,"{""file"": ""11/onemin-Ground-2017-11-07.csv"", ""size"": 851150, ""mtime_ns"": 1509984000000000000, ""rows"": 1440, ""header"": ""NIST_HEADER""}"
NIST_GROUND,file,11/onemin-Ground-2017-11-08.csv,"{""file"": ""11/onemin-Ground-2017-11-08.csv"", ""size"": 851944, ""mtime_ns"": 1510070400000000000, ""rows"": 1440, ""header"": ""NIST_HEADER""}"
NIST_GROUND,file,11/onemin-Ground-2017-11-09.csv,"{""file"": ""11/onemin-Ground-2017-11-09.csv"", ""size"": 846579, ""mtime_ns"": 1510156800000000000, ""rows"": 1440, ""header"": ""NIST_HEADER""}"
NIST_GROUND,file,11/onemin-Ground-2017-11-10.csv,"{""file"": ""11/onemin-Ground-2017-11-10.csv"", ""size"": 859536, ""mtime_ns"": 1510243200000000000, ""rows"": 1440, ""header"": ""NIST_HEADER""}"
NIST_GROUND,file,11/onemin-Ground-2017-11-11.csv,"{""file"": ""11/onemin-Ground-2017-11-11.csv"", ""size"": 865331, ""mtime_ns"": 1510329600000000000, ""rows"": 1440, ""header"": ""NIST_HEADER""}"
NIST_GROUND,file,11/onemin-Ground-2017-11-12.csv,"{""file"": ""11/onemin-Ground-2017-11-12.csv"", ""size"": 859012, ""mtime_ns"": 1510416000000000000, ""rows"": 1440, ""header"": ""NIST_HEADER""}"
NIST_GROUND,file,11/onemin-Ground-2017-11-13.csv,"{""file"": ""11/onemin-Ground-2017-11-13.csv"", ""size"": 854240, ""mtime_ns"": 1510502400000000000, ""rows"": 1440, ""header"": ""NIST_HEADER""}"
NIST_GROUND,file,11/onemin-Ground-2017-11-14.csv,"{""file"": ""11/onemin-Ground-2017-11-14.csv"", ""size"": 854519, ""mtime_ns"": 1510588800000000000, ""rows"": 1440, ""header"": ""NIST_HEADER""}"
NIST_GROUND,file,11/onemin-Ground-2017-11-15.csv,"{""file"": ""11/onemin-Ground-2017-11-15.csv"", ""size"": 855592, ""mtime_ns"": 1510675200000000000, ""rows"": 1440, ""header"": ""NIST_HEADER""}"
NIST_GROUND,file,11/onemin-Ground-2017-11-16.csv,"{""file"": ""11/onemin-Ground-2017-11-16.csv"", ""size"": 854407, ""mtime_ns"": 1510761600000000000, ""rows"": 1440, ""header"": ""NIST_HEADER""}"
NIST_GROUND,file,11/onemin-Ground-2017-11-17.csv,"{""file"": ""11/onemin-Ground-2017-11-17.csv"", ""size"": 858758, ""mtime_ns"": 1510848000000000000, ""rows"": 1440, ""header"": ""NIST_HEADER""}"
NIST_GROUND,file,11/onemin-Ground-2017-11-18.csv,"{""file"": ""11/onemin-Ground-2017-11-18.csv"", ""size"": 855199, ""mtime_ns"": 1510934400000000000, ""rows"": 1440, ""header"": ""NIST_HEADER""}"
NIST_GROUND,file,11/onemin-Ground-2017-11-19.csv,"{""file"": ""11/onemin-Ground-2017-11-19.csv"", ""size"": 851372, ""mtime_ns"": 1511020800000000000, ""rows"": 1440, ""header"": ""NIST_HEADER""}"
NIST_GROUND,file,11/onemin-Ground-2017-11-20.csv,"{""file"": ""11/onemin-Ground-2017-11-20.csv"", ""size"": 855487, ""mtime_ns"": 1511107200000000000, ""rows"": 1440, ""header"": ""NIST_HEADER""}"
NIST_GROUND,file,11/onemin-Ground-2017-11-21.csv,"{""file"": ""11/onemin-Ground-2017-11-21.csv"", ""size"": 854920, ""mtime_ns"": 1511193600000000000, ""rows"": 1440, ""header"": ""NIST_HEADER""}"
NIST_GROUND,file,11/onemin-Ground-2017-11-22.csv,"{""file"": ""11/onemin-Ground-2017-11-22.csv"", ""size"": 850638, ""mtime_ns"": 1511280000000000000, ""rows"": 1440, ""header"": ""NIST_HEADER""}"
NIST_GROUND,file,11/onemin-Ground-2017-11-23.csv,"{""file"": ""11/onemin-Ground-2017-11-23.csv"", ""size"": 864765, ""mtime_ns"": 1511366400000000000, ""rows"": 1440, ""header"": ""NIST_HEADER""}"
NIST_GROUND,file,11/onemin-Ground-2017-11-24.csv,"{""file"": ""11/onemin-Ground-2017-11-24.csv"", ""size"": 861548, ""mtime_ns"": 1511452800000000000, ""rows"": 1440, ""header"": ""NIST_HEADER""}"
NIST_GROUND,file,11/onemin-Ground-2017-11-25.csv,"{""file"": ""11/onemin-Ground-2017-11-25.csv"", ""size"": 856666, ""mtime_ns"": 1511539200000000000, ""rows"": 1440, ""header"": ""NIST_HEADER""}"
NIST_GROUND,file,11/onemin-Ground-2017-11-26.csv,"{""file"": ""11/onemin-Ground-2017-11-26.csv"", ""size"": 852570, ""mtime_ns"": 1511625600000000000, ""rows"": 1440, ""header"": ""NIST_HEADER""}"
NIST_GROUND,file,11/onemin-Ground-2017-11-27.csv,"{""file"": ""11/onemin-Ground-2017-11-27.csv"", ""size"": 853705, ""mtime_ns"": 1511712000000000000, ""rows"": 1440, ""header"": ""NIST_HEADER""}"
NIST_GROUND,file,11/onemin-Ground-2017-11-28.csv,"{""file"": ""11/onemin-Ground-2017-11-28.csv"", ""size"": 856791, ""mtime_ns"": 1511798400000000000, ""rows"": 1440, ""header"": ""NIST_HEADER""}"
NIST_GROUND,file,11/onemin-Ground-2017-11-29.csv,"{""file"": ""11/onemin-Ground-2017-11-29.csv"", ""size"": 856795, ""mtime_ns"": 1511884800000000000, ""rows"": 1440, ""header"": ""NIST_HEADER""}"
NIST_GROUND,file,11/onemin-Ground-2017-11-30.csv,"{""file"": ""11/onemin-Ground-2017-11-30.csv"", ""size"": 848764, ""mtime_ns"": 1511971200000000000, ""rows"": 1440, ""header"": ""NIST_HEADER""}"
NIST_GROUND,file,12/onemin-Ground-2017-12-01.csv,"{""file"": ""12/onemin-Ground-2017-12-01.csv"", ""size"": 857566, ""mtime_ns"": 1512057600000000000, ""rows"": 1440, ""header"": ""NIST_HEADER""}"
NIST_GROUND,file,12/onemin-Ground-2017-12-02.csv,"{""file"": ""12/onemin-Ground-2017-12-02.csv"", ""size"": 857463, ""mtime_ns"": 1512144000000000000, ""rows"": 1440, ""header"": ""NIST_HEADER""}"
NIST_GROUND,file,12/onemin-Ground-2017-12-03.csv,"{""file"": ""12/onemin-Ground-2017-12-03.csv"", ""size"": 855308, ""mtime_ns"": 1512230400000000000, ""rows"": 1440, ""header"": ""NIST_HEADER""}"
NIST_GROUND,file,12/onemin-Ground-2017-12-04.csv,"{""file"": ""12/onemin-Ground-2017-12-04.csv"", ""size"": 857958, ""mtime_ns"": 1512316800000000000, ""rows"": 1440, ""header"": ""NIST_HEADER""}"
NIST_GROUND,file,12/onemin-Ground-2017-12-05.csv,"{""file"": ""12/onemin-Ground-2017-12-05.csv"", ""size"": 851923, ""mtime_ns"": 1512403200000000000, ""rows"": 1440, ""header"": ""NIST_HEADER""}"
NIST_GROUND,file,12/onemin-Ground-2017-12-06.csv,"{""file"": ""12/onemin-Ground-2017-12-06.csv"", ""size"": 849125, ""mtime_ns"": 1512489600000000000, ""rows"": 1440, ""header"": ""NIST_HEADER""}"
NIST_GROUND,file,12/onemin-Ground-2017-12-07.csv,"{""file"": ""12/onemin-Ground-2017-12-07.csv"", ""size"": 854902, ""mtime_ns"": 1512576000000000000, ""rows"": 1440, ""header"": ""NIST_HEADER""}"
NIST_GROUND,file,12/onemin-Ground-2017-12-08.csv,"{""file"": ""12/onemin-Ground-2017-12-08.csv"", ""size"": 849627, ""mtime_ns"": 1512662400000000000, ""rows"": 1440, ""header"": ""NIST_HEADER""}"
NIST_GROUND,file,12/onemin-Ground-2017-12-09.csv,"{""file"": ""12/onemin-Ground-2017-12-09.csv"", ""size"": 863411, ""mtime_ns"": 1512748800000000000, ""rows"": 1440, ""header"": ""NIST_HEADER""}"
NIST_GROUND,file,12/onemin-Ground-2017-12-10.csv,"{""file"": ""12/onemin-Ground-2017-12-10.csv"", ""size"": 865308, ""mtime_ns"": 1512835200000000000, ""rows"": 1440, ""header"": ""NIST_HEADER""}"
NIST_GROUND,file,12/onemin-Ground-2017-12-11.csv,"{""file"": ""12/onemin-Ground-2017-12-11.csv"", ""size"": 860844, ""mtime_ns"": 1512921600000000000, ""rows"": 1440, ""header"": ""NIST_HEADER""}"
NIST_GROUND,file,12/onemin-Ground-2017-12-12.csv,"{""file"": ""12/onemin-Ground-2017-12-12.csv"", ""size"": 855120, ""mtime_ns"": 1513008000000000000, ""rows"": 1440, ""header"": ""NIST_HEADER""}"
NIST_GROUND,file,12/onemin-Ground-2017-12-13.csv,"{""file"": ""12/onemin-Ground-2017-12-13.csv"", ""size"": 868200, ""mtime_ns"": 1513094400000000000, ""rows"": 1440, ""header"": ""NIST_HEADER""}"
NIST_GROUND,file,12/onemin-Ground-2017-12-14.csv,"{""file"": ""12/onemin-Ground-2017-12-14.csv"", ""size"": 864647, ""mtime_ns"": 1513180800000000000, ""rows"": 1440, ""header"": ""NIST_HEADER""}"
NIST_GROUND,file,12/onemin-Ground-2017-12-15.csv,"{""file"": ""12/onemin-Ground-2017-12-15.csv"", ""size"": 871995, ""mtime_ns"": 1513267200000000000, ""rows"": 1440, ""header"": ""NIST_HEADER""}"
NIST_GROUND,file,12/onemin-Ground-2017-12-16.csv,"{""file"": ""12/onemin-Ground-2017-12-16.csv"", ""size"": 868377, ""mtime_ns"": 1513353600000000000, ""rows"": 1440, ""header"": ""NIST_HEADER""}"
NIST_GROUND,file,12/onemin-Ground-2017-12-17.csv,"{""file"": ""12/onemin-Ground-2017-12-17.csv"", ""size"": 857107, ""mtime_ns"": 1513440000000000000, ""rows"": 1440, ""header"": ""NIST_HEADER""}"
NIST_GROUND,file,12/onemin-Ground-2017-12-18.csv,"{""file"": ""12/onemin-Ground-2017-12-18.csv"", ""size"": 897715, ""mtime_ns"": 1513526400000000000, ""rows"": 1440, ""header"": ""NIST_HEADER""}"
NIST_GROUND,file,12/onemin-Ground-2017-12-19.csv,"{""file"": ""12/onemin-Ground-2017-12-19.csv"", ""size"": 894711, ""mtime_ns"": 1513612800000000000, ""rows"": 1440, ""header"": ""NIST_HEADER""}"
NIST_GROUND,file,12/onemin-Ground-2017-12-20.csv,"{""file"": ""12/onemin-Ground-2017-12-20.csv"", ""size"": 854785, ""mtime_ns"": 1513699200000000000, ""rows"": 1440, ""header"": ""NIST_HEADER""}"
NIST_GROUND,file,12/onemin-Ground-2017-12-21.csv,"{""file"": ""12/onemin-Ground-2017-12-21.csv"", ""size"": 864736, ""mtime_ns"": 1513785600000000000, ""rows"": 1440, ""header"": ""NIST_HEADER""}"
NIST_GROUND,file,12/onemin-Ground-2017-12-22.csv,"{""file"": ""12/onemin-Ground-2017-12-22.csv"", ""size"": 849504, ""mtime_ns"": 1513872000000000000, ""rows"": 1440, ""header"": ""NIST_HEADER""}"
NIST_GROUND,file,12/onemin-Ground-2017-12-23.csv,"{""file"": ""12/onemin-Ground-2017-12-23.csv"", ""size"": 847441, ""mtime_ns"": 1513958400000000000, ""rows"": 1440, ""header"": ""NIST_HEADER""}"
NIST_GROUND,file,12/onemin-Ground-2017-12-24.csv,"{""file"": ""12/onemin-Ground-2017-12-24.csv"", ""size"": 852543, ""mtime_ns"": 1514044800000000000, ""rows"": 1440, ""header"": ""NIST_HEADER""}"
NIST_GROUND,file,12/onemin-Ground-2017-12-25.csv,"{""file"": ""12/onemin-Ground-2017-12-25.csv"", ""size"": 861010, ""mtime_ns"": 1514131200000000000, ""rows"": 1440, ""header"": ""NIST_HEADER""}"
NIST_GROUND,file,12/onemin-Ground-2017-12-26.csv,"{""file"": ""12/onemin-Ground-2017-12-26.csv"", ""size"": 867741, ""mtime_ns"": 1514217600000000000, ""rows"": 1440, ""header"": ""NIST_HEADER""}"
NIST_GROUND,file,12/onemin-Ground-2017-12-27.csv,"{""file"": ""12/onemin-Ground-2017-12-27.csv"", ""size"": 867150, ""mtime_ns"": 1514304000000000000, ""rows"": 1440, ""header"": ""NIST_HEADER""}"
NIST_GROUND,file,12/onemin-Ground-2017-12-28.csv,"{""file"": ""12/onemin-Ground-2017-12-28.csv"", ""size"": 871179, ""mtime_ns"": 1514390400000000000, ""rows"": 1440, ""header"": ""NIST_HEADER""}"
NIST_GROUND,file,12/onemin-Ground-2017-12-29.csv,"{""file"": ""12/onemin-Ground-2017-12-29.csv"", ""size"": 864922, ""mtime_ns"": 1514476800000000000, ""rows"": 1440, ""header"": ""NIST_HEADER""}"
NIST_GROUND,file,12/onemin-Ground-2017-12-30.csv,"{""file"": ""12/onemin-Ground-2017-12-30.csv"", ""size"": 871461, ""mtime_ns"": 1514563200000000000, ""rows"": 1440, ""header"": ""NIST_HEADER""}"
NIST_GROUND,file,12/onemin-Ground-2017-12-31.csv,"{""file"": ""12/onemin-Ground-2017-12-31.csv"", ""size"": 872049, ""mtime_ns"": 1514649600000000000, ""rows"": 1440, ""header"": ""NIST_HEADER""}"
NIST_GROUND,audit,header,"[""TIMESTAMP"", ""Pyra1_Wm2_Avg"", ""Pyra2_Wm2_Avg"", ""RECORD"", ""CR1000Temp_C_Avg"", ""DoorOpen_Min"", ""RefCell1_Wm2_Avg"", ""AmbTemp_C_Avg"", ""InvVDVoltage_V_Avg"", ""InvVa_Avg"", ""InvVb_Avg"", ""InvVc_Avg"", ""InvIa_Avg"", ""InvIb_Avg"", ""InvIc_Avg"", ""InvVDCin_Avg"", ""InvIDCin_Avg"", ""InvFreq_Avg"", ""InvPAC_kW_Avg"", ""InvEtot_kWh_Max"", ""InvVPVin_Avg"", ""InvPDC_kW_Avg"", ""InvOpStatus_Avg"", ""InvMainFault_Max"", ""InvDriveFault_Max"", ""InvVoltageFault_Max"", ""InvGridFault_Max"", ""InvTempFault_Max"", ""InvSystemFault_Max"", ""InvSystemWarn_Max"", ""InvPVMStatus_Max"", ""SEWSAmbientTemp_C_Avg"", ""SEWSModuleTemp_C_Avg"", ""SEWSPOAIrrad_Wm2_Avg"", ""PwrMtrIa_Avg"", ""PwrMtrIb_Avg"", ""PwrMtrIc_Avg"", ""PwrMtrFreq_Avg"", ""PwrMtrFreqMin_Min"", ""PwrMtrFreqMax_Max"", ""PwrMtrPhaseRev_Avg"", ""PwrMtrVa_Avg"", ""PwrMtrVb_Avg"", ""PwrMtrVc_Avg"", ""PwrMtrP_kW_Avg"", ""PwrMtrP_kVAR_Avg"", ""PwrMtrP_kVA_Avg"", ""PwrMtrEdel_kWh_Max"", ""PwrMtrErec_kWh_Max"", ""PwrMtrEdel_kVARh_Max"", ""PwrMtrErec_kVARh_Max"", ""PwrMtrPF_Avg"", ""PwrMtrVaTHDMax_Max"", ""PwrMtrVbTHDMax_Max"", ""PwrMtrVcTHDMax_Max"", ""ShuntCurrent_A_Avg_1"", ""ShuntCurrent_A_Avg_2"", ""ShuntCurrent_A_Avg_3"", ""ShuntCurrent_A_Avg_4"", ""ShuntCurrent_A_Avg_5"", ""ShuntCurrent_A_Avg_6"", ""ShuntCurrent_A_Avg_7"", ""ShuntPDC_kW_Avg_1"", ""ShuntPDC_kW_Avg_2"", ""ShuntPDC_kW_Avg_3"", ""ShuntPDC_kW_Avg_4"", ""ShuntPDC_kW_Avg_5"", ""ShuntPDC_kW_Avg_6"", ""ShuntPDC_kW_Avg_7"", ""ShuntEtot_kWh_Max_1"", ""ShuntEtot_kWh_Max_2"", ""ShuntEtot_kWh_Max_3"", ""ShuntEtot_kWh_Max_4"", ""ShuntEtot_kWh_Max_5"", ""ShuntEtot_kWh_Max_6"", ""ShuntEtot_kWh_Max_7"", ""WindSpeedAve_ms"", ""WindDirAve_deg"", ""WindDirStdDev_deg"", ""WindSpeed_ms_Max"", ""WindRef_V_Min"", ""WindHeatStateID_Avg"", ""WindValid_Avg"", ""Battery_V_Min"", ""Battery_A_Avg"", ""Load_A_Avg"", ""ChgState_Min"", ""ChgSource_Min"", ""CkBatt_Max"", ""Qloss_Ah_Max"", ""RTD_C_Avg_1"", ""RTD_C_Avg_2"", ""RTD_C_Avg_3"", ""RTD_C_Avg_4"", ""RTD_C_Avg_5"", ""RTD_C_Avg_6"", ""RTD_C_Avg_7"", ""RTD_C_Avg_8"", ""RTD_C_Avg_9"", ""RTD_C_Avg_10""]"
NIST_GROUND,audit,time,"{""first"": ""2017-01-01 00:00:00-05:00"", ""last"": ""2017-12-31 23:59:00-05:00"", ""rows"": 525595, ""unique"": 525595, ""duplicates"": 0, ""reverse_steps"": 0, ""missing_times"": [""2017-10-20 23:59:00-05:00"", ""2017-10-21 00:00:00-05:00"", ""2017-10-21 00:01:00-05:00"", ""2017-10-21 00:02:00-05:00"", ""2017-10-21 00:03:00-05:00""]}"
NIST_GROUND,audit,fields,"{""PwrMtrP_kW_Avg"": {""null"": 2127, ""non_numeric"": 0, ""positive_inf"": 0, ""negative_inf"": 0, ""candidate_minus999"": 0, ""candidate_minus7999"": 0, ""official_sentinel_codes_confirmed"": [], ""negative_finite"": 14418, ""quantiles"": {""0"": -0.647, ""0.01"": -0.313, ""0.05"": 0.0, ""0.5"": 0.0, ""0.95"": 199.4, ""0.99"": 230.3, ""1"": 258.4}}, ""AmbTemp_C_Avg"": {""null"": 2127, ""non_numeric"": 0, ""positive_inf"": 0, ""negative_inf"": 0, ""candidate_minus999"": 0, ""candidate_minus7999"": 0, ""official_sentinel_codes_confirmed"": [], ""negative_finite"": 43615, ""quantiles"": {""0"": -12.82, ""0.01"": -7.45033, ""0.05"": -1.994, ""0.5"": 15.3, ""0.95"": 29.26, ""0.99"": 32.48, ""1"": 38.85}}, ""Pyra1_Wm2_Avg"": {""null"": 2147, ""non_numeric"": 0, ""positive_inf"": 0, ""negative_inf"": 0, ""candidate_minus999"": 0, ""candidate_minus7999"": 0, ""official_sentinel_codes_confirmed"": [], ""negative_finite"": 271221, ""quantiles"": {""0"": -18.771086, ""0.01"": -13.900108, ""0.05"": -12.355653, ""0.5"": -5.7026086, ""0.95"": 787.3164, ""0.99"": 989.6402, ""1"": 1412.5836}}, ""InvPAC_kW_Avg"": {""null"": 2127, ""non_numeric"": 0, ""positive_inf"": 0, ""negative_inf"": 0, ""candidate_minus999"": 4712, ""candidate_minus7999"": 0, ""official_sentinel_codes_confirmed"": [], ""negative_finite"": 4731, ""quantiles"": {""0"": -999.0, ""0.01"": 0.0, ""0.05"": 0.0, ""0.5"": 0.0, ""0.95"": 200.4, ""0.99"": 230.5, ""1"": 258.1}}, ""PwrMtrErec_kWh_Max"": {""null"": 2127, ""non_numeric"": 0, ""positive_inf"": 0, ""negative_inf"": 0, ""candidate_minus999"": 0, ""candidate_minus7999"": 0, ""official_sentinel_codes_confirmed"": [], ""negative_finite"": 0, ""quantiles"": {""0"": 1593670.0, ""0.01"": 1595289.34, ""0.05"": 1602377.0, ""0.5"": 1781480.0, ""0.95"": 1951011.0, ""0.99"": 1959023.33, ""1"": 1961568.0}}, ""PwrMtrEdel_kWh_Max"": {""null"": 2127, ""non_numeric"": 0, ""positive_inf"": 0, ""negative_inf"": 0, ""candidate_minus999"": 0, ""candidate_minus7999"": 0, ""official_sentinel_codes_confirmed"": [], ""negative_finite"": 0, ""quantiles"": {""0"": 670.0, ""0.01"": 672.0, ""0.05"": 679.0, ""0.5"": 739.0, ""0.95"": 788.0, ""0.99"": 795.0, ""1"": 796.0}}}"
NIST_GROUND,audit,mV_present,false
NIST_GROUND,audit,Wm2_direct_in_csv,true
NIST_GROUND,audit,train_semantics,"{""split"": ""train"", ""candidate_power_shift_minutes"": {""-1"": {""pairs"": 348107, ""median_absolute_kWh_error"": 0.01778333333333428, ""mean_absolute_kWh_error"": 0.2258991488249303}, ""0"": {""pairs"": 348134, ""median_absolute_kWh_error"": 0.0161, ""mean_absolute_kWh_error"": 0.16365767712049575}, ""1"": {""pairs"": 348134, ""median_absolute_kWh_error"": 0.01783333333333248, ""mean_absolute_kWh_error"": 0.22601884178697476}}, ""power_ghi_lag_correlation"": {""-5"": 0.9292606027862286, ""0"": 0.9721661700109198, ""5"": 0.9286618829831901}, ""energy_delta_outside_diagnostic_bounds"": 0, ""note"": ""Diagnostic-only finite/reset bounds; no source rows deleted. No automatic boundary selection. Conservative closed-left/right-label availability frozen.""}"
YULARA_COMBINED,audit,file,"""106.6kW，单硅，车顶，2016年，沙漠航行 - 联合.csv"""
YULARA_COMBINED,audit,size,194758931
YULARA_COMBINED,audit,mtime_ns,1788592328517590000
YULARA_COMBINED,audit,full_file,"{""first"": ""2016-04-01 23:45:00"", ""last"": ""2026-02-19 23:55:00"", ""rows"": 1036791, ""header"": [""timestamp"", ""Active_Energy_Delivered_Received"", ""Active_Power"", ""Wind_Speed"", ""Weather_Temperature_Celsius"", ""Global_Horizontal_Radiation"", ""Wind_Direction"", ""Weather_Daily_Rainfall"", ""Max_Wind_Speed"", ""Air_Pressure"", ""Hail_Accumulation"", ""Pyranometer_1"", ""Temperature_Probe_1"", ""Temperature_Probe_2""]}"
YULARA_COMBINED,audit,time_2017,"{""first"": ""2017-01-01 00:00:00"", ""last"": ""2017-12-31 23:55:00"", ""rows"": 105122, ""unique"": 105122, ""duplicates"": 0, ""reverse_steps"": 0, ""missing_times"": []}"
YULARA_COMBINED,audit,fields,"{""Active_Power"": {""null"": 64, ""non_numeric"": 0, ""positive_inf"": 0, ""negative_inf"": 0, ""candidate_minus999"": 0, ""candidate_minus7999"": 0, ""official_sentinel_codes_confirmed"": [], ""negative_finite"": 52807, ""quantiles"": {""0"": -0.059044114896096, ""0.01"": -0.047782456670437214, ""0.05"": -0.0465536568588743, ""0.5"": -0.0349288433064575, ""0.95"": 88.1325502395628, ""0.99"": 95.99209802627557, ""1"": 109.90315437317}}, ""Weather_Temperature_Celsius"": {""null"": 2950, ""non_numeric"": 0, ""positive_inf"": 0, ""negative_inf"": 0, ""candidate_minus999"": 0, ""candidate_minus7999"": 0, ""official_sentinel_codes_confirmed"": [], ""negative_finite"": 77, ""quantiles"": {""0"": -2.4000000953674, ""0.01"": 3.8733334541321, ""0.05"": 7.5699996948242, ""0.5"": 22.433332443237, ""0.95"": 36.099998474121, ""0.99"": 38.926666259766, ""1"": 43.209999084473}}, ""Global_Horizontal_Radiation"": {""null"": 2950, ""non_numeric"": 0, ""positive_inf"": 0, ""negative_inf"": 0, ""candidate_minus999"": 0, ""candidate_minus7999"": 0, ""official_sentinel_codes_confirmed"": [], ""negative_finite"": 50504, ""quantiles"": {""0"": -12.872283935547, ""0.01"": -5.96771315574644, ""0.05"": -4.613857245445275, ""0.5"": 1.4575655460358, ""0.95"": 970.9050476074179, ""0.99"": 1094.2468164062268, ""1"": 1391.4573974609}}}"
YULARA_COMBINED,audit,excluded,"[{""timestamp"": ""2017-02-22 15:30:02"", ""values"": {""power"": 75.150801518689, ""temperature"": null, ""ghi"": null}, ""reason"": ""No provider correction; excluded without rounding"", ""floor_exists"": true, ""ceil_exists"": true, ""floor_values"": {""power"": null, ""temperature"": 36.50666809082, ""ghi"": 840.0693359375}, ""ceil_values"": {""power"": 74.441024780273, ""temperature"": 36.579998016357, ""ghi"": 827.40197753906}}, {""timestamp"": ""2017-08-07 05:20:01"", ""values"": {""power"": -0.047513291616942, ""temperature"": null, ""ghi"": null}, ""reason"": ""No provider correction; excluded without rounding"", ""floor_exists"": true, ""ceil_exists"": true, ""floor_values"": {""power"": null, ""temperature"": 4.1466665267944, ""ghi"": -3.0648691654205}, ""ceil_values"": {""power"": -0.047318973578513, ""temperature"": 4.039999961853, ""ghi"": -3.292090177536}}]"
NIST_GROUND,support,train|H12|primary|full,"{""split"": ""train"", ""horizon"": 12, ""analysis"": ""primary"", ""scope"": ""full"", ""forecast_origin_count"": 68837, ""valid_target_point_count"": 826044, ""first_origin"": ""2017-01-01 06:00:00"", ""last_origin"": ""2017-08-31 22:55:00"", ""months"": [""2017-01"", ""2017-02"", ""2017-03"", ""2017-04"", ""2017-05"", ""2017-06"", ""2017-07"", ""2017-08""], ""input_missing_rate"": 0.002383852144703269, ""label_missing_rate_selected"": 0.0, ""label_missing_rate_split"": 0.004701074531321445, ""input_missing_rate_split"": 0.004701074678450823, ""daylight_threshold_train"": 2.574}"
NIST_GROUND,support,train|H12|primary|daylight,"{""split"": ""train"", ""horizon"": 12, ""analysis"": ""primary"", ""scope"": ""daylight"", ""forecast_origin_count"": 34613, ""valid_target_point_count"": 380214, ""first_origin"": ""2017-01-01 06:55:00"", ""last_origin"": ""2017-08-31 18:00:00"", ""months"": [""2017-01"", ""2017-02"", ""2017-03"", ""2017-04"", ""2017-05"", ""2017-06"", ""2017-07"", ""2017-08""], ""input_missing_rate"": 0.002927609020844102, ""label_missing_rate_selected"": 0.0, ""label_missing_rate_split"": 0.004701074531321445, ""input_missing_rate_split"": 0.004701074678450823, ""daylight_threshold_train"": 2.574}"
NIST_GROUND,support,train|H12|daily_matched|full,"{""split"": ""train"", ""horizon"": 12, ""analysis"": ""daily_matched"", ""scope"": ""full"", ""forecast_origin_count"": 68615, ""valid_target_point_count"": 821094, ""first_origin"": ""2017-01-01 23:05:00"", ""last_origin"": ""2017-08-31 22:55:00"", ""months"": [""2017-01"", ""2017-02"", ""2017-03"", ""2017-04"", ""2017-05"", ""2017-06"", ""2017-07"", ""2017-08""], ""input_missing_rate"": 0.0023527005687355995, ""label_missing_rate_selected"": 0.0, ""label_missing_rate_split"": 0.004701074531321445, ""input_missing_rate_split"": 0.004701074678450823, ""daylight_threshold_train"": 2.574}"
NIST_GROUND,support,train|H12|daily_matched|daylight,"{""split"": ""train"", ""horizon"": 12, ""analysis"": ""daily_matched"", ""scope"": ""daylight"", ""forecast_origin_count"": 34479, ""valid_target_point_count"": 376830, ""first_origin"": ""2017-01-02 08:25:00"", ""last_origin"": ""2017-08-31 18:00:00"", ""months"": [""2017-01"", ""2017-02"", ""2017-03"", ""2017-04"", ""2017-05"", ""2017-06"", ""2017-07"", ""2017-08""], ""input_missing_rate"": 0.002861645305529237, ""label_missing_rate_selected"": 0.0, ""label_missing_rate_split"": 0.004701074531321445, ""input_missing_rate_split"": 0.004701074678450823, ""daylight_threshold_train"": 2.574}"
NIST_GROUND,support,train|H48|primary|full,"{""split"": ""train"", ""horizon"": 48, ""analysis"": ""primary"", ""scope"": ""full"", ""forecast_origin_count"": 66958, ""valid_target_point_count"": 3213984, ""first_origin"": ""2017-01-01 06:00:00"", ""last_origin"": ""2017-08-31 19:55:00"", ""months"": [""2017-01"", ""2017-02"", ""2017-03"", ""2017-04"", ""2017-05"", ""2017-06"", ""2017-07"", ""2017-08""], ""input_missing_rate"": 0.002243943978101015, ""label_missing_rate_selected"": 0.0, ""label_missing_rate_split"": 0.004701074531321445, ""input_missing_rate_split"": 0.004701074678450823, ""daylight_threshold_train"": 2.574}"
NIST_GROUND,support,train|H48|primary|daylight,"{""split"": ""train"", ""horizon"": 48, ""analysis"": ""primary"", ""scope"": ""daylight"", ""forecast_origin_count"": 41646, ""valid_target_point_count"": 1457504, ""first_origin"": ""2017-01-01 06:00:00"", ""last_origin"": ""2017-08-31 18:00:00"", ""months"": [""2017-01"", ""2017-02"", ""2017-03"", ""2017-04"", ""2017-05"", ""2017-06"", ""2017-07"", ""2017-08""], ""input_missing_rate"": 0.0023228188510984182, ""label_missing_rate_selected"": 0.0, ""label_missing_rate_split"": 0.004701074531321445, ""input_missing_rate_split"": 0.004701074678450823, ""daylight_threshold_train"": 2.574}"
NIST_GROUND,support,train|H48|daily_matched|full,"{""split"": ""train"", ""horizon"": 48, ""analysis"": ""daily_matched"", ""scope"": ""full"", ""forecast_origin_count"": 66789, ""valid_target_point_count"": 3196711, ""first_origin"": ""2017-01-01 20:05:00"", ""last_origin"": ""2017-08-31 19:55:00"", ""months"": [""2017-01"", ""2017-02"", ""2017-03"", ""2017-04"", ""2017-05"", ""2017-06"", ""2017-07"", ""2017-08""], ""input_missing_rate"": 0.002249622019007802, ""label_missing_rate_selected"": 0.0, ""label_missing_rate_split"": 0.004701074531321445, ""input_missing_rate_split"": 0.004701074678450823, ""daylight_threshold_train"": 2.574}"
NIST_GROUND,support,train|H48|daily_matched|daylight,"{""split"": ""train"", ""horizon"": 48, ""analysis"": ""daily_matched"", ""scope"": ""daylight"", ""forecast_origin_count"": 41510, ""valid_target_point_count"": 1445846, ""first_origin"": ""2017-01-02 05:25:00"", ""last_origin"": ""2017-08-31 18:00:00"", ""months"": [""2017-01"", ""2017-02"", ""2017-03"", ""2017-04"", ""2017-05"", ""2017-06"", ""2017-07"", ""2017-08""], ""input_missing_rate"": 0.0023304291535168886, ""label_missing_rate_selected"": 0.0, ""label_missing_rate_split"": 0.004701074531321445, ""input_missing_rate_split"": 0.004701074678450823, ""daylight_threshold_train"": 2.574}"
NIST_GROUND,support,train|H96|primary|full,"{""split"": ""train"", ""horizon"": 96, ""analysis"": ""primary"", ""scope"": ""full"", ""forecast_origin_count"": 64717, ""valid_target_point_count"": 6212832, ""first_origin"": ""2017-01-01 06:00:00"", ""last_origin"": ""2017-08-31 15:55:00"", ""months"": [""2017-01"", ""2017-02"", ""2017-03"", ""2017-04"", ""2017-05"", ""2017-06"", ""2017-07"", ""2017-08""], ""input_missing_rate"": 0.001968399155884981, ""label_missing_rate_selected"": 0.0, ""label_missing_rate_split"": 0.004701074531321445, ""input_missing_rate_split"": 0.004701074678450823, ""daylight_threshold_train"": 2.574}"
NIST_GROUND,support,train|H96|primary|daylight,"{""split"": ""train"", ""horizon"": 96, ""analysis"": ""primary"", ""scope"": ""daylight"", ""forecast_origin_count"": 50964, ""valid_target_point_count"": 2790328, ""first_origin"": ""2017-01-01 06:00:00"", ""last_origin"": ""2017-08-31 15:55:00"", ""months"": [""2017-01"", ""2017-02"", ""2017-03"", ""2017-04"", ""2017-05"", ""2017-06"", ""2017-07"", ""2017-08""], ""input_missing_rate"": 0.0018084661569446325, ""label_missing_rate_selected"": 0.0, ""label_missing_rate_split"": 0.004701074531321445, ""input_missing_rate_split"": 0.004701074678450823, ""daylight_threshold_train"": 2.574}"
NIST_GROUND,support,train|H96|daily_matched|full,"{""split"": ""train"", ""horizon"": 96, ""analysis"": ""daily_matched"", ""scope"": ""full"", ""forecast_origin_count"": 64596, ""valid_target_point_count"": 6183604, ""first_origin"": ""2017-01-01 16:05:00"", ""last_origin"": ""2017-08-31 15:55:00"", ""months"": [""2017-01"", ""2017-02"", ""2017-03"", ""2017-04"", ""2017-05"", ""2017-06"", ""2017-07"", ""2017-08""], ""input_missing_rate"": 0.001972086261957884, ""label_missing_rate_selected"": 0.0, ""label_missing_rate_split"": 0.004701074531321445, ""input_missing_rate_split"": 0.004701074678450823, ""daylight_threshold_train"": 2.574}"
NIST_GROUND,support,train|H96|daily_matched|daylight,"{""split"": ""train"", ""horizon"": 96, ""analysis"": ""daily_matched"", ""scope"": ""daylight"", ""forecast_origin_count"": 50828, ""valid_target_point_count"": 2771505, ""first_origin"": ""2017-01-02 01:25:00"", ""last_origin"": ""2017-08-31 15:55:00"", ""months"": [""2017-01"", ""2017-02"", ""2017-03"", ""2017-04"", ""2017-05"", ""2017-06"", ""2017-07"", ""2017-08""], ""input_missing_rate"": 0.0018064737087115645, ""label_missing_rate_selected"": 0.0, ""label_missing_rate_split"": 0.004701074531321445, ""input_missing_rate_split"": 0.004701074678450823, ""daylight_threshold_train"": 2.574}"
NIST_GROUND,support,train|H144|primary|full,"{""split"": ""train"", ""horizon"": 144, ""analysis"": ""primary"", ""scope"": ""full"", ""forecast_origin_count"": 62643, ""valid_target_point_count"": 9020592, ""first_origin"": ""2017-01-01 06:00:00"", ""last_origin"": ""2017-08-31 11:55:00"", ""months"": [""2017-01"", ""2017-02"", ""2017-03"", ""2017-04"", ""2017-05"", ""2017-06"", ""2017-07"", ""2017-08""], ""input_missing_rate"": 0.0019023141358047724, ""label_missing_rate_selected"": 0.0, ""label_missing_rate_split"": 0.004701074531321445, ""input_missing_rate_split"": 0.004701074678450823, ""daylight_threshold_train"": 2.574}"
NIST_GROUND,support,train|H144|primary|daylight,"{""split"": ""train"", ""horizon"": 144, ""analysis"": ""primary"", ""scope"": ""daylight"", ""forecast_origin_count"": 59066, ""valid_target_point_count"": 4062345, ""first_origin"": ""2017-01-01 06:00:00"", ""last_origin"": ""2017-08-31 11:55:00"", ""months"": [""2017-01"", ""2017-02"", ""2017-03"", ""2017-04"", ""2017-05"", ""2017-06"", ""2017-07"", ""2017-08""], ""input_missing_rate"": 0.0019563802052289248, ""label_missing_rate_selected"": 0.0, ""label_missing_rate_split"": 0.004701074531321445, ""input_missing_rate_split"": 0.004701074678450823, ""daylight_threshold_train"": 2.574}"
NIST_GROUND,support,train|H144|daily_matched|full,"{""split"": ""train"", ""horizon"": 144, ""analysis"": ""daily_matched"", ""scope"": ""full"", ""forecast_origin_count"": 62570, ""valid_target_point_count"": 8982982, ""first_origin"": ""2017-01-01 12:05:00"", ""last_origin"": ""2017-08-31 11:55:00"", ""months"": [""2017-01"", ""2017-02"", ""2017-03"", ""2017-04"", ""2017-05"", ""2017-06"", ""2017-07"", ""2017-08""], ""input_missing_rate"": 0.0019045335939154029, ""label_missing_rate_selected"": 0.0, ""label_missing_rate_split"": 0.004701074531321445, ""input_missing_rate_split"": 0.004701074678450823, ""daylight_threshold_train"": 2.574}"
NIST_GROUND,support,train|H144|daily_matched|daylight,"{""split"": ""train"", ""horizon"": 144, ""analysis"": ""daily_matched"", ""scope"": ""daylight"", ""forecast_origin_count"": 58940, ""valid_target_point_count"": 4039615, ""first_origin"": ""2017-01-01 21:25:00"", ""last_origin"": ""2017-08-31 11:55:00"", ""months"": [""2017-01"", ""2017-02"", ""2017-03"", ""2017-04"", ""2017-05"", ""2017-06"", ""2017-07"", ""2017-08""], ""input_missing_rate"": 0.001960562542080879, ""label_missing_rate_selected"": 0.0, ""label_missing_rate_split"": 0.004701074531321445, ""input_missing_rate_split"": 0.004701074678450823, ""daylight_threshold_train"": 2.574}"
NIST_GROUND,support,validation|H12|primary|full,"{""split"": ""validation"", ""horizon"": 12, ""analysis"": ""primary"", ""scope"": ""full"", ""forecast_origin_count"": 8290, ""valid_target_point_count"": 99480, ""first_origin"": ""2017-09-01 06:00:00"", ""last_origin"": ""2017-09-30 22:55:00"", ""months"": [""2017-09""], ""input_missing_rate"": 0.002521444810554385, ""label_missing_rate_selected"": 0.0, ""label_missing_rate_split"": 0.0025462962962962965, ""input_missing_rate_split"": 0.0025462962221354246, ""daylight_threshold_train"": 2.574}"
NIST_GROUND,support,validation|H12|primary|daylight,"{""split"": ""validation"", ""horizon"": 12, ""analysis"": ""primary"", ""scope"": ""daylight"", ""forecast_origin_count"": 4132, ""valid_target_point_count"": 45799, ""first_origin"": ""2017-09-01 06:00:00"", ""last_origin"": ""2017-09-30 17:15:00"", ""months"": [""2017-09""], ""input_missing_rate"": 0.0030016403179615736, ""label_missing_rate_selected"": 0.0, ""label_missing_rate_split"": 0.0025462962962962965, ""input_missing_rate_split"": 0.0025462962221354246, ""daylight_threshold_train"": 2.574}"
NIST_GROUND,support,validation|H12|daily_matched|full,"{""split"": ""validation"", ""horizon"": 12, ""analysis"": ""daily_matched"", ""scope"": ""full"", ""forecast_origin_count"": 8290, ""valid_target_point_count"": 99240, ""first_origin"": ""2017-09-01 06:00:00"", ""last_origin"": ""2017-09-30 22:55:00"", ""months"": [""2017-09""], ""input_missing_rate"": 0.002521444810554385, ""label_missing_rate_selected"": 0.0, ""label_missing_rate_split"": 0.0025462962962962965, ""input_missing_rate_split"": 0.0025462962221354246, ""daylight_threshold_train"": 2.574}"
NIST_GROUND,support,validation|H12|daily_matched|daylight,"{""split"": ""validation"", ""horizon"": 12, ""analysis"": ""daily_matched"", ""scope"": ""daylight"", ""forecast_origin_count"": 4132, ""valid_target_point_count"": 45655, ""first_origin"": ""2017-09-01 06:00:00"", ""last_origin"": ""2017-09-30 17:15:00"", ""months"": [""2017-09""], ""input_missing_rate"": 0.0030016403179615736, ""label_missing_rate_selected"": 0.0, ""label_missing_rate_split"": 0.0025462962962962965, ""input_missing_rate_split"": 0.0025462962221354246, ""daylight_threshold_train"": 2.574}"
NIST_GROUND,support,validation|H48|primary|full,"{""split"": ""validation"", ""horizon"": 48, ""analysis"": ""primary"", ""scope"": ""full"", ""forecast_origin_count"": 7543, ""valid_target_point_count"": 362064, ""first_origin"": ""2017-09-01 06:00:00"", ""last_origin"": ""2017-09-30 19:55:00"", ""months"": [""2017-09""], ""input_missing_rate"": 0.002493113512173295, ""label_missing_rate_selected"": 0.0, ""label_missing_rate_split"": 0.0025462962962962965, ""input_missing_rate_split"": 0.0025462962221354246, ""daylight_threshold_train"": 2.574}"
NIST_GROUND,support,validation|H48|primary|daylight,"{""split"": ""validation"", ""horizon"": 48, ""analysis"": ""primary"", ""scope"": ""daylight"", ""forecast_origin_count"": 4548, ""valid_target_point_count"": 159943, ""first_origin"": ""2017-09-01 06:00:00"", ""last_origin"": ""2017-09-30 17:15:00"", ""months"": [""2017-09""], ""input_missing_rate"": 0.0025866071227937937, ""label_missing_rate_selected"": 0.0, ""label_missing_rate_split"": 0.0025462962962962965, ""input_missing_rate_split"": 0.0025462962221354246, ""daylight_threshold_train"": 2.574}"
NIST_GROUND,support,validation|H48|daily_matched|full,"{""split"": ""validation"", ""horizon"": 48, ""analysis"": ""daily_matched"", ""scope"": ""full"", ""forecast_origin_count"": 7543, ""valid_target_point_count"": 361151, ""first_origin"": ""2017-09-01 06:00:00"", ""last_origin"": ""2017-09-30 19:55:00"", ""months"": [""2017-09""], ""input_missing_rate"": 0.002493113512173295, ""label_missing_rate_selected"": 0.0, ""label_missing_rate_split"": 0.0025462962962962965, ""input_missing_rate_split"": 0.0025462962221354246, ""daylight_threshold_train"": 2.574}"
NIST_GROUND,support,validation|H48|daily_matched|daylight,"{""split"": ""validation"", ""horizon"": 48, ""analysis"": ""daily_matched"", ""scope"": ""daylight"", ""forecast_origin_count"": 4548, ""valid_target_point_count"": 159368, ""first_origin"": ""2017-09-01 06:00:00"", ""last_origin"": ""2017-09-30 17:15:00"", ""months"": [""2017-09""], ""input_missing_rate"": 0.0025866071227937937, ""label_missing_rate_selected"": 0.0, ""label_missing_rate_split"": 0.0025462962962962965, ""input_missing_rate_split"": 0.0025462962221354246, ""daylight_threshold_train"": 2.574}"
NIST_GROUND,support,validation|H96|primary|full,"{""split"": ""validation"", ""horizon"": 96, ""analysis"": ""primary"", ""scope"": ""full"", ""forecast_origin_count"": 6690, ""valid_target_point_count"": 642240, ""first_origin"": ""2017-09-01 06:00:00"", ""last_origin"": ""2017-09-30 15:55:00"", ""months"": [""2017-09""], ""input_missing_rate"": 0.0026033881586045027, ""label_missing_rate_selected"": 0.0, ""label_missing_rate_split"": 0.0025462962962962965, ""input_missing_rate_split"": 0.0025462962221354246, ""daylight_threshold_train"": 2.574}"
NIST_GROUND,support,validation|H96|primary|daylight,"{""split"": ""validation"", ""horizon"": 96, ""analysis"": ""primary"", ""scope"": ""daylight"", ""forecast_origin_count"": 5099, ""valid_target_point_count"": 274705, ""first_origin"": ""2017-09-01 06:00:00"", ""last_origin"": ""2017-09-30 15:55:00"", ""months"": [""2017-09""], ""input_missing_rate"": 0.002465080237016082, ""label_missing_rate_selected"": 0.0, ""label_missing_rate_split"": 0.0025462962962962965, ""input_missing_rate_split"": 0.0025462962221354246, ""daylight_threshold_train"": 2.574}"
NIST_GROUND,support,validation|H96|daily_matched|full,"{""split"": ""validation"", ""horizon"": 96, ""analysis"": ""daily_matched"", ""scope"": ""full"", ""forecast_origin_count"": 6690, ""valid_target_point_count"": 640575, ""first_origin"": ""2017-09-01 06:00:00"", ""last_origin"": ""2017-09-30 15:55:00"", ""months"": [""2017-09""], ""input_missing_rate"": 0.0026033881586045027, ""label_missing_rate_selected"": 0.0, ""label_missing_rate_split"": 0.0025462962962962965, ""input_missing_rate_split"": 0.0025462962221354246, ""daylight_threshold_train"": 2.574}"
NIST_GROUND,support,validation|H96|daily_matched|daylight,"{""split"": ""validation"", ""horizon"": 96, ""analysis"": ""daily_matched"", ""scope"": ""daylight"", ""forecast_origin_count"": 5099, ""valid_target_point_count"": 273662, ""first_origin"": ""2017-09-01 06:00:00"", ""last_origin"": ""2017-09-30 15:55:00"", ""months"": [""2017-09""], ""input_missing_rate"": 0.002465080237016082, ""label_missing_rate_selected"": 0.0, ""label_missing_rate_split"": 0.0025462962962962965, ""input_missing_rate_split"": 0.0025462962221354246, ""daylight_threshold_train"": 2.574}"
NIST_GROUND,support,validation|H144|primary|full,"{""split"": ""validation"", ""horizon"": 144, ""analysis"": ""primary"", ""scope"": ""full"", ""forecast_origin_count"": 5915, ""valid_target_point_count"": 851760, ""first_origin"": ""2017-09-01 06:00:00"", ""last_origin"": ""2017-09-30 11:55:00"", ""months"": [""2017-09""], ""input_missing_rate"": 0.00271672778762877, ""label_missing_rate_selected"": 0.0, ""label_missing_rate_split"": 0.0025462962962962965, ""input_missing_rate_split"": 0.0025462962221354246, ""daylight_threshold_train"": 2.574}"
NIST_GROUND,support,validation|H144|primary|daylight,"{""split"": ""validation"", ""horizon"": 144, ""analysis"": ""primary"", ""scope"": ""daylight"", ""forecast_origin_count"": 5625, ""valid_target_point_count"": 364699, ""first_origin"": ""2017-09-01 06:00:00"", ""last_origin"": ""2017-09-30 11:55:00"", ""months"": [""2017-09""], ""input_missing_rate"": 0.002661728300154209, ""label_missing_rate_selected"": 0.0, ""label_missing_rate_split"": 0.0025462962962962965, ""input_missing_rate_split"": 0.0025462962221354246, ""daylight_threshold_train"": 2.574}"
NIST_GROUND,support,validation|H144|daily_matched|full,"{""split"": ""validation"", ""horizon"": 144, ""analysis"": ""daily_matched"", ""scope"": ""full"", ""forecast_origin_count"": 5915, ""valid_target_point_count"": 849433, ""first_origin"": ""2017-09-01 06:00:00"", ""last_origin"": ""2017-09-30 11:55:00"", ""months"": [""2017-09""], ""input_missing_rate"": 0.00271672778762877, ""label_missing_rate_selected"": 0.0, ""label_missing_rate_split"": 0.0025462962962962965, ""input_missing_rate_split"": 0.0025462962221354246, ""daylight_threshold_train"": 2.574}"
NIST_GROUND,support,validation|H144|daily_matched|daylight,"{""split"": ""validation"", ""horizon"": 144, ""analysis"": ""daily_matched"", ""scope"": ""daylight"", ""forecast_origin_count"": 5625, ""valid_target_point_count"": 363282, ""first_origin"": ""2017-09-01 06:00:00"", ""last_origin"": ""2017-09-30 11:55:00"", ""months"": [""2017-09""], ""input_missing_rate"": 0.002661728300154209, ""label_missing_rate_selected"": 0.0, ""label_missing_rate_split"": 0.0025462962962962965, ""input_missing_rate_split"": 0.0025462962221354246, ""daylight_threshold_train"": 2.574}"
NIST_GROUND,support,test|H12|primary|full,"{""split"": ""test"", ""horizon"": 12, ""analysis"": ""primary"", ""scope"": ""full"", ""forecast_origin_count"": 25219, ""valid_target_point_count"": 302628, ""first_origin"": ""2017-10-01 06:00:00"", ""last_origin"": ""2017-12-31 22:55:00"", ""months"": [""2017-10"", ""2017-11"", ""2017-12""], ""input_missing_rate"": 0.00214950367808342, ""label_missing_rate_selected"": 0.0, ""label_missing_rate_split"": 0.021739130434782608, ""input_missing_rate_split"": 0.021802032366394997, ""daylight_threshold_train"": 2.574}"
NIST_GROUND,support,test|H12|primary|daylight,"{""split"": ""test"", ""horizon"": 12, ""analysis"": ""primary"", ""scope"": ""daylight"", ""forecast_origin_count"": 10161, ""valid_target_point_count"": 109258, ""first_origin"": ""2017-10-01 06:00:00"", ""last_origin"": ""2017-12-31 16:30:00"", ""months"": [""2017-10"", ""2017-11"", ""2017-12""], ""input_missing_rate"": 0.0035320234019309282, ""label_missing_rate_selected"": 0.0, ""label_missing_rate_split"": 0.021739130434782608, ""input_missing_rate_split"": 0.021802032366394997, ""daylight_threshold_train"": 2.574}"
NIST_GROUND,support,test|H12|daily_matched|full,"{""split"": ""test"", ""horizon"": 12, ""analysis"": ""daily_matched"", ""scope"": ""full"", ""forecast_origin_count"": 25219, ""valid_target_point_count"": 300173, ""first_origin"": ""2017-10-01 06:00:00"", ""last_origin"": ""2017-12-31 22:55:00"", ""months"": [""2017-10"", ""2017-11"", ""2017-12""], ""input_missing_rate"": 0.00214950367808342, ""label_missing_rate_selected"": 0.0, ""label_missing_rate_split"": 0.021739130434782608, ""input_missing_rate_split"": 0.021802032366394997, ""daylight_threshold_train"": 2.574}"
NIST_GROUND,support,test|H12|daily_matched|daylight,"{""split"": ""test"", ""horizon"": 12, ""analysis"": ""daily_matched"", ""scope"": ""daylight"", ""forecast_origin_count"": 10158, ""valid_target_point_count"": 108291, ""first_origin"": ""2017-10-01 06:00:00"", ""last_origin"": ""2017-12-31 16:30:00"", ""months"": [""2017-10"", ""2017-11"", ""2017-12""], ""input_missing_rate"": 0.0035139245446771383, ""label_missing_rate_selected"": 0.0, ""label_missing_rate_split"": 0.021739130434782608, ""input_missing_rate_split"": 0.021802032366394997, ""daylight_threshold_train"": 2.574}"
NIST_GROUND,support,test|H48|primary|full,"{""split"": ""test"", ""horizon"": 48, ""analysis"": ""primary"", ""scope"": ""full"", ""forecast_origin_count"": 24240, ""valid_target_point_count"": 1163520, ""first_origin"": ""2017-10-01 06:00:00"", ""last_origin"": ""2017-12-31 19:55:00"", ""months"": [""2017-10"", ""2017-11"", ""2017-12""], ""input_missing_rate"": 0.002175009110942483, ""label_missing_rate_selected"": 0.0, ""label_missing_rate_split"": 0.021739130434782608, ""input_missing_rate_split"": 0.021802032366394997, ""daylight_threshold_train"": 2.574}"
NIST_GROUND,support,test|H48|primary|daylight,"{""split"": ""test"", ""horizon"": 48, ""analysis"": ""primary"", ""scope"": ""daylight"", ""forecast_origin_count"": 12577, ""valid_target_point_count"": 413664, ""first_origin"": ""2017-10-01 06:00:00"", ""last_origin"": ""2017-12-31 16:30:00"", ""months"": [""2017-10"", ""2017-11"", ""2017-12""], ""input_missing_rate"": 0.0028833497781306505, ""label_missing_rate_selected"": 0.0, ""label_missing_rate_split"": 0.021739130434782608, ""input_missing_rate_split"": 0.021802032366394997, ""daylight_threshold_train"": 2.574}"
NIST_GROUND,support,test|H48|daily_matched|full,"{""split"": ""test"", ""horizon"": 48, ""analysis"": ""daily_matched"", ""scope"": ""full"", ""forecast_origin_count"": 24240, ""valid_target_point_count"": 1154170, ""first_origin"": ""2017-10-01 06:00:00"", ""last_origin"": ""2017-12-31 19:55:00"", ""months"": [""2017-10"", ""2017-11"", ""2017-12""], ""input_missing_rate"": 0.002175009110942483, ""label_missing_rate_selected"": 0.0, ""label_missing_rate_split"": 0.021739130434782608, ""input_missing_rate_split"": 0.021802032366394997, ""daylight_threshold_train"": 2.574}"
NIST_GROUND,support,test|H48|daily_matched|daylight,"{""split"": ""test"", ""horizon"": 48, ""analysis"": ""daily_matched"", ""scope"": ""daylight"", ""forecast_origin_count"": 12574, ""valid_target_point_count"": 410266, ""first_origin"": ""2017-10-01 06:00:00"", ""last_origin"": ""2017-12-31 16:30:00"", ""months"": [""2017-10"", ""2017-11"", ""2017-12""], ""input_missing_rate"": 0.002868573646992445, ""label_missing_rate_selected"": 0.0, ""label_missing_rate_split"": 0.021739130434782608, ""input_missing_rate_split"": 0.021802032366394997, ""daylight_threshold_train"": 2.574}"
NIST_GROUND,support,test|H96|primary|full,"{""split"": ""test"", ""horizon"": 96, ""analysis"": ""primary"", ""scope"": ""full"", ""forecast_origin_count"": 23037, ""valid_target_point_count"": 2211552, ""first_origin"": ""2017-10-01 06:00:00"", ""last_origin"": ""2017-12-31 15:55:00"", ""months"": [""2017-10"", ""2017-11"", ""2017-12""], ""input_missing_rate"": 0.0022578411735594273, ""label_missing_rate_selected"": 0.0, ""label_missing_rate_split"": 0.021739130434782608, ""input_missing_rate_split"": 0.021802032366394997, ""daylight_threshold_train"": 2.574}"
NIST_GROUND,support,test|H96|primary|daylight,"{""split"": ""test"", ""horizon"": 96, ""analysis"": ""primary"", ""scope"": ""daylight"", ""forecast_origin_count"": 15700, ""valid_target_point_count"": 775182, ""first_origin"": ""2017-10-01 06:00:00"", ""last_origin"": ""2017-12-31 15:55:00"", ""months"": [""2017-10"", ""2017-11"", ""2017-12""], ""input_missing_rate"": 0.0024239206686615944, ""label_missing_rate_selected"": 0.0, ""label_missing_rate_split"": 0.021739130434782608, ""input_missing_rate_split"": 0.021802032366394997, ""daylight_threshold_train"": 2.574}"
NIST_GROUND,support,test|H96|daily_matched|full,"{""split"": ""test"", ""horizon"": 96, ""analysis"": ""daily_matched"", ""scope"": ""full"", ""forecast_origin_count"": 23037, ""valid_target_point_count"": 2194678, ""first_origin"": ""2017-10-01 06:00:00"", ""last_origin"": ""2017-12-31 15:55:00"", ""months"": [""2017-10"", ""2017-11"", ""2017-12""], ""input_missing_rate"": 0.0022578411735594273, ""label_missing_rate_selected"": 0.0, ""label_missing_rate_split"": 0.021739130434782608, ""input_missing_rate_split"": 0.021802032366394997, ""daylight_threshold_train"": 2.574}"
NIST_GROUND,support,test|H96|daily_matched|daylight,"{""split"": ""test"", ""horizon"": 96, ""analysis"": ""daily_matched"", ""scope"": ""daylight"", ""forecast_origin_count"": 15697, ""valid_target_point_count"": 769372, ""first_origin"": ""2017-10-01 06:00:00"", ""last_origin"": ""2017-12-31 15:55:00"", ""months"": [""2017-10"", ""2017-11"", ""2017-12""], ""input_missing_rate"": 0.0024119967129081488, ""label_missing_rate_selected"": 0.0, ""label_missing_rate_split"": 0.021739130434782608, ""input_missing_rate_split"": 0.021802032366394997, ""daylight_threshold_train"": 2.574}"
NIST_GROUND,support,test|H144|primary|full,"{""split"": ""test"", ""horizon"": 144, ""analysis"": ""primary"", ""scope"": ""full"", ""forecast_origin_count"": 21885, ""valid_target_point_count"": 3151440, ""first_origin"": ""2017-10-01 06:00:00"", ""last_origin"": ""2017-12-31 11:55:00"", ""months"": [""2017-10"", ""2017-11"", ""2017-12""], ""input_missing_rate"": 0.0023474982008337975, ""label_missing_rate_selected"": 0.0, ""label_missing_rate_split"": 0.021739130434782608, ""input_missing_rate_split"": 0.021802032366394997, ""daylight_threshold_train"": 2.574}"
NIST_GROUND,support,test|H144|primary|daylight,"{""split"": ""test"", ""horizon"": 144, ""analysis"": ""primary"", ""scope"": ""daylight"", ""forecast_origin_count"": 18602, ""valid_target_point_count"": 1106213, ""first_origin"": ""2017-10-01 06:00:00"", ""last_origin"": ""2017-12-31 11:55:00"", ""months"": [""2017-10"", ""2017-11"", ""2017-12""], ""input_missing_rate"": 0.0023563774302601814, ""label_missing_rate_selected"": 0.0, ""label_missing_rate_split"": 0.021739130434782608, ""input_missing_rate_split"": 0.021802032366394997, ""daylight_threshold_train"": 2.574}"
NIST_GROUND,support,test|H144|daily_matched|full,"{""split"": ""test"", ""horizon"": 144, ""analysis"": ""daily_matched"", ""scope"": ""full"", ""forecast_origin_count"": 21885, ""valid_target_point_count"": 3128676, ""first_origin"": ""2017-10-01 06:00:00"", ""last_origin"": ""2017-12-31 11:55:00"", ""months"": [""2017-10"", ""2017-11"", ""2017-12""], ""input_missing_rate"": 0.0023474982008337975, ""label_missing_rate_selected"": 0.0, ""label_missing_rate_split"": 0.021739130434782608, ""input_missing_rate_split"": 0.021802032366394997, ""daylight_threshold_train"": 2.574}"
NIST_GROUND,support,test|H144|daily_matched|daylight,"{""split"": ""test"", ""horizon"": 144, ""analysis"": ""daily_matched"", ""scope"": ""daylight"", ""forecast_origin_count"": 18599, ""valid_target_point_count"": 1098178, ""first_origin"": ""2017-10-01 06:00:00"", ""last_origin"": ""2017-12-31 11:55:00"", ""months"": [""2017-10"", ""2017-11"", ""2017-12""], ""input_missing_rate"": 0.002346303081139922, ""label_missing_rate_selected"": 0.0, ""label_missing_rate_split"": 0.021739130434782608, ""input_missing_rate_split"": 0.021802032366394997, ""daylight_threshold_train"": 2.574}"
YULARA_COMBINED,support,train|H12|primary|full,"{""split"": ""train"", ""horizon"": 12, ""analysis"": ""primary"", ""scope"": ""full"", ""forecast_origin_count"": 69861, ""valid_target_point_count"": 838332, ""first_origin"": ""2017-01-01 06:00:00"", ""last_origin"": ""2017-08-31 22:55:00"", ""months"": [""2017-01"", ""2017-02"", ""2017-03"", ""2017-04"", ""2017-05"", ""2017-06"", ""2017-07"", ""2017-08""], ""input_missing_rate"": 5.22863665537443e-05, ""label_missing_rate_selected"": 0.0, ""label_missing_rate_split"": 5.7155921353452216e-05, ""input_missing_rate_split"": 6.668191053904593e-05, ""daylight_threshold_train"": 1.0990315437317}"
YULARA_COMBINED,support,train|H12|primary|daylight,"{""split"": ""train"", ""horizon"": 12, ""analysis"": ""primary"", ""scope"": ""daylight"", ""forecast_origin_count"": 35109, ""valid_target_point_count"": 388983, ""first_origin"": ""2017-01-01 06:00:00"", ""last_origin"": ""2017-08-31 18:20:00"", ""months"": [""2017-01"", ""2017-02"", ""2017-03"", ""2017-04"", ""2017-05"", ""2017-06"", ""2017-07"", ""2017-08""], ""input_missing_rate"": 7.608580199303105e-05, ""label_missing_rate_selected"": 0.0, ""label_missing_rate_split"": 5.7155921353452216e-05, ""input_missing_rate_split"": 6.668191053904593e-05, ""daylight_threshold_train"": 1.0990315437317}"
YULARA_COMBINED,support,train|H12|daily_matched|full,"{""split"": ""train"", ""horizon"": 12, ""analysis"": ""daily_matched"", ""scope"": ""full"", ""forecast_origin_count"": 69656, ""valid_target_point_count"": 835770, ""first_origin"": ""2017-01-01 23:05:00"", ""last_origin"": ""2017-08-31 22:55:00"", ""months"": [""2017-01"", ""2017-02"", ""2017-03"", ""2017-04"", ""2017-05"", ""2017-06"", ""2017-07"", ""2017-08""], ""input_missing_rate"": 5.2440245781326666e-05, ""label_missing_rate_selected"": 0.0, ""label_missing_rate_split"": 5.7155921353452216e-05, ""input_missing_rate_split"": 6.668191053904593e-05, ""daylight_threshold_train"": 1.0990315437317}"
YULARA_COMBINED,support,train|H12|daily_matched|daylight,"{""split"": ""train"", ""horizon"": 12, ""analysis"": ""daily_matched"", ""scope"": ""daylight"", ""forecast_origin_count"": 34948, ""valid_target_point_count"": 387108, ""first_origin"": ""2017-01-02 05:30:00"", ""last_origin"": ""2017-08-31 18:20:00"", ""months"": [""2017-01"", ""2017-02"", ""2017-03"", ""2017-04"", ""2017-05"", ""2017-06"", ""2017-07"", ""2017-08""], ""input_missing_rate"": 7.643631397513673e-05, ""label_missing_rate_selected"": 0.0, ""label_missing_rate_split"": 5.7155921353452216e-05, ""input_missing_rate_split"": 6.668191053904593e-05, ""daylight_threshold_train"": 1.0990315437317}"
YULARA_COMBINED,support,train|H48|primary|full,"{""split"": ""train"", ""horizon"": 48, ""analysis"": ""primary"", ""scope"": ""full"", ""forecast_origin_count"": 69717, ""valid_target_point_count"": 3346416, ""first_origin"": ""2017-01-01 06:00:00"", ""last_origin"": ""2017-08-31 19:55:00"", ""months"": [""2017-01"", ""2017-02"", ""2017-03"", ""2017-04"", ""2017-05"", ""2017-06"", ""2017-07"", ""2017-08""], ""input_missing_rate"": 5.2394363592611626e-05, ""label_missing_rate_selected"": 0.0, ""label_missing_rate_split"": 5.7155921353452216e-05, ""input_missing_rate_split"": 6.668191053904593e-05, ""daylight_threshold_train"": 1.0990315437317}"
YULARA_COMBINED,support,train|H48|primary|daylight,"{""split"": ""train"", ""horizon"": 48, ""analysis"": ""primary"", ""scope"": ""daylight"", ""forecast_origin_count"": 43727, ""valid_target_point_count"": 1551419, ""first_origin"": ""2017-01-01 06:00:00"", ""last_origin"": ""2017-08-31 18:20:00"", ""months"": [""2017-01"", ""2017-02"", ""2017-03"", ""2017-04"", ""2017-05"", ""2017-06"", ""2017-07"", ""2017-08""], ""input_missing_rate"": 7.358365837717429e-05, ""label_missing_rate_selected"": 0.0, ""label_missing_rate_split"": 5.7155921353452216e-05, ""input_missing_rate_split"": 6.668191053904593e-05, ""daylight_threshold_train"": 1.0990315437317}"
YULARA_COMBINED,support,train|H48|daily_matched|full,"{""split"": ""train"", ""horizon"": 48, ""analysis"": ""daily_matched"", ""scope"": ""full"", ""forecast_origin_count"": 69548, ""valid_target_point_count"": 3337032, ""first_origin"": ""2017-01-01 20:05:00"", ""last_origin"": ""2017-08-31 19:55:00"", ""months"": [""2017-01"", ""2017-02"", ""2017-03"", ""2017-04"", ""2017-05"", ""2017-06"", ""2017-07"", ""2017-08""], ""input_missing_rate"": 5.252167829894461e-05, ""label_missing_rate_selected"": 0.0, ""label_missing_rate_split"": 5.7155921353452216e-05, ""input_missing_rate_split"": 6.668191053904593e-05, ""daylight_threshold_train"": 1.0990315437317}"
YULARA_COMBINED,support,train|H48|daily_matched|daylight,"{""split"": ""train"", ""horizon"": 48, ""analysis"": ""daily_matched"", ""scope"": ""daylight"", ""forecast_origin_count"": 43566, ""valid_target_point_count"": 1544738, ""first_origin"": ""2017-01-02 02:30:00"", ""last_origin"": ""2017-08-31 18:20:00"", ""months"": [""2017-01"", ""2017-02"", ""2017-03"", ""2017-04"", ""2017-05"", ""2017-06"", ""2017-07"", ""2017-08""], ""input_missing_rate"": 7.385559001704678e-05, ""label_missing_rate_selected"": 0.0, ""label_missing_rate_split"": 5.7155921353452216e-05, ""input_missing_rate_split"": 6.668191053904593e-05, ""daylight_threshold_train"": 1.0990315437317}"
YULARA_COMBINED,support,train|H96|primary|full,"{""split"": ""train"", ""horizon"": 96, ""analysis"": ""primary"", ""scope"": ""full"", ""forecast_origin_count"": 69525, ""valid_target_point_count"": 6674400, ""first_origin"": ""2017-01-01 06:00:00"", ""last_origin"": ""2017-08-31 15:55:00"", ""months"": [""2017-01"", ""2017-02"", ""2017-03"", ""2017-04"", ""2017-05"", ""2017-06"", ""2017-07"", ""2017-08""], ""input_missing_rate"": 5.253905328572728e-05, ""label_missing_rate_selected"": 0.0, ""label_missing_rate_split"": 5.7155921353452216e-05, ""input_missing_rate_split"": 6.668191053904593e-05, ""daylight_threshold_train"": 1.0990315437317}"
YULARA_COMBINED,support,train|H96|primary|daylight,"{""split"": ""train"", ""horizon"": 96, ""analysis"": ""primary"", ""scope"": ""daylight"", ""forecast_origin_count"": 55170, ""valid_target_point_count"": 3091616, ""first_origin"": ""2017-01-01 06:00:00"", ""last_origin"": ""2017-08-31 15:55:00"", ""months"": [""2017-01"", ""2017-02"", ""2017-03"", ""2017-04"", ""2017-05"", ""2017-06"", ""2017-07"", ""2017-08""], ""input_missing_rate"": 5.966406752122566e-05, ""label_missing_rate_selected"": 0.0, ""label_missing_rate_split"": 5.7155921353452216e-05, ""input_missing_rate_split"": 6.668191053904593e-05, ""daylight_threshold_train"": 1.0990315437317}"
YULARA_COMBINED,support,train|H96|daily_matched|full,"{""split"": ""train"", ""horizon"": 96, ""analysis"": ""daily_matched"", ""scope"": ""full"", ""forecast_origin_count"": 69404, ""valid_target_point_count"": 6657936, ""first_origin"": ""2017-01-01 16:05:00"", ""last_origin"": ""2017-08-31 15:55:00"", ""months"": [""2017-01"", ""2017-02"", ""2017-03"", ""2017-04"", ""2017-05"", ""2017-06"", ""2017-07"", ""2017-08""], ""input_missing_rate"": 5.263065031613223e-05, ""label_missing_rate_selected"": 0.0, ""label_missing_rate_split"": 5.7155921353452216e-05, ""input_missing_rate_split"": 6.668191053904593e-05, ""daylight_threshold_train"": 1.0990315437317}"
YULARA_COMBINED,support,train|H96|daily_matched|daylight,"{""split"": ""train"", ""horizon"": 96, ""analysis"": ""daily_matched"", ""scope"": ""daylight"", ""forecast_origin_count"": 55009, ""valid_target_point_count"": 3080543, ""first_origin"": ""2017-01-01 22:30:00"", ""last_origin"": ""2017-08-31 15:55:00"", ""months"": [""2017-01"", ""2017-02"", ""2017-03"", ""2017-04"", ""2017-05"", ""2017-06"", ""2017-07"", ""2017-08""], ""input_missing_rate"": 5.983869414194487e-05, ""label_missing_rate_selected"": 0.0, ""label_missing_rate_split"": 5.7155921353452216e-05, ""input_missing_rate_split"": 6.668191053904593e-05, ""daylight_threshold_train"": 1.0990315437317}"
YULARA_COMBINED,support,train|H144|primary|full,"{""split"": ""train"", ""horizon"": 144, ""analysis"": ""primary"", ""scope"": ""full"", ""forecast_origin_count"": 69333, ""valid_target_point_count"": 9983952, ""first_origin"": ""2017-01-01 06:00:00"", ""last_origin"": ""2017-08-31 11:55:00"", ""months"": [""2017-01"", ""2017-02"", ""2017-03"", ""2017-04"", ""2017-05"", ""2017-06"", ""2017-07"", ""2017-08""], ""input_missing_rate"": 5.2684546972159296e-05, ""label_missing_rate_selected"": 0.0, ""label_missing_rate_split"": 5.7155921353452216e-05, ""input_missing_rate_split"": 6.668191053904593e-05, ""daylight_threshold_train"": 1.0990315437317}"
YULARA_COMBINED,support,train|H144|primary|daylight,"{""split"": ""train"", ""horizon"": 144, ""analysis"": ""primary"", ""scope"": ""daylight"", ""forecast_origin_count"": 66248, ""valid_target_point_count"": 4623382, ""first_origin"": ""2017-01-01 06:00:00"", ""last_origin"": ""2017-08-31 11:55:00"", ""months"": [""2017-01"", ""2017-02"", ""2017-03"", ""2017-04"", ""2017-05"", ""2017-06"", ""2017-07"", ""2017-08""], ""input_missing_rate"": 5.185341797186993e-05, ""label_missing_rate_selected"": 0.0, ""label_missing_rate_split"": 5.7155921353452216e-05, ""input_missing_rate_split"": 6.668191053904593e-05, ""daylight_threshold_train"": 1.0990315437317}"
YULARA_COMBINED,support,train|H144|daily_matched|full,"{""split"": ""train"", ""horizon"": 144, ""analysis"": ""daily_matched"", ""scope"": ""full"", ""forecast_origin_count"": 69260, ""valid_target_point_count"": 9962712, ""first_origin"": ""2017-01-01 12:05:00"", ""last_origin"": ""2017-08-31 11:55:00"", ""months"": [""2017-01"", ""2017-02"", ""2017-03"", ""2017-04"", ""2017-05"", ""2017-06"", ""2017-07"", ""2017-08""], ""input_missing_rate"": 5.2740077080670744e-05, ""label_missing_rate_selected"": 0.0, ""label_missing_rate_split"": 5.7155921353452216e-05, ""input_missing_rate_split"": 6.668191053904593e-05, ""daylight_threshold_train"": 1.0990315437317}"
YULARA_COMBINED,support,train|H144|daily_matched|daylight,"{""split"": ""train"", ""horizon"": 144, ""analysis"": ""daily_matched"", ""scope"": ""daylight"", ""forecast_origin_count"": 66098, ""valid_target_point_count"": 4610221, ""first_origin"": ""2017-01-01 18:30:00"", ""last_origin"": ""2017-08-31 11:55:00"", ""months"": [""2017-01"", ""2017-02"", ""2017-03"", ""2017-04"", ""2017-05"", ""2017-06"", ""2017-07"", ""2017-08""], ""input_missing_rate"": 5.197109203436412e-05, ""label_missing_rate_selected"": 0.0, ""label_missing_rate_split"": 5.7155921353452216e-05, ""input_missing_rate_split"": 6.668191053904593e-05, ""daylight_threshold_train"": 1.0990315437317}"
YULARA_COMBINED,support,validation|H12|primary|full,"{""split"": ""validation"", ""horizon"": 12, ""analysis"": ""primary"", ""scope"": ""full"", ""forecast_origin_count"": 8459, ""valid_target_point_count"": 101508, ""first_origin"": ""2017-09-01 06:00:00"", ""last_origin"": ""2017-09-30 22:55:00"", ""months"": [""2017-09""], ""input_missing_rate"": 0.1190207228064537, ""label_missing_rate_selected"": 0.0, ""label_missing_rate_split"": 0.007060185185185185, ""input_missing_rate_split"": 0.11747685074806213, ""daylight_threshold_train"": 1.0990315437317}"
YULARA_COMBINED,support,validation|H12|primary|daylight,"{""split"": ""validation"", ""horizon"": 12, ""analysis"": ""primary"", ""scope"": ""daylight"", ""forecast_origin_count"": 4329, ""valid_target_point_count"": 47952, ""first_origin"": ""2017-09-01 06:20:00"", ""last_origin"": ""2017-09-30 17:45:00"", ""months"": [""2017-09""], ""input_missing_rate"": 0.1200527474284172, ""label_missing_rate_selected"": 0.0, ""label_missing_rate_split"": 0.007060185185185185, ""input_missing_rate_split"": 0.11747685074806213, ""daylight_threshold_train"": 1.0990315437317}"
YULARA_COMBINED,support,validation|H12|daily_matched|full,"{""split"": ""validation"", ""horizon"": 12, ""analysis"": ""daily_matched"", ""scope"": ""full"", ""forecast_origin_count"": 8411, ""valid_target_point_count"": 100776, ""first_origin"": ""2017-09-01 06:00:00"", ""last_origin"": ""2017-09-30 22:55:00"", ""months"": [""2017-09""], ""input_missing_rate"": 0.1196850910782814, ""label_missing_rate_selected"": 0.0, ""label_missing_rate_split"": 0.007060185185185185, ""input_missing_rate_split"": 0.11747685074806213, ""daylight_threshold_train"": 1.0990315437317}"
YULARA_COMBINED,support,validation|H12|daily_matched|daylight,"{""split"": ""validation"", ""horizon"": 12, ""analysis"": ""daily_matched"", ""scope"": ""daylight"", ""forecast_origin_count"": 4281, ""valid_target_point_count"": 47232, ""first_origin"": ""2017-09-01 06:20:00"", ""last_origin"": ""2017-09-30 17:45:00"", ""months"": [""2017-09""], ""input_missing_rate"": 0.1213696151971817, ""label_missing_rate_selected"": 0.0, ""label_missing_rate_split"": 0.007060185185185185, ""input_missing_rate_split"": 0.11747685074806213, ""daylight_threshold_train"": 1.0990315437317}"
YULARA_COMBINED,support,validation|H48|primary|full,"{""split"": ""validation"", ""horizon"": 48, ""analysis"": ""primary"", ""scope"": ""full"", ""forecast_origin_count"": 8315, ""valid_target_point_count"": 399120, ""first_origin"": ""2017-09-01 06:00:00"", ""last_origin"": ""2017-09-30 19:55:00"", ""months"": [""2017-09""], ""input_missing_rate"": 0.12093383073806763, ""label_missing_rate_selected"": 0.0, ""label_missing_rate_split"": 0.007060185185185185, ""input_missing_rate_split"": 0.11747685074806213, ""daylight_threshold_train"": 1.0990315437317}"
YULARA_COMBINED,support,validation|H48|primary|daylight,"{""split"": ""validation"", ""horizon"": 48, ""analysis"": ""primary"", ""scope"": ""daylight"", ""forecast_origin_count"": 5305, ""valid_target_point_count"": 189051, ""first_origin"": ""2017-09-01 06:00:00"", ""last_origin"": ""2017-09-30 17:45:00"", ""months"": [""2017-09""], ""input_missing_rate"": 0.12058679759502411, ""label_missing_rate_selected"": 0.0, ""label_missing_rate_split"": 0.007060185185185185, ""input_missing_rate_split"": 0.11747685074806213, ""daylight_threshold_train"": 1.0990315437317}"
YULARA_COMBINED,support,validation|H48|daily_matched|full,"{""split"": ""validation"", ""horizon"": 48, ""analysis"": ""daily_matched"", ""scope"": ""full"", ""forecast_origin_count"": 8303, ""valid_target_point_count"": 396198, ""first_origin"": ""2017-09-01 06:00:00"", ""last_origin"": ""2017-09-30 19:55:00"", ""months"": [""2017-09""], ""input_missing_rate"": 0.12110192328691483, ""label_missing_rate_selected"": 0.0, ""label_missing_rate_split"": 0.007060185185185185, ""input_missing_rate_split"": 0.11747685074806213, ""daylight_threshold_train"": 1.0990315437317}"
YULARA_COMBINED,support,validation|H48|daily_matched|daylight,"{""split"": ""validation"", ""horizon"": 48, ""analysis"": ""daily_matched"", ""scope"": ""daylight"", ""forecast_origin_count"": 5293, ""valid_target_point_count"": 186177, ""first_origin"": ""2017-09-01 06:00:00"", ""last_origin"": ""2017-09-30 17:45:00"", ""months"": [""2017-09""], ""input_missing_rate"": 0.12084969133138657, ""label_missing_rate_selected"": 0.0, ""label_missing_rate_split"": 0.007060185185185185, ""input_missing_rate_split"": 0.11747685074806213, ""daylight_threshold_train"": 1.0990315437317}"
YULARA_COMBINED,support,validation|H96|primary|full,"{""split"": ""validation"", ""horizon"": 96, ""analysis"": ""primary"", ""scope"": ""full"", ""forecast_origin_count"": 8135, ""valid_target_point_count"": 780960, ""first_origin"": ""2017-09-01 06:00:00"", ""last_origin"": ""2017-09-30 15:55:00"", ""months"": [""2017-09""], ""input_missing_rate"": 0.12237758934497833, ""label_missing_rate_selected"": 0.0, ""label_missing_rate_split"": 0.007060185185185185, ""input_missing_rate_split"": 0.11747685074806213, ""daylight_threshold_train"": 1.0990315437317}"
YULARA_COMBINED,support,validation|H96|primary|daylight,"{""split"": ""validation"", ""horizon"": 96, ""analysis"": ""primary"", ""scope"": ""daylight"", ""forecast_origin_count"": 6556, ""valid_target_point_count"": 371232, ""first_origin"": ""2017-09-01 06:00:00"", ""last_origin"": ""2017-09-30 15:55:00"", ""months"": [""2017-09""], ""input_missing_rate"": 0.12170714139938354, ""label_missing_rate_selected"": 0.0, ""label_missing_rate_split"": 0.007060185185185185, ""input_missing_rate_split"": 0.11747685074806213, ""daylight_threshold_train"": 1.0990315437317}"
YULARA_COMBINED,support,validation|H96|daily_matched|full,"{""split"": ""validation"", ""horizon"": 96, ""analysis"": ""daily_matched"", ""scope"": ""full"", ""forecast_origin_count"": 8135, ""valid_target_point_count"": 776430, ""first_origin"": ""2017-09-01 06:00:00"", ""last_origin"": ""2017-09-30 15:55:00"", ""months"": [""2017-09""], ""input_missing_rate"": 0.12237758934497833, ""label_missing_rate_selected"": 0.0, ""label_missing_rate_split"": 0.007060185185185185, ""input_missing_rate_split"": 0.11747685074806213, ""daylight_threshold_train"": 1.0990315437317}"
YULARA_COMBINED,support,validation|H96|daily_matched|daylight,"{""split"": ""validation"", ""horizon"": 96, ""analysis"": ""daily_matched"", ""scope"": ""daylight"", ""forecast_origin_count"": 6556, ""valid_target_point_count"": 366798, ""first_origin"": ""2017-09-01 06:00:00"", ""last_origin"": ""2017-09-30 15:55:00"", ""months"": [""2017-09""], ""input_missing_rate"": 0.12170714139938354, ""label_missing_rate_selected"": 0.0, ""label_missing_rate_split"": 0.007060185185185185, ""input_missing_rate_split"": 0.11747685074806213, ""daylight_threshold_train"": 1.0990315437317}"
YULARA_COMBINED,support,validation|H144|primary|full,"{""split"": ""validation"", ""horizon"": 144, ""analysis"": ""primary"", ""scope"": ""full"", ""forecast_origin_count"": 8037, ""valid_target_point_count"": 1157328, ""first_origin"": ""2017-09-01 06:00:00"", ""last_origin"": ""2017-09-30 11:55:00"", ""months"": [""2017-09""], ""input_missing_rate"": 0.1238018348813057, ""label_missing_rate_selected"": 0.0, ""label_missing_rate_split"": 0.007060185185185185, ""input_missing_rate_split"": 0.11747685074806213, ""daylight_threshold_train"": 1.0990315437317}"
YULARA_COMBINED,support,validation|H144|primary|daylight,"{""split"": ""validation"", ""horizon"": 144, ""analysis"": ""primary"", ""scope"": ""daylight"", ""forecast_origin_count"": 7802, ""valid_target_point_count"": 547225, ""first_origin"": ""2017-09-01 06:00:00"", ""last_origin"": ""2017-09-30 11:55:00"", ""months"": [""2017-09""], ""input_missing_rate"": 0.12475374341011047, ""label_missing_rate_selected"": 0.0, ""label_missing_rate_split"": 0.007060185185185185, ""input_missing_rate_split"": 0.11747685074806213, ""daylight_threshold_train"": 1.0990315437317}"
YULARA_COMBINED,support,validation|H144|daily_matched|full,"{""split"": ""validation"", ""horizon"": 144, ""analysis"": ""daily_matched"", ""scope"": ""full"", ""forecast_origin_count"": 8037, ""valid_target_point_count"": 1152674, ""first_origin"": ""2017-09-01 06:00:00"", ""last_origin"": ""2017-09-30 11:55:00"", ""months"": [""2017-09""], ""input_missing_rate"": 0.1238018348813057, ""label_missing_rate_selected"": 0.0, ""label_missing_rate_split"": 0.007060185185185185, ""input_missing_rate_split"": 0.11747685074806213, ""daylight_threshold_train"": 1.0990315437317}"
YULARA_COMBINED,support,validation|H144|daily_matched|daylight,"{""split"": ""validation"", ""horizon"": 144, ""analysis"": ""daily_matched"", ""scope"": ""daylight"", ""forecast_origin_count"": 7802, ""valid_target_point_count"": 542715, ""first_origin"": ""2017-09-01 06:00:00"", ""last_origin"": ""2017-09-30 11:55:00"", ""months"": [""2017-09""], ""input_missing_rate"": 0.12475374341011047, ""label_missing_rate_selected"": 0.0, ""label_missing_rate_split"": 0.007060185185185185, ""input_missing_rate_split"": 0.11747685074806213, ""daylight_threshold_train"": 1.0990315437317}"
YULARA_COMBINED,support,test|H12|primary|full,"{""split"": ""test"", ""horizon"": 12, ""analysis"": ""primary"", ""scope"": ""full"", ""forecast_origin_count"": 26412, ""valid_target_point_count"": 316944, ""first_origin"": ""2017-10-01 06:00:00"", ""last_origin"": ""2017-12-31 22:55:00"", ""months"": [""2017-10"", ""2017-11"", ""2017-12""], ""input_missing_rate"": 0.03665000572800636, ""label_missing_rate_selected"": 0.0, ""label_missing_rate_split"": 0.0, ""input_missing_rate_split"": 0.036533817648887634, ""daylight_threshold_train"": 1.0990315437317}"
YULARA_COMBINED,support,test|H12|primary|daylight,"{""split"": ""test"", ""horizon"": 12, ""analysis"": ""primary"", ""scope"": ""daylight"", ""forecast_origin_count"": 14784, ""valid_target_point_count"": 164664, ""first_origin"": ""2017-10-01 06:15:00"", ""last_origin"": ""2017-12-31 19:05:00"", ""months"": [""2017-10"", ""2017-11"", ""2017-12""], ""input_missing_rate"": 0.03656793758273125, ""label_missing_rate_selected"": 0.0, ""label_missing_rate_split"": 0.0, ""input_missing_rate_split"": 0.036533817648887634, ""daylight_threshold_train"": 1.0990315437317}"
YULARA_COMBINED,support,test|H12|daily_matched|full,"{""split"": ""test"", ""horizon"": 12, ""analysis"": ""daily_matched"", ""scope"": ""full"", ""forecast_origin_count"": 26412, ""valid_target_point_count"": 316944, ""first_origin"": ""2017-10-01 06:00:00"", ""last_origin"": ""2017-12-31 22:55:00"", ""months"": [""2017-10"", ""2017-11"", ""2017-12""], ""input_missing_rate"": 0.03665000572800636, ""label_missing_rate_selected"": 0.0, ""label_missing_rate_split"": 0.0, ""input_missing_rate_split"": 0.036533817648887634, ""daylight_threshold_train"": 1.0990315437317}"
YULARA_COMBINED,support,test|H12|daily_matched|daylight,"{""split"": ""test"", ""horizon"": 12, ""analysis"": ""daily_matched"", ""scope"": ""daylight"", ""forecast_origin_count"": 14784, ""valid_target_point_count"": 164664, ""first_origin"": ""2017-10-01 06:15:00"", ""last_origin"": ""2017-12-31 19:05:00"", ""months"": [""2017-10"", ""2017-11"", ""2017-12""], ""input_missing_rate"": 0.03656793758273125, ""label_missing_rate_selected"": 0.0, ""label_missing_rate_split"": 0.0, ""input_missing_rate_split"": 0.036533817648887634, ""daylight_threshold_train"": 1.0990315437317}"
YULARA_COMBINED,support,test|H48|primary|full,"{""split"": ""test"", ""horizon"": 48, ""analysis"": ""primary"", ""scope"": ""full"", ""forecast_origin_count"": 26376, ""valid_target_point_count"": 1266048, ""first_origin"": ""2017-10-01 06:00:00"", ""last_origin"": ""2017-12-31 19:55:00"", ""months"": [""2017-10"", ""2017-11"", ""2017-12""], ""input_missing_rate"": 0.03670002892613411, ""label_missing_rate_selected"": 0.0, ""label_missing_rate_split"": 0.0, ""input_missing_rate_split"": 0.036533817648887634, ""daylight_threshold_train"": 1.0990315437317}"
YULARA_COMBINED,support,test|H48|primary|daylight,"{""split"": ""test"", ""horizon"": 48, ""analysis"": ""primary"", ""scope"": ""daylight"", ""forecast_origin_count"": 18063, ""valid_target_point_count"": 658095, ""first_origin"": ""2017-10-01 06:00:00"", ""last_origin"": ""2017-12-31 19:05:00"", ""months"": [""2017-10"", ""2017-11"", ""2017-12""], ""input_missing_rate"": 0.03662797436118126, ""label_missing_rate_selected"": 0.0, ""label_missing_rate_split"": 0.0, ""input_missing_rate_split"": 0.036533817648887634, ""daylight_threshold_train"": 1.0990315437317}"
YULARA_COMBINED,support,test|H48|daily_matched|full,"{""split"": ""test"", ""horizon"": 48, ""analysis"": ""daily_matched"", ""scope"": ""full"", ""forecast_origin_count"": 26376, ""valid_target_point_count"": 1266048, ""first_origin"": ""2017-10-01 06:00:00"", ""last_origin"": ""2017-12-31 19:55:00"", ""months"": [""2017-10"", ""2017-11"", ""2017-12""], ""input_missing_rate"": 0.03670002892613411, ""label_missing_rate_selected"": 0.0, ""label_missing_rate_split"": 0.0, ""input_missing_rate_split"": 0.036533817648887634, ""daylight_threshold_train"": 1.0990315437317}"
YULARA_COMBINED,support,test|H48|daily_matched|daylight,"{""split"": ""test"", ""horizon"": 48, ""analysis"": ""daily_matched"", ""scope"": ""daylight"", ""forecast_origin_count"": 18063, ""valid_target_point_count"": 658095, ""first_origin"": ""2017-10-01 06:00:00"", ""last_origin"": ""2017-12-31 19:05:00"", ""months"": [""2017-10"", ""2017-11"", ""2017-12""], ""input_missing_rate"": 0.03662797436118126, ""label_missing_rate_selected"": 0.0, ""label_missing_rate_split"": 0.0, ""input_missing_rate_split"": 0.036533817648887634, ""daylight_threshold_train"": 1.0990315437317}"
YULARA_COMBINED,support,test|H96|primary|full,"{""split"": ""test"", ""horizon"": 96, ""analysis"": ""primary"", ""scope"": ""full"", ""forecast_origin_count"": 26328, ""valid_target_point_count"": 2527488, ""first_origin"": ""2017-10-01 06:00:00"", ""last_origin"": ""2017-12-31 15:55:00"", ""months"": [""2017-10"", ""2017-11"", ""2017-12""], ""input_missing_rate"": 0.036766938865184784, ""label_missing_rate_selected"": 0.0, ""label_missing_rate_split"": 0.0, ""input_missing_rate_split"": 0.036533817648887634, ""daylight_threshold_train"": 1.0990315437317}"
YULARA_COMBINED,support,test|H96|primary|daylight,"{""split"": ""test"", ""horizon"": 96, ""analysis"": ""primary"", ""scope"": ""daylight"", ""forecast_origin_count"": 22393, ""valid_target_point_count"": 1313250, ""first_origin"": ""2017-10-01 06:00:00"", ""last_origin"": ""2017-12-31 15:55:00"", ""months"": [""2017-10"", ""2017-11"", ""2017-12""], ""input_missing_rate"": 0.03672568127512932, ""label_missing_rate_selected"": 0.0, ""label_missing_rate_split"": 0.0, ""input_missing_rate_split"": 0.036533817648887634, ""daylight_threshold_train"": 1.0990315437317}"
YULARA_COMBINED,support,test|H96|daily_matched|full,"{""split"": ""test"", ""horizon"": 96, ""analysis"": ""daily_matched"", ""scope"": ""full"", ""forecast_origin_count"": 26328, ""valid_target_point_count"": 2527488, ""first_origin"": ""2017-10-01 06:00:00"", ""last_origin"": ""2017-12-31 15:55:00"", ""months"": [""2017-10"", ""2017-11"", ""2017-12""], ""input_missing_rate"": 0.036766938865184784, ""label_missing_rate_selected"": 0.0, ""label_missing_rate_split"": 0.0, ""input_missing_rate_split"": 0.036533817648887634, ""daylight_threshold_train"": 1.0990315437317}"
YULARA_COMBINED,support,test|H96|daily_matched|daylight,"{""split"": ""test"", ""horizon"": 96, ""analysis"": ""daily_matched"", ""scope"": ""daylight"", ""forecast_origin_count"": 22393, ""valid_target_point_count"": 1313250, ""first_origin"": ""2017-10-01 06:00:00"", ""last_origin"": ""2017-12-31 15:55:00"", ""months"": [""2017-10"", ""2017-11"", ""2017-12""], ""input_missing_rate"": 0.03672568127512932, ""label_missing_rate_selected"": 0.0, ""label_missing_rate_split"": 0.0, ""input_missing_rate_split"": 0.036533817648887634, ""daylight_threshold_train"": 1.0990315437317}"
YULARA_COMBINED,support,test|H144|primary|full,"{""split"": ""test"", ""horizon"": 144, ""analysis"": ""primary"", ""scope"": ""full"", ""forecast_origin_count"": 26280, ""valid_target_point_count"": 3784320, ""first_origin"": ""2017-10-01 06:00:00"", ""last_origin"": ""2017-12-31 11:55:00"", ""months"": [""2017-10"", ""2017-11"", ""2017-12""], ""input_missing_rate"": 0.03683409467339516, ""label_missing_rate_selected"": 0.0, ""label_missing_rate_split"": 0.0, ""input_missing_rate_split"": 0.036533817648887634, ""daylight_threshold_train"": 1.0990315437317}"
YULARA_COMBINED,support,test|H144|primary|daylight,"{""split"": ""test"", ""horizon"": 144, ""analysis"": ""primary"", ""scope"": ""daylight"", ""forecast_origin_count"": 26192, ""valid_target_point_count"": 1963842, ""first_origin"": ""2017-10-01 06:00:00"", ""last_origin"": ""2017-12-31 11:55:00"", ""months"": [""2017-10"", ""2017-11"", ""2017-12""], ""input_missing_rate"": 0.03695784881711006, ""label_missing_rate_selected"": 0.0, ""label_missing_rate_split"": 0.0, ""input_missing_rate_split"": 0.036533817648887634, ""daylight_threshold_train"": 1.0990315437317}"
YULARA_COMBINED,support,test|H144|daily_matched|full,"{""split"": ""test"", ""horizon"": 144, ""analysis"": ""daily_matched"", ""scope"": ""full"", ""forecast_origin_count"": 26280, ""valid_target_point_count"": 3784320, ""first_origin"": ""2017-10-01 06:00:00"", ""last_origin"": ""2017-12-31 11:55:00"", ""months"": [""2017-10"", ""2017-11"", ""2017-12""], ""input_missing_rate"": 0.03683409467339516, ""label_missing_rate_selected"": 0.0, ""label_missing_rate_split"": 0.0, ""input_missing_rate_split"": 0.036533817648887634, ""daylight_threshold_train"": 1.0990315437317}"
YULARA_COMBINED,support,test|H144|daily_matched|daylight,"{""split"": ""test"", ""horizon"": 144, ""analysis"": ""daily_matched"", ""scope"": ""daylight"", ""forecast_origin_count"": 26192, ""valid_target_point_count"": 1963842, ""first_origin"": ""2017-10-01 06:00:00"", ""last_origin"": ""2017-12-31 11:55:00"", ""months"": [""2017-10"", ""2017-11"", ""2017-12""], ""input_missing_rate"": 0.03695784881711006, ""label_missing_rate_selected"": 0.0, ""label_missing_rate_split"": 0.0, ""input_missing_rate_split"": 0.036533817648887634, ""daylight_threshold_train"": 1.0990315437317}"
both,audit,accompanying_files,"{""nist"": [], ""yulara"": []}"
both,audit,raw_size_mtime_unchanged,true
