site,model,seed,horizon,scope,analysis,forecast_origin_count,valid_target_count,RMSE,MAE,bias,R2,nRMSE,last_value_skill,daily_skill,parameter_count,best_epoch,best_validation_mse,training_seconds
YULARA_COMBINED,DISCRETE_RECURRENT_TRAJECTORY,42,12,full,primary,26412,316944,12.48448941973242,5.869844014145991,-0.788282170244504,0.8675172435179399,0.1135439286684161,-0.002885855059649778,,96562.0,8.0,0.04234512870140635,1394.8261681000004
YULARA_COMBINED,LAST_VALUE_PERSISTENCE,42,12,full,primary,26412,316944,12.448564666404499,6.029988013693925,1.5348841962646372e-06,0.8682785982621122,0.11321720023826912,0.0,,,,,
YULARA_COMBINED,DISCRETE_RECURRENT_TRAJECTORY,42,12,full,supplementary_daily_matched,26412,316944,12.48448941973242,5.869844014145991,-0.788282170244504,0.8675172435179399,0.1135439286684161,-0.002885855059649778,0.2268441299881745,96562.0,8.0,0.04234512870140635,1394.8261681000004
YULARA_COMBINED,LAST_VALUE_PERSISTENCE,42,12,full,supplementary_daily_matched,26412,316944,12.448564666404499,6.029988013693925,1.5348841962646372e-06,0.8682785982621122,0.11321720023826912,0.0,0.22906892533065015,,,,
YULARA_COMBINED,DAILY_PERSISTENCE,42,12,full,supplementary_daily_matched,26412,316944,16.14744180826237,7.035908133713012,-0.16712150331596512,0.7783716870540149,0.14685774637742766,-0.2971328214119495,0.0,,,,
YULARA_COMBINED,DISCRETE_RECURRENT_TRAJECTORY,42,12,daylight,primary,14784,164664,17.211631735676878,10.12491489141701,-2.1118305910726543,0.7122816198582016,0.15653634044287798,1.9604363286962467e-05,,96562.0,8.0,0.04234512870140635,1394.8261681000004
YULARA_COMBINED,LAST_VALUE_PERSISTENCE,42,12,daylight,primary,14784,164664,17.21196916537328,11.379806165319053,-0.20396409883986324,0.7122703384551583,0.1565394092983266,0.0,,,,,
YULARA_COMBINED,DISCRETE_RECURRENT_TRAJECTORY,42,12,daylight,supplementary_daily_matched,14784,164664,17.211631735676878,10.12491489141701,-2.1118305910726543,0.7122816198582016,0.15653634044287798,1.9604363286962467e-05,0.2282517417669132,96562.0,8.0,0.04234512870140635,1394.8261681000004
YULARA_COMBINED,LAST_VALUE_PERSISTENCE,42,12,daylight,supplementary_daily_matched,14784,164664,17.21196916537328,11.379806165319053,-0.20396409883986324,0.7122703384551583,0.1565394092983266,0.0,0.2282366118370801,,,,
YULARA_COMBINED,DAILY_PERSISTENCE,42,12,daylight,supplementary_daily_matched,14784,164664,22.302132271840573,13.413912702573825,-0.43993728576686003,0.5169230778808085,0.20283342239251312,-0.2957339196672273,0.0,,,,
YULARA_COMBINED,DISCRETE_RECURRENT_TRAJECTORY,42,48,full,primary,26376,1266048,15.931975802442539,8.209977121813015,-1.659503984285274,0.7844001722806239,0.14489812624617843,0.3950421376519535,,96562.0,8.0,0.04234512870140635,1394.8261681000004
YULARA_COMBINED,LAST_VALUE_PERSISTENCE,42,48,full,primary,26376,1266048,26.335678555536315,15.580635870428802,0.007904562341345739,0.4108876074392743,0.23951771728989468,0.0,,,,,
YULARA_COMBINED,DISCRETE_RECURRENT_TRAJECTORY,42,48,full,supplementary_daily_matched,26376,1266048,15.931975802442539,8.209977121813015,-1.659503984285274,0.7844001722806239,0.14489812624617843,0.3950421376519535,0.013722238579597534,96562.0,8.0,0.04234512870140635,1394.8261681000004
YULARA_COMBINED,LAST_VALUE_PERSISTENCE,42,48,full,supplementary_daily_matched,26376,1266048,26.335678555536315,15.580635870428802,0.007904562341345739,0.4108876074392743,0.23951771728989468,0.0,-0.630324726407099,,,,
YULARA_COMBINED,DAILY_PERSISTENCE,42,48,full,supplementary_daily_matched,26376,1266048,16.153639903122087,7.039234949585521,-0.16130718371020622,0.7783590882879584,0.1469141168077249,0.3866252631745366,0.0,,,,
YULARA_COMBINED,DISCRETE_RECURRENT_TRAJECTORY,42,48,daylight,primary,18063,658095,21.661620376755593,13.846469605302,-4.70240934468601,0.5441646488941048,0.1970080951018469,0.36923085663314226,,96562.0,8.0,0.04234512870140635,1394.8261681000004
YULARA_COMBINED,LAST_VALUE_PERSISTENCE,42,48,daylight,primary,18063,658095,34.34159803875681,26.25417953896333,-3.6811876862634167,-0.1456900012774438,0.3123299501466993,0.0,,,,,
YULARA_COMBINED,DISCRETE_RECURRENT_TRAJECTORY,42,48,daylight,supplementary_daily_matched,18063,658095,21.661620376755593,13.846469605302,-4.70240934468601,0.5441646488941048,0.1970080951018469,0.36923085663314226,0.028841652684568064,96562.0,8.0,0.04234512870140635,1394.8261681000004
YULARA_COMBINED,LAST_VALUE_PERSISTENCE,42,48,daylight,supplementary_daily_matched,18063,658095,34.34159803875681,26.25417953896333,-3.6811876862634167,-0.1456900012774438,0.3123299501466993,0.0,-0.5396414956693634,,,,
YULARA_COMBINED,DAILY_PERSISTENCE,42,48,daylight,supplementary_daily_matched,18063,658095,22.30493146316942,13.413484452836661,-0.428524423952211,0.516687633051323,0.20285888047653133,0.3504981498532246,0.0,,,,
YULARA_COMBINED,DISCRETE_RECURRENT_TRAJECTORY,42,96,full,primary,26328,2527488,18.20527193553479,9.666605480402668,-2.924314112580704,0.7187301789726979,0.1655732988783921,0.5514689028839346,,96562.0,8.0,0.04234512870140635,1394.8261681000004
YULARA_COMBINED,LAST_VALUE_PERSISTENCE,42,96,full,primary,26328,2527488,40.588650491771475,26.8055996896115,-0.0011937309370504347,-0.3980993050544661,0.3691456399410965,0.0,,,,,
YULARA_COMBINED,DISCRETE_RECURRENT_TRAJECTORY,42,96,full,supplementary_daily_matched,26328,2527488,18.20527193553479,9.666605480402668,-2.924314112580704,0.7187301789726979,0.1655732988783921,0.5514689028839346,-0.12818116770251375,96562.0,8.0,0.04234512870140635,1394.8261681000004
YULARA_COMBINED,LAST_VALUE_PERSISTENCE,42,96,full,supplementary_daily_matched,26328,2527488,40.588650491771475,26.8055996896115,-0.0011937309370504347,-0.3980993050544661,0.3691456399410965,0.0,-1.5152797096041186,,,,
YULARA_COMBINED,DAILY_PERSISTENCE,42,96,full,supplementary_daily_matched,26328,2527488,16.13683374329758,7.02656146777064,-0.13756307014082575,0.7790136519435616,0.1467612681530344,0.6024299022563218,0.0,,,,
YULARA_COMBINED,DISCRETE_RECURRENT_TRAJECTORY,42,96,daylight,primary,22393,1313250,24.877760105240842,17.115306858605223,-6.798036002089919,0.3991501821811053,0.22625824123450428,0.4780806434663383,,96562.0,8.0,0.04234512870140635,1394.8261681000004
YULARA_COMBINED,LAST_VALUE_PERSISTENCE,42,96,daylight,primary,22393,1313250,47.6659081404204,37.93904545368048,-13.629787479057496,-1.2057644144382307,0.4335118795692942,0.0,,,,,
YULARA_COMBINED,DISCRETE_RECURRENT_TRAJECTORY,42,96,daylight,supplementary_daily_matched,22393,1313250,24.877760105240842,17.115306858605223,-6.798036002089919,0.3991501821811053,0.22625824123450428,0.4780806434663383,-0.1162974141590114,96562.0,8.0,0.04234512870140635,1394.8261681000004
YULARA_COMBINED,LAST_VALUE_PERSISTENCE,42,96,daylight,supplementary_daily_matched,22393,1313250,47.6659081404204,37.93904545368048,-13.629787479057496,-1.2057644144382307,0.4335118795692942,0.0,-1.1388312201580795,,,,
YULARA_COMBINED,DAILY_PERSISTENCE,42,96,daylight,supplementary_daily_matched,22393,1313250,22.285960524223807,13.394620600926903,-0.3830310859218873,0.517823437624007,0.20268634358967963,0.5324549265153842,0.0,,,,
YULARA_COMBINED,DISCRETE_RECURRENT_TRAJECTORY,42,144,full,primary,26280,3784320,18.479380483671335,9.999935383057258,-3.6386302180104075,0.7100520062414751,0.16806626117670018,0.6153378043016894,,96562.0,8.0,0.04234512870140635,1394.8261681000004
YULARA_COMBINED,LAST_VALUE_PERSISTENCE,42,144,full,primary,26280,3784320,48.04054230004098,34.626271681243395,-0.05456605954608904,-0.9595714145484999,0.436919102152981,0.0,,,,,
YULARA_COMBINED,DISCRETE_RECURRENT_TRAJECTORY,42,144,full,supplementary_daily_matched,26280,3784320,18.479380483671335,9.999935383057258,-3.6386302180104075,0.7100520062414751,0.16806626117670018,0.6153378043016894,-0.1502093992793614,96562.0,8.0,0.04234512870140635,1394.8261681000004
YULARA_COMBINED,LAST_VALUE_PERSISTENCE,42,144,full,supplementary_daily_matched,26280,3784320,48.04054230004098,34.626271681243395,-0.05456605954608904,-0.9595714145484999,0.436919102152981,0.0,-1.9901805067984042,,,,
YULARA_COMBINED,DAILY_PERSISTENCE,42,144,full,supplementary_daily_matched,26280,3784320,16.06610109015731,6.9872526964001,-0.09429470495482328,0.7808374809379975,0.14611796885158337,0.665572028937242,0.0,,,,
YULARA_COMBINED,DISCRETE_RECURRENT_TRAJECTORY,42,144,daylight,primary,26192,1963842,25.36919719559595,18.10861069482121,-7.906722254367234,0.37568349069932727,0.23072776305924947,0.5149595763109209,,96562.0,8.0,0.04234512870140635,1394.8261681000004
YULARA_COMBINED,LAST_VALUE_PERSISTENCE,42,144,daylight,primary,26192,1963842,52.30326372108345,42.540600849038626,-24.266846663890604,-1.6536824380043904,0.47568769898475666,0.0,,,,,
YULARA_COMBINED,DISCRETE_RECURRENT_TRAJECTORY,42,144,daylight,supplementary_daily_matched,26192,1963842,25.36919719559595,18.10861069482121,-7.906722254367234,0.37568349069932727,0.23072776305924947,0.5149595763109209,-0.1427054633397431,96562.0,8.0,0.04234512870140635,1394.8261681000004
YULARA_COMBINED,LAST_VALUE_PERSISTENCE,42,144,daylight,supplementary_daily_matched,26192,1963842,52.30326372108345,42.540600849038626,-24.266846663890604,-1.6536824380043904,0.47568769898475666,0.0,-1.3558973799516574,,,,
YULARA_COMBINED,DAILY_PERSISTENCE,42,144,daylight,supplementary_daily_matched,26192,1963842,22.200994052702203,13.335378056986318,-0.3002612534398739,0.5218807694237287,0.20191359056331976,0.5755332942301079,0.0,,,,
YULARA_COMBINED,DISCRETE_RECURRENT_TRAJECTORY,43,12,full,primary,26412,316944,11.897551383210313,5.657217077039835,-0.1287604459215569,0.8796813466313845,0.10820584488212101,0.04426319804412715,,96562.0,13.0,0.029117784290093013,2175.7713815999996
YULARA_COMBINED,LAST_VALUE_PERSISTENCE,43,12,full,primary,26412,316944,12.448564666404499,6.029988013693925,1.5348841962646372e-06,0.8682785982621122,0.11321720023826912,0.0,,,,,
YULARA_COMBINED,DISCRETE_RECURRENT_TRAJECTORY,43,12,full,supplementary_daily_matched,26412,316944,11.897551383210313,5.657217077039835,-0.1287604459215569,0.8796813466313845,0.10820584488212101,0.04426319804412715,0.26319280016711144,96562.0,13.0,0.029117784290093013,2175.7713815999996
YULARA_COMBINED,LAST_VALUE_PERSISTENCE,43,12,full,supplementary_daily_matched,26412,316944,12.448564666404499,6.029988013693925,1.5348841962646372e-06,0.8682785982621122,0.11321720023826912,0.0,0.22906892533065015,,,,
YULARA_COMBINED,DAILY_PERSISTENCE,43,12,full,supplementary_daily_matched,26412,316944,16.14744180826237,7.035908133713012,-0.16712150331596512,0.7783716870540149,0.14685774637742766,-0.2971328214119495,0.0,,,,
YULARA_COMBINED,DISCRETE_RECURRENT_TRAJECTORY,43,12,daylight,primary,14784,164664,15.450149486065813,9.36763404521468,-0.7052038267083395,0.7681597227066668,0.14051601248421913,0.10236014615061373,,96562.0,13.0,0.029117784290093013,2175.7713815999996
YULARA_COMBINED,LAST_VALUE_PERSISTENCE,43,12,daylight,primary,14784,164664,17.21196916537328,11.379806165319053,-0.20396409883986324,0.7122703384551583,0.1565394092983266,0.0,,,,,
YULARA_COMBINED,DISCRETE_RECURRENT_TRAJECTORY,43,12,daylight,supplementary_daily_matched,14784,164664,15.450149486065813,9.36763404521468,-0.7052038267083395,0.7681597227066668,0.14051601248421913,0.10236014615061373,0.3072344250431295,96562.0,13.0,0.029117784290093013,2175.7713815999996
YULARA_COMBINED,LAST_VALUE_PERSISTENCE,43,12,daylight,supplementary_daily_matched,14784,164664,17.21196916537328,11.379806165319053,-0.20396409883986324,0.7122703384551583,0.1565394092983266,0.0,0.2282366118370801,,,,
YULARA_COMBINED,DAILY_PERSISTENCE,43,12,daylight,supplementary_daily_matched,14784,164664,22.302132271840573,13.413912702573825,-0.43993728576686003,0.5169230778808085,0.20283342239251312,-0.2957339196672273,0.0,,,,
YULARA_COMBINED,DISCRETE_RECURRENT_TRAJECTORY,43,48,full,primary,26376,1266048,15.58337271384417,7.987602381087576,-0.7637541558501557,0.7937319090144924,0.14172765103532667,0.40827905075685944,,96562.0,13.0,0.029117784290093013,2175.7713815999996
YULARA_COMBINED,LAST_VALUE_PERSISTENCE,43,48,full,primary,26376,1266048,26.335678555536315,15.580635870428802,0.007904562341345739,0.4108876074392743,0.23951771728989468,0.0,,,,,
YULARA_COMBINED,DISCRETE_RECURRENT_TRAJECTORY,43,48,full,supplementary_daily_matched,26376,1266048,15.58337271384417,7.987602381087576,-0.7637541558501557,0.7937319090144924,0.14172765103532667,0.40827905075685944,0.03530270531582791,96562.0,13.0,0.029117784290093013,2175.7713815999996
YULARA_COMBINED,LAST_VALUE_PERSISTENCE,43,48,full,supplementary_daily_matched,26376,1266048,26.335678555536315,15.580635870428802,0.007904562341345739,0.4108876074392743,0.23951771728989468,0.0,-0.630324726407099,,,,
YULARA_COMBINED,DAILY_PERSISTENCE,43,48,full,supplementary_daily_matched,26376,1266048,16.153639903122087,7.039234949585521,-0.16130718371020622,0.7783590882879584,0.1469141168077249,0.3866252631745366,0.0,,,,
YULARA_COMBINED,DISCRETE_RECURRENT_TRAJECTORY,43,48,daylight,primary,18063,658095,20.395571837565132,13.05339833453626,-2.9687461625967626,0.5958915848249355,0.1854936374262782,0.40609718235746173,,96562.0,13.0,0.029117784290093013,2175.7713815999996
YULARA_COMBINED,LAST_VALUE_PERSISTENCE,43,48,daylight,primary,18063,658095,34.34159803875681,26.25417953896333,-3.6811876862634167,-0.1456900012774438,0.3123299501466993,0.0,,,,,
YULARA_COMBINED,DISCRETE_RECURRENT_TRAJECTORY,43,48,daylight,supplementary_daily_matched,18063,658095,20.395571837565132,13.05339833453626,-2.9687461625967626,0.5958915848249355,0.1854936374262782,0.40609718235746173,0.08560257756259337,96562.0,13.0,0.029117784290093013,2175.7713815999996
YULARA_COMBINED,LAST_VALUE_PERSISTENCE,43,48,daylight,supplementary_daily_matched,18063,658095,34.34159803875681,26.25417953896333,-3.6811876862634167,-0.1456900012774438,0.3123299501466993,0.0,-0.5396414956693634,,,,
YULARA_COMBINED,DAILY_PERSISTENCE,43,48,daylight,supplementary_daily_matched,18063,658095,22.30493146316942,13.413484452836661,-0.428524423952211,0.516687633051323,0.20285888047653133,0.3504981498532246,0.0,,,,
YULARA_COMBINED,DISCRETE_RECURRENT_TRAJECTORY,43,96,full,primary,26328,2527488,17.347940563503954,9.29628009699528,-2.3526512129465558,0.7445977923062357,0.15777604190789832,0.5725913438038326,,96562.0,13.0,0.029117784290093013,2175.7713815999996
YULARA_COMBINED,LAST_VALUE_PERSISTENCE,43,96,full,primary,26328,2527488,40.588650491771475,26.8055996896115,-0.0011937309370504347,-0.3980993050544661,0.3691456399410965,0.0,,,,,
YULARA_COMBINED,DISCRETE_RECURRENT_TRAJECTORY,43,96,full,supplementary_daily_matched,26328,2527488,17.347940563503954,9.29628009699528,-2.3526512129465558,0.7445977923062357,0.15777604190789832,0.5725913438038326,-0.07505232063938228,96562.0,13.0,0.029117784290093013,2175.7713815999996
YULARA_COMBINED,LAST_VALUE_PERSISTENCE,43,96,full,supplementary_daily_matched,26328,2527488,40.588650491771475,26.8055996896115,-0.0011937309370504347,-0.3980993050544661,0.3691456399410965,0.0,-1.5152797096041186,,,,
YULARA_COMBINED,DAILY_PERSISTENCE,43,96,full,supplementary_daily_matched,26328,2527488,16.13683374329758,7.02656146777064,-0.13756307014082575,0.7790136519435616,0.1467612681530344,0.6024299022563218,0.0,,,,
YULARA_COMBINED,DISCRETE_RECURRENT_TRAJECTORY,43,96,daylight,primary,22393,1313250,23.303921238582177,16.24735968929951,-5.539164106554387,0.47276845087966257,0.21194449222935655,0.5110987674895342,,96562.0,13.0,0.029117784290093013,2175.7713815999996
YULARA_COMBINED,LAST_VALUE_PERSISTENCE,43,96,daylight,primary,22393,1313250,47.6659081404204,37.93904545368048,-13.629787479057496,-1.2057644144382307,0.4335118795692942,0.0,,,,,
YULARA_COMBINED,DISCRETE_RECURRENT_TRAJECTORY,43,96,daylight,supplementary_daily_matched,22393,1313250,23.303921238582177,16.24735968929951,-5.539164106554387,0.47276845087966257,0.21194449222935655,0.5110987674895342,-0.04567721966714844,96562.0,13.0,0.029117784290093013,2175.7713815999996
YULARA_COMBINED,LAST_VALUE_PERSISTENCE,43,96,daylight,supplementary_daily_matched,22393,1313250,47.6659081404204,37.93904545368048,-13.629787479057496,-1.2057644144382307,0.4335118795692942,0.0,-1.1388312201580795,,,,
YULARA_COMBINED,DAILY_PERSISTENCE,43,96,daylight,supplementary_daily_matched,22393,1313250,22.285960524223807,13.394620600926903,-0.3830310859218873,0.517823437624007,0.20268634358967963,0.5324549265153842,0.0,,,,
YULARA_COMBINED,DISCRETE_RECURRENT_TRAJECTORY,43,144,full,primary,26280,3784320,17.028252415640193,9.302803764015708,-2.793235346475241,0.7538014722620427,0.15486854228682378,0.6455441258491859,,96562.0,13.0,0.029117784290093013,2175.7713815999996
YULARA_COMBINED,LAST_VALUE_PERSISTENCE,43,144,full,primary,26280,3784320,48.04054230004098,34.626271681243395,-0.05456605954608904,-0.9595714145484999,0.436919102152981,0.0,,,,,
YULARA_COMBINED,DISCRETE_RECURRENT_TRAJECTORY,43,144,full,supplementary_daily_matched,26280,3784320,17.028252415640193,9.302803764015708,-2.793235346475241,0.7538014722620427,0.15486854228682378,0.6455441258491859,-0.05988704540595302,96562.0,13.0,0.029117784290093013,2175.7713815999996
YULARA_COMBINED,LAST_VALUE_PERSISTENCE,43,144,full,supplementary_daily_matched,26280,3784320,48.04054230004098,34.626271681243395,-0.05456605954608904,-0.9595714145484999,0.436919102152981,0.0,-1.9901805067984042,,,,
YULARA_COMBINED,DAILY_PERSISTENCE,43,144,full,supplementary_daily_matched,26280,3784320,16.06610109015731,6.9872526964001,-0.09429470495482328,0.7808374809379975,0.14611796885158337,0.665572028937242,0.0,,,,
YULARA_COMBINED,DISCRETE_RECURRENT_TRAJECTORY,43,144,daylight,primary,26192,1963842,23.091743432823378,16.66414820148885,-6.145313459130669,0.48274485642252807,0.2100147776185195,0.5585028200923703,,96562.0,13.0,0.029117784290093013,2175.7713815999996
YULARA_COMBINED,LAST_VALUE_PERSISTENCE,43,144,daylight,primary,26192,1963842,52.30326372108345,42.540600849038626,-24.266846663890604,-1.6536824380043904,0.47568769898475666,0.0,,,,,
YULARA_COMBINED,DISCRETE_RECURRENT_TRAJECTORY,43,144,daylight,supplementary_daily_matched,26192,1963842,23.091743432823378,16.66414820148885,-6.145313459130669,0.48274485642252807,0.2100147776185195,0.5585028200923703,-0.04012204940043018,96562.0,13.0,0.029117784290093013,2175.7713815999996
YULARA_COMBINED,LAST_VALUE_PERSISTENCE,43,144,daylight,supplementary_daily_matched,26192,1963842,52.30326372108345,42.540600849038626,-24.266846663890604,-1.6536824380043904,0.47568769898475666,0.0,-1.3558973799516574,,,,
YULARA_COMBINED,DAILY_PERSISTENCE,43,144,daylight,supplementary_daily_matched,26192,1963842,22.200994052702203,13.335378056986318,-0.3002612534398739,0.5218807694237287,0.20191359056331976,0.5755332942301079,0.0,,,,
YULARA_COMBINED,DISCRETE_RECURRENT_TRAJECTORY,44,12,full,primary,26412,316944,12.578864957872142,6.162194400343683,-1.2357615173420875,0.8655066863784688,0.11440225526955393,-0.010467093593471866,,96562.0,6.0,0.04226395890118546,1152.8556353000022
YULARA_COMBINED,LAST_VALUE_PERSISTENCE,44,12,full,primary,26412,316944,12.448564666404499,6.029988013693925,1.5348841962646372e-06,0.8682785982621122,0.11321720023826912,0.0,,,,,
YULARA_COMBINED,DISCRETE_RECURRENT_TRAJECTORY,44,12,full,supplementary_daily_matched,26412,316944,12.578864957872142,6.162194400343683,-1.2357615173420875,0.8655066863784688,0.11440225526955393,-0.010467093593471866,0.2209995176179702,96562.0,6.0,0.04226395890118546,1152.8556353000022
YULARA_COMBINED,LAST_VALUE_PERSISTENCE,44,12,full,supplementary_daily_matched,26412,316944,12.448564666404499,6.029988013693925,1.5348841962646372e-06,0.8682785982621122,0.11321720023826912,0.0,0.22906892533065015,,,,
YULARA_COMBINED,DAILY_PERSISTENCE,44,12,full,supplementary_daily_matched,26412,316944,16.14744180826237,7.035908133713012,-0.16712150331596512,0.7783716870540149,0.14685774637742766,-0.2971328214119495,0.0,,,,
YULARA_COMBINED,DISCRETE_RECURRENT_TRAJECTORY,44,12,daylight,primary,14784,164664,17.35336954738428,10.764287513531112,-2.9426547731092185,0.7075233856293068,0.1578254174280117,-0.008215235610314009,,96562.0,6.0,0.04226395890118546,1152.8556353000022
YULARA_COMBINED,LAST_VALUE_PERSISTENCE,44,12,daylight,primary,14784,164664,17.21196916537328,11.379806165319053,-0.20396409883986324,0.7122703384551583,0.1565394092983266,0.0,,,,,
YULARA_COMBINED,DISCRETE_RECURRENT_TRAJECTORY,44,12,daylight,supplementary_daily_matched,14784,164664,17.35336954738428,10.764287513531112,-2.9426547731092185,0.7075233856293068,0.1578254174280117,-0.008215235610314009,0.2218963937679076,96562.0,6.0,0.04226395890118546,1152.8556353000022
YULARA_COMBINED,LAST_VALUE_PERSISTENCE,44,12,daylight,supplementary_daily_matched,14784,164664,17.21196916537328,11.379806165319053,-0.20396409883986324,0.7122703384551583,0.1565394092983266,0.0,0.2282366118370801,,,,
YULARA_COMBINED,DAILY_PERSISTENCE,44,12,daylight,supplementary_daily_matched,14784,164664,22.302132271840573,13.413912702573825,-0.43993728576686003,0.5169230778808085,0.20283342239251312,-0.2957339196672273,0.0,,,,
YULARA_COMBINED,DISCRETE_RECURRENT_TRAJECTORY,44,48,full,primary,26376,1266048,15.931737791769043,8.353496586144567,-2.3756073296017846,0.7844066140022954,0.14489596158681392,0.39505117522708155,,96562.0,6.0,0.04226395890118546,1152.8556353000022
YULARA_COMBINED,LAST_VALUE_PERSISTENCE,44,48,full,primary,26376,1266048,26.335678555536315,15.580635870428802,0.007904562341345739,0.4108876074392743,0.23951771728989468,0.0,,,,,
YULARA_COMBINED,DISCRETE_RECURRENT_TRAJECTORY,44,48,full,supplementary_daily_matched,26376,1266048,15.931737791769043,8.353496586144567,-2.3756073296017846,0.7844066140022954,0.14489596158681392,0.39505117522708155,0.01373697276179564,96562.0,6.0,0.04226395890118546,1152.8556353000022
YULARA_COMBINED,LAST_VALUE_PERSISTENCE,44,48,full,supplementary_daily_matched,26376,1266048,26.335678555536315,15.580635870428802,0.007904562341345739,0.4108876074392743,0.23951771728989468,0.0,-0.630324726407099,,,,
YULARA_COMBINED,DAILY_PERSISTENCE,44,48,full,supplementary_daily_matched,26376,1266048,16.153639903122087,7.039234949585521,-0.16130718371020622,0.7783590882879584,0.1469141168077249,0.3866252631745366,0.0,,,,
YULARA_COMBINED,DISCRETE_RECURRENT_TRAJECTORY,44,48,daylight,primary,18063,658095,21.75535035155955,14.420427291835795,-5.706501677541803,0.5402113091299161,0.19786055043385364,0.3665015143731176,,96562.0,6.0,0.04226395890118546,1152.8556353000022
YULARA_COMBINED,LAST_VALUE_PERSISTENCE,44,48,daylight,primary,18063,658095,34.34159803875681,26.25417953896333,-3.6811876862634167,-0.1456900012774438,0.3123299501466993,0.0,,,,,
YULARA_COMBINED,DISCRETE_RECURRENT_TRAJECTORY,44,48,daylight,supplementary_daily_matched,18063,658095,21.75535035155955,14.420427291835795,-5.706501677541803,0.5402113091299161,0.19786055043385364,0.3665015143731176,0.024639444085150286,96562.0,6.0,0.04226395890118546,1152.8556353000022
YULARA_COMBINED,LAST_VALUE_PERSISTENCE,44,48,daylight,supplementary_daily_matched,18063,658095,34.34159803875681,26.25417953896333,-3.6811876862634167,-0.1456900012774438,0.3123299501466993,0.0,-0.5396414956693634,,,,
YULARA_COMBINED,DAILY_PERSISTENCE,44,48,daylight,supplementary_daily_matched,18063,658095,22.30493146316942,13.413484452836661,-0.428524423952211,0.516687633051323,0.20285888047653133,0.3504981498532246,0.0,,,,
YULARA_COMBINED,DISCRETE_RECURRENT_TRAJECTORY,44,96,full,primary,26328,2527488,18.043994622988205,9.854876312924484,-3.5666643621445164,0.7236915453329672,0.16410651404995688,0.5554423612421837,,96562.0,6.0,0.04226395890118546,1152.8556353000022
YULARA_COMBINED,LAST_VALUE_PERSISTENCE,44,96,full,primary,26328,2527488,40.588650491771475,26.8055996896115,-0.0011937309370504347,-0.3980993050544661,0.3691456399410965,0.0,,,,,
YULARA_COMBINED,DISCRETE_RECURRENT_TRAJECTORY,44,96,full,supplementary_daily_matched,26328,2527488,18.043994622988205,9.854876312924484,-3.5666643621445164,0.7236915453329672,0.16410651404995688,0.5554423612421837,-0.11818680851705277,96562.0,6.0,0.04226395890118546,1152.8556353000022
YULARA_COMBINED,LAST_VALUE_PERSISTENCE,44,96,full,supplementary_daily_matched,26328,2527488,40.588650491771475,26.8055996896115,-0.0011937309370504347,-0.3980993050544661,0.3691456399410965,0.0,-1.5152797096041186,,,,
YULARA_COMBINED,DAILY_PERSISTENCE,44,96,full,supplementary_daily_matched,26328,2527488,16.13683374329758,7.02656146777064,-0.13756307014082575,0.7790136519435616,0.1467612681530344,0.6024299022563218,0.0,,,,
YULARA_COMBINED,DISCRETE_RECURRENT_TRAJECTORY,44,96,daylight,primary,22393,1313250,24.685815988961938,17.62011754558464,-7.6201726267973715,0.408386116176505,0.22451254797350095,0.4821075071885913,,96562.0,6.0,0.04226395890118546,1152.8556353000022
YULARA_COMBINED,LAST_VALUE_PERSISTENCE,44,96,daylight,primary,22393,1313250,47.6659081404204,37.93904545368048,-13.629787479057496,-1.2057644144382307,0.4335118795692942,0.0,,,,,
YULARA_COMBINED,DISCRETE_RECURRENT_TRAJECTORY,44,96,daylight,supplementary_daily_matched,22393,1313250,24.685815988961938,17.62011754558464,-7.6201726267973715,0.408386116176505,0.22451254797350095,0.4821075071885913,-0.10768463231053471,96562.0,6.0,0.04226395890118546,1152.8556353000022
YULARA_COMBINED,LAST_VALUE_PERSISTENCE,44,96,daylight,supplementary_daily_matched,22393,1313250,47.6659081404204,37.93904545368048,-13.629787479057496,-1.2057644144382307,0.4335118795692942,0.0,-1.1388312201580795,,,,
YULARA_COMBINED,DAILY_PERSISTENCE,44,96,daylight,supplementary_daily_matched,22393,1313250,22.285960524223807,13.394620600926903,-0.3830310859218873,0.517823437624007,0.20268634358967963,0.5324549265153842,0.0,,,,
YULARA_COMBINED,DISCRETE_RECURRENT_TRAJECTORY,44,144,full,primary,26280,3784320,18.140348576470494,9.917954395928652,-3.7111634436641037,0.7205934717604039,0.16498283394204805,0.6223950082999996,,96562.0,6.0,0.04226395890118546,1152.8556353000022
YULARA_COMBINED,LAST_VALUE_PERSISTENCE,44,144,full,primary,26280,3784320,48.04054230004098,34.626271681243395,-0.05456605954608904,-0.9595714145484999,0.436919102152981,0.0,,,,,
YULARA_COMBINED,DISCRETE_RECURRENT_TRAJECTORY,44,144,full,supplementary_daily_matched,26280,3784320,18.140348576470494,9.917954395928652,-3.7111634436641037,0.7205934717604039,0.16498283394204805,0.6223950082999996,-0.1291070854511145,96562.0,6.0,0.04226395890118546,1152.8556353000022
YULARA_COMBINED,LAST_VALUE_PERSISTENCE,44,144,full,supplementary_daily_matched,26280,3784320,48.04054230004098,34.626271681243395,-0.05456605954608904,-0.9595714145484999,0.436919102152981,0.0,-1.9901805067984042,,,,
YULARA_COMBINED,DAILY_PERSISTENCE,44,144,full,supplementary_daily_matched,26280,3784320,16.06610109015731,6.9872526964001,-0.09429470495482328,0.7808374809379975,0.14611796885158337,0.665572028937242,0.0,,,,
YULARA_COMBINED,DISCRETE_RECURRENT_TRAJECTORY,44,144,daylight,primary,26192,1963842,24.920205588027844,18.029286044351785,-7.676015137516074,0.3975866152360248,0.22664427439195536,0.5235439661869034,,96562.0,6.0,0.04226395890118546,1152.8556353000022
YULARA_COMBINED,LAST_VALUE_PERSISTENCE,44,144,daylight,primary,26192,1963842,52.30326372108345,42.540600849038626,-24.266846663890604,-1.6536824380043904,0.47568769898475666,0.0,,,,,
YULARA_COMBINED,DISCRETE_RECURRENT_TRAJECTORY,44,144,daylight,supplementary_daily_matched,26192,1963842,24.920205588027844,18.029286044351785,-7.676015137516074,0.3975866152360248,0.22664427439195536,0.5235439661869034,-0.12248152172243265,96562.0,6.0,0.04226395890118546,1152.8556353000022
YULARA_COMBINED,LAST_VALUE_PERSISTENCE,44,144,daylight,supplementary_daily_matched,26192,1963842,52.30326372108345,42.540600849038626,-24.266846663890604,-1.6536824380043904,0.47568769898475666,0.0,-1.3558973799516574,,,,
YULARA_COMBINED,DAILY_PERSISTENCE,44,144,daylight,supplementary_daily_matched,26192,1963842,22.200994052702203,13.335378056986318,-0.3002612534398739,0.5218807694237287,0.20191359056331976,0.5755332942301079,0.0,,,,
YULARA_COMBINED,INVERTED_VARIATE_TRAJECTORY,42,12,full,primary,26412,316944,10.321290519911052,6.201049404378541,-1.9961463574148908,0.9094505556765328,0.09387006830303339,0.17088509426588083,,102800.0,20.0,0.01597182099684339,198.3853151000003
YULARA_COMBINED,INVERTED_VARIATE_TRAJECTORY,42,12,full,supplementary_daily_matched,26412,316944,10.321290519911052,6.201049404378541,-1.9961463574148908,0.9094505556765328,0.09387006830303339,0.17088509426588083,0.3608095546980189,102800.0,20.0,0.01597182099684339,198.3853151000003
YULARA_COMBINED,INVERTED_VARIATE_TRAJECTORY,42,12,daylight,primary,14784,164664,13.998392756703852,9.814887798303422,-3.043987559626788,0.8096820000708639,0.12731257604555857,0.1867059124841125,,102800.0,20.0,0.01597182099684339,198.3853151000003
YULARA_COMBINED,INVERTED_VARIATE_TRAJECTORY,42,12,daylight,supplementary_daily_matched,14784,164664,13.998392756703852,9.814887798303422,-3.043987559626788,0.8096820000708639,0.12731257604555857,0.1867059124841125,0.3723293994458684,102800.0,20.0,0.01597182099684339,198.3853151000003
YULARA_COMBINED,INVERTED_VARIATE_TRAJECTORY,42,48,full,primary,26376,1266048,13.295287049449225,8.430124901825911,-0.9029380336115967,0.8498571795529775,0.12091797058058099,0.49516064219069555,,102800.0,20.0,0.01597182099684339,198.3853151000003
YULARA_COMBINED,INVERTED_VARIATE_TRAJECTORY,42,48,full,supplementary_daily_matched,26376,1266048,13.295287049449225,8.430124901825911,-0.9029380336115967,0.8498571795529775,0.12091797058058099,0.49516064219069555,0.17694791210001004,102800.0,20.0,0.01597182099684339,198.3853151000003
YULARA_COMBINED,INVERTED_VARIATE_TRAJECTORY,42,48,daylight,primary,18063,658095,17.38552478755403,12.834655833178521,-3.7606566386437357,0.7063691172129665,0.15811786289161067,0.4937473565460381,,102800.0,20.0,0.01597182099684339,198.3853151000003
YULARA_COMBINED,INVERTED_VARIATE_TRAJECTORY,42,48,daylight,supplementary_daily_matched,18063,658095,17.38552478755403,12.834655833178521,-3.7606566386437357,0.7063691172129665,0.15811786289161067,0.4937473565460381,0.2205524228459731,102800.0,20.0,0.01597182099684339,198.3853151000003
YULARA_COMBINED,INVERTED_VARIATE_TRAJECTORY,42,96,full,primary,26328,2527488,15.665674351510033,10.084184010479749,-1.270434327186812,0.7917298715724839,0.14247616793195333,0.6140380583807306,,102800.0,20.0,0.01597182099684339,198.3853151000003
YULARA_COMBINED,INVERTED_VARIATE_TRAJECTORY,42,96,full,supplementary_daily_matched,26328,2527488,15.665674351510033,10.084184010479749,-1.270434327186812,0.7917298715724839,0.14247616793195333,0.6140380583807306,0.0291977595656423,102800.0,20.0,0.01597182099684339,198.3853151000003
YULARA_COMBINED,INVERTED_VARIATE_TRAJECTORY,42,96,daylight,primary,22393,1313250,20.753304635460555,16.041455257520024,-4.522694281722231,0.5818636684270877,0.18874714551307198,0.5646090582325047,,102800.0,20.0,0.01597182099684339,198.3853151000003
YULARA_COMBINED,INVERTED_VARIATE_TRAJECTORY,42,96,daylight,supplementary_daily_matched,22393,1313250,20.753304635460555,16.041455257520024,-4.522694281722231,0.5818636684270877,0.18874714551307198,0.5646090582325047,0.06877226077365284,102800.0,20.0,0.01597182099684339,198.3853151000003
YULARA_COMBINED,INVERTED_VARIATE_TRAJECTORY,42,144,full,primary,26280,3784320,15.983046939187156,10.307949444637766,-2.6090531718179846,0.7830975573624073,0.14536260799730077,0.6673008635214028,,102800.0,20.0,0.01597182099684339,198.3853151000003
YULARA_COMBINED,INVERTED_VARIATE_TRAJECTORY,42,144,full,supplementary_daily_matched,26280,3784320,15.983046939187156,10.307949444637766,-2.6090531718179846,0.7830975573624073,0.14536260799730077,0.6673008635214028,0.0051695274730367835,102800.0,20.0,0.01597182099684339,198.3853151000003
YULARA_COMBINED,INVERTED_VARIATE_TRAJECTORY,42,144,daylight,primary,26192,1963842,21.429443586071887,16.81572448375644,-6.162944689628072,0.5545354378607972,0.19489649373205556,0.5902847726606844,,102800.0,20.0,0.01597182099684339,198.3853151000003
YULARA_COMBINED,INVERTED_VARIATE_TRAJECTORY,42,144,daylight,supplementary_daily_matched,26192,1963842,21.429443586071887,16.81572448375644,-6.162944689628072,0.5545354378607972,0.19489649373205556,0.5902847726606844,0.03475296938500849,102800.0,20.0,0.01597182099684339,198.3853151000003
YULARA_COMBINED,INVERTED_VARIATE_TRAJECTORY,43,12,full,primary,26412,316944,10.257227497831298,5.808726501994764,1.046700769161482,0.910571126477573,0.09328742795910311,0.17603131182561638,,102800.0,11.0,0.01684550957656478,128.17826680000144
YULARA_COMBINED,INVERTED_VARIATE_TRAJECTORY,43,12,full,supplementary_daily_matched,26412,316944,10.257227497831298,5.808726501994764,1.046700769161482,0.910571126477573,0.09328742795910311,0.17603131182561638,0.36477693373182807,102800.0,11.0,0.01684550957656478,128.17826680000144
YULARA_COMBINED,INVERTED_VARIATE_TRAJECTORY,43,12,daylight,primary,14784,164664,13.921058246281618,9.181164542095118,0.5121409429621058,0.8117790256639134,0.12660923417551698,0.19119897830820287,,102800.0,11.0,0.01684550957656478,128.17826680000144
YULARA_COMBINED,INVERTED_VARIATE_TRAJECTORY,43,12,daylight,supplementary_daily_matched,14784,164664,13.921058246281618,9.181164542095118,0.5121409429621058,0.8117790256639134,0.12660923417551698,0.19119897830820287,0.3757969831495074,102800.0,11.0,0.01684550957656478,128.17826680000144
YULARA_COMBINED,INVERTED_VARIATE_TRAJECTORY,43,48,full,primary,26376,1266048,13.279040050521715,8.191249821204295,-0.6990264425771177,0.8502239079679386,0.12077020738216092,0.4957775618912169,,102800.0,11.0,0.01684550957656478,128.17826680000144
YULARA_COMBINED,INVERTED_VARIATE_TRAJECTORY,43,48,full,supplementary_daily_matched,26376,1266048,13.279040050521715,8.191249821204295,-0.6990264425771177,0.8502239079679386,0.12077020738216092,0.4957775618912169,0.17795369154197782,102800.0,11.0,0.01684550957656478,128.17826680000144
YULARA_COMBINED,INVERTED_VARIATE_TRAJECTORY,43,48,daylight,primary,18063,658095,17.745012933170617,12.89010599856695,-3.2074149620224035,0.6941005034927569,0.1613873355140566,0.4832793478875336,,102800.0,11.0,0.01684550957656478,128.17826680000144
YULARA_COMBINED,INVERTED_VARIATE_TRAJECTORY,43,48,daylight,supplementary_daily_matched,18063,658095,17.745012933170617,12.89010599856695,-3.2074149620224035,0.6941005034927569,0.1613873355140566,0.4832793478875336,0.20443544233831334,102800.0,11.0,0.01684550957656478,128.17826680000144
YULARA_COMBINED,INVERTED_VARIATE_TRAJECTORY,43,96,full,primary,26328,2527488,15.668104501368607,9.953780508748988,-1.8626316065835007,0.791665250430935,0.14249826965777637,0.6139781857358131,,102800.0,11.0,0.01684550957656478,128.17826680000144
YULARA_COMBINED,INVERTED_VARIATE_TRAJECTORY,43,96,full,supplementary_daily_matched,26328,2527488,15.668104501368607,9.953780508748988,-1.8626316065835007,0.791665250430935,0.14249826965777637,0.6139781857358131,0.029047163116721064,102800.0,11.0,0.01684550957656478,128.17826680000144
YULARA_COMBINED,INVERTED_VARIATE_TRAJECTORY,43,96,daylight,primary,22393,1313250,21.01786823537185,16.10384167667349,-5.190092409404492,0.5711348932739891,0.19115329842062367,0.5590586845958185,,102800.0,11.0,0.01684550957656478,128.17826680000144
YULARA_COMBINED,INVERTED_VARIATE_TRAJECTORY,43,96,daylight,supplementary_daily_matched,22393,1313250,21.01786823537185,16.10384167667349,-5.190092409404492,0.5711348932739891,0.19115329842062367,0.5590586845958185,0.05690094835596604,102800.0,11.0,0.01684550957656478,128.17826680000144
YULARA_COMBINED,INVERTED_VARIATE_TRAJECTORY,43,144,full,primary,26280,3784320,15.735330138879744,10.140468148735666,-2.593990104748806,0.7897688764380959,0.14310967335508648,0.6724572749282574,,102800.0,11.0,0.01684550957656478,128.17826680000144
YULARA_COMBINED,INVERTED_VARIATE_TRAJECTORY,43,144,full,supplementary_daily_matched,26280,3784320,15.735330138879744,10.140468148735666,-2.593990104748806,0.7897688764380959,0.14310967335508648,0.6724572749282574,0.020588128346846313,102800.0,11.0,0.01684550957656478,128.17826680000144
YULARA_COMBINED,INVERTED_VARIATE_TRAJECTORY,43,144,daylight,primary,26192,1963842,21.19001205242238,16.54753251603424,-5.8884941246682,0.5644341938026887,0.1927189119292547,0.5948625277875215,,102800.0,11.0,0.01684550957656478,128.17826680000144
YULARA_COMBINED,INVERTED_VARIATE_TRAJECTORY,43,144,daylight,supplementary_daily_matched,26192,1963842,21.19001205242238,16.54753251603424,-5.8884941246682,0.5644341938026887,0.1927189119292547,0.5948625277875215,0.045537690694384625,102800.0,11.0,0.01684550957656478,128.17826680000144
YULARA_COMBINED,INVERTED_VARIATE_TRAJECTORY,44,12,full,primary,26412,316944,10.289764996921038,5.6551715343423465,0.07964290624119529,0.9100028623838752,0.09358334999095287,0.17341755674929415,,102800.0,10.0,0.017832006292799456,120.14198329999999
YULARA_COMBINED,INVERTED_VARIATE_TRAJECTORY,44,12,full,supplementary_daily_matched,26412,316944,10.289764996921038,5.6551715343423465,0.07964290624119529,0.9100028623838752,0.09358334999095287,0.17341755674929415,0.3627619087219165,102800.0,10.0,0.017832006292799456,120.14198329999999
YULARA_COMBINED,INVERTED_VARIATE_TRAJECTORY,44,12,daylight,primary,14784,164664,14.045163917036875,9.367792284267635,-0.22793552529747863,0.8084081017846092,0.1277379503731781,0.18398854993926694,,102800.0,10.0,0.017832006292799456,120.14198329999999
YULARA_COMBINED,INVERTED_VARIATE_TRAJECTORY,44,12,daylight,supplementary_daily_matched,14784,164664,14.045163917036875,9.367792284267635,-0.22793552529747863,0.8084081017846092,0.1277379503731781,0.18398854993926694,0.3702322385213913,102800.0,10.0,0.017832006292799456,120.14198329999999
YULARA_COMBINED,INVERTED_VARIATE_TRAJECTORY,44,48,full,primary,26376,1266048,13.528598001897073,8.457989782449266,-0.4006053462422143,0.8445414125234234,0.12303988692426647,0.486301521589119,,102800.0,10.0,0.017832006292799456,120.14198329999999
YULARA_COMBINED,INVERTED_VARIATE_TRAJECTORY,44,48,full,supplementary_daily_matched,26376,1266048,13.528598001897073,8.457989782449266,-0.4006053462422143,0.8445414125234234,0.12303988692426647,0.486301521589119,0.16250466872903735,102800.0,10.0,0.017832006292799456,120.14198329999999
YULARA_COMBINED,INVERTED_VARIATE_TRAJECTORY,44,48,daylight,primary,18063,658095,17.845637553384773,12.885047359847052,-2.8892421001632536,0.6906214083817039,0.16230249626398877,0.48034923904109617,,102800.0,10.0,0.017832006292799456,120.14198329999999
YULARA_COMBINED,INVERTED_VARIATE_TRAJECTORY,44,48,daylight,supplementary_daily_matched,18063,658095,17.845637553384773,12.885047359847052,-2.8892421001632536,0.6906214083817039,0.16230249626398877,0.48034923904109617,0.1999241251715106,102800.0,10.0,0.017832006292799456,120.14198329999999
YULARA_COMBINED,INVERTED_VARIATE_TRAJECTORY,44,96,full,primary,26328,2527488,15.763234512318848,10.046271906477998,-1.6230803041314086,0.7891277318820671,0.14336345803788644,0.611634426832828,,102800.0,10.0,0.017832006292799456,120.14198329999999
YULARA_COMBINED,INVERTED_VARIATE_TRAJECTORY,44,96,full,supplementary_daily_matched,26328,2527488,15.763234512318848,10.046271906477998,-1.6230803041314086,0.7891277318820671,0.14336345803788644,0.611634426832828,0.023151953903838507,102800.0,10.0,0.017832006292799456,120.14198329999999
YULARA_COMBINED,INVERTED_VARIATE_TRAJECTORY,44,96,daylight,primary,22393,1313250,21.00834467317507,16.089769562465996,-4.455574281995431,0.5715234577214527,0.19106668353150924,0.559258482786356,,102800.0,10.0,0.017832006292799456,120.14198329999999
YULARA_COMBINED,INVERTED_VARIATE_TRAJECTORY,44,96,daylight,supplementary_daily_matched,22393,1313250,21.00834467317507,16.089769562465996,-4.455574281995431,0.5715234577214527,0.19106668353150924,0.559258482786356,0.05732828296361858,102800.0,10.0,0.017832006292799456,120.14198329999999
YULARA_COMBINED,INVERTED_VARIATE_TRAJECTORY,44,144,full,primary,26280,3784320,15.696934506436637,10.228699379697957,-1.1925440599508579,0.7907935907241976,0.14276047277469203,0.6732565088795168,,102800.0,10.0,0.017832006292799456,120.14198329999999
YULARA_COMBINED,INVERTED_VARIATE_TRAJECTORY,44,144,full,supplementary_daily_matched,26280,3784320,15.696934506436637,10.228699379697957,-1.1925440599508579,0.7907935907241976,0.14276047277469203,0.6732565088795168,0.022977982128273733,102800.0,10.0,0.017832006292799456,120.14198329999999
YULARA_COMBINED,INVERTED_VARIATE_TRAJECTORY,44,144,daylight,primary,26192,1963842,20.988361215580788,16.193393676307817,-4.254504190952747,0.5726847119810057,0.1908849379905144,0.5987179437309114,,102800.0,10.0,0.017832006292799456,120.14198329999999
YULARA_COMBINED,INVERTED_VARIATE_TRAJECTORY,44,144,daylight,supplementary_daily_matched,26192,1963842,20.988361215580788,16.193393676307817,-4.254504190952747,0.5726847119810057,0.1908849379905144,0.5987179437309114,0.054620655014040675,102800.0,10.0,0.017832006292799456,120.14198329999999
YULARA_COMBINED,JOINT_PATCH_TRAJECTORY,42,12,full,primary,26412,316944,12.867634934483158,6.904192489519292,-1.143965236381429,0.8592607453915241,0.11702856032085046,-0.0336641435626408,,140432.0,7.0,0.03149617056309812,96.3203195999995
YULARA_COMBINED,JOINT_PATCH_TRAJECTORY,42,12,full,supplementary_daily_matched,26412,316944,12.867634934483158,6.904192489519292,-1.143965236381429,0.8592607453915241,0.11702856032085046,-0.0336641435626408,0.20311619095608024,140432.0,7.0,0.03149617056309812,96.3203195999995
YULARA_COMBINED,JOINT_PATCH_TRAJECTORY,42,12,daylight,primary,14784,164664,17.42734141143164,10.903325128650978,-1.0474359118723597,0.705024602678286,0.15849817670334004,-0.012512934690334099,,140432.0,7.0,0.03149617056309812,96.3203195999995
YULARA_COMBINED,JOINT_PATCH_TRAJECTORY,42,12,daylight,supplementary_daily_matched,14784,164664,17.42734141143164,10.903325128650978,-1.0474359118723597,0.705024602678286,0.15849817670334004,-0.012512934690334099,0.21857958696460644,140432.0,7.0,0.03149617056309812,96.3203195999995
YULARA_COMBINED,JOINT_PATCH_TRAJECTORY,42,48,full,primary,26376,1266048,14.706648220609987,9.144672094098182,-0.3246425938616748,0.8162884159519816,0.1337540175149765,0.4415694211335087,,140432.0,7.0,0.03149617056309812,96.3203195999995
YULARA_COMBINED,JOINT_PATCH_TRAJECTORY,42,48,full,supplementary_daily_matched,26376,1266048,14.706648220609987,9.144672094098182,-0.3246425938616748,0.8162884159519816,0.1337540175149765,0.4415694211335087,0.08957681929212957,140432.0,7.0,0.03149617056309812,96.3203195999995
YULARA_COMBINED,JOINT_PATCH_TRAJECTORY,42,48,daylight,primary,18063,658095,18.9637067163719,13.31392542478375,-2.811005572933401,0.6506404802131872,0.17247111117649888,0.4477919549646444,,140432.0,7.0,0.03149617056309812,96.3203195999995
YULARA_COMBINED,JOINT_PATCH_TRAJECTORY,42,48,daylight,supplementary_daily_matched,18063,658095,18.9637067163719,13.31392542478375,-2.811005572933401,0.6506404802131872,0.17247111117649888,0.4477919549646444,0.14979757962110996,140432.0,7.0,0.03149617056309812,96.3203195999995
YULARA_COMBINED,JOINT_PATCH_TRAJECTORY,42,96,full,primary,26328,2527488,17.143131425868784,11.034075208396676,-0.39477988073113524,0.7505927319827341,0.15591334385654412,0.5776373144176299,,140432.0,7.0,0.03149617056309812,96.3203195999995
YULARA_COMBINED,JOINT_PATCH_TRAJECTORY,42,96,full,supplementary_daily_matched,26328,2527488,17.143131425868784,11.034075208396676,-0.39477988073113524,0.7505927319827341,0.15591334385654412,0.5776373144176299,-0.0623602931392393,140432.0,7.0,0.03149617056309812,96.3203195999995
YULARA_COMBINED,JOINT_PATCH_TRAJECTORY,42,96,daylight,primary,22393,1313250,21.751676163913157,16.40473516433312,-4.093731489599669,0.5406657385348772,0.19782713443372657,0.5436638676885321,,140432.0,7.0,0.03149617056309812,96.3203195999995
YULARA_COMBINED,JOINT_PATCH_TRAJECTORY,42,96,daylight,supplementary_daily_matched,22393,1313250,21.751676163913157,16.40473516433312,-4.093731489599669,0.5406657385348772,0.19782713443372657,0.5436638676885321,0.02397403332604431,140432.0,7.0,0.03149617056309812,96.3203195999995
YULARA_COMBINED,JOINT_PATCH_TRAJECTORY,42,144,full,primary,26280,3784320,17.355870866331678,11.157270492410738,-1.735149733071612,0.7442367668059409,0.15784816642243127,0.638724501527601,,140432.0,7.0,0.03149617056309812,96.3203195999995
YULARA_COMBINED,JOINT_PATCH_TRAJECTORY,42,144,full,supplementary_daily_matched,26280,3784320,17.355870866331678,11.157270492410738,-1.735149733071612,0.7442367668059409,0.15784816642243127,0.638724501527601,-0.08027895311604438,140432.0,7.0,0.03149617056309812,96.3203195999995
YULARA_COMBINED,JOINT_PATCH_TRAJECTORY,42,144,daylight,primary,26192,1963842,22.45381238688964,17.219191059777692,-5.715261696738771,0.5109294071029638,0.2042129226335344,0.5706995933059047,,140432.0,7.0,0.03149617056309812,96.3203195999995
YULARA_COMBINED,JOINT_PATCH_TRAJECTORY,42,144,daylight,supplementary_daily_matched,26192,1963842,22.45381238688964,17.219191059777692,-5.715261696738771,0.5109294071029638,0.2042129226335344,0.5706995933059047,-0.011387703342799815,140432.0,7.0,0.03149617056309812,96.3203195999995
YULARA_COMBINED,JOINT_PATCH_TRAJECTORY,43,12,full,primary,26412,316944,12.575182375752947,7.975313553934002,2.088543165586667,0.8655854232397358,0.11436876292337943,-0.01017126976013194,,140432.0,12.0,0.027561055259709335,138.18017970000074
YULARA_COMBINED,JOINT_PATCH_TRAJECTORY,43,12,full,supplementary_daily_matched,26412,316944,12.575182375752947,7.975313553934002,2.088543165586667,0.8655854232397358,0.11436876292337943,-0.01017126976013194,0.2212275774037198,140432.0,12.0,0.027561055259709335,138.18017970000074
YULARA_COMBINED,JOINT_PATCH_TRAJECTORY,43,12,daylight,primary,14784,164664,16.758858288465053,11.206422035142435,0.23934484635772088,0.7272200953018655,0.1524184567021207,0.02632533631420786,,140432.0,12.0,0.027561055259709335,138.18017970000074
YULARA_COMBINED,JOINT_PATCH_TRAJECTORY,43,12,daylight,supplementary_daily_matched,14784,164664,16.758858288465053,11.206422035142435,0.23934484635772088,0.7272200953018655,0.1524184567021207,0.02632533631420786,0.24855354258546147,140432.0,12.0,0.027561055259709335,138.18017970000074
YULARA_COMBINED,JOINT_PATCH_TRAJECTORY,43,48,full,primary,26376,1266048,14.540337239368831,9.163865789343783,0.4040438215789936,0.8204199484037739,0.13224145247879862,0.44788446560409034,,140432.0,12.0,0.027561055259709335,138.18017970000074
YULARA_COMBINED,JOINT_PATCH_TRAJECTORY,43,48,full,supplementary_daily_matched,26376,1266048,14.540337239368831,9.163865789343783,0.4040438215789936,0.8204199484037739,0.13224145247879862,0.44788446560409034,0.09987239244087931,140432.0,12.0,0.027561055259709335,138.18017970000074
YULARA_COMBINED,JOINT_PATCH_TRAJECTORY,43,48,daylight,primary,18063,658095,18.889535623323553,13.259343099889248,-2.5856538864924943,0.6533679747293847,0.17179653995334349,0.44995175815623256,,140432.0,12.0,0.027561055259709335,138.18017970000074
YULARA_COMBINED,JOINT_PATCH_TRAJECTORY,43,48,daylight,supplementary_daily_matched,18063,658095,18.889535623323553,13.259343099889248,-2.5856538864924943,0.6533679747293847,0.17179653995334349,0.44995175815623256,0.15312290223735825,140432.0,12.0,0.027561055259709335,138.18017970000074
YULARA_COMBINED,JOINT_PATCH_TRAJECTORY,43,96,full,primary,26328,2527488,16.469055575040553,10.4702412029633,-0.47084093291881235,0.7698207418159959,0.14978275911652494,0.5942448104210973,,140432.0,12.0,0.027561055259709335,138.18017970000074
YULARA_COMBINED,JOINT_PATCH_TRAJECTORY,43,96,full,supplementary_daily_matched,26328,2527488,16.469055575040553,10.4702412029633,-0.47084093291881235,0.7698207418159959,0.14978275911652494,0.5942448104210973,-0.020587795414386267,140432.0,12.0,0.027561055259709335,138.18017970000074
YULARA_COMBINED,JOINT_PATCH_TRAJECTORY,43,96,daylight,primary,22393,1313250,21.263251883566976,15.845769762953026,-4.147802189851723,0.5610624347966369,0.19338501351207354,0.5539106939717389,,140432.0,12.0,0.027561055259709335,138.18017970000074
YULARA_COMBINED,JOINT_PATCH_TRAJECTORY,43,96,daylight,supplementary_daily_matched,22393,1313250,21.263251883566976,15.845769762953026,-4.147802189851723,0.5610624347966369,0.19338501351207354,0.5539106939717389,0.04589026528810336,140432.0,12.0,0.027561055259709335,138.18017970000074
YULARA_COMBINED,JOINT_PATCH_TRAJECTORY,43,144,full,primary,26280,3784320,16.590402504591058,10.432248078136519,-1.0894046743868926,0.7662997707445183,0.150886385115938,0.6546583008789868,,140432.0,12.0,0.027561055259709335,138.18017970000074
YULARA_COMBINED,JOINT_PATCH_TRAJECTORY,43,144,full,supplementary_daily_matched,26280,3784320,16.590402504591058,10.432248078136519,-1.0894046743868926,0.7662997707445183,0.150886385115938,0.6546583008789868,-0.03263401689629308,140432.0,12.0,0.027561055259709335,138.18017970000074
YULARA_COMBINED,JOINT_PATCH_TRAJECTORY,43,144,daylight,primary,26192,1963842,21.752000821801033,16.28593031759647,-5.006734069153226,0.5410241942386567,0.19783008713213684,0.5841177151430266,,140432.0,12.0,0.027561055259709335,138.18017970000074
YULARA_COMBINED,JOINT_PATCH_TRAJECTORY,43,144,daylight,supplementary_daily_matched,26192,1963842,21.752000821801033,16.28593031759647,-5.006734069153226,0.5410241942386567,0.19783008713213684,0.5841177151430266,0.0202240147371473,140432.0,12.0,0.027561055259709335,138.18017970000074
YULARA_COMBINED,JOINT_PATCH_TRAJECTORY,44,12,full,primary,26412,316944,12.351739509590406,6.78314408939493,0.7760895223425227,0.8703196922376485,0.11233659484633125,0.0077780177401013395,,140432.0,8.0,0.03156278338180554,103.30851129999792
YULARA_COMBINED,JOINT_PATCH_TRAJECTORY,44,12,full,supplementary_daily_matched,26412,316944,12.351739509590406,6.78314408939493,0.7760895223425227,0.8703196922376485,0.11233659484633125,0.0077780177401013395,0.2350652409058238,140432.0,8.0,0.03156278338180554,103.30851129999792
YULARA_COMBINED,JOINT_PATCH_TRAJECTORY,44,12,daylight,primary,14784,164664,16.093255313227164,10.383647332795677,-0.5762646259610763,0.7484575314719579,0.14636493106714796,0.06499627331407976,,140432.0,8.0,0.03156278338180554,103.30851129999792
YULARA_COMBINED,JOINT_PATCH_TRAJECTORY,44,12,daylight,supplementary_daily_matched,14784,164664,16.093255313227164,10.383647332795677,-0.5762646259610763,0.7484575314719579,0.14636493106714796,0.06499627331407976,0.2783983559479175,140432.0,8.0,0.03156278338180554,103.30851129999792
YULARA_COMBINED,JOINT_PATCH_TRAJECTORY,44,48,full,primary,26376,1266048,14.652700882168322,9.044007057384114,0.3085907819457343,0.8176337358923044,0.13326337728597445,0.4436178718057745,,140432.0,8.0,0.03156278338180554,103.30851129999792
YULARA_COMBINED,JOINT_PATCH_TRAJECTORY,44,48,full,supplementary_daily_matched,26376,1266048,14.652700882168322,9.044007057384114,0.3085907819457343,0.8176337358923044,0.13326337728597445,0.4436178718057745,0.09291645907394974,140432.0,8.0,0.03156278338180554,103.30851129999792
YULARA_COMBINED,JOINT_PATCH_TRAJECTORY,44,48,daylight,primary,18063,658095,18.34457087363147,12.953868321637541,-2.652280996120588,0.6730801916547857,0.16684019479692574,0.4658206978915662,,140432.0,8.0,0.03156278338180554,103.30851129999792
YULARA_COMBINED,JOINT_PATCH_TRAJECTORY,44,48,daylight,supplementary_daily_matched,18063,658095,18.34457087363147,12.953868321637541,-2.652280996120588,0.6730801916547857,0.16684019479692574,0.4658206978915662,0.17755538034615437,140432.0,8.0,0.03156278338180554,103.30851129999792
YULARA_COMBINED,JOINT_PATCH_TRAJECTORY,44,96,full,primary,26328,2527488,16.77407672471172,10.581929447709479,-0.6368628676050309,0.7612155473831104,0.15255686532914114,0.5867298734627227,,140432.0,8.0,0.03156278338180554,103.30851129999792
YULARA_COMBINED,JOINT_PATCH_TRAJECTORY,44,96,full,supplementary_daily_matched,26328,2527488,16.77407672471172,10.581929447709479,-0.6368628676050309,0.7612155473831104,0.15255686532914114,0.5867298734627227,-0.03948996386474013,140432.0,8.0,0.03156278338180554,103.30851129999792
YULARA_COMBINED,JOINT_PATCH_TRAJECTORY,44,96,daylight,primary,22393,1313250,21.26296818775609,15.879631362193342,-4.227320395420093,0.5610741473905958,0.19338243335554237,0.5539166457268183,,140432.0,8.0,0.03156278338180554,103.30851129999792
YULARA_COMBINED,JOINT_PATCH_TRAJECTORY,44,96,daylight,supplementary_daily_matched,22393,1313250,21.26296818775609,15.879631362193342,-4.227320395420093,0.5610741473905958,0.19338243335554237,0.5539166457268183,0.04590299508768181,140432.0,8.0,0.03156278338180554,103.30851129999792
YULARA_COMBINED,JOINT_PATCH_TRAJECTORY,44,144,full,primary,26280,3784320,17.088769853225443,10.593613938637269,-1.4439974917841931,0.7520484116061524,0.15541893625051398,0.6442844098949552,,140432.0,8.0,0.03156278338180554,103.30851129999792
YULARA_COMBINED,JOINT_PATCH_TRAJECTORY,44,144,full,supplementary_daily_matched,26280,3784320,17.088769853225443,10.593613938637269,-1.4439974917841931,0.7520484116061524,0.15541893625051398,0.6442844098949552,-0.06365382349639614,140432.0,8.0,0.03156278338180554,103.30851129999792
YULARA_COMBINED,JOINT_PATCH_TRAJECTORY,44,144,daylight,primary,26192,1963842,22.247837216763752,16.580016114757264,-5.203468372472474,0.5198610179237408,0.20233961975041656,0.5746376873266582,,140432.0,8.0,0.03156278338180554,103.30851129999792
YULARA_COMBINED,JOINT_PATCH_TRAJECTORY,44,144,daylight,supplementary_daily_matched,26192,1963842,22.247837216763752,16.580016114757264,-5.203468372472474,0.5198610179237408,0.20233961975041656,0.5746376873266582,-0.002109957957303621,140432.0,8.0,0.03156278338180554,103.30851129999792
YULARA_COMBINED,DEPTHWISE_TCN_TRAJECTORY,42,12,full,primary,26412,316944,11.63168564143193,6.953980231981275,2.4210054755936503,0.8849986080038421,0.10578784925531169,0.06562033831716485,,682384.0,1.0,0.04600160822970461,47.92576879999979
YULARA_COMBINED,DEPTHWISE_TCN_TRAJECTORY,42,12,full,supplementary_daily_matched,26412,316944,11.63168564143193,6.953980231981275,2.4210054755936503,0.8849986080038421,0.10578784925531169,0.06562033831716485,0.27965768326966844,682384.0,1.0,0.04600160822970461,47.92576879999979
YULARA_COMBINED,DEPTHWISE_TCN_TRAJECTORY,42,12,daylight,primary,14784,164664,15.087523816820099,10.042865560780807,2.479298782604928,0.7789149106523019,0.13721800471330506,0.12342837290384534,,682384.0,1.0,0.04600160822970461,47.92576879999979
YULARA_COMBINED,DEPTHWISE_TCN_TRAJECTORY,42,12,daylight,supplementary_daily_matched,14784,164664,15.087523816820099,10.042865560780807,2.479298782604928,0.7789149106523019,0.13721800471330506,0.12342837290384534,0.3234941111047881,682384.0,1.0,0.04600160822970461,47.92576879999979
YULARA_COMBINED,DEPTHWISE_TCN_TRAJECTORY,42,48,full,primary,26376,1266048,16.793918314285097,11.843674491266015,-0.4452297934084397,0.760440605830671,0.1527373206089243,0.3623130583527471,,682384.0,1.0,0.04600160822970461,47.92576879999979
YULARA_COMBINED,DEPTHWISE_TCN_TRAJECTORY,42,48,full,supplementary_daily_matched,26376,1266048,16.793918314285097,11.843674491266015,-0.4452297934084397,0.760440605830671,0.1527373206089243,0.3623130583527471,-0.03963678867443732,682384.0,1.0,0.04600160822970461,47.92576879999979
YULARA_COMBINED,DEPTHWISE_TCN_TRAJECTORY,42,48,daylight,primary,18063,658095,20.875964456661528,15.879482645660053,-4.799496954609433,0.5766308397465398,0.18986271199886764,0.39210853166758297,,682384.0,1.0,0.04600160822970461,47.92576879999979
YULARA_COMBINED,DEPTHWISE_TCN_TRAJECTORY,42,48,daylight,supplementary_daily_matched,18063,658095,20.875964456661528,15.879482645660053,-4.799496954609433,0.5766308397465398,0.18986271199886764,0.39210853166758297,0.06406507049203203,682384.0,1.0,0.04600160822970461,47.92576879999979
YULARA_COMBINED,DEPTHWISE_TCN_TRAJECTORY,42,96,full,primary,26328,2527488,20.075095982783125,14.231654224436907,-2.813234581914321,0.6579858638394824,0.18257897376868365,0.5054012454330566,,682384.0,1.0,0.04600160822970461,47.92576879999979
YULARA_COMBINED,DEPTHWISE_TCN_TRAJECTORY,42,96,full,supplementary_daily_matched,26328,2527488,20.075095982783125,14.231654224436907,-2.813234581914321,0.6579858638394824,0.18257897376868365,0.5054012454330566,-0.24405421175770003,682384.0,1.0,0.04600160822970461,47.92576879999979
YULARA_COMBINED,DEPTHWISE_TCN_TRAJECTORY,42,96,daylight,primary,22393,1313250,25.696519489862304,20.336862395241806,-8.674589602341245,0.35894987435094017,0.23370469371153701,0.4609035998189278,,682384.0,1.0,0.04600160822970461,47.92576879999979
YULARA_COMBINED,DEPTHWISE_TCN_TRAJECTORY,42,96,daylight,supplementary_daily_matched,22393,1313250,25.696519489862304,20.336862395241806,-8.674589602341245,0.35894987435094017,0.23370469371153701,0.4609035998189278,-0.1530362113821111,682384.0,1.0,0.04600160822970461,47.92576879999979
YULARA_COMBINED,DEPTHWISE_TCN_TRAJECTORY,42,144,full,primary,26280,3784320,20.94976577014724,14.747854831295859,-4.177648294104041,0.6273478455593714,0.19053392015102585,0.5639148775776961,,682384.0,1.0,0.04600160822970461,47.92576879999979
YULARA_COMBINED,DEPTHWISE_TCN_TRAJECTORY,42,144,full,supplementary_daily_matched,26280,3784320,20.94976577014724,14.747854831295859,-4.177648294104041,0.6273478455593714,0.19053392015102585,0.5639148775776961,-0.3039732323719688,682384.0,1.0,0.04600160822970461,47.92576879999979
YULARA_COMBINED,DEPTHWISE_TCN_TRAJECTORY,42,144,daylight,primary,26192,1963842,27.036911232098863,21.38922149198247,-9.738779806964223,0.2909032068859527,0.24589528791619003,0.4830741084097916,,682384.0,1.0,0.04600160822970461,47.92576879999979
YULARA_COMBINED,DEPTHWISE_TCN_TRAJECTORY,42,144,daylight,supplementary_daily_matched,26192,1963842,27.036911232098863,21.38922149198247,-9.738779806964223,0.2909032068859527,0.24589528791619003,0.4830741084097916,-0.2178243536265465,682384.0,1.0,0.04600160822970461,47.92576879999979
YULARA_COMBINED,DEPTHWISE_TCN_TRAJECTORY,43,12,full,primary,26412,316944,10.090375870635619,5.471305562049302,0.8611540434821657,0.9134568950152961,0.09176994585634513,0.189434594185226,,682384.0,10.0,0.028053807537893185,126.43643430000157
YULARA_COMBINED,DEPTHWISE_TCN_TRAJECTORY,43,12,full,supplementary_daily_matched,26412,316944,10.090375870635619,5.471305562049302,0.8611540434821657,0.9134568950152961,0.09176994585634513,0.189434594185226,0.3751099406054187,682384.0,10.0,0.028053807537893185,126.43643430000157
YULARA_COMBINED,DEPTHWISE_TCN_TRAJECTORY,43,12,daylight,primary,14784,164664,13.4738377648513,8.228191848584364,1.4621087022724615,0.8236781460141209,0.1225418535454113,0.21718208791834714,,682384.0,10.0,0.028053807537893185,126.43643430000157
YULARA_COMBINED,DEPTHWISE_TCN_TRAJECTORY,43,12,daylight,supplementary_daily_matched,14784,164664,13.4738377648513,8.228191848584364,1.4621087022724615,0.8236781460141209,0.1225418535454113,0.21718208791834714,0.3958497958572408,682384.0,10.0,0.028053807537893185,126.43643430000157
YULARA_COMBINED,DEPTHWISE_TCN_TRAJECTORY,43,48,full,primary,26376,1266048,14.796885402714375,9.864193656354077,-0.1503707712272579,0.8140270612292293,0.13457470659753565,0.43814299785323896,,682384.0,10.0,0.028053807537893185,126.43643430000157
YULARA_COMBINED,DEPTHWISE_TCN_TRAJECTORY,43,48,full,supplementary_daily_matched,26376,1266048,14.796885402714375,9.864193656354077,-0.1503707712272579,0.8140270612292293,0.13457470659753565,0.43814299785323896,0.08399063669516904,682384.0,10.0,0.028053807537893185,126.43643430000157
YULARA_COMBINED,DEPTHWISE_TCN_TRAJECTORY,43,48,daylight,primary,18063,658095,17.940969239169146,13.075612366944268,-1.9605751575644403,0.6873071686752128,0.16316951883628814,0.4775732562322361,,682384.0,10.0,0.028053807537893185,126.43643430000157
YULARA_COMBINED,DEPTHWISE_TCN_TRAJECTORY,43,48,daylight,supplementary_daily_matched,18063,658095,17.940969239169146,13.075612366944268,-1.9605751575644403,0.6873071686752128,0.16316951883628814,0.4775732562322361,0.19565010684772477,682384.0,10.0,0.028053807537893185,126.43643430000157
YULARA_COMBINED,DEPTHWISE_TCN_TRAJECTORY,43,96,full,primary,26328,2527488,17.671787256252156,12.144059078584633,-2.1619813546706776,0.734973229109961,0.16072136266108714,0.5646125938620514,,682384.0,10.0,0.028053807537893185,126.43643430000157
YULARA_COMBINED,DEPTHWISE_TCN_TRAJECTORY,43,96,full,supplementary_daily_matched,26328,2527488,17.671787256252156,12.144059078584633,-2.1619813546706776,0.734973229109961,0.16072136266108714,0.5646125938620514,-0.09512110847594979,682384.0,10.0,0.028053807537893185,126.43643430000157
YULARA_COMBINED,DEPTHWISE_TCN_TRAJECTORY,43,96,daylight,primary,22393,1313250,22.002423105124855,17.115464755510136,-5.451772695004946,0.530014557305258,0.2001076276000522,0.5384033586372199,,682384.0,10.0,0.028053807537893185,126.43643430000157
YULARA_COMBINED,DEPTHWISE_TCN_TRAJECTORY,43,96,daylight,supplementary_daily_matched,22393,1313250,22.002423105124855,17.115464755510136,-5.451772695004946,0.530014557305258,0.2001076276000522,0.5384033586372199,0.01272269233317358,682384.0,10.0,0.028053807537893185,126.43643430000157
YULARA_COMBINED,DEPTHWISE_TCN_TRAJECTORY,43,144,full,primary,26280,3784320,17.914229698167972,12.515778666548087,-3.2439068798876955,0.7275156461381438,0.16292632807101226,0.6271018427251873,,682384.0,10.0,0.028053807537893185,126.43643430000157
YULARA_COMBINED,DEPTHWISE_TCN_TRAJECTORY,43,144,full,supplementary_daily_matched,26280,3784320,17.914229698167972,12.515778666548087,-3.2439068798876955,0.7275156461381438,0.16292632807101226,0.6271018427251873,-0.11503280090419032,682384.0,10.0,0.028053807537893185,126.43643430000157
YULARA_COMBINED,DEPTHWISE_TCN_TRAJECTORY,43,144,daylight,primary,26192,1963842,22.480014143781275,17.755391736810235,-6.4007785328083875,0.5097873306219447,0.20445122236013666,0.5701986349521133,,682384.0,10.0,0.028053807537893185,126.43643430000157
YULARA_COMBINED,DEPTHWISE_TCN_TRAJECTORY,43,144,daylight,supplementary_daily_matched,26192,1963842,22.480014143781275,17.755391736810235,-6.4007785328083875,0.5097873306219447,0.20445122236013666,0.5701986349521133,-0.01256790981596212,682384.0,10.0,0.028053807537893185,126.43643430000157
YULARA_COMBINED,DEPTHWISE_TCN_TRAJECTORY,44,12,full,primary,26412,316944,9.962760121370964,5.324096899764233,0.1701526503536434,0.9156321208770906,0.09060930619826106,0.1996860370370318,,682384.0,9.0,0.021205175818335358,117.30154689999836
YULARA_COMBINED,DEPTHWISE_TCN_TRAJECTORY,44,12,full,supplementary_daily_matched,26412,316944,9.962760121370964,5.324096899764233,0.1701526503536434,0.9156321208770906,0.09060930619826106,0.1996860370370318,0.38301309646007276,682384.0,9.0,0.021205175818335358,117.30154689999836
YULARA_COMBINED,DEPTHWISE_TCN_TRAJECTORY,44,12,daylight,primary,14784,164664,13.542512695888892,8.553084308952963,-0.6311281063847974,0.8218761723915098,0.1231664382768234,0.21319213590427133,,682384.0,9.0,0.021205175818335358,117.30154689999836
YULARA_COMBINED,DEPTHWISE_TCN_TRAJECTORY,44,12,daylight,supplementary_daily_matched,14784,164664,13.542512695888892,8.553084308952963,-0.6311281063847974,0.8218761723915098,0.1231664382768234,0.21319213590427133,0.3927704969722502,682384.0,9.0,0.021205175818335358,117.30154689999836
YULARA_COMBINED,DEPTHWISE_TCN_TRAJECTORY,44,48,full,primary,26376,1266048,14.557168507751694,9.839222030049756,-1.2286111918560059,0.8200039595050949,0.13239452949079417,0.4472453604317148,,682384.0,9.0,0.021205175818335358,117.30154689999836
YULARA_COMBINED,DEPTHWISE_TCN_TRAJECTORY,44,48,full,supplementary_daily_matched,26376,1266048,14.557168507751694,9.839222030049756,-1.2286111918560059,0.8200039595050949,0.13239452949079417,0.4472453604317148,0.09883044347558079,682384.0,9.0,0.021205175818335358,117.30154689999836
YULARA_COMBINED,DEPTHWISE_TCN_TRAJECTORY,44,48,daylight,primary,18063,658095,18.47096357079748,13.875988665029457,-4.689148361871336,0.6685597672306931,0.16798971104134205,0.4621402431549122,,682384.0,9.0,0.021205175818335358,117.30154689999836
YULARA_COMBINED,DEPTHWISE_TCN_TRAJECTORY,44,48,daylight,supplementary_daily_matched,18063,658095,18.47096357079748,13.875988665029457,-4.689148361871336,0.6685597672306931,0.16798971104134205,0.4621402431549122,0.17188879951066893,682384.0,9.0,0.021205175818335358,117.30154689999836
YULARA_COMBINED,DEPTHWISE_TCN_TRAJECTORY,44,96,full,primary,26328,2527488,17.55795085027136,12.176044821526913,-3.655870209303401,0.7383766792015924,0.15968604336800313,0.5674172302468918,,682384.0,9.0,0.021205175818335358,117.30154689999836
YULARA_COMBINED,DEPTHWISE_TCN_TRAJECTORY,44,96,full,supplementary_daily_matched,26328,2527488,17.55795085027136,12.176044821526913,-3.655870209303401,0.7383766792015924,0.15968604336800313,0.5674172302468918,-0.08806666348434322,682384.0,9.0,0.021205175818335358,117.30154689999836
YULARA_COMBINED,DEPTHWISE_TCN_TRAJECTORY,44,96,daylight,primary,22393,1313250,22.781205277054056,18.00053844138306,-8.027526883290136,0.4961552038582132,0.20719049534136338,0.5220650111198504,,682384.0,9.0,0.021205175818335358,117.30154689999836
YULARA_COMBINED,DEPTHWISE_TCN_TRAJECTORY,44,96,daylight,supplementary_daily_matched,22393,1313250,22.781205277054056,18.00053844138306,-8.027526883290136,0.4961552038582132,0.20719049534136338,0.5220650111198504,-0.022222275422768556,682384.0,9.0,0.021205175818335358,117.30154689999836
YULARA_COMBINED,DEPTHWISE_TCN_TRAJECTORY,44,144,full,primary,26280,3784320,17.761297905086032,12.530135192072015,-4.741603074855633,0.7321481253398805,0.1615354440691897,0.6302852329568545,,682384.0,9.0,0.021205175818335358,117.30154689999836
YULARA_COMBINED,DEPTHWISE_TCN_TRAJECTORY,44,144,full,supplementary_daily_matched,26280,3784320,17.761297905086032,12.530135192072015,-4.741603074855633,0.7321481253398805,0.1615354440691897,0.6302852329568545,-0.10551388948792684,682384.0,9.0,0.021205175818335358,117.30154689999836
YULARA_COMBINED,DEPTHWISE_TCN_TRAJECTORY,44,144,daylight,primary,26192,1963842,23.164429835695305,18.639213984802364,-9.133584072133404,0.4794833799574886,0.21067584588213703,0.55711310943761,,682384.0,9.0,0.021205175818335358,117.30154689999836
YULARA_COMBINED,DEPTHWISE_TCN_TRAJECTORY,44,144,daylight,supplementary_daily_matched,26192,1963842,23.164429835695305,18.639213984802364,-9.133584072133404,0.4794833799574886,0.21067584588213703,0.55711310943761,-0.043396065090870906,682384.0,9.0,0.021205175818335358,117.30154689999836
NIST_GROUND,DISCRETE_RECURRENT_TRAJECTORY,42,12,full,primary,25219,302628,17.82811250305551,8.928092917848478,-1.410674136752731,0.9082204477870831,0.06910485398864247,0.1790293659742631,,96562.0,16.0,0.016202251270946634,1850.2971733000013
NIST_GROUND,LAST_VALUE_PERSISTENCE,42,12,full,primary,25219,302628,21.715895507288767,9.17545774482203,0.0012131329553114864,0.8638270992313206,0.08417457473451612,0.0,,,,,
NIST_GROUND,DISCRETE_RECURRENT_TRAJECTORY,42,12,full,supplementary_daily_matched,25219,300173,17.80807157336572,8.923611171916134,-1.3913828803931525,0.9084308268921278,0.06902717187171772,0.17930356559492078,0.5767456816904367,96562.0,16.0,0.016202251270946634,1850.2971733000013
NIST_GROUND,LAST_VALUE_PERSISTENCE,42,12,full,supplementary_daily_matched,25219,300173,21.698731500246794,9.169680121130149,0.018720891619166288,0.864048438781545,0.08410804406839582,0.0,0.4842742083845176,,,,
NIST_GROUND,DAILY_PERSISTENCE,42,12,full,supplementary_daily_matched,25219,300173,42.074163931721785,18.269654079480834,-0.09219182271556768,0.4888521988223711,0.16308675159512975,-0.9390149111363144,0.0,,,,
NIST_GROUND,DISCRETE_RECURRENT_TRAJECTORY,42,12,daylight,primary,10161,109258,29.354850847841504,21.69050931911749,-3.6992962869298887,0.8031954945410709,0.11378448960038787,0.17571004284303304,,96562.0,16.0,0.016202251270946634,1850.2971733000013
NIST_GROUND,LAST_VALUE_PERSISTENCE,42,12,daylight,primary,10161,109258,35.61228739106372,24.143453156748244,-1.1528280675099303,0.7103490085723868,0.13803939816619681,0.0,,,,,
NIST_GROUND,DISCRETE_RECURRENT_TRAJECTORY,42,12,daylight,supplementary_daily_matched,10158,108291,29.33205241527693,21.697128304496953,-3.639268332499905,0.8032486472272989,0.11369611892439652,0.17599468774649485,0.5761123653968236,96562.0,16.0,0.016202251270946634,1850.2971733000013
NIST_GROUND,LAST_VALUE_PERSISTENCE,42,12,daylight,supplementary_daily_matched,10158,108291,35.596921499279034,24.149445410975986,-1.100877345301087,0.7102271421657527,0.1379798373064589,0.0,0.4855765754180389,,,,
NIST_GROUND,DAILY_PERSISTENCE,42,12,daylight,supplementary_daily_matched,10158,108291,69.19770717713014,48.748959291169164,-2.082994167567018,-0.09500532589188682,0.2682223062034671,-0.9439239198966023,0.0,,,,
NIST_GROUND,DISCRETE_RECURRENT_TRAJECTORY,42,48,full,primary,24240,1163520,27.76745902056927,15.559514682527547,1.223613130473928,0.7743748662484462,0.10763148375483851,0.4267876825495849,,96562.0,16.0,0.016202251270946634,1850.2971733000013
NIST_GROUND,LAST_VALUE_PERSISTENCE,42,48,full,primary,24240,1163520,48.44183939395415,23.70166353822883,0.15453857260726064,0.31331675875165477,0.1877689653173739,0.0,,,,,
NIST_GROUND,DISCRETE_RECURRENT_TRAJECTORY,42,48,full,supplementary_daily_matched,24240,1154170,27.764525327391905,15.565300907727927,1.2771671341504287,0.7743653973243054,0.1076201122516222,0.42641085411640733,0.3382280645527205,96562.0,16.0,0.016202251270946634,1850.2971733000013
NIST_GROUND,LAST_VALUE_PERSISTENCE,42,48,full,supplementary_daily_matched,24240,1154170,48.40490013914348,23.679790803434518,0.20523641127390266,0.31418993661091454,0.1876257823635024,0.0,-0.15373859529340383,,,,
NIST_GROUND,DAILY_PERSISTENCE,42,48,full,supplementary_daily_matched,24240,1154170,41.9548243740895,18.18129146347592,-0.05232471992860721,0.4847843916219362,0.16262417078609376,0.13325253737767784,0.0,,,,
NIST_GROUND,DISCRETE_RECURRENT_TRAJECTORY,42,48,daylight,primary,12577,413664,43.29814405404562,32.53861342756974,-6.026318841550132,0.5708099512803457,0.16783111068663162,0.3956452956924019,,96562.0,16.0,0.016202251270946634,1850.2971733000013
NIST_GROUND,LAST_VALUE_PERSISTENCE,42,48,daylight,primary,12577,413664,71.64359563255454,52.609455522356306,-13.489592901485263,-0.17507565777016598,0.27770299377236374,0.0,,,,,
NIST_GROUND,DISCRETE_RECURRENT_TRAJECTORY,42,48,daylight,supplementary_daily_matched,12574,410266,43.28644294379224,32.54621940153764,-5.890909514771434,0.5701883842604742,0.16778575515528044,0.3951117424538837,0.3769658201435748,96562.0,16.0,0.016202251270946634,1850.2971733000013
NIST_GROUND,LAST_VALUE_PERSISTENCE,42,48,daylight,supplementary_daily_matched,12574,410266,71.56105677996585,52.5562417831358,-13.350467972973632,-0.17470235820476177,0.27738305887428893,0.0,-0.029998800743665344,,,,
NIST_GROUND,DAILY_PERSISTENCE,42,48,daylight,supplementary_daily_matched,12574,410266,69.47683504902952,49.176589456108964,-2.051896255112537,-0.10727221574493395,0.26930425421273957,0.029125083176801736,0.0,,,,
NIST_GROUND,DISCRETE_RECURRENT_TRAJECTORY,42,96,full,primary,23037,2211552,40.0008314519134,22.70526763630018,7.600675435116545,0.518679691776595,0.1550501555582519,0.42490793825209683,,96562.0,16.0,0.016202251270946634,1850.2971733000013
NIST_GROUND,LAST_VALUE_PERSISTENCE,42,96,full,primary,23037,2211552,69.55552704090033,38.509740673246675,0.6408277503762061,-0.45532315873327467,0.269609278011943,0.0,,,,,
NIST_GROUND,DISCRETE_RECURRENT_TRAJECTORY,42,96,full,supplementary_daily_matched,23037,2194678,40.00069182451242,22.7055700290207,7.658360191882886,0.5182749097726327,0.15504961433824582,0.4251694109323646,0.04376258704391511,96562.0,16.0,0.016202251270946634,1850.2971733000013
NIST_GROUND,LAST_VALUE_PERSISTENCE,42,96,full,supplementary_daily_matched,23037,2194678,69.58692279997278,38.5401040340314,0.7255639600889059,-0.4578724380935866,0.2697309734155474,0.0,-0.6635117043911742,,,,
NIST_GROUND,DAILY_PERSISTENCE,42,96,full,supplementary_daily_matched,23037,2194678,41.83133945873905,18.093647415611755,0.15062724117159765,0.47317326793944237,0.16214552185207845,0.39886205948518516,0.0,,,,
NIST_GROUND,DISCRETE_RECURRENT_TRAJECTORY,42,96,daylight,primary,15700,775182,55.019507864894244,42.223793392650094,0.614173061892086,0.29806280037641386,0.21326514833686677,0.39970011447456666,,96562.0,16.0,0.016202251270946634,1850.2971733000013
NIST_GROUND,LAST_VALUE_PERSISTENCE,42,96,daylight,primary,15700,775182,91.6533705761688,69.70016427084217,-38.190626759909286,-0.9478779332537326,0.35526434950124813,0.0,,,,,
NIST_GROUND,DISCRETE_RECURRENT_TRAJECTORY,42,96,daylight,supplementary_daily_matched,15697,769372,54.98674143150346,42.19896994554116,0.7537359549395983,0.29730449317442564,0.21313813996204242,0.3995944660573527,0.21116318303057247,96562.0,16.0,0.016202251270946634,1850.2971733000013
NIST_GROUND,LAST_VALUE_PERSISTENCE,42,96,daylight,supplementary_daily_matched,15697,769372,91.58266925093994,69.66236302100934,-38.058582687958506,-0.9492960538659498,0.3549902989108726,0.0,-0.3138400170788229,,,,
NIST_GROUND,DAILY_PERSISTENCE,42,96,daylight,supplementary_daily_matched,15697,769372,69.70610429005185,49.536553220288766,-1.5780294341358925,-0.1292571072254156,0.27019294152735124,0.23887232311328999,0.0,,,,
NIST_GROUND,DISCRETE_RECURRENT_TRAJECTORY,42,144,full,primary,21885,3151440,44.184961930608466,25.37925660683275,11.880439650459287,0.40727930730186745,0.1712685704773913,0.4379376895379896,,96562.0,16.0,0.016202251270946634,1850.2971733000013
NIST_GROUND,LAST_VALUE_PERSISTENCE,42,144,full,primary,21885,3151440,78.61221275322447,47.13429599465642,1.9142431836239953,-0.8762087658989923,0.3047145615165159,0.0,,,,,
NIST_GROUND,DISCRETE_RECURRENT_TRAJECTORY,42,144,full,supplementary_daily_matched,21885,3128676,44.181739842141134,25.368168798027327,11.935276724468643,0.4064929902671366,0.17125608110404708,0.438307862839565,-0.05447112001223853,96562.0,16.0,0.016202251270946634,1850.2971733000013
NIST_GROUND,LAST_VALUE_PERSISTENCE,42,144,full,supplementary_daily_matched,21885,3128676,78.65828435038533,47.185036324438855,2.0247203606253907,-0.881174849298529,0.30489314301213294,0.0,-0.8773115204050863,,,,
NIST_GROUND,DAILY_PERSISTENCE,42,144,full,supplementary_daily_matched,21885,3128676,41.89943091246382,18.206531310177212,0.3898566509923041,0.4662271582648605,0.1624094561281673,0.46732335623007315,0.0,,,,
NIST_GROUND,DISCRETE_RECURRENT_TRAJECTORY,42,144,daylight,primary,18602,1106213,61.18402519079608,47.798687667167165,10.746216847415097,0.12489999506877658,0.2371598859118003,0.37206679574619894,,96562.0,16.0,0.016202251270946634,1850.2971733000013
NIST_GROUND,LAST_VALUE_PERSISTENCE,42,144,daylight,primary,18602,1106213,97.43715537945405,75.3373854348123,-53.31496928566201,-1.219375508519975,0.37768330183084864,0.0,,,,,
NIST_GROUND,DISCRETE_RECURRENT_TRAJECTORY,42,144,daylight,supplementary_daily_matched,18599,1098178,61.14641393160606,47.7498016227918,10.87854494706577,0.12381818418338275,0.23701409815248425,0.37188404389786556,0.12332032710736684,96562.0,16.0,0.016202251270946634,1850.2971733000013
NIST_GROUND,LAST_VALUE_PERSISTENCE,42,144,daylight,supplementary_daily_matched,18599,1098178,97.34892632096005,75.28520905445198,-53.201858279623146,-1.2208262579115088,0.37734131070847166,0.0,-0.39572902801737,,,,
NIST_GROUND,DAILY_PERSISTENCE,42,144,daylight,supplementary_daily_matched,18599,1098178,69.74772636150155,49.74280832087332,-0.9477472069190971,-0.14001971475191866,0.27035427589013045,0.28352855036589886,0.0,,,,
NIST_GROUND,DISCRETE_RECURRENT_TRAJECTORY,43,12,full,primary,25219,302628,16.956992879474804,8.575925714466162,-0.5099643247906928,0.9169704129311379,0.06572824334722607,0.21914374317267626,,96562.0,11.0,0.016805173677380145,1404.9240785000002
NIST_GROUND,LAST_VALUE_PERSISTENCE,43,12,full,primary,25219,302628,21.715895507288767,9.17545774482203,0.0012131329553114864,0.8638270992313206,0.08417457473451612,0.0,,,,,
NIST_GROUND,DISCRETE_RECURRENT_TRAJECTORY,43,12,full,supplementary_daily_matched,25219,300173,16.945149865445785,8.572093737770041,-0.49086838060360527,0.917090110610653,0.06568233777224608,0.21907186762262776,0.5972552207348795,96562.0,11.0,0.016805173677380145,1404.9240785000002
NIST_GROUND,LAST_VALUE_PERSISTENCE,43,12,full,supplementary_daily_matched,25219,300173,21.698731500246794,9.169680121130149,0.018720891619166288,0.864048438781545,0.08410804406839582,0.0,0.4842742083845176,,,,
NIST_GROUND,DAILY_PERSISTENCE,43,12,full,supplementary_daily_matched,25219,300173,42.074163931721785,18.269654079480834,-0.09219182271556768,0.4888521988223711,0.16308675159512975,-0.9390149111363144,0.0,,,,
NIST_GROUND,DISCRETE_RECURRENT_TRAJECTORY,43,12,daylight,primary,10161,109258,27.724763638656388,19.03274602316306,1.0391496819728572,0.8244458965981877,0.10746598905468036,0.22148321071862875,,96562.0,11.0,0.016805173677380145,1404.9240785000002
NIST_GROUND,LAST_VALUE_PERSISTENCE,43,12,daylight,primary,10161,109258,35.61228739106372,24.143453156748244,-1.1528280675099303,0.7103490085723868,0.13803939816619681,0.0,,,,,
NIST_GROUND,DISCRETE_RECURRENT_TRAJECTORY,43,12,daylight,supplementary_daily_matched,10158,108291,27.716654830949082,19.03542445786295,1.1023742251499464,0.824323185041757,0.10743455791060723,0.22137494863114937,0.5994570346095305,96562.0,11.0,0.016805173677380145,1404.9240785000002
NIST_GROUND,LAST_VALUE_PERSISTENCE,43,12,daylight,supplementary_daily_matched,10158,108291,35.596921499279034,24.149445410975986,-1.100877345301087,0.7102271421657527,0.1379798373064589,0.0,0.4855765754180389,,,,
NIST_GROUND,DAILY_PERSISTENCE,43,12,daylight,supplementary_daily_matched,10158,108291,69.19770717713014,48.748959291169164,-2.082994167567018,-0.09500532589188682,0.2682223062034671,-0.9439239198966023,0.0,,,,
NIST_GROUND,DISCRETE_RECURRENT_TRAJECTORY,43,48,full,primary,24240,1163520,27.383476849254663,14.685796069388225,-0.2112843682090244,0.7805718326865528,0.10614310230793043,0.4347143462790908,,96562.0,11.0,0.016805173677380145,1404.9240785000002
NIST_GROUND,LAST_VALUE_PERSISTENCE,43,48,full,primary,24240,1163520,48.44183939395415,23.70166353822883,0.15453857260726064,0.31331675875165477,0.1877689653173739,0.0,,,,,
NIST_GROUND,DISCRETE_RECURRENT_TRAJECTORY,43,48,full,supplementary_daily_matched,24240,1154170,27.38606289152308,14.691352635556477,-0.16204136142568734,0.7804747912061769,0.10615312625596961,0.4342295343487992,0.34724877770108864,96562.0,11.0,0.016805173677380145,1404.9240785000002
NIST_GROUND,LAST_VALUE_PERSISTENCE,43,48,full,supplementary_daily_matched,24240,1154170,48.40490013914348,23.679790803434518,0.20523641127390266,0.31418993661091454,0.1876257823635024,0.0,-0.15373859529340383,,,,
NIST_GROUND,DAILY_PERSISTENCE,43,48,full,supplementary_daily_matched,24240,1154170,41.9548243740895,18.18129146347592,-0.05232471992860721,0.4847843916219362,0.16262417078609376,0.13325253737767784,0.0,,,,
NIST_GROUND,DISCRETE_RECURRENT_TRAJECTORY,43,48,daylight,primary,12577,413664,44.0808999852846,32.15189132966404,-6.385805183345487,0.5551516466511812,0.1708652083415428,0.3847196026932178,,96562.0,11.0,0.016805173677380145,1404.9240785000002
NIST_GROUND,LAST_VALUE_PERSISTENCE,43,48,daylight,primary,12577,413664,71.64359563255454,52.609455522356306,-13.489592901485263,-0.17507565777016598,0.27770299377236374,0.0,,,,,
NIST_GROUND,DISCRETE_RECURRENT_TRAJECTORY,43,48,daylight,supplementary_daily_matched,12574,410266,44.08351171225319,32.16037133294968,-6.261070138152691,0.5542137011206167,0.1708753318479315,0.38397343896415514,0.3654933809068355,96562.0,11.0,0.016805173677380145,1404.9240785000002
NIST_GROUND,LAST_VALUE_PERSISTENCE,43,48,daylight,supplementary_daily_matched,12574,410266,71.56105677996585,52.5562417831358,-13.350467972973632,-0.17470235820476177,0.27738305887428893,0.0,-0.029998800743665344,,,,
NIST_GROUND,DAILY_PERSISTENCE,43,48,daylight,supplementary_daily_matched,12574,410266,69.47683504902952,49.176589456108964,-2.051896255112537,-0.10727221574493395,0.26930425421273957,0.029125083176801736,0.0,,,,
NIST_GROUND,DISCRETE_RECURRENT_TRAJECTORY,43,96,full,primary,23037,2211552,38.52378113677408,21.744920252718256,4.732702599157851,0.5535693922435836,0.1493248525378628,0.446143494619469,,96562.0,11.0,0.016805173677380145,1404.9240785000002
NIST_GROUND,LAST_VALUE_PERSISTENCE,43,96,full,primary,23037,2211552,69.55552704090033,38.509740673246675,0.6408277503762061,-0.45532315873327467,0.269609278011943,0.0,,,,,
NIST_GROUND,DISCRETE_RECURRENT_TRAJECTORY,43,96,full,supplementary_daily_matched,23037,2194678,38.52189878900318,21.75081136958272,4.78343910104726,0.5532344954847086,0.14931755623165865,0.4464204301757363,0.07911390628550596,96562.0,11.0,0.016805173677380145,1404.9240785000002
NIST_GROUND,LAST_VALUE_PERSISTENCE,43,96,full,supplementary_daily_matched,23037,2194678,69.58692279997278,38.5401040340314,0.7255639600889059,-0.4578724380935866,0.2697309734155474,0.0,-0.6635117043911742,,,,
NIST_GROUND,DAILY_PERSISTENCE,43,96,full,supplementary_daily_matched,23037,2194678,41.83133945873905,18.093647415611755,0.15062724117159765,0.47317326793944237,0.16214552185207845,0.39886205948518516,0.0,,,,
NIST_GROUND,DISCRETE_RECURRENT_TRAJECTORY,43,96,daylight,primary,15700,775182,55.89940659544293,42.559190021244525,-4.065830283045079,0.2754318309653693,0.21667578831846537,0.39009982672718435,,96562.0,11.0,0.016805173677380145,1404.9240785000002
NIST_GROUND,LAST_VALUE_PERSISTENCE,43,96,daylight,primary,15700,775182,91.6533705761688,69.70016427084217,-38.190626759909286,-0.9478779332537326,0.35526434950124813,0.0,,,,,
NIST_GROUND,DISCRETE_RECURRENT_TRAJECTORY,43,96,daylight,supplementary_daily_matched,15697,769372,55.87189286409433,42.54351081929891,-3.9528002637257535,0.2744990608406207,0.21656914032714256,0.38992941217946764,0.19846484847858414,96562.0,11.0,0.016805173677380145,1404.9240785000002
NIST_GROUND,LAST_VALUE_PERSISTENCE,43,96,daylight,supplementary_daily_matched,15697,769372,91.58266925093994,69.66236302100934,-38.058582687958506,-0.9492960538659498,0.3549902989108726,0.0,-0.3138400170788229,,,,
NIST_GROUND,DAILY_PERSISTENCE,43,96,daylight,supplementary_daily_matched,15697,769372,69.70610429005185,49.536553220288766,-1.5780294341358925,-0.1292571072254156,0.27019294152735124,0.23887232311328999,0.0,,,,
NIST_GROUND,DISCRETE_RECURRENT_TRAJECTORY,43,144,full,primary,21885,3151440,43.258422582420124,24.992096187843877,10.503441195198723,0.4318768625880759,0.16767714337817854,0.449723890634973,,96562.0,11.0,0.016805173677380145,1404.9240785000002
NIST_GROUND,LAST_VALUE_PERSISTENCE,43,144,full,primary,21885,3151440,78.61221275322447,47.13429599465642,1.9142431836239953,-0.8762087658989923,0.3047145615165159,0.0,,,,,
NIST_GROUND,DISCRETE_RECURRENT_TRAJECTORY,43,144,full,supplementary_daily_matched,21885,3128676,43.25968129954159,24.991720349472047,10.552768015404558,0.43100708881914196,0.16768202238389926,0.4500301950797676,-0.03246465065169035,96562.0,11.0,0.016805173677380145,1404.9240785000002
NIST_GROUND,LAST_VALUE_PERSISTENCE,43,144,full,supplementary_daily_matched,21885,3128676,78.65828435038533,47.185036324438855,2.0247203606253907,-0.881174849298529,0.30489314301213294,0.0,-0.8773115204050863,,,,
NIST_GROUND,DAILY_PERSISTENCE,43,144,full,supplementary_daily_matched,21885,3128676,41.89943091246382,18.206531310177212,0.3898566509923041,0.4662271582648605,0.1624094561281673,0.46732335623007315,0.0,,,,
NIST_GROUND,DISCRETE_RECURRENT_TRAJECTORY,43,144,daylight,primary,18602,1106213,60.89323575415618,47.88501986033292,8.004697678199857,0.13319840717873122,0.2360327356564384,0.37505117511880537,,96562.0,11.0,0.016805173677380145,1404.9240785000002
NIST_GROUND,LAST_VALUE_PERSISTENCE,43,144,daylight,primary,18602,1106213,97.43715537945405,75.3373854348123,-53.31496928566201,-1.219375508519975,0.37768330183084864,0.0,,,,,
NIST_GROUND,DISCRETE_RECURRENT_TRAJECTORY,43,144,daylight,supplementary_daily_matched,18599,1098178,60.859095215029896,47.84834877320031,8.103299543255684,0.13203295801912718,0.23590040100962645,0.37483547569516007,0.12743972614106436,96562.0,11.0,0.016805173677380145,1404.9240785000002
NIST_GROUND,LAST_VALUE_PERSISTENCE,43,144,daylight,supplementary_daily_matched,18599,1098178,97.34892632096005,75.28520905445198,-53.201858279623146,-1.2208262579115088,0.37734131070847166,0.0,-0.39572902801737,,,,
NIST_GROUND,DAILY_PERSISTENCE,43,144,daylight,supplementary_daily_matched,18599,1098178,69.74772636150155,49.74280832087332,-0.9477472069190971,-0.14001971475191866,0.27035427589013045,0.28352855036589886,0.0,,,,
NIST_GROUND,DISCRETE_RECURRENT_TRAJECTORY,44,12,full,primary,25219,302628,17.123701125830767,8.059221055099469,0.33198434673949045,0.9153298204550198,0.06637443340358548,0.2114669588420458,,96562.0,15.0,0.01608479849058574,2360.1536416000017
NIST_GROUND,LAST_VALUE_PERSISTENCE,44,12,full,primary,25219,302628,21.715895507288767,9.17545774482203,0.0012131329553114864,0.8638270992313206,0.08417457473451612,0.0,,,,,
NIST_GROUND,DISCRETE_RECURRENT_TRAJECTORY,44,12,full,supplementary_daily_matched,25219,300173,17.101946669432465,8.057504283543127,0.36365598609959954,0.9155486487075913,0.06629010936015411,0.21184578604339366,0.593528544092151,96562.0,15.0,0.01608479849058574,2360.1536416000017
NIST_GROUND,LAST_VALUE_PERSISTENCE,44,12,full,supplementary_daily_matched,25219,300173,21.698731500246794,9.169680121130149,0.018720891619166288,0.864048438781545,0.08410804406839582,0.0,0.4842742083845176,,,,
NIST_GROUND,DAILY_PERSISTENCE,44,12,full,supplementary_daily_matched,25219,300173,42.074163931721785,18.269654079480834,-0.09219182271556768,0.4888521988223711,0.16308675159512975,-0.9390149111363144,0.0,,,,
NIST_GROUND,DISCRETE_RECURRENT_TRAJECTORY,44,12,daylight,primary,10161,109258,28.213461325299356,19.122567393419523,0.001025961735377812,0.8182024522517757,0.10936026598804958,0.20776048402948044,,96562.0,15.0,0.01608479849058574,2360.1536416000017
NIST_GROUND,LAST_VALUE_PERSISTENCE,44,12,daylight,primary,10161,109258,35.61228739106372,24.143453156748244,-1.1528280675099303,0.7103490085723868,0.13803939816619681,0.0,,,,,
NIST_GROUND,DISCRETE_RECURRENT_TRAJECTORY,44,12,daylight,supplementary_daily_matched,10158,108291,28.187975814010937,19.126787627082717,0.09392416113182626,0.8182976255375004,0.10926147972920641,0.20813445020570542,0.5926458120663416,96562.0,15.0,0.01608479849058574,2360.1536416000017
NIST_GROUND,LAST_VALUE_PERSISTENCE,44,12,daylight,supplementary_daily_matched,10158,108291,35.596921499279034,24.149445410975986,-1.100877345301087,0.7102271421657527,0.1379798373064589,0.0,0.4855765754180389,,,,
NIST_GROUND,DAILY_PERSISTENCE,44,12,daylight,supplementary_daily_matched,10158,108291,69.19770717713014,48.748959291169164,-2.082994167567018,-0.09500532589188682,0.2682223062034671,-0.9439239198966023,0.0,,,,
NIST_GROUND,DISCRETE_RECURRENT_TRAJECTORY,44,48,full,primary,24240,1163520,27.851012587264357,15.204986883976797,2.0614035902525587,0.7730149904605759,0.1079553518606576,0.4250628602112838,,96562.0,15.0,0.01608479849058574,2360.1536416000017
NIST_GROUND,LAST_VALUE_PERSISTENCE,44,48,full,primary,24240,1163520,48.44183939395415,23.70166353822883,0.15453857260726064,0.31331675875165477,0.1877689653173739,0.0,,,,,
NIST_GROUND,DISCRETE_RECURRENT_TRAJECTORY,44,48,full,supplementary_daily_matched,24240,1154170,27.835478943735787,15.209002365950797,2.1210850871809637,0.7732106829905577,0.10789514076608607,0.4249450187125552,0.3365368736729488,96562.0,15.0,0.01608479849058574,2360.1536416000017
NIST_GROUND,LAST_VALUE_PERSISTENCE,44,48,full,supplementary_daily_matched,24240,1154170,48.40490013914348,23.679790803434518,0.20523641127390266,0.31418993661091454,0.1876257823635024,0.0,-0.15373859529340383,,,,
NIST_GROUND,DAILY_PERSISTENCE,44,48,full,supplementary_daily_matched,24240,1154170,41.9548243740895,18.18129146347592,-0.05232471992860721,0.4847843916219362,0.16262417078609376,0.13325253737767784,0.0,,,,
NIST_GROUND,DISCRETE_RECURRENT_TRAJECTORY,44,48,daylight,primary,12577,413664,43.18851540062035,31.255428259726912,-4.205033295422125,0.5729805736993462,0.16740617102537325,0.39717549043566314,,96562.0,15.0,0.01608479849058574,2360.1536416000017
NIST_GROUND,LAST_VALUE_PERSISTENCE,44,48,daylight,primary,12577,413664,71.64359563255454,52.609455522356306,-13.489592901485263,-0.17507565777016598,0.27770299377236374,0.0,,,,,
NIST_GROUND,DISCRETE_RECURRENT_TRAJECTORY,44,48,daylight,supplementary_daily_matched,12574,410266,43.15006514955406,31.249339236060074,-4.052924973461887,0.5728924374212532,0.16725713118813262,0.3970174967897582,0.3789287448240376,96562.0,15.0,0.01608479849058574,2360.1536416000017
NIST_GROUND,LAST_VALUE_PERSISTENCE,44,48,daylight,supplementary_daily_matched,12574,410266,71.56105677996585,52.5562417831358,-13.350467972973632,-0.17470235820476177,0.27738305887428893,0.0,-0.029998800743665344,,,,
NIST_GROUND,DAILY_PERSISTENCE,44,48,daylight,supplementary_daily_matched,12574,410266,69.47683504902952,49.176589456108964,-2.051896255112537,-0.10727221574493395,0.26930425421273957,0.029125083176801736,0.0,,,,
NIST_GROUND,DISCRETE_RECURRENT_TRAJECTORY,44,96,full,primary,23037,2211552,41.01699780882347,23.13888505783927,8.941369231835212,0.49391450749560395,0.1589889924772138,0.41029851179612964,,96562.0,15.0,0.01608479849058574,2360.1536416000017
NIST_GROUND,LAST_VALUE_PERSISTENCE,44,96,full,primary,23037,2211552,69.55552704090033,38.509740673246675,0.6408277503762061,-0.45532315873327467,0.269609278011943,0.0,,,,,
NIST_GROUND,DISCRETE_RECURRENT_TRAJECTORY,44,96,full,supplementary_daily_matched,23037,2194678,41.02620254266306,23.150963137322712,9.018093337034356,0.4932580002068684,0.159024671620919,0.4104322925646152,0.019247218150165946,96562.0,15.0,0.01608479849058574,2360.1536416000017
NIST_GROUND,LAST_VALUE_PERSISTENCE,44,96,full,supplementary_daily_matched,23037,2194678,69.58692279997278,38.5401040340314,0.7255639600889059,-0.4578724380935866,0.2697309734155474,0.0,-0.6635117043911742,,,,
NIST_GROUND,DAILY_PERSISTENCE,44,96,full,supplementary_daily_matched,23037,2194678,41.83133945873905,18.093647415611755,0.15062724117159765,0.47317326793944237,0.16214552185207845,0.39886205948518516,0.0,,,,
NIST_GROUND,DISCRETE_RECURRENT_TRAJECTORY,44,96,daylight,primary,15700,775182,55.591669431767244,42.194221409807305,2.68561094323824,0.28338765024892354,0.21548294573577229,0.39345744643872504,,96562.0,15.0,0.01608479849058574,2360.1536416000017
NIST_GROUND,LAST_VALUE_PERSISTENCE,44,96,daylight,primary,15700,775182,91.6533705761688,69.70016427084217,-38.190626759909286,-0.9478779332537326,0.35526434950124813,0.0,,,,,
NIST_GROUND,DISCRETE_RECURRENT_TRAJECTORY,44,96,daylight,supplementary_daily_matched,15697,769372,55.54907558397423,42.16872781071559,2.855023419015004,0.2828584570925169,0.21531784459946038,0.3934542852014099,0.20309596770993343,96562.0,15.0,0.01608479849058574,2360.1536416000017
NIST_GROUND,LAST_VALUE_PERSISTENCE,44,96,daylight,supplementary_daily_matched,15697,769372,91.58266925093994,69.66236302100934,-38.058582687958506,-0.9492960538659498,0.3549902989108726,0.0,-0.3138400170788229,,,,
NIST_GROUND,DAILY_PERSISTENCE,44,96,daylight,supplementary_daily_matched,15697,769372,69.70610429005185,49.536553220288766,-1.5780294341358925,-0.1292571072254156,0.27019294152735124,0.23887232311328999,0.0,,,,
NIST_GROUND,DISCRETE_RECURRENT_TRAJECTORY,44,144,full,primary,21885,3151440,45.70520865991293,26.085837497311363,13.637299501410613,0.3657908390166915,0.1771613102857861,0.41859913289314943,,96562.0,15.0,0.01608479849058574,2360.1536416000017
NIST_GROUND,LAST_VALUE_PERSISTENCE,44,144,full,primary,21885,3151440,78.61221275322447,47.13429599465642,1.9142431836239953,-0.8762087658989923,0.3047145615165159,0.0,,,,,
NIST_GROUND,DISCRETE_RECURRENT_TRAJECTORY,44,144,full,supplementary_daily_matched,21885,3128676,45.72299196084386,26.093412422815007,13.716791169078027,0.36436250504506573,0.17723024144235458,0.41871358702448136,-0.09125567973388993,96562.0,15.0,0.01608479849058574,2360.1536416000017
NIST_GROUND,LAST_VALUE_PERSISTENCE,44,144,full,supplementary_daily_matched,21885,3128676,78.65828435038533,47.185036324438855,2.0247203606253907,-0.881174849298529,0.30489314301213294,0.0,-0.8773115204050863,,,,
NIST_GROUND,DAILY_PERSISTENCE,44,144,full,supplementary_daily_matched,21885,3128676,41.89943091246382,18.206531310177212,0.3898566509923041,0.4662271582648605,0.1624094561281673,0.46732335623007315,0.0,,,,
NIST_GROUND,DISCRETE_RECURRENT_TRAJECTORY,44,144,daylight,primary,18602,1106213,62.35518922514385,48.49347637501447,13.849401469557877,0.09107761554234906,0.241699520692346,0.36004710952088925,,96562.0,15.0,0.01608479849058574,2360.1536416000017
NIST_GROUND,LAST_VALUE_PERSISTENCE,44,144,daylight,primary,18602,1106213,97.43715537945405,75.3373854348123,-53.31496928566201,-1.219375508519975,0.37768330183084864,0.0,,,,,
NIST_GROUND,DISCRETE_RECURRENT_TRAJECTORY,44,144,daylight,supplementary_daily_matched,18599,1098178,62.32996963786117,48.458294484019746,14.0215211383862,0.0895710010158205,0.24160176520103838,0.3597261727123846,0.10635123337489516,96562.0,15.0,0.01608479849058574,2360.1536416000017
NIST_GROUND,LAST_VALUE_PERSISTENCE,44,144,daylight,supplementary_daily_matched,18599,1098178,97.34892632096005,75.28520905445198,-53.201858279623146,-1.2208262579115088,0.37734131070847166,0.0,-0.39572902801737,,,,
NIST_GROUND,DAILY_PERSISTENCE,44,144,daylight,supplementary_daily_matched,18599,1098178,69.74772636150155,49.74280832087332,-0.9477472069190971,-0.14001971475191866,0.27035427589013045,0.28352855036589886,0.0,,,,
NIST_GROUND,INVERTED_VARIATE_TRAJECTORY,42,12,full,primary,25219,302628,17.91023362958055,10.628409482823004,-3.2606491811697764,0.9073729773613526,0.06942316970809527,0.1752477523402559,,102800.0,19.0,0.01790063737468159,171.111678199999
NIST_GROUND,INVERTED_VARIATE_TRAJECTORY,42,12,full,supplementary_daily_matched,25219,300173,17.879795612231767,10.617070202938654,-3.253815979010993,0.9076917309146498,0.06930518667740534,0.1759981171236481,0.5750409766609454,102800.0,19.0,0.01790063737468159,171.111678199999
NIST_GROUND,INVERTED_VARIATE_TRAJECTORY,42,12,daylight,primary,10161,109258,28.4152336023716,20.02701811434663,-2.0228432412342072,0.8155928559481617,0.11014237030468117,0.2020946789982968,,102800.0,19.0,0.01790063737468159,171.111678199999
NIST_GROUND,INVERTED_VARIATE_TRAJECTORY,42,12,daylight,supplementary_daily_matched,10158,108291,28.378996498157893,20.007122155168005,-1.9646193640300567,0.8158266061512702,0.11000190900821862,0.2027682366090936,0.5898853060909341,102800.0,19.0,0.01790063737468159,171.111678199999
NIST_GROUND,INVERTED_VARIATE_TRAJECTORY,42,48,full,primary,24240,1163520,28.593751303513177,17.70270017881454,1.7309886081436214,0.7607469578738764,0.11083433585457673,0.40973027322571365,,102800.0,19.0,0.01790063737468159,171.111678199999
NIST_GROUND,INVERTED_VARIATE_TRAJECTORY,42,48,full,supplementary_daily_matched,24240,1154170,28.591070560691303,17.70451772338881,1.7750330637119462,0.7607312221859944,0.11082394483077908,0.40933520204557494,0.31852722571879943,102800.0,19.0,0.01790063737468159,171.111678199999
NIST_GROUND,INVERTED_VARIATE_TRAJECTORY,42,48,daylight,primary,12577,413664,43.39459778645726,32.355170442451445,-3.210906325260667,0.5688956386783058,0.16820498207059464,0.3942989962561434,,102800.0,19.0,0.01790063737468159,171.111678199999
NIST_GROUND,INVERTED_VARIATE_TRAJECTORY,42,48,daylight,supplementary_daily_matched,12574,410266,43.38683693239367,32.358903952703756,-3.079812397081982,0.5681923532232864,0.1681748996551511,0.3937088287307099,0.375520820691159,102800.0,19.0,0.01790063737468159,171.111678199999
NIST_GROUND,INVERTED_VARIATE_TRAJECTORY,42,96,full,primary,23037,2211552,40.81280020569047,25.956809303747207,9.023789418305713,0.49894092163218895,0.15819748717641888,0.41323426128750973,,102800.0,19.0,0.01790063737468159,171.111678199999
NIST_GROUND,INVERTED_VARIATE_TRAJECTORY,42,96,full,supplementary_daily_matched,23037,2194678,40.81449222812302,25.968008901091505,9.102065368275925,0.49847445666194123,0.15820404574862482,0.4134746790651449,0.024308263703078703,102800.0,19.0,0.01790063737468159,171.111678199999
NIST_GROUND,INVERTED_VARIATE_TRAJECTORY,42,96,daylight,primary,15700,775182,54.94876254411354,42.87578266279666,4.479157097709626,0.29986677311618826,0.21299092721210708,0.4004719935700759,,102800.0,19.0,0.01790063737468159,171.111678199999
NIST_GROUND,INVERTED_VARIATE_TRAJECTORY,42,96,daylight,supplementary_daily_matched,15697,769372,54.89496054542259,42.84750736498627,4.661434115935873,0.2996483378768806,0.21278238134034427,0.40059663040603954,0.21247986665556695,102800.0,19.0,0.01790063737468159,171.111678199999
NIST_GROUND,INVERTED_VARIATE_TRAJECTORY,42,144,full,primary,21885,3151440,44.55758371216987,28.9811388332532,12.934743488314425,0.39724005798862183,0.17271291708465977,0.43319769089768767,,102800.0,19.0,0.01790063737468159,171.111678199999
NIST_GROUND,INVERTED_VARIATE_TRAJECTORY,42,144,full,supplementary_daily_matched,21885,3128676,44.55344746461035,28.9786877048403,13.007370178750634,0.39646445370906214,0.1726968842722343,0.43358226240803976,-0.06334254414317209,102800.0,19.0,0.01790063737468159,171.111678199999
NIST_GROUND,INVERTED_VARIATE_TRAJECTORY,42,144,daylight,primary,18602,1106213,59.77899046287608,47.86932182074001,13.490894953540359,0.16463024163509155,0.23171372778904656,0.3864867028386043,,102800.0,19.0,0.01790063737468159,171.111678199999
NIST_GROUND,INVERTED_VARIATE_TRAJECTORY,42,144,daylight,supplementary_daily_matched,18599,1098178,59.716975144840326,47.815464882784134,13.674668125093415,0.164304903036957,0.23147334566798997,0.38656770647933936,0.14381474120994242,102800.0,19.0,0.01790063737468159,171.111678199999
NIST_GROUND,INVERTED_VARIATE_TRAJECTORY,43,12,full,primary,25219,302628,17.862350356173533,10.220621080315636,-1.3505239728522596,0.9078675947115824,0.06923756584135261,0.17745273962208108,,102800.0,16.0,0.018544318345249836,150.31801670000277
NIST_GROUND,INVERTED_VARIATE_TRAJECTORY,43,12,full,supplementary_daily_matched,25219,300173,17.81954983040901,10.197666811409599,-1.3560928416625373,0.9083127463652907,0.06907166358540222,0.17877458273510893,0.5764728715863092,102800.0,16.0,0.018544318345249836,150.31801670000277
NIST_GROUND,INVERTED_VARIATE_TRAJECTORY,43,12,daylight,primary,10161,109258,28.491886458029253,20.458166177715903,-1.644597202756543,0.8145966016070888,0.11043949005850406,0.19994225180888558,,102800.0,16.0,0.018544318345249836,150.31801670000277
NIST_GROUND,INVERTED_VARIATE_TRAJECTORY,43,12,daylight,supplementary_daily_matched,10158,108291,28.44599606771855,20.431243854194832,-1.618975664163291,0.8149559549121903,0.11026161095204456,0.2008860634677444,0.5889170721379051,102800.0,16.0,0.018544318345249836,150.31801670000277
NIST_GROUND,INVERTED_VARIATE_TRAJECTORY,43,48,full,primary,24240,1163520,28.694531945007448,16.89146525298237,-1.873514310685599,0.759057458154771,0.11122497908807381,0.4076498270090728,,102800.0,16.0,0.018544318345249836,150.31801670000277
NIST_GROUND,INVERTED_VARIATE_TRAJECTORY,43,48,full,supplementary_daily_matched,24240,1154170,28.670427115990442,16.873916479599313,-1.8449962367984085,0.7594011637957991,0.11113154459301126,0.40769576977588695,0.3166357494348909,102800.0,16.0,0.018544318345249836,150.31801670000277
NIST_GROUND,INVERTED_VARIATE_TRAJECTORY,43,48,daylight,primary,12577,413664,45.37453468153437,33.76509019238398,-8.202125812678444,0.5286587486632123,0.17587956063394958,0.3666630732180005,,102800.0,16.0,0.018544318345249836,150.31801670000277
NIST_GROUND,INVERTED_VARIATE_TRAJECTORY,43,48,daylight,supplementary_daily_matched,12574,410266,45.34183615846032,33.738582448379496,-8.101017729438704,0.5284013465566786,0.17575281549128294,0.36638951129695774,0.3473819564972589,102800.0,16.0,0.018544318345249836,150.31801670000277
NIST_GROUND,INVERTED_VARIATE_TRAJECTORY,43,96,full,primary,23037,2211552,39.38687621854306,24.47186593183087,5.1177331707519915,0.533341452120379,0.15267035866442208,0.4337347742993505,,102800.0,16.0,0.018544318345249836,150.31801670000277
NIST_GROUND,INVERTED_VARIATE_TRAJECTORY,43,96,full,supplementary_daily_matched,23037,2194678,39.3669965627271,24.468510886823097,5.1878064590588915,0.5334170914579962,0.15259330167298393,0.43427593894491767,0.05891140297916331,102800.0,16.0,0.018544318345249836,150.31801670000277
NIST_GROUND,INVERTED_VARIATE_TRAJECTORY,43,96,daylight,primary,15700,775182,55.57563187862997,43.115935165803734,-2.655408141652925,0.28380105934416056,0.21542078140022097,0.39363242694447687,,102800.0,16.0,0.018544318345249836,150.31801670000277
NIST_GROUND,INVERTED_VARIATE_TRAJECTORY,43,96,daylight,supplementary_daily_matched,15697,769372,55.49198128916871,43.06562880254606,-2.490707191031497,0.28433188031007206,0.21509653721734445,0.39407770331394676,0.20391503937355626,102800.0,16.0,0.018544318345249836,150.31801670000277
NIST_GROUND,INVERTED_VARIATE_TRAJECTORY,43,144,full,primary,21885,3151440,43.96480211371859,28.074271932196048,11.128901966516834,0.4131712746105718,0.17041519286954115,0.44073826986996667,,102800.0,16.0,0.018544318345249836,150.31801670000277
NIST_GROUND,INVERTED_VARIATE_TRAJECTORY,43,144,full,supplementary_daily_matched,21885,3128676,43.94857993547602,28.06136609689585,11.201123987906078,0.4127406798479245,0.1703523128950829,0.441272075809511,-0.04890636885482458,102800.0,16.0,0.018544318345249836,150.31801670000277
NIST_GROUND,INVERTED_VARIATE_TRAJECTORY,43,144,daylight,primary,18602,1106213,60.28411056972495,48.160081736490696,9.394264839039396,0.15045319366553078,0.23367166086942937,0.38130264235488265,,102800.0,16.0,0.018544318345249836,150.31801670000277
NIST_GROUND,INVERTED_VARIATE_TRAJECTORY,43,144,daylight,supplementary_daily_matched,18599,1098178,60.2037663371511,48.09143241823436,9.569509790726949,0.15062480314347293,0.23336023269889847,0.3815672281925443,0.13683542851109198,102800.0,16.0,0.018544318345249836,150.31801670000277
NIST_GROUND,INVERTED_VARIATE_TRAJECTORY,44,12,full,primary,25219,302628,17.694750055491102,9.931134212314362,-1.7442778353478232,0.9095884182345647,0.06858791802781504,0.18517060235660088,,102800.0,24.0,0.017946097149225963,179.37189560000115
NIST_GROUND,INVERTED_VARIATE_TRAJECTORY,44,12,full,supplementary_daily_matched,25219,300173,17.65595266098431,9.913932784356142,-1.730888469116838,0.9099885373447665,0.06843753260243295,0.18631406353023472,0.5803611762877452,102800.0,24.0,0.017946097149225963,179.37189560000115
NIST_GROUND,INVERTED_VARIATE_TRAJECTORY,44,12,daylight,primary,10161,109258,28.305942644708118,19.892546178070955,-0.7049252546016488,0.8170086651814642,0.10971873961072412,0.20516359047998134,,102800.0,24.0,0.017946097149225963,179.37189560000115
NIST_GROUND,INVERTED_VARIATE_TRAJECTORY,44,12,daylight,supplementary_daily_matched,10158,108291,28.26720283247938,19.87843952018832,-0.6527407902546504,0.817274780315431,0.1095685773842318,0.20590877969456167,0.5915008750200079,102800.0,24.0,0.017946097149225963,179.37189560000115
NIST_GROUND,INVERTED_VARIATE_TRAJECTORY,44,48,full,primary,24240,1163520,28.22467396147994,16.45092007903952,-0.24240502593862198,0.7668834725157399,0.10940372810923343,0.4173492519154307,,102800.0,24.0,0.017946097149225963,179.37189560000115
NIST_GROUND,INVERTED_VARIATE_TRAJECTORY,44,48,full,supplementary_daily_matched,24240,1154170,28.21736855800939,16.444975820412726,-0.20577825062449265,0.7669451110054163,0.10937541109922612,0.4170555361771955,0.32743447317501106,102800.0,24.0,0.017946097149225963,179.37189560000115
NIST_GROUND,INVERTED_VARIATE_TRAJECTORY,44,48,daylight,primary,12577,413664,44.53392696375918,32.780103022823575,-4.397475984110527,0.5459610958246524,0.17262121942768757,0.37839626039758456,,102800.0,24.0,0.017946097149225963,179.37189560000115
NIST_GROUND,INVERTED_VARIATE_TRAJECTORY,44,48,daylight,supplementary_daily_matched,12574,410266,44.530129698377216,32.782466692965286,-4.273675455560223,0.5451352629075603,0.17260650056893392,0.3777323630742717,0.35906508022490535,102800.0,24.0,0.017946097149225963,179.37189560000115
NIST_GROUND,INVERTED_VARIATE_TRAJECTORY,44,96,full,primary,23037,2211552,40.4469282328488,24.851383134549682,7.7546572721100135,0.5078842804960557,0.15677930399760917,0.4184944036285567,,102800.0,24.0,0.017946097149225963,179.37189560000115
NIST_GROUND,INVERTED_VARIATE_TRAJECTORY,44,96,full,supplementary_daily_matched,23037,2194678,40.44057937406747,24.851570500988043,7.828472713435171,0.5076215926148089,0.15675469472060335,0.4188479997841881,0.03324684561065472,102800.0,24.0,0.017946097149225963,179.37189560000115
NIST_GROUND,INVERTED_VARIATE_TRAJECTORY,44,96,daylight,primary,15700,775182,56.50124360437299,43.7549762590535,3.2993110600722444,0.25974581799410057,0.21900861287406231,0.3835333796325857,,102800.0,24.0,0.017946097149225963,179.37189560000115
NIST_GROUND,INVERTED_VARIATE_TRAJECTORY,44,96,daylight,supplementary_daily_matched,15697,769372,56.448851190656036,43.72656097860003,3.478637665428865,0.25943799780307597,0.2188055307979647,0.38362954855591647,0.19018783554782348,102800.0,24.0,0.017946097149225963,179.37189560000115
NIST_GROUND,INVERTED_VARIATE_TRAJECTORY,44,144,full,primary,21885,3151440,45.32946400451692,28.617943250690697,13.940865385488179,0.3761757018801135,0.17570485887828552,0.42337885658030117,,102800.0,24.0,0.017946097149225963,179.37189560000115
NIST_GROUND,INVERTED_VARIATE_TRAJECTORY,44,144,full,supplementary_daily_matched,21885,3128676,45.32584042685775,28.61020254473114,14.026020425583908,0.3753568877333836,0.17569081326324856,0.4237626614769191,-0.0817769940969455,102800.0,24.0,0.017946097149225963,179.37189560000115
NIST_GROUND,INVERTED_VARIATE_TRAJECTORY,44,144,daylight,primary,18602,1106213,61.767262804203995,49.19929752108162,14.900770975063132,0.10813666860452886,0.23942061598674966,0.3660810133089286,,102800.0,24.0,0.017946097149225963,179.37189560000115
NIST_GROUND,INVERTED_VARIATE_TRAJECTORY,44,144,daylight,supplementary_daily_matched,18599,1098178,61.712693781750815,49.14885479003376,15.08025527388126,0.10751431368572129,0.23920909699794568,0.36606703212849356,0.11520135492453565,102800.0,24.0,0.017946097149225963,179.37189560000115
NIST_GROUND,JOINT_PATCH_TRAJECTORY,42,12,full,primary,25219,302628,19.420744315145658,11.790194783581452,-2.175741384022899,0.8910902042460004,0.07527817092352798,0.10568991692618712,,140432.0,24.0,0.017497674639800283,179.4753552000002
NIST_GROUND,JOINT_PATCH_TRAJECTORY,42,12,full,supplementary_daily_matched,25219,300173,19.39398192998498,11.786708901265461,-2.1466805146429087,0.8913950848346153,0.07517443528025114,0.10621586659273607,0.5390524702651809,140432.0,24.0,0.017497674639800283,179.4753552000002
NIST_GROUND,JOINT_PATCH_TRAJECTORY,42,12,daylight,primary,10161,109258,30.787491959363166,23.307697211635176,-5.796270973573214,0.783516947385208,0.11933765485065556,0.1354812000340997,,140432.0,24.0,0.017497674639800283,179.4753552000002
NIST_GROUND,JOINT_PATCH_TRAJECTORY,42,12,daylight,supplementary_daily_matched,10158,108291,30.753219411302847,23.298495952075047,-5.714569949889127,0.7837211778338247,0.11920480851433582,0.1360708141032445,0.5555745895946853,140432.0,24.0,0.017497674639800283,179.4753552000002
NIST_GROUND,JOINT_PATCH_TRAJECTORY,42,48,full,primary,24240,1163520,29.045360593091296,18.055034449254553,1.1786371945484309,0.7531297581177447,0.11258485173284831,0.4004075618004641,,140432.0,24.0,0.017497674639800283,179.4753552000002
NIST_GROUND,JOINT_PATCH_TRAJECTORY,42,48,full,supplementary_daily_matched,24240,1154170,29.04454162392403,18.055688610505772,1.2110713409751097,0.7530811473045286,0.11258167726641416,0.39996691367127424,0.3077186698495302,140432.0,24.0,0.017497674639800283,179.4753552000002
NIST_GROUND,JOINT_PATCH_TRAJECTORY,42,48,daylight,primary,12577,413664,44.919998906615504,34.185524248608786,-6.981043162896427,0.5380546968119799,0.17411770119128567,0.3730074752668604,,140432.0,24.0,0.017497674639800283,179.4753552000002
NIST_GROUND,JOINT_PATCH_TRAJECTORY,42,48,daylight,supplementary_daily_matched,12574,410266,44.92361056834997,34.1994364743817,-6.862658332647613,0.5370611191640803,0.17413170061813324,0.3722338295467049,0.35340159728566267,140432.0,24.0,0.017497674639800283,179.4753552000002
NIST_GROUND,JOINT_PATCH_TRAJECTORY,42,96,full,primary,23037,2211552,41.14929273790516,25.64134181376177,9.13947882875088,0.4906446183650779,0.1595017905513824,0.4083965072436533,,140432.0,24.0,0.017497674639800283,179.4753552000002
NIST_GROUND,JOINT_PATCH_TRAJECTORY,42,96,full,supplementary_daily_matched,23037,2194678,41.14955920472933,25.640162690671623,9.189694233166561,0.49020609802845583,0.15950282342297628,0.40865959365650495,0.016298312768162848,140432.0,24.0,0.017497674639800283,179.4753552000002
NIST_GROUND,JOINT_PATCH_TRAJECTORY,42,96,daylight,primary,15700,775182,56.206938233246944,43.86500867296645,2.5555849913642934,0.2674374498243486,0.21786783424725856,0.3867444494413219,,140432.0,24.0,0.017497674639800283,179.4753552000002
NIST_GROUND,JOINT_PATCH_TRAJECTORY,42,96,daylight,supplementary_daily_matched,15697,769372,56.17257936103827,43.83973424659795,2.6996535434140982,0.2666691724803155,0.21773465330357827,0.38664618731385414,0.19415121626507292,140432.0,24.0,0.017497674639800283,179.4753552000002
NIST_GROUND,JOINT_PATCH_TRAJECTORY,42,144,full,primary,21885,3151440,46.73045559176482,29.178652508595356,15.299008877271934,0.33701889783667816,0.18113534508704654,0.4055573052184813,,140432.0,24.0,0.017497674639800283,179.4753552000002
NIST_GROUND,JOINT_PATCH_TRAJECTORY,42,144,full,supplementary_daily_matched,21885,3128676,46.73649047135221,29.17316373138896,15.358077725749489,0.3358710389574695,0.1811587373262785,0.40582875844121735,-0.11544451687169599,140432.0,24.0,0.017497674639800283,179.4753552000002
NIST_GROUND,JOINT_PATCH_TRAJECTORY,42,144,daylight,primary,18602,1106213,63.48915025592079,50.43619250763737,15.99960889438888,0.05771858570455435,0.2460949501831135,0.3484092386659685,,140432.0,24.0,0.017497674639800283,179.4753552000002
NIST_GROUND,JOINT_PATCH_TRAJECTORY,42,144,daylight,supplementary_daily_matched,18599,1098178,63.45689823685794,50.39255302032684,16.150494434744523,0.05635219982697237,0.2459699357673813,0.34814999368724286,0.090194024275979,140432.0,24.0,0.017497674639800283,179.4753552000002
NIST_GROUND,JOINT_PATCH_TRAJECTORY,43,12,full,primary,25219,302628,19.826525211474966,11.76932515319687,-4.000234608981177,0.8864914918733964,0.07685104800669712,0.0870040240882376,,140432.0,21.0,0.017588566654420653,178.5945259
NIST_GROUND,JOINT_PATCH_TRAJECTORY,43,12,full,supplementary_daily_matched,25219,300173,19.80672674905318,11.76841723796809,-3.986787156488602,0.8867232115343038,0.07677430573492704,0.08719425608690978,0.5292425351292622,140432.0,21.0,0.017588566654420653,178.5945259
NIST_GROUND,JOINT_PATCH_TRAJECTORY,43,12,daylight,primary,10161,109258,31.836090619488953,23.769788845072323,-7.677828198886107,0.7685193224642931,0.12340220499797258,0.10603634442538878,,140432.0,21.0,0.017588566654420653,178.5945259
NIST_GROUND,JOINT_PATCH_TRAJECTORY,43,12,daylight,supplementary_daily_matched,10158,108291,31.812242321800742,23.7633933133158,-7.617622640733652,0.768569077696244,0.12330976486280185,0.10632040687998667,0.5402702832281892,140432.0,21.0,0.017588566654420653,178.5945259
NIST_GROUND,JOINT_PATCH_TRAJECTORY,43,48,full,primary,24240,1163520,29.762170636302677,18.527158159985422,-2.979779105825863,0.740794386804015,0.11536333169617731,0.3856102284997628,,140432.0,21.0,0.017588566654420653,178.5945259
NIST_GROUND,JOINT_PATCH_TRAJECTORY,43,48,full,supplementary_daily_matched,24240,1154170,29.764876420712106,18.537166764427102,-2.9480946423466747,0.7406815816396195,0.11537381978550848,0.3850854699596371,0.2905493738857282,140432.0,21.0,0.017588566654420653,178.5945259
NIST_GROUND,JOINT_PATCH_TRAJECTORY,43,48,daylight,primary,12577,413664,46.131870892907735,35.15935219728818,-12.68870826615,0.512793338624887,0.1788151270489752,0.3560921882046688,,140432.0,21.0,0.017588566654420653,178.5945259
NIST_GROUND,JOINT_PATCH_TRAJECTORY,43,48,daylight,supplementary_daily_matched,12574,410266,46.13185457439214,35.176601138816736,-12.585410139861555,0.511824276720967,0.1788150637955805,0.3553497300041667,0.3360109950052117,140432.0,21.0,0.017588566654420653,178.5945259
NIST_GROUND,JOINT_PATCH_TRAJECTORY,43,96,full,primary,23037,2211552,41.5654296034591,26.03956263842696,6.660766481637661,0.4802904515689064,0.1611148091661386,0.4024137064044152,,140432.0,21.0,0.017588566654420653,178.5945259
NIST_GROUND,JOINT_PATCH_TRAJECTORY,43,96,full,supplementary_daily_matched,23037,2194678,41.57326595034475,26.050921907934043,6.727828330345748,0.4796536068508923,0.1611451842048447,0.40257070901314507,0.00616938189724614,140432.0,21.0,0.017588566654420653,178.5945259
NIST_GROUND,JOINT_PATCH_TRAJECTORY,43,96,daylight,primary,15700,775182,56.028120114586834,43.826913204024564,-0.9642520818749617,0.27209121980612494,0.21717470422699348,0.3886954755469194,,140432.0,21.0,0.017588566654420653,178.5945259
NIST_GROUND,JOINT_PATCH_TRAJECTORY,43,96,daylight,supplementary_daily_matched,15697,769372,55.9884244039089,43.80316635597933,-0.8117193351834183,0.27146956234589437,0.217020836772438,0.3886569930551105,0.19679309331450734,140432.0,21.0,0.017588566654420653,178.5945259
NIST_GROUND,JOINT_PATCH_TRAJECTORY,43,144,full,primary,21885,3151440,45.466852644874905,28.58989589433429,11.902895244321938,0.3723884850074154,0.17623740106019117,0.4216311810532267,,140432.0,21.0,0.017588566654420653,178.5945259
NIST_GROUND,JOINT_PATCH_TRAJECTORY,43,144,full,supplementary_daily_matched,21885,3128676,45.473253622800854,28.59168075693853,11.975525386711942,0.3712872279751648,0.1762622123600347,0.42188856522424145,-0.08529525658244519,140432.0,21.0,0.017588566654420653,178.5945259
NIST_GROUND,JOINT_PATCH_TRAJECTORY,43,144,daylight,primary,18602,1106213,61.92975131941518,49.252058560586285,10.496346395193036,0.10343812260711083,0.24005044963383798,0.36441338955104685,,140432.0,21.0,0.017588566654420653,178.5945259
NIST_GROUND,JOINT_PATCH_TRAJECTORY,43,144,daylight,supplementary_daily_matched,18599,1098178,61.88935395352304,49.20521489358906,10.652381454291405,0.10239730014794457,0.23989386244206298,0.3642523210839179,0.11266851004215772,140432.0,21.0,0.017588566654420653,178.5945259
NIST_GROUND,JOINT_PATCH_TRAJECTORY,44,12,full,primary,25219,302628,18.996775982273327,10.643696615385423,-2.699692738530069,0.8957934530230767,0.07363479618411407,0.1252133269891076,,140432.0,18.0,0.01721895944683655,164.63689349999913
NIST_GROUND,JOINT_PATCH_TRAJECTORY,44,12,full,supplementary_daily_matched,25219,300173,18.977579444396227,10.635062114698174,-2.691880633902071,0.8960086673453875,0.07356038707620334,0.12540604301314195,0.5489493391908356,140432.0,18.0,0.01721895944683655,164.63689349999913
NIST_GROUND,JOINT_PATCH_TRAJECTORY,44,12,daylight,primary,10161,109258,30.878871606574318,23.323877172284103,-6.3564455622623335,0.7822299635369505,0.1196918582009529,0.13291524165552948,,140432.0,18.0,0.01721895944683655,164.63689349999913
NIST_GROUND,JOINT_PATCH_TRAJECTORY,44,12,daylight,supplementary_daily_matched,10158,108291,30.86056877122435,23.321926423159518,-6.330089353525253,0.7822086262567521,0.11962091323893179,0.13305512186357493,0.5540232468652693,140432.0,18.0,0.01721895944683655,164.63689349999913
NIST_GROUND,JOINT_PATCH_TRAJECTORY,44,48,full,primary,24240,1163520,29.780140500908384,18.749018753715085,3.576570246893368,0.7404812849132797,0.11543298600588398,0.3852392709797652,,140432.0,18.0,0.01721895944683655,164.63689349999913
NIST_GROUND,JOINT_PATCH_TRAJECTORY,44,48,full,supplementary_daily_matched,24240,1154170,29.798246181105572,18.765295798998512,3.6206937131340644,0.7400998057185242,0.11550316676036246,0.38439608189566965,0.2897540002691943,140432.0,18.0,0.01721895944683655,164.63689349999913
NIST_GROUND,JOINT_PATCH_TRAJECTORY,44,48,daylight,primary,12577,413664,44.06748494718359,33.74534747889282,-3.81840359616617,0.5554223647875913,0.17081320932880023,0.384906849550143,,140432.0,18.0,0.01721895944683655,164.63689349999913
NIST_GROUND,JOINT_PATCH_TRAJECTORY,44,48,daylight,supplementary_daily_matched,12574,410266,44.089447892238596,33.773564082706656,-3.7167631445281724,0.5540936360090856,0.17089834151039976,0.38389048630453115,0.3654079397669042,140432.0,18.0,0.01721895944683655,164.63689349999913
NIST_GROUND,JOINT_PATCH_TRAJECTORY,44,96,full,primary,23037,2211552,42.54845822796664,27.253768469491746,12.75090926858188,0.4554173456069366,0.16492519849095394,0.38828070121663916,,140432.0,18.0,0.01721895944683655,164.63689349999913
NIST_GROUND,JOINT_PATCH_TRAJECTORY,44,96,full,supplementary_daily_matched,23037,2194678,42.564914238169855,27.270173162447005,12.817648622990738,0.4545338724989233,0.16498898483861885,0.3883202112482763,-0.017536487928013322,140432.0,18.0,0.01721895944683655,164.63689349999913
NIST_GROUND,JOINT_PATCH_TRAJECTORY,44,96,daylight,primary,15700,775182,55.23343883315672,43.835842944481904,7.535373207924391,0.29259353850340464,0.21409438184786764,0.3973659835318898,,140432.0,18.0,0.01721895944683655,164.63689349999913
NIST_GROUND,JOINT_PATCH_TRAJECTORY,44,96,daylight,supplementary_daily_matched,15697,769372,55.21561859121413,43.82251038493496,7.671321449369844,0.2914425101060546,0.21402530750153548,0.3970953342720197,0.2078797236830482,140432.0,18.0,0.01721895944683655,164.63689349999913
NIST_GROUND,JOINT_PATCH_TRAJECTORY,44,144,full,primary,21885,3151440,47.258541444529186,30.130293630757922,17.402929495598094,0.3219499590974162,0.1831822973789672,0.3988396994639899,,140432.0,18.0,0.01721895944683655,164.63689349999913
NIST_GROUND,JOINT_PATCH_TRAJECTORY,44,144,full,supplementary_daily_matched,21885,3128676,47.27382208169362,30.135903337210507,17.46926869805275,0.32051220974032235,0.18324152777702088,0.3989975439699246,-0.12826883449701176,140432.0,18.0,0.01721895944683655,164.63689349999913
NIST_GROUND,JOINT_PATCH_TRAJECTORY,44,144,daylight,primary,18602,1106213,62.63484319667265,50.23611345968271,18.67299549601633,0.08290656365683857,0.24278350795496448,0.3571770137094945,,140432.0,18.0,0.01721895944683655,164.63689349999913
NIST_GROUND,JOINT_PATCH_TRAJECTORY,44,144,daylight,supplementary_daily_matched,18599,1098178,62.6127030010958,50.20131134349601,18.810480386948676,0.08129272118560271,0.24269768871962166,0.3568218431638238,0.10229757631704028,140432.0,18.0,0.01721895944683655,164.63689349999913
NIST_GROUND,DEPTHWISE_TCN_TRAJECTORY,42,12,full,primary,25219,302628,17.76488452303429,10.275530160622322,1.0691443539251446,0.9088702917192887,0.06885977137955446,0.181940964991674,,682384.0,25.0,0.01771483295476861,184.39551609999762
NIST_GROUND,DEPTHWISE_TCN_TRAJECTORY,42,12,full,supplementary_daily_matched,25219,300173,17.747843369942824,10.275598202012917,1.0787419754111458,0.9090491667967356,0.06879371691663912,0.1820792210945158,0.5781771588202171,682384.0,25.0,0.01771483295476861,184.39551609999762
NIST_GROUND,DEPTHWISE_TCN_TRAJECTORY,42,12,daylight,primary,10161,109258,28.343271563874662,20.77508853012561,-1.6771500874258836,0.8165257013748407,0.1098634329711747,0.20411538712374555,,682384.0,25.0,0.01771483295476861,184.39551609999762
NIST_GROUND,DEPTHWISE_TCN_TRAJECTORY,42,12,daylight,supplementary_daily_matched,10158,108291,28.3218259173209,20.77516275118473,-1.6533218644787968,0.8165679074909251,0.10978030592822297,0.2043742906842515,0.5907114979283408,682384.0,25.0,0.01771483295476861,184.39551609999762
NIST_GROUND,DEPTHWISE_TCN_TRAJECTORY,42,48,full,primary,24240,1163520,28.77836953258987,18.923159404646942,3.726599505138294,0.7576474647110094,0.11154994810807806,0.4059191415390061,,682384.0,25.0,0.01771483295476861,184.39551609999762
NIST_GROUND,DEPTHWISE_TCN_TRAJECTORY,42,48,full,supplementary_daily_matched,24240,1154170,28.779405067011435,18.93477427659608,3.766827839338858,0.7575686274412641,0.11155396201897246,0.4054443871533068,0.3140382424104473,682384.0,25.0,0.01771483295476861,184.39551609999762
NIST_GROUND,DEPTHWISE_TCN_TRAJECTORY,42,48,daylight,primary,12577,413664,42.794754237817386,32.577336295684226,-3.551060512122934,0.5807315769029794,0.16587988451258434,0.4026716015580374,,682384.0,25.0,0.01771483295476861,184.39551609999762
NIST_GROUND,DEPTHWISE_TCN_TRAJECTORY,42,48,daylight,supplementary_daily_matched,12574,410266,42.78546159487457,32.58003544315917,-3.464545025036182,0.5800797741408475,0.1658438646179588,0.4021124963759236,0.3841765882875775,682384.0,25.0,0.01771483295476861,184.39551609999762
NIST_GROUND,DEPTHWISE_TCN_TRAJECTORY,42,96,full,primary,23037,2211552,41.11567073302894,27.72187978976713,11.364728419457627,0.4914766400873559,0.15937146583319486,0.4088798908985056,,682384.0,25.0,0.01771483295476861,184.39551609999762
NIST_GROUND,DEPTHWISE_TCN_TRAJECTORY,42,96,full,supplementary_daily_matched,23037,2194678,41.11597782929248,27.731282449866203,11.431717983019784,0.4910378247961623,0.15937265619153754,0.4091421753555603,0.017101093072866447,682384.0,25.0,0.01771483295476861,184.39551609999762
NIST_GROUND,DEPTHWISE_TCN_TRAJECTORY,42,96,daylight,primary,15700,775182,54.723559338592885,43.1927737480838,4.65360120882929,0.30559389547580074,0.21211800055581567,0.4029291122129032,,682384.0,25.0,0.01771483295476861,184.39551609999762
NIST_GROUND,DEPTHWISE_TCN_TRAJECTORY,42,96,daylight,supplementary_daily_matched,15697,769372,54.68427564080129,43.16523257387306,4.7740787130527735,0.30501387121865475,0.21196573013461675,0.4028971192031505,0.2155023408960528,682384.0,25.0,0.01771483295476861,184.39551609999762
NIST_GROUND,DEPTHWISE_TCN_TRAJECTORY,42,144,full,primary,21885,3151440,45.90136124010187,31.1431278968023,16.69603976539994,0.36033549973024104,0.17792163168330527,0.4161039406918473,,682384.0,25.0,0.01771483295476861,184.39551609999762
NIST_GROUND,DEPTHWISE_TCN_TRAJECTORY,42,144,full,supplementary_daily_matched,21885,3128676,45.902591118018066,31.144302237808237,16.76494654278627,0.3593591505981141,0.17792639890326803,0.4164303035959467,-0.09554211401862811,682384.0,25.0,0.01771483295476861,184.39551609999762
NIST_GROUND,DEPTHWISE_TCN_TRAJECTORY,42,144,daylight,primary,18602,1106213,60.959799564601695,49.16398249921797,15.549015282419198,0.13130232951079035,0.2362907485224093,0.37436802904186695,,682384.0,25.0,0.01771483295476861,184.39551609999762
NIST_GROUND,DEPTHWISE_TCN_TRAJECTORY,42,144,daylight,supplementary_daily_matched,18599,1098178,60.91418338753013,49.11517242831491,15.677514364183873,0.13046092155279498,0.2361139323139907,0.3742695919758203,0.12664990580749946,682384.0,25.0,0.01771483295476861,184.39551609999762
NIST_GROUND,DEPTHWISE_TCN_TRAJECTORY,43,12,full,primary,25219,302628,17.796942636478366,9.898230095631654,0.308085461232111,0.9085410936869636,0.06898403418350102,0.18046471394629038,,682384.0,25.0,0.018256544401760538,181.1525223000026
NIST_GROUND,DEPTHWISE_TCN_TRAJECTORY,43,12,full,supplementary_daily_matched,25219,300173,17.772402921675496,9.896004385883144,0.3201494513227763,0.9087972762253428,0.06888891399575907,0.18094737835373653,0.5775934383267446,682384.0,25.0,0.018256544401760538,181.1525223000026
NIST_GROUND,DEPTHWISE_TCN_TRAJECTORY,43,12,daylight,primary,10161,109258,28.332800617237115,20.12461990334905,-2.927655267636417,0.8166612393431856,0.10982284576720755,0.20440941335470808,,682384.0,25.0,0.018256544401760538,181.1525223000026
NIST_GROUND,DEPTHWISE_TCN_TRAJECTORY,43,12,daylight,supplementary_daily_matched,10158,108291,28.295127626503497,20.108318050095363,-2.907186618574896,0.8169135783577699,0.10967681872572933,0.20512430753101574,0.5910973241631474,682384.0,25.0,0.018256544401760538,181.1525223000026
NIST_GROUND,DEPTHWISE_TCN_TRAJECTORY,43,48,full,primary,24240,1163520,30.00530601190991,20.249050159425845,4.6251454688878475,0.7365420439784196,0.11630576655168609,0.3805911091052673,,682384.0,25.0,0.018256544401760538,181.1525223000026
NIST_GROUND,DEPTHWISE_TCN_TRAJECTORY,43,48,full,supplementary_daily_matched,24240,1154170,30.005151731566997,20.270399210092272,4.683295330300748,0.7364780162776121,0.11630516853433745,0.38012160658704053,0.28482237313100023,682384.0,25.0,0.018256544401760538,181.1525223000026
NIST_GROUND,DEPTHWISE_TCN_TRAJECTORY,43,48,daylight,primary,12577,413664,42.891271448020056,32.39250911527303,-3.450043473878755,0.5788382489721187,0.16625400194746723,0.4013244160999305,,682384.0,25.0,0.018256544401760538,181.1525223000026
NIST_GROUND,DEPTHWISE_TCN_TRAJECTORY,43,48,daylight,supplementary_daily_matched,12574,410266,42.8602898049352,32.38155466925285,-3.3380680542179384,0.5786096787008554,0.16613391172920433,0.4010668409115178,0.38309956441324844,682384.0,25.0,0.018256544401760538,181.1525223000026
NIST_GROUND,DEPTHWISE_TCN_TRAJECTORY,43,96,full,primary,23037,2211552,42.98543795865368,29.510032244582074,13.303045008474529,0.44417399647311007,0.1666190076634027,0.38199824244912695,,682384.0,25.0,0.018256544401760538,181.1525223000026
NIST_GROUND,DEPTHWISE_TCN_TRAJECTORY,43,96,full,supplementary_daily_matched,23037,2194678,42.99259215244065,29.53512199708857,13.389578069393837,0.44351748501198884,0.16664673855846918,0.3821742588615017,-0.027760351658043803,682384.0,25.0,0.018256544401760538,181.1525223000026
NIST_GROUND,DEPTHWISE_TCN_TRAJECTORY,43,96,daylight,primary,15700,775182,55.13201100080027,43.463507016659335,7.418965423140741,0.2951892423327058,0.21370122999041913,0.39847262949284934,,682384.0,25.0,0.018256544401760538,181.1525223000026
NIST_GROUND,DEPTHWISE_TCN_TRAJECTORY,43,96,daylight,supplementary_daily_matched,15697,769372,55.07653542822064,43.42490739299054,7.577172323024713,0.2950075991906912,0.2134861970562039,0.39861399674529174,0.209875003212869,682384.0,25.0,0.018256544401760538,181.1525223000026
NIST_GROUND,DEPTHWISE_TCN_TRAJECTORY,43,144,full,primary,21885,3151440,47.413806625288395,32.706791824928345,18.50707301024491,0.31748725243802844,0.18378413212978822,0.39686462236945996,,682384.0,25.0,0.018256544401760538,181.1525223000026
NIST_GROUND,DEPTHWISE_TCN_TRAJECTORY,43,144,full,supplementary_daily_matched,21885,3128676,47.417641284086336,32.71897601535858,18.588627199296802,0.3163715653986199,0.18379899593190313,0.3971691389445612,-0.13170132031509318,682384.0,25.0,0.018256544401760538,181.1525223000026
NIST_GROUND,DEPTHWISE_TCN_TRAJECTORY,43,144,daylight,primary,18602,1106213,61.432535478108186,49.49586240398244,17.624861833990057,0.11777679573270616,0.23812315485664431,0.3695163283567896,,682384.0,25.0,0.018256544401760538,181.1525223000026
NIST_GROUND,DEPTHWISE_TCN_TRAJECTORY,43,144,daylight,supplementary_daily_matched,18599,1098178,61.3741840984692,49.43798643232278,17.780562773314085,0.11727847855834284,0.23789697479583885,0.3695443142729884,0.12005469855221362,682384.0,25.0,0.018256544401760538,181.1525223000026
NIST_GROUND,DEPTHWISE_TCN_TRAJECTORY,44,12,full,primary,25219,302628,17.646146946501183,9.658363676741782,-1.9597716907278375,0.9100844126896723,0.06839952395359283,0.1874087375038992,,682384.0,25.0,0.018794058929354505,181.88251329999912
NIST_GROUND,DEPTHWISE_TCN_TRAJECTORY,44,12,full,supplementary_daily_matched,25219,300173,17.623354804033518,9.650055235835925,-1.9660688868594256,0.9103206034958439,0.0683111776591073,0.18781635673803898,0.5811359476415786,682384.0,25.0,0.018794058929354505,181.88251329999912
NIST_GROUND,DEPTHWISE_TCN_TRAJECTORY,44,12,daylight,primary,10161,109258,28.60099993190563,20.725244151788,-5.837970176392178,0.8131738284499912,0.11086243279454122,0.19687832410668027,,682384.0,25.0,0.018794058929354505,181.88251329999912
NIST_GROUND,DEPTHWISE_TCN_TRAJECTORY,44,12,daylight,supplementary_daily_matched,10158,108291,28.57203140467053,20.717330863266124,-5.833490226878946,0.8133125774070827,0.11075014576222052,0.19734543883944522,0.5870956918914563,682384.0,25.0,0.018794058929354505,181.88251329999912
NIST_GROUND,DEPTHWISE_TCN_TRAJECTORY,44,48,full,primary,24240,1163520,28.563219219275908,18.578398974151586,2.0962322909436,0.7612576284687979,0.11071598820432359,0.41036055656382076,,682384.0,25.0,0.018794058929354505,181.88251329999912
NIST_GROUND,DEPTHWISE_TCN_TRAJECTORY,44,48,full,supplementary_daily_matched,24240,1154170,28.544047226324846,18.57978962206741,2.1259012370320174,0.7615176189989474,0.11064167423680026,0.41030666018785567,0.3196480344712608,682384.0,25.0,0.018794058929354505,181.88251329999912
NIST_GROUND,DEPTHWISE_TCN_TRAJECTORY,44,48,daylight,primary,12577,413664,42.63655125374766,32.25286336270345,-6.47833608396582,0.5838257371044658,0.16526666232695855,0.4048797959217195,,682384.0,25.0,0.018794058929354505,181.88251329999912
NIST_GROUND,DEPTHWISE_TCN_TRAJECTORY,44,48,daylight,supplementary_daily_matched,12574,410266,42.59046453919739,32.23321522531453,-6.385264757541426,0.583898670141607,0.16508802223372004,0.4048374010161213,0.38698323679912194,682384.0,25.0,0.018794058929354505,181.88251329999912
NIST_GROUND,DEPTHWISE_TCN_TRAJECTORY,44,96,full,primary,23037,2211552,39.37470611475571,26.426221545966687,7.646945696125326,0.5336297921000216,0.15262318523284835,0.43390974391434867,,682384.0,25.0,0.018794058929354505,181.88251329999912
NIST_GROUND,DEPTHWISE_TCN_TRAJECTORY,44,96,full,supplementary_daily_matched,23037,2194678,39.35502101277798,26.431280134547706,7.70307533991418,0.5337009199201448,0.1525468823658068,0.4344480337792236,0.05919768475029641,682384.0,25.0,0.018794058929354505,181.88251329999912
NIST_GROUND,DEPTHWISE_TCN_TRAJECTORY,44,96,daylight,primary,15700,775182,54.11041219856748,42.42910489331119,-2.539239402901651,0.32106759076436664,0.20974133597184766,0.4096189604549364,,682384.0,25.0,0.018794058929354505,181.88251329999912
NIST_GROUND,DEPTHWISE_TCN_TRAJECTORY,44,96,daylight,supplementary_daily_matched,15697,769372,54.03529997748323,42.381360515295825,-2.4253697058015864,0.32141173855844796,0.20945018798465045,0.409983347073839,0.2248125106427027,682384.0,25.0,0.018794058929354505,181.88251329999912
NIST_GROUND,DEPTHWISE_TCN_TRAJECTORY,44,144,full,primary,21885,3151440,42.542361922236495,29.005096929129568,11.000024807453988,0.4505295835066714,0.16490156815334645,0.4588326618437347,,682384.0,25.0,0.018794058929354505,181.88251329999912
NIST_GROUND,DEPTHWISE_TCN_TRAJECTORY,44,144,full,supplementary_daily_matched,21885,3128676,42.517278763436714,28.995717660868337,11.045820597161418,0.4503690935595893,0.16480434148248402,0.45946852115357084,-0.014745972379999639,682384.0,25.0,0.018794058929354505,181.88251329999912
NIST_GROUND,DEPTHWISE_TCN_TRAJECTORY,44,144,daylight,primary,18602,1106213,58.09614336686977,46.91460425909179,5.4538966474567285,0.2110014542177806,0.22519072077779978,0.4037578053195082,,682384.0,25.0,0.018794058929354505,181.88251329999912
NIST_GROUND,DEPTHWISE_TCN_TRAJECTORY,44,144,daylight,supplementary_daily_matched,18599,1098178,58.010187866609456,46.84289303694034,5.563296507704221,0.211392695148388,0.22485754236118438,0.4041003834459408,0.16828560739107945,682384.0,25.0,0.018794058929354505,181.88251329999912
