site,case,origin,lead,hours,truth,Inverted,Daily,last,seed
NIST_GROUND,fixed_month_10,2017-10-15 10:00:00-05:00,1,0.08333333333333333,34.524,40.43467712402344,43.318,30.598000000000003,42
NIST_GROUND,fixed_month_10,2017-10-15 10:00:00-05:00,2,0.16666666666666666,31.528000000000002,42.72604751586914,47.916000000000004,30.598000000000003,42
NIST_GROUND,fixed_month_10,2017-10-15 10:00:00-05:00,3,0.25,34.916,43.07250213623047,50.042,30.598000000000003,42
NIST_GROUND,fixed_month_10,2017-10-15 10:00:00-05:00,4,0.3333333333333333,38.924,44.82021713256836,48.342,30.598000000000003,42
NIST_GROUND,fixed_month_10,2017-10-15 10:00:00-05:00,5,0.4166666666666667,35.422,48.40003967285156,43.68,30.598000000000003,42
NIST_GROUND,fixed_month_10,2017-10-15 10:00:00-05:00,6,0.5,34.096000000000004,47.834571838378906,38.442,30.598000000000003,42
NIST_GROUND,fixed_month_10,2017-10-15 10:00:00-05:00,7,0.5833333333333334,39.798,47.51154708862305,39.316,30.598000000000003,42
NIST_GROUND,fixed_month_10,2017-10-15 10:00:00-05:00,8,0.6666666666666666,39.678,52.77210235595703,43.396,30.598000000000003,42
NIST_GROUND,fixed_month_10,2017-10-15 10:00:00-05:00,9,0.75,36.516,54.337223052978516,48.33,30.598000000000003,42
NIST_GROUND,fixed_month_10,2017-10-15 10:00:00-05:00,10,0.8333333333333334,37.648,57.35700988769531,43.794,30.598000000000003,42
NIST_GROUND,fixed_month_10,2017-10-15 10:00:00-05:00,11,0.9166666666666666,48.182,60.46226119995117,41.424,30.598000000000003,42
NIST_GROUND,fixed_month_10,2017-10-15 10:00:00-05:00,12,1.0,35.662,63.43631362915039,44.016,30.598000000000003,42
NIST_GROUND,fixed_month_10,2017-10-15 10:00:00-05:00,13,1.0833333333333333,34.634,65.48098754882812,44.904,30.598000000000003,42
NIST_GROUND,fixed_month_10,2017-10-15 10:00:00-05:00,14,1.1666666666666667,56.510000000000005,64.03260040283203,49.488,30.598000000000003,42
NIST_GROUND,fixed_month_10,2017-10-15 10:00:00-05:00,15,1.25,52.129999999999995,62.41655349731445,50.338,30.598000000000003,42
NIST_GROUND,fixed_month_10,2017-10-15 10:00:00-05:00,16,1.3333333333333333,52.35,68.91899108886719,50.477999999999994,30.598000000000003,42
NIST_GROUND,fixed_month_10,2017-10-15 10:00:00-05:00,17,1.4166666666666667,63.67,72.49237823486328,46.868,30.598000000000003,42
NIST_GROUND,fixed_month_10,2017-10-15 10:00:00-05:00,18,1.5,68.588,73.08424377441406,43.944,30.598000000000003,42
NIST_GROUND,fixed_month_10,2017-10-15 10:00:00-05:00,19,1.5833333333333333,55.824,72.02542877197266,45.382,30.598000000000003,42
NIST_GROUND,fixed_month_10,2017-10-15 10:00:00-05:00,20,1.6666666666666667,46.93,73.94390869140625,49.406,30.598000000000003,42
NIST_GROUND,fixed_month_10,2017-10-15 10:00:00-05:00,21,1.75,60.31,71.72654724121094,49.784000000000006,30.598000000000003,42
NIST_GROUND,fixed_month_10,2017-10-15 10:00:00-05:00,22,1.8333333333333333,66.088,76.66990661621094,49.096,30.598000000000003,42
NIST_GROUND,fixed_month_10,2017-10-15 10:00:00-05:00,23,1.9166666666666667,65.00399999999999,76.13082885742188,49.974000000000004,30.598000000000003,42
NIST_GROUND,fixed_month_10,2017-10-15 10:00:00-05:00,24,2.0,63.653999999999996,77.36009216308594,51.874,30.598000000000003,42
NIST_GROUND,fixed_month_10,2017-10-15 10:00:00-05:00,25,2.0833333333333335,61.54600000000001,77.6894760131836,53.327999999999996,30.598000000000003,42
NIST_GROUND,fixed_month_10,2017-10-15 10:00:00-05:00,26,2.1666666666666665,68.142,78.90941619873047,54.322,30.598000000000003,42
NIST_GROUND,fixed_month_10,2017-10-15 10:00:00-05:00,27,2.25,82.782,77.12661743164062,55.174,30.598000000000003,42
NIST_GROUND,fixed_month_10,2017-10-15 10:00:00-05:00,28,2.3333333333333335,80.3,81.07752990722656,56.434000000000005,30.598000000000003,42
NIST_GROUND,fixed_month_10,2017-10-15 10:00:00-05:00,29,2.4166666666666665,103.16,86.21755981445312,58.470000000000006,30.598000000000003,42
NIST_GROUND,fixed_month_10,2017-10-15 10:00:00-05:00,30,2.5,81.926,87.8906021118164,57.227999999999994,30.598000000000003,42
NIST_GROUND,fixed_month_10,2017-10-15 10:00:00-05:00,31,2.5833333333333335,109.82000000000001,87.89337921142578,58.73199999999999,30.598000000000003,42
NIST_GROUND,fixed_month_10,2017-10-15 10:00:00-05:00,32,2.6666666666666665,125.1,83.71583557128906,64.898,30.598000000000003,42
NIST_GROUND,fixed_month_10,2017-10-15 10:00:00-05:00,33,2.75,80.55799999999999,82.55794525146484,70.26,30.598000000000003,42
NIST_GROUND,fixed_month_10,2017-10-15 10:00:00-05:00,34,2.8333333333333335,136.82,84.98894500732422,75.99,30.598000000000003,42
NIST_GROUND,fixed_month_10,2017-10-15 10:00:00-05:00,35,2.9166666666666665,111.526,84.57202911376953,83.92,30.598000000000003,42
NIST_GROUND,fixed_month_10,2017-10-15 10:00:00-05:00,36,3.0,111.72,86.06599426269531,79.666,30.598000000000003,42
NIST_GROUND,fixed_month_10,2017-10-15 10:00:00-05:00,37,3.0833333333333335,147.26,85.19268798828125,78.674,30.598000000000003,42
NIST_GROUND,fixed_month_10,2017-10-15 10:00:00-05:00,38,3.1666666666666665,97.926,86.30789947509766,79.386,30.598000000000003,42
NIST_GROUND,fixed_month_10,2017-10-15 10:00:00-05:00,39,3.25,165.52,92.28693389892578,,30.598000000000003,42
NIST_GROUND,fixed_month_10,2017-10-15 10:00:00-05:00,40,3.3333333333333335,166.4,88.35819244384766,84.42,30.598000000000003,42
NIST_GROUND,fixed_month_10,2017-10-15 10:00:00-05:00,41,3.4166666666666665,143.54000000000002,90.94375610351562,172.26,30.598000000000003,42
NIST_GROUND,fixed_month_10,2017-10-15 10:00:00-05:00,42,3.5,150.178,93.26013946533203,223.82,30.598000000000003,42
NIST_GROUND,fixed_month_10,2017-10-15 10:00:00-05:00,43,3.5833333333333335,73.1,90.73828887939453,213.56,30.598000000000003,42
NIST_GROUND,fixed_month_10,2017-10-15 10:00:00-05:00,44,3.6666666666666665,95.098,86.8126449584961,198.42000000000002,30.598000000000003,42
NIST_GROUND,fixed_month_10,2017-10-15 10:00:00-05:00,45,3.75,177.22,86.00383758544922,185.22,30.598000000000003,42
NIST_GROUND,fixed_month_10,2017-10-15 10:00:00-05:00,46,3.8333333333333335,167.35999999999999,90.72219848632812,184.34,30.598000000000003,42
NIST_GROUND,fixed_month_10,2017-10-15 10:00:00-05:00,47,3.9166666666666665,191.16000000000003,88.8128662109375,176.8,30.598000000000003,42
NIST_GROUND,fixed_month_10,2017-10-15 10:00:00-05:00,48,4.0,166.98,88.45567321777344,175.0,30.598000000000003,42
NIST_GROUND,fixed_month_10,2017-10-15 10:00:00-05:00,49,4.083333333333333,127.28600000000002,89.6080093383789,147.84,30.598000000000003,42
NIST_GROUND,fixed_month_10,2017-10-15 10:00:00-05:00,50,4.166666666666667,178.94,90.6808853149414,162.57999999999998,30.598000000000003,42
NIST_GROUND,fixed_month_10,2017-10-15 10:00:00-05:00,51,4.25,145.72,88.5414810180664,160.78000000000003,30.598000000000003,42
NIST_GROUND,fixed_month_10,2017-10-15 10:00:00-05:00,52,4.333333333333333,155.34,90.32490539550781,157.14,30.598000000000003,42
NIST_GROUND,fixed_month_10,2017-10-15 10:00:00-05:00,53,4.416666666666667,150.74,87.76774597167969,152.62,30.598000000000003,42
NIST_GROUND,fixed_month_10,2017-10-15 10:00:00-05:00,54,4.5,148.35999999999999,84.91854858398438,150.62,30.598000000000003,42
NIST_GROUND,fixed_month_10,2017-10-15 10:00:00-05:00,55,4.583333333333333,143.4,85.36280822753906,146.71999999999997,30.598000000000003,42
NIST_GROUND,fixed_month_10,2017-10-15 10:00:00-05:00,56,4.666666666666667,122.4,86.68621826171875,143.24,30.598000000000003,42
NIST_GROUND,fixed_month_10,2017-10-15 10:00:00-05:00,57,4.75,137.0,85.78497314453125,140.66000000000003,30.598000000000003,42
NIST_GROUND,fixed_month_10,2017-10-15 10:00:00-05:00,58,4.833333333333333,134.26,83.1187744140625,137.07999999999998,30.598000000000003,42
NIST_GROUND,fixed_month_10,2017-10-15 10:00:00-05:00,59,4.916666666666667,130.06,85.05931854248047,133.28000000000003,30.598000000000003,42
NIST_GROUND,fixed_month_10,2017-10-15 10:00:00-05:00,60,5.0,125.82000000000001,82.59283447265625,129.04000000000002,30.598000000000003,42
NIST_GROUND,fixed_month_10,2017-10-15 10:00:00-05:00,61,5.083333333333333,121.32000000000001,82.37874603271484,125.28,30.598000000000003,42
NIST_GROUND,fixed_month_10,2017-10-15 10:00:00-05:00,62,5.166666666666667,117.58,77.09221649169922,121.28,30.598000000000003,42
NIST_GROUND,fixed_month_10,2017-10-15 10:00:00-05:00,63,5.25,113.38,75.57523345947266,117.94000000000001,30.598000000000003,42
NIST_GROUND,fixed_month_10,2017-10-15 10:00:00-05:00,64,5.333333333333333,108.92,75.57861328125,113.38,30.598000000000003,42
NIST_GROUND,fixed_month_10,2017-10-15 10:00:00-05:00,65,5.416666666666667,104.32000000000001,74.56359100341797,108.84,30.598000000000003,42
NIST_GROUND,fixed_month_10,2017-10-15 10:00:00-05:00,66,5.5,100.64,73.02645874023438,104.22,30.598000000000003,42
NIST_GROUND,fixed_month_10,2017-10-15 10:00:00-05:00,67,5.583333333333333,96.02000000000001,73.67261505126953,99.82000000000001,30.598000000000003,42
NIST_GROUND,fixed_month_10,2017-10-15 10:00:00-05:00,68,5.666666666666667,90.84,68.2673568725586,95.14,30.598000000000003,42
NIST_GROUND,fixed_month_10,2017-10-15 10:00:00-05:00,69,5.75,85.58,69.45835876464844,90.36,30.598000000000003,42
NIST_GROUND,fixed_month_10,2017-10-15 10:00:00-05:00,70,5.833333333333333,80.47999999999999,70.46344757080078,85.47999999999999,30.598000000000003,42
NIST_GROUND,fixed_month_10,2017-10-15 10:00:00-05:00,71,5.916666666666667,75.696,66.83332061767578,80.82000000000001,30.598000000000003,42
NIST_GROUND,fixed_month_10,2017-10-15 10:00:00-05:00,72,6.0,70.836,64.3054428100586,75.88,30.598000000000003,42
NIST_GROUND,fixed_month_10,2017-10-15 10:00:00-05:00,73,6.083333333333333,66.212,60.843772888183594,70.52799999999999,30.598000000000003,42
NIST_GROUND,fixed_month_10,2017-10-15 10:00:00-05:00,74,6.166666666666667,60.572,56.72518539428711,65.432,30.598000000000003,42
NIST_GROUND,fixed_month_10,2017-10-15 10:00:00-05:00,75,6.25,54.88199999999999,59.8510627746582,60.42999999999999,30.598000000000003,42
NIST_GROUND,fixed_month_10,2017-10-15 10:00:00-05:00,76,6.333333333333333,49.518,56.46174621582031,55.352,30.598000000000003,42
NIST_GROUND,fixed_month_10,2017-10-15 10:00:00-05:00,77,6.416666666666667,43.63,55.051692962646484,49.92,30.598000000000003,42
NIST_GROUND,fixed_month_10,2017-10-15 10:00:00-05:00,78,6.5,37.501999999999995,53.640193939208984,43.802,30.598000000000003,42
NIST_GROUND,fixed_month_10,2017-10-15 10:00:00-05:00,79,6.583333333333333,32.519999999999996,51.4973258972168,38.708,30.598000000000003,42
NIST_GROUND,fixed_month_10,2017-10-15 10:00:00-05:00,80,6.666666666666667,28.298000000000002,51.17829132080078,33.508,30.598000000000003,42
NIST_GROUND,fixed_month_10,2017-10-15 10:00:00-05:00,81,6.75,22.794,48.50564193725586,27.951999999999998,30.598000000000003,42
NIST_GROUND,fixed_month_10,2017-10-15 10:00:00-05:00,82,6.833333333333333,18.46,48.71174621582031,22.94,30.598000000000003,42
NIST_GROUND,fixed_month_10,2017-10-15 10:00:00-05:00,83,6.916666666666667,14.680000000000001,46.61126708984375,18.552,30.598000000000003,42
NIST_GROUND,fixed_month_10,2017-10-15 10:00:00-05:00,84,7.0,10.784,45.48231506347656,14.092000000000002,30.598000000000003,42
NIST_GROUND,fixed_month_10,2017-10-15 10:00:00-05:00,85,7.083333333333333,7.2623999999999995,44.51696014404297,10.03,30.598000000000003,42
NIST_GROUND,fixed_month_10,2017-10-15 10:00:00-05:00,86,7.166666666666667,2.8421999999999996,44.387882232666016,6.7386,30.598000000000003,42
NIST_GROUND,fixed_month_10,2017-10-15 10:00:00-05:00,87,7.25,1.0632,42.9270133972168,1.6324,30.598000000000003,42
NIST_GROUND,fixed_month_10,2017-10-15 10:00:00-05:00,88,7.333333333333333,0.2798,41.48417282104492,0.589,30.598000000000003,42
NIST_GROUND,fixed_month_10,2017-10-15 10:00:00-05:00,89,7.416666666666667,-0.05739999999999999,40.439701080322266,0.0528,30.598000000000003,42
NIST_GROUND,fixed_month_10,2017-10-15 10:00:00-05:00,90,7.5,-0.08159999999999999,37.496768951416016,-0.0838,30.598000000000003,42
NIST_GROUND,fixed_month_10,2017-10-15 10:00:00-05:00,91,7.583333333333333,-0.30979999999999996,36.17607498168945,-0.20099999999999998,30.598000000000003,42
NIST_GROUND,fixed_month_10,2017-10-15 10:00:00-05:00,92,7.666666666666667,-0.3136,39.0519905090332,-0.3674,30.598000000000003,42
NIST_GROUND,fixed_month_10,2017-10-15 10:00:00-05:00,93,7.75,-0.041999999999999996,39.57958984375,-0.307,30.598000000000003,42
NIST_GROUND,fixed_month_10,2017-10-15 10:00:00-05:00,94,7.833333333333333,0.0,33.9556884765625,-0.0548,30.598000000000003,42
NIST_GROUND,fixed_month_10,2017-10-15 10:00:00-05:00,95,7.916666666666667,0.0,35.720001220703125,0.0,30.598000000000003,42
NIST_GROUND,fixed_month_10,2017-10-15 10:00:00-05:00,96,8.0,0.0,31.976076126098633,0.0,30.598000000000003,42
NIST_GROUND,fixed_month_10,2017-10-15 10:00:00-05:00,97,8.083333333333334,0.0,27.457216262817383,0.0,30.598000000000003,42
NIST_GROUND,fixed_month_10,2017-10-15 10:00:00-05:00,98,8.166666666666666,0.0,28.351924896240234,0.0,30.598000000000003,42
NIST_GROUND,fixed_month_10,2017-10-15 10:00:00-05:00,99,8.25,0.0,25.497142791748047,0.0,30.598000000000003,42
NIST_GROUND,fixed_month_10,2017-10-15 10:00:00-05:00,100,8.333333333333334,0.0,26.025110244750977,0.0,30.598000000000003,42
NIST_GROUND,fixed_month_10,2017-10-15 10:00:00-05:00,101,8.416666666666666,0.0,23.79379653930664,0.0,30.598000000000003,42
NIST_GROUND,fixed_month_10,2017-10-15 10:00:00-05:00,102,8.5,0.0,23.894309997558594,0.0,30.598000000000003,42
NIST_GROUND,fixed_month_10,2017-10-15 10:00:00-05:00,103,8.583333333333334,0.0,23.132946014404297,0.0,30.598000000000003,42
NIST_GROUND,fixed_month_10,2017-10-15 10:00:00-05:00,104,8.666666666666666,0.0,19.70783233642578,0.0,30.598000000000003,42
NIST_GROUND,fixed_month_10,2017-10-15 10:00:00-05:00,105,8.75,0.0,19.968053817749023,0.0,30.598000000000003,42
NIST_GROUND,fixed_month_10,2017-10-15 10:00:00-05:00,106,8.833333333333334,0.0,17.367231369018555,0.0,30.598000000000003,42
NIST_GROUND,fixed_month_10,2017-10-15 10:00:00-05:00,107,8.916666666666666,0.0,14.06788158416748,0.0,30.598000000000003,42
NIST_GROUND,fixed_month_10,2017-10-15 10:00:00-05:00,108,9.0,0.0,16.82888412475586,0.0,30.598000000000003,42
NIST_GROUND,fixed_month_10,2017-10-15 10:00:00-05:00,109,9.083333333333334,0.0,14.443801879882812,0.0,30.598000000000003,42
NIST_GROUND,fixed_month_10,2017-10-15 10:00:00-05:00,110,9.166666666666666,0.0,13.628942489624023,0.0,30.598000000000003,42
NIST_GROUND,fixed_month_10,2017-10-15 10:00:00-05:00,111,9.25,0.0,14.09115982055664,0.0,30.598000000000003,42
NIST_GROUND,fixed_month_10,2017-10-15 10:00:00-05:00,112,9.333333333333334,0.0,12.140392303466797,0.0,30.598000000000003,42
NIST_GROUND,fixed_month_10,2017-10-15 10:00:00-05:00,113,9.416666666666666,0.0,9.292814254760742,0.0,30.598000000000003,42
NIST_GROUND,fixed_month_10,2017-10-15 10:00:00-05:00,114,9.5,0.0,8.793381690979004,0.0,30.598000000000003,42
NIST_GROUND,fixed_month_10,2017-10-15 10:00:00-05:00,115,9.583333333333334,0.0,9.841731071472168,0.0,30.598000000000003,42
NIST_GROUND,fixed_month_10,2017-10-15 10:00:00-05:00,116,9.666666666666666,0.0,6.901199817657471,0.0,30.598000000000003,42
NIST_GROUND,fixed_month_10,2017-10-15 10:00:00-05:00,117,9.75,0.0,1.6266146898269653,0.0,30.598000000000003,42
NIST_GROUND,fixed_month_10,2017-10-15 10:00:00-05:00,118,9.833333333333334,0.0,1.2598676681518555,0.0,30.598000000000003,42
NIST_GROUND,fixed_month_10,2017-10-15 10:00:00-05:00,119,9.916666666666666,0.0,1.2152825593948364,0.0,30.598000000000003,42
NIST_GROUND,fixed_month_10,2017-10-15 10:00:00-05:00,120,10.0,0.0,3.6984283924102783,0.0,30.598000000000003,42
NIST_GROUND,fixed_month_10,2017-10-15 10:00:00-05:00,121,10.083333333333334,0.0,2.5398435592651367,0.0,30.598000000000003,42
NIST_GROUND,fixed_month_10,2017-10-15 10:00:00-05:00,122,10.166666666666666,0.0,0.5581731200218201,0.0,30.598000000000003,42
NIST_GROUND,fixed_month_10,2017-10-15 10:00:00-05:00,123,10.25,0.0,0.2348604053258896,0.0,30.598000000000003,42
NIST_GROUND,fixed_month_10,2017-10-15 10:00:00-05:00,124,10.333333333333334,0.0,-2.865770101547241,0.0,30.598000000000003,42
NIST_GROUND,fixed_month_10,2017-10-15 10:00:00-05:00,125,10.416666666666666,0.0,-2.131019115447998,0.0,30.598000000000003,42
NIST_GROUND,fixed_month_10,2017-10-15 10:00:00-05:00,126,10.5,0.0,-4.505718231201172,0.0,30.598000000000003,42
NIST_GROUND,fixed_month_10,2017-10-15 10:00:00-05:00,127,10.583333333333334,0.0,-4.097800254821777,0.0,30.598000000000003,42
NIST_GROUND,fixed_month_10,2017-10-15 10:00:00-05:00,128,10.666666666666666,0.0,-3.112128973007202,0.0,30.598000000000003,42
NIST_GROUND,fixed_month_10,2017-10-15 10:00:00-05:00,129,10.75,0.0,-5.630499839782715,0.0,30.598000000000003,42
NIST_GROUND,fixed_month_10,2017-10-15 10:00:00-05:00,130,10.833333333333334,0.0,-5.8183393478393555,0.0,30.598000000000003,42
NIST_GROUND,fixed_month_10,2017-10-15 10:00:00-05:00,131,10.916666666666666,0.0,-7.2035040855407715,0.0,30.598000000000003,42
NIST_GROUND,fixed_month_10,2017-10-15 10:00:00-05:00,132,11.0,0.0,-7.201112270355225,0.0,30.598000000000003,42
NIST_GROUND,fixed_month_10,2017-10-15 10:00:00-05:00,133,11.083333333333334,0.0,-8.533819198608398,0.0,30.598000000000003,42
NIST_GROUND,fixed_month_10,2017-10-15 10:00:00-05:00,134,11.166666666666666,0.0,-7.206061840057373,0.0,30.598000000000003,42
NIST_GROUND,fixed_month_10,2017-10-15 10:00:00-05:00,135,11.25,0.0,-6.894513130187988,0.0,30.598000000000003,42
NIST_GROUND,fixed_month_10,2017-10-15 10:00:00-05:00,136,11.333333333333334,0.0,-6.559175968170166,0.0,30.598000000000003,42
NIST_GROUND,fixed_month_10,2017-10-15 10:00:00-05:00,137,11.416666666666666,0.0,-6.579762935638428,0.0,30.598000000000003,42
NIST_GROUND,fixed_month_10,2017-10-15 10:00:00-05:00,138,11.5,0.0,-4.881443500518799,0.0,30.598000000000003,42
NIST_GROUND,fixed_month_10,2017-10-15 10:00:00-05:00,139,11.583333333333334,0.0,-4.802624702453613,0.0,30.598000000000003,42
NIST_GROUND,fixed_month_10,2017-10-15 10:00:00-05:00,140,11.666666666666666,0.0,-5.438471794128418,0.0,30.598000000000003,42
NIST_GROUND,fixed_month_10,2017-10-15 10:00:00-05:00,141,11.75,0.0,-1.5945149660110474,0.0,30.598000000000003,42
NIST_GROUND,fixed_month_10,2017-10-15 10:00:00-05:00,142,11.833333333333334,0.0,-4.008591175079346,0.0,30.598000000000003,42
NIST_GROUND,fixed_month_10,2017-10-15 10:00:00-05:00,143,11.916666666666666,0.0,-0.28794753551483154,0.0,30.598000000000003,42
NIST_GROUND,fixed_month_10,2017-10-15 10:00:00-05:00,144,12.0,0.0,-3.2257895469665527,0.0,30.598000000000003,42
NIST_GROUND,fixed_month_11,2017-11-15 10:00:00-05:00,1,0.08333333333333333,168.28,170.0908203125,40.85,166.22,42
NIST_GROUND,fixed_month_11,2017-11-15 10:00:00-05:00,2,0.16666666666666666,171.22,171.20188903808594,44.006,166.22,42
NIST_GROUND,fixed_month_11,2017-11-15 10:00:00-05:00,3,0.25,174.66,168.70748901367188,46.58,166.22,42
NIST_GROUND,fixed_month_11,2017-11-15 10:00:00-05:00,4,0.3333333333333333,172.51999999999998,169.46316528320312,54.739999999999995,166.22,42
NIST_GROUND,fixed_month_11,2017-11-15 10:00:00-05:00,5,0.4166666666666667,176.2,171.59286499023438,66.15,166.22,42
NIST_GROUND,fixed_month_11,2017-11-15 10:00:00-05:00,6,0.5,177.92000000000002,172.8824005126953,68.176,166.22,42
NIST_GROUND,fixed_month_11,2017-11-15 10:00:00-05:00,7,0.5833333333333334,179.85999999999999,171.01988220214844,74.526,166.22,42
NIST_GROUND,fixed_month_11,2017-11-15 10:00:00-05:00,8,0.6666666666666666,182.57999999999998,172.61317443847656,74.332,166.22,42
NIST_GROUND,fixed_month_11,2017-11-15 10:00:00-05:00,9,0.75,180.5,171.27171325683594,77.60600000000001,166.22,42
NIST_GROUND,fixed_month_11,2017-11-15 10:00:00-05:00,10,0.8333333333333334,176.34,171.7086639404297,82.78999999999999,166.22,42
NIST_GROUND,fixed_month_11,2017-11-15 10:00:00-05:00,11,0.9166666666666666,176.62,173.8839874267578,100.62,166.22,42
NIST_GROUND,fixed_month_11,2017-11-15 10:00:00-05:00,12,1.0,143.04000000000002,176.1402130126953,101.03999999999999,166.22,42
NIST_GROUND,fixed_month_11,2017-11-15 10:00:00-05:00,13,1.0833333333333333,81.288,175.08790588378906,100.66,166.22,42
NIST_GROUND,fixed_month_11,2017-11-15 10:00:00-05:00,14,1.1666666666666667,188.56,173.972900390625,116.9,166.22,42
NIST_GROUND,fixed_month_11,2017-11-15 10:00:00-05:00,15,1.25,183.64000000000001,167.57835388183594,110.1,166.22,42
NIST_GROUND,fixed_month_11,2017-11-15 10:00:00-05:00,16,1.3333333333333333,185.24,174.49342346191406,112.42,166.22,42
NIST_GROUND,fixed_month_11,2017-11-15 10:00:00-05:00,17,1.4166666666666667,188.4,177.5004425048828,119.1,166.22,42
NIST_GROUND,fixed_month_11,2017-11-15 10:00:00-05:00,18,1.5,180.04000000000002,175.2202606201172,161.88,166.22,42
NIST_GROUND,fixed_month_11,2017-11-15 10:00:00-05:00,19,1.5833333333333333,184.07999999999998,172.34039306640625,172.56,166.22,42
NIST_GROUND,fixed_month_11,2017-11-15 10:00:00-05:00,20,1.6666666666666667,192.85999999999999,170.2640838623047,166.48,166.22,42
NIST_GROUND,fixed_month_11,2017-11-15 10:00:00-05:00,21,1.75,184.7,166.9876251220703,164.78,166.22,42
NIST_GROUND,fixed_month_11,2017-11-15 10:00:00-05:00,22,1.8333333333333333,188.9,169.95277404785156,161.16,166.22,42
NIST_GROUND,fixed_month_11,2017-11-15 10:00:00-05:00,23,1.9166666666666667,184.82,167.4879913330078,115.6,166.22,42
NIST_GROUND,fixed_month_11,2017-11-15 10:00:00-05:00,24,2.0,177.88,164.34202575683594,113.08,166.22,42
NIST_GROUND,fixed_month_11,2017-11-15 10:00:00-05:00,25,2.0833333333333335,188.06,165.8132781982422,122.82000000000001,166.22,42
NIST_GROUND,fixed_month_11,2017-11-15 10:00:00-05:00,26,2.1666666666666665,189.52,160.1974334716797,115.29,166.22,42
NIST_GROUND,fixed_month_11,2017-11-15 10:00:00-05:00,27,2.25,159.0,153.90744018554688,60.896,166.22,42
NIST_GROUND,fixed_month_11,2017-11-15 10:00:00-05:00,28,2.3333333333333335,185.68,157.89830017089844,54.098,166.22,42
NIST_GROUND,fixed_month_11,2017-11-15 10:00:00-05:00,29,2.4166666666666665,174.2,163.43789672851562,44.254000000000005,166.22,42
NIST_GROUND,fixed_month_11,2017-11-15 10:00:00-05:00,30,2.5,176.42000000000002,162.0091552734375,43.428000000000004,166.22,42
NIST_GROUND,fixed_month_11,2017-11-15 10:00:00-05:00,31,2.5833333333333335,188.74,157.8444366455078,50.034,166.22,42
NIST_GROUND,fixed_month_11,2017-11-15 10:00:00-05:00,32,2.6666666666666665,185.1,153.3102264404297,59.2,166.22,42
NIST_GROUND,fixed_month_11,2017-11-15 10:00:00-05:00,33,2.75,111.94000000000001,146.5698699951172,62.682,166.22,42
NIST_GROUND,fixed_month_11,2017-11-15 10:00:00-05:00,34,2.8333333333333335,110.58,151.09591674804688,55.984,166.22,42
NIST_GROUND,fixed_month_11,2017-11-15 10:00:00-05:00,35,2.9166666666666665,148.16,148.27125549316406,42.53,166.22,42
NIST_GROUND,fixed_month_11,2017-11-15 10:00:00-05:00,36,3.0,189.22,147.73019409179688,35.346000000000004,166.22,42
NIST_GROUND,fixed_month_11,2017-11-15 10:00:00-05:00,37,3.0833333333333335,185.95999999999998,144.29200744628906,37.95399999999999,166.22,42
NIST_GROUND,fixed_month_11,2017-11-15 10:00:00-05:00,38,3.1666666666666665,169.2,144.42694091796875,39.11,166.22,42
NIST_GROUND,fixed_month_11,2017-11-15 10:00:00-05:00,39,3.25,148.94,147.2852325439453,34.802,166.22,42
NIST_GROUND,fixed_month_11,2017-11-15 10:00:00-05:00,40,3.3333333333333335,100.6,143.8848114013672,30.844,166.22,42
NIST_GROUND,fixed_month_11,2017-11-15 10:00:00-05:00,41,3.4166666666666665,108.076,145.43043518066406,29.264,166.22,42
NIST_GROUND,fixed_month_11,2017-11-15 10:00:00-05:00,42,3.5,127.896,142.87118530273438,30.682,166.22,42
NIST_GROUND,fixed_month_11,2017-11-15 10:00:00-05:00,43,3.5833333333333335,141.9,137.40513610839844,31.133999999999997,166.22,42
NIST_GROUND,fixed_month_11,2017-11-15 10:00:00-05:00,44,3.6666666666666665,168.56,130.66683959960938,32.33200000000001,166.22,42
NIST_GROUND,fixed_month_11,2017-11-15 10:00:00-05:00,45,3.75,148.76,131.5173797607422,31.226,166.22,42
NIST_GROUND,fixed_month_11,2017-11-15 10:00:00-05:00,46,3.8333333333333335,143.554,134.37095642089844,30.46,166.22,42
NIST_GROUND,fixed_month_11,2017-11-15 10:00:00-05:00,47,3.9166666666666665,149.78000000000003,133.42959594726562,28.676,166.22,42
NIST_GROUND,fixed_month_11,2017-11-15 10:00:00-05:00,48,4.0,155.44,129.65682983398438,25.904000000000003,166.22,42
NIST_GROUND,fixed_month_11,2017-11-15 10:00:00-05:00,49,4.083333333333333,145.35999999999999,128.26841735839844,23.503999999999998,166.22,42
NIST_GROUND,fixed_month_11,2017-11-15 10:00:00-05:00,50,4.166666666666667,148.72,126.58143615722656,22.812,166.22,42
NIST_GROUND,fixed_month_11,2017-11-15 10:00:00-05:00,51,4.25,146.45999999999998,122.48187255859375,23.078,166.22,42
NIST_GROUND,fixed_month_11,2017-11-15 10:00:00-05:00,52,4.333333333333333,129.7,120.68539428710938,22.282,166.22,42
NIST_GROUND,fixed_month_11,2017-11-15 10:00:00-05:00,53,4.416666666666667,126.54,118.44013214111328,19.994,166.22,42
NIST_GROUND,fixed_month_11,2017-11-15 10:00:00-05:00,54,4.5,137.24,113.4286117553711,19.404,166.22,42
NIST_GROUND,fixed_month_11,2017-11-15 10:00:00-05:00,55,4.583333333333333,124.02000000000001,112.50270080566406,17.486,166.22,42
NIST_GROUND,fixed_month_11,2017-11-15 10:00:00-05:00,56,4.666666666666667,135.56,112.45280456542969,15.516,166.22,42
NIST_GROUND,fixed_month_11,2017-11-15 10:00:00-05:00,57,4.75,112.32000000000001,110.65637969970703,14.536000000000001,166.22,42
NIST_GROUND,fixed_month_11,2017-11-15 10:00:00-05:00,58,4.833333333333333,92.186,100.70140838623047,13.636000000000001,166.22,42
NIST_GROUND,fixed_month_11,2017-11-15 10:00:00-05:00,59,4.916666666666667,74.976,102.83938598632812,12.065999999999999,166.22,42
NIST_GROUND,fixed_month_11,2017-11-15 10:00:00-05:00,60,5.0,39.472,100.29125213623047,12.059999999999999,166.22,42
NIST_GROUND,fixed_month_11,2017-11-15 10:00:00-05:00,61,5.083333333333333,38.706,97.25081634521484,13.294,166.22,42
NIST_GROUND,fixed_month_11,2017-11-15 10:00:00-05:00,62,5.166666666666667,34.29600000000001,91.7472915649414,13.782,166.22,42
NIST_GROUND,fixed_month_11,2017-11-15 10:00:00-05:00,63,5.25,42.13,90.55060577392578,13.984,166.22,42
NIST_GROUND,fixed_month_11,2017-11-15 10:00:00-05:00,64,5.333333333333333,30.892000000000003,85.63055419921875,13.634,166.22,42
NIST_GROUND,fixed_month_11,2017-11-15 10:00:00-05:00,65,5.416666666666667,26.232,83.83116149902344,11.358,166.22,42
NIST_GROUND,fixed_month_11,2017-11-15 10:00:00-05:00,66,5.5,42.13,83.73892211914062,,166.22,42
NIST_GROUND,fixed_month_11,2017-11-15 10:00:00-05:00,67,5.583333333333333,37.118,81.74958801269531,10.022,166.22,42
NIST_GROUND,fixed_month_11,2017-11-15 10:00:00-05:00,68,5.666666666666667,43.152,71.9083251953125,9.104,166.22,42
NIST_GROUND,fixed_month_11,2017-11-15 10:00:00-05:00,69,5.75,27.028,69.19126892089844,7.491,166.22,42
NIST_GROUND,fixed_month_11,2017-11-15 10:00:00-05:00,70,5.833333333333333,27.216,71.67543029785156,6.0296,166.22,42
NIST_GROUND,fixed_month_11,2017-11-15 10:00:00-05:00,71,5.916666666666667,17.65,59.73836898803711,2.7534,166.22,42
NIST_GROUND,fixed_month_11,2017-11-15 10:00:00-05:00,72,6.0,15.524000000000001,62.69898223876953,2.1879999999999997,166.22,42
NIST_GROUND,fixed_month_11,2017-11-15 10:00:00-05:00,73,6.083333333333333,8.7896,56.040565490722656,2.1972,166.22,42
NIST_GROUND,fixed_month_11,2017-11-15 10:00:00-05:00,74,6.166666666666667,5.7452,52.47216796875,2.1896,166.22,42
NIST_GROUND,fixed_month_11,2017-11-15 10:00:00-05:00,75,6.25,2.6078,53.13450241088867,1.4132,166.22,42
NIST_GROUND,fixed_month_11,2017-11-15 10:00:00-05:00,76,6.333333333333333,1.8706,48.9591064453125,0.8914,166.22,42
NIST_GROUND,fixed_month_11,2017-11-15 10:00:00-05:00,77,6.416666666666667,1.5306000000000002,46.076839447021484,0.43520000000000003,166.22,42
NIST_GROUND,fixed_month_11,2017-11-15 10:00:00-05:00,78,6.5,0.7774,42.10927963256836,0.1244,166.22,42
NIST_GROUND,fixed_month_11,2017-11-15 10:00:00-05:00,79,6.583333333333333,0.0372,40.82585144042969,-0.1458,166.22,42
NIST_GROUND,fixed_month_11,2017-11-15 10:00:00-05:00,80,6.666666666666667,-0.11400000000000002,36.35053634643555,-0.047200000000000006,166.22,42
NIST_GROUND,fixed_month_11,2017-11-15 10:00:00-05:00,81,6.75,-0.1466,35.55765151977539,-0.19739999999999996,166.22,42
NIST_GROUND,fixed_month_11,2017-11-15 10:00:00-05:00,82,6.833333333333333,-0.409,33.439064025878906,-0.3868,166.22,42
NIST_GROUND,fixed_month_11,2017-11-15 10:00:00-05:00,83,6.916666666666667,-0.369,31.08292579650879,-0.5176000000000001,166.22,42
NIST_GROUND,fixed_month_11,2017-11-15 10:00:00-05:00,84,7.0,-0.3016,29.000484466552734,-0.3064,166.22,42
NIST_GROUND,fixed_month_11,2017-11-15 10:00:00-05:00,85,7.083333333333333,-0.2582,23.81070327758789,-0.2404,166.22,42
NIST_GROUND,fixed_month_11,2017-11-15 10:00:00-05:00,86,7.166666666666667,0.0,24.332727432250977,0.0,166.22,42
NIST_GROUND,fixed_month_11,2017-11-15 10:00:00-05:00,87,7.25,0.0,22.25377655029297,0.0,166.22,42
NIST_GROUND,fixed_month_11,2017-11-15 10:00:00-05:00,88,7.333333333333333,0.0,15.113272666931152,0.0,166.22,42
NIST_GROUND,fixed_month_11,2017-11-15 10:00:00-05:00,89,7.416666666666667,0.0,20.131290435791016,0.0,166.22,42
NIST_GROUND,fixed_month_11,2017-11-15 10:00:00-05:00,90,7.5,0.0,13.347142219543457,0.0,166.22,42
NIST_GROUND,fixed_month_11,2017-11-15 10:00:00-05:00,91,7.583333333333333,0.0,10.227825164794922,0.0,166.22,42
NIST_GROUND,fixed_month_11,2017-11-15 10:00:00-05:00,92,7.666666666666667,0.0,14.410749435424805,0.0,166.22,42
NIST_GROUND,fixed_month_11,2017-11-15 10:00:00-05:00,93,7.75,0.0,15.467850685119629,0.0,166.22,42
NIST_GROUND,fixed_month_11,2017-11-15 10:00:00-05:00,94,7.833333333333333,0.0,10.822748184204102,0.0,166.22,42
NIST_GROUND,fixed_month_11,2017-11-15 10:00:00-05:00,95,7.916666666666667,0.0,10.300577163696289,0.0,166.22,42
NIST_GROUND,fixed_month_11,2017-11-15 10:00:00-05:00,96,8.0,0.0,7.919564723968506,0.0,166.22,42
NIST_GROUND,fixed_month_11,2017-11-15 10:00:00-05:00,97,8.083333333333334,0.0,5.459922790527344,0.0,166.22,42
NIST_GROUND,fixed_month_11,2017-11-15 10:00:00-05:00,98,8.166666666666666,0.0,3.165473222732544,0.0,166.22,42
NIST_GROUND,fixed_month_11,2017-11-15 10:00:00-05:00,99,8.25,0.0,3.3770856857299805,0.0,166.22,42
NIST_GROUND,fixed_month_11,2017-11-15 10:00:00-05:00,100,8.333333333333334,0.0,4.437957763671875,0.0,166.22,42
NIST_GROUND,fixed_month_11,2017-11-15 10:00:00-05:00,101,8.416666666666666,0.0,0.07894112169742584,0.0,166.22,42
NIST_GROUND,fixed_month_11,2017-11-15 10:00:00-05:00,102,8.5,0.0,1.5606023073196411,0.0,166.22,42
NIST_GROUND,fixed_month_11,2017-11-15 10:00:00-05:00,103,8.583333333333334,0.0,4.019224643707275,0.0,166.22,42
NIST_GROUND,fixed_month_11,2017-11-15 10:00:00-05:00,104,8.666666666666666,0.0,-0.1986209601163864,0.0,166.22,42
NIST_GROUND,fixed_month_11,2017-11-15 10:00:00-05:00,105,8.75,0.0,-1.1562485694885254,0.0,166.22,42
NIST_GROUND,fixed_month_11,2017-11-15 10:00:00-05:00,106,8.833333333333334,0.0,-2.9748501777648926,0.0,166.22,42
NIST_GROUND,fixed_month_11,2017-11-15 10:00:00-05:00,107,8.916666666666666,0.0,-4.1567301750183105,0.0,166.22,42
NIST_GROUND,fixed_month_11,2017-11-15 10:00:00-05:00,108,9.0,0.0,-1.072948694229126,0.0,166.22,42
NIST_GROUND,fixed_month_11,2017-11-15 10:00:00-05:00,109,9.083333333333334,0.0,-2.5232017040252686,0.0,166.22,42
NIST_GROUND,fixed_month_11,2017-11-15 10:00:00-05:00,110,9.166666666666666,0.0,-2.6803903579711914,0.0,166.22,42
NIST_GROUND,fixed_month_11,2017-11-15 10:00:00-05:00,111,9.25,0.0,-0.6916611790657043,0.0,166.22,42
NIST_GROUND,fixed_month_11,2017-11-15 10:00:00-05:00,112,9.333333333333334,0.0,0.6110081672668457,0.0,166.22,42
NIST_GROUND,fixed_month_11,2017-11-15 10:00:00-05:00,113,9.416666666666666,0.0,-1.902262568473816,0.0,166.22,42
NIST_GROUND,fixed_month_11,2017-11-15 10:00:00-05:00,114,9.5,0.0,-2.533339262008667,0.0,166.22,42
NIST_GROUND,fixed_month_11,2017-11-15 10:00:00-05:00,115,9.583333333333334,0.0,-1.3292287588119507,0.0,166.22,42
NIST_GROUND,fixed_month_11,2017-11-15 10:00:00-05:00,116,9.666666666666666,0.0,-2.5447261333465576,0.0,166.22,42
NIST_GROUND,fixed_month_11,2017-11-15 10:00:00-05:00,117,9.75,0.0,-6.896514415740967,0.0,166.22,42
NIST_GROUND,fixed_month_11,2017-11-15 10:00:00-05:00,118,9.833333333333334,0.0,-4.53035831451416,0.0,166.22,42
NIST_GROUND,fixed_month_11,2017-11-15 10:00:00-05:00,119,9.916666666666666,0.0,-5.601685047149658,0.0,166.22,42
NIST_GROUND,fixed_month_11,2017-11-15 10:00:00-05:00,120,10.0,0.0,-2.0131051540374756,0.0,166.22,42
NIST_GROUND,fixed_month_11,2017-11-15 10:00:00-05:00,121,10.083333333333334,0.0,-3.9131510257720947,0.0,166.22,42
NIST_GROUND,fixed_month_11,2017-11-15 10:00:00-05:00,122,10.166666666666666,0.0,-4.809072971343994,0.0,166.22,42
NIST_GROUND,fixed_month_11,2017-11-15 10:00:00-05:00,123,10.25,0.0,-4.29046106338501,,166.22,42
NIST_GROUND,fixed_month_11,2017-11-15 10:00:00-05:00,124,10.333333333333334,0.0,-4.912497520446777,0.0,166.22,42
NIST_GROUND,fixed_month_11,2017-11-15 10:00:00-05:00,125,10.416666666666666,0.0,-2.046536922454834,0.0,166.22,42
NIST_GROUND,fixed_month_11,2017-11-15 10:00:00-05:00,126,10.5,0.0,-4.585251808166504,0.0,166.22,42
NIST_GROUND,fixed_month_11,2017-11-15 10:00:00-05:00,127,10.583333333333334,0.0,-2.9577395915985107,0.0,166.22,42
NIST_GROUND,fixed_month_11,2017-11-15 10:00:00-05:00,128,10.666666666666666,0.0,-0.32177290320396423,0.0,166.22,42
NIST_GROUND,fixed_month_11,2017-11-15 10:00:00-05:00,129,10.75,0.0,-2.603569507598877,0.0,166.22,42
NIST_GROUND,fixed_month_11,2017-11-15 10:00:00-05:00,130,10.833333333333334,0.0,-0.7846403121948242,0.0,166.22,42
NIST_GROUND,fixed_month_11,2017-11-15 10:00:00-05:00,131,10.916666666666666,0.0,-0.8834896683692932,0.0,166.22,42
NIST_GROUND,fixed_month_11,2017-11-15 10:00:00-05:00,132,11.0,0.0,-2.788512706756592,0.0,166.22,42
NIST_GROUND,fixed_month_11,2017-11-15 10:00:00-05:00,133,11.083333333333334,0.0,-1.3942444324493408,0.0,166.22,42
NIST_GROUND,fixed_month_11,2017-11-15 10:00:00-05:00,134,11.166666666666666,0.0,-0.12312953919172287,0.0,166.22,42
NIST_GROUND,fixed_month_11,2017-11-15 10:00:00-05:00,135,11.25,0.0,-2.92319655418396,0.0,166.22,42
NIST_GROUND,fixed_month_11,2017-11-15 10:00:00-05:00,136,11.333333333333334,0.0,-2.6990020275115967,0.0,166.22,42
NIST_GROUND,fixed_month_11,2017-11-15 10:00:00-05:00,137,11.416666666666666,0.0,0.24256832897663116,0.0,166.22,42
NIST_GROUND,fixed_month_11,2017-11-15 10:00:00-05:00,138,11.5,0.0,-2.0742998123168945,0.0,166.22,42
NIST_GROUND,fixed_month_11,2017-11-15 10:00:00-05:00,139,11.583333333333334,0.0,-0.9874805212020874,0.0,166.22,42
NIST_GROUND,fixed_month_11,2017-11-15 10:00:00-05:00,140,11.666666666666666,0.0,0.6182642579078674,0.0,166.22,42
NIST_GROUND,fixed_month_11,2017-11-15 10:00:00-05:00,141,11.75,0.0,3.115410089492798,0.0,166.22,42
NIST_GROUND,fixed_month_11,2017-11-15 10:00:00-05:00,142,11.833333333333334,0.0,3.7700939178466797,0.0,166.22,42
NIST_GROUND,fixed_month_11,2017-11-15 10:00:00-05:00,143,11.916666666666666,0.0,2.911979913711548,0.0,166.22,42
NIST_GROUND,fixed_month_11,2017-11-15 10:00:00-05:00,144,12.0,0.0,1.2970104217529297,0.0,166.22,42
NIST_GROUND,fixed_month_12,2017-12-15 10:00:00-05:00,1,0.08333333333333333,6.0016,-5.832053184509277,25.686,2.6404,42
NIST_GROUND,fixed_month_12,2017-12-15 10:00:00-05:00,2,0.16666666666666666,6.877,-5.096986770629883,11.652,2.6404,42
NIST_GROUND,fixed_month_12,2017-12-15 10:00:00-05:00,3,0.25,8.51,0.055408257991075516,9.052,2.6404,42
NIST_GROUND,fixed_month_12,2017-12-15 10:00:00-05:00,4,0.3333333333333333,9.27,-0.8303766250610352,17.618000000000002,2.6404,42
NIST_GROUND,fixed_month_12,2017-12-15 10:00:00-05:00,5,0.4166666666666667,8.6188,-0.05038294941186905,21.163999999999998,2.6404,42
NIST_GROUND,fixed_month_12,2017-12-15 10:00:00-05:00,6,0.5,9.894,0.7739635705947876,29.137999999999998,2.6404,42
NIST_GROUND,fixed_month_12,2017-12-15 10:00:00-05:00,7,0.5833333333333334,9.302,-0.5399993062019348,100.88000000000001,2.6404,42
NIST_GROUND,fixed_month_12,2017-12-15 10:00:00-05:00,8,0.6666666666666666,7.857600000000001,1.0159423351287842,182.85999999999999,2.6404,42
NIST_GROUND,fixed_month_12,2017-12-15 10:00:00-05:00,9,0.75,5.6892,2.787627935409546,184.3,2.6404,42
NIST_GROUND,fixed_month_12,2017-12-15 10:00:00-05:00,10,0.8333333333333334,6.780800000000001,5.6577301025390625,184.66,2.6404,42
NIST_GROUND,fixed_month_12,2017-12-15 10:00:00-05:00,11,0.9166666666666666,6.8957999999999995,8.82148265838623,188.7,2.6404,42
NIST_GROUND,fixed_month_12,2017-12-15 10:00:00-05:00,12,1.0,3.9486000000000003,9.839638710021973,197.92000000000002,2.6404,42
NIST_GROUND,fixed_month_12,2017-12-15 10:00:00-05:00,13,1.0833333333333333,3.3848,12.04939079284668,206.7,2.6404,42
NIST_GROUND,fixed_month_12,2017-12-15 10:00:00-05:00,14,1.1666666666666667,5.6524,12.526514053344727,104.862,2.6404,42
NIST_GROUND,fixed_month_12,2017-12-15 10:00:00-05:00,15,1.25,5.7196,12.046629905700684,60.496,2.6404,42
NIST_GROUND,fixed_month_12,2017-12-15 10:00:00-05:00,16,1.3333333333333333,7.0426,13.514594078063965,19.45,2.6404,42
NIST_GROUND,fixed_month_12,2017-12-15 10:00:00-05:00,17,1.4166666666666667,6.6938,14.67579174041748,15.338,2.6404,42
NIST_GROUND,fixed_month_12,2017-12-15 10:00:00-05:00,18,1.5,7.983199999999999,17.084077835083008,22.134,2.6404,42
NIST_GROUND,fixed_month_12,2017-12-15 10:00:00-05:00,19,1.5833333333333333,8.047999999999998,17.72722053527832,31.234,2.6404,42
NIST_GROUND,fixed_month_12,2017-12-15 10:00:00-05:00,20,1.6666666666666667,8.16,18.202402114868164,49.782,2.6404,42
NIST_GROUND,fixed_month_12,2017-12-15 10:00:00-05:00,21,1.75,8.828399999999998,20.155160903930664,53.29,2.6404,42
NIST_GROUND,fixed_month_12,2017-12-15 10:00:00-05:00,22,1.8333333333333333,11.075999999999999,23.509525299072266,65.96799999999999,2.6404,42
NIST_GROUND,fixed_month_12,2017-12-15 10:00:00-05:00,23,1.9166666666666667,9.496,23.881502151489258,184.22,2.6404,42
NIST_GROUND,fixed_month_12,2017-12-15 10:00:00-05:00,24,2.0,12.315999999999999,21.641056060791016,202.3,2.6404,42
NIST_GROUND,fixed_month_12,2017-12-15 10:00:00-05:00,25,2.0833333333333335,8.6216,24.21245574951172,144.572,2.6404,42
NIST_GROUND,fixed_month_12,2017-12-15 10:00:00-05:00,26,2.1666666666666665,8.14,25.69231605529785,108.03,2.6404,42
NIST_GROUND,fixed_month_12,2017-12-15 10:00:00-05:00,27,2.25,9.126000000000001,24.885257720947266,46.926,2.6404,42
NIST_GROUND,fixed_month_12,2017-12-15 10:00:00-05:00,28,2.3333333333333335,7.5642,26.873620986938477,47.704,2.6404,42
NIST_GROUND,fixed_month_12,2017-12-15 10:00:00-05:00,29,2.4166666666666665,7.344200000000001,31.937759399414062,66.14200000000001,2.6404,42
NIST_GROUND,fixed_month_12,2017-12-15 10:00:00-05:00,30,2.5,8.406400000000001,33.034019470214844,66.01599999999999,2.6404,42
NIST_GROUND,fixed_month_12,2017-12-15 10:00:00-05:00,31,2.5833333333333335,7.228199999999999,32.06769561767578,52.92,2.6404,42
NIST_GROUND,fixed_month_12,2017-12-15 10:00:00-05:00,32,2.6666666666666665,6.955,28.986650466918945,70.488,2.6404,42
NIST_GROUND,fixed_month_12,2017-12-15 10:00:00-05:00,33,2.75,9.1154,26.976612091064453,77.736,2.6404,42
NIST_GROUND,fixed_month_12,2017-12-15 10:00:00-05:00,34,2.8333333333333335,6.2416,30.245996475219727,141.55599999999998,2.6404,42
NIST_GROUND,fixed_month_12,2017-12-15 10:00:00-05:00,35,2.9166666666666665,1.6143999999999998,29.156347274780273,121.502,2.6404,42
NIST_GROUND,fixed_month_12,2017-12-15 10:00:00-05:00,36,3.0,6.106,32.572486877441406,41.522000000000006,2.6404,42
NIST_GROUND,fixed_month_12,2017-12-15 10:00:00-05:00,37,3.0833333333333335,2.1079999999999997,32.832679748535156,32.972,2.6404,42
NIST_GROUND,fixed_month_12,2017-12-15 10:00:00-05:00,38,3.1666666666666665,1.5402,34.533912658691406,36.338,2.6404,42
NIST_GROUND,fixed_month_12,2017-12-15 10:00:00-05:00,39,3.25,1.5486,36.693599700927734,34.208000000000006,2.6404,42
NIST_GROUND,fixed_month_12,2017-12-15 10:00:00-05:00,40,3.3333333333333335,2.2752000000000003,41.22301483154297,38.884,2.6404,42
NIST_GROUND,fixed_month_12,2017-12-15 10:00:00-05:00,41,3.4166666666666665,2.1652,42.11279296875,87.036,2.6404,42
NIST_GROUND,fixed_month_12,2017-12-15 10:00:00-05:00,42,3.5,2.0422000000000002,42.38286590576172,190.6,2.6404,42
NIST_GROUND,fixed_month_12,2017-12-15 10:00:00-05:00,43,3.5833333333333335,2.064,35.65259552001953,181.45999999999998,2.6404,42
NIST_GROUND,fixed_month_12,2017-12-15 10:00:00-05:00,44,3.6666666666666665,1.8288,36.917110443115234,173.26,2.6404,42
NIST_GROUND,fixed_month_12,2017-12-15 10:00:00-05:00,45,3.75,1.0366,36.61685562133789,143.14000000000001,2.6404,42
NIST_GROUND,fixed_month_12,2017-12-15 10:00:00-05:00,46,3.8333333333333335,0.9488,38.794189453125,133.1,2.6404,42
NIST_GROUND,fixed_month_12,2017-12-15 10:00:00-05:00,47,3.9166666666666665,0.7253999999999999,41.27583694458008,148.66,2.6404,42
NIST_GROUND,fixed_month_12,2017-12-15 10:00:00-05:00,48,4.0,0.6910000000000001,38.965057373046875,146.7,2.6404,42
NIST_GROUND,fixed_month_12,2017-12-15 10:00:00-05:00,49,4.083333333333333,0.8629999999999999,41.11385726928711,148.2,2.6404,42
NIST_GROUND,fixed_month_12,2017-12-15 10:00:00-05:00,50,4.166666666666667,0.9712,38.80056381225586,116.05999999999999,2.6404,42
NIST_GROUND,fixed_month_12,2017-12-15 10:00:00-05:00,51,4.25,0.7258,40.36212921142578,133.98,2.6404,42
NIST_GROUND,fixed_month_12,2017-12-15 10:00:00-05:00,52,4.333333333333333,-0.1532,40.31965255737305,129.38,2.6404,42
NIST_GROUND,fixed_month_12,2017-12-15 10:00:00-05:00,53,4.416666666666667,-0.1918,38.242618560791016,124.8,2.6404,42
NIST_GROUND,fixed_month_12,2017-12-15 10:00:00-05:00,54,4.5,-0.2266,36.71914291381836,86.40599999999999,2.6404,42
NIST_GROUND,fixed_month_12,2017-12-15 10:00:00-05:00,55,4.583333333333333,-0.1574,37.389747619628906,114.67999999999999,2.6404,42
NIST_GROUND,fixed_month_12,2017-12-15 10:00:00-05:00,56,4.666666666666667,-0.20659999999999998,37.30385208129883,127.58,2.6404,42
NIST_GROUND,fixed_month_12,2017-12-15 10:00:00-05:00,57,4.75,-0.1658,34.42390441894531,97.968,2.6404,42
NIST_GROUND,fixed_month_12,2017-12-15 10:00:00-05:00,58,4.833333333333333,0.0658,34.49264907836914,73.21,2.6404,42
NIST_GROUND,fixed_month_12,2017-12-15 10:00:00-05:00,59,4.916666666666667,-0.005000000000000002,33.024330139160156,74.258,2.6404,42
NIST_GROUND,fixed_month_12,2017-12-15 10:00:00-05:00,60,5.0,-0.1456,30.584320068359375,83.55799999999999,2.6404,42
NIST_GROUND,fixed_month_12,2017-12-15 10:00:00-05:00,61,5.083333333333333,-0.20579999999999998,29.077125549316406,81.542,2.6404,42
NIST_GROUND,fixed_month_12,2017-12-15 10:00:00-05:00,62,5.166666666666667,-0.25860000000000005,28.887235641479492,94.04,2.6404,42
NIST_GROUND,fixed_month_12,2017-12-15 10:00:00-05:00,63,5.25,-0.2626,29.020532608032227,74.44800000000001,2.6404,42
NIST_GROUND,fixed_month_12,2017-12-15 10:00:00-05:00,64,5.333333333333333,-0.22279999999999997,28.234317779541016,76.078,2.6404,42
NIST_GROUND,fixed_month_12,2017-12-15 10:00:00-05:00,65,5.416666666666667,-0.0764,30.357332229614258,80.164,2.6404,42
NIST_GROUND,fixed_month_12,2017-12-15 10:00:00-05:00,66,5.5,-0.068,26.585962295532227,72.812,2.6404,42
NIST_GROUND,fixed_month_12,2017-12-15 10:00:00-05:00,67,5.583333333333333,-0.06639999999999999,24.853261947631836,71.71799999999999,2.6404,42
NIST_GROUND,fixed_month_12,2017-12-15 10:00:00-05:00,68,5.666666666666667,-0.3004,25.117950439453125,65.188,2.6404,42
NIST_GROUND,fixed_month_12,2017-12-15 10:00:00-05:00,69,5.75,-0.37039999999999995,24.147817611694336,61.55,2.6404,42
NIST_GROUND,fixed_month_12,2017-12-15 10:00:00-05:00,70,5.833333333333333,-0.4368,29.315340042114258,42.332,2.6404,42
NIST_GROUND,fixed_month_12,2017-12-15 10:00:00-05:00,71,5.916666666666667,-0.46440000000000003,22.999149322509766,11.7118,2.6404,42
NIST_GROUND,fixed_month_12,2017-12-15 10:00:00-05:00,72,6.0,-0.40380000000000005,24.18311882019043,4.587400000000001,2.6404,42
NIST_GROUND,fixed_month_12,2017-12-15 10:00:00-05:00,73,6.083333333333333,-0.316,21.628347396850586,1.6936,2.6404,42
NIST_GROUND,fixed_month_12,2017-12-15 10:00:00-05:00,74,6.166666666666667,-0.16840000000000002,18.500648498535156,1.0879999999999999,2.6404,42
NIST_GROUND,fixed_month_12,2017-12-15 10:00:00-05:00,75,6.25,-0.124,21.320648193359375,0.8482,2.6404,42
NIST_GROUND,fixed_month_12,2017-12-15 10:00:00-05:00,76,6.333333333333333,-0.2048,17.968286514282227,0.7,2.6404,42
NIST_GROUND,fixed_month_12,2017-12-15 10:00:00-05:00,77,6.416666666666667,-0.362,15.906537055969238,0.487,2.6404,42
NIST_GROUND,fixed_month_12,2017-12-15 10:00:00-05:00,78,6.5,-0.3536,14.96172046661377,0.26739999999999997,2.6404,42
NIST_GROUND,fixed_month_12,2017-12-15 10:00:00-05:00,79,6.583333333333333,-0.2116,15.088573455810547,0.40359999999999996,2.6404,42
NIST_GROUND,fixed_month_12,2017-12-15 10:00:00-05:00,80,6.666666666666667,-0.3438,13.297273635864258,-0.14479999999999998,2.6404,42
NIST_GROUND,fixed_month_12,2017-12-15 10:00:00-05:00,81,6.75,-0.3956,12.981253623962402,-0.1252,2.6404,42
NIST_GROUND,fixed_month_12,2017-12-15 10:00:00-05:00,82,6.833333333333333,-0.5056,16.66759490966797,-0.2802,2.6404,42
NIST_GROUND,fixed_month_12,2017-12-15 10:00:00-05:00,83,6.916666666666667,-0.5803999999999999,13.16395378112793,-0.3658,2.6404,42
NIST_GROUND,fixed_month_12,2017-12-15 10:00:00-05:00,84,7.0,-0.353,10.327509880065918,-0.4514,2.6404,42
NIST_GROUND,fixed_month_12,2017-12-15 10:00:00-05:00,85,7.083333333333333,-0.074,9.756658554077148,-0.3706,2.6404,42
NIST_GROUND,fixed_month_12,2017-12-15 10:00:00-05:00,86,7.166666666666667,0.0,10.704059600830078,-0.0014,2.6404,42
NIST_GROUND,fixed_month_12,2017-12-15 10:00:00-05:00,87,7.25,0.0,10.740970611572266,0.0,2.6404,42
NIST_GROUND,fixed_month_12,2017-12-15 10:00:00-05:00,88,7.333333333333333,0.0,6.104628562927246,0.0,2.6404,42
NIST_GROUND,fixed_month_12,2017-12-15 10:00:00-05:00,89,7.416666666666667,0.0,1.967290997505188,0.0,2.6404,42
NIST_GROUND,fixed_month_12,2017-12-15 10:00:00-05:00,90,7.5,0.0,2.809025764465332,0.0,2.6404,42
NIST_GROUND,fixed_month_12,2017-12-15 10:00:00-05:00,91,7.583333333333333,0.0,1.081508755683899,0.0,2.6404,42
NIST_GROUND,fixed_month_12,2017-12-15 10:00:00-05:00,92,7.666666666666667,0.0,3.410773754119873,0.0,2.6404,42
NIST_GROUND,fixed_month_12,2017-12-15 10:00:00-05:00,93,7.75,0.0,4.5164337158203125,0.0,2.6404,42
NIST_GROUND,fixed_month_12,2017-12-15 10:00:00-05:00,94,7.833333333333333,0.0,1.5268522500991821,0.0,2.6404,42
NIST_GROUND,fixed_month_12,2017-12-15 10:00:00-05:00,95,7.916666666666667,0.0,2.5167603492736816,0.0,2.6404,42
NIST_GROUND,fixed_month_12,2017-12-15 10:00:00-05:00,96,8.0,0.0,-3.8581249713897705,0.0,2.6404,42
NIST_GROUND,fixed_month_12,2017-12-15 10:00:00-05:00,97,8.083333333333334,0.0,-7.134770393371582,0.0,2.6404,42
NIST_GROUND,fixed_month_12,2017-12-15 10:00:00-05:00,98,8.166666666666666,0.0,-7.904623508453369,0.0,2.6404,42
NIST_GROUND,fixed_month_12,2017-12-15 10:00:00-05:00,99,8.25,0.0,-7.244009017944336,0.0,2.6404,42
NIST_GROUND,fixed_month_12,2017-12-15 10:00:00-05:00,100,8.333333333333334,0.0,-9.276460647583008,0.0,2.6404,42
NIST_GROUND,fixed_month_12,2017-12-15 10:00:00-05:00,101,8.416666666666666,0.0,-9.924712181091309,0.0,2.6404,42
NIST_GROUND,fixed_month_12,2017-12-15 10:00:00-05:00,102,8.5,0.0,-10.23139476776123,0.0,2.6404,42
NIST_GROUND,fixed_month_12,2017-12-15 10:00:00-05:00,103,8.583333333333334,0.0,-12.056195259094238,0.0,2.6404,42
NIST_GROUND,fixed_month_12,2017-12-15 10:00:00-05:00,104,8.666666666666666,0.0,-12.854862213134766,0.0,2.6404,42
NIST_GROUND,fixed_month_12,2017-12-15 10:00:00-05:00,105,8.75,0.0,-11.973297119140625,0.0,2.6404,42
NIST_GROUND,fixed_month_12,2017-12-15 10:00:00-05:00,106,8.833333333333334,0.0,-17.013023376464844,0.0,2.6404,42
NIST_GROUND,fixed_month_12,2017-12-15 10:00:00-05:00,107,8.916666666666666,0.0,-19.248470306396484,,2.6404,42
NIST_GROUND,fixed_month_12,2017-12-15 10:00:00-05:00,108,9.0,0.0,-17.58182144165039,0.0,2.6404,42
NIST_GROUND,fixed_month_12,2017-12-15 10:00:00-05:00,109,9.083333333333334,0.0,-17.529796600341797,0.0,2.6404,42
NIST_GROUND,fixed_month_12,2017-12-15 10:00:00-05:00,110,9.166666666666666,0.0,-18.222213745117188,0.0,2.6404,42
NIST_GROUND,fixed_month_12,2017-12-15 10:00:00-05:00,111,9.25,0.0,-19.205812454223633,0.0,2.6404,42
NIST_GROUND,fixed_month_12,2017-12-15 10:00:00-05:00,112,9.333333333333334,0.0,-18.70404624938965,0.0,2.6404,42
NIST_GROUND,fixed_month_12,2017-12-15 10:00:00-05:00,113,9.416666666666666,0.0,-20.850263595581055,0.0,2.6404,42
NIST_GROUND,fixed_month_12,2017-12-15 10:00:00-05:00,114,9.5,0.0,-22.4488582611084,0.0,2.6404,42
NIST_GROUND,fixed_month_12,2017-12-15 10:00:00-05:00,115,9.583333333333334,0.0,-23.94155502319336,0.0,2.6404,42
NIST_GROUND,fixed_month_12,2017-12-15 10:00:00-05:00,116,9.666666666666666,0.0,-22.01306915283203,0.0,2.6404,42
NIST_GROUND,fixed_month_12,2017-12-15 10:00:00-05:00,117,9.75,0.0,-26.210914611816406,0.0,2.6404,42
NIST_GROUND,fixed_month_12,2017-12-15 10:00:00-05:00,118,9.833333333333334,0.0,-30.208484649658203,0.0,2.6404,42
NIST_GROUND,fixed_month_12,2017-12-15 10:00:00-05:00,119,9.916666666666666,0.0,-27.789634704589844,0.0,2.6404,42
NIST_GROUND,fixed_month_12,2017-12-15 10:00:00-05:00,120,10.0,0.0,-25.88299560546875,0.0,2.6404,42
NIST_GROUND,fixed_month_12,2017-12-15 10:00:00-05:00,121,10.083333333333334,0.0,-25.149370193481445,0.0,2.6404,42
NIST_GROUND,fixed_month_12,2017-12-15 10:00:00-05:00,122,10.166666666666666,0.0,-27.154130935668945,0.0,2.6404,42
NIST_GROUND,fixed_month_12,2017-12-15 10:00:00-05:00,123,10.25,0.0,-28.162494659423828,0.0,2.6404,42
NIST_GROUND,fixed_month_12,2017-12-15 10:00:00-05:00,124,10.333333333333334,0.0,-30.477890014648438,0.0,2.6404,42
NIST_GROUND,fixed_month_12,2017-12-15 10:00:00-05:00,125,10.416666666666666,0.0,-29.618671417236328,0.0,2.6404,42
NIST_GROUND,fixed_month_12,2017-12-15 10:00:00-05:00,126,10.5,0.0,-31.597774505615234,0.0,2.6404,42
NIST_GROUND,fixed_month_12,2017-12-15 10:00:00-05:00,127,10.583333333333334,0.0,-31.38019371032715,0.0,2.6404,42
NIST_GROUND,fixed_month_12,2017-12-15 10:00:00-05:00,128,10.666666666666666,0.0,-32.171295166015625,0.0,2.6404,42
NIST_GROUND,fixed_month_12,2017-12-15 10:00:00-05:00,129,10.75,0.0,-30.885623931884766,0.0,2.6404,42
NIST_GROUND,fixed_month_12,2017-12-15 10:00:00-05:00,130,10.833333333333334,0.0,-29.83544158935547,0.0,2.6404,42
NIST_GROUND,fixed_month_12,2017-12-15 10:00:00-05:00,131,10.916666666666666,0.0,-31.466707229614258,0.0,2.6404,42
NIST_GROUND,fixed_month_12,2017-12-15 10:00:00-05:00,132,11.0,0.0,-31.92128562927246,0.0,2.6404,42
NIST_GROUND,fixed_month_12,2017-12-15 10:00:00-05:00,133,11.083333333333334,0.0,-30.626209259033203,0.0,2.6404,42
NIST_GROUND,fixed_month_12,2017-12-15 10:00:00-05:00,134,11.166666666666666,0.0,-31.924530029296875,0.0,2.6404,42
NIST_GROUND,fixed_month_12,2017-12-15 10:00:00-05:00,135,11.25,0.0,-31.73366355895996,0.0,2.6404,42
NIST_GROUND,fixed_month_12,2017-12-15 10:00:00-05:00,136,11.333333333333334,0.0,-30.46965789794922,0.0,2.6404,42
NIST_GROUND,fixed_month_12,2017-12-15 10:00:00-05:00,137,11.416666666666666,0.0,-28.687448501586914,0.0,2.6404,42
NIST_GROUND,fixed_month_12,2017-12-15 10:00:00-05:00,138,11.5,0.0,-29.288339614868164,0.0,2.6404,42
NIST_GROUND,fixed_month_12,2017-12-15 10:00:00-05:00,139,11.583333333333334,0.0,-25.590944290161133,0.0,2.6404,42
NIST_GROUND,fixed_month_12,2017-12-15 10:00:00-05:00,140,11.666666666666666,0.0,-29.168977737426758,0.0,2.6404,42
NIST_GROUND,fixed_month_12,2017-12-15 10:00:00-05:00,141,11.75,0.0,-24.64305877685547,0.0,2.6404,42
NIST_GROUND,fixed_month_12,2017-12-15 10:00:00-05:00,142,11.833333333333334,0.0,-23.09991455078125,0.0,2.6404,42
NIST_GROUND,fixed_month_12,2017-12-15 10:00:00-05:00,143,11.916666666666666,0.0,-20.29429054260254,0.0,2.6404,42
NIST_GROUND,fixed_month_12,2017-12-15 10:00:00-05:00,144,12.0,0.0,-22.10980224609375,0.0,2.6404,42
NIST_GROUND,posthoc_best,2017-10-30 07:55:00-05:00,1,0.08333333333333333,39.803999999999995,72.28022003173828,0.7934,59.120000000000005,42
NIST_GROUND,posthoc_best,2017-10-30 07:55:00-05:00,2,0.16666666666666666,47.428,71.80962371826172,1.5091999999999999,59.120000000000005,42
NIST_GROUND,posthoc_best,2017-10-30 07:55:00-05:00,3,0.25,20.497999999999998,74.15972137451172,1.3283999999999998,59.120000000000005,42
NIST_GROUND,posthoc_best,2017-10-30 07:55:00-05:00,4,0.3333333333333333,18.637999999999998,74.92586517333984,0.4202,59.120000000000005,42
NIST_GROUND,posthoc_best,2017-10-30 07:55:00-05:00,5,0.4166666666666667,21.368000000000002,77.71277618408203,1.9085999999999999,59.120000000000005,42
NIST_GROUND,posthoc_best,2017-10-30 07:55:00-05:00,6,0.5,26.372000000000003,80.60833740234375,2.6794000000000002,59.120000000000005,42
NIST_GROUND,posthoc_best,2017-10-30 07:55:00-05:00,7,0.5833333333333334,23.168,81.73065185546875,12.028,59.120000000000005,42
NIST_GROUND,posthoc_best,2017-10-30 07:55:00-05:00,8,0.6666666666666666,19.442,89.41548156738281,22.466,59.120000000000005,42
NIST_GROUND,posthoc_best,2017-10-30 07:55:00-05:00,9,0.75,19.618000000000002,90.95934295654297,23.438,59.120000000000005,42
NIST_GROUND,posthoc_best,2017-10-30 07:55:00-05:00,10,0.8333333333333334,19.61,95.15960693359375,18.422,59.120000000000005,42
NIST_GROUND,posthoc_best,2017-10-30 07:55:00-05:00,11,0.9166666666666666,21.778,101.60668182373047,19.668,59.120000000000005,42
NIST_GROUND,posthoc_best,2017-10-30 07:55:00-05:00,12,1.0,36.636,104.18585205078125,31.477999999999998,59.120000000000005,42
NIST_GROUND,posthoc_best,2017-10-30 07:55:00-05:00,13,1.0833333333333333,53.312,107.95174407958984,29.124000000000002,59.120000000000005,42
NIST_GROUND,posthoc_best,2017-10-30 07:55:00-05:00,14,1.1666666666666667,34.648,108.39759826660156,23.919999999999998,59.120000000000005,42
NIST_GROUND,posthoc_best,2017-10-30 07:55:00-05:00,15,1.25,30.854000000000003,109.25597381591797,28.144,59.120000000000005,42
NIST_GROUND,posthoc_best,2017-10-30 07:55:00-05:00,16,1.3333333333333333,23.554,117.83362579345703,27.910000000000004,59.120000000000005,42
NIST_GROUND,posthoc_best,2017-10-30 07:55:00-05:00,17,1.4166666666666667,30.036,121.14501190185547,33.013999999999996,59.120000000000005,42
NIST_GROUND,posthoc_best,2017-10-30 07:55:00-05:00,18,1.5,82.738,124.55863952636719,19.434,59.120000000000005,42
NIST_GROUND,posthoc_best,2017-10-30 07:55:00-05:00,19,1.5833333333333333,30.758000000000003,125.37703704833984,15.518,59.120000000000005,42
NIST_GROUND,posthoc_best,2017-10-30 07:55:00-05:00,20,1.6666666666666667,45.227999999999994,131.83551025390625,14.132,59.120000000000005,42
NIST_GROUND,posthoc_best,2017-10-30 07:55:00-05:00,21,1.75,41.012,133.8214874267578,24.798000000000002,59.120000000000005,42
NIST_GROUND,posthoc_best,2017-10-30 07:55:00-05:00,22,1.8333333333333333,58.220000000000006,135.590576171875,31.119999999999997,59.120000000000005,42
NIST_GROUND,posthoc_best,2017-10-30 07:55:00-05:00,23,1.9166666666666667,136.988,141.223388671875,19.55,59.120000000000005,42
NIST_GROUND,posthoc_best,2017-10-30 07:55:00-05:00,24,2.0,194.54000000000002,140.93670654296875,13.447999999999999,59.120000000000005,42
NIST_GROUND,posthoc_best,2017-10-30 07:55:00-05:00,25,2.0833333333333335,209.45999999999998,143.88597106933594,16.964000000000002,59.120000000000005,42
NIST_GROUND,posthoc_best,2017-10-30 07:55:00-05:00,26,2.1666666666666665,218.82,145.38519287109375,19.764,59.120000000000005,42
NIST_GROUND,posthoc_best,2017-10-30 07:55:00-05:00,27,2.25,205.01999999999998,145.33653259277344,11.424000000000001,59.120000000000005,42
NIST_GROUND,posthoc_best,2017-10-30 07:55:00-05:00,28,2.3333333333333335,199.8,152.5341033935547,10.498000000000001,59.120000000000005,42
NIST_GROUND,posthoc_best,2017-10-30 07:55:00-05:00,29,2.4166666666666665,174.92000000000002,156.09397888183594,13.330000000000002,59.120000000000005,42
NIST_GROUND,posthoc_best,2017-10-30 07:55:00-05:00,30,2.5,168.144,158.59884643554688,9.83,59.120000000000005,42
NIST_GROUND,posthoc_best,2017-10-30 07:55:00-05:00,31,2.5833333333333335,203.68,160.882080078125,10.315999999999999,59.120000000000005,42
NIST_GROUND,posthoc_best,2017-10-30 07:55:00-05:00,32,2.6666666666666665,202.28,158.7978057861328,11.838,59.120000000000005,42
NIST_GROUND,posthoc_best,2017-10-30 07:55:00-05:00,33,2.75,202.22,157.7726593017578,10.854000000000001,59.120000000000005,42
NIST_GROUND,posthoc_best,2017-10-30 07:55:00-05:00,34,2.8333333333333335,203.24,161.50247192382812,12.042,59.120000000000005,42
NIST_GROUND,posthoc_best,2017-10-30 07:55:00-05:00,35,2.9166666666666665,204.95999999999998,165.9005584716797,16.946,59.120000000000005,42
NIST_GROUND,posthoc_best,2017-10-30 07:55:00-05:00,36,3.0,206.5,170.960693359375,19.663999999999998,59.120000000000005,42
NIST_GROUND,posthoc_best,2017-10-30 07:55:00-05:00,37,3.0833333333333335,207.92,170.7681884765625,19.256,59.120000000000005,42
NIST_GROUND,posthoc_best,2017-10-30 07:55:00-05:00,38,3.1666666666666665,208.26,172.4549102783203,20.474,59.120000000000005,42
NIST_GROUND,posthoc_best,2017-10-30 07:55:00-05:00,39,3.25,208.35999999999999,178.25390625,24.442,59.120000000000005,42
NIST_GROUND,posthoc_best,2017-10-30 07:55:00-05:00,40,3.3333333333333335,209.58,177.50860595703125,25.794,59.120000000000005,42
NIST_GROUND,posthoc_best,2017-10-30 07:55:00-05:00,41,3.4166666666666665,173.38000000000002,180.56394958496094,23.595999999999997,59.120000000000005,42
NIST_GROUND,posthoc_best,2017-10-30 07:55:00-05:00,42,3.5,205.9,182.5923614501953,24.516,59.120000000000005,42
NIST_GROUND,posthoc_best,2017-10-30 07:55:00-05:00,43,3.5833333333333335,216.06,177.974609375,18.375999999999998,59.120000000000005,42
NIST_GROUND,posthoc_best,2017-10-30 07:55:00-05:00,44,3.6666666666666665,211.04000000000002,172.42974853515625,16.54,59.120000000000005,42
NIST_GROUND,posthoc_best,2017-10-30 07:55:00-05:00,45,3.75,211.21999999999997,177.2053985595703,15.602,59.120000000000005,42
NIST_GROUND,posthoc_best,2017-10-30 07:55:00-05:00,46,3.8333333333333335,211.94,181.36305236816406,17.398,59.120000000000005,42
NIST_GROUND,posthoc_best,2017-10-30 07:55:00-05:00,47,3.9166666666666665,212.82,181.8394775390625,14.37,59.120000000000005,42
NIST_GROUND,posthoc_best,2017-10-30 07:55:00-05:00,48,4.0,213.8,180.26730346679688,17.35,59.120000000000005,42
NIST_GROUND,posthoc_best,2017-10-30 07:55:00-05:00,49,4.083333333333333,214.06,180.998291015625,18.369999999999997,59.120000000000005,42
NIST_GROUND,posthoc_best,2017-10-30 07:55:00-05:00,50,4.166666666666667,214.8,182.53968811035156,15.690000000000001,59.120000000000005,42
NIST_GROUND,posthoc_best,2017-10-30 07:55:00-05:00,51,4.25,213.61999999999998,178.5175323486328,12.53,59.120000000000005,42
NIST_GROUND,posthoc_best,2017-10-30 07:55:00-05:00,52,4.333333333333333,212.06,176.94334411621094,12.565999999999999,59.120000000000005,42
NIST_GROUND,posthoc_best,2017-10-30 07:55:00-05:00,53,4.416666666666667,209.76,177.61663818359375,10.488,59.120000000000005,42
NIST_GROUND,posthoc_best,2017-10-30 07:55:00-05:00,54,4.5,208.51999999999998,176.59620666503906,3.6948,59.120000000000005,42
NIST_GROUND,posthoc_best,2017-10-30 07:55:00-05:00,55,4.583333333333333,207.94,179.37106323242188,4.6492,59.120000000000005,42
NIST_GROUND,posthoc_best,2017-10-30 07:55:00-05:00,56,4.666666666666667,206.54000000000002,181.27896118164062,9.714,59.120000000000005,42
NIST_GROUND,posthoc_best,2017-10-30 07:55:00-05:00,57,4.75,205.71999999999997,181.09413146972656,10.6784,59.120000000000005,42
NIST_GROUND,posthoc_best,2017-10-30 07:55:00-05:00,58,4.833333333333333,205.01999999999998,175.91903686523438,21.906,59.120000000000005,42
NIST_GROUND,posthoc_best,2017-10-30 07:55:00-05:00,59,4.916666666666667,205.01999999999998,176.3807373046875,13.502,59.120000000000005,42
NIST_GROUND,posthoc_best,2017-10-30 07:55:00-05:00,60,5.0,205.08,174.8513641357422,25.484,59.120000000000005,42
NIST_GROUND,posthoc_best,2017-10-30 07:55:00-05:00,61,5.083333333333333,204.34,176.1500701904297,31.107999999999997,59.120000000000005,42
NIST_GROUND,posthoc_best,2017-10-30 07:55:00-05:00,62,5.166666666666667,202.3,171.3570556640625,38.164,59.120000000000005,42
NIST_GROUND,posthoc_best,2017-10-30 07:55:00-05:00,63,5.25,199.64000000000001,172.80650329589844,30.416000000000004,59.120000000000005,42
NIST_GROUND,posthoc_best,2017-10-30 07:55:00-05:00,64,5.333333333333333,196.85999999999999,170.65126037597656,22.174,59.120000000000005,42
NIST_GROUND,posthoc_best,2017-10-30 07:55:00-05:00,65,5.416666666666667,194.32,169.581298828125,23.36,59.120000000000005,42
NIST_GROUND,posthoc_best,2017-10-30 07:55:00-05:00,66,5.5,191.76,166.241455078125,20.494,59.120000000000005,42
NIST_GROUND,posthoc_best,2017-10-30 07:55:00-05:00,67,5.583333333333333,188.5,165.48651123046875,16.887999999999998,59.120000000000005,42
NIST_GROUND,posthoc_best,2017-10-30 07:55:00-05:00,68,5.666666666666667,186.42000000000002,160.6517791748047,22.226,59.120000000000005,42
NIST_GROUND,posthoc_best,2017-10-30 07:55:00-05:00,69,5.75,183.48,161.01084899902344,23.062,59.120000000000005,42
NIST_GROUND,posthoc_best,2017-10-30 07:55:00-05:00,70,5.833333333333333,180.54000000000002,164.81069946289062,20.278,59.120000000000005,42
NIST_GROUND,posthoc_best,2017-10-30 07:55:00-05:00,71,5.916666666666667,178.66,157.71502685546875,22.278,59.120000000000005,42
NIST_GROUND,posthoc_best,2017-10-30 07:55:00-05:00,72,6.0,176.0,154.7230987548828,23.958,59.120000000000005,42
NIST_GROUND,posthoc_best,2017-10-30 07:55:00-05:00,73,6.083333333333333,173.04000000000002,152.07801818847656,25.44,59.120000000000005,42
NIST_GROUND,posthoc_best,2017-10-30 07:55:00-05:00,74,6.166666666666667,169.88,147.2403564453125,23.742,59.120000000000005,42
NIST_GROUND,posthoc_best,2017-10-30 07:55:00-05:00,75,6.25,165.44,151.94212341308594,14.803999999999998,59.120000000000005,42
NIST_GROUND,posthoc_best,2017-10-30 07:55:00-05:00,76,6.333333333333333,161.68,146.8342742919922,8.013,59.120000000000005,42
NIST_GROUND,posthoc_best,2017-10-30 07:55:00-05:00,77,6.416666666666667,158.56,141.72854614257812,12.366,59.120000000000005,42
NIST_GROUND,posthoc_best,2017-10-30 07:55:00-05:00,78,6.5,155.26,140.15916442871094,13.514,59.120000000000005,42
NIST_GROUND,posthoc_best,2017-10-30 07:55:00-05:00,79,6.583333333333333,152.04000000000002,138.00892639160156,12.512,59.120000000000005,42
NIST_GROUND,posthoc_best,2017-10-30 07:55:00-05:00,80,6.666666666666667,148.4,132.54586791992188,16.509999999999998,59.120000000000005,42
NIST_GROUND,posthoc_best,2017-10-30 07:55:00-05:00,81,6.75,144.8,132.13389587402344,10.2778,59.120000000000005,42
NIST_GROUND,posthoc_best,2017-10-30 07:55:00-05:00,82,6.833333333333333,141.1,130.96102905273438,5.570600000000001,59.120000000000005,42
NIST_GROUND,posthoc_best,2017-10-30 07:55:00-05:00,83,6.916666666666667,131.22,127.68183898925781,3.1732,59.120000000000005,42
NIST_GROUND,posthoc_best,2017-10-30 07:55:00-05:00,84,7.0,137.52,125.67302703857422,1.3464,59.120000000000005,42
NIST_GROUND,posthoc_best,2017-10-30 07:55:00-05:00,85,7.083333333333333,128.35999999999999,120.29944610595703,0.5846,59.120000000000005,42
NIST_GROUND,posthoc_best,2017-10-30 07:55:00-05:00,86,7.166666666666667,123.17999999999999,121.9300537109375,0.31520000000000004,59.120000000000005,42
NIST_GROUND,posthoc_best,2017-10-30 07:55:00-05:00,87,7.25,118.52000000000001,114.83300018310547,1.2926,59.120000000000005,42
NIST_GROUND,posthoc_best,2017-10-30 07:55:00-05:00,88,7.333333333333333,113.97999999999999,108.49852752685547,4.3336,59.120000000000005,42
NIST_GROUND,posthoc_best,2017-10-30 07:55:00-05:00,89,7.416666666666667,109.82000000000001,104.863037109375,0.8772,59.120000000000005,42
NIST_GROUND,posthoc_best,2017-10-30 07:55:00-05:00,90,7.5,104.97999999999999,105.51993560791016,-0.0264,59.120000000000005,42
NIST_GROUND,posthoc_best,2017-10-30 07:55:00-05:00,91,7.583333333333333,100.02000000000001,99.9973373413086,0.039999999999999994,59.120000000000005,42
NIST_GROUND,posthoc_best,2017-10-30 07:55:00-05:00,92,7.666666666666667,94.94,98.07650756835938,-0.1272,59.120000000000005,42
NIST_GROUND,posthoc_best,2017-10-30 07:55:00-05:00,93,7.75,61.016,98.60582733154297,-0.057800000000000004,59.120000000000005,42
NIST_GROUND,posthoc_best,2017-10-30 07:55:00-05:00,94,7.833333333333333,60.996,90.49813079833984,-0.28559999999999997,59.120000000000005,42
NIST_GROUND,posthoc_best,2017-10-30 07:55:00-05:00,95,7.916666666666667,78.1,90.13549041748047,-0.3584,59.120000000000005,42
NIST_GROUND,posthoc_best,2017-10-30 07:55:00-05:00,96,8.0,72.40599999999999,84.11363983154297,-0.2778,59.120000000000005,42
NIST_GROUND,posthoc_best,2017-10-30 07:55:00-05:00,97,8.083333333333334,66.006,77.7578125,-0.25020000000000003,59.120000000000005,42
NIST_GROUND,posthoc_best,2017-10-30 07:55:00-05:00,98,8.166666666666666,60.00599999999999,76.63385009765625,-0.3144,59.120000000000005,42
NIST_GROUND,posthoc_best,2017-10-30 07:55:00-05:00,99,8.25,53.7,73.30177307128906,-0.3592,59.120000000000005,42
NIST_GROUND,posthoc_best,2017-10-30 07:55:00-05:00,100,8.333333333333334,46.965999999999994,72.48078155517578,-0.43979999999999997,59.120000000000005,42
NIST_GROUND,posthoc_best,2017-10-30 07:55:00-05:00,101,8.416666666666666,39.472,65.96086883544922,-0.49779999999999996,59.120000000000005,42
NIST_GROUND,posthoc_best,2017-10-30 07:55:00-05:00,102,8.5,33.688,65.10845947265625,-0.46399999999999997,59.120000000000005,42
NIST_GROUND,posthoc_best,2017-10-30 07:55:00-05:00,103,8.583333333333334,26.877999999999997,64.46524047851562,-0.454,59.120000000000005,42
NIST_GROUND,posthoc_best,2017-10-30 07:55:00-05:00,104,8.666666666666666,21.224,57.19309616088867,-0.38380000000000003,59.120000000000005,42
NIST_GROUND,posthoc_best,2017-10-30 07:55:00-05:00,105,8.75,15.776,56.95926284790039,-0.3054,59.120000000000005,42
NIST_GROUND,posthoc_best,2017-10-30 07:55:00-05:00,106,8.833333333333334,10.394,50.266929626464844,-0.3044,59.120000000000005,42
NIST_GROUND,posthoc_best,2017-10-30 07:55:00-05:00,107,8.916666666666666,4.6432,46.06333541870117,-0.0982,59.120000000000005,42
NIST_GROUND,posthoc_best,2017-10-30 07:55:00-05:00,108,9.0,0.9109999999999999,47.29182434082031,0.0,59.120000000000005,42
NIST_GROUND,posthoc_best,2017-10-30 07:55:00-05:00,109,9.083333333333334,0.2334,43.73280334472656,0.0,59.120000000000005,42
NIST_GROUND,posthoc_best,2017-10-30 07:55:00-05:00,110,9.166666666666666,-0.11100000000000002,42.888099670410156,0.0,59.120000000000005,42
NIST_GROUND,posthoc_best,2017-10-30 07:55:00-05:00,111,9.25,-0.0172,38.359230041503906,0.0,59.120000000000005,42
NIST_GROUND,posthoc_best,2017-10-30 07:55:00-05:00,112,9.333333333333334,-0.2412,36.76637268066406,0.0,59.120000000000005,42
NIST_GROUND,posthoc_best,2017-10-30 07:55:00-05:00,113,9.416666666666666,-0.4394,30.78274917602539,0.0,59.120000000000005,42
NIST_GROUND,posthoc_best,2017-10-30 07:55:00-05:00,114,9.5,-0.3752,30.290359497070312,0.0,59.120000000000005,42
NIST_GROUND,posthoc_best,2017-10-30 07:55:00-05:00,115,9.583333333333334,-0.1464,29.122039794921875,0.0,59.120000000000005,42
NIST_GROUND,posthoc_best,2017-10-30 07:55:00-05:00,116,9.666666666666666,0.0,25.96894645690918,0.0,59.120000000000005,42
NIST_GROUND,posthoc_best,2017-10-30 07:55:00-05:00,117,9.75,0.0,22.148773193359375,0.0,59.120000000000005,42
NIST_GROUND,posthoc_best,2017-10-30 07:55:00-05:00,118,9.833333333333334,0.0,19.6595458984375,0.0,59.120000000000005,42
NIST_GROUND,posthoc_best,2017-10-30 07:55:00-05:00,119,9.916666666666666,0.0,18.90774917602539,0.0,59.120000000000005,42
NIST_GROUND,posthoc_best,2017-10-30 07:55:00-05:00,120,10.0,0.0,18.96619415283203,0.0,59.120000000000005,42
NIST_GROUND,posthoc_best,2017-10-30 07:55:00-05:00,121,10.083333333333334,0.0,14.512398719787598,0.0,59.120000000000005,42
NIST_GROUND,posthoc_best,2017-10-30 07:55:00-05:00,122,10.166666666666666,0.0,11.10057258605957,0.0,59.120000000000005,42
NIST_GROUND,posthoc_best,2017-10-30 07:55:00-05:00,123,10.25,0.0,10.546090126037598,0.0,59.120000000000005,42
NIST_GROUND,posthoc_best,2017-10-30 07:55:00-05:00,124,10.333333333333334,0.0,5.833000183105469,0.0,59.120000000000005,42
NIST_GROUND,posthoc_best,2017-10-30 07:55:00-05:00,125,10.416666666666666,0.0,7.006524562835693,0.0,59.120000000000005,42
NIST_GROUND,posthoc_best,2017-10-30 07:55:00-05:00,126,10.5,0.0,1.8758922815322876,0.0,59.120000000000005,42
NIST_GROUND,posthoc_best,2017-10-30 07:55:00-05:00,127,10.583333333333334,0.0,-1.1699167490005493,0.0,59.120000000000005,42
NIST_GROUND,posthoc_best,2017-10-30 07:55:00-05:00,128,10.666666666666666,0.0,-1.221472978591919,0.0,59.120000000000005,42
NIST_GROUND,posthoc_best,2017-10-30 07:55:00-05:00,129,10.75,0.0,-1.969314455986023,0.0,59.120000000000005,42
NIST_GROUND,posthoc_best,2017-10-30 07:55:00-05:00,130,10.833333333333334,0.0,-1.1688201427459717,0.0,59.120000000000005,42
NIST_GROUND,posthoc_best,2017-10-30 07:55:00-05:00,131,10.916666666666666,0.0,-5.822062015533447,0.0,59.120000000000005,42
NIST_GROUND,posthoc_best,2017-10-30 07:55:00-05:00,132,11.0,0.0,-5.714778423309326,0.0,59.120000000000005,42
NIST_GROUND,posthoc_best,2017-10-30 07:55:00-05:00,133,11.083333333333334,0.0,-8.970561981201172,0.0,59.120000000000005,42
NIST_GROUND,posthoc_best,2017-10-30 07:55:00-05:00,134,11.166666666666666,0.0,-10.594867706298828,0.0,59.120000000000005,42
NIST_GROUND,posthoc_best,2017-10-30 07:55:00-05:00,135,11.25,0.0,-7.785574913024902,0.0,59.120000000000005,42
NIST_GROUND,posthoc_best,2017-10-30 07:55:00-05:00,136,11.333333333333334,0.0,-9.73779582977295,0.0,59.120000000000005,42
NIST_GROUND,posthoc_best,2017-10-30 07:55:00-05:00,137,11.416666666666666,0.0,-8.106975555419922,0.0,59.120000000000005,42
NIST_GROUND,posthoc_best,2017-10-30 07:55:00-05:00,138,11.5,0.0,-8.8944091796875,0.0,59.120000000000005,42
NIST_GROUND,posthoc_best,2017-10-30 07:55:00-05:00,139,11.583333333333334,0.0,-10.528464317321777,0.0,59.120000000000005,42
NIST_GROUND,posthoc_best,2017-10-30 07:55:00-05:00,140,11.666666666666666,0.0,-12.288174629211426,0.0,59.120000000000005,42
NIST_GROUND,posthoc_best,2017-10-30 07:55:00-05:00,141,11.75,0.0,-9.663825035095215,0.0,59.120000000000005,42
NIST_GROUND,posthoc_best,2017-10-30 07:55:00-05:00,142,11.833333333333334,0.0,-12.402018547058105,0.0,59.120000000000005,42
NIST_GROUND,posthoc_best,2017-10-30 07:55:00-05:00,143,11.916666666666666,0.0,-10.833585739135742,0.0,59.120000000000005,42
NIST_GROUND,posthoc_best,2017-10-30 07:55:00-05:00,144,12.0,0.0,-12.377930641174316,0.0,59.120000000000005,42
NIST_GROUND,posthoc_worst,2017-12-24 08:35:00-05:00,1,0.08333333333333333,38.333999999999996,57.080509185791016,0.23280000000000003,43.908,42
NIST_GROUND,posthoc_worst,2017-12-24 08:35:00-05:00,2,0.16666666666666666,49.376,57.7767448425293,0.3014,43.908,42
NIST_GROUND,posthoc_worst,2017-12-24 08:35:00-05:00,3,0.25,43.71,62.15790939331055,0.1572,43.908,42
NIST_GROUND,posthoc_worst,2017-12-24 08:35:00-05:00,4,0.3333333333333333,37.146,63.685203552246094,0.17959999999999998,43.908,42
NIST_GROUND,posthoc_worst,2017-12-24 08:35:00-05:00,5,0.4166666666666667,34.976,68.0469741821289,0.1396,43.908,42
NIST_GROUND,posthoc_worst,2017-12-24 08:35:00-05:00,6,0.5,36.926,71.73883819580078,0.2726,43.908,42
NIST_GROUND,posthoc_worst,2017-12-24 08:35:00-05:00,7,0.5833333333333334,32.272000000000006,74.7477798461914,0.22000000000000003,43.908,42
NIST_GROUND,posthoc_worst,2017-12-24 08:35:00-05:00,8,0.6666666666666666,47.414,82.36134338378906,0.9922000000000001,43.908,42
NIST_GROUND,posthoc_worst,2017-12-24 08:35:00-05:00,9,0.75,25.218,86.63815307617188,1.7240000000000002,43.908,42
NIST_GROUND,posthoc_worst,2017-12-24 08:35:00-05:00,10,0.8333333333333334,22.502,91.00228881835938,1.1248,43.908,42
NIST_GROUND,posthoc_worst,2017-12-24 08:35:00-05:00,11,0.9166666666666666,21.36,97.81334686279297,0.4666,43.908,42
NIST_GROUND,posthoc_worst,2017-12-24 08:35:00-05:00,12,1.0,24.444,101.52947235107422,1.2848,43.908,42
NIST_GROUND,posthoc_worst,2017-12-24 08:35:00-05:00,13,1.0833333333333333,27.839999999999996,107.43843841552734,1.0412000000000001,43.908,42
NIST_GROUND,posthoc_worst,2017-12-24 08:35:00-05:00,14,1.1666666666666667,37.106,109.08739471435547,2.7582,43.908,42
NIST_GROUND,posthoc_worst,2017-12-24 08:35:00-05:00,15,1.25,57.824,111.1976089477539,6.167199999999999,43.908,42
NIST_GROUND,posthoc_worst,2017-12-24 08:35:00-05:00,16,1.3333333333333333,64.614,120.20621490478516,1.5312,43.908,42
NIST_GROUND,posthoc_worst,2017-12-24 08:35:00-05:00,17,1.4166666666666667,65.53,126.53164672851562,1.1758,43.908,42
NIST_GROUND,posthoc_worst,2017-12-24 08:35:00-05:00,18,1.5,45.428,131.26904296875,1.9038,43.908,42
NIST_GROUND,posthoc_worst,2017-12-24 08:35:00-05:00,19,1.5833333333333333,34.662,133.3583984375,1.1385999999999998,43.908,42
NIST_GROUND,posthoc_worst,2017-12-24 08:35:00-05:00,20,1.6666666666666667,31.133999999999997,139.73846435546875,0.9916,43.908,42
NIST_GROUND,posthoc_worst,2017-12-24 08:35:00-05:00,21,1.75,34.85,143.94239807128906,0.9836,43.908,42
NIST_GROUND,posthoc_worst,2017-12-24 08:35:00-05:00,22,1.8333333333333333,42.327999999999996,146.3896026611328,1.3674,43.908,42
NIST_GROUND,posthoc_worst,2017-12-24 08:35:00-05:00,23,1.9166666666666667,43.174,152.8613739013672,1.8822000000000003,43.908,42
NIST_GROUND,posthoc_worst,2017-12-24 08:35:00-05:00,24,2.0,46.775999999999996,153.77426147460938,0.027000000000000003,43.908,42
NIST_GROUND,posthoc_worst,2017-12-24 08:35:00-05:00,25,2.0833333333333335,47.314,157.6205291748047,0.6646,43.908,42
NIST_GROUND,posthoc_worst,2017-12-24 08:35:00-05:00,26,2.1666666666666665,46.676,160.66224670410156,8.76,43.908,42
NIST_GROUND,posthoc_worst,2017-12-24 08:35:00-05:00,27,2.25,44.836,161.6178436279297,7.293200000000001,43.908,42
NIST_GROUND,posthoc_worst,2017-12-24 08:35:00-05:00,28,2.3333333333333335,49.622,169.3231201171875,1.9170000000000003,43.908,42
NIST_GROUND,posthoc_worst,2017-12-24 08:35:00-05:00,29,2.4166666666666665,49.256,173.61447143554688,1.1698,43.908,42
NIST_GROUND,posthoc_worst,2017-12-24 08:35:00-05:00,30,2.5,41.92999999999999,176.83966064453125,1.1872,43.908,42
NIST_GROUND,posthoc_worst,2017-12-24 08:35:00-05:00,31,2.5833333333333335,42.212,180.45358276367188,0.861,43.908,42
NIST_GROUND,posthoc_worst,2017-12-24 08:35:00-05:00,32,2.6666666666666665,42.306,178.44338989257812,1.65,43.908,42
NIST_GROUND,posthoc_worst,2017-12-24 08:35:00-05:00,33,2.75,49.184,178.9545135498047,4.168,43.908,42
NIST_GROUND,posthoc_worst,2017-12-24 08:35:00-05:00,34,2.8333333333333335,49.362,182.40802001953125,7.716800000000001,43.908,42
NIST_GROUND,posthoc_worst,2017-12-24 08:35:00-05:00,35,2.9166666666666665,45.674,187.57301330566406,9.846,43.908,42
NIST_GROUND,posthoc_worst,2017-12-24 08:35:00-05:00,36,3.0,42.227999999999994,192.95114135742188,7.1104,43.908,42
NIST_GROUND,posthoc_worst,2017-12-24 08:35:00-05:00,37,3.0833333333333335,39.236000000000004,194.38108825683594,4.7294,43.908,42
NIST_GROUND,posthoc_worst,2017-12-24 08:35:00-05:00,38,3.1666666666666665,38.374,196.64041137695312,7.4128,43.908,42
NIST_GROUND,posthoc_worst,2017-12-24 08:35:00-05:00,39,3.25,41.604,202.68736267089844,7.7265999999999995,43.908,42
NIST_GROUND,posthoc_worst,2017-12-24 08:35:00-05:00,40,3.3333333333333335,47.36,204.02537536621094,8.751999999999999,43.908,42
NIST_GROUND,posthoc_worst,2017-12-24 08:35:00-05:00,41,3.4166666666666665,50.5,207.3479766845703,10.266,43.908,42
NIST_GROUND,posthoc_worst,2017-12-24 08:35:00-05:00,42,3.5,48.028,209.9892120361328,10.2792,43.908,42
NIST_GROUND,posthoc_worst,2017-12-24 08:35:00-05:00,43,3.5833333333333335,53.528,204.35626220703125,4.715999999999999,43.908,42
NIST_GROUND,posthoc_worst,2017-12-24 08:35:00-05:00,44,3.6666666666666665,55.17999999999999,201.15330505371094,2.4184,43.908,42
NIST_GROUND,posthoc_worst,2017-12-24 08:35:00-05:00,45,3.75,57.303999999999995,205.875,2.5356,43.908,42
NIST_GROUND,posthoc_worst,2017-12-24 08:35:00-05:00,46,3.8333333333333335,63.924,209.1464080810547,3.8122,43.908,42
NIST_GROUND,posthoc_worst,2017-12-24 08:35:00-05:00,47,3.9166666666666665,52.146,210.62973022460938,5.5226,43.908,42
NIST_GROUND,posthoc_worst,2017-12-24 08:35:00-05:00,48,4.0,46.838,210.1965789794922,6.1996,43.908,42
NIST_GROUND,posthoc_worst,2017-12-24 08:35:00-05:00,49,4.083333333333333,38.948,211.2918701171875,7.952,43.908,42
NIST_GROUND,posthoc_worst,2017-12-24 08:35:00-05:00,50,4.166666666666667,35.17,214.37583923339844,6.6331999999999995,43.908,42
NIST_GROUND,posthoc_worst,2017-12-24 08:35:00-05:00,51,4.25,36.064,210.1703338623047,5.189,43.908,42
NIST_GROUND,posthoc_worst,2017-12-24 08:35:00-05:00,52,4.333333333333333,38.604,209.20877075195312,2.8364000000000003,43.908,42
NIST_GROUND,posthoc_worst,2017-12-24 08:35:00-05:00,53,4.416666666666667,38.67,209.4773712158203,4.4646,43.908,42
NIST_GROUND,posthoc_worst,2017-12-24 08:35:00-05:00,54,4.5,32.496,208.80032348632812,5.682,43.908,42
NIST_GROUND,posthoc_worst,2017-12-24 08:35:00-05:00,55,4.583333333333333,27.954,211.4563446044922,5.221,43.908,42
NIST_GROUND,posthoc_worst,2017-12-24 08:35:00-05:00,56,4.666666666666667,22.432,214.43499755859375,3.6768,43.908,42
NIST_GROUND,posthoc_worst,2017-12-24 08:35:00-05:00,57,4.75,22.784,213.37864685058594,3.9979999999999998,43.908,42
NIST_GROUND,posthoc_worst,2017-12-24 08:35:00-05:00,58,4.833333333333333,31.808,209.9440460205078,2.2207999999999997,43.908,42
NIST_GROUND,posthoc_worst,2017-12-24 08:35:00-05:00,59,4.916666666666667,28.583999999999996,209.48336791992188,5.231,43.908,42
NIST_GROUND,posthoc_worst,2017-12-24 08:35:00-05:00,60,5.0,23.656,206.3360595703125,7.7714,43.908,42
NIST_GROUND,posthoc_worst,2017-12-24 08:35:00-05:00,61,5.083333333333333,25.695999999999998,207.75840759277344,10.356,43.908,42
NIST_GROUND,posthoc_worst,2017-12-24 08:35:00-05:00,62,5.166666666666667,23.744,205.39785766601562,10.08,43.908,42
NIST_GROUND,posthoc_worst,2017-12-24 08:35:00-05:00,63,5.25,26.646000000000004,207.46615600585938,12.28,43.908,42
NIST_GROUND,posthoc_worst,2017-12-24 08:35:00-05:00,64,5.333333333333333,27.53,204.46678161621094,18.163999999999998,43.908,42
NIST_GROUND,posthoc_worst,2017-12-24 08:35:00-05:00,65,5.416666666666667,28.244,204.7644500732422,18.362000000000002,43.908,42
NIST_GROUND,posthoc_worst,2017-12-24 08:35:00-05:00,66,5.5,26.988,201.58349609375,13.74,43.908,42
NIST_GROUND,posthoc_worst,2017-12-24 08:35:00-05:00,67,5.583333333333333,25.625999999999998,199.8687744140625,7.909000000000001,43.908,42
NIST_GROUND,posthoc_worst,2017-12-24 08:35:00-05:00,68,5.666666666666667,27.926,196.32818603515625,2.4012000000000002,43.908,42
NIST_GROUND,posthoc_worst,2017-12-24 08:35:00-05:00,69,5.75,18.398000000000003,195.897216796875,2.332,43.908,42
NIST_GROUND,posthoc_worst,2017-12-24 08:35:00-05:00,70,5.833333333333333,17.722,199.3632354736328,1.5168,43.908,42
NIST_GROUND,posthoc_worst,2017-12-24 08:35:00-05:00,71,5.916666666666667,16.136000000000003,192.34564208984375,4.6066,43.908,42
NIST_GROUND,posthoc_worst,2017-12-24 08:35:00-05:00,72,6.0,19.02,189.89512634277344,6.402799999999999,43.908,42
NIST_GROUND,posthoc_worst,2017-12-24 08:35:00-05:00,73,6.083333333333333,21.214,186.76919555664062,2.7948,43.908,42
NIST_GROUND,posthoc_worst,2017-12-24 08:35:00-05:00,74,6.166666666666667,21.854000000000003,181.55557250976562,8.8806,43.908,42
NIST_GROUND,posthoc_worst,2017-12-24 08:35:00-05:00,75,6.25,21.732,186.77891540527344,9.3372,43.908,42
NIST_GROUND,posthoc_worst,2017-12-24 08:35:00-05:00,76,6.333333333333333,15.672,180.92051696777344,6.483,43.908,42
NIST_GROUND,posthoc_worst,2017-12-24 08:35:00-05:00,77,6.416666666666667,19.518,176.74916076660156,3.8806,43.908,42
NIST_GROUND,posthoc_worst,2017-12-24 08:35:00-05:00,78,6.5,15.892,174.73338317871094,2.6048,43.908,42
NIST_GROUND,posthoc_worst,2017-12-24 08:35:00-05:00,79,6.583333333333333,13.412,172.3221893310547,6.6792,43.908,42
NIST_GROUND,posthoc_worst,2017-12-24 08:35:00-05:00,80,6.666666666666667,12.972,167.0838623046875,9.943999999999999,43.908,42
NIST_GROUND,posthoc_worst,2017-12-24 08:35:00-05:00,81,6.75,9.564,165.2316131591797,6.8566,43.908,42
NIST_GROUND,posthoc_worst,2017-12-24 08:35:00-05:00,82,6.833333333333333,8.638,165.13641357421875,6.2258000000000004,43.908,42
NIST_GROUND,posthoc_worst,2017-12-24 08:35:00-05:00,83,6.916666666666667,7.5426,162.16171264648438,9.712,43.908,42
NIST_GROUND,posthoc_worst,2017-12-24 08:35:00-05:00,84,7.0,5.4244,159.63348388671875,7.5286,43.908,42
NIST_GROUND,posthoc_worst,2017-12-24 08:35:00-05:00,85,7.083333333333333,1.7475999999999998,155.0583038330078,2.6990000000000003,43.908,42
NIST_GROUND,posthoc_worst,2017-12-24 08:35:00-05:00,86,7.166666666666667,1.452,155.9122772216797,1.1198000000000001,43.908,42
NIST_GROUND,posthoc_worst,2017-12-24 08:35:00-05:00,87,7.25,1.3558,148.04971313476562,0.5784,43.908,42
NIST_GROUND,posthoc_worst,2017-12-24 08:35:00-05:00,88,7.333333333333333,1.9058,141.80039978027344,-0.0658,43.908,42
NIST_GROUND,posthoc_worst,2017-12-24 08:35:00-05:00,89,7.416666666666667,1.8980000000000001,137.94879150390625,0.4668,43.908,42
NIST_GROUND,posthoc_worst,2017-12-24 08:35:00-05:00,90,7.5,1.334,137.04295349121094,0.0362,43.908,42
NIST_GROUND,posthoc_worst,2017-12-24 08:35:00-05:00,91,7.583333333333333,0.6618,132.88589477539062,-0.007600000000000001,43.908,42
NIST_GROUND,posthoc_worst,2017-12-24 08:35:00-05:00,92,7.666666666666667,0.21080000000000002,130.7733917236328,-0.0334,43.908,42
NIST_GROUND,posthoc_worst,2017-12-24 08:35:00-05:00,93,7.75,-0.0692,130.47792053222656,-0.2618,43.908,42
NIST_GROUND,posthoc_worst,2017-12-24 08:35:00-05:00,94,7.833333333333333,-0.0874,122.20660400390625,-0.4074,43.908,42
NIST_GROUND,posthoc_worst,2017-12-24 08:35:00-05:00,95,7.916666666666667,-0.0474,120.7636947631836,-0.3558,43.908,42
NIST_GROUND,posthoc_worst,2017-12-24 08:35:00-05:00,96,8.0,-0.2822,114.60859680175781,-0.2956,43.908,42
NIST_GROUND,posthoc_worst,2017-12-24 08:35:00-05:00,97,8.083333333333334,-0.3444,107.18101501464844,-0.20579999999999998,43.908,42
NIST_GROUND,posthoc_worst,2017-12-24 08:35:00-05:00,98,8.166666666666666,-0.46799999999999997,106.41429138183594,0.0,43.908,42
NIST_GROUND,posthoc_worst,2017-12-24 08:35:00-05:00,99,8.25,-0.3916,102.76070404052734,0.0,43.908,42
NIST_GROUND,posthoc_worst,2017-12-24 08:35:00-05:00,100,8.333333333333334,-0.1956,100.56700897216797,0.0,43.908,42
NIST_GROUND,posthoc_worst,2017-12-24 08:35:00-05:00,101,8.416666666666666,0.0,94.3541488647461,0.0,43.908,42
NIST_GROUND,posthoc_worst,2017-12-24 08:35:00-05:00,102,8.5,0.0,93.07074737548828,0.0,43.908,42
NIST_GROUND,posthoc_worst,2017-12-24 08:35:00-05:00,103,8.583333333333334,0.0,90.23382568359375,0.0,43.908,42
NIST_GROUND,posthoc_worst,2017-12-24 08:35:00-05:00,104,8.666666666666666,0.0,83.03330993652344,0.0,43.908,42
NIST_GROUND,posthoc_worst,2017-12-24 08:35:00-05:00,105,8.75,0.0,82.9556655883789,0.0,43.908,42
NIST_GROUND,posthoc_worst,2017-12-24 08:35:00-05:00,106,8.833333333333334,0.0,74.9425277709961,0.0,43.908,42
NIST_GROUND,posthoc_worst,2017-12-24 08:35:00-05:00,107,8.916666666666666,0.0,69.43497467041016,0.0,43.908,42
NIST_GROUND,posthoc_worst,2017-12-24 08:35:00-05:00,108,9.0,0.0,70.31888580322266,0.0,43.908,42
NIST_GROUND,posthoc_worst,2017-12-24 08:35:00-05:00,109,9.083333333333334,0.0,65.05408477783203,0.0,43.908,42
NIST_GROUND,posthoc_worst,2017-12-24 08:35:00-05:00,110,9.166666666666666,0.0,63.60136413574219,0.0,43.908,42
NIST_GROUND,posthoc_worst,2017-12-24 08:35:00-05:00,111,9.25,0.0,60.03957748413086,0.0,43.908,42
NIST_GROUND,posthoc_worst,2017-12-24 08:35:00-05:00,112,9.333333333333334,0.0,56.37897491455078,0.0,43.908,42
NIST_GROUND,posthoc_worst,2017-12-24 08:35:00-05:00,113,9.416666666666666,0.0,50.617427825927734,0.0,43.908,42
NIST_GROUND,posthoc_worst,2017-12-24 08:35:00-05:00,114,9.5,0.0,49.29754638671875,0.0,43.908,42
NIST_GROUND,posthoc_worst,2017-12-24 08:35:00-05:00,115,9.583333333333334,0.0,47.48771667480469,0.0,43.908,42
NIST_GROUND,posthoc_worst,2017-12-24 08:35:00-05:00,116,9.666666666666666,0.0,44.47821044921875,0.0,43.908,42
NIST_GROUND,posthoc_worst,2017-12-24 08:35:00-05:00,117,9.75,0.0,39.74421691894531,0.0,43.908,42
NIST_GROUND,posthoc_worst,2017-12-24 08:35:00-05:00,118,9.833333333333334,0.0,37.32683181762695,0.0,43.908,42
NIST_GROUND,posthoc_worst,2017-12-24 08:35:00-05:00,119,9.916666666666666,0.0,34.53083419799805,0.0,43.908,42
NIST_GROUND,posthoc_worst,2017-12-24 08:35:00-05:00,120,10.0,0.0,36.141841888427734,0.0,43.908,42
NIST_GROUND,posthoc_worst,2017-12-24 08:35:00-05:00,121,10.083333333333334,0.0,31.553821563720703,0.0,43.908,42
NIST_GROUND,posthoc_worst,2017-12-24 08:35:00-05:00,122,10.166666666666666,0.0,27.438671112060547,0.0,43.908,42
NIST_GROUND,posthoc_worst,2017-12-24 08:35:00-05:00,123,10.25,0.0,24.871652603149414,0.0,43.908,42
NIST_GROUND,posthoc_worst,2017-12-24 08:35:00-05:00,124,10.333333333333334,0.0,19.752750396728516,0.0,43.908,42
NIST_GROUND,posthoc_worst,2017-12-24 08:35:00-05:00,125,10.416666666666666,0.0,20.538312911987305,0.0,43.908,42
NIST_GROUND,posthoc_worst,2017-12-24 08:35:00-05:00,126,10.5,0.0,15.175008773803711,0.0,43.908,42
NIST_GROUND,posthoc_worst,2017-12-24 08:35:00-05:00,127,10.583333333333334,0.0,11.848393440246582,0.0,43.908,42
NIST_GROUND,posthoc_worst,2017-12-24 08:35:00-05:00,128,10.666666666666666,0.0,10.653313636779785,0.0,43.908,42
NIST_GROUND,posthoc_worst,2017-12-24 08:35:00-05:00,129,10.75,0.0,9.879154205322266,0.0,43.908,42
NIST_GROUND,posthoc_worst,2017-12-24 08:35:00-05:00,130,10.833333333333334,0.0,8.937766075134277,0.0,43.908,42
NIST_GROUND,posthoc_worst,2017-12-24 08:35:00-05:00,131,10.916666666666666,0.0,5.112704277038574,0.0,43.908,42
NIST_GROUND,posthoc_worst,2017-12-24 08:35:00-05:00,132,11.0,0.0,4.711942672729492,0.0,43.908,42
NIST_GROUND,posthoc_worst,2017-12-24 08:35:00-05:00,133,11.083333333333334,0.0,0.9519069790840149,0.0,43.908,42
NIST_GROUND,posthoc_worst,2017-12-24 08:35:00-05:00,134,11.166666666666666,0.0,-0.4783925712108612,0.0,43.908,42
NIST_GROUND,posthoc_worst,2017-12-24 08:35:00-05:00,135,11.25,0.0,0.7998780012130737,0.0,43.908,42
NIST_GROUND,posthoc_worst,2017-12-24 08:35:00-05:00,136,11.333333333333334,0.0,-1.4566023349761963,0.0,43.908,42
NIST_GROUND,posthoc_worst,2017-12-24 08:35:00-05:00,137,11.416666666666666,0.0,-0.7745057344436646,0.0,43.908,42
NIST_GROUND,posthoc_worst,2017-12-24 08:35:00-05:00,138,11.5,0.0,-2.0520710945129395,0.0,43.908,42
NIST_GROUND,posthoc_worst,2017-12-24 08:35:00-05:00,139,11.583333333333334,0.0,-2.0694751739501953,0.0,43.908,42
NIST_GROUND,posthoc_worst,2017-12-24 08:35:00-05:00,140,11.666666666666666,0.0,-4.828297138214111,0.0,43.908,42
NIST_GROUND,posthoc_worst,2017-12-24 08:35:00-05:00,141,11.75,0.0,-2.178532838821411,0.0,43.908,42
NIST_GROUND,posthoc_worst,2017-12-24 08:35:00-05:00,142,11.833333333333334,0.0,-4.349480152130127,0.0,43.908,42
NIST_GROUND,posthoc_worst,2017-12-24 08:35:00-05:00,143,11.916666666666666,0.0,-1.884341835975647,0.0,43.908,42
NIST_GROUND,posthoc_worst,2017-12-24 08:35:00-05:00,144,12.0,0.0,-5.079082489013672,0.0,43.908,42
YULARA_COMBINED,fixed_month_10,2017-10-15 10:00:00,1,0.08333333333333333,66.951535224915,73.09243774414062,83.620775222778,77.153483846895,42
YULARA_COMBINED,fixed_month_10,2017-10-15 10:00:00,2,0.16666666666666666,79.957261074673,74.57037353515625,83.645487449044,77.153483846895,42
YULARA_COMBINED,fixed_month_10,2017-10-15 10:00:00,3,0.25,80.699119567871,75.00218963623047,83.737951278687,77.153483846895,42
YULARA_COMBINED,fixed_month_10,2017-10-15 10:00:00,4,0.3333333333333333,75.400457490127,76.85784912109375,83.730197961792,77.153483846895,42
YULARA_COMBINED,fixed_month_10,2017-10-15 10:00:00,5,0.4166666666666667,82.439010620117,77.45722961425781,62.056692123413,77.153483846895,42
YULARA_COMBINED,fixed_month_10,2017-10-15 10:00:00,6,0.5,82.596161308606,78.3340835571289,73.500622379045,77.153483846895,42
YULARA_COMBINED,fixed_month_10,2017-10-15 10:00:00,7,0.5833333333333334,84.826583862305,77.75847625732422,85.761531829834,77.153483846895,42
YULARA_COMBINED,fixed_month_10,2017-10-15 10:00:00,8,0.6666666666666666,85.31721374515,80.46353149414062,86.092945453239,77.153483846895,42
YULARA_COMBINED,fixed_month_10,2017-10-15 10:00:00,9,0.75,86.736101150513,82.94945526123047,87.486543655396,77.153483846895,42
YULARA_COMBINED,fixed_month_10,2017-10-15 10:00:00,10,0.8333333333333334,86.890229877083,82.41039276123047,88.098020662235,77.153483846895,42
YULARA_COMBINED,fixed_month_10,2017-10-15 10:00:00,11,0.9166666666666666,88.616470336914,83.09052276611328,84.756498336792,77.153483846895,42
YULARA_COMBINED,fixed_month_10,2017-10-15 10:00:00,12,1.0,88.960236494219,83.34099578857422,79.179497051037,77.153483846895,42
YULARA_COMBINED,fixed_month_10,2017-10-15 10:00:00,13,1.0833333333333333,89.723440170288,84.60943603515625,91.067468643188,77.153483846895,42
YULARA_COMBINED,fixed_month_10,2017-10-15 10:00:00,14,1.1666666666666667,90.06084392876,84.6318359375,91.102095828976,77.153483846895,42
YULARA_COMBINED,fixed_month_10,2017-10-15 10:00:00,15,1.25,91.059135437012,85.7296371459961,92.227508544922,77.153483846895,42
YULARA_COMBINED,fixed_month_10,2017-10-15 10:00:00,16,1.3333333333333333,91.370186489421,87.58058166503906,88.678740371177,77.153483846895,42
YULARA_COMBINED,fixed_month_10,2017-10-15 10:00:00,17,1.4166666666666667,92.460834503174,87.36708068847656,94.184341430664,77.153483846895,42
YULARA_COMBINED,fixed_month_10,2017-10-15 10:00:00,18,1.5,92.645779166833,88.0715103149414,94.138884500951,77.153483846895,42
YULARA_COMBINED,fixed_month_10,2017-10-15 10:00:00,19,1.5833333333333333,93.244947433472,87.4459228515625,98.663734436035,77.153483846895,42
YULARA_COMBINED,fixed_month_10,2017-10-15 10:00:00,20,1.6666666666666667,93.101942811552,88.7509765625,84.998808095277,77.153483846895,42
YULARA_COMBINED,fixed_month_10,2017-10-15 10:00:00,21,1.75,94.487781524658,89.5570068359375,88.97375869751,77.153483846895,42
YULARA_COMBINED,fixed_month_10,2017-10-15 10:00:00,22,1.8333333333333333,94.592808415787,88.07110595703125,91.997257264297,77.153483846895,42
YULARA_COMBINED,fixed_month_10,2017-10-15 10:00:00,23,1.9166666666666667,94.534587860107,88.00960540771484,98.764183044434,77.153483846895,42
YULARA_COMBINED,fixed_month_10,2017-10-15 10:00:00,24,2.0,94.715955886406,88.46006774902344,97.643902268113,77.153483846895,42
YULARA_COMBINED,fixed_month_10,2017-10-15 10:00:00,25,2.0833333333333335,95.13720703125,87.67711639404297,101.11151885986,77.153483846895,42
YULARA_COMBINED,fixed_month_10,2017-10-15 10:00:00,26,2.1666666666666665,95.166112315978,88.63813018798828,101.82105359179,77.153483846895,42
YULARA_COMBINED,fixed_month_10,2017-10-15 10:00:00,27,2.25,96.06559753418,88.11143493652344,76.319263458252,77.153483846895,42
YULARA_COMBINED,fixed_month_10,2017-10-15 10:00:00,28,2.3333333333333335,95.683219201425,89.86470031738281,95.700118424929,77.153483846895,42
YULARA_COMBINED,fixed_month_10,2017-10-15 10:00:00,29,2.4166666666666665,95.20509147644,88.17205047607422,101.37012863159,77.153483846895,42
YULARA_COMBINED,fixed_month_10,2017-10-15 10:00:00,30,2.5,95.359262633138,87.28455352783203,98.748858312543,77.153483846895,42
YULARA_COMBINED,fixed_month_10,2017-10-15 10:00:00,31,2.5833333333333335,95.327247619629,86.57125854492188,101.8478717804,77.153483846895,42
YULARA_COMBINED,fixed_month_10,2017-10-15 10:00:00,32,2.6666666666666665,94.615653264794,88.04335021972656,101.68021229859,77.153483846895,42
YULARA_COMBINED,fixed_month_10,2017-10-15 10:00:00,33,2.75,95.045400619507,87.7850341796875,88.901918411255,77.153483846895,42
YULARA_COMBINED,fixed_month_10,2017-10-15 10:00:00,34,2.8333333333333335,95.053675578796,87.08068084716797,99.898622292234,77.153483846895,42
YULARA_COMBINED,fixed_month_10,2017-10-15 10:00:00,35,2.9166666666666665,94.400405883789,86.22905731201172,76.935846328735,77.153483846895,42
YULARA_COMBINED,fixed_month_10,2017-10-15 10:00:00,36,3.0,94.250271912647,84.97037506103516,55.63377653628,77.153483846895,42
YULARA_COMBINED,fixed_month_10,2017-10-15 10:00:00,37,3.0833333333333335,95.007030487061,83.36215209960938,63.57426071167,77.153483846895,42
YULARA_COMBINED,fixed_month_10,2017-10-15 10:00:00,38,3.1666666666666665,94.763042384696,86.20885467529297,67.363643075593,77.153483846895,42
YULARA_COMBINED,fixed_month_10,2017-10-15 10:00:00,39,3.25,93.788261413574,87.0757064819336,54.565104484558,77.153483846895,42
YULARA_COMBINED,fixed_month_10,2017-10-15 10:00:00,40,3.3333333333333335,94.124272184097,85.35409545898438,58.637249772538,77.153483846895,42
YULARA_COMBINED,fixed_month_10,2017-10-15 10:00:00,41,3.4166666666666665,94.00835609436,86.94441986083984,69.979412078857,77.153483846895,42
YULARA_COMBINED,fixed_month_10,2017-10-15 10:00:00,42,3.5,93.401044268367,83.21408081054688,72.159043425922,77.153483846895,42
YULARA_COMBINED,fixed_month_10,2017-10-15 10:00:00,43,3.5833333333333335,90.902599334717,81.66857147216797,61.641953468323,77.153483846895,42
YULARA_COMBINED,fixed_month_10,2017-10-15 10:00:00,44,3.6666666666666665,90.795424434183,82.50836944580078,61.160791139262,77.153483846895,42
YULARA_COMBINED,fixed_month_10,2017-10-15 10:00:00,45,3.75,90.616779327393,82.92193603515625,68.108546257019,77.153483846895,42
YULARA_COMBINED,fixed_month_10,2017-10-15 10:00:00,46,3.8333333333333335,89.409031963013,81.80567169189453,63.176439241671,77.153483846895,42
YULARA_COMBINED,fixed_month_10,2017-10-15 10:00:00,47,3.9166666666666665,89.791263580322,82.58851623535156,48.595962524414,77.153483846895,42
YULARA_COMBINED,fixed_month_10,2017-10-15 10:00:00,48,4.0,90.308805471717,82.45056915283203,45.947116910512,77.153483846895,42
YULARA_COMBINED,fixed_month_10,2017-10-15 10:00:00,49,4.083333333333333,68.795338630676,80.53857421875,40.780214309692,77.153483846895,42
YULARA_COMBINED,fixed_month_10,2017-10-15 10:00:00,50,4.166666666666667,85.205219847014,79.57491302490234,40.863339406332,77.153483846895,42
YULARA_COMBINED,fixed_month_10,2017-10-15 10:00:00,51,4.25,100.07327270508,78.45578002929688,42.488694190979,77.153483846895,42
YULARA_COMBINED,fixed_month_10,2017-10-15 10:00:00,52,4.333333333333333,96.536231477382,75.13260650634766,43.355572147939,77.153483846895,42
YULARA_COMBINED,fixed_month_10,2017-10-15 10:00:00,53,4.416666666666667,90.683605194092,77.57360076904297,42.464143753052,77.153483846895,42
YULARA_COMBINED,fixed_month_10,2017-10-15 10:00:00,54,4.5,80.814062997407,74.51483154296875,46.768354207158,77.153483846895,42
YULARA_COMBINED,fixed_month_10,2017-10-15 10:00:00,55,4.583333333333333,104.41115570068,74.26953125,41.498919487,77.153483846895,42
YULARA_COMBINED,fixed_month_10,2017-10-15 10:00:00,56,4.666666666666667,87.18388719032,73.15312194824219,41.281212013106,77.153483846895,42
YULARA_COMBINED,fixed_month_10,2017-10-15 10:00:00,57,4.75,44.488415718079,71.16575622558594,45.549470901489,77.153483846895,42
YULARA_COMBINED,fixed_month_10,2017-10-15 10:00:00,58,4.833333333333333,58.91809360399,70.09331512451172,42.120521172904,77.153483846895,42
YULARA_COMBINED,fixed_month_10,2017-10-15 10:00:00,59,4.916666666666667,63.603821754456,66.81890106201172,36.509156227112,77.153483846895,42
YULARA_COMBINED,fixed_month_10,2017-10-15 10:00:00,60,5.0,89.157449290987,64.52526092529297,35.340813302411,77.153483846895,42
YULARA_COMBINED,fixed_month_10,2017-10-15 10:00:00,61,5.083333333333333,84.848026275635,63.15720748901367,31.399188995361,77.153483846895,42
YULARA_COMBINED,fixed_month_10,2017-10-15 10:00:00,62,5.166666666666667,82.924874928335,62.270294189453125,30.841095332359,77.153483846895,42
YULARA_COMBINED,fixed_month_10,2017-10-15 10:00:00,63,5.25,79.319232940674,61.320186614990234,34.392776489258,77.153483846895,42
YULARA_COMBINED,fixed_month_10,2017-10-15 10:00:00,64,5.333333333333333,78.43781764156,60.956947326660156,33.339801812431,77.153483846895,42
YULARA_COMBINED,fixed_month_10,2017-10-15 10:00:00,65,5.416666666666667,77.356782913208,61.331398010253906,31.309991836548,77.153483846895,42
YULARA_COMBINED,fixed_month_10,2017-10-15 10:00:00,66,5.5,77.142759995827,58.646934509277344,31.033501631985,77.153483846895,42
YULARA_COMBINED,fixed_month_10,2017-10-15 10:00:00,67,5.583333333333333,82.147285461426,55.93168258666992,31.627789020538,77.153483846895,42
YULARA_COMBINED,fixed_month_10,2017-10-15 10:00:00,68,5.666666666666667,83.492354055448,54.61149597167969,35.91698884341,77.153483846895,42
YULARA_COMBINED,fixed_month_10,2017-10-15 10:00:00,69,5.75,86.784440994263,53.09940719604492,62.950559616089,77.153483846895,42
YULARA_COMBINED,fixed_month_10,2017-10-15 10:00:00,70,5.833333333333333,62.610090615236,50.72814178466797,57.9970423031,77.153483846895,42
YULARA_COMBINED,fixed_month_10,2017-10-15 10:00:00,71,5.916666666666667,74.602672576904,48.62647247314453,34.53932094574,77.153483846895,42
YULARA_COMBINED,fixed_month_10,2017-10-15 10:00:00,72,6.0,71.746109562986,47.22801208496094,44.421718337252,77.153483846895,42
YULARA_COMBINED,fixed_month_10,2017-10-15 10:00:00,73,6.083333333333333,73.356128692627,45.6294059753418,51.138212203979,77.153483846895,42
YULARA_COMBINED,fixed_month_10,2017-10-15 10:00:00,74,6.166666666666667,69.016295986684,42.973140716552734,43.214672126792,77.153483846895,42
YULARA_COMBINED,fixed_month_10,2017-10-15 10:00:00,75,6.25,63.495311737061,40.96530532836914,23.78550195694,77.153483846895,42
YULARA_COMBINED,fixed_month_10,2017-10-15 10:00:00,76,6.333333333333333,60.693124971758,38.10137939453125,22.939108121623,77.153483846895,42
YULARA_COMBINED,fixed_month_10,2017-10-15 10:00:00,77,6.416666666666667,57.365634918213,36.67993927001953,26.58752155304,77.153483846895,42
YULARA_COMBINED,fixed_month_10,2017-10-15 10:00:00,78,6.5,54.939732286259,33.36855697631836,28.012329282002,77.153483846895,42
YULARA_COMBINED,fixed_month_10,2017-10-15 10:00:00,79,6.583333333333333,50.430456161499,31.24319839477539,33.948676586151,77.153483846895,42
YULARA_COMBINED,fixed_month_10,2017-10-15 10:00:00,80,6.666666666666667,48.193531873908,29.465984344482422,25.871609598455,77.153483846895,42
YULARA_COMBINED,fixed_month_10,2017-10-15 10:00:00,81,6.75,43.852685928345,26.563678741455078,19.554521560669,77.153483846895,42
YULARA_COMBINED,fixed_month_10,2017-10-15 10:00:00,82,6.833333333333333,42.92432358414,25.677322387695312,19.743394189974,77.153483846895,42
YULARA_COMBINED,fixed_month_10,2017-10-15 10:00:00,83,6.916666666666667,31.397953033447,23.22816276550293,21.600674629211,77.153483846895,42
YULARA_COMBINED,fixed_month_10,2017-10-15 10:00:00,84,7.0,38.609690269966,22.50204086303711,22.519280593618,77.153483846895,42
YULARA_COMBINED,fixed_month_10,2017-10-15 10:00:00,85,7.083333333333333,35.636096954346,21.58315086364746,20.76153421402,77.153483846895,42
YULARA_COMBINED,fixed_month_10,2017-10-15 10:00:00,86,7.166666666666667,34.138520864713,18.502281188964844,19.070960672988,77.153483846895,42
YULARA_COMBINED,fixed_month_10,2017-10-15 10:00:00,87,7.25,30.525848388672,17.78638458251953,18.350778102875,77.153483846895,42
YULARA_COMBINED,fixed_month_10,2017-10-15 10:00:00,88,7.333333333333333,29.087772958555,17.071346282958984,18.674501027354,77.153483846895,42
YULARA_COMBINED,fixed_month_10,2017-10-15 10:00:00,89,7.416666666666667,25.851006507874,16.118690490722656,17.283231735229,77.153483846895,42
YULARA_COMBINED,fixed_month_10,2017-10-15 10:00:00,90,7.5,24.695352431078,14.708553314208984,15.459130861563,77.153483846895,42
YULARA_COMBINED,fixed_month_10,2017-10-15 10:00:00,91,7.583333333333333,21.397452354431,13.746476173400879,11.871233463287,77.153483846895,42
YULARA_COMBINED,fixed_month_10,2017-10-15 10:00:00,92,7.666666666666667,20.200356677023,12.964951515197754,11.167733267682,77.153483846895,42
YULARA_COMBINED,fixed_month_10,2017-10-15 10:00:00,93,7.75,16.869869470596,12.440794944763184,9.5423233509064,77.153483846895,42
YULARA_COMBINED,fixed_month_10,2017-10-15 10:00:00,94,7.833333333333333,15.766184733457,12.582157135009766,9.2742487183784,77.153483846895,42
YULARA_COMBINED,fixed_month_10,2017-10-15 10:00:00,95,7.916666666666667,12.709820270538,9.383852005004883,8.3592654466629,77.153483846895,42
YULARA_COMBINED,fixed_month_10,2017-10-15 10:00:00,96,8.0,11.687910081497,7.721390724182129,7.8987839877891,77.153483846895,42
YULARA_COMBINED,fixed_month_10,2017-10-15 10:00:00,97,8.083333333333334,8.8407102823257,6.545787334442139,12.887587308884,77.153483846895,42
YULARA_COMBINED,fixed_month_10,2017-10-15 10:00:00,98,8.166666666666666,7.9504253017194,7.710501194000244,12.065327937017,77.153483846895,42
YULARA_COMBINED,fixed_month_10,2017-10-15 10:00:00,99,8.25,5.5368247628212,8.215291023254395,9.6178112030029,77.153483846895,42
YULARA_COMBINED,fixed_month_10,2017-10-15 10:00:00,100,8.333333333333334,4.8340931735616,6.498349189758301,8.71373616143,77.153483846895,42
YULARA_COMBINED,fixed_month_10,2017-10-15 10:00:00,101,8.416666666666666,2.8836261630058,7.257694721221924,6.5902798175812,77.153483846895,42
YULARA_COMBINED,fixed_month_10,2017-10-15 10:00:00,102,8.5,2.6222361837627,4.6685404777526855,5.8810801642033,77.153483846895,42
YULARA_COMBINED,fixed_month_10,2017-10-15 10:00:00,103,8.583333333333334,1.5307827889919,3.2246782779693604,4.2825721502304,77.153483846895,42
YULARA_COMBINED,fixed_month_10,2017-10-15 10:00:00,104,8.666666666666666,1.2753563149035,2.7607336044311523,3.5693834215788,77.153483846895,42
YULARA_COMBINED,fixed_month_10,2017-10-15 10:00:00,105,8.75,0.59615160524845,3.083313226699829,1.5242295563221,77.153483846895,42
YULARA_COMBINED,fixed_month_10,2017-10-15 10:00:00,106,8.833333333333334,0.41076966208182,3.242203712463379,1.0410104160783,77.153483846895,42
YULARA_COMBINED,fixed_month_10,2017-10-15 10:00:00,107,8.916666666666666,-0.040668084053323,2.774521827697754,0.028919114498422,77.153483846895,42
YULARA_COMBINED,fixed_month_10,2017-10-15 10:00:00,108,9.0,-0.039372273443432,1.2464478015899658,-0.033114935946326,77.153483846895,42
YULARA_COMBINED,fixed_month_10,2017-10-15 10:00:00,109,9.083333333333334,-0.038203585892916,-0.3549782335758209,-0.045171204372309,77.153483846895,42
YULARA_COMBINED,fixed_month_10,2017-10-15 10:00:00,110,9.166666666666666,-0.043076639341249,0.6859230995178223,-0.045831543074138,77.153483846895,42
YULARA_COMBINED,fixed_month_10,2017-10-15 10:00:00,111,9.25,-0.044723960454576,0.5666198134422302,-0.046227720682509,77.153483846895,42
YULARA_COMBINED,fixed_month_10,2017-10-15 10:00:00,112,9.333333333333334,-0.044917877648898,-0.13955740630626678,-0.046091850241148,77.153483846895,42
YULARA_COMBINED,fixed_month_10,2017-10-15 10:00:00,113,9.416666666666666,-0.045203419984318,-0.538334846496582,-0.046164639876224,77.153483846895,42
YULARA_COMBINED,fixed_month_10,2017-10-15 10:00:00,114,9.5,-0.045038603666116,-0.8462441563606262,-0.046045725340438,77.153483846895,42
YULARA_COMBINED,fixed_month_10,2017-10-15 10:00:00,115,9.583333333333334,-0.04512340342626,-0.11510676145553589,-0.045599900651723,77.153483846895,42
YULARA_COMBINED,fixed_month_10,2017-10-15 10:00:00,116,9.666666666666666,-0.044924022744149,-1.4208295345306396,-0.045570874602403,77.153483846895,42
YULARA_COMBINED,fixed_month_10,2017-10-15 10:00:00,117,9.75,-0.044831017148681,-1.5739034414291382,-0.045800049556419,77.153483846895,42
YULARA_COMBINED,fixed_month_10,2017-10-15 10:00:00,118,9.833333333333334,-0.044705646014505,-1.6006889343261719,-0.045730964129176,77.153483846895,42
YULARA_COMBINED,fixed_month_10,2017-10-15 10:00:00,119,9.916666666666666,-0.0449042187538,-1.893711805343628,-0.044820057111792,77.153483846895,42
YULARA_COMBINED,fixed_month_10,2017-10-15 10:00:00,120,10.0,-0.044786820600341,-2.0935347080230713,-0.045537741755676,77.153483846895,42
YULARA_COMBINED,fixed_month_10,2017-10-15 10:00:00,121,10.083333333333334,-0.044397270539775,-2.0386667251586914,-0.04570574441459,77.153483846895,42
YULARA_COMBINED,fixed_month_10,2017-10-15 10:00:00,122,10.166666666666666,-0.044492443969207,-2.8095510005950928,-0.045390844145457,77.153483846895,42
YULARA_COMBINED,fixed_month_10,2017-10-15 10:00:00,123,10.25,-0.044608542928472,-1.027878999710083,-0.04484457091894,77.153483846895,42
YULARA_COMBINED,fixed_month_10,2017-10-15 10:00:00,124,10.333333333333334,-0.044479343168455,-2.399066925048828,-0.045365078139966,77.153483846895,42
YULARA_COMBINED,fixed_month_10,2017-10-15 10:00:00,125,10.416666666666666,-0.044413862749934,-2.351435899734497,-0.045008499524556,77.153483846895,42
YULARA_COMBINED,fixed_month_10,2017-10-15 10:00:00,126,10.5,-0.044352244855408,-3.199528217315674,-0.045322167593456,77.153483846895,42
YULARA_COMBINED,fixed_month_10,2017-10-15 10:00:00,127,10.583333333333334,-0.044260853435844,-2.005267858505249,-0.045199075248092,77.153483846895,42
YULARA_COMBINED,fixed_month_10,2017-10-15 10:00:00,128,10.666666666666666,-0.044481441894883,-1.215905785560608,-0.045190834742887,77.153483846895,42
YULARA_COMBINED,fixed_month_10,2017-10-15 10:00:00,129,10.75,-0.044475937727839,-3.0519886016845703,-0.045335205737501,77.153483846895,42
YULARA_COMBINED,fixed_month_10,2017-10-15 10:00:00,130,10.833333333333334,-0.044275238144039,-1.6704500913619995,-0.04510450007652,77.153483846895,42
YULARA_COMBINED,fixed_month_10,2017-10-15 10:00:00,131,10.916666666666666,-0.044213705928996,-1.824353575706482,-0.045821491279639,77.153483846895,42
YULARA_COMBINED,fixed_month_10,2017-10-15 10:00:00,132,11.0,-0.043965482468085,-1.3885923624038696,-0.04524287765228,77.153483846895,42
YULARA_COMBINED,fixed_month_10,2017-10-15 10:00:00,133,11.083333333333334,-0.04406818759162,-1.469663381576538,-0.045338697964326,77.153483846895,42
YULARA_COMBINED,fixed_month_10,2017-10-15 10:00:00,134,11.166666666666666,-0.044069228588497,-0.636519193649292,-0.045022425172427,77.153483846895,42
YULARA_COMBINED,fixed_month_10,2017-10-15 10:00:00,135,11.25,-0.04458372911904,-0.421243280172348,-0.045433581108227,77.153483846895,42
YULARA_COMBINED,fixed_month_10,2017-10-15 10:00:00,136,11.333333333333334,-0.043929463592066,-1.1069016456604004,-0.044884397732344,77.153483846895,42
YULARA_COMBINED,fixed_month_10,2017-10-15 10:00:00,137,11.416666666666666,-0.043595027877018,-0.6224385499954224,-0.044686723733321,77.153483846895,42
YULARA_COMBINED,fixed_month_10,2017-10-15 10:00:00,138,11.5,-0.043680673172986,-0.8537374138832092,-0.044939138773907,77.153483846895,42
YULARA_COMBINED,fixed_month_10,2017-10-15 10:00:00,139,11.583333333333334,-0.043188586249016,0.33816272020339966,-0.045119094429538,77.153483846895,42
YULARA_COMBINED,fixed_month_10,2017-10-15 10:00:00,140,11.666666666666666,-0.043652484453513,-0.19324906170368195,-0.045079486975466,77.153483846895,42
YULARA_COMBINED,fixed_month_10,2017-10-15 10:00:00,141,11.75,-0.04381713445764,0.10754864662885666,-0.044974213698879,77.153483846895,42
YULARA_COMBINED,fixed_month_10,2017-10-15 10:00:00,142,11.833333333333334,-0.043978524037359,-1.2363135814666748,-0.045166167631116,77.153483846895,42
YULARA_COMBINED,fixed_month_10,2017-10-15 10:00:00,143,11.916666666666666,-0.043814079836011,0.37685662508010864,-0.045065412879921,77.153483846895,42
YULARA_COMBINED,fixed_month_10,2017-10-15 10:00:00,144,12.0,-0.04364594555881,-0.03606598824262619,-0.045095427462614,77.153483846895,42
YULARA_COMBINED,fixed_month_11,2017-11-15 10:00:00,1,0.08333333333333333,78.307676315308,72.68273162841797,75.959984779358,72.2782747385,42
YULARA_COMBINED,fixed_month_11,2017-11-15 10:00:00,2,0.16666666666666666,78.858646317692,73.53599548339844,76.379032331787,72.2782747385,42
YULARA_COMBINED,fixed_month_11,2017-11-15 10:00:00,3,0.25,80.311317443848,74.79874420166016,78.459886550903,72.2782747385,42
YULARA_COMBINED,fixed_month_11,2017-11-15 10:00:00,4,0.3333333333333333,80.857251426518,75.39566802978516,78.953724598574,72.2782747385,42
YULARA_COMBINED,fixed_month_11,2017-11-15 10:00:00,5,0.4166666666666667,82.171152114868,75.9408187866211,80.328115463257,72.2782747385,42
YULARA_COMBINED,fixed_month_11,2017-11-15 10:00:00,6,0.5,83.055393244236,76.2421646118164,80.562331250764,72.2782747385,42
YULARA_COMBINED,fixed_month_11,2017-11-15 10:00:00,7,0.5833333333333334,85.966421127319,75.98407745361328,81.99415397644,72.2782747385,42
YULARA_COMBINED,fixed_month_11,2017-11-15 10:00:00,8,0.6666666666666666,86.036009681073,78.15660858154297,82.476816191497,72.2782747385,42
YULARA_COMBINED,fixed_month_11,2017-11-15 10:00:00,9,0.75,86.163906097412,80.57980346679688,84.298324584961,72.2782747385,42
YULARA_COMBINED,fixed_month_11,2017-11-15 10:00:00,10,0.8333333333333334,79.265214644153,80.50730895996094,84.595331149988,72.2782747385,42
YULARA_COMBINED,fixed_month_11,2017-11-15 10:00:00,11,0.9166666666666666,88.027708053589,80.83667755126953,85.453880310059,72.2782747385,42
YULARA_COMBINED,fixed_month_11,2017-11-15 10:00:00,12,1.0,89.496324643664,80.23345184326172,85.926961051267,72.2782747385,42
YULARA_COMBINED,fixed_month_11,2017-11-15 10:00:00,13,1.0833333333333333,91.042057037354,81.89970397949219,85.222602844238,72.2782747385,42
YULARA_COMBINED,fixed_month_11,2017-11-15 10:00:00,14,1.1666666666666667,90.929075599938,82.05916595458984,86.901633610525,72.2782747385,42
YULARA_COMBINED,fixed_month_11,2017-11-15 10:00:00,15,1.25,95.709964752197,83.0821533203125,87.382549285889,72.2782747385,42
YULARA_COMBINED,fixed_month_11,2017-11-15 10:00:00,16,1.3333333333333333,94.983489101223,84.73088836669922,87.507502950002,72.2782747385,42
YULARA_COMBINED,fixed_month_11,2017-11-15 10:00:00,17,1.4166666666666667,94.888210296631,84.82450866699219,87.865928649902,72.2782747385,42
YULARA_COMBINED,fixed_month_11,2017-11-15 10:00:00,18,1.5,82.360607271403,85.30113983154297,88.544853080561,72.2782747385,42
YULARA_COMBINED,fixed_month_11,2017-11-15 10:00:00,19,1.5833333333333333,100.14898300171,84.99811553955078,89.186147689819,72.2782747385,42
YULARA_COMBINED,fixed_month_11,2017-11-15 10:00:00,20,1.6666666666666667,98.074865331516,86.60432434082031,89.036431348873,72.2782747385,42
YULARA_COMBINED,fixed_month_11,2017-11-15 10:00:00,21,1.75,97.562767028809,86.86154174804688,89.646251678467,72.2782747385,42
YULARA_COMBINED,fixed_month_11,2017-11-15 10:00:00,22,1.8333333333333333,96.239518086622,85.96414184570312,89.902602360193,72.2782747385,42
YULARA_COMBINED,fixed_month_11,2017-11-15 10:00:00,23,1.9166666666666667,96.792375564575,85.08154296875,89.645887374878,72.2782747385,42
YULARA_COMBINED,fixed_month_11,2017-11-15 10:00:00,24,2.0,96.758038254368,85.34004974365234,90.031778754407,72.2782747385,42
YULARA_COMBINED,fixed_month_11,2017-11-15 10:00:00,25,2.0833333333333335,94.903066635132,85.38796997070312,90.439443588257,72.2782747385,42
YULARA_COMBINED,fixed_month_11,2017-11-15 10:00:00,26,2.1666666666666665,94.850746072293,86.34173583984375,90.958523149269,72.2782747385,42
YULARA_COMBINED,fixed_month_11,2017-11-15 10:00:00,27,2.25,94.24626159668,85.87947845458984,91.700679779053,72.2782747385,42
YULARA_COMBINED,fixed_month_11,2017-11-15 10:00:00,28,2.3333333333333335,93.866734314426,87.48609924316406,91.749436355145,72.2782747385,42
YULARA_COMBINED,fixed_month_11,2017-11-15 10:00:00,29,2.4166666666666665,94.458574295044,85.40728759765625,92.169502258301,72.2782747385,42
YULARA_COMBINED,fixed_month_11,2017-11-15 10:00:00,30,2.5,94.099728813141,85.53373718261719,92.036719054493,72.2782747385,42
YULARA_COMBINED,fixed_month_11,2017-11-15 10:00:00,31,2.5833333333333335,96.475366592407,83.82389068603516,91.424806594849,72.2782747385,42
YULARA_COMBINED,fixed_month_11,2017-11-15 10:00:00,32,2.6666666666666665,95.020843639853,85.61434173583984,91.408954198009,72.2782747385,42
YULARA_COMBINED,fixed_month_11,2017-11-15 10:00:00,33,2.75,94.455669403076,86.22628784179688,92.449197769165,72.2782747385,42
YULARA_COMBINED,fixed_month_11,2017-11-15 10:00:00,34,2.8333333333333335,95.602450874937,84.89180755615234,92.404045521048,72.2782747385,42
YULARA_COMBINED,fixed_month_11,2017-11-15 10:00:00,35,2.9166666666666665,23.237174510956,84.74127960205078,91.908025741577,72.2782747385,42
YULARA_COMBINED,fixed_month_11,2017-11-15 10:00:00,36,3.0,76.930903785899,82.34417724609375,91.203639241811,72.2782747385,42
YULARA_COMBINED,fixed_month_11,2017-11-15 10:00:00,37,3.0833333333333335,96.435653686523,80.90103912353516,92.593681335449,72.2782747385,42
YULARA_COMBINED,fixed_month_11,2017-11-15 10:00:00,38,3.1666666666666665,98.606590220588,84.36952209472656,92.19051225122,72.2782747385,42
YULARA_COMBINED,fixed_month_11,2017-11-15 10:00:00,39,3.25,82.45129776001,85.32357788085938,90.204359054565,72.2782747385,42
YULARA_COMBINED,fixed_month_11,2017-11-15 10:00:00,40,3.3333333333333335,81.669959671512,82.64173126220703,79.745973067787,72.2782747385,42
YULARA_COMBINED,fixed_month_11,2017-11-15 10:00:00,41,3.4166666666666665,74.724657058716,84.6722183227539,95.994667053223,72.2782747385,42
YULARA_COMBINED,fixed_month_11,2017-11-15 10:00:00,42,3.5,75.609550004921,81.27377319335938,93.711918440249,72.2782747385,42
YULARA_COMBINED,fixed_month_11,2017-11-15 10:00:00,43,3.5833333333333335,101.02343177795,79.72451782226562,75.734357833862,72.2782747385,42
YULARA_COMBINED,fixed_month_11,2017-11-15 10:00:00,44,3.6666666666666665,98.364970852903,80.90516662597656,90.004902052024,72.2782747385,42
YULARA_COMBINED,fixed_month_11,2017-11-15 10:00:00,45,3.75,93.70094871521,80.66838073730469,94.55749130249,72.2782747385,42
YULARA_COMBINED,fixed_month_11,2017-11-15 10:00:00,46,3.8333333333333335,96.107521203345,79.55537414550781,92.113246727217,72.2782747385,42
YULARA_COMBINED,fixed_month_11,2017-11-15 10:00:00,47,3.9166666666666665,99.756500244141,80.55398559570312,24.695464134216,72.2782747385,42
YULARA_COMBINED,fixed_month_11,2017-11-15 10:00:00,48,4.0,98.210612148762,80.728271484375,44.654471410887,72.2782747385,42
YULARA_COMBINED,fixed_month_11,2017-11-15 10:00:00,49,4.083333333333333,95.087713241577,79.0435791015625,94.514848709106,72.2782747385,42
YULARA_COMBINED,fixed_month_11,2017-11-15 10:00:00,50,4.166666666666667,81.312994416492,77.74750518798828,87.520071871425,72.2782747385,42
YULARA_COMBINED,fixed_month_11,2017-11-15 10:00:00,51,4.25,22.266639232635,76.69295501708984,49.435814857483,72.2782747385,42
YULARA_COMBINED,fixed_month_11,2017-11-15 10:00:00,52,4.333333333333333,85.297934362155,73.18202209472656,54.694419184894,72.2782747385,42
YULARA_COMBINED,fixed_month_11,2017-11-15 10:00:00,53,4.416666666666667,89.460159301758,75.76530456542969,90.519975662231,72.2782747385,42
YULARA_COMBINED,fixed_month_11,2017-11-15 10:00:00,54,4.5,84.632427052785,72.8763198852539,32.244515395686,72.2782747385,42
YULARA_COMBINED,fixed_month_11,2017-11-15 10:00:00,55,4.583333333333333,88.801666259766,71.6445083618164,92.820426940918,72.2782747385,42
YULARA_COMBINED,fixed_month_11,2017-11-15 10:00:00,56,4.666666666666667,88.226135401076,70.19966125488281,88.895568308828,72.2782747385,42
YULARA_COMBINED,fixed_month_11,2017-11-15 10:00:00,57,4.75,89.170446395874,68.65314483642578,90.284961700439,72.2782747385,42
YULARA_COMBINED,fixed_month_11,2017-11-15 10:00:00,58,4.833333333333333,89.131946188505,68.01306915283203,89.310634769627,72.2782747385,42
YULARA_COMBINED,fixed_month_11,2017-11-15 10:00:00,59,4.916666666666667,90.222816467285,65.06010437011719,82.720779418945,72.2782747385,42
YULARA_COMBINED,fixed_month_11,2017-11-15 10:00:00,60,5.0,75.746668076469,62.45792770385742,82.062348204793,72.2782747385,42
YULARA_COMBINED,fixed_month_11,2017-11-15 10:00:00,61,5.083333333333333,28.323343753815,61.70338821411133,26.171897172928,72.2782747385,42
YULARA_COMBINED,fixed_month_11,2017-11-15 10:00:00,62,5.166666666666667,22.032971339388,60.33876037597656,48.804776687939,72.2782747385,42
YULARA_COMBINED,fixed_month_11,2017-11-15 10:00:00,63,5.25,15.220709562302,60.01129150390625,16.189049720764,72.2782747385,42
YULARA_COMBINED,fixed_month_11,2017-11-15 10:00:00,64,5.333333333333333,31.163989009438,59.51361083984375,29.438939252479,72.2782747385,42
YULARA_COMBINED,fixed_month_11,2017-11-15 10:00:00,65,5.416666666666667,66.435791492462,59.38821029663086,75.268517494202,72.2782747385,42
YULARA_COMBINED,fixed_month_11,2017-11-15 10:00:00,66,5.5,73.415065577279,56.5062141418457,73.174299302618,72.2782747385,42
YULARA_COMBINED,fixed_month_11,2017-11-15 10:00:00,67,5.583333333333333,71.415859222412,54.14441680908203,73.860800743103,72.2782747385,42
YULARA_COMBINED,fixed_month_11,2017-11-15 10:00:00,68,5.666666666666667,72.793057577166,52.83871841430664,69.038705649309,72.2782747385,42
YULARA_COMBINED,fixed_month_11,2017-11-15 10:00:00,69,5.75,71.431034088135,50.99605941772461,68.938646316528,72.2782747385,42
YULARA_COMBINED,fixed_month_11,2017-11-15 10:00:00,70,5.833333333333333,36.885285709589,48.504356384277344,70.318968190737,72.2782747385,42
YULARA_COMBINED,fixed_month_11,2017-11-15 10:00:00,71,5.916666666666667,67.363147735596,47.04710006713867,67.718944549561,72.2782747385,42
YULARA_COMBINED,fixed_month_11,2017-11-15 10:00:00,72,6.0,52.392448332795,45.72478103637695,65.929201921774,72.2782747385,42
YULARA_COMBINED,fixed_month_11,2017-11-15 10:00:00,73,6.083333333333333,61.284955978394,43.89003372192383,56.012639045715,72.2782747385,42
YULARA_COMBINED,fixed_month_11,2017-11-15 10:00:00,74,6.166666666666667,60.637831548269,41.325462341308594,63.893783723178,72.2782747385,42
YULARA_COMBINED,fixed_month_11,2017-11-15 10:00:00,75,6.25,60.136665344238,39.36994171142578,61.943078994751,72.2782747385,42
YULARA_COMBINED,fixed_month_11,2017-11-15 10:00:00,76,6.333333333333333,46.287687447858,36.65873718261719,59.95205095051,72.2782747385,42
YULARA_COMBINED,fixed_month_11,2017-11-15 10:00:00,77,6.416666666666667,51.564798355103,35.82158279418945,55.480489730835,72.2782747385,42
YULARA_COMBINED,fixed_month_11,2017-11-15 10:00:00,78,6.5,53.670229274968,32.78413009643555,44.177122634087,72.2782747385,42
YULARA_COMBINED,fixed_month_11,2017-11-15 10:00:00,79,6.583333333333333,50.803146362305,30.53423500061035,49.487665176392,72.2782747385,42
YULARA_COMBINED,fixed_month_11,2017-11-15 10:00:00,80,6.666666666666667,51.858163920347,28.798364639282227,18.28449437663,72.2782747385,42
YULARA_COMBINED,fixed_month_11,2017-11-15 10:00:00,81,6.75,47.558656692505,26.827190399169922,10.736437559128,72.2782747385,42
YULARA_COMBINED,fixed_month_11,2017-11-15 10:00:00,82,6.833333333333333,26.127381869939,25.049488067626953,10.494137715029,72.2782747385,42
YULARA_COMBINED,fixed_month_11,2017-11-15 10:00:00,83,6.916666666666667,13.160636425018,22.958484649658203,8.8633794784546,72.2782747385,42
YULARA_COMBINED,fixed_month_11,2017-11-15 10:00:00,84,7.0,11.881353032916,23.015039443969727,7.9293975810844,72.2782747385,42
YULARA_COMBINED,fixed_month_11,2017-11-15 10:00:00,85,7.083333333333333,10.071621894836,21.561052322387695,7.2037284374237,72.2782747385,42
YULARA_COMBINED,fixed_month_11,2017-11-15 10:00:00,86,7.166666666666667,9.4362236511637,18.745193481445312,6.6519675866425,72.2782747385,42
YULARA_COMBINED,fixed_month_11,2017-11-15 10:00:00,87,7.25,8.7059670686722,17.888599395751953,7.5786962509155,72.2782747385,42
YULARA_COMBINED,fixed_month_11,2017-11-15 10:00:00,88,7.333333333333333,9.2325334658976,17.305450439453125,7.9976379555216,72.2782747385,42
YULARA_COMBINED,fixed_month_11,2017-11-15 10:00:00,89,7.416666666666667,9.9010429382324,16.833118438720703,6.9038434028625,72.2782747385,42
YULARA_COMBINED,fixed_month_11,2017-11-15 10:00:00,90,7.5,9.2418676812714,15.492487907409668,6.6994567050609,72.2782747385,42
YULARA_COMBINED,fixed_month_11,2017-11-15 10:00:00,91,7.583333333333333,4.7528713941574,14.2278470993042,8.0638375282288,72.2782747385,42
YULARA_COMBINED,fixed_month_11,2017-11-15 10:00:00,92,7.666666666666667,4.2383442165747,13.83916187286377,12.124114944168,72.2782747385,42
YULARA_COMBINED,fixed_month_11,2017-11-15 10:00:00,93,7.75,3.8051670193672,13.139888763427734,25.056027412415,72.2782747385,42
YULARA_COMBINED,fixed_month_11,2017-11-15 10:00:00,94,7.833333333333333,3.3221251331283,13.028173446655273,25.906095138909,72.2782747385,42
YULARA_COMBINED,fixed_month_11,2017-11-15 10:00:00,95,7.916666666666667,2.0790624320507,10.682376861572266,22.150384902954,72.2782747385,42
YULARA_COMBINED,fixed_month_11,2017-11-15 10:00:00,96,8.0,1.5562493699201,8.675065994262695,21.44433287248,72.2782747385,42
YULARA_COMBINED,fixed_month_11,2017-11-15 10:00:00,97,8.083333333333334,0.32943353429437,7.61622428894043,18.989281654358,72.2782747385,42
YULARA_COMBINED,fixed_month_11,2017-11-15 10:00:00,98,8.166666666666666,0.08063501177813,8.325946807861328,16.788003875652,72.2782747385,42
YULARA_COMBINED,fixed_month_11,2017-11-15 10:00:00,99,8.25,-0.039677696535364,9.478135108947754,11.612003564835,72.2782747385,42
YULARA_COMBINED,fixed_month_11,2017-11-15 10:00:00,100,8.333333333333334,-0.040779958832085,7.5947585105896,9.0887630040035,72.2782747385,42
YULARA_COMBINED,fixed_month_11,2017-11-15 10:00:00,101,8.416666666666666,-0.046317055705003,8.228362083435059,5.4773075580597,72.2782747385,42
YULARA_COMBINED,fixed_month_11,2017-11-15 10:00:00,102,8.5,-0.045502514708366,5.7206034660339355,4.2587346906875,72.2782747385,42
YULARA_COMBINED,fixed_month_11,2017-11-15 10:00:00,103,8.583333333333334,-0.044585427385755,4.2176055908203125,2.6199648976326,72.2782747385,42
YULARA_COMBINED,fixed_month_11,2017-11-15 10:00:00,104,8.666666666666666,-0.042302255162984,3.602180242538452,2.4369689131767,72.2782747385,42
YULARA_COMBINED,fixed_month_11,2017-11-15 10:00:00,105,8.75,0.12817525828723,4.015944957733154,0.87454307079315,72.2782747385,42
YULARA_COMBINED,fixed_month_11,2017-11-15 10:00:00,106,8.833333333333334,0.85315142434871,3.7273008823394775,0.68766036021378,72.2782747385,42
YULARA_COMBINED,fixed_month_11,2017-11-15 10:00:00,107,8.916666666666666,3.4497013688087,3.271472930908203,-0.047604163177311,72.2782747385,42
YULARA_COMBINED,fixed_month_11,2017-11-15 10:00:00,108,9.0,4.9518098844845,2.1083223819732666,-0.040562004325124,72.2782747385,42
YULARA_COMBINED,fixed_month_11,2017-11-15 10:00:00,109,9.083333333333334,3.4421601891518,0.9206007719039917,-0.039079238893464,72.2782747385,42
YULARA_COMBINED,fixed_month_11,2017-11-15 10:00:00,110,9.166666666666666,2.8265126258369,1.1985589265823364,-0.03908406095134,72.2782747385,42
YULARA_COMBINED,fixed_month_11,2017-11-15 10:00:00,111,9.25,0.97961075603962,1.859126091003418,-0.044462200952694,72.2782747385,42
YULARA_COMBINED,fixed_month_11,2017-11-15 10:00:00,112,9.333333333333334,0.59943710618376,0.3707141578197479,-0.044667660407545,72.2782747385,42
YULARA_COMBINED,fixed_month_11,2017-11-15 10:00:00,113,9.416666666666666,-0.042260123416781,-0.26108524203300476,-0.044603027752601,72.2782747385,42
YULARA_COMBINED,fixed_month_11,2017-11-15 10:00:00,114,9.5,-0.046423177881334,-0.28185537457466125,-0.044873347653155,72.2782747385,42
YULARA_COMBINED,fixed_month_11,2017-11-15 10:00:00,115,9.583333333333334,-0.048617722233757,0.5103036165237427,-0.045329803833738,72.2782747385,42
YULARA_COMBINED,fixed_month_11,2017-11-15 10:00:00,116,9.666666666666666,-0.048287269878949,-1.104352593421936,-0.045196196531992,72.2782747385,42
YULARA_COMBINED,fixed_month_11,2017-11-15 10:00:00,117,9.75,-0.047977487090975,-0.9946557879447937,-0.045290203648619,72.2782747385,42
YULARA_COMBINED,fixed_month_11,2017-11-15 10:00:00,118,9.833333333333334,-0.047653480575765,-0.5335357189178467,-0.045223596997579,72.2782747385,42
YULARA_COMBINED,fixed_month_11,2017-11-15 10:00:00,119,9.916666666666666,-0.047435418237001,-1.1995980739593506,-0.044801836134866,72.2782747385,42
YULARA_COMBINED,fixed_month_11,2017-11-15 10:00:00,120,10.0,-0.047161405613968,-1.2024158239364624,-0.045202545333158,72.2782747385,42
YULARA_COMBINED,fixed_month_11,2017-11-15 10:00:00,121,10.083333333333334,-0.047029007808305,-1.5258735418319702,-0.044999401201494,72.2782747385,42
YULARA_COMBINED,fixed_month_11,2017-11-15 10:00:00,122,10.166666666666666,-0.046816101611526,-2.1083714962005615,-0.045139525168415,72.2782747385,42
YULARA_COMBINED,fixed_month_11,2017-11-15 10:00:00,123,10.25,-0.046506448416039,-1.0137746334075928,-0.04499042709358,72.2782747385,42
YULARA_COMBINED,fixed_month_11,2017-11-15 10:00:00,124,10.333333333333334,-0.046644989816033,-2.015225410461426,-0.045002799540065,72.2782747385,42
YULARA_COMBINED,fixed_month_11,2017-11-15 10:00:00,125,10.416666666666666,-0.046813164954074,-1.9505317211151123,-0.04501171130687,72.2782747385,42
YULARA_COMBINED,fixed_month_11,2017-11-15 10:00:00,126,10.5,-0.046415732419854,-2.9737744331359863,-0.044975361434031,72.2782747385,42
YULARA_COMBINED,fixed_month_11,2017-11-15 10:00:00,127,10.583333333333334,-0.046667030779645,-1.5488946437835693,-0.045213732169941,72.2782747385,42
YULARA_COMBINED,fixed_month_11,2017-11-15 10:00:00,128,10.666666666666666,-0.046340385815925,-1.4466367959976196,-0.045163818803129,72.2782747385,42
YULARA_COMBINED,fixed_month_11,2017-11-15 10:00:00,129,10.75,-0.04628654581029,-2.743746519088745,-0.044713210663758,72.2782747385,42
YULARA_COMBINED,fixed_month_11,2017-11-15 10:00:00,130,10.833333333333334,-0.046406182492284,-1.4823505878448486,-0.044880105594595,72.2782747385,42
YULARA_COMBINED,fixed_month_11,2017-11-15 10:00:00,131,10.916666666666666,-0.046279240981676,-2.2065608501434326,-0.044773811940104,72.2782747385,42
YULARA_COMBINED,fixed_month_11,2017-11-15 10:00:00,132,11.0,-0.04599415509815,-2.0074501037597656,-0.044838069431654,72.2782747385,42
YULARA_COMBINED,fixed_month_11,2017-11-15 10:00:00,133,11.083333333333334,-0.045897512580268,-1.9264339208602905,-0.044217953458428,72.2782747385,42
YULARA_COMBINED,fixed_month_11,2017-11-15 10:00:00,134,11.166666666666666,-0.045766512969398,-1.1583056449890137,-0.044584789949245,72.2782747385,42
YULARA_COMBINED,fixed_month_11,2017-11-15 10:00:00,135,11.25,-0.045779738924466,-0.6417746543884277,-0.04487616836559,72.2782747385,42
YULARA_COMBINED,fixed_month_11,2017-11-15 10:00:00,136,11.333333333333334,-0.045907649998639,-1.4226428270339966,-0.044872795086081,72.2782747385,42
YULARA_COMBINED,fixed_month_11,2017-11-15 10:00:00,137,11.416666666666666,-0.045970121864229,-0.7252088785171509,-0.04515445465222,72.2782747385,42
YULARA_COMBINED,fixed_month_11,2017-11-15 10:00:00,138,11.5,-0.046000291246224,-0.8499116897583008,-0.044627044364329,72.2782747385,42
YULARA_COMBINED,fixed_month_11,2017-11-15 10:00:00,139,11.583333333333334,-0.046053588273935,-0.35660549998283386,-0.044613838894293,72.2782747385,42
YULARA_COMBINED,fixed_month_11,2017-11-15 10:00:00,140,11.666666666666666,-0.045804830357405,-0.9977902173995972,-0.044405447742028,72.2782747385,42
YULARA_COMBINED,fixed_month_11,2017-11-15 10:00:00,141,11.75,-0.045794136240147,-1.1112178564071655,-0.044633311335929,72.2782747385,42
YULARA_COMBINED,fixed_month_11,2017-11-15 10:00:00,142,11.833333333333334,-0.045740241241268,-1.3614606857299805,-0.044524138330807,72.2782747385,42
YULARA_COMBINED,fixed_month_11,2017-11-15 10:00:00,143,11.916666666666666,-0.046071245218627,-0.6343286037445068,-0.044699276797473,72.2782747385,42
YULARA_COMBINED,fixed_month_11,2017-11-15 10:00:00,144,12.0,-0.045825557917399,-1.3106999397277832,-0.044518094663558,72.2782747385,42
YULARA_COMBINED,fixed_month_12,2017-12-15 10:00:00,1,0.08333333333333333,74.650784492493,72.25191497802734,75.749448776245,72.567603467427,42
YULARA_COMBINED,fixed_month_12,2017-12-15 10:00:00,2,0.16666666666666666,75.161225349936,73.68204498291016,76.186420558811,72.567603467427,42
YULARA_COMBINED,fixed_month_12,2017-12-15 10:00:00,3,0.25,77.042633056641,75.16574096679688,78.066871643066,72.567603467427,42
YULARA_COMBINED,fixed_month_12,2017-12-15 10:00:00,4,0.3333333333333333,77.563654337889,75.65320587158203,78.298562750749,72.567603467427,42
YULARA_COMBINED,fixed_month_12,2017-12-15 10:00:00,5,0.4166666666666667,79.298070907593,76.37139129638672,80.288011550903,72.567603467427,42
YULARA_COMBINED,fixed_month_12,2017-12-15 10:00:00,6,0.5,79.626222521538,77.02992248535156,80.641489322912,72.567603467427,42
YULARA_COMBINED,fixed_month_12,2017-12-15 10:00:00,7,0.5833333333333334,81.102760314941,76.8306884765625,81.95379447937,72.567603467427,42
YULARA_COMBINED,fixed_month_12,2017-12-15 10:00:00,8,0.6666666666666666,81.292948955139,79.10161590576172,82.366017611403,72.567603467427,42
YULARA_COMBINED,fixed_month_12,2017-12-15 10:00:00,9,0.75,80.855403900146,81.38908386230469,83.739763259888,72.567603467427,42
YULARA_COMBINED,fixed_month_12,2017-12-15 10:00:00,10,0.8333333333333334,82.833526395906,81.28816223144531,84.162356880318,72.567603467427,42
YULARA_COMBINED,fixed_month_12,2017-12-15 10:00:00,11,0.9166666666666666,84.167043685913,81.98116302490234,85.395257949829,72.567603467427,42
YULARA_COMBINED,fixed_month_12,2017-12-15 10:00:00,12,1.0,84.54097054443,81.80326080322266,85.854880140462,72.567603467427,42
YULARA_COMBINED,fixed_month_12,2017-12-15 10:00:00,13,1.0833333333333333,85.978778839111,83.62735748291016,87.030792236328,72.567603467427,42
YULARA_COMBINED,fixed_month_12,2017-12-15 10:00:00,14,1.1666666666666667,86.038037869258,83.89250183105469,87.068439326409,72.567603467427,42
YULARA_COMBINED,fixed_month_12,2017-12-15 10:00:00,15,1.25,86.794582366943,85.03899383544922,87.930765151978,72.567603467427,42
YULARA_COMBINED,fixed_month_12,2017-12-15 10:00:00,16,1.3333333333333333,87.094198752846,86.85301971435547,88.150892481358,72.567603467427,42
YULARA_COMBINED,fixed_month_12,2017-12-15 10:00:00,17,1.4166666666666667,88.613458633423,86.9194107055664,89.644565582275,72.567603467427,42
YULARA_COMBINED,fixed_month_12,2017-12-15 10:00:00,18,1.5,88.959705470569,87.34054565429688,89.631490273837,72.567603467427,42
YULARA_COMBINED,fixed_month_12,2017-12-15 10:00:00,19,1.5833333333333333,88.892667770386,87.15380859375,90.284355163574,72.567603467427,42
YULARA_COMBINED,fixed_month_12,2017-12-15 10:00:00,20,1.6666666666666667,89.287687399109,88.5905990600586,90.41260728699,72.567603467427,42
YULARA_COMBINED,fixed_month_12,2017-12-15 10:00:00,21,1.75,89.711164474487,89.06365966796875,90.833427429199,72.567603467427,42
YULARA_COMBINED,fixed_month_12,2017-12-15 10:00:00,22,1.8333333333333333,90.059757141431,87.57673645019531,90.95483980286,72.567603467427,42
YULARA_COMBINED,fixed_month_12,2017-12-15 10:00:00,23,1.9166666666666667,90.167707443237,87.1608657836914,91.507122039795,72.567603467427,42
YULARA_COMBINED,fixed_month_12,2017-12-15 10:00:00,24,2.0,90.771237498488,87.5381088256836,91.447710567824,72.567603467427,42
YULARA_COMBINED,fixed_month_12,2017-12-15 10:00:00,25,2.0833333333333335,90.484594345093,87.779296875,91.46063041687,72.567603467427,42
YULARA_COMBINED,fixed_month_12,2017-12-15 10:00:00,26,2.1666666666666665,90.471634732396,88.39110565185547,91.832435684638,72.567603467427,42
YULARA_COMBINED,fixed_month_12,2017-12-15 10:00:00,27,2.25,91.197925567627,88.1441421508789,92.370561599731,72.567603467427,42
YULARA_COMBINED,fixed_month_12,2017-12-15 10:00:00,28,2.3333333333333335,91.329866137947,89.78144073486328,92.288571552067,72.567603467427,42
YULARA_COMBINED,fixed_month_12,2017-12-15 10:00:00,29,2.4166666666666665,90.714859008789,87.93959045410156,92.434574127197,72.567603467427,42
YULARA_COMBINED,fixed_month_12,2017-12-15 10:00:00,30,2.5,90.853355747132,87.88855743408203,92.678392997861,72.567603467427,42
YULARA_COMBINED,fixed_month_12,2017-12-15 10:00:00,31,2.5833333333333335,91.094596862793,86.4743423461914,93.543241500854,72.567603467427,42
YULARA_COMBINED,fixed_month_12,2017-12-15 10:00:00,32,2.6666666666666665,91.603502270459,87.70787048339844,92.959191801832,72.567603467427,42
YULARA_COMBINED,fixed_month_12,2017-12-15 10:00:00,33,2.75,92.970346450806,88.41654205322266,92.464363098145,72.567603467427,42
YULARA_COMBINED,fixed_month_12,2017-12-15 10:00:00,34,2.8333333333333335,92.061098182283,87.26415252685547,93.318067823138,72.567603467427,42
YULARA_COMBINED,fixed_month_12,2017-12-15 10:00:00,35,2.9166666666666665,90.902061462402,86.88023376464844,92.818778991699,72.567603467427,42
YULARA_COMBINED,fixed_month_12,2017-12-15 10:00:00,36,3.0,90.67154623772,84.90991973876953,92.517121696315,72.567603467427,42
YULARA_COMBINED,fixed_month_12,2017-12-15 10:00:00,37,3.0833333333333335,90.08543586731,83.37943267822266,91.802080154419,72.567603467427,42
YULARA_COMBINED,fixed_month_12,2017-12-15 10:00:00,38,3.1666666666666665,90.624421251499,86.69467163085938,91.422635630191,72.567603467427,42
YULARA_COMBINED,fixed_month_12,2017-12-15 10:00:00,39,3.25,91.81750869751,87.22932434082031,92.140781402588,72.567603467427,42
YULARA_COMBINED,fixed_month_12,2017-12-15 10:00:00,40,3.3333333333333335,91.264075033014,85.22205352783203,92.755063959666,72.567603467427,42
YULARA_COMBINED,fixed_month_12,2017-12-15 10:00:00,41,3.4166666666666665,91.10076713562,86.86907196044922,92.38698387146,72.567603467427,42
YULARA_COMBINED,fixed_month_12,2017-12-15 10:00:00,42,3.5,90.767403101255,83.54570007324219,94.211990303061,72.567603467427,42
YULARA_COMBINED,fixed_month_12,2017-12-15 10:00:00,43,3.5833333333333335,89.077222824097,82.29910278320312,92.353904724121,72.567603467427,42
YULARA_COMBINED,fixed_month_12,2017-12-15 10:00:00,44,3.6666666666666665,88.903164127063,83.57283020019531,92.21660339436,72.567603467427,42
YULARA_COMBINED,fixed_month_12,2017-12-15 10:00:00,45,3.75,88.638292312622,83.58415985107422,91.159391403198,72.567603467427,42
YULARA_COMBINED,fixed_month_12,2017-12-15 10:00:00,46,3.8333333333333335,89.124297662076,82.60489654541016,72.624565873413,72.567603467427,42
YULARA_COMBINED,fixed_month_12,2017-12-15 10:00:00,47,3.9166666666666665,89.541477203369,83.8071060180664,92.525272369385,72.567603467427,42
YULARA_COMBINED,fixed_month_12,2017-12-15 10:00:00,48,4.0,89.497554468259,83.8382797241211,91.61969072633,72.567603467427,42
YULARA_COMBINED,fixed_month_12,2017-12-15 10:00:00,49,4.083333333333333,96.391750335693,81.66472625732422,100.9975528717,72.567603467427,42
YULARA_COMBINED,fixed_month_12,2017-12-15 10:00:00,50,4.166666666666667,69.285008241701,81.0665512084961,62.886065311,72.567603467427,42
YULARA_COMBINED,fixed_month_12,2017-12-15 10:00:00,51,4.25,97.84383392334,79.54776000976562,85.55478477478,72.567603467427,42
YULARA_COMBINED,fixed_month_12,2017-12-15 10:00:00,52,4.333333333333333,94.296061876135,76.56563568115234,96.186034945154,72.567603467427,42
YULARA_COMBINED,fixed_month_12,2017-12-15 10:00:00,53,4.416666666666667,93.920099258423,79.01740264892578,88.197860717773,72.567603467427,42
YULARA_COMBINED,fixed_month_12,2017-12-15 10:00:00,54,4.5,89.397300744451,76.1368179321289,95.476152487389,72.567603467427,42
YULARA_COMBINED,fixed_month_12,2017-12-15 10:00:00,55,4.583333333333333,91.292316436768,75.06111145019531,23.299562454224,72.567603467427,42
YULARA_COMBINED,fixed_month_12,2017-12-15 10:00:00,56,4.666666666666667,90.944655296453,73.80393981933594,28.951844935856,72.567603467427,42
YULARA_COMBINED,fixed_month_12,2017-12-15 10:00:00,57,4.75,88.383665084839,72.35606384277344,96.196899414062,72.567603467427,42
YULARA_COMBINED,fixed_month_12,2017-12-15 10:00:00,58,4.833333333333333,88.02788325835,71.40174865722656,92.305002081693,72.567603467427,42
YULARA_COMBINED,fixed_month_12,2017-12-15 10:00:00,59,4.916666666666667,83.445363998413,68.68596649169922,87.641576766968,72.567603467427,42
YULARA_COMBINED,fixed_month_12,2017-12-15 10:00:00,60,5.0,81.199268681974,66.13689422607422,85.956848243719,72.567603467427,42
YULARA_COMBINED,fixed_month_12,2017-12-15 10:00:00,61,5.083333333333333,80.592277526855,65.47990417480469,81.272943496704,72.567603467427,42
YULARA_COMBINED,fixed_month_12,2017-12-15 10:00:00,62,5.166666666666667,80.081073632426,63.857112884521484,80.403795120439,72.567603467427,42
YULARA_COMBINED,fixed_month_12,2017-12-15 10:00:00,63,5.25,80.164705276489,63.681434631347656,79.069318771362,72.567603467427,42
YULARA_COMBINED,fixed_month_12,2017-12-15 10:00:00,64,5.333333333333333,79.430107582101,63.43475341796875,77.920931950082,72.567603467427,42
YULARA_COMBINED,fixed_month_12,2017-12-15 10:00:00,65,5.416666666666667,76.894016265869,63.63511276245117,75.778093338013,72.567603467427,42
YULARA_COMBINED,fixed_month_12,2017-12-15 10:00:00,66,5.5,76.529057471042,60.678958892822266,74.785684412308,72.567603467427,42
YULARA_COMBINED,fixed_month_12,2017-12-15 10:00:00,67,5.583333333333333,73.833546638489,58.16446304321289,73.652579307556,72.567603467427,42
YULARA_COMBINED,fixed_month_12,2017-12-15 10:00:00,68,5.666666666666667,73.172390327934,57.16110610961914,73.094264832002,72.567603467427,42
YULARA_COMBINED,fixed_month_12,2017-12-15 10:00:00,69,5.75,71.964435577393,54.987613677978516,71.561023712158,72.567603467427,42
YULARA_COMBINED,fixed_month_12,2017-12-15 10:00:00,70,5.833333333333333,71.459109753481,52.729736328125,70.905351328246,72.567603467427,42
YULARA_COMBINED,fixed_month_12,2017-12-15 10:00:00,71,5.916666666666667,67.032650947571,51.406192779541016,68.118292808533,72.567603467427,42
YULARA_COMBINED,fixed_month_12,2017-12-15 10:00:00,72,6.0,66.89567559284,49.934226989746094,67.344911066571,72.567603467427,42
YULARA_COMBINED,fixed_month_12,2017-12-15 10:00:00,73,6.083333333333333,66.240339279175,48.368961334228516,64.277979850769,72.567603467427,42
YULARA_COMBINED,fixed_month_12,2017-12-15 10:00:00,74,6.166666666666667,54.62709882203,45.529178619384766,63.35017696861,72.567603467427,42
YULARA_COMBINED,fixed_month_12,2017-12-15 10:00:00,75,6.25,63.876941680908,43.65373229980469,61.098837852478,72.567603467427,42
YULARA_COMBINED,fixed_month_12,2017-12-15 10:00:00,76,6.333333333333333,47.895188461187,40.80879211425781,60.087972728239,72.567603467427,42
YULARA_COMBINED,fixed_month_12,2017-12-15 10:00:00,77,6.416666666666667,60.395274162292,40.15275573730469,57.586129188538,72.567603467427,42
YULARA_COMBINED,fixed_month_12,2017-12-15 10:00:00,78,6.5,53.675297208882,36.67588424682617,56.240498400674,72.567603467427,42
YULARA_COMBINED,fixed_month_12,2017-12-15 10:00:00,79,6.583333333333333,55.484113693237,34.86555862426758,53.057604789734,72.567603467427,42
YULARA_COMBINED,fixed_month_12,2017-12-15 10:00:00,80,6.666666666666667,54.553054273106,33.045623779296875,52.220875078711,72.567603467427,42
YULARA_COMBINED,fixed_month_12,2017-12-15 10:00:00,81,6.75,50.91986656189,30.695932388305664,49.746356964111,72.567603467427,42
YULARA_COMBINED,fixed_month_12,2017-12-15 10:00:00,82,6.833333333333333,49.206117095947,29.404081344604492,48.694594549368,72.567603467427,42
YULARA_COMBINED,fixed_month_12,2017-12-15 10:00:00,83,6.916666666666667,45.946676254272,26.842620849609375,46.127999305725,72.567603467427,42
YULARA_COMBINED,fixed_month_12,2017-12-15 10:00:00,84,7.0,46.025494784173,26.800724029541016,45.151788377478,72.567603467427,42
YULARA_COMBINED,fixed_month_12,2017-12-15 10:00:00,85,7.083333333333333,44.603885650635,25.503313064575195,42.361943721771,72.567603467427,42
YULARA_COMBINED,fixed_month_12,2017-12-15 10:00:00,86,7.166666666666667,44.161437761877,22.66279411315918,41.255821079169,72.567603467427,42
YULARA_COMBINED,fixed_month_12,2017-12-15 10:00:00,87,7.25,42.326065063477,21.909076690673828,38.515413284302,72.567603467427,42
YULARA_COMBINED,fixed_month_12,2017-12-15 10:00:00,88,7.333333333333333,12.949732930698,20.6435546875,37.626166815234,72.567603467427,42
YULARA_COMBINED,fixed_month_12,2017-12-15 10:00:00,89,7.416666666666667,36.186846733093,20.16023826599121,34.758203983307,72.567603467427,42
YULARA_COMBINED,fixed_month_12,2017-12-15 10:00:00,90,7.5,22.995892490919,18.732982635498047,33.631523581519,72.567603467427,42
YULARA_COMBINED,fixed_month_12,2017-12-15 10:00:00,91,7.583333333333333,5.2848451137543,17.69127082824707,30.691983699799,72.567603467427,42
YULARA_COMBINED,fixed_month_12,2017-12-15 10:00:00,92,7.666666666666667,4.8234255248726,16.746017456054688,29.561021711675,72.567603467427,42
YULARA_COMBINED,fixed_month_12,2017-12-15 10:00:00,93,7.75,4.9773293733597,16.103073120117188,26.484577178955,72.567603467427,42
YULARA_COMBINED,fixed_month_12,2017-12-15 10:00:00,94,7.833333333333333,19.346307132997,15.933975219726562,25.314281832434,72.567603467427,42
YULARA_COMBINED,fixed_month_12,2017-12-15 10:00:00,95,7.916666666666667,22.703116416931,13.011137962341309,22.386053085327,72.567603467427,42
YULARA_COMBINED,fixed_month_12,2017-12-15 10:00:00,96,8.0,21.82208409779,11.219670295715332,21.437988538797,72.567603467427,42
YULARA_COMBINED,fixed_month_12,2017-12-15 10:00:00,97,8.083333333333334,19.007948160172,9.63888931274414,18.410925388336,72.567603467427,42
YULARA_COMBINED,fixed_month_12,2017-12-15 10:00:00,98,8.166666666666666,18.129486690439,10.251251220703125,17.393264014983,72.567603467427,42
YULARA_COMBINED,fixed_month_12,2017-12-15 10:00:00,99,8.25,15.345290184021,11.562091827392578,14.358484745026,72.567603467427,42
YULARA_COMBINED,fixed_month_12,2017-12-15 10:00:00,100,8.333333333333334,14.440475730659,9.732871055603027,13.339531389508,72.567603467427,42
YULARA_COMBINED,fixed_month_12,2017-12-15 10:00:00,101,8.416666666666666,10.373017191887,10.223177909851074,10.705215930939,72.567603467427,42
YULARA_COMBINED,fixed_month_12,2017-12-15 10:00:00,102,8.5,9.289668866591,7.4795122146606445,9.8569307362345,72.567603467427,42
YULARA_COMBINED,fixed_month_12,2017-12-15 10:00:00,103,8.583333333333334,7.6654582023621,5.595625877380371,7.6312532424927,72.567603467427,42
YULARA_COMBINED,fixed_month_12,2017-12-15 10:00:00,104,8.666666666666666,6.9359392613388,5.261801719665527,6.9459166695103,72.567603467427,42
YULARA_COMBINED,fixed_month_12,2017-12-15 10:00:00,105,8.75,5.0801669359207,5.277022361755371,5.0813442468643,72.567603467427,42
YULARA_COMBINED,fixed_month_12,2017-12-15 10:00:00,106,8.833333333333334,4.5157988761487,4.7530837059021,4.5337437353843,72.567603467427,42
YULARA_COMBINED,fixed_month_12,2017-12-15 10:00:00,107,8.916666666666666,3.104656457901,4.659087657928467,3.1297029256821,72.567603467427,42
YULARA_COMBINED,fixed_month_12,2017-12-15 10:00:00,108,9.0,2.7223827852749,3.23146390914917,2.7221759259055,72.567603467427,42
YULARA_COMBINED,fixed_month_12,2017-12-15 10:00:00,109,9.083333333333334,1.853778898716,1.653983473777771,1.8574893474579,72.567603467427,42
YULARA_COMBINED,fixed_month_12,2017-12-15 10:00:00,110,9.166666666666666,1.6362891031779,1.7773706912994385,1.641308384378,72.567603467427,42
YULARA_COMBINED,fixed_month_12,2017-12-15 10:00:00,111,9.25,1.1217875778675,2.297125816345215,1.1154487580061,72.567603467427,42
YULARA_COMBINED,fixed_month_12,2017-12-15 10:00:00,112,9.333333333333334,0.98928138170592,1.028250813484192,0.98793426144361,72.567603467427,42
YULARA_COMBINED,fixed_month_12,2017-12-15 10:00:00,113,9.416666666666666,0.59211841225624,0.20074787735939026,0.56002506613731,72.567603467427,42
YULARA_COMBINED,fixed_month_12,2017-12-15 10:00:00,114,9.5,0.43914980849864,0.30900222063064575,0.41323339860493,72.567603467427,42
YULARA_COMBINED,fixed_month_12,2017-12-15 10:00:00,115,9.583333333333334,-0.0091124374885112,1.0773367881774902,-0.055568993091583,72.567603467427,42
YULARA_COMBINED,fixed_month_12,2017-12-15 10:00:00,116,9.666666666666666,-0.035245224249629,-0.49396830797195435,-0.042032048267314,72.567603467427,42
YULARA_COMBINED,fixed_month_12,2017-12-15 10:00:00,117,9.75,-0.037537693860941,-0.5904068350791931,-0.039101569913328,72.567603467427,42
YULARA_COMBINED,fixed_month_12,2017-12-15 10:00:00,118,9.833333333333334,-0.039478200730269,-0.4385119080543518,-0.041343495194866,72.567603467427,42
YULARA_COMBINED,fixed_month_12,2017-12-15 10:00:00,119,9.916666666666666,-0.043814189499244,-1.4035719633102417,-0.045493674697354,72.567603467427,42
YULARA_COMBINED,fixed_month_12,2017-12-15 10:00:00,120,10.0,-0.044226675709301,-0.8931595683097839,-0.045588357214001,72.567603467427,42
YULARA_COMBINED,fixed_month_12,2017-12-15 10:00:00,121,10.083333333333334,-0.044058241299354,-1.5555782318115234,-0.045438521890901,72.567603467427,42
YULARA_COMBINED,fixed_month_12,2017-12-15 10:00:00,122,10.166666666666666,-0.044218892218908,-1.9882961511611938,-0.045584699254378,72.567603467427,42
YULARA_COMBINED,fixed_month_12,2017-12-15 10:00:00,123,10.25,-0.04450833296869,-0.8661605715751648,-0.04530551971402,72.567603467427,42
YULARA_COMBINED,fixed_month_12,2017-12-15 10:00:00,124,10.333333333333334,-0.044158332201108,-2.3002607822418213,-0.0452563258728,72.567603467427,42
YULARA_COMBINED,fixed_month_12,2017-12-15 10:00:00,125,10.416666666666666,-0.044052645214833,-1.6936025619506836,-0.045355717535131,72.567603467427,42
YULARA_COMBINED,fixed_month_12,2017-12-15 10:00:00,126,10.5,-0.044028300029153,-2.8501968383789062,-0.045208177280355,72.567603467427,42
YULARA_COMBINED,fixed_month_12,2017-12-15 10:00:00,127,10.583333333333334,-0.044233528897166,-1.8639076948165894,-0.045112769585103,72.567603467427,42
YULARA_COMBINED,fixed_month_12,2017-12-15 10:00:00,128,10.666666666666666,-0.043983704745383,-1.0700390338897705,-0.045156575881995,72.567603467427,42
YULARA_COMBINED,fixed_month_12,2017-12-15 10:00:00,129,10.75,-0.043789880699478,-2.6734824180603027,-0.044651976670139,72.567603467427,42
YULARA_COMBINED,fixed_month_12,2017-12-15 10:00:00,130,10.833333333333334,-0.043860573137308,-1.6596463918685913,-0.044977784816939,72.567603467427,42
YULARA_COMBINED,fixed_month_12,2017-12-15 10:00:00,131,10.916666666666666,-0.043851948925294,-2.2872819900512695,-0.044997809338383,72.567603467427,42
YULARA_COMBINED,fixed_month_12,2017-12-15 10:00:00,132,11.0,-0.044000792254761,-1.8321213722229004,-0.045034431546567,72.567603467427,42
YULARA_COMBINED,fixed_month_12,2017-12-15 10:00:00,133,11.083333333333334,-0.044201165321283,-2.2171826362609863,-0.044491194072179,72.567603467427,42
YULARA_COMBINED,fixed_month_12,2017-12-15 10:00:00,134,11.166666666666666,-0.043899791431124,-1.3753455877304077,-0.044905350816915,72.567603467427,42
YULARA_COMBINED,fixed_month_12,2017-12-15 10:00:00,135,11.25,-0.043768332223408,-0.7093925476074219,-0.044969267910346,72.567603467427,42
YULARA_COMBINED,fixed_month_12,2017-12-15 10:00:00,136,11.333333333333334,-0.043675803658567,-1.760915756225586,-0.045015314442628,72.567603467427,42
YULARA_COMBINED,fixed_month_12,2017-12-15 10:00:00,137,11.416666666666666,-0.043606610386632,-0.9943286180496216,-0.044907023664564,72.567603467427,42
YULARA_COMBINED,fixed_month_12,2017-12-15 10:00:00,138,11.5,-0.04361875673616,-1.281793475151062,-0.044906460069955,72.567603467427,42
YULARA_COMBINED,fixed_month_12,2017-12-15 10:00:00,139,11.583333333333334,-0.043917661998421,-0.6330629587173462,-0.045024168328382,72.567603467427,42
YULARA_COMBINED,fixed_month_12,2017-12-15 10:00:00,140,11.666666666666666,-0.043561269357714,-1.3412035703659058,-0.045156529602713,72.567603467427,42
YULARA_COMBINED,fixed_month_12,2017-12-15 10:00:00,141,11.75,-0.043632023967803,-1.2311015129089355,-0.045690079219639,72.567603467427,42
YULARA_COMBINED,fixed_month_12,2017-12-15 10:00:00,142,11.833333333333334,-0.043403028688157,-1.79733145236969,-0.045200281603334,72.567603467427,42
YULARA_COMBINED,fixed_month_12,2017-12-15 10:00:00,143,11.916666666666666,-0.043477917090058,-1.2195041179656982,-0.044687569723465,72.567603467427,42
YULARA_COMBINED,fixed_month_12,2017-12-15 10:00:00,144,12.0,-0.04345362199928,-1.4065221548080444,-0.044963802269377,72.567603467427,42
YULARA_COMBINED,posthoc_best,2017-12-07 09:55:00,1,0.08333333333333333,74.771516119206,71.69164276123047,21.929970619694,74.183764457703,42
YULARA_COMBINED,posthoc_best,2017-12-07 09:55:00,2,0.16666666666666666,76.703090667725,72.51689147949219,26.55473613739,74.183764457703,42
YULARA_COMBINED,posthoc_best,2017-12-07 09:55:00,3,0.25,77.438194831243,73.19401550292969,27.222146644279,74.183764457703,42
YULARA_COMBINED,posthoc_best,2017-12-07 09:55:00,4,0.3333333333333333,77.315713882446,74.92548370361328,18.734462738037,74.183764457703,42
YULARA_COMBINED,posthoc_best,2017-12-07 09:55:00,5,0.4166666666666667,79.688381766621,74.75109100341797,16.169160789575,74.183764457703,42
YULARA_COMBINED,posthoc_best,2017-12-07 09:55:00,6,0.5,81.838220596313,75.55561828613281,10.771634817123,74.183764457703,42
YULARA_COMBINED,posthoc_best,2017-12-07 09:55:00,7,0.5833333333333334,81.973791734269,75.43659973144531,10.099084348031,74.183764457703,42
YULARA_COMBINED,posthoc_best,2017-12-07 09:55:00,8,0.6666666666666666,83.295782089233,77.32587432861328,11.28560590744,74.183764457703,42
YULARA_COMBINED,posthoc_best,2017-12-07 09:55:00,9,0.75,83.792058178984,80.20234680175781,12.105676202224,74.183764457703,42
YULARA_COMBINED,posthoc_best,2017-12-07 09:55:00,10,0.8333333333333334,85.346960067749,79.08829498291016,15.064939498901,74.183764457703,42
YULARA_COMBINED,posthoc_best,2017-12-07 09:55:00,11,0.9166666666666666,85.690676283983,79.3385009765625,16.213874352027,74.183764457703,42
YULARA_COMBINED,posthoc_best,2017-12-07 09:55:00,12,1.0,85.439552307129,79.33786010742188,19.391512870789,74.183764457703,42
YULARA_COMBINED,posthoc_best,2017-12-07 09:55:00,13,1.0833333333333333,88.23150067487,81.04882049560547,19.031497812697,74.183764457703,42
YULARA_COMBINED,posthoc_best,2017-12-07 09:55:00,14,1.1666666666666667,89.232341766357,80.43836212158203,22.815725326538,74.183764457703,42
YULARA_COMBINED,posthoc_best,2017-12-07 09:55:00,15,1.25,89.648123090229,81.95196533203125,24.566118173994,74.183764457703,42
YULARA_COMBINED,posthoc_best,2017-12-07 09:55:00,16,1.3333333333333333,90.612615585327,83.80410766601562,34.518405437469,74.183764457703,42
YULARA_COMBINED,posthoc_best,2017-12-07 09:55:00,17,1.4166666666666667,90.57262264638,83.75749206542969,35.931049242234,74.183764457703,42
YULARA_COMBINED,posthoc_best,2017-12-07 09:55:00,18,1.5,91.309679031372,83.87016296386719,43.081589698792,74.183764457703,42
YULARA_COMBINED,posthoc_best,2017-12-07 09:55:00,19,1.5833333333333333,91.453994951904,83.97235107421875,48.029589110526,74.183764457703,42
YULARA_COMBINED,posthoc_best,2017-12-07 09:55:00,20,1.6666666666666667,92.480632781982,84.89073944091797,52.586904525757,74.183764457703,42
YULARA_COMBINED,posthoc_best,2017-12-07 09:55:00,21,1.75,92.691248749573,85.93893432617188,57.250081917936,74.183764457703,42
YULARA_COMBINED,posthoc_best,2017-12-07 09:55:00,22,1.8333333333333333,92.990123748779,84.82550811767578,63.61102104187,74.183764457703,42
YULARA_COMBINED,posthoc_best,2017-12-07 09:55:00,23,1.9166666666666667,93.321465237175,84.07746124267578,55.882622132542,74.183764457703,42
YULARA_COMBINED,posthoc_best,2017-12-07 09:55:00,24,2.0,93.572156906128,84.74252319335938,58.795735359192,74.183764457703,42
YULARA_COMBINED,posthoc_best,2017-12-07 09:55:00,25,2.0833333333333335,93.734471163486,83.91217041015625,54.268727621197,74.183764457703,42
YULARA_COMBINED,posthoc_best,2017-12-07 09:55:00,26,2.1666666666666665,98.022859573364,85.23957824707031,51.409400939941,74.183764457703,42
YULARA_COMBINED,posthoc_best,2017-12-07 09:55:00,27,2.25,96.31983795329,84.42167663574219,49.855472243209,74.183764457703,42
YULARA_COMBINED,posthoc_best,2017-12-07 09:55:00,28,2.3333333333333335,97.170206069946,86.20362854003906,41.454224586487,74.183764457703,42
YULARA_COMBINED,posthoc_best,2017-12-07 09:55:00,29,2.4166666666666665,83.63307076576,84.85693359375,40.651984174363,74.183764457703,42
YULARA_COMBINED,posthoc_best,2017-12-07 09:55:00,30,2.5,96.045011520386,83.92350769042969,40.722729682922,74.183764457703,42
YULARA_COMBINED,posthoc_best,2017-12-07 09:55:00,31,2.5833333333333335,95.232089892301,83.5728988647461,41.043847928106,74.183764457703,42
YULARA_COMBINED,posthoc_best,2017-12-07 09:55:00,32,2.6666666666666665,96.03577041626,84.75680541992188,44.724281311035,74.183764457703,42
YULARA_COMBINED,posthoc_best,2017-12-07 09:55:00,33,2.75,95.728122361959,84.6656265258789,46.526347443444,74.183764457703,42
YULARA_COMBINED,posthoc_best,2017-12-07 09:55:00,34,2.8333333333333335,95.826553344727,83.38324737548828,41.514883995056,74.183764457703,42
YULARA_COMBINED,posthoc_best,2017-12-07 09:55:00,35,2.9166666666666665,95.157364534887,83.14167785644531,44.673826046469,74.183764457703,42
YULARA_COMBINED,posthoc_best,2017-12-07 09:55:00,36,3.0,95.50830078125,81.19999694824219,51.163306236267,74.183764457703,42
YULARA_COMBINED,posthoc_best,2017-12-07 09:55:00,37,3.0833333333333335,94.925462263629,79.15391540527344,50.13533689347,74.183764457703,42
YULARA_COMBINED,posthoc_best,2017-12-07 09:55:00,38,3.1666666666666665,94.725635528564,82.54535675048828,54.429816246033,74.183764457703,42
YULARA_COMBINED,posthoc_best,2017-12-07 09:55:00,39,3.25,93.540082405405,82.93462371826172,57.049833442043,74.183764457703,42
YULARA_COMBINED,posthoc_best,2017-12-07 09:55:00,40,3.3333333333333335,94.668727874756,81.99591064453125,43.455919265747,74.183764457703,42
YULARA_COMBINED,posthoc_best,2017-12-07 09:55:00,41,3.4166666666666665,94.518660889333,83.78590393066406,36.288119750126,74.183764457703,42
YULARA_COMBINED,posthoc_best,2017-12-07 09:55:00,42,3.5,96.040307998657,79.94031524658203,24.060147285461,74.183764457703,42
YULARA_COMBINED,posthoc_best,2017-12-07 09:55:00,43,3.5833333333333335,94.972977991935,78.58161163330078,22.099025985687,74.183764457703,42
YULARA_COMBINED,posthoc_best,2017-12-07 09:55:00,44,3.6666666666666665,93.717483520508,80.41465759277344,20.832568645477,74.183764457703,42
YULARA_COMBINED,posthoc_best,2017-12-07 09:55:00,45,3.75,93.277749508296,79.70110321044922,20.867005821557,74.183764457703,42
YULARA_COMBINED,posthoc_best,2017-12-07 09:55:00,46,3.8333333333333335,91.09797668457,78.51144409179688,21.141866207123,74.183764457703,42
YULARA_COMBINED,posthoc_best,2017-12-07 09:55:00,47,3.9166666666666665,92.187124677125,80.36155700683594,20.743483605096,74.183764457703,42
YULARA_COMBINED,posthoc_best,2017-12-07 09:55:00,48,4.0,92.267280578613,80.39998626708984,20.751393318176,74.183764457703,42
YULARA_COMBINED,posthoc_best,2017-12-07 09:55:00,49,4.083333333333333,91.899678598579,78.1452407836914,20.719471453113,74.183764457703,42
YULARA_COMBINED,posthoc_best,2017-12-07 09:55:00,50,4.166666666666667,91.011968612671,77.87327575683594,21.004328250885,74.183764457703,42
YULARA_COMBINED,posthoc_best,2017-12-07 09:55:00,51,4.25,90.611366881919,76.28353881835938,20.234559100141,74.183764457703,42
YULARA_COMBINED,posthoc_best,2017-12-07 09:55:00,52,4.333333333333333,90.134422302246,72.6772689819336,16.752430200577,74.183764457703,42
YULARA_COMBINED,posthoc_best,2017-12-07 09:55:00,53,4.416666666666667,89.520208948027,75.10677337646484,15.461506013903,74.183764457703,42
YULARA_COMBINED,posthoc_best,2017-12-07 09:55:00,54,4.5,89.141979217529,73.37556457519531,13.926723957062,74.183764457703,42
YULARA_COMBINED,posthoc_best,2017-12-07 09:55:00,55,4.583333333333333,89.175591397684,72.08816528320312,16.369187748571,74.183764457703,42
YULARA_COMBINED,posthoc_best,2017-12-07 09:55:00,56,4.666666666666667,87.754974365234,70.94868469238281,23.538284301758,74.183764457703,42
YULARA_COMBINED,posthoc_best,2017-12-07 09:55:00,57,4.75,87.448014745345,69.8861312866211,23.589424279628,74.183764457703,42
YULARA_COMBINED,posthoc_best,2017-12-07 09:55:00,58,4.833333333333333,85.964273452759,68.67151641845703,21.254689693451,74.183764457703,42
YULARA_COMBINED,posthoc_best,2017-12-07 09:55:00,59,4.916666666666667,85.456980320063,66.01532745361328,21.60314422631,74.183764457703,42
YULARA_COMBINED,posthoc_best,2017-12-07 09:55:00,60,5.0,82.207801818848,64.0033187866211,17.97536277771,74.183764457703,42
YULARA_COMBINED,posthoc_best,2017-12-07 09:55:00,61,5.083333333333333,81.649918191992,62.6929817199707,17.171063519271,74.183764457703,42
YULARA_COMBINED,posthoc_best,2017-12-07 09:55:00,62,5.166666666666667,81.007749557495,61.768165588378906,15.723651885986,74.183764457703,42
YULARA_COMBINED,posthoc_best,2017-12-07 09:55:00,63,5.25,80.396959255994,61.36138916015625,15.570340281239,74.183764457703,42
YULARA_COMBINED,posthoc_best,2017-12-07 09:55:00,64,5.333333333333333,78.604509353638,61.3371467590332,15.228484630585,74.183764457703,42
YULARA_COMBINED,posthoc_best,2017-12-07 09:55:00,65,5.416666666666667,77.63610066715,61.94880294799805,16.823473283878,74.183764457703,42
YULARA_COMBINED,posthoc_best,2017-12-07 09:55:00,66,5.5,74.136116027832,59.084617614746094,21.813799858093,74.183764457703,42
YULARA_COMBINED,posthoc_best,2017-12-07 09:55:00,67,5.583333333333333,75.134384536881,56.921226501464844,28.122013034661,74.183764457703,42
YULARA_COMBINED,posthoc_best,2017-12-07 09:55:00,68,5.666666666666667,73.733010292053,55.688053131103516,43.948967933655,74.183764457703,42
YULARA_COMBINED,posthoc_best,2017-12-07 09:55:00,69,5.75,74.223736511959,53.30484390258789,36.308121964998,74.183764457703,42
YULARA_COMBINED,posthoc_best,2017-12-07 09:55:00,70,5.833333333333333,71.097683906555,52.21276092529297,36.559070587158,74.183764457703,42
YULARA_COMBINED,posthoc_best,2017-12-07 09:55:00,71,5.916666666666667,69.948187166118,50.6026725769043,36.554547381401,74.183764457703,42
YULARA_COMBINED,posthoc_best,2017-12-07 09:55:00,72,6.0,67.423468589783,50.23271942138672,33.74774646759,74.183764457703,42
YULARA_COMBINED,posthoc_best,2017-12-07 09:55:00,73,6.083333333333333,66.460244350596,47.433223724365234,35.470128254925,74.183764457703,42
YULARA_COMBINED,posthoc_best,2017-12-07 09:55:00,74,6.166666666666667,63.367795944214,45.560951232910156,33.96360206604,74.183764457703,42
YULARA_COMBINED,posthoc_best,2017-12-07 09:55:00,75,6.25,62.755855299955,42.70867156982422,33.397119584646,74.183764457703,42
YULARA_COMBINED,posthoc_best,2017-12-07 09:55:00,76,6.333333333333333,60.008199691772,41.00625228881836,31.707096576691,74.183764457703,42
YULARA_COMBINED,posthoc_best,2017-12-07 09:55:00,77,6.416666666666667,58.90991185423,40.73223876953125,31.276579897613,74.183764457703,42
YULARA_COMBINED,posthoc_best,2017-12-07 09:55:00,78,6.5,56.151769638062,37.023555755615234,28.50038433075,74.183764457703,42
YULARA_COMBINED,posthoc_best,2017-12-07 09:55:00,79,6.583333333333333,55.078472813403,35.429744720458984,30.890442100867,74.183764457703,42
YULARA_COMBINED,posthoc_best,2017-12-07 09:55:00,80,6.666666666666667,52.875689506531,34.08065414428711,28.261930465698,74.183764457703,42
YULARA_COMBINED,posthoc_best,2017-12-07 09:55:00,81,6.75,51.967964402884,31.379093170166016,24.686525750195,74.183764457703,42
YULARA_COMBINED,posthoc_best,2017-12-07 09:55:00,82,6.833333333333333,49.1491355896,30.310914993286133,20.27025270462,74.183764457703,42
YULARA_COMBINED,posthoc_best,2017-12-07 09:55:00,83,6.916666666666667,48.151365980149,27.55286979675293,21.756541925962,74.183764457703,42
YULARA_COMBINED,posthoc_best,2017-12-07 09:55:00,84,7.0,45.69264793396,27.451784133911133,19.859764099121,74.183764457703,42
YULARA_COMBINED,posthoc_best,2017-12-07 09:55:00,85,7.083333333333333,44.704756418403,26.27532196044922,18.331975807088,74.183764457703,42
YULARA_COMBINED,posthoc_best,2017-12-07 09:55:00,86,7.166666666666667,42.14745759964,23.525096893310547,18.389213562012,74.183764457703,42
YULARA_COMBINED,posthoc_best,2017-12-07 09:55:00,87,7.25,41.130888650592,22.19183921813965,17.15514082266,74.183764457703,42
YULARA_COMBINED,posthoc_best,2017-12-07 09:55:00,88,7.333333333333333,38.264685630798,20.937210083007812,13.050812721252,74.183764457703,42
YULARA_COMBINED,posthoc_best,2017-12-07 09:55:00,89,7.416666666666667,37.192767112174,20.786609649658203,12.654669464289,74.183764457703,42
YULARA_COMBINED,posthoc_best,2017-12-07 09:55:00,90,7.5,33.464531898499,18.65220832824707,11.470418453217,74.183764457703,42
YULARA_COMBINED,posthoc_best,2017-12-07 09:55:00,91,7.583333333333333,33.119468413038,18.729223251342773,10.225542304213,74.183764457703,42
YULARA_COMBINED,posthoc_best,2017-12-07 09:55:00,92,7.666666666666667,30.165004730225,17.097747802734375,7.0454250574112,74.183764457703,42
YULARA_COMBINED,posthoc_best,2017-12-07 09:55:00,93,7.75,29.122095866112,16.58289909362793,6.4349413278461,74.183764457703,42
YULARA_COMBINED,posthoc_best,2017-12-07 09:55:00,94,7.833333333333333,25.960920333862,16.131101608276367,5.6074010133743,74.183764457703,42
YULARA_COMBINED,posthoc_best,2017-12-07 09:55:00,95,7.916666666666667,25.009319237325,13.004790306091309,6.2925264408134,74.183764457703,42
YULARA_COMBINED,posthoc_best,2017-12-07 09:55:00,96,8.0,21.842109918594,10.923556327819824,5.3328622579575,74.183764457703,42
YULARA_COMBINED,posthoc_best,2017-12-07 09:55:00,97,8.083333333333334,20.860166334451,9.587654113769531,5.1409776287653,74.183764457703,42
YULARA_COMBINED,posthoc_best,2017-12-07 09:55:00,98,8.166666666666666,17.763006210327,9.222906112670898,4.4120936393738,74.183764457703,42
YULARA_COMBINED,posthoc_best,2017-12-07 09:55:00,99,8.25,16.713391665288,10.478135108947754,4.3607212554301,74.183764457703,42
YULARA_COMBINED,posthoc_best,2017-12-07 09:55:00,100,8.333333333333334,13.735884666443,8.565712928771973,4.0758765935898,74.183764457703,42
YULARA_COMBINED,posthoc_best,2017-12-07 09:55:00,101,8.416666666666666,12.63711214733,9.348287582397461,3.9087953717754,74.183764457703,42
YULARA_COMBINED,posthoc_best,2017-12-07 09:55:00,102,8.5,9.9701961278915,6.81373405456543,3.2435743808746,74.183764457703,42
YULARA_COMBINED,posthoc_best,2017-12-07 09:55:00,103,8.583333333333334,9.1513848030855,4.69613790512085,3.2985044146774,74.183764457703,42
YULARA_COMBINED,posthoc_best,2017-12-07 09:55:00,104,8.666666666666666,6.8412611484528,4.00541353225708,2.8523839712143,74.183764457703,42
YULARA_COMBINED,posthoc_best,2017-12-07 09:55:00,105,8.75,6.1554612508663,4.607054710388184,2.547430024628,74.183764457703,42
YULARA_COMBINED,posthoc_best,2017-12-07 09:55:00,106,8.833333333333334,4.4622627496719,4.058670997619629,1.87681889534,74.183764457703,42
YULARA_COMBINED,posthoc_best,2017-12-07 09:55:00,107,8.916666666666666,4.0452109753725,3.418713331222534,1.7489624348457,74.183764457703,42
YULARA_COMBINED,posthoc_best,2017-12-07 09:55:00,108,9.0,3.2726789116859,2.133152723312378,1.2171298712492,74.183764457703,42
YULARA_COMBINED,posthoc_best,2017-12-07 09:55:00,109,9.083333333333334,3.210701379181,1.2778548002243042,1.087455879283,74.183764457703,42
YULARA_COMBINED,posthoc_best,2017-12-07 09:55:00,110,9.166666666666666,3.0084902048111,1.0758260488510132,1.314806252718,74.183764457703,42
YULARA_COMBINED,posthoc_best,2017-12-07 09:55:00,111,9.25,2.7519897608127,1.533254623413086,1.1581119213564,74.183764457703,42
YULARA_COMBINED,posthoc_best,2017-12-07 09:55:00,112,9.333333333333334,1.2811458706856,-0.02318979986011982,0.70176717638969,74.183764457703,42
YULARA_COMBINED,posthoc_best,2017-12-07 09:55:00,113,9.416666666666666,1.0053628115846,-0.7037110924720764,0.48897396089169,74.183764457703,42
YULARA_COMBINED,posthoc_best,2017-12-07 09:55:00,114,9.5,0.40312543511391,-0.39958450198173523,-0.041026753373444,74.183764457703,42
YULARA_COMBINED,posthoc_best,2017-12-07 09:55:00,115,9.583333333333334,0.25187155746623,-0.046921998262405396,-0.040296759136625,74.183764457703,42
YULARA_COMBINED,posthoc_best,2017-12-07 09:55:00,116,9.666666666666666,-0.03980995726306,-0.833522379398346,-0.045226183487102,74.183764457703,42
YULARA_COMBINED,posthoc_best,2017-12-07 09:55:00,117,9.75,-0.03966205174763,-1.3498437404632568,-0.045234081690704,74.183764457703,42
YULARA_COMBINED,posthoc_best,2017-12-07 09:55:00,118,9.833333333333334,-0.045092604123056,-0.3863002061843872,-0.045881590223871,74.183764457703,42
YULARA_COMBINED,posthoc_best,2017-12-07 09:55:00,119,9.916666666666666,-0.045139341250744,-1.9690216779708862,-0.045712597951148,74.183764457703,42
YULARA_COMBINED,posthoc_best,2017-12-07 09:55:00,120,10.0,-0.0458653785754,-1.470191240310669,-0.045715368818492,74.183764457703,42
YULARA_COMBINED,posthoc_best,2017-12-07 09:55:00,121,10.083333333333334,-0.045822289364017,-1.5385565757751465,-0.045654082290377,74.183764457703,42
YULARA_COMBINED,posthoc_best,2017-12-07 09:55:00,122,10.166666666666666,-0.045679678209126,-2.558319568634033,-0.045906984945759,74.183764457703,42
YULARA_COMBINED,posthoc_best,2017-12-07 09:55:00,123,10.25,-0.04560044014138,-1.5359387397766113,-0.045798282703996,74.183764457703,42
YULARA_COMBINED,posthoc_best,2017-12-07 09:55:00,124,10.333333333333334,-0.045750052435324,-2.807006359100342,-0.045348321320489,74.183764457703,42
YULARA_COMBINED,posthoc_best,2017-12-07 09:55:00,125,10.416666666666666,-0.04550922095692,-1.901302695274353,-0.045517072529631,74.183764457703,42
YULARA_COMBINED,posthoc_best,2017-12-07 09:55:00,126,10.5,-0.04518861300312,-3.395442247390747,-0.045076456386596,74.183764457703,42
YULARA_COMBINED,posthoc_best,2017-12-07 09:55:00,127,10.583333333333334,-0.04523758816627,-1.5348647832870483,-0.045539916717802,74.183764457703,42
YULARA_COMBINED,posthoc_best,2017-12-07 09:55:00,128,10.666666666666666,-0.04530849668663,-0.7993059158325195,-0.045349686755799,74.183764457703,42
YULARA_COMBINED,posthoc_best,2017-12-07 09:55:00,129,10.75,-0.04520321748551,-3.0387122631073,-0.045265650303984,74.183764457703,42
YULARA_COMBINED,posthoc_best,2017-12-07 09:55:00,130,10.833333333333334,-0.044822731637396,-1.8739198446273804,-0.045537741971202,74.183764457703,42
YULARA_COMBINED,posthoc_best,2017-12-07 09:55:00,131,10.916666666666666,-0.044916261206862,-2.5303244590759277,-0.045571876163747,74.183764457703,42
YULARA_COMBINED,posthoc_best,2017-12-07 09:55:00,132,11.0,-0.044747432577424,-2.6167142391204834,-0.045227011549287,74.183764457703,42
YULARA_COMBINED,posthoc_best,2017-12-07 09:55:00,133,11.083333333333334,-0.04472779835227,-2.53436541557312,-0.045308904802072,74.183764457703,42
YULARA_COMBINED,posthoc_best,2017-12-07 09:55:00,134,11.166666666666666,-0.044724403880537,-1.108317255973816,-0.044914001249708,74.183764457703,42
YULARA_COMBINED,posthoc_best,2017-12-07 09:55:00,135,11.25,-0.044641419673596,-1.1589014530181885,-0.045181224910403,74.183764457703,42
YULARA_COMBINED,posthoc_best,2017-12-07 09:55:00,136,11.333333333333334,-0.044636951643042,-1.251977801322937,-0.04501344030723,74.183764457703,42
YULARA_COMBINED,posthoc_best,2017-12-07 09:55:00,137,11.416666666666666,-0.044780877569204,-1.0934919118881226,-0.044961789443993,74.183764457703,42
YULARA_COMBINED,posthoc_best,2017-12-07 09:55:00,138,11.5,-0.045131561462767,-1.3223053216934204,-0.045377242378891,74.183764457703,42
YULARA_COMBINED,posthoc_best,2017-12-07 09:55:00,139,11.583333333333334,-0.044554682680654,-0.45231500267982483,-0.045251819750958,74.183764457703,42
YULARA_COMBINED,posthoc_best,2017-12-07 09:55:00,140,11.666666666666666,-0.044981456361711,-1.1386489868164062,-0.045930871856399,74.183764457703,42
YULARA_COMBINED,posthoc_best,2017-12-07 09:55:00,141,11.75,-0.044606746791193,-1.171769142150879,-0.045187129192165,74.183764457703,42
YULARA_COMBINED,posthoc_best,2017-12-07 09:55:00,142,11.833333333333334,-0.043910089880228,-0.8129597306251526,-0.04535217222292,74.183764457703,42
YULARA_COMBINED,posthoc_best,2017-12-07 09:55:00,143,11.916666666666666,-0.044415875912214,-0.6297459602355957,-0.045133397281155,74.183764457703,42
YULARA_COMBINED,posthoc_best,2017-12-07 09:55:00,144,12.0,-0.044666483998299,-1.2216863632202148,-0.04493967036251,74.183764457703,42
YULARA_COMBINED,posthoc_worst,2017-11-30 08:30:00,1,0.08333333333333333,4.1100727915764,2.996831178665161,31.272921562195,3.3611345700238,42
YULARA_COMBINED,posthoc_worst,2017-11-30 08:30:00,2,0.16666666666666666,4.1100727915764,7.310578346252441,31.272921562195,3.3611345700238,42
YULARA_COMBINED,posthoc_worst,2017-11-30 08:30:00,3,0.25,4.1100727915764,11.343552589416504,31.272921562195,3.3611345700238,42
YULARA_COMBINED,posthoc_worst,2017-11-30 08:30:00,4,0.3333333333333333,4.1100727915764,11.011484146118164,31.272921562195,3.3611345700238,42
YULARA_COMBINED,posthoc_worst,2017-11-30 08:30:00,5,0.4166666666666667,4.1100727915764,13.642642974853516,31.272921562195,3.3611345700238,42
YULARA_COMBINED,posthoc_worst,2017-11-30 08:30:00,6,0.5,4.1100727915764,10.703804969787598,31.272921562195,3.3611345700238,42
YULARA_COMBINED,posthoc_worst,2017-11-30 08:30:00,7,0.5833333333333334,4.1100727915764,8.789105415344238,31.272921562195,3.3611345700238,42
YULARA_COMBINED,posthoc_worst,2017-11-30 08:30:00,8,0.6666666666666666,4.1100727915764,8.750924110412598,31.272921562195,3.3611345700238,42
YULARA_COMBINED,posthoc_worst,2017-11-30 08:30:00,9,0.75,4.1100727915764,8.788434028625488,31.272921562195,3.3611345700238,42
YULARA_COMBINED,posthoc_worst,2017-11-30 08:30:00,10,0.8333333333333334,4.1100727915764,7.8698601722717285,31.272921562195,3.3611345700238,42
YULARA_COMBINED,posthoc_worst,2017-11-30 08:30:00,11,0.9166666666666666,4.1100727915764,8.245536804199219,31.272921562195,3.3611345700238,42
YULARA_COMBINED,posthoc_worst,2017-11-30 08:30:00,12,1.0,4.1100727915764,6.989582538604736,31.272921562195,3.3611345700238,42
YULARA_COMBINED,posthoc_worst,2017-11-30 08:30:00,13,1.0833333333333333,4.1100727915764,7.774202346801758,31.272921562195,3.3611345700238,42
YULARA_COMBINED,posthoc_worst,2017-11-30 08:30:00,14,1.1666666666666667,4.1100727915764,7.611478328704834,31.272921562195,3.3611345700238,42
YULARA_COMBINED,posthoc_worst,2017-11-30 08:30:00,15,1.25,69.550112724304,6.128497123718262,31.272921562195,3.3611345700238,42
YULARA_COMBINED,posthoc_worst,2017-11-30 08:30:00,16,1.3333333333333333,70.816973273074,6.6403632164001465,31.272921562195,3.3611345700238,42
YULARA_COMBINED,posthoc_worst,2017-11-30 08:30:00,17,1.4166666666666667,72.576385498047,2.979001522064209,31.272921562195,3.3611345700238,42
YULARA_COMBINED,posthoc_worst,2017-11-30 08:30:00,18,1.5,72.906673373236,4.885295867919922,31.272921562195,3.3611345700238,42
YULARA_COMBINED,posthoc_worst,2017-11-30 08:30:00,19,1.5833333333333333,74.415195465088,2.5623929500579834,31.272921562195,3.3611345700238,42
YULARA_COMBINED,posthoc_worst,2017-11-30 08:30:00,20,1.6666666666666667,74.741821133463,2.6429474353790283,31.272921562195,3.3611345700238,42
YULARA_COMBINED,posthoc_worst,2017-11-30 08:30:00,21,1.75,76.465148925781,4.412843704223633,31.272921562195,3.3611345700238,42
YULARA_COMBINED,posthoc_worst,2017-11-30 08:30:00,22,1.8333333333333333,76.95133585566,0.5570833683013916,31.272921562195,3.3611345700238,42
YULARA_COMBINED,posthoc_worst,2017-11-30 08:30:00,23,1.9166666666666667,78.521537780762,-1.961513638496399,31.272921562195,3.3611345700238,42
YULARA_COMBINED,posthoc_worst,2017-11-30 08:30:00,24,2.0,78.960792045422,-1.3790454864501953,31.272921562195,3.3611345700238,42
YULARA_COMBINED,posthoc_worst,2017-11-30 08:30:00,25,2.0833333333333335,80.476051330566,-1.472256064414978,31.272921562195,3.3611345700238,42
YULARA_COMBINED,posthoc_worst,2017-11-30 08:30:00,26,2.1666666666666665,80.748243708291,-4.5886430740356445,31.272921562195,3.3611345700238,42
YULARA_COMBINED,posthoc_worst,2017-11-30 08:30:00,27,2.25,81.785068511963,-3.6335861682891846,31.272921562195,3.3611345700238,42
YULARA_COMBINED,posthoc_worst,2017-11-30 08:30:00,28,2.3333333333333335,82.06789919061,-1.6548782587051392,31.272921562195,3.3611345700238,42
YULARA_COMBINED,posthoc_worst,2017-11-30 08:30:00,29,2.4166666666666665,83.47806930542,-3.463071346282959,31.272921562195,3.3611345700238,42
YULARA_COMBINED,posthoc_worst,2017-11-30 08:30:00,30,2.5,83.907042308382,-6.09814453125,31.272921562195,3.3611345700238,42
YULARA_COMBINED,posthoc_worst,2017-11-30 08:30:00,31,2.5833333333333335,85.534717559814,-4.29620885848999,31.272921562195,3.3611345700238,42
YULARA_COMBINED,posthoc_worst,2017-11-30 08:30:00,32,2.6666666666666665,85.503995757084,-4.0595784187316895,31.272921562195,3.3611345700238,42
YULARA_COMBINED,posthoc_worst,2017-11-30 08:30:00,33,2.75,86.397264480591,-4.897890090942383,31.272921562195,3.3611345700238,42
YULARA_COMBINED,posthoc_worst,2017-11-30 08:30:00,34,2.8333333333333335,86.826931446779,-5.836716651916504,31.272921562195,3.3611345700238,42
YULARA_COMBINED,posthoc_worst,2017-11-30 08:30:00,35,2.9166666666666665,87.634490966797,-6.298194885253906,31.272921562195,3.3611345700238,42
YULARA_COMBINED,posthoc_worst,2017-11-30 08:30:00,36,3.0,87.42040216918,-6.392011642456055,31.272921562195,3.3611345700238,42
YULARA_COMBINED,posthoc_worst,2017-11-30 08:30:00,37,3.0833333333333335,87.981189727783,-7.761737823486328,31.272921562195,3.3611345700238,42
YULARA_COMBINED,posthoc_worst,2017-11-30 08:30:00,38,3.1666666666666665,88.44148735495,-8.998652458190918,31.272921562195,3.3611345700238,42
YULARA_COMBINED,posthoc_worst,2017-11-30 08:30:00,39,3.25,88.931612014771,-7.227161884307861,31.272921562195,3.3611345700238,42
YULARA_COMBINED,posthoc_worst,2017-11-30 08:30:00,40,3.3333333333333335,88.690175263156,-8.046599388122559,31.272921562195,3.3611345700238,42
YULARA_COMBINED,posthoc_worst,2017-11-30 08:30:00,41,3.4166666666666665,89.763408660889,-5.589751243591309,31.272921562195,3.3611345700238,42
YULARA_COMBINED,posthoc_worst,2017-11-30 08:30:00,42,3.5,89.603015809529,-7.44236421585083,31.272921562195,3.3611345700238,42
YULARA_COMBINED,posthoc_worst,2017-11-30 08:30:00,43,3.5833333333333335,90.497325897217,-5.735917091369629,31.272921562195,3.3611345700238,42
YULARA_COMBINED,posthoc_worst,2017-11-30 08:30:00,44,3.6666666666666665,90.031280914911,-6.965712547302246,31.272921562195,3.3611345700238,42
YULARA_COMBINED,posthoc_worst,2017-11-30 08:30:00,45,3.75,89.97972869873,-3.749581813812256,31.272921562195,3.3611345700238,42
YULARA_COMBINED,posthoc_worst,2017-11-30 08:30:00,46,3.8333333333333335,89.885037311844,-4.228414058685303,31.272921562195,3.3611345700238,42
YULARA_COMBINED,posthoc_worst,2017-11-30 08:30:00,47,3.9166666666666665,89.969594955444,-4.1950154304504395,31.272921562195,3.3611345700238,42
YULARA_COMBINED,posthoc_worst,2017-11-30 08:30:00,48,4.0,89.808646759696,-3.8075313568115234,31.272921562195,3.3611345700238,42
YULARA_COMBINED,posthoc_worst,2017-11-30 08:30:00,49,4.083333333333333,90.311010360718,-6.131002426147461,31.272921562195,3.3611345700238,42
YULARA_COMBINED,posthoc_worst,2017-11-30 08:30:00,50,4.166666666666667,89.598754040394,-7.760086536407471,31.272921562195,3.3611345700238,42
YULARA_COMBINED,posthoc_worst,2017-11-30 08:30:00,51,4.25,89.083744049072,-4.0238752365112305,31.272921562195,3.3611345700238,42
YULARA_COMBINED,posthoc_worst,2017-11-30 08:30:00,52,4.333333333333333,88.718536864313,-2.4281110763549805,31.272921562195,3.3611345700238,42
YULARA_COMBINED,posthoc_worst,2017-11-30 08:30:00,53,4.416666666666667,88.602548599243,-0.7625399827957153,55.590487480164,3.3611345700238,42
YULARA_COMBINED,posthoc_worst,2017-11-30 08:30:00,54,4.5,88.440230165394,-4.140134334564209,55.488305167224,3.3611345700238,42
YULARA_COMBINED,posthoc_worst,2017-11-30 08:30:00,55,4.583333333333333,88.038887023926,1.366679310798645,87.213533401489,3.3611345700238,42
YULARA_COMBINED,posthoc_worst,2017-11-30 08:30:00,56,4.666666666666667,87.862954317362,3.010061264038086,87.139736776502,3.3611345700238,42
YULARA_COMBINED,posthoc_worst,2017-11-30 08:30:00,57,4.75,87.043741226196,3.31916880607605,86.744134902954,3.3611345700238,42
YULARA_COMBINED,posthoc_worst,2017-11-30 08:30:00,58,4.833333333333333,86.95654235043,1.4626002311706543,86.435305451794,3.3611345700238,42
YULARA_COMBINED,posthoc_worst,2017-11-30 08:30:00,59,4.916666666666667,86.237277984619,2.1455233097076416,85.716514587402,3.3611345700238,42
YULARA_COMBINED,posthoc_worst,2017-11-30 08:30:00,60,5.0,86.07504712292,2.406388998031616,85.814634589872,3.3611345700238,42
YULARA_COMBINED,posthoc_worst,2017-11-30 08:30:00,61,5.083333333333333,85.413949966431,3.2031056880950928,85.894302368164,3.3611345700238,42
YULARA_COMBINED,posthoc_worst,2017-11-30 08:30:00,62,5.166666666666667,85.05418490509,4.05095911026001,85.24369071005,3.3611345700238,42
YULARA_COMBINED,posthoc_worst,2017-11-30 08:30:00,63,5.25,82.558815002441,4.165039539337158,84.197887420654,3.3611345700238,42
YULARA_COMBINED,posthoc_worst,2017-11-30 08:30:00,64,5.333333333333333,84.227788996379,8.092289924621582,83.649814538487,3.3611345700238,42
YULARA_COMBINED,posthoc_worst,2017-11-30 08:30:00,65,5.416666666666667,82.75904083252,10.51805305480957,82.657287597656,3.3611345700238,42
YULARA_COMBINED,posthoc_worst,2017-11-30 08:30:00,66,5.5,82.593905804277,9.14212703704834,82.122245834316,3.3611345700238,42
YULARA_COMBINED,posthoc_worst,2017-11-30 08:30:00,67,5.583333333333333,82.85396194458,8.21810245513916,81.562078475952,3.3611345700238,42
YULARA_COMBINED,posthoc_worst,2017-11-30 08:30:00,68,5.666666666666667,81.995872701185,8.0629301071167,81.069678989115,3.3611345700238,42
YULARA_COMBINED,posthoc_worst,2017-11-30 08:30:00,69,5.75,80.373680114746,12.415860176086426,79.972249984741,3.3611345700238,42
YULARA_COMBINED,posthoc_worst,2017-11-30 08:30:00,70,5.833333333333333,72.176496462884,13.668097496032715,79.483966733256,3.3611345700238,42
YULARA_COMBINED,posthoc_worst,2017-11-30 08:30:00,71,5.916666666666667,79.547719955444,13.974051475524902,79.102447509766,3.3611345700238,42
YULARA_COMBINED,posthoc_worst,2017-11-30 08:30:00,72,6.0,79.090581085821,13.81375789642334,78.581544912694,3.3611345700238,42
YULARA_COMBINED,posthoc_worst,2017-11-30 08:30:00,73,6.083333333333333,76.498723983765,16.88068389892578,77.214138031006,3.3611345700238,42
YULARA_COMBINED,posthoc_worst,2017-11-30 08:30:00,74,6.166666666666667,76.323244842411,18.756240844726562,77.033048431714,3.3611345700238,42
YULARA_COMBINED,posthoc_worst,2017-11-30 08:30:00,75,6.25,76.112255096436,17.932254791259766,74.984613418579,3.3611345700238,42
YULARA_COMBINED,posthoc_worst,2017-11-30 08:30:00,76,6.333333333333333,75.712869327591,19.75335121154785,73.85785330934,3.3611345700238,42
YULARA_COMBINED,posthoc_worst,2017-11-30 08:30:00,77,6.416666666666667,65.733400344849,19.59858512878418,72.077229499817,3.3611345700238,42
YULARA_COMBINED,posthoc_worst,2017-11-30 08:30:00,78,6.5,71.620308017837,21.64962387084961,72.036550683508,3.3611345700238,42
YULARA_COMBINED,posthoc_worst,2017-11-30 08:30:00,79,6.583333333333333,76.274717330933,22.75582504272461,70.378484725952,3.3611345700238,42
YULARA_COMBINED,posthoc_worst,2017-11-30 08:30:00,80,6.666666666666667,72.85277585587,23.052017211914062,69.760852408913,3.3611345700238,42
YULARA_COMBINED,posthoc_worst,2017-11-30 08:30:00,81,6.75,76.446134567261,21.674243927001953,68.148712158203,3.3611345700238,42
YULARA_COMBINED,posthoc_worst,2017-11-30 08:30:00,82,6.833333333333333,73.713929113109,24.03751564025879,67.51380581412,3.3611345700238,42
YULARA_COMBINED,posthoc_worst,2017-11-30 08:30:00,83,6.916666666666667,72.928011894226,25.470510482788086,65.444967269897,3.3611345700238,42
YULARA_COMBINED,posthoc_worst,2017-11-30 08:30:00,84,7.0,42.323524285609,25.25113868713379,65.04326494963,3.3611345700238,42
YULARA_COMBINED,posthoc_worst,2017-11-30 08:30:00,85,7.083333333333333,22.944296360016,27.053993225097656,63.545493125916,3.3611345700238,42
YULARA_COMBINED,posthoc_worst,2017-11-30 08:30:00,86,7.166666666666667,64.110887519974,24.811935424804688,62.759077326457,3.3611345700238,42
YULARA_COMBINED,posthoc_worst,2017-11-30 08:30:00,87,7.25,23.586097240448,27.59233856201172,60.248635292053,3.3611345700238,42
YULARA_COMBINED,posthoc_worst,2017-11-30 08:30:00,88,7.333333333333333,32.360180303329,29.368934631347656,59.314672470791,3.3611345700238,42
YULARA_COMBINED,posthoc_worst,2017-11-30 08:30:00,89,7.416666666666667,13.468171358109,28.55792236328125,55.54708480835,3.3611345700238,42
YULARA_COMBINED,posthoc_worst,2017-11-30 08:30:00,90,7.5,28.764673513987,31.428138732910156,56.527453585943,3.3611345700238,42
YULARA_COMBINED,posthoc_worst,2017-11-30 08:30:00,91,7.583333333333333,69.395699501038,31.694217681884766,54.726505279541,3.3611345700238,42
YULARA_COMBINED,posthoc_worst,2017-11-30 08:30:00,92,7.666666666666667,65.877623510893,31.257619857788086,53.343851317492,3.3611345700238,42
YULARA_COMBINED,posthoc_worst,2017-11-30 08:30:00,93,7.75,58.370761871338,34.16672134399414,50.149083137512,3.3611345700238,42
YULARA_COMBINED,posthoc_worst,2017-11-30 08:30:00,94,7.833333333333333,56.4935933648,36.13864517211914,49.375957734184,3.3611345700238,42
YULARA_COMBINED,posthoc_worst,2017-11-30 08:30:00,95,7.916666666666667,54.073643684387,35.44725799560547,47.088405609131,3.3611345700238,42
YULARA_COMBINED,posthoc_worst,2017-11-30 08:30:00,96,8.0,52.566599532607,36.9400520324707,46.647255157759,3.3611345700238,42
YULARA_COMBINED,posthoc_worst,2017-11-30 08:30:00,97,8.083333333333334,51.916627883911,35.12089920043945,44.529944419861,3.3611345700238,42
YULARA_COMBINED,posthoc_worst,2017-11-30 08:30:00,98,8.166666666666666,52.109323139114,39.035518646240234,43.366691520694,3.3611345700238,42
YULARA_COMBINED,posthoc_worst,2017-11-30 08:30:00,99,8.25,50.586071968079,38.662662506103516,40.895987033844,3.3611345700238,42
YULARA_COMBINED,posthoc_worst,2017-11-30 08:30:00,100,8.333333333333334,46.805282341385,41.02349090576172,40.10978857964,3.3611345700238,42
YULARA_COMBINED,posthoc_worst,2017-11-30 08:30:00,101,8.416666666666666,39.539259910583,42.497230529785156,37.771077156067,3.3611345700238,42
YULARA_COMBINED,posthoc_worst,2017-11-30 08:30:00,102,8.5,35.620883119983,41.684593200683594,36.57559317217,3.3611345700238,42
YULARA_COMBINED,posthoc_worst,2017-11-30 08:30:00,103,8.583333333333334,35.541600227356,41.7094841003418,33.71978521347,3.3611345700238,42
YULARA_COMBINED,posthoc_worst,2017-11-30 08:30:00,104,8.666666666666666,34.561064995787,44.42640686035156,32.799599193358,3.3611345700238,42
YULARA_COMBINED,posthoc_worst,2017-11-30 08:30:00,105,8.75,31.459333896637,41.74571990966797,30.511511325836,3.3611345700238,42
YULARA_COMBINED,posthoc_worst,2017-11-30 08:30:00,106,8.833333333333334,30.354327152365,46.65143585205078,29.651093057987,3.3611345700238,42
YULARA_COMBINED,posthoc_worst,2017-11-30 08:30:00,107,8.916666666666666,11.052988290787,47.13189697265625,27.15718460083,3.3611345700238,42
YULARA_COMBINED,posthoc_worst,2017-11-30 08:30:00,108,9.0,8.1261512001428,45.760475158691406,26.021363491303,3.3611345700238,42
YULARA_COMBINED,posthoc_worst,2017-11-30 08:30:00,109,9.083333333333334,11.469326972961,45.6971435546875,23.518048286438,3.3611345700238,42
YULARA_COMBINED,posthoc_worst,2017-11-30 08:30:00,110,9.166666666666666,9.654220778491,47.15379333496094,22.379351937625,3.3611345700238,42
YULARA_COMBINED,posthoc_worst,2017-11-30 08:30:00,111,9.25,5.9233589172363,49.19675064086914,19.638917922974,3.3611345700238,42
YULARA_COMBINED,posthoc_worst,2017-11-30 08:30:00,112,9.333333333333334,7.3104579530028,49.5567626953125,18.637685232384,3.3611345700238,42
YULARA_COMBINED,posthoc_worst,2017-11-30 08:30:00,113,9.416666666666666,10.211542367935,51.8780632019043,6.5920307636261,3.3611345700238,42
YULARA_COMBINED,posthoc_worst,2017-11-30 08:30:00,114,9.5,12.941093115038,50.907798767089844,7.1911497582895,3.3611345700238,42
YULARA_COMBINED,posthoc_worst,2017-11-30 08:30:00,115,9.583333333333334,6.3235665559769,52.969932556152344,13.607223510742,3.3611345700238,42
YULARA_COMBINED,posthoc_worst,2017-11-30 08:30:00,116,9.666666666666666,4.961632525236,54.09225082397461,12.788255792641,3.3611345700238,42
YULARA_COMBINED,posthoc_worst,2017-11-30 08:30:00,117,9.75,4.667404294014,52.43533706665039,4.1709602475166,3.3611345700238,42
YULARA_COMBINED,posthoc_worst,2017-11-30 08:30:00,118,9.833333333333334,5.7868095214995,52.68573760986328,2.9815709060353,3.3611345700238,42
YULARA_COMBINED,posthoc_worst,2017-11-30 08:30:00,119,9.916666666666666,9.1942090988159,55.37569046020508,2.7705764174461,3.3611345700238,42
YULARA_COMBINED,posthoc_worst,2017-11-30 08:30:00,120,10.0,8.4783897743569,56.90824508666992,2.8412572854633,3.3611345700238,42
YULARA_COMBINED,posthoc_worst,2017-11-30 08:30:00,121,10.083333333333334,4.002153635025,55.18543243408203,2.8503285646439,3.3611345700238,42
YULARA_COMBINED,posthoc_worst,2017-11-30 08:30:00,122,10.166666666666666,4.1413715182659,56.031044006347656,2.8326992442804,3.3611345700238,42
YULARA_COMBINED,posthoc_worst,2017-11-30 08:30:00,123,10.25,3.2433034777641,57.38102722167969,2.1125393807888,3.3611345700238,42
YULARA_COMBINED,posthoc_worst,2017-11-30 08:30:00,124,10.333333333333334,3.0407913531269,58.16977310180664,2.0331408793758,3.3611345700238,42
YULARA_COMBINED,posthoc_worst,2017-11-30 08:30:00,125,10.416666666666666,1.7116760015488,56.141845703125,1.405698120594,3.3611345700238,42
YULARA_COMBINED,posthoc_worst,2017-11-30 08:30:00,126,10.5,1.5692376463014,56.18561935424805,1.2005087184597,3.3611345700238,42
YULARA_COMBINED,posthoc_worst,2017-11-30 08:30:00,127,10.583333333333334,1.1303117275238,57.69084167480469,0.74055069684982,3.3611345700238,42
YULARA_COMBINED,posthoc_worst,2017-11-30 08:30:00,128,10.666666666666666,0.94129624741159,57.82390213012695,0.6230812416692,3.3611345700238,42
YULARA_COMBINED,posthoc_worst,2017-11-30 08:30:00,129,10.75,-0.0095416028052568,54.81487274169922,0.54839624464512,3.3611345700238,42
YULARA_COMBINED,posthoc_worst,2017-11-30 08:30:00,130,10.833333333333334,-0.036905524247412,57.238399505615234,0.41647561873246,3.3611345700238,42
YULARA_COMBINED,posthoc_worst,2017-11-30 08:30:00,131,10.916666666666666,-0.038181405398063,55.98347091674805,-0.039400798850693,3.3611345700238,42
YULARA_COMBINED,posthoc_worst,2017-11-30 08:30:00,132,11.0,-0.037831471767235,56.065765380859375,-0.038600686696404,3.3611345700238,42
YULARA_COMBINED,posthoc_worst,2017-11-30 08:30:00,133,11.083333333333334,-0.042858136701398,53.80836486816406,-0.042078436817974,3.3611345700238,42
YULARA_COMBINED,posthoc_worst,2017-11-30 08:30:00,134,11.166666666666666,-0.043652537725509,53.30393981933594,-0.043406922784973,3.3611345700238,42
YULARA_COMBINED,posthoc_worst,2017-11-30 08:30:00,135,11.25,-0.044660990242846,51.88916778564453,-0.044436336844228,3.3611345700238,42
YULARA_COMBINED,posthoc_worst,2017-11-30 08:30:00,136,11.333333333333334,-0.044490175258606,51.3161506652832,-0.044308123389849,3.3611345700238,42
YULARA_COMBINED,posthoc_worst,2017-11-30 08:30:00,137,11.416666666666666,-0.044868694152683,50.734676361083984,-0.044372638803907,3.3611345700238,42
YULARA_COMBINED,posthoc_worst,2017-11-30 08:30:00,138,11.5,-0.044553691551176,49.62886047363281,-0.044283714472855,3.3611345700238,42
YULARA_COMBINED,posthoc_worst,2017-11-30 08:30:00,139,11.583333333333334,-0.044758083648048,49.313446044921875,-0.0444592514541,3.3611345700238,42
YULARA_COMBINED,posthoc_worst,2017-11-30 08:30:00,140,11.666666666666666,-0.044316045045941,49.02315139770508,-0.044321927192527,3.3611345700238,42
YULARA_COMBINED,posthoc_worst,2017-11-30 08:30:00,141,11.75,-0.04438622680027,47.92011642456055,-0.043857192038558,3.3611345700238,42
YULARA_COMBINED,posthoc_worst,2017-11-30 08:30:00,142,11.833333333333334,-0.044101001417674,44.20270538330078,-0.044022169638703,3.3611345700238,42
YULARA_COMBINED,posthoc_worst,2017-11-30 08:30:00,143,11.916666666666666,-0.044325831811875,46.0628547668457,-0.044417442055419,3.3611345700238,42
YULARA_COMBINED,posthoc_worst,2017-11-30 08:30:00,144,12.0,-0.044103846657069,42.987979888916016,-0.044030133292273,3.3611345700238,42
