site,model,split,column,feature,train_std,scale,train_constant,near_constant,train_nonzero_fraction,raw_mean,raw_min,raw_max,standardized_mean,standardized_absmax,coef_norm
YULARA_COMBINED,Ridge,train,0,lag71:historical_ac_active_power,0.2887913556595989,0.2887913556595989,False,False,0.9999855768537349,0.20992676625622073,0.0,1.0,4.056262022613296e-16,2.735792530698343,50.69182509642974
YULARA_COMBINED,Ridge,train,1,lag71:ambient_temperature,0.20734054711214822,0.20734054711214822,False,False,0.9999855768537349,0.5387414743080194,0.0,1.0,-2.393993957762673e-16,2.5983411436481845,464.6606386367233
YULARA_COMBINED,Ridge,train,2,lag71:global_horizontal_irradiance,0.23751343888705861,0.23751343888705861,False,False,0.9999855768537349,0.17588016906323456,0.0,1.0,-4.867924357608175e-17,3.4697818986514166,101.35130116813365
YULARA_COMBINED,Ridge,train,3,lag71:power_missing,0.006577808643541044,0.006577808643541044,False,False,4.3269438795378825e-05,4.3269438795378825e-05,0.0,1.0,-3.996822104141449e-18,152.0197355608837,0.5948335572203903
YULARA_COMBINED,Ridge,train,4,lag71:temperature_missing,0.007595344404710616,0.007595344404710616,False,False,5.76925850605051e-05,5.76925850605051e-05,0.0,1.0,7.020059336761263e-18,131.65200340287103,0.5042006607808663
YULARA_COMBINED,Ridge,train,5,lag71:ghi_missing,0.007595344404710616,0.007595344404710616,False,False,5.76925850605051e-05,5.76925850605051e-05,0.0,1.0,7.020059336761263e-18,131.65200340287103,0.5042020379042963
YULARA_COMBINED,Ridge,train,6,lag71:isolation_forest_flag,0.0999713413083709,0.0999713413083709,False,False,0.010096202385588393,0.010096202385588393,0.0,1.0,-4.9191656666356295e-17,9.901875724173403,4.418157140528853
YULARA_COMBINED,Ridge,train,7,lag70:historical_ac_active_power,0.28879381630822604,0.28879381630822604,False,False,0.9999855768537349,0.20992841475530472,0.0,1.0,3.697572859421115e-16,2.7357635123373343,36.94430771667692
YULARA_COMBINED,Ridge,train,8,lag70:ambient_temperature,0.20733675897234147,0.20733675897234147,False,False,0.9999855768537349,0.5387413081299723,0.0,1.0,-7.870665066617007e-17,2.59838781507065,228.50550439286206
YULARA_COMBINED,Ridge,train,9,lag70:global_horizontal_irradiance,0.23751403810502017,0.23751403810502017,False,False,0.9999855768537349,0.17588054141118284,0.0,1.0,6.784349315234972e-17,3.469771577141142,24.292910024620543
YULARA_COMBINED,Ridge,train,10,lag70:power_missing,0.0065778086435410435,0.0065778086435410435,False,False,4.3269438795378825e-05,4.3269438795378825e-05,0.0,1.0,-3.996822104141449e-18,152.0197355608837,0.376621381618311
YULARA_COMBINED,Ridge,train,11,lag70:temperature_missing,0.007595344404710616,0.007595344404710616,False,False,5.76925850605051e-05,5.76925850605051e-05,0.0,1.0,7.429989808980899e-18,131.65200340287103,0.6301142160575862
YULARA_COMBINED,Ridge,train,12,lag70:ghi_missing,0.007595344404710616,0.007595344404710616,False,False,5.76925850605051e-05,5.76925850605051e-05,0.0,1.0,7.429989808980899e-18,131.65200340287103,0.6301137792818094
YULARA_COMBINED,Ridge,train,13,lag70:isolation_forest_flag,0.0999713413083709,0.0999713413083709,False,False,0.010096202385588393,0.010096202385588393,0.0,1.0,-4.9191656666356295e-17,9.901875724173403,1.7409317323847622
YULARA_COMBINED,Ridge,train,14,lag69:historical_ac_active_power,0.28879626233672484,0.28879626233672484,False,False,0.9999855768537349,0.20993004283061123,0.0,1.0,4.718299735248007e-16,2.735734703686016,27.32944515898021
YULARA_COMBINED,Ridge,train,15,lag69:ambient_temperature,0.20733279844643585,0.20733279844643585,False,False,0.9999855768537349,0.5387408727428141,0.0,1.0,-1.8036940777663973e-16,2.598435350217863,42.09919688066346
YULARA_COMBINED,Ridge,train,16,lag69:global_horizontal_irradiance,0.23751452708654827,0.23751452708654827,False,False,0.9999855768537349,0.17588077863446525,0.0,1.0,-1.6294736270730522e-17,3.4697634349971054,21.21888928232361
YULARA_COMBINED,Ridge,train,17,lag69:power_missing,0.0065778086435410435,0.0065778086435410435,False,False,4.3269438795378825e-05,4.3269438795378825e-05,0.0,1.0,-3.996822104141449e-18,152.0197355608837,0.4256387988872977
YULARA_COMBINED,Ridge,train,18,lag69:temperature_missing,0.007595344404710616,0.007595344404710616,False,False,5.76925850605051e-05,5.76925850605051e-05,0.0,1.0,7.429989808980899e-18,131.65200340287103,0.43257948500058857
YULARA_COMBINED,Ridge,train,19,lag69:ghi_missing,0.007595344404710616,0.007595344404710616,False,False,5.76925850605051e-05,5.76925850605051e-05,0.0,1.0,7.429989808980899e-18,131.65200340287103,0.4325781681353594
YULARA_COMBINED,Ridge,train,20,lag69:isolation_forest_flag,0.09997134130837092,0.09997134130837092,False,False,0.010096202385588393,0.010096202385588393,0.0,1.0,-4.9191656666356295e-17,9.901875724173403,0.5222551735360594
YULARA_COMBINED,Ridge,train,21,lag68:historical_ac_active_power,0.2887983538251611,0.2887983538251611,False,False,0.9999855768537349,0.20993137256324837,0.0,1.0,4.435447709416459e-16,2.7357102870297534,24.116807468412794
YULARA_COMBINED,Ridge,train,22,lag68:ambient_temperature,0.20732861814525352,0.20732861814525352,False,False,0.9999855768537349,0.5387403431892492,0.0,1.0,2.1644328933196768e-16,2.598485187470888,43.76919414757772
YULARA_COMBINED,Ridge,train,23,lag68:global_horizontal_irradiance,0.23751489749404456,0.23751489749404456,False,False,0.9999855768537349,0.17588089394213474,0.0,1.0,-2.5620654513727236e-17,3.4697575383814785,15.33902438505994
YULARA_COMBINED,Ridge,train,24,lag68:power_missing,0.0065778086435410435,0.0065778086435410435,False,False,4.3269438795378825e-05,4.3269438795378825e-05,0.0,1.0,-3.996822104141449e-18,152.0197355608837,0.47637854530477897
YULARA_COMBINED,Ridge,train,25,lag68:temperature_missing,0.007595344404710616,0.007595344404710616,False,False,5.76925850605051e-05,5.76925850605051e-05,0.0,1.0,7.429989808980899e-18,131.65200340287103,0.3390377431283904
YULARA_COMBINED,Ridge,train,26,lag68:ghi_missing,0.007595344404710616,0.007595344404710616,False,False,5.76925850605051e-05,5.76925850605051e-05,0.0,1.0,7.429989808980899e-18,131.65200340287103,0.3390382985915986
YULARA_COMBINED,Ridge,train,27,lag68:isolation_forest_flag,0.09997134130837092,0.09997134130837092,False,False,0.010096202385588393,0.010096202385588393,0.0,1.0,-4.9191656666356295e-17,9.901875724173403,0.3852464549827564
YULARA_COMBINED,Ridge,train,28,lag67:historical_ac_active_power,0.2888003845458112,0.2888003845458112,False,False,0.9999855768537349,0.2099326308179429,0.0,1.0,3.9476304474750926e-16,2.7356866938545648,18.944447746336177
YULARA_COMBINED,Ridge,train,29,lag67:ambient_temperature,0.20732423189680121,0.20732423189680121,False,False,0.9999855768537349,0.5387398236063285,0.0,1.0,2.0332551422093935e-16,2.5985376561023243,26.399054290120123
YULARA_COMBINED,Ridge,train,30,lag67:global_horizontal_irradiance,0.23751511364059263,0.23751511364059263,False,False,0.9999855768537349,0.17588087957248816,0.0,1.0,-1.2297914166589074e-17,3.4697544412881745,12.537889013438056
YULARA_COMBINED,Ridge,train,31,lag67:power_missing,0.0065778086435410435,0.0065778086435410435,False,False,4.3269438795378825e-05,4.3269438795378825e-05,0.0,1.0,-3.996822104141449e-18,152.0197355608837,0.3885986248945903
YULARA_COMBINED,Ridge,train,32,lag67:temperature_missing,0.007595344404710616,0.007595344404710616,False,False,5.76925850605051e-05,5.76925850605051e-05,0.0,1.0,7.429989808980899e-18,131.65200340287103,0.5685382696889341
YULARA_COMBINED,Ridge,train,33,lag67:ghi_missing,0.007595344404710616,0.007595344404710616,False,False,5.76925850605051e-05,5.76925850605051e-05,0.0,1.0,7.429989808980899e-18,131.65200340287103,0.5685383356053393
YULARA_COMBINED,Ridge,train,34,lag67:isolation_forest_flag,0.09997134130837092,0.09997134130837092,False,False,0.010096202385588393,0.010096202385588393,0.0,1.0,-4.9191656666356295e-17,9.901875724173403,0.4796377482913461
YULARA_COMBINED,Ridge,train,35,lag66:historical_ac_active_power,0.2888021842100348,0.2888021842100348,False,False,0.9999855768537349,0.20993352680927574,0.0,1.0,4.2345817780288375e-16,2.7356665440457304,14.846851505236947
YULARA_COMBINED,Ridge,train,36,lag66:ambient_temperature,0.2073197321967216,0.2073197321967216,False,False,0.9999855768537349,0.5387393992979504,0.0,1.0,-1.213394197770122e-16,2.5985920085346788,29.000411732427875
YULARA_COMBINED,Ridge,train,37,lag66:global_horizontal_irradiance,0.23751517825534477,0.23751517825534477,False,False,0.9999855768537349,0.17588071958295487,0.0,1.0,-3.0539820180362866e-17,3.4697541709568624,10.181211577379951
YULARA_COMBINED,Ridge,train,38,lag66:power_missing,0.006577808643541043,0.006577808643541043,False,False,4.3269438795378825e-05,4.3269438795378825e-05,0.0,1.0,-2.7670306874825414e-18,152.01973556088373,0.23969138919782235
YULARA_COMBINED,Ridge,train,39,lag66:temperature_missing,0.007595344404710616,0.007595344404710616,False,False,5.76925850605051e-05,5.76925850605051e-05,0.0,1.0,7.429989808980899e-18,131.65200340287103,0.5333019777722808
YULARA_COMBINED,Ridge,train,40,lag66:ghi_missing,0.007595344404710616,0.007595344404710616,False,False,5.76925850605051e-05,5.76925850605051e-05,0.0,1.0,7.429989808980899e-18,131.65200340287103,0.5333018947290368
YULARA_COMBINED,Ridge,train,41,lag66:isolation_forest_flag,0.09997134130837092,0.09997134130837092,False,False,0.010096202385588393,0.010096202385588393,0.0,1.0,-4.9191656666356295e-17,9.901875724173403,0.5470361573006831
YULARA_COMBINED,Ridge,train,42,lag65:historical_ac_active_power,0.2888039321112923,0.2888039321112923,False,False,0.9999855768537349,0.2099343326852031,0.0,1.0,4.093155765113063e-16,2.7356471968336655,13.342191923678165
YULARA_COMBINED,Ridge,train,43,lag65:ambient_temperature,0.20731507828627255,0.20731507828627255,False,False,0.9999855768537349,0.5387388221059323,0.0,1.0,6.558887555514172e-17,2.5986475588717712,16.838024100890358
YULARA_COMBINED,Ridge,train,44,lag65:global_horizontal_irradiance,0.2375151254110116,0.2375151254110116,False,False,0.9999855768537349,0.17588040108446656,0.0,1.0,-1.1273087986039983e-17,3.4697562838973868,8.545341500687906
YULARA_COMBINED,Ridge,train,45,lag65:power_missing,0.006577808643541043,0.006577808643541043,False,False,4.3269438795378825e-05,4.3269438795378825e-05,0.0,1.0,-2.7670306874825414e-18,152.01973556088373,0.3468403211087884
YULARA_COMBINED,Ridge,train,46,lag65:temperature_missing,0.007595344404710617,0.007595344404710617,False,False,5.76925850605051e-05,5.76925850605051e-05,0.0,1.0,7.429989808980899e-18,131.65200340287103,0.3809327097225728
YULARA_COMBINED,Ridge,train,47,lag65:ghi_missing,0.007595344404710617,0.007595344404710617,False,False,5.76925850605051e-05,5.76925850605051e-05,0.0,1.0,7.429989808980899e-18,131.65200340287103,0.38093243337080895
YULARA_COMBINED,Ridge,train,48,lag65:isolation_forest_flag,0.09997134130837092,0.09997134130837092,False,False,0.010096202385588393,0.010096202385588393,0.0,1.0,-4.9191656666356295e-17,9.901875724173403,0.7085226770433328
YULARA_COMBINED,Ridge,train,49,lag64:historical_ac_active_power,0.2888053118881875,0.2888053118881875,False,False,0.9999855768537349,0.20993488514813607,0.0,1.0,4.0378151513634125e-16,2.735632214263919,11.957972357630567
YULARA_COMBINED,Ridge,train,50,lag64:ambient_temperature,0.2073103581938918,0.2073103581938918,False,False,0.9999855768537349,0.5387381042161156,0.0,1.0,-2.557966146650527e-16,2.5987032626331596,18.138075782035845
YULARA_COMBINED,Ridge,train,51,lag64:global_horizontal_irradiance,0.23751498256165857,0.23751498256165857,False,False,0.9999855768537349,0.17587982902802085,0.0,1.0,3.976325580530467e-17,3.469760779230164,7.729909826286513
YULARA_COMBINED,Ridge,train,52,lag64:power_missing,0.006577808643541043,0.006577808643541043,False,False,4.3269438795378825e-05,4.3269438795378825e-05,0.0,1.0,-2.7670306874825414e-18,152.01973556088373,0.21324503813111606
YULARA_COMBINED,Ridge,train,53,lag64:temperature_missing,0.007595344404710617,0.007595344404710617,False,False,5.76925850605051e-05,5.76925850605051e-05,0.0,1.0,7.839920281200534e-18,131.65200340287103,0.30135907367661163
YULARA_COMBINED,Ridge,train,54,lag64:ghi_missing,0.007595344404710617,0.007595344404710617,False,False,5.76925850605051e-05,5.76925850605051e-05,0.0,1.0,7.839920281200534e-18,131.65200340287103,0.30135903302452627
YULARA_COMBINED,Ridge,train,55,lag64:isolation_forest_flag,0.09997134130837092,0.09997134130837092,False,False,0.010096202385588393,0.010096202385588393,0.0,1.0,-4.9191656666356295e-17,9.901875724173403,0.5797431531383233
YULARA_COMBINED,Ridge,train,56,lag63:historical_ac_active_power,0.2888066675291587,0.2888066675291587,False,False,0.9999855768537349,0.20993520103091834,0.0,1.0,4.0706095891409833e-16,2.735618279620621,10.622793964483273
YULARA_COMBINED,Ridge,train,57,lag63:ambient_temperature,0.20730549856458358,0.20730549856458358,False,False,0.9999855768537349,0.5387373453351564,0.0,1.0,2.7547327733159523e-16,2.5987605204177404,14.607223225698592
YULARA_COMBINED,Ridge,train,58,lag63:global_horizontal_irradiance,0.2375147162195381,0.2375147162195381,False,False,0.9999855768537349,0.17587903214939155,0.0,1.0,6.148957083294537e-18,3.4697680251899095,5.538886913220891
YULARA_COMBINED,Ridge,train,59,lag63:power_missing,0.006577808643541043,0.006577808643541043,False,False,4.3269438795378825e-05,4.3269438795378825e-05,0.0,1.0,-2.7670306874825414e-18,152.01973556088373,0.21393794578948125
YULARA_COMBINED,Ridge,train,60,lag63:temperature_missing,0.007595344404710617,0.007595344404710617,False,False,5.76925850605051e-05,5.76925850605051e-05,0.0,1.0,7.839920281200534e-18,131.65200340287103,0.3529281001708034
YULARA_COMBINED,Ridge,train,61,lag63:ghi_missing,0.007595344404710617,0.007595344404710617,False,False,5.76925850605051e-05,5.76925850605051e-05,0.0,1.0,7.839920281200534e-18,131.65200340287103,0.35292800812005737
YULARA_COMBINED,Ridge,train,62,lag63:isolation_forest_flag,0.09997134130837092,0.09997134130837092,False,False,0.010096202385588393,0.010096202385588393,0.0,1.0,-4.9191656666356295e-17,9.901875724173403,0.42761947853239873
YULARA_COMBINED,Ridge,train,63,lag62:historical_ac_active_power,0.28880814519195813,0.28880814519195813,False,False,0.9999855768537349,0.20993517014391808,0.0,1.0,4.642462597887375e-16,2.735604390004169,10.07087668907885
YULARA_COMBINED,Ridge,train,64,lag62:ambient_temperature,0.2073006094621125,0.2073006094621125,False,False,0.9999855768537349,0.538736545466064,0.0,1.0,-1.2789830733252636e-16,2.598817952653085,13.669273911551354
YULARA_COMBINED,Ridge,train,65,lag62:global_horizontal_irradiance,0.23751441608234428,0.23751441608234428,False,False,0.9999855768537349,0.17587787542544978,0.0,1.0,-1.3322740347138162e-17,3.469777279913965,5.909820445807187
YULARA_COMBINED,Ridge,train,66,lag62:power_missing,0.006577808643541042,0.006577808643541042,False,False,4.3269438795378825e-05,4.3269438795378825e-05,0.0,1.0,-1.5372392708236342e-18,152.01973556088376,0.1839087860463042
YULARA_COMBINED,Ridge,train,67,lag62:temperature_missing,0.007595344404710617,0.007595344404710617,False,False,5.76925850605051e-05,5.76925850605051e-05,0.0,1.0,7.839920281200534e-18,131.65200340287103,0.37441023275644336
YULARA_COMBINED,Ridge,train,68,lag62:ghi_missing,0.007595344404710617,0.007595344404710617,False,False,5.76925850605051e-05,5.76925850605051e-05,0.0,1.0,7.839920281200534e-18,131.65200340287103,0.37441006775154784
YULARA_COMBINED,Ridge,train,69,lag62:isolation_forest_flag,0.09997134130837092,0.09997134130837092,False,False,0.010096202385588393,0.010096202385588393,0.0,1.0,-4.9191656666356295e-17,9.901875724173403,0.2931268533851708
YULARA_COMBINED,Ridge,train,70,lag61:historical_ac_active_power,0.2888095316486413,0.2888095316486413,False,False,0.9999855768537349,0.20993495762773065,0.0,1.0,4.794136872608641e-16,2.7355919933191246,9.951198228280886
YULARA_COMBINED,Ridge,train,71,lag61:ambient_temperature,0.2072956267296773,0.2072956267296773,False,False,0.9999855768537349,0.5387355871715773,0.0,1.0,-5.902998799962755e-17,2.5988757971923473,15.647408869414482
YULARA_COMBINED,Ridge,train,72,lag61:global_horizontal_irradiance,0.23751399317071017,0.23751399317071017,False,False,0.9999855768537349,0.17587645869370888,0.0,1.0,-7.78867897217308e-18,3.4697894229497575,7.652617709009506
YULARA_COMBINED,Ridge,train,73,lag61:power_missing,0.006577808643541042,0.006577808643541042,False,False,4.3269438795378825e-05,4.3269438795378825e-05,0.0,1.0,-1.94716974304327e-18,152.01973556088376,0.24012846015010542
YULARA_COMBINED,Ridge,train,74,lag61:temperature_missing,0.007595344404710617,0.007595344404710617,False,False,5.76925850605051e-05,5.76925850605051e-05,0.0,1.0,7.839920281200534e-18,131.65200340287103,0.439151829260957
YULARA_COMBINED,Ridge,train,75,lag61:ghi_missing,0.007595344404710617,0.007595344404710617,False,False,5.76925850605051e-05,5.76925850605051e-05,0.0,1.0,7.839920281200534e-18,131.65200340287103,0.4391516522387662
YULARA_COMBINED,Ridge,train,76,lag61:isolation_forest_flag,0.09997134130837092,0.09997134130837092,False,False,0.010096202385588393,0.010096202385588393,0.0,1.0,-4.9191656666356295e-17,9.901875724173403,0.6159448537589693
YULARA_COMBINED,Ridge,train,77,lag60:historical_ac_active_power,0.28881068567248136,0.28881068567248136,False,False,0.9999855768537349,0.209934073104911,0.0,1.0,4.3268161342782557e-16,2.735584125135328,10.05425147924957
YULARA_COMBINED,Ridge,train,78,lag60:ambient_temperature,0.2072907188965675,0.2072907188965675,False,False,0.9999855768537349,0.5387344062000163,0.0,1.0,6.558887555514172e-18,2.598931631226723,10.734164875996077
YULARA_COMBINED,Ridge,train,79,lag60:global_horizontal_irradiance,0.23751342494048364,0.23751342494048364,False,False,0.9999855768537349,0.1758747738420763,0.0,1.0,4.550228241637957e-17,3.4698048178305454,4.998355845775277
YULARA_COMBINED,Ridge,train,80,lag60:power_missing,0.006577808643541042,0.006577808643541042,False,False,4.3269438795378825e-05,4.3269438795378825e-05,0.0,1.0,-1.94716974304327e-18,152.01973556088376,0.2721208041556444
YULARA_COMBINED,Ridge,train,81,lag60:temperature_missing,0.007595344404710617,0.007595344404710617,False,False,5.76925850605051e-05,5.76925850605051e-05,0.0,1.0,7.839920281200534e-18,131.65200340287103,0.3956378506920806
YULARA_COMBINED,Ridge,train,82,lag60:ghi_missing,0.007595344404710617,0.007595344404710617,False,False,5.76925850605051e-05,5.76925850605051e-05,0.0,1.0,7.839920281200534e-18,131.65200340287103,0.3956378694056778
YULARA_COMBINED,Ridge,train,83,lag60:isolation_forest_flag,0.09997134130837092,0.09997134130837092,False,False,0.010096202385588393,0.010096202385588393,0.0,1.0,-4.9191656666356295e-17,9.901875724173403,0.3613548064680043
YULARA_COMBINED,Ridge,train,84,lag59:historical_ac_active_power,0.28881190751438746,0.28881190751438746,False,False,0.9999855768537349,0.20993307872922304,0.0,1.0,3.8103037392815145e-16,2.735575995014745,11.806011659971917
YULARA_COMBINED,Ridge,train,85,lag59:ambient_temperature,0.20728578004243906,0.20728578004243906,False,False,0.9999855768537349,0.5387331676195728,0.0,1.0,1.0166275711046967e-16,2.5989875789322077,11.241398238051993
YULARA_COMBINED,Ridge,train,86,lag59:global_horizontal_irradiance,0.23751266837598928,0.23751266837598928,False,False,0.9999855768537349,0.17587281362295823,0.0,1.0,-3.545898584699849e-17,3.4698241235386447,4.098630315500337
YULARA_COMBINED,Ridge,train,87,lag59:power_missing,0.006577808643541041,0.006577808643541041,False,False,4.3269438795378825e-05,4.3269438795378825e-05,0.0,1.0,-4.8166830485807206e-18,152.01973556088376,0.22919596691333927
YULARA_COMBINED,Ridge,train,88,lag59:temperature_missing,0.007595344404710617,0.007595344404710617,False,False,5.76925850605051e-05,5.76925850605051e-05,0.0,1.0,7.839920281200534e-18,131.65200340287103,0.4602237782111903
YULARA_COMBINED,Ridge,train,89,lag59:ghi_missing,0.007595344404710617,0.007595344404710617,False,False,5.76925850605051e-05,5.76925850605051e-05,0.0,1.0,7.839920281200534e-18,131.65200340287103,0.4602235928338299
YULARA_COMBINED,Ridge,train,90,lag59:isolation_forest_flag,0.09997134130837092,0.09997134130837092,False,False,0.010096202385588393,0.010096202385588393,0.0,1.0,-4.9191656666356295e-17,9.901875724173403,0.6251210624370291
YULARA_COMBINED,Ridge,train,91,lag58:historical_ac_active_power,0.2888128740446459,0.2888128740446459,False,False,0.9999855768537349,0.20993147107479437,0.0,1.0,4.603519203026509e-16,2.7355724066617393,8.60348473807484
YULARA_COMBINED,Ridge,train,92,lag58:ambient_temperature,0.20728089421621665,0.20728089421621665,False,False,0.9999855768537349,0.5387317373810486,0.0,1.0,3.0170882755365195e-16,2.599041939770351,17.021595753017714
YULARA_COMBINED,Ridge,train,93,lag58:global_horizontal_irradiance,0.2375117825016859,0.2375117825016859,False,False,0.9999855768537349,0.17587060583847194,0.0,1.0,1.9881627902652336e-17,3.469846360803925,4.853371564852105
YULARA_COMBINED,Ridge,train,94,lag58:power_missing,0.006577808643541041,0.006577808643541041,False,False,4.3269438795378825e-05,4.3269438795378825e-05,0.0,1.0,-4.8166830485807206e-18,152.01973556088376,0.25785740304369914
YULARA_COMBINED,Ridge,train,95,lag58:temperature_missing,0.007595344404710617,0.007595344404710617,False,False,5.76925850605051e-05,5.76925850605051e-05,0.0,1.0,7.839920281200534e-18,131.65200340287103,0.4894776110503948
YULARA_COMBINED,Ridge,train,96,lag58:ghi_missing,0.007595344404710617,0.007595344404710617,False,False,5.76925850605051e-05,5.76925850605051e-05,0.0,1.0,7.839920281200534e-18,131.65200340287103,0.4894775405428661
YULARA_COMBINED,Ridge,train,97,lag58:isolation_forest_flag,0.09997134130837092,0.09997134130837092,False,False,0.010096202385588393,0.010096202385588393,0.0,1.0,-4.9191656666356295e-17,9.901875724173403,0.3475729579772019
YULARA_COMBINED,Ridge,train,98,lag57:historical_ac_active_power,0.2888138362439346,0.2888138362439346,False,False,0.9999855768537349,0.2099298522731158,0.0,1.0,4.3493623102503355e-16,2.7355688979512203,5.992660487329625
YULARA_COMBINED,Ridge,train,99,lag57:ambient_temperature,0.2072758175342521,0.2072758175342521,False,False,0.9999855768537349,0.5387301476115736,0.0,1.0,-1.442955262213118e-16,2.5990979267156864,11.471142324944948
YULARA_COMBINED,Ridge,train,100,lag57:global_horizontal_irradiance,0.23751067818816987,0.23751067818816987,False,False,0.9999855768537349,0.17586817370163751,0.0,1.0,1.9676662666542518e-17,3.4698727340816102,3.4502915473822995
YULARA_COMBINED,Ridge,train,101,lag57:power_missing,0.006577808643541041,0.006577808643541041,False,False,4.3269438795378825e-05,4.3269438795378825e-05,0.0,1.0,-5.226613520800356e-18,152.01973556088376,0.22210518555260853
YULARA_COMBINED,Ridge,train,102,lag57:temperature_missing,0.007595344404710617,0.007595344404710617,False,False,5.76925850605051e-05,5.76925850605051e-05,0.0,1.0,7.839920281200534e-18,131.65200340287103,0.691485285124362
YULARA_COMBINED,Ridge,train,103,lag57:ghi_missing,0.007595344404710617,0.007595344404710617,False,False,5.76925850605051e-05,5.76925850605051e-05,0.0,1.0,7.839920281200534e-18,131.65200340287103,0.6914852739903279
YULARA_COMBINED,Ridge,train,104,lag57:isolation_forest_flag,0.09997134130837092,0.09997134130837092,False,False,0.010096202385588393,0.010096202385588393,0.0,1.0,-4.9191656666356295e-17,9.901875724173403,0.37106726394868206
YULARA_COMBINED,Ridge,train,105,lag56:historical_ac_active_power,0.2888142974216451,0.2888142974216451,False,False,0.9999855768537349,0.20992774264231337,0.0,1.0,4.494887627888306e-16,2.735571834258075,6.494086683165387
YULARA_COMBINED,Ridge,train,106,lag56:ambient_temperature,0.20727070731176034,0.20727070731176034,False,False,0.9999855768537349,0.5387284924784137,0.0,1.0,7.870665066617007e-17,2.5991540216442672,13.12023524816095
YULARA_COMBINED,Ridge,train,107,lag56:global_horizontal_irradiance,0.23750923684790817,0.23750923684790817,False,False,0.9999855768537349,0.17586584984490142,0.0,1.0,5.2061169971893743e-17,3.4699035755095395,2.898821123515884
YULARA_COMBINED,Ridge,train,108,lag56:power_missing,0.006577808643541041,0.006577808643541041,False,False,4.3269438795378825e-05,4.3269438795378825e-05,0.0,1.0,-5.226613520800356e-18,152.01973556088376,0.26285025277563495
YULARA_COMBINED,Ridge,train,109,lag56:temperature_missing,0.007595344404710617,0.007595344404710617,False,False,5.76925850605051e-05,5.76925850605051e-05,0.0,1.0,7.839920281200534e-18,131.65200340287103,0.7147710498962451
YULARA_COMBINED,Ridge,train,110,lag56:ghi_missing,0.007595344404710617,0.007595344404710617,False,False,5.76925850605051e-05,5.76925850605051e-05,0.0,1.0,7.839920281200534e-18,131.65200340287103,0.7147710673366343
YULARA_COMBINED,Ridge,train,111,lag56:isolation_forest_flag,0.09997134130837092,0.09997134130837092,False,False,0.010096202385588393,0.010096202385588393,0.0,1.0,-4.9191656666356295e-17,9.901875724173403,0.18820881712855567
YULARA_COMBINED,Ridge,train,112,lag55:historical_ac_active_power,0.28881427072377147,0.28881427072377147,False,False,0.9999855768537349,0.2099265127153794,0.0,1.0,4.570724765248939e-16,2.7355763456725617,7.4410482818332575
YULARA_COMBINED,Ridge,train,113,lag55:ambient_temperature,0.20726541695994488,0.20726541695994488,False,False,0.9999855768537349,0.5387268550689808,0.0,1.0,1.0822164466598384e-16,2.599212463761345,9.48729252549285
YULARA_COMBINED,Ridge,train,114,lag55:global_horizontal_irradiance,0.23750747493946633,0.23750747493946633,False,False,0.9999855768537349,0.17586352381500542,0.0,1.0,4.24278038747323e-17,3.469939109895563,5.0385379865152045
YULARA_COMBINED,Ridge,train,115,lag55:power_missing,0.006577808643541041,0.006577808643541041,False,False,4.3269438795378825e-05,4.3269438795378825e-05,0.0,1.0,-5.226613520800356e-18,152.01973556088376,0.22564562093842525
YULARA_COMBINED,Ridge,train,116,lag55:temperature_missing,0.007595344404710617,0.007595344404710617,False,False,5.76925850605051e-05,5.76925850605051e-05,0.0,1.0,8.24985075342017e-18,131.65200340287103,0.5978253121952688
YULARA_COMBINED,Ridge,train,117,lag55:ghi_missing,0.007595344404710617,0.007595344404710617,False,False,5.76925850605051e-05,5.76925850605051e-05,0.0,1.0,8.24985075342017e-18,131.65200340287103,0.5978252113751529
YULARA_COMBINED,Ridge,train,118,lag55:isolation_forest_flag,0.09997134130837092,0.09997134130837092,False,False,0.010096202385588393,0.010096202385588393,0.0,1.0,-4.9191656666356295e-17,9.901875724173403,0.2727573119876011
YULARA_COMBINED,Ridge,train,119,lag54:historical_ac_active_power,0.28881447194671195,0.28881447194671195,False,False,0.9999855768537349,0.2099232494058347,0.0,1.0,4.136198464696125e-16,2.7355857387227447,4.85455617724079
YULARA_COMBINED,Ridge,train,120,lag54:ambient_temperature,0.2072601569519266,0.2072601569519266,False,False,0.9999855768537349,0.5387254780061508,0.0,1.0,3.279443777757086e-17,2.59927178445159,12.492405555727245
YULARA_COMBINED,Ridge,train,121,lag54:global_horizontal_irradiance,0.23750550083763564,0.23750550083763564,False,False,0.9999855768537349,0.17586095519588213,0.0,1.0,8.198609444392715e-18,3.469978766376105,5.818307927155591
YULARA_COMBINED,Ridge,train,122,lag54:power_missing,0.006577808643541041,0.006577808643541041,False,False,4.3269438795378825e-05,4.3269438795378825e-05,0.0,1.0,-5.226613520800356e-18,152.01973556088376,0.25990753439923014
YULARA_COMBINED,Ridge,train,123,lag54:temperature_missing,0.007595344404710617,0.007595344404710617,False,False,5.76925850605051e-05,5.76925850605051e-05,0.0,1.0,8.24985075342017e-18,131.65200340287103,0.49583493023371084
YULARA_COMBINED,Ridge,train,124,lag54:ghi_missing,0.007595344404710617,0.007595344404710617,False,False,5.76925850605051e-05,5.76925850605051e-05,0.0,1.0,8.24985075342017e-18,131.65200340287103,0.4958349348403085
YULARA_COMBINED,Ridge,train,125,lag54:isolation_forest_flag,0.09997134130837092,0.09997134130837092,False,False,0.010096202385588393,0.010096202385588393,0.0,1.0,-4.9191656666356295e-17,9.901875724173403,0.3827126099091713
YULARA_COMBINED,Ridge,train,126,lag53:historical_ac_active_power,0.2888145183154396,0.2888145183154396,False,False,0.9999855768537349,0.20992023518206512,0.0,1.0,4.376007790944612e-16,2.7355957360669096,5.515758082193089
YULARA_COMBINED,Ridge,train,127,lag53:ambient_temperature,0.20725491024246992,0.20725491024246992,False,False,0.9999855768537349,0.5387244931245693,0.0,1.0,2.1644328933196768e-16,2.5993328336313444,11.330578005911267
YULARA_COMBINED,Ridge,train,128,lag53:global_horizontal_irradiance,0.23750341265136599,0.23750341265136599,False,False,0.9999855768537349,0.17585753931100656,0.0,1.0,2.4595828333178147e-18,3.47002365771797,9.888143378678084
YULARA_COMBINED,Ridge,train,129,lag53:power_missing,0.006577808643541041,0.006577808643541041,False,False,4.3269438795378825e-05,4.3269438795378825e-05,0.0,1.0,-5.226613520800356e-18,152.01973556088376,0.23709394991939234
YULARA_COMBINED,Ridge,train,130,lag53:temperature_missing,0.007595344404710617,0.007595344404710617,False,False,5.76925850605051e-05,5.76925850605051e-05,0.0,1.0,8.24985075342017e-18,131.65200340287103,0.4511926489959739
YULARA_COMBINED,Ridge,train,131,lag53:ghi_missing,0.007595344404710617,0.007595344404710617,False,False,5.76925850605051e-05,5.76925850605051e-05,0.0,1.0,8.24985075342017e-18,131.65200340287103,0.45119263481989375
YULARA_COMBINED,Ridge,train,132,lag53:isolation_forest_flag,0.09997134130837092,0.09997134130837092,False,False,0.010096202385588393,0.010096202385588393,0.0,1.0,-4.9191656666356295e-17,9.901875724173403,0.46969325084514774
YULARA_COMBINED,Ridge,train,133,lag52:historical_ac_active_power,0.2888139215843157,0.2888139215843157,False,False,0.9999855768537349,0.20991643779963762,0.0,1.0,4.605568855387608e-16,2.7356145363986806,5.993549147006761
YULARA_COMBINED,Ridge,train,134,lag52:ambient_temperature,0.2072494903447324,0.2072494903447324,False,False,0.9999855768537349,0.538723527076785,0.0,1.0,1.2461886355476928e-16,2.5993961489636908,13.409256127056347
YULARA_COMBINED,Ridge,train,135,lag52:global_horizontal_irradiance,0.23750108113314786,0.23750108113314786,False,False,0.9999855768537349,0.1758538256923931,0.0,1.0,3.2384507305351226e-17,3.4700733587211503,6.79843058425345
YULARA_COMBINED,Ridge,train,136,lag52:power_missing,0.00657780864354104,0.00657780864354104,False,False,4.3269438795378825e-05,4.3269438795378825e-05,0.0,1.0,-3.996822104141449e-18,152.0197355608838,0.21433459905952343
YULARA_COMBINED,Ridge,train,137,lag52:temperature_missing,0.007595344404710617,0.007595344404710617,False,False,5.76925850605051e-05,5.76925850605051e-05,0.0,1.0,8.24985075342017e-18,131.65200340287103,0.45864168011958467
YULARA_COMBINED,Ridge,train,138,lag52:ghi_missing,0.007595344404710617,0.007595344404710617,False,False,5.76925850605051e-05,5.76925850605051e-05,0.0,1.0,8.24985075342017e-18,131.65200340287103,0.45864169200144167
YULARA_COMBINED,Ridge,train,139,lag52:isolation_forest_flag,0.09997134130837093,0.09997134130837093,False,False,0.010096202385588393,0.010096202385588393,0.0,1.0,-9.838331333271259e-18,9.9018757241734,0.7011284103076613
YULARA_COMBINED,Ridge,train,140,lag51:historical_ac_active_power,0.28881322009667887,0.28881322009667887,False,False,0.9999855768537349,0.2099134642139778,0.0,1.0,3.597139893727304e-16,2.7356314767085266,7.444568016552855
YULARA_COMBINED,Ridge,train,141,lag51:ambient_temperature,0.20724431634956822,0.20724431634956822,False,False,0.9999855768537349,0.5387224945578247,0.0,1.0,2.2956106444299605e-16,2.5994560625206122,14.713273216590881
YULARA_COMBINED,Ridge,train,142,lag51:global_horizontal_irradiance,0.2374984618548239,0.2374984618548239,False,False,0.9999855768537349,0.17585006459126878,0.0,1.0,-6.025977941628646e-17,3.4701274651307457,7.844724850945354
YULARA_COMBINED,Ridge,train,143,lag51:power_missing,0.00657780864354104,0.00657780864354104,False,False,4.3269438795378825e-05,4.3269438795378825e-05,0.0,1.0,-3.996822104141449e-18,152.0197355608838,0.20198152133603847
YULARA_COMBINED,Ridge,train,144,lag51:temperature_missing,0.007595344404710617,0.007595344404710617,False,False,5.76925850605051e-05,5.76925850605051e-05,0.0,1.0,8.24985075342017e-18,131.65200340287103,0.4196274315282656
YULARA_COMBINED,Ridge,train,145,lag51:ghi_missing,0.007595344404710617,0.007595344404710617,False,False,5.76925850605051e-05,5.76925850605051e-05,0.0,1.0,8.24985075342017e-18,131.65200340287103,0.41962741621709465
YULARA_COMBINED,Ridge,train,146,lag51:isolation_forest_flag,0.09997134130837093,0.09997134130837093,False,False,0.010096202385588393,0.010096202385588393,0.0,1.0,-9.838331333271259e-18,9.9018757241734,0.398092568396643
YULARA_COMBINED,Ridge,train,147,lag50:historical_ac_active_power,0.2888118255514123,0.2888118255514123,False,False,0.9999855768537349,0.20990925176997594,0.0,1.0,4.843328529274997e-16,2.7356592712973162,8.09066854296987
YULARA_COMBINED,Ridge,train,148,lag50:ambient_temperature,0.20723933776110595,0.20723933776110595,False,False,0.9999855768537349,0.538721480872017,0.0,1.0,-1.3445719488804053e-16,2.599513618852736,12.336861661745626
YULARA_COMBINED,Ridge,train,149,lag50:global_horizontal_irradiance,0.2374955782210606,0.2374955782210606,False,False,0.9999855768537349,0.17584580324187224,0.0,1.0,-7.481231118008353e-17,3.470187541727644,8.380769810875275
YULARA_COMBINED,Ridge,train,150,lag50:power_missing,0.00657780864354104,0.00657780864354104,False,False,4.3269438795378825e-05,4.3269438795378825e-05,0.0,1.0,-3.996822104141449e-18,152.0197355608838,0.19862284397929914
YULARA_COMBINED,Ridge,train,151,lag50:temperature_missing,0.007595344404710617,0.007595344404710617,False,False,5.76925850605051e-05,5.76925850605051e-05,0.0,1.0,8.659781225639805e-18,131.65200340287103,0.3501621978986002
YULARA_COMBINED,Ridge,train,152,lag50:ghi_missing,0.007595344404710617,0.007595344404710617,False,False,5.76925850605051e-05,5.76925850605051e-05,0.0,1.0,8.659781225639805e-18,131.65200340287103,0.3501622057845203
YULARA_COMBINED,Ridge,train,153,lag50:isolation_forest_flag,0.09997134130837093,0.09997134130837093,False,False,0.010096202385588393,0.010096202385588393,0.0,1.0,-2.2956106444299602e-17,9.9018757241734,0.2934341182668807
YULARA_COMBINED,Ridge,train,154,lag49:historical_ac_active_power,0.28880999539301583,0.28880999539301583,False,False,0.9999855768537349,0.20990522132201284,0.0,1.0,4.09725506983526e-16,2.7356905622425485,6.7667064414927935
YULARA_COMBINED,Ridge,train,155,lag49:ambient_temperature,0.20723431964425942,0.20723431964425942,False,False,0.9999855768537349,0.5387202578018225,0.0,1.0,0.0,2.5995706634238736,13.274292573732822
YULARA_COMBINED,Ridge,train,156,lag49:global_horizontal_irradiance,0.23749240198635482,0.23749240198635482,False,False,0.9999855768537349,0.17584134844746277,0.0,1.0,-1.0043296569381077e-17,3.470252709810436,10.247074172237044
YULARA_COMBINED,Ridge,train,157,lag49:power_missing,0.00657780864354104,0.00657780864354104,False,False,4.3269438795378825e-05,4.3269438795378825e-05,0.0,1.0,-3.996822104141449e-18,152.0197355608838,0.23094915823607912
YULARA_COMBINED,Ridge,train,158,lag49:temperature_missing,0.007595344404710617,0.007595344404710617,False,False,5.76925850605051e-05,5.76925850605051e-05,0.0,1.0,8.659781225639805e-18,131.65200340287103,0.38897694468712585
YULARA_COMBINED,Ridge,train,159,lag49:ghi_missing,0.007595344404710617,0.007595344404710617,False,False,5.76925850605051e-05,5.76925850605051e-05,0.0,1.0,8.659781225639805e-18,131.65200340287103,0.3889770434225763
YULARA_COMBINED,Ridge,train,160,lag49:isolation_forest_flag,0.09997134130837093,0.09997134130837093,False,False,0.010096202385588393,0.010096202385588393,0.0,1.0,-2.2956106444299602e-17,9.9018757241734,0.4334994770017049
YULARA_COMBINED,Ridge,train,161,lag48:historical_ac_active_power,0.28880778227756726,0.28880778227756726,False,False,0.9999855768537349,0.20990083577818547,0.0,1.0,4.1320991599739286e-16,2.7357267106551393,5.464612217713903
YULARA_COMBINED,Ridge,train,162,lag48:ambient_temperature,0.20722909292822717,0.20722909292822717,False,False,0.9999855768537349,0.5387187455807988,0.0,1.0,2.557966146650527e-16,2.5996289322531636,14.274716455507372
YULARA_COMBINED,Ridge,train,163,lag48:global_horizontal_irradiance,0.23748859847606713,0.23748859847606713,False,False,0.9999855768537349,0.17583741171156175,0.0,1.0,2.234121073597015e-17,3.470324864338669,8.705783231991907
YULARA_COMBINED,Ridge,train,164,lag48:power_missing,0.006577808643541039,0.006577808643541039,False,False,4.3269438795378825e-05,4.3269438795378825e-05,0.0,1.0,-2.7670306874825414e-18,152.01973556088382,0.2346853049133063
YULARA_COMBINED,Ridge,train,165,lag48:temperature_missing,0.007595344404710617,0.007595344404710617,False,False,5.76925850605051e-05,5.76925850605051e-05,0.0,1.0,8.659781225639805e-18,131.65200340287103,0.3904609229483832
YULARA_COMBINED,Ridge,train,166,lag48:ghi_missing,0.007595344404710617,0.007595344404710617,False,False,5.76925850605051e-05,5.76925850605051e-05,0.0,1.0,8.659781225639805e-18,131.65200340287103,0.39046092461490894
YULARA_COMBINED,Ridge,train,167,lag48:isolation_forest_flag,0.09997134130837093,0.09997134130837093,False,False,0.010096202385588393,0.010096202385588393,0.0,1.0,-2.2956106444299602e-17,9.9018757241734,0.6564839384961185
YULARA_COMBINED,Ridge,train,168,lag47:historical_ac_active_power,0.2888053632500434,0.2888053632500434,False,False,0.9999855768537349,0.2098968107200221,0.0,1.0,4.1443970741405177e-16,2.735763561966536,6.884389289510173
YULARA_COMBINED,Ridge,train,169,lag47:ambient_temperature,0.20722376111119833,0.20722376111119833,False,False,0.9999855768537349,0.5387173751659247,0.0,1.0,-2.623555022205669e-16,2.5996892068610005,22.855274060105565
YULARA_COMBINED,Ridge,train,170,lag47:global_horizontal_irradiance,0.23748444533945373,0.23748444533945373,False,False,0.9999855768537349,0.17583358533996826,0.0,1.0,-5.657040516630974e-17,3.470401665599576,9.82620268116734
YULARA_COMBINED,Ridge,train,171,lag47:power_missing,0.006577808643541038,0.006577808643541038,False,False,4.3269438795378825e-05,4.3269438795378825e-05,0.0,1.0,-7.891161590227989e-18,152.01973556088382,0.26872909424076324
YULARA_COMBINED,Ridge,train,172,lag47:temperature_missing,0.007595344404710617,0.007595344404710617,False,False,5.76925850605051e-05,5.76925850605051e-05,0.0,1.0,8.659781225639805e-18,131.65200340287103,0.476993085736136
YULARA_COMBINED,Ridge,train,173,lag47:ghi_missing,0.007595344404710617,0.007595344404710617,False,False,5.76925850605051e-05,5.76925850605051e-05,0.0,1.0,8.659781225639805e-18,131.65200340287103,0.47699304063161313
YULARA_COMBINED,Ridge,train,174,lag47:isolation_forest_flag,0.09997134130837093,0.09997134130837093,False,False,0.010096202385588393,0.010096202385588393,0.0,1.0,-2.2956106444299602e-17,9.9018757241734,0.7707911973949004
YULARA_COMBINED,Ridge,train,175,lag46:historical_ac_active_power,0.28880249714303063,0.28880249714303063,False,False,0.9999855768537349,0.20989242083954773,0.0,1.0,3.882041571919951e-16,2.7358059122637997,7.412322514952798
YULARA_COMBINED,Ridge,train,176,lag46:ambient_temperature,0.20721809034550914,0.20721809034550914,False,False,0.9999855768537349,0.5387161687143301,0.0,1.0,-2.2628162066523896e-16,2.599754528265805,10.163765045386034
YULARA_COMBINED,Ridge,train,177,lag46:global_horizontal_irradiance,0.23747995591640544,0.23747995591640544,False,False,0.9999855768537349,0.17582968235888902,0.0,1.0,3.9353325333085036e-17,3.4704837065542686,9.0488881284958
YULARA_COMBINED,Ridge,train,178,lag46:power_missing,0.006577808643541039,0.006577808643541039,False,False,4.3269438795378825e-05,4.3269438795378825e-05,0.0,1.0,-2.7670306874825414e-18,152.01973556088382,0.22086902050761426
YULARA_COMBINED,Ridge,train,179,lag46:temperature_missing,0.007595344404710618,0.007595344404710618,False,False,5.76925850605051e-05,5.76925850605051e-05,0.0,1.0,7.429989808980899e-18,131.652003402871,0.39178022097083287
YULARA_COMBINED,Ridge,train,180,lag46:ghi_missing,0.007595344404710618,0.007595344404710618,False,False,5.76925850605051e-05,5.76925850605051e-05,0.0,1.0,7.429989808980899e-18,131.652003402871,0.3917802032451527
YULARA_COMBINED,Ridge,train,181,lag46:isolation_forest_flag,0.09997134130837093,0.09997134130837093,False,False,0.010096202385588393,0.010096202385588393,0.0,1.0,-2.2956106444299602e-17,9.9018757241734,0.8049344202779821
YULARA_COMBINED,Ridge,train,182,lag45:historical_ac_active_power,0.2887994819707863,0.2887994819707863,False,False,0.9999855768537349,0.20988840299946276,0.0,1.0,3.953779404558387e-16,2.735848387291988,7.136981207571111
YULARA_COMBINED,Ridge,train,183,lag45:ambient_temperature,0.20721238239767792,0.20721238239767792,False,False,0.9999855768537349,0.5387147706035803,0.0,1.0,1.6069274511009723e-16,2.599819394816327,16.382532231297592
YULARA_COMBINED,Ridge,train,184,lag45:global_horizontal_irradiance,0.23747516658749804,0.23747516658749804,False,False,0.9999855768537349,0.1758256860849555,0.0,1.0,2.0086593138762153e-17,3.4705705264191336,9.758249130394553
YULARA_COMBINED,Ridge,train,185,lag45:power_missing,0.006577808643541038,0.006577808643541038,False,False,4.3269438795378825e-05,4.3269438795378825e-05,0.0,1.0,-8.301092062447624e-18,152.01973556088382,0.21316079927030895
YULARA_COMBINED,Ridge,train,186,lag45:temperature_missing,0.007595344404710618,0.007595344404710618,False,False,5.76925850605051e-05,5.76925850605051e-05,0.0,1.0,7.429989808980899e-18,131.652003402871,0.35360598441809243
YULARA_COMBINED,Ridge,train,187,lag45:ghi_missing,0.007595344404710618,0.007595344404710618,False,False,5.76925850605051e-05,5.76925850605051e-05,0.0,1.0,7.429989808980899e-18,131.652003402871,0.35360606381216275
YULARA_COMBINED,Ridge,train,188,lag45:isolation_forest_flag,0.09997134130837093,0.09997134130837093,False,False,0.010096202385588393,0.010096202385588393,0.0,1.0,-2.2956106444299602e-17,9.9018757241734,0.4153444770608966
YULARA_COMBINED,Ridge,train,189,lag44:historical_ac_active_power,0.28879585764407245,0.28879585764407245,False,False,0.9999855768537349,0.209884047606832,0.0,1.0,4.703952168720321e-16,2.735897802824269,8.067202170777875
YULARA_COMBINED,Ridge,train,190,lag44:ambient_temperature,0.20720671775173907,0.20720671775173907,False,False,0.9999855768537349,0.5387133182072812,0.0,1.0,-5.902998799962755e-17,2.59988345963151,11.29063264822088
YULARA_COMBINED,Ridge,train,191,lag44:global_horizontal_irradiance,0.23747001376500357,0.23747001376500357,False,False,0.9999855768537349,0.17582162725845174,0.0,1.0,-5.698033563852938e-17,3.470662925707924,9.909995461068332
YULARA_COMBINED,Ridge,train,192,lag44:power_missing,0.006577808643541038,0.006577808643541038,False,False,4.3269438795378825e-05,4.3269438795378825e-05,0.0,1.0,-8.301092062447624e-18,152.01973556088382,0.17025676124500383
YULARA_COMBINED,Ridge,train,193,lag44:temperature_missing,0.007595344404710618,0.007595344404710618,False,False,5.76925850605051e-05,5.76925850605051e-05,0.0,1.0,7.429989808980899e-18,131.652003402871,0.3881833352674499
YULARA_COMBINED,Ridge,train,194,lag44:ghi_missing,0.007595344404710618,0.007595344404710618,False,False,5.76925850605051e-05,5.76925850605051e-05,0.0,1.0,7.429989808980899e-18,131.652003402871,0.3881833716067852
YULARA_COMBINED,Ridge,train,195,lag44:isolation_forest_flag,0.09997134130837093,0.09997134130837093,False,False,0.010096202385588393,0.010096202385588393,0.0,1.0,-2.2956106444299602e-17,9.9018757241734,0.5384680877150335
YULARA_COMBINED,Ridge,train,196,lag43:historical_ac_active_power,0.2887922907759606,0.2887922907759606,False,False,0.9999855768537349,0.2098801454919286,0.0,1.0,4.3350147437226485e-16,2.735945105685079,9.225045769896358
YULARA_COMBINED,Ridge,train,197,lag43:ambient_temperature,0.207201221951414,0.207201221951414,False,False,0.9999855768537349,0.5387118946152084,0.0,1.0,-2.426788395540244e-16,2.599945548301493,18.99646114883436
YULARA_COMBINED,Ridge,train,198,lag43:global_horizontal_irradiance,0.23746467290775036,0.23746467290775036,False,False,0.9999855768537349,0.1758175740197457,0.0,1.0,-2.5825619749837054e-17,3.470758053769246,10.650692080986804
YULARA_COMBINED,Ridge,train,199,lag43:power_missing,0.006577808643541038,0.006577808643541038,False,False,4.3269438795378825e-05,4.3269438795378825e-05,0.0,1.0,-8.71102253466726e-18,152.01973556088382,0.1645682617367835
YULARA_COMBINED,Ridge,train,200,lag43:temperature_missing,0.007595344404710618,0.007595344404710618,False,False,5.76925850605051e-05,5.76925850605051e-05,0.0,1.0,7.429989808980899e-18,131.652003402871,0.44993308917734814
YULARA_COMBINED,Ridge,train,201,lag43:ghi_missing,0.007595344404710618,0.007595344404710618,False,False,5.76925850605051e-05,5.76925850605051e-05,0.0,1.0,7.429989808980899e-18,131.652003402871,0.44993308694059064
YULARA_COMBINED,Ridge,train,202,lag43:isolation_forest_flag,0.09997134130837093,0.09997134130837093,False,False,0.010096202385588393,0.010096202385588393,0.0,1.0,-2.2956106444299602e-17,9.9018757241734,0.4766056776010518
YULARA_COMBINED,Ridge,train,203,lag42:historical_ac_active_power,0.28878814727506563,0.28878814727506563,False,False,0.9999855768537349,0.20987584053706781,0.0,1.0,4.2919720441395865e-16,2.735999267692773,7.061283863663779
YULARA_COMBINED,Ridge,train,204,lag42:ambient_temperature,0.20719560766924064,0.20719560766924064,False,False,0.9999855768537349,0.5387103846100266,0.0,1.0,1.0494220088822676e-16,2.6000087099819407,13.060692724837216
YULARA_COMBINED,Ridge,train,205,lag42:global_horizontal_irradiance,0.23745902671435815,0.23745902671435815,False,False,0.9999855768537349,0.17581344384142092,0.0,1.0,-3.5868916319218134e-17,3.470857973110457,10.688016566800655
YULARA_COMBINED,Ridge,train,206,lag42:power_missing,0.006577808643541038,0.006577808643541038,False,False,4.3269438795378825e-05,4.3269438795378825e-05,0.0,1.0,-8.71102253466726e-18,152.01973556088382,0.18413229041219115
YULARA_COMBINED,Ridge,train,207,lag42:temperature_missing,0.007595344404710618,0.007595344404710618,False,False,5.76925850605051e-05,5.76925850605051e-05,0.0,1.0,7.429989808980899e-18,131.652003402871,0.4693303753393258
YULARA_COMBINED,Ridge,train,208,lag42:ghi_missing,0.007595344404710618,0.007595344404710618,False,False,5.76925850605051e-05,5.76925850605051e-05,0.0,1.0,7.429989808980899e-18,131.652003402871,0.4693303643601599
YULARA_COMBINED,Ridge,train,209,lag42:isolation_forest_flag,0.09997134130837093,0.09997134130837093,False,False,0.010096202385588393,0.010096202385588393,0.0,1.0,-9.838331333271259e-18,9.9018757241734,0.3224989954061519
YULARA_COMBINED,Ridge,train,210,lag41:historical_ac_active_power,0.2887837931206483,0.2887837931206483,False,False,0.9999855768537349,0.20987180589330537,0.0,1.0,4.396504314555594e-16,2.736054491037849,8.42863510236404
YULARA_COMBINED,Ridge,train,211,lag41:ambient_temperature,0.20718970011382615,0.20718970011382615,False,False,0.9999855768537349,0.5387086895930008,0.0,1.0,-2.2628162066523896e-16,2.6000746624810223,10.80202550369676
YULARA_COMBINED,Ridge,train,212,lag41:global_horizontal_irradiance,0.2374530507734713,0.2374530507734713,False,False,0.9999855768537349,0.17580923235800605,0.0,1.0,-6.06697098885061e-17,3.4709630596756016,9.840735250214689
YULARA_COMBINED,Ridge,train,213,lag41:power_missing,0.006577808643541037,0.006577808643541037,False,False,4.3269438795378825e-05,4.3269438795378825e-05,0.0,1.0,-9.633366097161441e-18,152.01973556088384,0.19686341906756036
YULARA_COMBINED,Ridge,train,214,lag41:temperature_missing,0.007595344404710618,0.007595344404710618,False,False,5.76925850605051e-05,5.76925850605051e-05,0.0,1.0,7.429989808980899e-18,131.652003402871,0.42851323418687326
YULARA_COMBINED,Ridge,train,215,lag41:ghi_missing,0.007595344404710618,0.007595344404710618,False,False,5.76925850605051e-05,5.76925850605051e-05,0.0,1.0,7.429989808980899e-18,131.652003402871,0.42851313006237596
YULARA_COMBINED,Ridge,train,216,lag41:isolation_forest_flag,0.09997134130837095,0.09997134130837095,False,False,0.010096202385588393,0.010096202385588393,0.0,1.0,-3.607388155532795e-17,9.901875724173399,0.471643261389983
YULARA_COMBINED,Ridge,train,217,lag40:historical_ac_active_power,0.28877871129950955,0.28877871129950955,False,False,0.9999855768537349,0.20986721952579965,0.0,1.0,3.931233228586307e-16,2.736118521059216,8.102615545421907
YULARA_COMBINED,Ridge,train,218,lag40:ambient_temperature,0.20718386585386558,0.20718386585386558,False,False,0.9999855768537349,0.5387070599396595,0.0,1.0,8.198609444392716e-17,2.6001400143755857,13.532674071191943
YULARA_COMBINED,Ridge,train,219,lag40:global_horizontal_irradiance,0.23744674041453923,0.23744674041453923,False,False,0.9999855768537349,0.1758049251580153,0.0,1.0,8.649532963834315e-17,3.4710734432617967,9.977858285082693
YULARA_COMBINED,Ridge,train,220,lag40:power_missing,0.006577808643541037,0.006577808643541037,False,False,4.3269438795378825e-05,4.3269438795378825e-05,0.0,1.0,-9.633366097161441e-18,152.01973556088384,0.246217818492266
YULARA_COMBINED,Ridge,train,221,lag40:temperature_missing,0.007595344404710618,0.007595344404710618,False,False,5.76925850605051e-05,5.76925850605051e-05,0.0,1.0,7.839920281200534e-18,131.652003402871,0.40892689011215944
YULARA_COMBINED,Ridge,train,222,lag40:ghi_missing,0.007595344404710618,0.007595344404710618,False,False,5.76925850605051e-05,5.76925850605051e-05,0.0,1.0,7.839920281200534e-18,131.652003402871,0.4089268791401503
YULARA_COMBINED,Ridge,train,223,lag40:isolation_forest_flag,0.09997134130837095,0.09997134130837095,False,False,0.010096202385588393,0.010096202385588393,0.0,1.0,-3.607388155532795e-17,9.901875724173399,0.3059006964195909
YULARA_COMBINED,Ridge,train,224,lag39:historical_ac_active_power,0.2887732739379151,0.2887732739379151,False,False,0.9999855768537349,0.2098626830052017,0.0,1.0,4.2468796921954266e-16,2.736185749532605,9.052611173968586
YULARA_COMBINED,Ridge,train,225,lag39:ambient_temperature,0.20717765401464572,0.20717765401464572,False,False,0.9999855768537349,0.538705347197832,0.0,1.0,1.7708996399888265e-16,2.6002097077503836,11.062733429808633
YULARA_COMBINED,Ridge,train,226,lag39:global_horizontal_irradiance,0.23744012652573465,0.23744012652573465,False,False,0.9999855768537349,0.17580040178212125,0.0,1.0,1.742204506933452e-17,3.4711891805218897,11.537097051396712
YULARA_COMBINED,Ridge,train,227,lag39:power_missing,0.006577808643541037,0.006577808643541037,False,False,4.3269438795378825e-05,4.3269438795378825e-05,0.0,1.0,-9.633366097161441e-18,152.01973556088384,0.18925309154607944
YULARA_COMBINED,Ridge,train,228,lag39:temperature_missing,0.007595344404710618,0.007595344404710618,False,False,5.76925850605051e-05,5.76925850605051e-05,0.0,1.0,5.790267920102356e-18,131.652003402871,0.4172783670795728
YULARA_COMBINED,Ridge,train,229,lag39:ghi_missing,0.007595344404710618,0.007595344404710618,False,False,5.76925850605051e-05,5.76925850605051e-05,0.0,1.0,5.790267920102356e-18,131.652003402871,0.4172783864567558
YULARA_COMBINED,Ridge,train,230,lag39:isolation_forest_flag,0.09997134130837095,0.09997134130837095,False,False,0.010096202385588393,0.010096202385588393,0.0,1.0,-3.607388155532795e-17,9.901875724173399,0.47155545379213853
YULARA_COMBINED,Ridge,train,231,lag38:historical_ac_active_power,0.28876673585394835,0.28876673585394835,False,False,0.9999855768537349,0.20985740646186773,0.0,1.0,4.0152689753913323e-16,2.7362659733002226,11.677406369009251
YULARA_COMBINED,Ridge,train,232,lag38:ambient_temperature,0.2071713709518181,0.2071713709518181,False,False,0.9999855768537349,0.5387034704937995,0.0,1.0,-1.8364885155439682e-16,2.6002795078239163,28.921638399524554
YULARA_COMBINED,Ridge,train,233,lag38:global_horizontal_irradiance,0.23743300811458878,0.23743300811458878,False,False,0.9999855768537349,0.1757955237724519,0.0,1.0,3.996822104141449e-17,3.47131379403564,12.205723313486779
YULARA_COMBINED,Ridge,train,234,lag38:power_missing,0.006577808643541037,0.006577808643541037,False,False,4.3269438795378825e-05,4.3269438795378825e-05,0.0,1.0,-9.633366097161441e-18,152.01973556088384,0.27973975644422805
YULARA_COMBINED,Ridge,train,235,lag38:temperature_missing,0.007595344404710618,0.007595344404710618,False,False,5.76925850605051e-05,5.76925850605051e-05,0.0,1.0,5.790267920102356e-18,131.652003402871,0.6568530318553868
YULARA_COMBINED,Ridge,train,236,lag38:ghi_missing,0.007595344404710618,0.007595344404710618,False,False,5.76925850605051e-05,5.76925850605051e-05,0.0,1.0,5.790267920102356e-18,131.652003402871,0.6568530999871454
YULARA_COMBINED,Ridge,train,237,lag38:isolation_forest_flag,0.09997134130837095,0.09997134130837095,False,False,0.010096202385588393,0.010096202385588393,0.0,1.0,-3.607388155532795e-17,9.901875724173399,0.9035344668130305
YULARA_COMBINED,Ridge,train,238,lag37:historical_ac_active_power,0.2887607175553493,0.2887607175553493,False,False,0.9999855768537349,0.20985285223336425,0.0,1.0,3.8205520010870056e-16,2.736338773694803,10.083803824760425
YULARA_COMBINED,Ridge,train,239,lag37:ambient_temperature,0.20716506630458162,0.20716506630458162,False,False,0.9999855768537349,0.538701669123451,0.0,1.0,1.3445719488804053e-16,2.6003499467011113,12.430760986993429
YULARA_COMBINED,Ridge,train,240,lag37:global_horizontal_irradiance,0.23742614898016806,0.23742614898016806,False,False,0.9999855768537349,0.1757912180083257,0.0,1.0,-3.0744785416472684e-18,3.4714322138987295,10.610818636779834
YULARA_COMBINED,Ridge,train,241,lag37:power_missing,0.0065778086435410365,0.0065778086435410365,False,False,4.3269438795378825e-05,4.3269438795378825e-05,0.0,1.0,-8.403574680502533e-18,152.01973556088387,0.4100536944077685
YULARA_COMBINED,Ridge,train,242,lag37:temperature_missing,0.007595344404710618,0.007595344404710618,False,False,5.76925850605051e-05,5.76925850605051e-05,0.0,1.0,5.790267920102356e-18,131.652003402871,0.5904509008160413
YULARA_COMBINED,Ridge,train,243,lag37:ghi_missing,0.007595344404710618,0.007595344404710618,False,False,5.76925850605051e-05,5.76925850605051e-05,0.0,1.0,5.790267920102356e-18,131.652003402871,0.5904509301784774
YULARA_COMBINED,Ridge,train,244,lag37:isolation_forest_flag,0.09997134130837095,0.09997134130837095,False,False,0.010096202385588393,0.010096202385588393,0.0,1.0,-3.607388155532795e-17,9.901875724173399,0.7819353736829097
YULARA_COMBINED,Ridge,train,245,lag36:historical_ac_active_power,0.2887535645251291,0.2887535645251291,False,False,0.9999855768537349,0.20984747733672895,0.0,1.0,4.546128936915761e-16,2.7364251726648634,11.931179224692034
YULARA_COMBINED,Ridge,train,246,lag36:ambient_temperature,0.20715857668896467,0.20715857668896467,False,False,0.9999855768537349,0.5386998522428534,0.0,1.0,-8.526553822168424e-17,2.6004226368656544,11.962870292520764
YULARA_COMBINED,Ridge,train,247,lag36:global_horizontal_irradiance,0.2374195910091537,0.2374195910091537,False,False,0.9999855768537349,0.17578788673864892,0.0,1.0,6.804845838845954e-17,3.471542132466961,11.40732557924523
YULARA_COMBINED,Ridge,train,248,lag36:power_missing,0.0065778086435410365,0.0065778086435410365,False,False,4.3269438795378825e-05,4.3269438795378825e-05,0.0,1.0,-8.403574680502533e-18,152.01973556088387,0.3939386881613335
YULARA_COMBINED,Ridge,train,249,lag36:temperature_missing,0.007595344404710618,0.007595344404710618,False,False,5.76925850605051e-05,5.76925850605051e-05,0.0,1.0,5.790267920102356e-18,131.652003402871,0.5797688306640203
YULARA_COMBINED,Ridge,train,250,lag36:ghi_missing,0.007595344404710618,0.007595344404710618,False,False,5.76925850605051e-05,5.76925850605051e-05,0.0,1.0,5.790267920102356e-18,131.652003402871,0.5797687311340521
YULARA_COMBINED,Ridge,train,251,lag36:isolation_forest_flag,0.09997134130837095,0.09997134130837095,False,False,0.010096202385588393,0.010096202385588393,0.0,1.0,-2.2956106444299602e-17,9.901875724173399,0.6243294375456722
YULARA_COMBINED,Ridge,train,252,lag35:historical_ac_active_power,0.2887488522359905,0.2887488522359905,False,False,0.9999855768537349,0.20984946119455478,0.0,1.0,4.855626443441586e-16,2.736462959719979,9.43035691124384
YULARA_COMBINED,Ridge,train,253,lag35:ambient_temperature,0.20715202357810106,0.20715202357810106,False,False,0.9999855768537349,0.5386980663812496,0.0,1.0,-2.557966146650527e-16,2.600496278416262,11.913585645837856
YULARA_COMBINED,Ridge,train,254,lag35:global_horizontal_irradiance,0.23741185992597022,0.23741185992597022,False,False,0.9999855768537349,0.17578299931110042,0.0,1.0,4.8371795721917024e-17,3.4716757660965505,9.894049264062819
YULARA_COMBINED,Ridge,train,255,lag35:power_missing,0.0065778086435410365,0.0065778086435410365,False,False,4.3269438795378825e-05,4.3269438795378825e-05,0.0,1.0,-8.403574680502533e-18,152.01973556088387,0.4003600683282158
YULARA_COMBINED,Ridge,train,256,lag35:temperature_missing,0.007595344404710618,0.007595344404710618,False,False,5.76925850605051e-05,5.76925850605051e-05,0.0,1.0,5.790267920102356e-18,131.652003402871,0.5465303087010909
YULARA_COMBINED,Ridge,train,257,lag35:ghi_missing,0.007595344404710618,0.007595344404710618,False,False,5.76925850605051e-05,5.76925850605051e-05,0.0,1.0,5.790267920102356e-18,131.652003402871,0.5465303745991374
YULARA_COMBINED,Ridge,train,258,lag35:isolation_forest_flag,0.09997134130837096,0.09997134130837096,False,False,0.010096202385588393,0.010096202385588393,0.0,1.0,-4.9191656666356295e-17,9.901875724173397,0.6165133400064468
YULARA_COMBINED,Ridge,train,259,lag34:historical_ac_active_power,0.28874415295276434,0.28874415295276434,False,False,0.9999855768537349,0.20985074340257973,0.0,1.0,4.734696954136793e-16,2.7365030547533924,9.473986129877431
YULARA_COMBINED,Ridge,train,260,lag34:ambient_temperature,0.20714519466957898,0.20714519466957898,False,False,0.9999855768537349,0.5386963835502799,0.0,1.0,-1.1478053222149802e-16,2.600573884465745,35.089920280489714
YULARA_COMBINED,Ridge,train,261,lag34:global_horizontal_irradiance,0.23740522881269266,0.23740522881269266,False,False,0.9999855768537349,0.17578054360340145,0.0,1.0,-4.69370390691483e-17,3.471783079583681,9.252613079109548
YULARA_COMBINED,Ridge,train,262,lag34:power_missing,0.006577808643541036,0.006577808643541036,False,False,4.3269438795378825e-05,4.3269438795378825e-05,0.0,1.0,-7.173783263843626e-18,152.0197355608839,0.4133016878176741
YULARA_COMBINED,Ridge,train,263,lag34:temperature_missing,0.007595344404710618,0.007595344404710618,False,False,5.76925850605051e-05,5.76925850605051e-05,0.0,1.0,5.790267920102356e-18,131.652003402871,0.5114426305444003
YULARA_COMBINED,Ridge,train,264,lag34:ghi_missing,0.007595344404710618,0.007595344404710618,False,False,5.76925850605051e-05,5.76925850605051e-05,0.0,1.0,5.790267920102356e-18,131.652003402871,0.5114425698814488
YULARA_COMBINED,Ridge,train,265,lag34:isolation_forest_flag,0.09997134130837096,0.09997134130837096,False,False,0.010096202385588393,0.010096202385588393,0.0,1.0,-4.9191656666356295e-17,9.901875724173397,0.8920969048500771
YULARA_COMBINED,Ridge,train,266,lag33:historical_ac_active_power,0.28873813015368205,0.28873813015368205,False,False,0.9999855768537349,0.20984695710212875,0.0,1.0,4.1648935977514995e-16,2.7365732488373085,8.925231843549467
YULARA_COMBINED,Ridge,train,267,lag33:ambient_temperature,0.20713803723948843,0.20713803723948843,False,False,0.9999855768537349,0.5386948735459579,0.0,1.0,-3.9353325333085036e-17,2.600656454628518,21.56164383850009
YULARA_COMBINED,Ridge,train,268,lag33:global_horizontal_irradiance,0.23739790508537598,0.23739790508537598,False,False,0.9999855768537349,0.17577662017339576,0.0,1.0,-1.94716974304327e-17,3.471906710929849,8.818803474031945
YULARA_COMBINED,Ridge,train,269,lag33:power_missing,0.006577808643541036,0.006577808643541036,False,False,4.3269438795378825e-05,4.3269438795378825e-05,0.0,1.0,-7.173783263843626e-18,152.0197355608839,0.494338645989465
YULARA_COMBINED,Ridge,train,270,lag33:temperature_missing,0.007595344404710618,0.007595344404710618,False,False,5.76925850605051e-05,5.76925850605051e-05,0.0,1.0,5.790267920102356e-18,131.652003402871,0.334742839522644
YULARA_COMBINED,Ridge,train,271,lag33:ghi_missing,0.007595344404710618,0.007595344404710618,False,False,5.76925850605051e-05,5.76925850605051e-05,0.0,1.0,5.790267920102356e-18,131.652003402871,0.33474286736167347
YULARA_COMBINED,Ridge,train,272,lag33:isolation_forest_flag,0.09997134130837096,0.09997134130837096,False,False,0.010096202385588393,0.010096202385588393,0.0,1.0,-4.9191656666356295e-17,9.901875724173397,0.7414939378141385
YULARA_COMBINED,Ridge,train,273,lag32:historical_ac_active_power,0.2887318032691395,0.2887318032691395,False,False,0.9999855768537349,0.2098429235483936,0.0,1.0,4.550228241637957e-16,2.7366471843597595,7.410679950308365
YULARA_COMBINED,Ridge,train,274,lag32:ambient_temperature,0.2071303622357102,0.2071303622357102,False,False,0.9999855768537349,0.5386930400486947,0.0,1.0,1.3773663866579761e-16,2.6007439673941803,15.611606277453332
YULARA_COMBINED,Ridge,train,275,lag32:global_horizontal_irradiance,0.23739092394629782,0.23739092394629782,False,False,0.9999855768537349,0.17577359511995008,0.0,1.0,6.230943177738464e-17,3.4720215549036957,7.136743929151526
YULARA_COMBINED,Ridge,train,276,lag32:power_missing,0.006577808643541036,0.006577808643541036,False,False,4.3269438795378825e-05,4.3269438795378825e-05,0.0,1.0,-7.173783263843626e-18,152.0197355608839,0.5291527350943432
YULARA_COMBINED,Ridge,train,277,lag32:temperature_missing,0.007595344404710618,0.007595344404710618,False,False,5.76925850605051e-05,5.76925850605051e-05,0.0,1.0,5.790267920102356e-18,131.652003402871,0.40170877817374423
YULARA_COMBINED,Ridge,train,278,lag32:ghi_missing,0.007595344404710618,0.007595344404710618,False,False,5.76925850605051e-05,5.76925850605051e-05,0.0,1.0,5.790267920102356e-18,131.652003402871,0.40170883008754826
YULARA_COMBINED,Ridge,train,279,lag32:isolation_forest_flag,0.09997134130837096,0.09997134130837096,False,False,0.010096202385588393,0.010096202385588393,0.0,1.0,-4.9191656666356295e-17,9.901875724173397,0.758500290529318
YULARA_COMBINED,Ridge,train,280,lag31:historical_ac_active_power,0.2887243838769123,0.2887243838769123,False,False,0.9999855768537349,0.2098381172816124,0.0,1.0,4.1894894260846776e-16,2.736734154934576,6.923757846654295
YULARA_COMBINED,Ridge,train,281,lag31:ambient_temperature,0.20712235702383905,0.20712235702383905,False,False,0.9999855768537349,0.5386911212477481,0.0,1.0,-2.0988440177645352e-16,2.6008352212105557,17.405768254951287
YULARA_COMBINED,Ridge,train,282,lag31:global_horizontal_irradiance,0.2373823500208571,0.2373823500208571,False,False,0.9999855768537349,0.17576845665658977,0.0,1.0,-3.9353325333085036e-17,3.4721686059262233,5.511392953754289
YULARA_COMBINED,Ridge,train,283,lag31:power_missing,0.006577808643541036,0.006577808643541036,False,False,4.3269438795378825e-05,4.3269438795378825e-05,0.0,1.0,-7.173783263843626e-18,152.0197355608839,0.5532743801202836
YULARA_COMBINED,Ridge,train,284,lag31:temperature_missing,0.007595344404710618,0.007595344404710618,False,False,5.76925850605051e-05,5.76925850605051e-05,0.0,1.0,5.790267920102356e-18,131.652003402871,0.6469202095411914
YULARA_COMBINED,Ridge,train,285,lag31:ghi_missing,0.007595344404710618,0.007595344404710618,False,False,5.76925850605051e-05,5.76925850605051e-05,0.0,1.0,5.790267920102356e-18,131.652003402871,0.6469202129802394
YULARA_COMBINED,Ridge,train,286,lag31:isolation_forest_flag,0.09997134130837096,0.09997134130837096,False,False,0.010096202385588393,0.010096202385588393,0.0,1.0,-4.9191656666356295e-17,9.901875724173397,0.6142515869662417
YULARA_COMBINED,Ridge,train,287,lag30:historical_ac_active_power,0.28871691513377845,0.28871691513377845,False,False,0.9999855768537349,0.20983331845879535,0.0,1.0,3.8533464388645765e-16,2.736821572006188,7.649141679557847
YULARA_COMBINED,Ridge,train,288,lag30:ambient_temperature,0.20711455743963317,0.20711455743963317,False,False,0.9999855768537349,0.5386894339865989,0.0,1.0,1.90207739109911e-16,2.6009250177579064,22.138306469440266
YULARA_COMBINED,Ridge,train,289,lag30:global_horizontal_irradiance,0.2373736932720121,0.2373736932720121,False,False,0.9999855768537349,0.17576330130308276,0.0,1.0,-9.223435624941805e-19,3.4723169502713382,7.093585751806615
YULARA_COMBINED,Ridge,train,290,lag30:power_missing,0.006577808643541035,0.006577808643541035,False,False,4.3269438795378825e-05,4.3269438795378825e-05,0.0,1.0,-9.530883479106532e-18,152.0197355608839,0.6159158518156541
YULARA_COMBINED,Ridge,train,291,lag30:temperature_missing,0.007595344404710618,0.007595344404710618,False,False,5.76925850605051e-05,5.76925850605051e-05,0.0,1.0,3.7406155590041765e-18,131.652003402871,0.45774815569161836
YULARA_COMBINED,Ridge,train,292,lag30:ghi_missing,0.007595344404710618,0.007595344404710618,False,False,5.76925850605051e-05,5.76925850605051e-05,0.0,1.0,3.7406155590041765e-18,131.652003402871,0.4577481399228551
YULARA_COMBINED,Ridge,train,293,lag30:isolation_forest_flag,0.09997134130837096,0.09997134130837096,False,False,0.010096202385588393,0.010096202385588393,0.0,1.0,-4.9191656666356295e-17,9.901875724173397,0.5736811151179831
YULARA_COMBINED,Ridge,train,294,lag29:historical_ac_active_power,0.2887097464928708,0.2887097464928708,False,False,0.9999855768537349,0.20982882832384844,0.0,1.0,4.1402977694183213e-16,2.736905079495346,8.251447377341144
YULARA_COMBINED,Ridge,train,295,lag29:ambient_temperature,0.2071066022938369,0.2071066022938369,False,False,0.9999855768537349,0.5386877655592469,0.0,1.0,-2.0988440177645352e-16,2.6010168656766055,35.22978736353903
YULARA_COMBINED,Ridge,train,296,lag29:global_horizontal_irradiance,0.23736515398494032,0.23736515398494032,False,False,0.9999855768537349,0.17575831939523126,0.0,1.0,2.705541116649596e-17,3.4724628563511177,7.137398792020291
YULARA_COMBINED,Ridge,train,297,lag29:power_missing,0.006577808643541035,0.006577808643541035,False,False,4.3269438795378825e-05,4.3269438795378825e-05,0.0,1.0,-6.661370173569081e-18,152.0197355608839,0.5863486796125538
YULARA_COMBINED,Ridge,train,298,lag29:temperature_missing,0.007595344404710618,0.007595344404710618,False,False,5.76925850605051e-05,5.76925850605051e-05,0.0,1.0,3.7406155590041765e-18,131.652003402871,0.6142530536263038
YULARA_COMBINED,Ridge,train,299,lag29:ghi_missing,0.007595344404710618,0.007595344404710618,False,False,5.76925850605051e-05,5.76925850605051e-05,0.0,1.0,3.7406155590041765e-18,131.652003402871,0.6142530854829039
YULARA_COMBINED,Ridge,train,300,lag29:isolation_forest_flag,0.09997134130837096,0.09997134130837096,False,False,0.010096202385588393,0.010096202385588393,0.0,1.0,-4.9191656666356295e-17,9.901875724173397,0.45220220517120335
YULARA_COMBINED,Ridge,train,301,lag28:historical_ac_active_power,0.28870206690163686,0.28870206690163686,False,False,0.9999855768537349,0.2098239899044376,0.0,1.0,3.8861408766421473e-16,2.7369946414854796,9.061024178504058
YULARA_COMBINED,Ridge,train,302,lag28:ambient_temperature,0.2070986060415281,0.2070986060415281,False,False,0.9999855768537349,0.538686186868122,0.0,1.0,-1.8364885155439682e-16,2.601109670241348,34.43632107111173
YULARA_COMBINED,Ridge,train,303,lag28:global_horizontal_irradiance,0.23735643309541732,0.23735643309541732,False,False,0.9999855768537349,0.17575323777442356,0.0,1.0,-1.1580535840204711e-17,3.472611849935532,6.750078212964026
YULARA_COMBINED,Ridge,train,304,lag28:power_missing,0.006577808643541035,0.006577808643541035,False,False,4.3269438795378825e-05,4.3269438795378825e-05,0.0,1.0,-6.661370173569081e-18,152.0197355608839,0.5514597982572997
YULARA_COMBINED,Ridge,train,305,lag28:temperature_missing,0.007595344404710618,0.007595344404710618,False,False,5.76925850605051e-05,5.76925850605051e-05,0.0,1.0,3.7406155590041765e-18,131.652003402871,0.37679668405609734
YULARA_COMBINED,Ridge,train,306,lag28:ghi_missing,0.007595344404710618,0.007595344404710618,False,False,5.76925850605051e-05,5.76925850605051e-05,0.0,1.0,3.7406155590041765e-18,131.652003402871,0.37679667708063797
YULARA_COMBINED,Ridge,train,307,lag28:isolation_forest_flag,0.09997134130837096,0.09997134130837096,False,False,0.010096202385588393,0.010096202385588393,0.0,1.0,-4.9191656666356295e-17,9.901875724173397,0.5368446891638433
YULARA_COMBINED,Ridge,train,308,lag27:historical_ac_active_power,0.2886974550886215,0.2886974550886215,False,False,0.9999855768537349,0.20982214897593096,0.0,1.0,4.1402977694183213e-16,2.7370447404238742,9.231113901705168
YULARA_COMBINED,Ridge,train,309,lag27:ambient_temperature,0.20709048911346947,0.20709048911346947,False,False,0.9999855768537349,0.5386845804806917,0.0,1.0,-1.2461886355476928e-16,2.601203864005239,19.930596658199153
YULARA_COMBINED,Ridge,train,310,lag27:global_horizontal_irradiance,0.2373478236418671,0.2373478236418671,False,False,0.9999855768537349,0.17574829029110642,0.0,1.0,-7.583713736063262e-18,3.4727586588390325,8.984355768709943
YULARA_COMBINED,Ridge,train,311,lag27:power_missing,0.006577808643541035,0.006577808643541035,False,False,4.3269438795378825e-05,4.3269438795378825e-05,0.0,1.0,-7.071300645788718e-18,152.0197355608839,0.5549644286023592
YULARA_COMBINED,Ridge,train,312,lag27:temperature_missing,0.007595344404710619,0.007595344404710619,False,False,5.76925850605051e-05,5.76925850605051e-05,0.0,1.0,3.7406155590041765e-18,131.652003402871,0.4765509017713374
YULARA_COMBINED,Ridge,train,313,lag27:ghi_missing,0.007595344404710619,0.007595344404710619,False,False,5.76925850605051e-05,5.76925850605051e-05,0.0,1.0,3.7406155590041765e-18,131.652003402871,0.47655089144063567
YULARA_COMBINED,Ridge,train,314,lag27:isolation_forest_flag,0.09997134130837096,0.09997134130837096,False,False,0.010096202385588393,0.010096202385588393,0.0,1.0,-4.9191656666356295e-17,9.901875724173397,0.6536407137265661
YULARA_COMBINED,Ridge,train,315,lag26:historical_ac_active_power,0.2886883870788515,0.2886883870788515,False,False,0.9999855768537349,0.20981639970599714,0.0,1.0,4.525632413304779e-16,2.7371506290558703,10.036173515330555
YULARA_COMBINED,Ridge,train,316,lag26:ambient_temperature,0.20708252202146785,0.20708252202146785,False,False,0.9999855768537349,0.5386829596900736,0.0,1.0,-3.2138549022019445e-16,2.6012961134123596,22.161986563222143
YULARA_COMBINED,Ridge,train,317,lag26:global_horizontal_irradiance,0.23734113841764726,0.23734113841764726,False,False,0.9999855768537349,0.17574681589662833,0.0,1.0,-1.731956245127961e-17,3.4728626886963863,7.1755146436781
YULARA_COMBINED,Ridge,train,318,lag26:power_missing,0.006577808643541034,0.006577808643541034,False,False,4.3269438795378825e-05,4.3269438795378825e-05,0.0,1.0,-5.84150922912981e-18,152.01973556088393,0.49011018773946347
YULARA_COMBINED,Ridge,train,319,lag26:temperature_missing,0.007595344404710619,0.007595344404710619,False,False,5.76925850605051e-05,5.76925850605051e-05,0.0,1.0,4.150546031223812e-18,131.652003402871,0.6973011354851701
YULARA_COMBINED,Ridge,train,320,lag26:ghi_missing,0.007595344404710619,0.007595344404710619,False,False,5.76925850605051e-05,5.76925850605051e-05,0.0,1.0,4.150546031223812e-18,131.652003402871,0.6973011147371613
YULARA_COMBINED,Ridge,train,321,lag26:isolation_forest_flag,0.09997134130837096,0.09997134130837096,False,False,0.010096202385588393,0.010096202385588393,0.0,1.0,-4.9191656666356295e-17,9.901875724173397,1.0148354420610743
YULARA_COMBINED,Ridge,train,322,lag25:historical_ac_active_power,0.28868178396491384,0.28868178396491384,False,False,0.9999855768537349,0.209812532133116,0.0,1.0,3.7385659066430785e-16,2.737226634164499,10.44353225633651
YULARA_COMBINED,Ridge,train,323,lag25:ambient_temperature,0.2070745563745118,0.2070745563745118,False,False,0.9999855768537349,0.5386816402359111,0.0,1.0,2.557966146650527e-16,2.6013898069720356,17.682746592740973
YULARA_COMBINED,Ridge,train,324,lag25:global_horizontal_irradiance,0.23733273627277365,0.23733273627277365,False,False,0.9999855768537349,0.17574210794713205,0.0,1.0,-2.4698310951233056e-17,3.4730054732336777,6.592903837342186
YULARA_COMBINED,Ridge,train,325,lag25:power_missing,0.006577808643541034,0.006577808643541034,False,False,4.3269438795378825e-05,4.3269438795378825e-05,0.0,1.0,-6.251439701349446e-18,152.01973556088393,0.6269429272865116
YULARA_COMBINED,Ridge,train,326,lag25:temperature_missing,0.007595344404710619,0.007595344404710619,False,False,5.76925850605051e-05,5.76925850605051e-05,0.0,1.0,4.150546031223812e-18,131.652003402871,0.6232903406318613
YULARA_COMBINED,Ridge,train,327,lag25:ghi_missing,0.007595344404710619,0.007595344404710619,False,False,5.76925850605051e-05,5.76925850605051e-05,0.0,1.0,4.150546031223812e-18,131.652003402871,0.6232904017218075
YULARA_COMBINED,Ridge,train,328,lag25:isolation_forest_flag,0.09997134130837096,0.09997134130837096,False,False,0.010096202385588393,0.010096202385588393,0.0,1.0,-4.9191656666356295e-17,9.901875724173397,1.3061279509513082
YULARA_COMBINED,Ridge,train,329,lag24:historical_ac_active_power,0.28867261427172136,0.28867261427172136,False,False,0.9999855768537349,0.20980688148272733,0.0,1.0,4.542029632193565e-16,2.7373331568386354,12.738295859098262
YULARA_COMBINED,Ridge,train,330,lag24:ambient_temperature,0.20706660048068842,0.20706660048068842,False,False,0.9999855768537349,0.5386804692334899,0.0,1.0,1.1150108844374094e-16,2.6014841021342243,20.694900934410352
YULARA_COMBINED,Ridge,train,331,lag24:global_horizontal_irradiance,0.23732525203694774,0.23732525203694774,False,False,0.9999855768537349,0.1757383863690909,0.0,1.0,4.283773434695194e-17,3.473130678494275,7.539732584832339
YULARA_COMBINED,Ridge,train,332,lag24:power_missing,0.006577808643541034,0.006577808643541034,False,False,4.3269438795378825e-05,4.3269438795378825e-05,0.0,1.0,-6.251439701349446e-18,152.01973556088393,0.6023614951878089
YULARA_COMBINED,Ridge,train,333,lag24:temperature_missing,0.007595344404710619,0.007595344404710619,False,False,5.76925850605051e-05,5.76925850605051e-05,0.0,1.0,2.1008936701256333e-18,131.652003402871,0.543636259894402
YULARA_COMBINED,Ridge,train,334,lag24:ghi_missing,0.007595344404710619,0.007595344404710619,False,False,5.76925850605051e-05,5.76925850605051e-05,0.0,1.0,2.1008936701256333e-18,131.652003402871,0.5436362196906038
YULARA_COMBINED,Ridge,train,335,lag24:isolation_forest_flag,0.09997134130837096,0.09997134130837096,False,False,0.010096202385588393,0.010096202385588393,0.0,1.0,-4.9191656666356295e-17,9.901875724173397,1.250975949260864
YULARA_COMBINED,Ridge,train,336,lag23:historical_ac_active_power,0.2886644819265653,0.2886644819265653,False,False,0.9999855768537349,0.20980194895205517,0.0,1.0,3.976325580530467e-16,2.737427361253842,14.758008525580465
YULARA_COMBINED,Ridge,train,337,lag23:ambient_temperature,0.20705808621912838,0.20705808621912838,False,False,0.9999855768537349,0.5386790722300164,0.0,1.0,-2.557966146650527e-16,2.6015843286600044,20.425750987485355
YULARA_COMBINED,Ridge,train,338,lag23:global_horizontal_irradiance,0.2373170862257825,0.2373170862257825,False,False,0.9999855768537349,0.1757338416168903,0.0,1.0,7.993644208282897e-18,3.4732693355206052,5.490957694497423
YULARA_COMBINED,Ridge,train,339,lag23:power_missing,0.006577808643541034,0.006577808643541034,False,False,4.3269438795378825e-05,4.3269438795378825e-05,0.0,1.0,-6.251439701349446e-18,152.01973556088393,0.5885060366479601
YULARA_COMBINED,Ridge,train,340,lag23:temperature_missing,0.007595344404710619,0.007595344404710619,False,False,5.76925850605051e-05,5.76925850605051e-05,0.0,1.0,2.510824142345269e-18,131.652003402871,0.38636158224042666
YULARA_COMBINED,Ridge,train,341,lag23:ghi_missing,0.007595344404710619,0.007595344404710619,False,False,5.76925850605051e-05,5.76925850605051e-05,0.0,1.0,2.510824142345269e-18,131.652003402871,0.3863615842947267
YULARA_COMBINED,Ridge,train,342,lag23:isolation_forest_flag,0.09997134130837097,0.09997134130837097,False,False,0.010096202385588393,0.010096202385588393,0.0,1.0,-2.4595828333178147e-17,9.901875724173397,0.4799388126308939
YULARA_COMBINED,Ridge,train,343,lag22:historical_ac_active_power,0.2886559903582352,0.2886559903582352,False,False,0.9999855768537349,0.20979666585000142,0.0,1.0,4.796186524969739e-16,2.73752619223083,18.467172396507564
YULARA_COMBINED,Ridge,train,344,lag22:ambient_temperature,0.2070494373886582,0.2070494373886582,False,False,0.9999855768537349,0.5386776563927457,0.0,1.0,3.0170882755365195e-16,2.601686163394779,25.98038298654869
YULARA_COMBINED,Ridge,train,345,lag22:global_horizontal_irradiance,0.23730827737207916,0.23730827737207916,False,False,0.9999855768537349,0.17572868329068808,0.0,1.0,2.1726315027640696e-17,3.4734199996611355,6.798511628605197
YULARA_COMBINED,Ridge,train,346,lag22:power_missing,0.006577808643541033,0.006577808643541033,False,False,4.3269438795378825e-05,4.3269438795378825e-05,0.0,1.0,-5.021648284690538e-18,152.01973556088396,0.5961455525948849
YULARA_COMBINED,Ridge,train,347,lag22:temperature_missing,0.007595344404710619,0.007595344404710619,False,False,5.76925850605051e-05,5.76925850605051e-05,0.0,1.0,2.510824142345269e-18,131.652003402871,0.42879335081728337
YULARA_COMBINED,Ridge,train,348,lag22:ghi_missing,0.007595344404710619,0.007595344404710619,False,False,5.76925850605051e-05,5.76925850605051e-05,0.0,1.0,2.510824142345269e-18,131.652003402871,0.4287933343708026
YULARA_COMBINED,Ridge,train,349,lag22:isolation_forest_flag,0.09997134130837097,0.09997134130837097,False,False,0.010096202385588393,0.010096202385588393,0.0,1.0,-2.4595828333178147e-17,9.901875724173397,0.5697271356575352
YULARA_COMBINED,Ridge,train,350,lag21:historical_ac_active_power,0.28864826790580617,0.28864826790580617,False,False,0.9999855768537349,0.20979195038763848,0.0,1.0,3.6401825933103655e-16,2.7376157679568274,15.235727815904488
YULARA_COMBINED,Ridge,train,351,lag21:ambient_temperature,0.20704043342324088,0.20704043342324088,False,False,0.9999855768537349,0.5386761009660272,0.0,1.0,1.410160824435547e-16,2.6017917952521024,19.43215784355657
YULARA_COMBINED,Ridge,train,352,lag21:global_horizontal_irradiance,0.2372995977354347,0.2372995977354347,False,False,0.9999855768537349,0.1757235946418693,0.0,1.0,-1.0555709659655621e-17,3.4735684898931707,6.480499961150917
YULARA_COMBINED,Ridge,train,353,lag21:power_missing,0.006577808643541034,0.006577808643541034,False,False,4.3269438795378825e-05,4.3269438795378825e-05,0.0,1.0,-6.661370173569081e-18,152.01973556088393,0.6783191115762619
YULARA_COMBINED,Ridge,train,354,lag21:temperature_missing,0.007595344404710619,0.007595344404710619,False,False,5.76925850605051e-05,5.76925850605051e-05,0.0,1.0,2.510824142345269e-18,131.652003402871,0.36877889331220054
YULARA_COMBINED,Ridge,train,355,lag21:ghi_missing,0.007595344404710619,0.007595344404710619,False,False,5.76925850605051e-05,5.76925850605051e-05,0.0,1.0,2.510824142345269e-18,131.652003402871,0.3687789197719939
YULARA_COMBINED,Ridge,train,356,lag21:isolation_forest_flag,0.09997134130837097,0.09997134130837097,False,False,0.010096202385588393,0.010096202385588393,0.0,1.0,-3.7713603444206494e-17,9.901875724173397,0.626614949282769
YULARA_COMBINED,Ridge,train,357,lag20:historical_ac_active_power,0.28864003211505246,0.28864003211505246,False,False,0.9999855768537349,0.20978690226133595,0.0,1.0,3.857445743586773e-16,2.737711369931125,18.45279341377041
YULARA_COMBINED,Ridge,train,358,lag20:ambient_temperature,0.20703139916928953,0.20703139916928953,False,False,0.9999855768537349,0.5386747250115481,0.0,1.0,-1.9676662666542518e-17,2.6018986838371987,20.832214019147095
YULARA_COMBINED,Ridge,train,359,lag20:global_horizontal_irradiance,0.23729090317395857,0.23729090317395857,False,False,0.9999855768537349,0.17571846220509274,0.0,1.0,-7.173783263843626e-18,3.4737173940065644,6.822834525289765
YULARA_COMBINED,Ridge,train,360,lag20:power_missing,0.006577808643541033,0.006577808643541033,False,False,4.3269438795378825e-05,4.3269438795378825e-05,0.0,1.0,-5.431578756910174e-18,152.01973556088396,0.613667574048082
YULARA_COMBINED,Ridge,train,361,lag20:temperature_missing,0.007595344404710619,0.007595344404710619,False,False,5.76925850605051e-05,5.76925850605051e-05,0.0,1.0,2.510824142345269e-18,131.652003402871,0.4154015555701652
YULARA_COMBINED,Ridge,train,362,lag20:ghi_missing,0.007595344404710619,0.007595344404710619,False,False,5.76925850605051e-05,5.76925850605051e-05,0.0,1.0,2.510824142345269e-18,131.652003402871,0.4154015630406685
YULARA_COMBINED,Ridge,train,363,lag20:isolation_forest_flag,0.09997134130837097,0.09997134130837097,False,False,0.010096202385588393,0.010096202385588393,0.0,1.0,-2.4595828333178147e-17,9.901875724173397,1.5929646166907525
YULARA_COMBINED,Ridge,train,364,lag19:historical_ac_active_power,0.2886321545772447,0.2886321545772447,False,False,0.9999855768537349,0.2097820461269956,0.0,1.0,4.218184559140052e-16,2.7378029139907336,18.282295667499692
YULARA_COMBINED,Ridge,train,365,lag19:ambient_temperature,0.20702251302959326,0.20702251302959326,False,False,0.9999855768537349,0.5386734465500325,0.0,1.0,6.886831933289881e-17,2.6020041910757343,25.41807004525761
YULARA_COMBINED,Ridge,train,366,lag19:global_horizontal_irradiance,0.23728222987084965,0.23728222987084965,False,False,0.9999855768537349,0.1757133027904804,0.0,1.0,7.891161590227989e-18,3.473866111500093,8.20490874221691
YULARA_COMBINED,Ridge,train,367,lag19:power_missing,0.006577808643541032,0.006577808643541032,False,False,4.3269438795378825e-05,4.3269438795378825e-05,0.0,1.0,-5.431578756910174e-18,152.01973556088396,0.6115450665921831
YULARA_COMBINED,Ridge,train,368,lag19:temperature_missing,0.007595344404710619,0.007595344404710619,False,False,5.76925850605051e-05,5.76925850605051e-05,0.0,1.0,2.510824142345269e-18,131.652003402871,0.3801101456032864
YULARA_COMBINED,Ridge,train,369,lag19:ghi_missing,0.007595344404710619,0.007595344404710619,False,False,5.76925850605051e-05,5.76925850605051e-05,0.0,1.0,2.510824142345269e-18,131.652003402871,0.3801101603946598
YULARA_COMBINED,Ridge,train,370,lag19:isolation_forest_flag,0.09997134130837097,0.09997134130837097,False,False,0.010096202385588393,0.010096202385588393,0.0,1.0,-2.4595828333178147e-17,9.901875724173397,1.090499692498127
YULARA_COMBINED,Ridge,train,371,lag18:historical_ac_active_power,0.28862420469188677,0.28862420469188677,False,False,0.9999855768537349,0.20977696912672497,0.0,1.0,4.2550783016398193e-16,2.737895914574653,19.881417245035664
YULARA_COMBINED,Ridge,train,372,lag18:ambient_temperature,0.20701383892547814,0.20701383892547814,False,False,0.9999855768537349,0.5386723298353099,0.0,1.0,-2.1972273310972477e-16,2.6021078234736943,35.805613409538
YULARA_COMBINED,Ridge,train,373,lag18:global_horizontal_irradiance,0.23727370697278094,0.23727370697278094,False,False,0.9999855768537349,0.17570814383554512,0.0,1.0,-4.0173186277524307e-17,3.4740126357911802,7.60019642492359
YULARA_COMBINED,Ridge,train,374,lag18:power_missing,0.006577808643541032,0.006577808643541032,False,False,4.3269438795378825e-05,4.3269438795378825e-05,0.0,1.0,-5.431578756910174e-18,152.01973556088396,0.5457667681655813
YULARA_COMBINED,Ridge,train,375,lag18:temperature_missing,0.007595344404710619,0.007595344404710619,False,False,5.76925850605051e-05,5.76925850605051e-05,0.0,1.0,2.510824142345269e-18,131.652003402871,0.4891879357777907
YULARA_COMBINED,Ridge,train,376,lag18:ghi_missing,0.007595344404710619,0.007595344404710619,False,False,5.76925850605051e-05,5.76925850605051e-05,0.0,1.0,2.510824142345269e-18,131.652003402871,0.4891879606564275
YULARA_COMBINED,Ridge,train,377,lag18:isolation_forest_flag,0.09997134130837099,0.09997134130837099,False,False,0.010096202385588393,0.010096202385588393,0.0,1.0,3.033485494425305e-17,9.901875724173395,0.7172847021577755
YULARA_COMBINED,Ridge,train,378,lag17:historical_ac_active_power,0.2886177443281405,0.2886177443281405,False,False,0.9999855768537349,0.20977285263256362,0.0,1.0,4.009120018308038e-16,2.737971461896664,16.582378428545894
YULARA_COMBINED,Ridge,train,379,lag17:ambient_temperature,0.2070052842548706,0.2070052842548706,False,False,0.9999855768537349,0.5386711765609139,0.0,1.0,-6.558887555514172e-18,2.602209786575724,28.10861997289903
YULARA_COMBINED,Ridge,train,380,lag17:global_horizontal_irradiance,0.23726512605890512,0.23726512605890512,False,False,0.9999855768537349,0.17570283514103818,0.0,1.0,1.731956245127961e-17,3.4741606512130905,8.400390826283335
YULARA_COMBINED,Ridge,train,381,lag17:power_missing,0.006577808643541032,0.006577808643541032,False,False,4.3269438795378825e-05,4.3269438795378825e-05,0.0,1.0,-5.431578756910174e-18,152.01973556088396,0.5489221622007473
YULARA_COMBINED,Ridge,train,382,lag17:temperature_missing,0.007595344404710619,0.007595344404710619,False,False,5.76925850605051e-05,5.76925850605051e-05,0.0,1.0,2.510824142345269e-18,131.652003402871,0.4228023748979654
YULARA_COMBINED,Ridge,train,383,lag17:ghi_missing,0.007595344404710619,0.007595344404710619,False,False,5.76925850605051e-05,5.76925850605051e-05,0.0,1.0,2.510824142345269e-18,131.652003402871,0.4228023414964467
YULARA_COMBINED,Ridge,train,384,lag17:isolation_forest_flag,0.09997134130837099,0.09997134130837099,False,False,0.010096202385588393,0.010096202385588393,0.0,1.0,3.033485494425305e-17,9.901875724173395,0.8965441046672605
YULARA_COMBINED,Ridge,train,385,lag16:historical_ac_active_power,0.2886075143549746,0.2886075143549746,False,False,0.9999855768537349,0.2097663083763521,0.0,1.0,4.28787273941739e-16,2.738091187229779,18.467994043302184
YULARA_COMBINED,Ridge,train,386,lag16:ambient_temperature,0.2069963713278939,0.2069963713278939,False,False,0.9999855768537349,0.5386700421188106,0.0,1.0,1.1150108844374094e-16,2.6023163530027635,24.972730727432086
YULARA_COMBINED,Ridge,train,387,lag16:global_horizontal_irradiance,0.23725646890572347,0.23725646890572347,False,False,0.9999855768537349,0.17569736877563294,0.0,1.0,-2.3058589062354514e-17,3.4743104583247972,8.402421338654339
YULARA_COMBINED,Ridge,train,388,lag16:power_missing,0.006577808643541032,0.006577808643541032,False,False,4.3269438795378825e-05,4.3269438795378825e-05,0.0,1.0,-5.431578756910174e-18,152.01973556088396,0.5165848031630977
YULARA_COMBINED,Ridge,train,389,lag16:temperature_missing,0.007595344404710619,0.007595344404710619,False,False,5.76925850605051e-05,5.76925850605051e-05,0.0,1.0,2.510824142345269e-18,131.652003402871,0.449109592353794
YULARA_COMBINED,Ridge,train,390,lag16:ghi_missing,0.007595344404710619,0.007595344404710619,False,False,5.76925850605051e-05,5.76925850605051e-05,0.0,1.0,2.510824142345269e-18,131.652003402871,0.44910958193577166
YULARA_COMBINED,Ridge,train,391,lag16:isolation_forest_flag,0.09997134130837099,0.09997134130837099,False,False,0.010096202385588393,0.010096202385588393,0.0,1.0,3.033485494425305e-17,9.901875724173395,0.6298936942901832
YULARA_COMBINED,Ridge,train,392,lag15:historical_ac_active_power,0.288598403701942,0.288598403701942,False,False,0.9999855768537349,0.20976035073918825,0.0,1.0,4.611717812470902e-16,2.738198268334685,19.50995966643194
YULARA_COMBINED,Ridge,train,393,lag15:ambient_temperature,0.20698757646656937,0.20698757646656937,False,False,0.9999855768537349,0.5386691004442135,0.0,1.0,8.198609444392716e-17,2.6024223754859706,20.425882463682715
YULARA_COMBINED,Ridge,train,394,lag15:global_horizontal_irradiance,0.23724760633083036,0.23724760633083036,False,False,0.9999855768537349,0.1756916288361859,0.0,1.0,6.056722727045119e-17,3.4744644378597265,11.63790126461501
YULARA_COMBINED,Ridge,train,395,lag15:power_missing,0.006577808643541032,0.006577808643541032,False,False,4.3269438795378825e-05,4.3269438795378825e-05,0.0,1.0,-5.431578756910174e-18,152.01973556088396,0.4428062169496316
YULARA_COMBINED,Ridge,train,396,lag15:temperature_missing,0.007595344404710619,0.007595344404710619,False,False,5.76925850605051e-05,5.76925850605051e-05,0.0,1.0,2.510824142345269e-18,131.652003402871,0.37833370964560464
YULARA_COMBINED,Ridge,train,397,lag15:ghi_missing,0.007595344404710619,0.007595344404710619,False,False,5.76925850605051e-05,5.76925850605051e-05,0.0,1.0,2.510824142345269e-18,131.652003402871,0.37833368383898625
YULARA_COMBINED,Ridge,train,398,lag15:isolation_forest_flag,0.09997134130837099,0.09997134130837099,False,False,0.010096202385588393,0.010096202385588393,0.0,1.0,3.033485494425305e-17,9.901875724173395,0.580372520848771
YULARA_COMBINED,Ridge,train,399,lag14:historical_ac_active_power,0.28859002526689387,0.28859002526689387,False,False,0.9999855768537349,0.20975463536666705,0.0,1.0,4.624015726637492e-16,2.738297569025465,22.771851386861854
YULARA_COMBINED,Ridge,train,400,lag14:ambient_temperature,0.20697857351508717,0.20697857351508717,False,False,0.9999855768537349,0.5386680081022481,0.0,1.0,4.263276911084212e-17,2.6025302955476373,20.79062547303968
YULARA_COMBINED,Ridge,train,401,lag14:global_horizontal_irradiance,0.23723896785813364,0.23723896785813364,False,False,0.9999855768537349,0.17568589237967144,0.0,1.0,1.5372392708236342e-18,3.4746151320016683,12.898771280165215
YULARA_COMBINED,Ridge,train,402,lag14:power_missing,0.006577808643541032,0.006577808643541032,False,False,4.3269438795378825e-05,4.3269438795378825e-05,0.0,1.0,-5.431578756910174e-18,152.01973556088396,0.41993100282935664
YULARA_COMBINED,Ridge,train,403,lag14:temperature_missing,0.007595344404710619,0.007595344404710619,False,False,5.76925850605051e-05,5.76925850605051e-05,0.0,1.0,2.920754614564905e-18,131.652003402871,0.33718233391340957
YULARA_COMBINED,Ridge,train,404,lag14:ghi_missing,0.007595344404710619,0.007595344404710619,False,False,5.76925850605051e-05,5.76925850605051e-05,0.0,1.0,2.920754614564905e-18,131.652003402871,0.3371823804374658
YULARA_COMBINED,Ridge,train,405,lag14:isolation_forest_flag,0.09997134130837099,0.09997134130837099,False,False,0.010096202385588393,0.010096202385588393,0.0,1.0,3.033485494425305e-17,9.901875724173395,0.6671821787320249
YULARA_COMBINED,Ridge,train,406,lag13:historical_ac_active_power,0.2885846785347169,0.2885846785347169,False,False,0.9999855768537349,0.20975080845085609,0.0,1.0,3.656579812199151e-16,2.7383615636201437,21.389572342901474
YULARA_COMBINED,Ridge,train,407,lag13:ambient_temperature,0.20696949967717196,0.20696949967717196,False,False,0.9999855768537349,0.5386667229919171,0.0,1.0,-2.1972273310972477e-16,2.602638185008524,23.307067917728034
YULARA_COMBINED,Ridge,train,408,lag13:global_horizontal_irradiance,0.23723228091753287,0.23723228091753287,False,False,0.9999855768537349,0.17568148307335055,0.0,1.0,7.307010667315008e-17,3.474731658518263,13.56387737745471
YULARA_COMBINED,Ridge,train,409,lag13:power_missing,0.006577808643541032,0.006577808643541032,False,False,4.3269438795378825e-05,4.3269438795378825e-05,0.0,1.0,-5.431578756910174e-18,152.01973556088396,0.3215731876968906
YULARA_COMBINED,Ridge,train,410,lag13:temperature_missing,0.007595344404710619,0.007595344404710619,False,False,5.76925850605051e-05,5.76925850605051e-05,0.0,1.0,2.920754614564905e-18,131.652003402871,0.3257100195088571
YULARA_COMBINED,Ridge,train,411,lag13:ghi_missing,0.007595344404710619,0.007595344404710619,False,False,5.76925850605051e-05,5.76925850605051e-05,0.0,1.0,2.920754614564905e-18,131.652003402871,0.3257100149288929
YULARA_COMBINED,Ridge,train,412,lag13:isolation_forest_flag,0.09997134130837099,0.09997134130837099,False,False,0.010096202385588393,0.010096202385588393,0.0,1.0,3.033485494425305e-17,9.901875724173395,0.9186947648249774
YULARA_COMBINED,Ridge,train,413,lag12:historical_ac_active_power,0.28858029236912053,0.28858029236912053,False,False,0.9999855768537349,0.20974755669670558,0.0,1.0,3.8410485246979874e-16,2.7384144524065057,23.66963653917407
YULARA_COMBINED,Ridge,train,414,lag12:ambient_temperature,0.2069602706992729,0.2069602706992729,False,False,0.9999855768537349,0.5386652052338675,0.0,1.0,-2.9842938377589486e-16,2.60274691086283,22.363714262075263
YULARA_COMBINED,Ridge,train,415,lag12:global_horizontal_irradiance,0.23722469006402716,0.23722469006402716,False,False,0.9999855768537349,0.17567615050195753,0.0,1.0,1.7729492923499246e-17,3.4748653239911778,10.992133225930262
YULARA_COMBINED,Ridge,train,416,lag12:power_missing,0.006577808643541031,0.006577808643541031,False,False,4.3269438795378825e-05,4.3269438795378825e-05,0.0,1.0,-5.124130902745447e-18,152.019735560884,0.36498228379922887
YULARA_COMBINED,Ridge,train,417,lag12:temperature_missing,0.007595344404710619,0.007595344404710619,False,False,5.76925850605051e-05,5.76925850605051e-05,0.0,1.0,2.920754614564905e-18,131.652003402871,0.3731905831233306
YULARA_COMBINED,Ridge,train,418,lag12:ghi_missing,0.007595344404710619,0.007595344404710619,False,False,5.76925850605051e-05,5.76925850605051e-05,0.0,1.0,2.920754614564905e-18,131.652003402871,0.3731905737437917
YULARA_COMBINED,Ridge,train,419,lag12:isolation_forest_flag,0.09997134130837099,0.09997134130837099,False,False,0.010096202385588393,0.010096202385588393,0.0,1.0,3.033485494425305e-17,9.901875724173395,0.8435276543120639
YULARA_COMBINED,Ridge,train,420,lag11:historical_ac_active_power,0.2885760746625883,0.2885760746625883,False,False,0.9999855768537349,0.20974427966729137,0.0,1.0,4.591221288859921e-16,2.7384658317800574,25.041196013702052
YULARA_COMBINED,Ridge,train,421,lag11:ambient_temperature,0.2069511982388619,0.2069511982388619,False,False,0.9999855768537349,0.5386637428662794,0.0,1.0,1.2789830733252636e-16,2.602853945520802,24.03355126011466
YULARA_COMBINED,Ridge,train,422,lag11:global_horizontal_irradiance,0.23721843330120623,0.23721843330120623,False,False,0.9999855768537349,0.17567166371947945,0.0,1.0,-2.2956106444299602e-17,3.474975889558448,14.153198919122636
YULARA_COMBINED,Ridge,train,423,lag11:power_missing,0.006577808643541031,0.006577808643541031,False,False,4.3269438795378825e-05,4.3269438795378825e-05,0.0,1.0,-5.943991847184719e-18,152.019735560884,0.37649005168538346
YULARA_COMBINED,Ridge,train,424,lag11:temperature_missing,0.007595344404710619,0.007595344404710619,False,False,5.76925850605051e-05,5.76925850605051e-05,0.0,1.0,2.920754614564905e-18,131.652003402871,0.31562525253206253
YULARA_COMBINED,Ridge,train,425,lag11:ghi_missing,0.007595344404710619,0.007595344404710619,False,False,5.76925850605051e-05,5.76925850605051e-05,0.0,1.0,2.920754614564905e-18,131.652003402871,0.3156252471757918
YULARA_COMBINED,Ridge,train,426,lag11:isolation_forest_flag,0.09997134130837099,0.09997134130837099,False,False,0.010096202385588393,0.010096202385588393,0.0,1.0,3.033485494425305e-17,9.901875724173395,1.3422412174220357
YULARA_COMBINED,Ridge,train,427,lag10:historical_ac_active_power,0.2885679236597996,0.2885679236597996,False,False,0.9999855768537349,0.20973813394019858,0.0,1.0,4.3288657866393537e-16,2.7385644808931096,28.120728118587348
YULARA_COMBINED,Ridge,train,428,lag10:ambient_temperature,0.20694216291522483,0.20694216291522483,False,False,0.9999855768537349,0.5386622838228842,0.0,1.0,-1.6069274511009723e-16,2.602960538513124,37.215661264333214
YULARA_COMBINED,Ridge,train,429,lag10:global_horizontal_irradiance,0.2372126292864377,0.2372126292864377,False,False,0.9999855768537349,0.17566732144832234,0.0,1.0,4.078808198585376e-17,3.4750792191434465,11.940762380369252
YULARA_COMBINED,Ridge,train,430,lag10:power_missing,0.006577808643541031,0.006577808643541031,False,False,4.3269438795378825e-05,4.3269438795378825e-05,0.0,1.0,-5.943991847184719e-18,152.019735560884,0.4532411837925001
YULARA_COMBINED,Ridge,train,431,lag10:temperature_missing,0.007595344404710619,0.007595344404710619,False,False,5.76925850605051e-05,5.76925850605051e-05,0.0,1.0,2.920754614564905e-18,131.652003402871,0.40462646931869317
YULARA_COMBINED,Ridge,train,432,lag10:ghi_missing,0.007595344404710619,0.007595344404710619,False,False,5.76925850605051e-05,5.76925850605051e-05,0.0,1.0,2.920754614564905e-18,131.652003402871,0.4046265218700887
YULARA_COMBINED,Ridge,train,433,lag10:isolation_forest_flag,0.09997134130837099,0.09997134130837099,False,False,0.010096202385588393,0.010096202385588393,0.0,1.0,3.033485494425305e-17,9.901875724173395,0.6251636675650261
YULARA_COMBINED,Ridge,train,434,lag9:historical_ac_active_power,0.2885631000981099,0.2885631000981099,False,False,0.9999855768537349,0.2097339521002482,0.0,1.0,4.410851881083281e-16,2.7386247501190053,27.800087616338747
YULARA_COMBINED,Ridge,train,435,lag9:ambient_temperature,0.2069328886142752,0.2069328886142752,False,False,0.9999855768537349,0.5386605987767172,0.0,1.0,2.2956106444299605e-16,2.6030690548218534,25.895692091072675
YULARA_COMBINED,Ridge,train,436,lag9:global_horizontal_irradiance,0.23720553767045394,0.23720553767045394,False,False,0.9999855768537349,0.1756617994232125,0.0,1.0,6.138708821489046e-17,3.4752063913534266,14.436989793870767
YULARA_COMBINED,Ridge,train,437,lag9:power_missing,0.006577808643541031,0.006577808643541031,False,False,4.3269438795378825e-05,4.3269438795378825e-05,0.0,1.0,-5.943991847184719e-18,152.019735560884,0.4633105326309137
YULARA_COMBINED,Ridge,train,438,lag9:temperature_missing,0.007595344404710619,0.007595344404710619,False,False,5.76925850605051e-05,5.76925850605051e-05,0.0,1.0,2.920754614564905e-18,131.652003402871,0.5639910055086572
YULARA_COMBINED,Ridge,train,439,lag9:ghi_missing,0.007595344404710619,0.007595344404710619,False,False,5.76925850605051e-05,5.76925850605051e-05,0.0,1.0,2.920754614564905e-18,131.652003402871,0.563990924915622
YULARA_COMBINED,Ridge,train,440,lag9:isolation_forest_flag,0.09997134130837099,0.09997134130837099,False,False,0.010096202385588393,0.010096202385588393,0.0,1.0,3.033485494425305e-17,9.901875724173395,1.0851083081114408
YULARA_COMBINED,Ridge,train,441,lag8:historical_ac_active_power,0.28855241338836357,0.28855241338836357,False,False,0.9999855768537349,0.20972617476044983,0.0,1.0,4.009120018308038e-16,2.73875312966424,26.548648744976386
YULARA_COMBINED,Ridge,train,442,lag8:ambient_temperature,0.20692357856052418,0.20692357856052418,False,False,0.9999855768537349,0.538658740906267,0.0,1.0,-2.2628162066523896e-16,2.6031771954335876,36.84547660422798
YULARA_COMBINED,Ridge,train,443,lag8:global_horizontal_irradiance,0.23720052909151262,0.23720052909151262,False,False,0.9999855768537349,0.17565767266099983,0.0,1.0,-3.689374249976722e-17,3.475297169429865,16.428374858735715
YULARA_COMBINED,Ridge,train,444,lag8:power_missing,0.0065778086435410305,0.0065778086435410305,False,False,4.3269438795378825e-05,4.3269438795378825e-05,0.0,1.0,-5.943991847184719e-18,152.01973556088402,0.5204644825308696
YULARA_COMBINED,Ridge,train,445,lag8:temperature_missing,0.007595344404710619,0.007595344404710619,False,False,5.76925850605051e-05,5.76925850605051e-05,0.0,1.0,3.3306850867845406e-18,131.652003402871,0.37523739899054454
YULARA_COMBINED,Ridge,train,446,lag8:ghi_missing,0.007595344404710619,0.007595344404710619,False,False,5.76925850605051e-05,5.76925850605051e-05,0.0,1.0,3.3306850867845406e-18,131.652003402871,0.3752373973893418
YULARA_COMBINED,Ridge,train,447,lag8:isolation_forest_flag,0.09997134130837099,0.09997134130837099,False,False,0.010096202385588393,0.010096202385588393,0.0,1.0,3.033485494425305e-17,9.901875724173395,1.1159714587468585
YULARA_COMBINED,Ridge,train,448,lag7:historical_ac_active_power,0.28854623841406957,0.28854623841406957,False,False,0.9999855768537349,0.20972068362451504,0.0,1.0,4.64861155497067e-16,2.7388307701361145,30.886998107944834
YULARA_COMBINED,Ridge,train,449,lag7:ambient_temperature,0.206914439528442,0.206914439528442,False,False,0.9999855768537349,0.5386568331825958,0.0,1.0,2.1644328933196768e-16,2.60328295313848,29.939276927703407
YULARA_COMBINED,Ridge,train,450,lag7:global_horizontal_irradiance,0.23719509962252677,0.23719509962252677,False,False,0.9999855768537349,0.1756529410590695,0.0,1.0,-3.09497506525825e-17,3.475396668197613,18.368137654661236
YULARA_COMBINED,Ridge,train,451,lag7:power_missing,0.0065778086435410305,0.0065778086435410305,False,False,4.3269438795378825e-05,4.3269438795378825e-05,0.0,1.0,-5.943991847184719e-18,152.01973556088402,0.6406282203337397
YULARA_COMBINED,Ridge,train,452,lag7:temperature_missing,0.007595344404710619,0.007595344404710619,False,False,5.76925850605051e-05,5.76925850605051e-05,0.0,1.0,3.3306850867845406e-18,131.652003402871,0.3626888823918813
YULARA_COMBINED,Ridge,train,453,lag7:ghi_missing,0.007595344404710619,0.007595344404710619,False,False,5.76925850605051e-05,5.76925850605051e-05,0.0,1.0,3.3306850867845406e-18,131.652003402871,0.3626888778633606
YULARA_COMBINED,Ridge,train,454,lag7:isolation_forest_flag,0.09997134130837099,0.09997134130837099,False,False,0.010096202385588393,0.010096202385588393,0.0,1.0,3.033485494425305e-17,9.901875724173395,1.0890166956220464
YULARA_COMBINED,Ridge,train,455,lag6:historical_ac_active_power,0.28853952376725084,0.28853952376725084,False,False,0.9999855768537349,0.20971456329397495,0.0,1.0,4.168992902473696e-16,2.738915717291838,31.797721526514216
YULARA_COMBINED,Ridge,train,456,lag6:ambient_temperature,0.20690552111932797,0.20690552111932797,False,False,0.9999855768537349,0.5386550262722126,0.0,1.0,-7.870665066617007e-17,2.603386431440637,39.56375322193369
YULARA_COMBINED,Ridge,train,457,lag6:global_horizontal_irradiance,0.23719235174010275,0.23719235174010275,False,False,0.9999855768537349,0.17565076827214565,0.0,1.0,-8.198609444392715e-19,3.4754460912429135,25.051526975913248
YULARA_COMBINED,Ridge,train,458,lag6:power_missing,0.0065778086435410305,0.0065778086435410305,False,False,4.3269438795378825e-05,4.3269438795378825e-05,0.0,1.0,-5.943991847184719e-18,152.01973556088402,0.6125564605614541
YULARA_COMBINED,Ridge,train,459,lag6:temperature_missing,0.007595344404710619,0.007595344404710619,False,False,5.76925850605051e-05,5.76925850605051e-05,0.0,1.0,3.3306850867845406e-18,131.652003402871,0.36845969368156045
YULARA_COMBINED,Ridge,train,460,lag6:ghi_missing,0.007595344404710619,0.007595344404710619,False,False,5.76925850605051e-05,5.76925850605051e-05,0.0,1.0,3.3306850867845406e-18,131.652003402871,0.36845968588948314
YULARA_COMBINED,Ridge,train,461,lag6:isolation_forest_flag,0.099971341308371,0.099971341308371,False,False,0.010096202385588393,0.010096202385588393,0.0,1.0,8.198609444392715e-19,9.901875724173394,1.224187534001985
YULARA_COMBINED,Ridge,train,462,lag5:historical_ac_active_power,0.28853512232842143,0.28853512232842143,False,False,0.9999855768537349,0.20970975919721743,0.0,1.0,3.951729752197289e-16,2.738974147844798,34.979495995125525
YULARA_COMBINED,Ridge,train,463,lag5:ambient_temperature,0.20689633856521647,0.20689633856521647,False,False,0.9999855768537349,0.5386531407054569,0.0,1.0,-9.51038695549555e-17,2.6034928623720726,49.989682571098314
YULARA_COMBINED,Ridge,train,464,lag5:global_horizontal_irradiance,0.23718803150558215,0.23718803150558215,False,False,0.9999855768537349,0.1756463831890873,0.0,1.0,-1.3425222965193071e-17,3.4755278821541706,27.52489347657672
YULARA_COMBINED,Ridge,train,465,lag5:power_missing,0.00657780864354103,0.00657780864354103,False,False,4.3269438795378825e-05,4.3269438795378825e-05,0.0,1.0,-5.124130902745447e-18,152.01973556088404,0.5831089556319812
YULARA_COMBINED,Ridge,train,466,lag5:temperature_missing,0.007595344404710619,0.007595344404710619,False,False,5.76925850605051e-05,5.76925850605051e-05,0.0,1.0,3.3306850867845406e-18,131.652003402871,0.38185567766335293
YULARA_COMBINED,Ridge,train,467,lag5:ghi_missing,0.007595344404710619,0.007595344404710619,False,False,5.76925850605051e-05,5.76925850605051e-05,0.0,1.0,3.3306850867845406e-18,131.652003402871,0.3818556736421034
YULARA_COMBINED,Ridge,train,468,lag5:isolation_forest_flag,0.099971341308371,0.099971341308371,False,False,0.010096202385588393,0.010096202385588393,0.0,1.0,8.198609444392715e-19,9.901875724173394,1.5127745855237325
YULARA_COMBINED,Ridge,train,469,lag4:historical_ac_active_power,0.28853169158053654,0.28853169158053654,False,False,0.9999855768537349,0.20970522686000256,0.0,1.0,4.28787273941739e-16,2.7390224235364666,35.7485089493803
YULARA_COMBINED,Ridge,train,470,lag4:ambient_temperature,0.20688722629969156,0.20688722629969156,False,False,0.9999855768537349,0.5386513083158997,0.0,1.0,2.230021768874819e-16,2.6035986752300655,44.34361991175043
YULARA_COMBINED,Ridge,train,471,lag4:global_horizontal_irradiance,0.2371849604060231,0.2371849604060231,False,False,0.9999855768537349,0.17564282220929459,0.0,1.0,-3.966077318724976e-17,3.4755878972239067,33.205422561789376
YULARA_COMBINED,Ridge,train,472,lag4:power_missing,0.00657780864354103,0.00657780864354103,False,False,4.3269438795378825e-05,4.3269438795378825e-05,0.0,1.0,-5.124130902745447e-18,152.01973556088404,0.5833973460700688
YULARA_COMBINED,Ridge,train,473,lag4:temperature_missing,0.007595344404710619,0.007595344404710619,False,False,5.76925850605051e-05,5.76925850605051e-05,0.0,1.0,3.3306850867845406e-18,131.652003402871,0.37566755725755535
YULARA_COMBINED,Ridge,train,474,lag4:ghi_missing,0.007595344404710619,0.007595344404710619,False,False,5.76925850605051e-05,5.76925850605051e-05,0.0,1.0,3.3306850867845406e-18,131.652003402871,0.375667539876948
YULARA_COMBINED,Ridge,train,475,lag4:isolation_forest_flag,0.099971341308371,0.099971341308371,False,False,0.010096202385588393,0.010096202385588393,0.0,1.0,4.099304722196358e-18,9.901875724173394,1.6497568054818053
YULARA_COMBINED,Ridge,train,476,lag3:historical_ac_active_power,0.28853223333021744,0.28853223333021744,False,False,0.9999855768537349,0.20970483126898362,0.0,1.0,3.951729752197289e-16,2.739018651779348,37.716027399939925
YULARA_COMBINED,Ridge,train,477,lag3:ambient_temperature,0.20687808931663398,0.20687808931663398,False,False,0.9999855768537349,0.5386493385533816,0.0,1.0,-2.0332551422093935e-16,2.6037041444681965,58.75331152762628
YULARA_COMBINED,Ridge,train,478,lag3:global_horizontal_irradiance,0.2371832393520981,0.2371832393520981,False,False,0.9999855768537349,0.1756404523475599,0.0,1.0,-5.84150922912981e-18,3.47562310854807,35.78986629505209
YULARA_COMBINED,Ridge,train,479,lag3:power_missing,0.00657780864354103,0.00657780864354103,False,False,4.3269438795378825e-05,4.3269438795378825e-05,0.0,1.0,-5.124130902745447e-18,152.01973556088404,0.5273401460087217
YULARA_COMBINED,Ridge,train,480,lag3:temperature_missing,0.007595344404710619,0.007595344404710619,False,False,5.76925850605051e-05,5.76925850605051e-05,0.0,1.0,3.3306850867845406e-18,131.652003402871,0.35634640483435137
YULARA_COMBINED,Ridge,train,481,lag3:ghi_missing,0.007595344404710619,0.007595344404710619,False,False,5.76925850605051e-05,5.76925850605051e-05,0.0,1.0,3.3306850867845406e-18,131.652003402871,0.3563463912215482
YULARA_COMBINED,Ridge,train,482,lag3:isolation_forest_flag,0.099971341308371,0.099971341308371,False,False,0.010096202385588393,0.010096202385588393,0.0,1.0,4.099304722196358e-18,9.901875724173394,1.133496843281326
YULARA_COMBINED,Ridge,train,483,lag2:historical_ac_active_power,0.2885221571795092,0.2885221571795092,False,False,0.9999855768537349,0.20969624575992163,0.0,1.0,4.193588730806874e-16,2.739144064240366,38.338148994402026
YULARA_COMBINED,Ridge,train,484,lag2:ambient_temperature,0.2068689594569544,0.2068689594569544,False,False,0.9999855768537349,0.5386473820818317,0.0,1.0,1.6069274511009723e-16,2.603809597611063,65.15961075911379
YULARA_COMBINED,Ridge,train,485,lag2:global_horizontal_irradiance,0.2371823709898272,0.2371823709898272,False,False,0.9999855768537349,0.17563897401395456,0.0,1.0,8.198609444392715e-18,3.4756420662537457,42.87430474785049
YULARA_COMBINED,Ridge,train,486,lag2:power_missing,0.00657780864354103,0.00657780864354103,False,False,4.3269438795378825e-05,4.3269438795378825e-05,0.0,1.0,-5.124130902745447e-18,152.01973556088404,0.5004944601214681
YULARA_COMBINED,Ridge,train,487,lag2:temperature_missing,0.007595344404710619,0.007595344404710619,False,False,5.76925850605051e-05,5.76925850605051e-05,0.0,1.0,3.7406155590041765e-18,131.652003402871,0.3959218115038259
YULARA_COMBINED,Ridge,train,488,lag2:ghi_missing,0.007595344404710619,0.007595344404710619,False,False,5.76925850605051e-05,5.76925850605051e-05,0.0,1.0,3.7406155590041765e-18,131.652003402871,0.3959217835790681
YULARA_COMBINED,Ridge,train,489,lag2:isolation_forest_flag,0.099971341308371,0.099971341308371,False,False,0.010096202385588393,0.010096202385588393,0.0,1.0,8.198609444392715e-19,9.901875724173394,1.446414208685041
YULARA_COMBINED,Ridge,train,490,lag1:historical_ac_active_power,0.288522741047449,0.288522741047449,False,False,0.9999855768537349,0.20969455525695657,0.0,1.0,4.640412945526277e-16,2.739144380349117,53.47358913452698
YULARA_COMBINED,Ridge,train,491,lag1:ambient_temperature,0.20686000091563855,0.20686000091563855,False,False,0.9999855768537349,0.5386452372781135,0.0,1.0,-2.0988440177645352e-16,2.6039119931058266,123.45367576148956
YULARA_COMBINED,Ridge,train,492,lag1:global_horizontal_irradiance,0.23717934888424352,0.23717934888424352,False,False,0.9999855768537349,0.17563447110565492,0.0,1.0,2.9719959235923595e-17,3.475705337637471,36.302024810812505
YULARA_COMBINED,Ridge,train,493,lag1:power_missing,0.006577808643541029,0.006577808643541029,False,False,4.3269438795378825e-05,4.3269438795378825e-05,0.0,1.0,-5.124130902745447e-18,152.01973556088404,0.537010513761114
YULARA_COMBINED,Ridge,train,494,lag1:temperature_missing,0.007595344404710619,0.007595344404710619,False,False,5.76925850605051e-05,5.76925850605051e-05,0.0,1.0,3.7406155590041765e-18,131.652003402871,0.36499074969920614
YULARA_COMBINED,Ridge,train,495,lag1:ghi_missing,0.007595344404710619,0.007595344404710619,False,False,5.76925850605051e-05,5.76925850605051e-05,0.0,1.0,3.7406155590041765e-18,131.652003402871,0.3649907462489498
YULARA_COMBINED,Ridge,train,496,lag1:isolation_forest_flag,0.099971341308371,0.099971341308371,False,False,0.010096202385588393,0.010096202385588393,0.0,1.0,8.198609444392715e-19,9.901875724173394,1.8887363202242806
YULARA_COMBINED,Ridge,train,497,lag0:historical_ac_active_power,0.288524607577755,0.288524607577755,False,False,0.9999855768537349,0.20969498397700964,0.0,1.0,4.345263005528139e-16,2.7391251743060074,96.69005321530031
YULARA_COMBINED,Ridge,train,498,lag0:ambient_temperature,0.20685087947491576,0.20685087947491576,False,False,0.9999855768537349,0.5386429141090023,0.0,1.0,-6.558887555514172e-18,2.604015585896129,670.9630863471118
YULARA_COMBINED,Ridge,train,499,lag0:global_horizontal_irradiance,0.2371794204501368,0.2371794204501368,False,False,0.9999855768537349,0.17563381530765673,0.0,1.0,1.4347566527687251e-18,3.4757070538742343,103.46598029441962
YULARA_COMBINED,Ridge,train,500,lag0:power_missing,0.0,1.0,True,False,0.0,0.0,0.0,0.0,0.0,0.0,6.407583174290645e-24
YULARA_COMBINED,Ridge,train,501,lag0:temperature_missing,0.007595344404710619,0.007595344404710619,False,False,5.76925850605051e-05,5.76925850605051e-05,0.0,1.0,3.7406155590041765e-18,131.652003402871,0.5510118094110892
YULARA_COMBINED,Ridge,train,502,lag0:ghi_missing,0.007595344404710619,0.007595344404710619,False,False,5.76925850605051e-05,5.76925850605051e-05,0.0,1.0,3.7406155590041765e-18,131.652003402871,0.5510118109141207
YULARA_COMBINED,Ridge,train,503,lag0:isolation_forest_flag,0.099971341308371,0.099971341308371,False,False,0.010096202385588393,0.010096202385588393,0.0,1.0,4.099304722196358e-18,9.901875724173394,4.0969535762060385
YULARA_COMBINED,Ridge,validation,0,lag71:historical_ac_active_power,0.2887913556595989,0.2887913556595989,False,False,0.9999855768537349,0.22694267818050726,-8.4152547060512e-05,0.9799339175224304,0.05892112624154663,2.666309555933608,50.69182509642974
YULARA_COMBINED,Ridge,validation,1,lag71:ambient_temperature,0.20734054711214822,0.20734054711214822,False,False,0.9999855768537349,0.5150333394820126,0.11836546659469604,0.8894692659378052,-0.11434393878194672,2.0274664727586864,464.6606386367233
YULARA_COMBINED,Ridge,validation,2,lag71:global_horizontal_irradiance,0.23751343888705861,0.23751343888705861,False,False,0.9999855768537349,0.19051933365603588,0.00022741052089259028,0.7927772402763367,0.06163510015011182,2.597314383993431,101.35130116813365
YULARA_COMBINED,Ridge,validation,3,lag71:power_missing,0.006577808643541044,0.006577808643541044,False,False,4.3269438795378825e-05,0.00012442453651860148,0.0,1.0,0.012337710341104447,152.0197355608837,0.5948335572203903
YULARA_COMBINED,Ridge,validation,4,lag71:temperature_missing,0.007595344404710616,0.007595344404710616,False,False,5.76925850605051e-05,0.1856414084857534,0.0,1.0,24.4338776508402,131.65200340287103,0.5042006607808663
YULARA_COMBINED,Ridge,validation,5,lag71:ghi_missing,0.007595344404710616,0.007595344404710616,False,False,5.76925850605051e-05,0.1856414084857534,0.0,1.0,24.4338776508402,131.65200340287103,0.5042020379042963
YULARA_COMBINED,Ridge,validation,6,lag71:isolation_forest_flag,0.0999713413083709,0.0999713413083709,False,False,0.010096202385588393,0.0011198208286674132,0.0,1.0,-0.08978954807890892,9.901875724173403,4.418157140528853
YULARA_COMBINED,Ridge,validation,7,lag70:historical_ac_active_power,0.28879381630822604,0.28879381630822604,False,False,0.9999855768537349,0.22694265563234808,-8.4152547060512e-05,0.9799339175224304,0.0589148379094252,2.6662811295976936,36.94430771667692
YULARA_COMBINED,Ridge,validation,8,lag70:ambient_temperature,0.20733675897234147,0.20733675897234147,False,False,0.9999855768537349,0.5150507812791386,0.11836546659469604,0.8894692659378052,-0.11426110337720709,2.0275027140332313,228.50550439286206
YULARA_COMBINED,Ridge,validation,9,lag70:global_horizontal_irradiance,0.23751403810502017,0.23751403810502017,False,False,0.9999855768537349,0.19051988165645933,0.00022741052089259028,0.7927772402763367,0.061635684198184215,2.597306263608656,24.292910024620543
YULARA_COMBINED,Ridge,validation,10,lag70:power_missing,0.0065778086435410435,0.0065778086435410435,False,False,4.3269438795378825e-05,0.00012442453651860148,0.0,1.0,0.012337710341104447,152.0197355608837,0.376621381618311
YULARA_COMBINED,Ridge,validation,11,lag70:temperature_missing,0.007595344404710616,0.007595344404710616,False,False,5.76925850605051e-05,0.1856414084857534,0.0,1.0,24.433877650840202,131.65200340287103,0.6301142160575862
YULARA_COMBINED,Ridge,validation,12,lag70:ghi_missing,0.007595344404710616,0.007595344404710616,False,False,5.76925850605051e-05,0.1856414084857534,0.0,1.0,24.433877650840202,131.65200340287103,0.6301137792818094
YULARA_COMBINED,Ridge,validation,13,lag70:isolation_forest_flag,0.0999713413083709,0.0999713413083709,False,False,0.010096202385588393,0.0011198208286674132,0.0,1.0,-0.08978954807890892,9.901875724173403,1.7409317323847622
YULARA_COMBINED,Ridge,validation,14,lag69:historical_ac_active_power,0.28879626233672484,0.28879626233672484,False,False,0.9999855768537349,0.2269426332157306,-8.4152547060512e-05,0.9799339175224304,0.0589086238425187,2.66625290944391,27.32944515898021
YULARA_COMBINED,Ridge,validation,15,lag69:ambient_temperature,0.20733279844643585,0.20733279844643585,False,False,0.9999855768537349,0.5150683186498688,0.11836546659469604,0.8894692659378052,-0.11417660047192754,2.0275393439823826,42.09919688066346
YULARA_COMBINED,Ridge,validation,16,lag69:global_horizontal_irradiance,0.23751452708654827,0.23751452708654827,False,False,0.9999855768537349,0.19052024262843306,0.00022741052089259028,0.7927772402763367,0.061636078321362336,2.5972999176470566,21.21888928232361
YULARA_COMBINED,Ridge,validation,17,lag69:power_missing,0.0065778086435410435,0.0065778086435410435,False,False,4.3269438795378825e-05,0.00012442453651860148,0.0,1.0,0.012337710341104447,152.0197355608837,0.4256387988872977
YULARA_COMBINED,Ridge,validation,18,lag69:temperature_missing,0.007595344404710616,0.007595344404710616,False,False,5.76925850605051e-05,0.1856414084857534,0.0,1.0,24.4338776508402,131.65200340287103,0.43257948500058857
YULARA_COMBINED,Ridge,validation,19,lag69:ghi_missing,0.007595344404710616,0.007595344404710616,False,False,5.76925850605051e-05,0.1856414084857534,0.0,1.0,24.4338776508402,131.65200340287103,0.4325781681353594
YULARA_COMBINED,Ridge,validation,20,lag69:isolation_forest_flag,0.09997134130837092,0.09997134130837092,False,False,0.010096202385588393,0.0011198208286674132,0.0,1.0,-0.08978954807890892,9.901875724173403,0.5222551735360594
YULARA_COMBINED,Ridge,validation,21,lag68:historical_ac_active_power,0.2887983538251611,0.2887983538251611,False,False,0.9999855768537349,0.2269426113150158,-8.4152547060512e-05,0.9799339175224304,0.05890351702650697,2.6662289959773893,24.116807468412794
YULARA_COMBINED,Ridge,validation,22,lag68:ambient_temperature,0.20732861814525352,0.20732861814525352,False,False,0.9999855768537349,0.5150860471603911,0.11836546659469604,0.8894692659378052,-0.11409083917342294,2.027577670440269,43.76919414757772
YULARA_COMBINED,Ridge,validation,23,lag68:global_horizontal_irradiance,0.23751489749404456,0.23751489749404456,False,False,0.9999855768537349,0.1905204409050914,0.00022741052089259028,0.7927772402763367,0.061636331520315425,2.597295381649355,15.33902438505994
YULARA_COMBINED,Ridge,validation,24,lag68:power_missing,0.0065778086435410435,0.0065778086435410435,False,False,4.3269438795378825e-05,0.00012442453651860148,0.0,1.0,0.012337710341104447,152.0197355608837,0.47637854530477897
YULARA_COMBINED,Ridge,validation,25,lag68:temperature_missing,0.007595344404710616,0.007595344404710616,False,False,5.76925850605051e-05,0.1856414084857534,0.0,1.0,24.433877650840202,131.65200340287103,0.3390377431283904
YULARA_COMBINED,Ridge,validation,26,lag68:ghi_missing,0.007595344404710616,0.007595344404710616,False,False,5.76925850605051e-05,0.1856414084857534,0.0,1.0,24.433877650840202,131.65200340287103,0.3390382985915986
YULARA_COMBINED,Ridge,validation,27,lag68:isolation_forest_flag,0.09997134130837092,0.09997134130837092,False,False,0.010096202385588393,0.0011198208286674132,0.0,1.0,-0.08978954807890892,9.901875724173403,0.3852464549827564
YULARA_COMBINED,Ridge,validation,28,lag67:historical_ac_active_power,0.2888003845458112,0.2888003845458112,False,False,0.9999855768537349,0.22694258504713535,-8.4152547060512e-05,0.9799339175224304,0.05889865505526829,2.6662058913648905,18.944447746336177
YULARA_COMBINED,Ridge,validation,29,lag67:ambient_temperature,0.20732423189680121,0.20732423189680121,False,False,0.9999855768537349,0.5151041961925472,0.11836546659469604,0.8894692659378052,-0.11400320742799779,2.0276180606851604,26.399054290120123
YULARA_COMBINED,Ridge,validation,30,lag67:global_horizontal_irradiance,0.23751511364059263,0.23751511364059263,False,False,0.9999855768537349,0.19052057869772532,0.00022741052089259028,0.7927772402763367,0.061636916071749114,2.597293078525246,12.537889013438056
YULARA_COMBINED,Ridge,validation,31,lag67:power_missing,0.0065778086435410435,0.0065778086435410435,False,False,4.3269438795378825e-05,0.00012442453651860148,0.0,1.0,0.012337710341104447,152.0197355608837,0.3885986248945903
YULARA_COMBINED,Ridge,validation,32,lag67:temperature_missing,0.007595344404710616,0.007595344404710616,False,False,5.76925850605051e-05,0.1856414084857534,0.0,1.0,24.4338776508402,131.65200340287103,0.5685382696889341
YULARA_COMBINED,Ridge,validation,33,lag67:ghi_missing,0.007595344404710616,0.007595344404710616,False,False,5.76925850605051e-05,0.1856414084857534,0.0,1.0,24.4338776508402,131.65200340287103,0.5685383356053393
YULARA_COMBINED,Ridge,validation,34,lag67:isolation_forest_flag,0.09997134130837092,0.09997134130837092,False,False,0.010096202385588393,0.0011198208286674132,0.0,1.0,-0.08978954807890892,9.901875724173403,0.4796377482913461
YULARA_COMBINED,Ridge,validation,35,lag66:historical_ac_active_power,0.2888021842100348,0.2888021842100348,False,False,0.9999855768537349,0.22694255728682672,-8.4152547060512e-05,0.9799339175224304,0.05889508946781741,2.666186174524092,14.846851505236947
YULARA_COMBINED,Ridge,validation,36,lag66:ambient_temperature,0.2073197321967216,0.2073197321967216,False,False,0.9999855768537349,0.5151229759904673,0.11836546659469604,0.8894692659378052,-0.11391305138805602,2.027660021788808,29.000411732427875
YULARA_COMBINED,Ridge,validation,37,lag66:global_horizontal_irradiance,0.23751517825534477,0.23751517825534477,False,False,0.9999855768537349,0.19052071740137394,0.00022741052089259028,0.7927772402763367,0.06163815687888419,2.597293045542448,10.181211577379951
YULARA_COMBINED,Ridge,validation,38,lag66:power_missing,0.006577808643541043,0.006577808643541043,False,False,4.3269438795378825e-05,0.00012442453651860148,0.0,1.0,0.01233771034110445,152.01973556088373,0.23969138919782235
YULARA_COMBINED,Ridge,validation,39,lag66:temperature_missing,0.007595344404710616,0.007595344404710616,False,False,5.76925850605051e-05,0.1856414084857534,0.0,1.0,24.433877650840202,131.65200340287103,0.5333019777722808
YULARA_COMBINED,Ridge,validation,40,lag66:ghi_missing,0.007595344404710616,0.007595344404710616,False,False,5.76925850605051e-05,0.1856414084857534,0.0,1.0,24.433877650840202,131.65200340287103,0.5333018947290368
YULARA_COMBINED,Ridge,validation,41,lag66:isolation_forest_flag,0.09997134130837092,0.09997134130837092,False,False,0.010096202385588393,0.0011198208286674132,0.0,1.0,-0.08978954807890892,9.901875724173403,0.5470361573006831
YULARA_COMBINED,Ridge,validation,42,lag65:historical_ac_active_power,0.2888039321112923,0.2888039321112923,False,False,0.9999855768537349,0.226942529243499,-8.4152547060512e-05,0.9799339175224304,0.058891845529796316,2.6661672478216243,13.342191923678165
YULARA_COMBINED,Ridge,validation,43,lag65:ambient_temperature,0.20731507828627255,0.20731507828627255,False,False,0.9999855768537349,0.5151418131347748,0.11836546659469604,0.8894692659378052,-0.11382196204066433,2.0277027555649405,16.838024100890358
YULARA_COMBINED,Ridge,validation,44,lag65:global_horizontal_irradiance,0.2375151254110116,0.2375151254110116,False,False,0.9999855768537349,0.1905208374929691,0.00022741052089259028,0.7927772402763367,0.06164001717013925,2.597294964370592,8.545341500687906
YULARA_COMBINED,Ridge,validation,45,lag65:power_missing,0.006577808643541043,0.006577808643541043,False,False,4.3269438795378825e-05,0.00012442453651860148,0.0,1.0,0.012337710341104447,152.01973556088373,0.3468403211087884
YULARA_COMBINED,Ridge,validation,46,lag65:temperature_missing,0.007595344404710617,0.007595344404710617,False,False,5.76925850605051e-05,0.1856414084857534,0.0,1.0,24.433877650840202,131.65200340287103,0.3809327097225728
YULARA_COMBINED,Ridge,validation,47,lag65:ghi_missing,0.007595344404710617,0.007595344404710617,False,False,5.76925850605051e-05,0.1856414084857534,0.0,1.0,24.433877650840202,131.65200340287103,0.38093243337080895
YULARA_COMBINED,Ridge,validation,48,lag65:isolation_forest_flag,0.09997134130837092,0.09997134130837092,False,False,0.010096202385588393,0.0011198208286674132,0.0,1.0,-0.08978954807890892,9.901875724173403,0.7085226770433328
YULARA_COMBINED,Ridge,validation,49,lag64:historical_ac_active_power,0.2888053118881875,0.2888053118881875,False,False,0.9999855768537349,0.2269425016481777,-8.4152547060512e-05,0.9799339175224304,0.05888955569704448,2.666152597194624,11.957972357630567
YULARA_COMBINED,Ridge,validation,50,lag64:ambient_temperature,0.2073103581938918,0.2073103581938918,False,False,0.9999855768537349,0.515160459135582,0.11836546659469604,0.8894692659378052,-0.11373114824528956,2.027745459916944,18.138075782035845
YULARA_COMBINED,Ridge,validation,51,lag64:global_horizontal_irradiance,0.23751498256165857,0.23751498256165857,False,False,0.9999855768537349,0.19052092519942085,0.00022741052089259028,0.7927772402763367,0.061642832016288444,2.597298934976324,7.729909826286513
YULARA_COMBINED,Ridge,validation,52,lag64:power_missing,0.006577808643541043,0.006577808643541043,False,False,4.3269438795378825e-05,0.00012442453651860148,0.0,1.0,0.012337710341104447,152.01973556088373,0.21324503813111606
YULARA_COMBINED,Ridge,validation,53,lag64:temperature_missing,0.007595344404710617,0.007595344404710617,False,False,5.76925850605051e-05,0.1856414084857534,0.0,1.0,24.4338776508402,131.65200340287103,0.30135907367661163
YULARA_COMBINED,Ridge,validation,54,lag64:ghi_missing,0.007595344404710617,0.007595344404710617,False,False,5.76925850605051e-05,0.1856414084857534,0.0,1.0,24.4338776508402,131.65200340287103,0.30135903302452627
YULARA_COMBINED,Ridge,validation,55,lag64:isolation_forest_flag,0.09997134130837092,0.09997134130837092,False,False,0.010096202385588393,0.0011198208286674132,0.0,1.0,-0.08978954807890892,9.901875724173403,0.5797431531383233
YULARA_COMBINED,Ridge,validation,56,lag63:historical_ac_active_power,0.2888066675291587,0.2888066675291587,False,False,0.9999855768537349,0.2269424736633763,-8.4152547060512e-05,0.9799339175224304,0.05888808862330362,2.666138988684432,10.622793964483273
YULARA_COMBINED,Ridge,validation,57,lag63:ambient_temperature,0.20730549856458358,0.20730549856458358,False,False,0.9999855768537349,0.5151784456918692,0.11836546659469604,0.8894692659378052,-0.11364339010017924,2.0277893333808437,14.607223225698592
YULARA_COMBINED,Ridge,validation,58,lag63:global_horizontal_irradiance,0.2375147162195381,0.2375147162195381,False,False,0.9999855768537349,0.19052101256169635,0.00022741052089259028,0.7927772402763367,0.06164662402969183,2.597305202582638,5.538886913220891
YULARA_COMBINED,Ridge,validation,59,lag63:power_missing,0.006577808643541043,0.006577808643541043,False,False,4.3269438795378825e-05,0.00012442453651860148,0.0,1.0,0.012337710341104447,152.01973556088373,0.21393794578948125
YULARA_COMBINED,Ridge,validation,60,lag63:temperature_missing,0.007595344404710617,0.007595344404710617,False,False,5.76925850605051e-05,0.1856414084857534,0.0,1.0,24.433877650840202,131.65200340287103,0.3529281001708034
YULARA_COMBINED,Ridge,validation,61,lag63:ghi_missing,0.007595344404710617,0.007595344404710617,False,False,5.76925850605051e-05,0.1856414084857534,0.0,1.0,24.433877650840202,131.65200340287103,0.35292800812005737
YULARA_COMBINED,Ridge,validation,62,lag63:isolation_forest_flag,0.09997134130837092,0.09997134130837092,False,False,0.010096202385588393,0.0011198208286674132,0.0,1.0,-0.08978954807890892,9.901875724173403,0.42761947853239873
YULARA_COMBINED,Ridge,validation,63,lag62:historical_ac_active_power,0.28880814519195813,0.28880814519195813,False,False,0.9999855768537349,0.22694245042779262,-8.4152547060512e-05,0.9799339175224304,0.05888781382038469,2.6661254545529802,10.07087668907885
YULARA_COMBINED,Ridge,validation,64,lag62:ambient_temperature,0.2073006094621125,0.2073006094621125,False,False,0.9999855768537349,0.5151960404015706,0.11836546659469604,0.8894692659378052,-0.11355733649589585,2.027833299487706,13.669273911551354
YULARA_COMBINED,Ridge,validation,65,lag62:global_horizontal_irradiance,0.23751441608234428,0.23751441608234428,False,False,0.9999855768537349,0.1905212318104366,0.00022741052089259028,0.7927772402763367,0.06165249514753702,2.5973133548113267,5.909820445807187
YULARA_COMBINED,Ridge,validation,66,lag62:power_missing,0.006577808643541042,0.006577808643541042,False,False,4.3269438795378825e-05,0.00012442453651860148,0.0,1.0,0.01233771034110445,152.01973556088376,0.1839087860463042
YULARA_COMBINED,Ridge,validation,67,lag62:temperature_missing,0.007595344404710617,0.007595344404710617,False,False,5.76925850605051e-05,0.1856414084857534,0.0,1.0,24.433877650840202,131.65200340287103,0.37441023275644336
YULARA_COMBINED,Ridge,validation,68,lag62:ghi_missing,0.007595344404710617,0.007595344404710617,False,False,5.76925850605051e-05,0.1856414084857534,0.0,1.0,24.433877650840202,131.65200340287103,0.37441006775154784
YULARA_COMBINED,Ridge,validation,69,lag62:isolation_forest_flag,0.09997134130837092,0.09997134130837092,False,False,0.010096202385588393,0.0011198208286674132,0.0,1.0,-0.08978954807890892,9.901875724173403,0.2931268533851708
YULARA_COMBINED,Ridge,validation,70,lag61:historical_ac_active_power,0.2888095316486413,0.2888095316486413,False,False,0.9999855768537349,0.22694242704852685,-8.4152547060512e-05,0.9799339175224304,0.058888186008650166,2.666113391407947,9.951198228280886
YULARA_COMBINED,Ridge,validation,71,lag61:ambient_temperature,0.2072956267296773,0.2072956267296773,False,False,0.9999855768537349,0.5152139122687911,0.11836546659469604,0.8894692659378052,-0.1134692288200536,2.027877419358502,15.647408869414482
YULARA_COMBINED,Ridge,validation,72,lag61:global_horizontal_irradiance,0.23751399317071017,0.23751399317071017,False,False,0.9999855768537349,0.1905216000131967,0.00022741052089259028,0.7927772402763367,0.06166011999537984,2.5973239443590934,7.652617709009506
YULARA_COMBINED,Ridge,validation,73,lag61:power_missing,0.006577808643541042,0.006577808643541042,False,False,4.3269438795378825e-05,0.00012442453651860148,0.0,1.0,0.01233771034110445,152.01973556088376,0.24012846015010542
YULARA_COMBINED,Ridge,validation,74,lag61:temperature_missing,0.007595344404710617,0.007595344404710617,False,False,5.76925850605051e-05,0.1856414084857534,0.0,1.0,24.433877650840202,131.65200340287103,0.439151829260957
YULARA_COMBINED,Ridge,validation,75,lag61:ghi_missing,0.007595344404710617,0.007595344404710617,False,False,5.76925850605051e-05,0.1856414084857534,0.0,1.0,24.433877650840202,131.65200340287103,0.4391516522387662
YULARA_COMBINED,Ridge,validation,76,lag61:isolation_forest_flag,0.09997134130837092,0.09997134130837092,False,False,0.010096202385588393,0.0011198208286674132,0.0,1.0,-0.08978954807890892,9.901875724173403,0.6159448537589693
YULARA_COMBINED,Ridge,validation,77,lag60:historical_ac_active_power,0.28881068567248136,0.28881068567248136,False,False,0.9999855768537349,0.22694243506023662,-8.4152547060512e-05,0.9799339175224304,0.05889104108361712,2.666105800845329,10.05425147924957
YULARA_COMBINED,Ridge,validation,78,lag60:ambient_temperature,0.2072907188965675,0.2072907188965675,False,False,0.9999855768537349,0.515232185542183,0.11836546659469604,0.8894692659378052,-0.11337806527440493,2.0279197343855664,10.734164875996077
YULARA_COMBINED,Ridge,validation,79,lag60:global_horizontal_irradiance,0.23751342494048364,0.23751342494048364,False,False,0.9999855768537349,0.1905221282937598,0.00022741052089259028,0.7927772402763367,0.06166958543650263,2.5973372519420512,4.998355845775277
YULARA_COMBINED,Ridge,validation,80,lag60:power_missing,0.006577808643541042,0.006577808643541042,False,False,4.3269438795378825e-05,0.00012442453651860148,0.0,1.0,0.01233771034110445,152.01973556088376,0.2721208041556444
YULARA_COMBINED,Ridge,validation,81,lag60:temperature_missing,0.007595344404710617,0.007595344404710617,False,False,5.76925850605051e-05,0.1856414084857534,0.0,1.0,24.433877650840202,131.65200340287103,0.3956378506920806
YULARA_COMBINED,Ridge,validation,82,lag60:ghi_missing,0.007595344404710617,0.007595344404710617,False,False,5.76925850605051e-05,0.1856414084857534,0.0,1.0,24.433877650840202,131.65200340287103,0.3956378694056778
YULARA_COMBINED,Ridge,validation,83,lag60:isolation_forest_flag,0.09997134130837092,0.09997134130837092,False,False,0.010096202385588393,0.0011198208286674132,0.0,1.0,-0.08978954807890892,9.901875724173403,0.3613548064680043
YULARA_COMBINED,Ridge,validation,84,lag59:historical_ac_active_power,0.28881190751438746,0.28881190751438746,False,False,0.9999855768537349,0.2269429975549855,-8.4152547060512e-05,0.9799339175224304,0.0588961825437035,2.666097964658362,11.806011659971917
YULARA_COMBINED,Ridge,validation,85,lag59:ambient_temperature,0.20728578004243906,0.20728578004243906,False,False,0.9999855768537349,0.5152506021685649,0.11836546659469604,0.8894692659378052,-0.11328594487378804,2.0279620769876834,11.241398238051993
YULARA_COMBINED,Ridge,validation,86,lag59:global_horizontal_irradiance,0.23751266837598928,0.23751266837598928,False,False,0.9999855768537349,0.19052300926570104,0.00022741052089259028,0.7927772402763367,0.06168174414827898,2.5973537785226735,4.098630315500337
YULARA_COMBINED,Ridge,validation,87,lag59:power_missing,0.006577808643541041,0.006577808643541041,False,False,4.3269438795378825e-05,0.00012442453651860148,0.0,1.0,0.012337710341104443,152.01973556088376,0.22919596691333927
YULARA_COMBINED,Ridge,validation,88,lag59:temperature_missing,0.007595344404710617,0.007595344404710617,False,False,5.76925850605051e-05,0.1856414084857534,0.0,1.0,24.433877650840202,131.65200340287103,0.4602237782111903
YULARA_COMBINED,Ridge,validation,89,lag59:ghi_missing,0.007595344404710617,0.007595344404710617,False,False,5.76925850605051e-05,0.1856414084857534,0.0,1.0,24.433877650840202,131.65200340287103,0.4602235928338299
YULARA_COMBINED,Ridge,validation,90,lag59:isolation_forest_flag,0.09997134130837092,0.09997134130837092,False,False,0.010096202385588393,0.0011198208286674132,0.0,1.0,-0.08978954807890892,9.901875724173403,0.6251210624370291
YULARA_COMBINED,Ridge,validation,91,lag58:historical_ac_active_power,0.2888128740446459,0.2888128740446459,False,False,0.9999855768537349,0.22694615713262375,-8.4152547060512e-05,0.9799339175224304,0.0589124917443926,2.6660946088179087,8.60348473807484
YULARA_COMBINED,Ridge,validation,92,lag58:ambient_temperature,0.20728089421621665,0.20728089421621665,False,False,0.9999855768537349,0.5152685313784647,0.11836546659469604,0.8894692659378052,-0.11319521797367964,2.0280029781609517,17.021595753017714
YULARA_COMBINED,Ridge,validation,93,lag58:global_horizontal_irradiance,0.2375117825016859,0.2375117825016859,False,False,0.9999855768537349,0.19052532923455825,0.00022741052089259028,0.7927772402763367,0.06170103748845515,2.597372761637566,4.853371564852105
YULARA_COMBINED,Ridge,validation,94,lag58:power_missing,0.006577808643541041,0.006577808643541041,False,False,4.3269438795378825e-05,0.00012442453651860148,0.0,1.0,0.012337710341104443,152.01973556088376,0.25785740304369914
YULARA_COMBINED,Ridge,validation,95,lag58:temperature_missing,0.007595344404710617,0.007595344404710617,False,False,5.76925850605051e-05,0.1856414084857534,0.0,1.0,24.433877650840202,131.65200340287103,0.4894776110503948
YULARA_COMBINED,Ridge,validation,96,lag58:ghi_missing,0.007595344404710617,0.007595344404710617,False,False,5.76925850605051e-05,0.1856414084857534,0.0,1.0,24.433877650840202,131.65200340287103,0.4894775405428661
YULARA_COMBINED,Ridge,validation,97,lag58:isolation_forest_flag,0.09997134130837092,0.09997134130837092,False,False,0.010096202385588393,0.0011198208286674132,0.0,1.0,-0.08978954807890892,9.901875724173403,0.3475729579772019
YULARA_COMBINED,Ridge,validation,98,lag57:historical_ac_active_power,0.2888138362439346,0.2888138362439346,False,False,0.9999855768537349,0.22694889935968426,-8.4152547060512e-05,0.9799339175224304,0.058927395265766055,2.6660913315765207,5.992660487329625
YULARA_COMBINED,Ridge,validation,99,lag57:ambient_temperature,0.2072758175342521,0.2072758175342521,False,False,0.9999855768537349,0.5152847116329383,0.11836546659469604,0.8894692659378052,-0.11311225910258886,2.028044978992365,11.471142324944948
YULARA_COMBINED,Ridge,validation,100,lag57:global_horizontal_irradiance,0.23751067818816987,0.23751067818816987,False,False,0.9999855768537349,0.1905278136427735,0.00022741052089259028,0.7927772402763367,0.061722024681019824,2.5973950783212687,3.4502915473822995
YULARA_COMBINED,Ridge,validation,101,lag57:power_missing,0.006577808643541041,0.006577808643541041,False,False,4.3269438795378825e-05,0.00012442453651860148,0.0,1.0,0.012337710341104443,152.01973556088376,0.22210518555260853
YULARA_COMBINED,Ridge,validation,102,lag57:temperature_missing,0.007595344404710617,0.007595344404710617,False,False,5.76925850605051e-05,0.1856414084857534,0.0,1.0,24.433877650840202,131.65200340287103,0.691485285124362
YULARA_COMBINED,Ridge,validation,103,lag57:ghi_missing,0.007595344404710617,0.007595344404710617,False,False,5.76925850605051e-05,0.1856414084857534,0.0,1.0,24.433877650840202,131.65200340287103,0.6914852739903279
YULARA_COMBINED,Ridge,validation,104,lag57:isolation_forest_flag,0.09997134130837092,0.09997134130837092,False,False,0.010096202385588393,0.0011198208286674132,0.0,1.0,-0.08978954807890892,9.901875724173403,0.37106726394868206
YULARA_COMBINED,Ridge,validation,105,lag56:historical_ac_active_power,0.2888142974216451,0.2888142974216451,False,False,0.9999855768537349,0.2269518914452972,-8.4152547060512e-05,0.9799339175224304,0.058944965519245454,2.6660943788249223,6.494086683165387
YULARA_COMBINED,Ridge,validation,106,lag56:ambient_temperature,0.20727070731176034,0.20727070731176034,False,False,0.9999855768537349,0.5152998692750619,0.11836546659469604,0.8894692659378052,-0.11303393280803672,2.028086994711899,13.12023524816095
YULARA_COMBINED,Ridge,validation,107,lag56:global_horizontal_irradiance,0.23750923684790817,0.23750923684790817,False,False,0.9999855768537349,0.19053071457597165,0.00022741052089259028,0.7927772402763367,0.06174439750510017,2.59742062506176,2.898821123515884
YULARA_COMBINED,Ridge,validation,108,lag56:power_missing,0.006577808643541041,0.006577808643541041,False,False,4.3269438795378825e-05,0.00012442453651860148,0.0,1.0,0.012337710341104443,152.01973556088376,0.26285025277563495
YULARA_COMBINED,Ridge,validation,109,lag56:temperature_missing,0.007595344404710617,0.007595344404710617,False,False,5.76925850605051e-05,0.1856414084857534,0.0,1.0,24.433877650840202,131.65200340287103,0.7147710498962451
YULARA_COMBINED,Ridge,validation,110,lag56:ghi_missing,0.007595344404710617,0.007595344404710617,False,False,5.76925850605051e-05,0.1856414084857534,0.0,1.0,24.433877650840202,131.65200340287103,0.7147710673366343
YULARA_COMBINED,Ridge,validation,111,lag56:isolation_forest_flag,0.09997134130837092,0.09997134130837092,False,False,0.010096202385588393,0.0011198208286674132,0.0,1.0,-0.08978954807890892,9.901875724173403,0.18820881712855567
YULARA_COMBINED,Ridge,validation,112,lag55:historical_ac_active_power,0.28881427072377147,0.28881427072377147,False,False,0.9999855768537349,0.22695377486808543,-8.4152547060512e-05,0.9799339175224304,0.058955750732246265,2.6660988838169417,7.4410482818332575
YULARA_COMBINED,Ridge,validation,113,lag55:ambient_temperature,0.20726541695994488,0.20726541695994488,False,False,0.9999855768537349,0.5153131919440322,0.11836546659469604,0.8894692659378052,-0.1129646395832325,2.0281308606129973,9.48729252549285
YULARA_COMBINED,Ridge,validation,114,lag55:global_horizontal_irradiance,0.23750747493946633,0.23750747493946633,False,False,0.9999855768537349,0.19053291589935045,0.00022741052089259028,0.7927772402763367,0.06176391748547626,2.5974496870827513,5.0385379865152045
YULARA_COMBINED,Ridge,validation,115,lag55:power_missing,0.006577808643541041,0.006577808643541041,False,False,4.3269438795378825e-05,0.00012442453651860148,0.0,1.0,0.012337710341104443,152.01973556088376,0.22564562093842525
YULARA_COMBINED,Ridge,validation,116,lag55:temperature_missing,0.007595344404710617,0.007595344404710617,False,False,5.76925850605051e-05,0.1856414084857534,0.0,1.0,24.433877650840202,131.65200340287103,0.5978253121952688
YULARA_COMBINED,Ridge,validation,117,lag55:ghi_missing,0.007595344404710617,0.007595344404710617,False,False,5.76925850605051e-05,0.1856414084857534,0.0,1.0,24.433877650840202,131.65200340287103,0.5978252113751529
YULARA_COMBINED,Ridge,validation,118,lag55:isolation_forest_flag,0.09997134130837092,0.09997134130837092,False,False,0.010096202385588393,0.0011198208286674132,0.0,1.0,-0.08978954807890892,9.901875724173403,0.2727573119876011
YULARA_COMBINED,Ridge,validation,119,lag54:historical_ac_active_power,0.28881447194671195,0.28881447194671195,False,False,0.9999855768537349,0.2269550692929372,-8.4152547060512e-05,0.9799339175224304,0.05897149049457982,2.6661083252734907,4.85455617724079
YULARA_COMBINED,Ridge,validation,120,lag54:ambient_temperature,0.2072601569519266,0.2072601569519266,False,False,0.9999855768537349,0.515325339084369,0.11836546659469604,0.8894692659378052,-0.11290225418100686,2.02817568795413,12.492405555727245
YULARA_COMBINED,Ridge,validation,121,lag54:global_horizontal_irradiance,0.23750550083763564,0.23750550083763564,False,False,0.9999855768537349,0.1905338734625209,0.00022741052089259028,0.7927772402763367,0.06177927759521457,2.5974820915924517,5.818307927155591
YULARA_COMBINED,Ridge,validation,122,lag54:power_missing,0.006577808643541041,0.006577808643541041,False,False,4.3269438795378825e-05,0.00012442453651860148,0.0,1.0,0.012337710341104443,152.01973556088376,0.25990753439923014
YULARA_COMBINED,Ridge,validation,123,lag54:temperature_missing,0.007595344404710617,0.007595344404710617,False,False,5.76925850605051e-05,0.1856414084857534,0.0,1.0,24.433877650840202,131.65200340287103,0.49583493023371084
YULARA_COMBINED,Ridge,validation,124,lag54:ghi_missing,0.007595344404710617,0.007595344404710617,False,False,5.76925850605051e-05,0.1856414084857534,0.0,1.0,24.433877650840202,131.65200340287103,0.4958349348403085
YULARA_COMBINED,Ridge,validation,125,lag54:isolation_forest_flag,0.09997134130837092,0.09997134130837092,False,False,0.010096202385588393,0.0011198208286674132,0.0,1.0,-0.08978954807890892,9.901875724173403,0.3827126099091713
YULARA_COMBINED,Ridge,validation,126,lag53:historical_ac_active_power,0.2888145183154396,0.2888145183154396,False,False,0.9999855768537349,0.2269562883213676,-8.4152547060512e-05,0.9799339175224304,0.05898613836544058,2.666118333772148,5.515758082193089
YULARA_COMBINED,Ridge,validation,127,lag53:ambient_temperature,0.20725491024246992,0.20725491024246992,False,False,0.9999855768537349,0.5153372950849137,0.11836546659469604,0.8894692659378052,-0.11284267288188589,2.0282222796945573,11.330578005911267
YULARA_COMBINED,Ridge,validation,128,lag53:global_horizontal_irradiance,0.23750341265136599,0.23750341265136599,False,False,0.9999855768537349,0.1905352758600936,0.00022741052089259028,0.7927772402763367,0.06180010798679627,2.597519311736854,9.888143378678084
YULARA_COMBINED,Ridge,validation,129,lag53:power_missing,0.006577808643541041,0.006577808643541041,False,False,4.3269438795378825e-05,0.00012442453651860148,0.0,1.0,0.012337710341104443,152.01973556088376,0.23709394991939234
YULARA_COMBINED,Ridge,validation,130,lag53:temperature_missing,0.007595344404710617,0.007595344404710617,False,False,5.76925850605051e-05,0.1856414084857534,0.0,1.0,24.433877650840202,131.65200340287103,0.4511926489959739
YULARA_COMBINED,Ridge,validation,131,lag53:ghi_missing,0.007595344404710617,0.007595344404710617,False,False,5.76925850605051e-05,0.1856414084857534,0.0,1.0,24.433877650840202,131.65200340287103,0.45119263481989375
YULARA_COMBINED,Ridge,validation,132,lag53:isolation_forest_flag,0.09997134130837092,0.09997134130837092,False,False,0.010096202385588393,0.0011198208286674132,0.0,1.0,-0.08978954807890892,9.901875724173403,0.46969325084514774
YULARA_COMBINED,Ridge,validation,133,lag52:historical_ac_active_power,0.2888139215843157,0.2888139215843157,False,False,0.9999855768537349,0.22695771151722036,-8.4152547060512e-05,0.9799339175224304,0.059004336162541596,2.6661369905536074,5.993549147006761
YULARA_COMBINED,Ridge,validation,134,lag52:ambient_temperature,0.2072494903447324,0.2072494903447324,False,False,0.9999855768537349,0.5153496429209198,0.11836546659469604,0.8894692659378052,-0.11278138304217676,2.028270659594281,13.409256127056347
YULARA_COMBINED,Ridge,validation,135,lag52:global_horizontal_irradiance,0.23750108113314786,0.23750108113314786,False,False,0.9999855768537349,0.1905366766554601,0.00022741052089259028,0.7927772402763367,0.06182224894730261,2.5975604474746956,6.79843058425345
YULARA_COMBINED,Ridge,validation,136,lag52:power_missing,0.00657780864354104,0.00657780864354104,False,False,4.3269438795378825e-05,0.00012442453651860148,0.0,1.0,0.01233771034110445,152.0197355608838,0.21433459905952343
YULARA_COMBINED,Ridge,validation,137,lag52:temperature_missing,0.007595344404710617,0.007595344404710617,False,False,5.76925850605051e-05,0.1856414084857534,0.0,1.0,24.433877650840202,131.65200340287103,0.45864168011958467
YULARA_COMBINED,Ridge,validation,138,lag52:ghi_missing,0.007595344404710617,0.007595344404710617,False,False,5.76925850605051e-05,0.1856414084857534,0.0,1.0,24.433877650840202,131.65200340287103,0.45864169200144167
YULARA_COMBINED,Ridge,validation,139,lag52:isolation_forest_flag,0.09997134130837093,0.09997134130837093,False,False,0.010096202385588393,0.0011198208286674132,0.0,1.0,-0.08978954807890888,9.9018757241734,0.7011284103076613
YULARA_COMBINED,Ridge,validation,140,lag51:historical_ac_active_power,0.28881322009667887,0.28881322009667887,False,False,0.9999855768537349,0.2269591940609441,-8.4152547060512e-05,0.9799339175224304,0.05901990858057136,2.666153762112039,7.444568016552855
YULARA_COMBINED,Ridge,validation,141,lag51:ambient_temperature,0.20724431634956822,0.20724431634956822,False,False,0.9999855768537349,0.5153621532290866,0.11836546659469604,0.8894692659378052,-0.11271885154782812,2.0283163146153247,14.713273216590881
YULARA_COMBINED,Ridge,validation,142,lag51:global_horizontal_irradiance,0.2374984618548239,0.2374984618548239,False,False,0.9999855768537349,0.1905385103892545,0.00022741052089259028,0.7927772402763367,0.06184648811310771,2.597604931278157,7.844724850945354
YULARA_COMBINED,Ridge,validation,143,lag51:power_missing,0.00657780864354104,0.00657780864354104,False,False,4.3269438795378825e-05,0.00012442453651860148,0.0,1.0,0.01233771034110445,152.0197355608838,0.20198152133603847
YULARA_COMBINED,Ridge,validation,144,lag51:temperature_missing,0.007595344404710617,0.007595344404710617,False,False,5.76925850605051e-05,0.1856414084857534,0.0,1.0,24.433877650840202,131.65200340287103,0.4196274315282656
YULARA_COMBINED,Ridge,validation,145,lag51:ghi_missing,0.007595344404710617,0.007595344404710617,False,False,5.76925850605051e-05,0.1856414084857534,0.0,1.0,24.433877650840202,131.65200340287103,0.41962741621709465
YULARA_COMBINED,Ridge,validation,146,lag51:isolation_forest_flag,0.09997134130837093,0.09997134130837093,False,False,0.010096202385588393,0.0011198208286674132,0.0,1.0,-0.08978954807890888,9.9018757241734,0.398092568396643
YULARA_COMBINED,Ridge,validation,147,lag50:historical_ac_active_power,0.2888118255514123,0.2888118255514123,False,False,0.9999855768537349,0.2269614748306603,-8.4152547060512e-05,0.9799339175224304,0.05904267606815483,2.6661812212235056,8.09066854296987
YULARA_COMBINED,Ridge,validation,148,lag50:ambient_temperature,0.20723933776110595,0.20723933776110595,False,False,0.9999855768537349,0.5153746635335453,0.11836546659469604,0.8894692659378052,-0.1126563016013137,2.028360150242731,12.336861661745626
YULARA_COMBINED,Ridge,validation,149,lag50:global_horizontal_irradiance,0.2374955782210606,0.2374955782210606,False,False,0.9999855768537349,0.19054067700499194,0.00022741052089259028,0.7927772402763367,0.061874304663650286,2.5976544138443933,8.380769810875275
YULARA_COMBINED,Ridge,validation,150,lag50:power_missing,0.00657780864354104,0.00657780864354104,False,False,4.3269438795378825e-05,0.00012442453651860148,0.0,1.0,0.01233771034110445,152.0197355608838,0.19862284397929914
YULARA_COMBINED,Ridge,validation,151,lag50:temperature_missing,0.007595344404710617,0.007595344404710617,False,False,5.76925850605051e-05,0.1856414084857534,0.0,1.0,24.433877650840202,131.65200340287103,0.3501621978986002
YULARA_COMBINED,Ridge,validation,152,lag50:ghi_missing,0.007595344404710617,0.007595344404710617,False,False,5.76925850605051e-05,0.1856414084857534,0.0,1.0,24.433877650840202,131.65200340287103,0.3501622057845203
YULARA_COMBINED,Ridge,validation,153,lag50:isolation_forest_flag,0.09997134130837093,0.09997134130837093,False,False,0.010096202385588393,0.0011198208286674132,0.0,1.0,-0.08978954807890888,9.9018757241734,0.2934341182668807
YULARA_COMBINED,Ridge,validation,154,lag49:historical_ac_active_power,0.28880999539301583,0.28880999539301583,False,False,0.9999855768537349,0.22696455828635387,-8.4152547060512e-05,0.9799339175224304,0.05906768199323088,2.666212071893683,6.7667064414927935
YULARA_COMBINED,Ridge,validation,155,lag49:ambient_temperature,0.20723431964425942,0.20723431964425942,False,False,0.9999855768537349,0.5153866099670883,0.11836546659469604,0.8894692659378052,-0.11259548068480629,2.028403364504064,13.274292573732822
YULARA_COMBINED,Ridge,validation,156,lag49:global_horizontal_irradiance,0.23749240198635482,0.23749240198635482,False,False,0.9999855768537349,0.19054332713703015,0.00022741052089259028,0.7927772402763367,0.06190504861040602,2.5977079126275378,10.247074172237044
YULARA_COMBINED,Ridge,validation,157,lag49:power_missing,0.00657780864354104,0.00657780864354104,False,False,4.3269438795378825e-05,0.00012442453651860148,0.0,1.0,0.012337710341104443,152.0197355608838,0.23094915823607912
YULARA_COMBINED,Ridge,validation,158,lag49:temperature_missing,0.007595344404710617,0.007595344404710617,False,False,5.76925850605051e-05,0.1856414084857534,0.0,1.0,24.433877650840202,131.65200340287103,0.38897694468712585
YULARA_COMBINED,Ridge,validation,159,lag49:ghi_missing,0.007595344404710617,0.007595344404710617,False,False,5.76925850605051e-05,0.1856414084857534,0.0,1.0,24.433877650840202,131.65200340287103,0.3889770434225763
YULARA_COMBINED,Ridge,validation,160,lag49:isolation_forest_flag,0.09997134130837093,0.09997134130837093,False,False,0.010096202385588393,0.0011198208286674132,0.0,1.0,-0.08978954807890888,9.9018757241734,0.4334994770017049
YULARA_COMBINED,Ridge,validation,161,lag48:historical_ac_active_power,0.28880778227756726,0.28880778227756726,False,False,0.9999855768537349,0.2269668906157332,-8.4152547060512e-05,0.9799339175224304,0.059091395332089736,2.6662476878970733,5.464612217713903
YULARA_COMBINED,Ridge,validation,162,lag48:ambient_temperature,0.20722909292822717,0.20722909292822717,False,False,0.9999855768537349,0.5153976389140547,0.11836546659469604,0.8894692659378052,-0.11253780218408452,2.0284472273962524,14.274716455507372
YULARA_COMBINED,Ridge,validation,163,lag48:global_horizontal_irradiance,0.23748859847606713,0.23748859847606713,False,False,0.9999855768537349,0.19054629694452818,0.00022741052089259028,0.7927772402763367,0.06193512163258107,2.59776609287181,8.705783231991907
YULARA_COMBINED,Ridge,validation,164,lag48:power_missing,0.006577808643541039,0.006577808643541039,False,False,4.3269438795378825e-05,0.00012442453651860148,0.0,1.0,0.01233771034110445,152.01973556088382,0.2346853049133063
YULARA_COMBINED,Ridge,validation,165,lag48:temperature_missing,0.007595344404710617,0.007595344404710617,False,False,5.76925850605051e-05,0.1856414084857534,0.0,1.0,24.433877650840202,131.65200340287103,0.3904609229483832
YULARA_COMBINED,Ridge,validation,166,lag48:ghi_missing,0.007595344404710617,0.007595344404710617,False,False,5.76925850605051e-05,0.1856414084857534,0.0,1.0,24.433877650840202,131.65200340287103,0.39046092461490894
YULARA_COMBINED,Ridge,validation,167,lag48:isolation_forest_flag,0.09997134130837093,0.09997134130837093,False,False,0.010096202385588393,0.0011198208286674132,0.0,1.0,-0.08978954807890888,9.9018757241734,0.6564839384961185
YULARA_COMBINED,Ridge,validation,168,lag47:historical_ac_active_power,0.2888053632500434,0.2888053632500434,False,False,0.9999855768537349,0.22697021011640325,-8.4152547060512e-05,0.9799339175224304,0.059117321105977554,2.666283957253667,6.884389289510173
YULARA_COMBINED,Ridge,validation,169,lag47:ambient_temperature,0.20722376111119833,0.20722376111119833,False,False,0.9999855768537349,0.5154084958366913,0.11836546659469604,0.8894692659378052,-0.11248169227430219,2.028492805637591,22.855274060105565
YULARA_COMBINED,Ridge,validation,170,lag47:global_horizontal_irradiance,0.23748444533945373,0.23748444533945373,False,False,0.9999855768537349,0.19054901657591963,0.00022741052089259028,0.7927772402763367,0.06196376867932357,2.5978276347932012,9.82620268116734
YULARA_COMBINED,Ridge,validation,171,lag47:power_missing,0.006577808643541038,0.006577808643541038,False,False,4.3269438795378825e-05,0.00012442453651860148,0.0,1.0,0.01233771034110444,152.01973556088382,0.26872909424076324
YULARA_COMBINED,Ridge,validation,172,lag47:temperature_missing,0.007595344404710617,0.007595344404710617,False,False,5.76925850605051e-05,0.1856414084857534,0.0,1.0,24.433877650840202,131.65200340287103,0.476993085736136
YULARA_COMBINED,Ridge,validation,173,lag47:ghi_missing,0.007595344404710617,0.007595344404710617,False,False,5.76925850605051e-05,0.1856414084857534,0.0,1.0,24.433877650840202,131.65200340287103,0.47699304063161313
YULARA_COMBINED,Ridge,validation,174,lag47:isolation_forest_flag,0.09997134130837093,0.09997134130837093,False,False,0.010096202385588393,0.0011198208286674132,0.0,1.0,-0.08978954807890888,9.9018757241734,0.7707911973949004
YULARA_COMBINED,Ridge,validation,175,lag46:historical_ac_active_power,0.28880249714303063,0.28880249714303063,False,False,0.9999855768537349,0.22697367216488776,-8.4152547060512e-05,0.9799339175224304,0.05914509567720462,2.666325618027868,7.412322514952798
YULARA_COMBINED,Ridge,validation,176,lag46:ambient_temperature,0.20721809034550914,0.20721809034550914,False,False,0.9999855768537349,0.5154193432034508,0.11836546659469604,0.8894692659378052,-0.11242660074723645,2.0285424955840203,10.163765045386034
YULARA_COMBINED,Ridge,validation,177,lag46:global_horizontal_irradiance,0.23747995591640544,0.23747995591640544,False,False,0.9999855768537349,0.19055290169572056,0.00022741052089259028,0.7927772402763367,0.061997734840468915,2.597893180233777,9.0488881284958
YULARA_COMBINED,Ridge,validation,178,lag46:power_missing,0.006577808643541039,0.006577808643541039,False,False,4.3269438795378825e-05,0.00012442453651860148,0.0,1.0,0.01233771034110445,152.01973556088382,0.22086902050761426
YULARA_COMBINED,Ridge,validation,179,lag46:temperature_missing,0.007595344404710618,0.007595344404710618,False,False,5.76925850605051e-05,0.1856414084857534,0.0,1.0,24.433877650840202,131.652003402871,0.39178022097083287
YULARA_COMBINED,Ridge,validation,180,lag46:ghi_missing,0.007595344404710618,0.007595344404710618,False,False,5.76925850605051e-05,0.1856414084857534,0.0,1.0,24.433877650840202,131.652003402871,0.3917802032451527
YULARA_COMBINED,Ridge,validation,181,lag46:isolation_forest_flag,0.09997134130837093,0.09997134130837093,False,False,0.010096202385588393,0.0011198208286674132,0.0,1.0,-0.08978954807890888,9.9018757241734,0.8049344202779821
YULARA_COMBINED,Ridge,validation,182,lag45:historical_ac_active_power,0.2887994819707863,0.2887994819707863,False,False,0.9999855768537349,0.22697701598240028,-8.4152547060512e-05,0.9799339175224304,0.05917120372351033,2.6663673676563664,7.136981207571111
YULARA_COMBINED,Ridge,validation,183,lag45:ambient_temperature,0.20721238239767792,0.20721238239767792,False,False,0.9999855768537349,0.5154302096856728,0.11836546659469604,0.8894692659378052,-0.11237050917748857,2.0285916273196367,16.382532231297592
YULARA_COMBINED,Ridge,validation,184,lag45:global_horizontal_irradiance,0.23747516658749804,0.23747516658749804,False,False,0.9999855768537349,0.1905560319022682,0.00022741052089259028,0.7927772402763367,0.06202899456388116,2.5979624019510457,9.758249130394553
YULARA_COMBINED,Ridge,validation,185,lag45:power_missing,0.006577808643541038,0.006577808643541038,False,False,4.3269438795378825e-05,0.00012442453651860148,0.0,1.0,0.01233771034110444,152.01973556088382,0.21316079927030895
YULARA_COMBINED,Ridge,validation,186,lag45:temperature_missing,0.007595344404710618,0.007595344404710618,False,False,5.76925850605051e-05,0.1856414084857534,0.0,1.0,24.433877650840202,131.652003402871,0.35360598441809243
YULARA_COMBINED,Ridge,validation,187,lag45:ghi_missing,0.007595344404710618,0.007595344404710618,False,False,5.76925850605051e-05,0.1856414084857534,0.0,1.0,24.433877650840202,131.652003402871,0.35360606381216275
YULARA_COMBINED,Ridge,validation,188,lag45:isolation_forest_flag,0.09997134130837093,0.09997134130837093,False,False,0.010096202385588393,0.0011198208286674132,0.0,1.0,-0.08978954807890888,9.9018757241734,0.4153444770608966
YULARA_COMBINED,Ridge,validation,189,lag44:historical_ac_active_power,0.28879585764407245,0.28879585764407245,False,False,0.9999855768537349,0.2269854800327506,-8.4152547060512e-05,0.9799339175224304,0.05921633559922958,2.666415911216599,8.067202170777875
YULARA_COMBINED,Ridge,validation,190,lag44:ambient_temperature,0.20720671775173907,0.20720671775173907,False,False,0.9999855768537349,0.5154419363117921,0.11836546659469604,0.8894692659378052,-0.11230997791959264,2.028640075831022,11.29063264822088
YULARA_COMBINED,Ridge,validation,191,lag44:global_horizontal_irradiance,0.23747001376500357,0.23747001376500357,False,False,0.9999855768537349,0.19056018194912822,0.00022741052089259028,0.7927772402763367,0.06206490856256696,2.5980358666606813,9.909995461068332
YULARA_COMBINED,Ridge,validation,192,lag44:power_missing,0.006577808643541038,0.006577808643541038,False,False,4.3269438795378825e-05,0.00012442453651860148,0.0,1.0,0.01233771034110444,152.01973556088382,0.17025676124500383
YULARA_COMBINED,Ridge,validation,193,lag44:temperature_missing,0.007595344404710618,0.007595344404710618,False,False,5.76925850605051e-05,0.1856414084857534,0.0,1.0,24.433877650840202,131.652003402871,0.3881833352674499
YULARA_COMBINED,Ridge,validation,194,lag44:ghi_missing,0.007595344404710618,0.007595344404710618,False,False,5.76925850605051e-05,0.1856414084857534,0.0,1.0,24.433877650840202,131.652003402871,0.3881833716067852
YULARA_COMBINED,Ridge,validation,195,lag44:isolation_forest_flag,0.09997134130837093,0.09997134130837093,False,False,0.010096202385588393,0.0011198208286674132,0.0,1.0,-0.08978954807890888,9.9018757241734,0.5384680877150335
YULARA_COMBINED,Ridge,validation,196,lag43:historical_ac_active_power,0.2887922907759606,0.2887922907759606,False,False,0.9999855768537349,0.22699243701895214,-8.4152547060512e-05,0.9799339175224304,0.0592546687484086,2.666462355907882,9.225045769896358
YULARA_COMBINED,Ridge,validation,197,lag43:ambient_temperature,0.207201221951414,0.207201221951414,False,False,0.9999855768537349,0.5154540738962518,0.11836546659469604,0.8894692659378052,-0.1122475075190933,2.0286870128549634,18.99646114883436
YULARA_COMBINED,Ridge,validation,198,lag43:global_horizontal_irradiance,0.23746467290775036,0.23746467290775036,False,False,0.9999855768537349,0.19056649727801192,0.00022741052089259028,0.7927772402763367,0.0621099680961632,2.598111368322419,10.650692080986804
YULARA_COMBINED,Ridge,validation,199,lag43:power_missing,0.006577808643541038,0.006577808643541038,False,False,4.3269438795378825e-05,0.00012442453651860148,0.0,1.0,0.01233771034110444,152.01973556088382,0.1645682617367835
YULARA_COMBINED,Ridge,validation,200,lag43:temperature_missing,0.007595344404710618,0.007595344404710618,False,False,5.76925850605051e-05,0.1856414084857534,0.0,1.0,24.433877650840202,131.652003402871,0.44993308917734814
YULARA_COMBINED,Ridge,validation,201,lag43:ghi_missing,0.007595344404710618,0.007595344404710618,False,False,5.76925850605051e-05,0.1856414084857534,0.0,1.0,24.433877650840202,131.652003402871,0.44993308694059064
YULARA_COMBINED,Ridge,validation,202,lag43:isolation_forest_flag,0.09997134130837093,0.09997134130837093,False,False,0.010096202385588393,0.0011198208286674132,0.0,1.0,-0.08978954807890888,9.9018757241734,0.4766056776010518
YULARA_COMBINED,Ridge,validation,203,lag42:historical_ac_active_power,0.28878814727506563,0.28878814727506563,False,False,0.9999855768537349,0.2269963966238458,-8.4152547060512e-05,0.9799339175224304,0.059284136999123674,2.6665155209846474,7.061283863663779
YULARA_COMBINED,Ridge,validation,204,lag42:ambient_temperature,0.20719560766924064,0.20719560766924064,False,False,0.9999855768537349,0.5154673296703737,0.11836546659469604,0.8894692659378052,-0.11217928411280455,2.028734695410887,13.060692724837216
YULARA_COMBINED,Ridge,validation,205,lag42:global_horizontal_irradiance,0.23745902671435815,0.23745902671435815,False,False,0.9999855768537349,0.19057089736221292,0.00022741052089259028,0.7927772402763367,0.062147368011172224,2.5981905382652295,10.688016566800655
YULARA_COMBINED,Ridge,validation,206,lag42:power_missing,0.006577808643541038,0.006577808643541038,False,False,4.3269438795378825e-05,0.00012442453651860148,0.0,1.0,0.01233771034110444,152.01973556088382,0.18413229041219115
YULARA_COMBINED,Ridge,validation,207,lag42:temperature_missing,0.007595344404710618,0.007595344404710618,False,False,5.76925850605051e-05,0.1856414084857534,0.0,1.0,24.433877650840202,131.652003402871,0.4693303753393258
YULARA_COMBINED,Ridge,validation,208,lag42:ghi_missing,0.007595344404710618,0.007595344404710618,False,False,5.76925850605051e-05,0.1856414084857534,0.0,1.0,24.433877650840202,131.652003402871,0.4693303643601599
YULARA_COMBINED,Ridge,validation,209,lag42:isolation_forest_flag,0.09997134130837093,0.09997134130837093,False,False,0.010096202385588393,0.0011198208286674132,0.0,1.0,-0.08978954807890888,9.9018757241734,0.3224989954061519
YULARA_COMBINED,Ridge,validation,210,lag41:historical_ac_active_power,0.2887837931206483,0.2887837931206483,False,False,0.9999855768537349,0.22700211771550582,-8.4152547060512e-05,0.9799339175224304,0.0593188130022376,2.6665696966844954,8.42863510236404
YULARA_COMBINED,Ridge,validation,211,lag41:ambient_temperature,0.20718970011382615,0.20718970011382615,False,False,0.9999855768537349,0.5154825255397141,0.11836546659469604,0.8894692659378052,-0.11210095888225445,2.0287843592967025,10.80202550369676
YULARA_COMBINED,Ridge,validation,212,lag41:global_horizontal_irradiance,0.2374530507734713,0.2374530507734713,False,False,0.9999855768537349,0.19057655325567327,0.00022741052089259028,0.7927772402763367,0.06219048712814869,2.5982736625562,9.840735250214689
YULARA_COMBINED,Ridge,validation,213,lag41:power_missing,0.006577808643541037,0.006577808643541037,False,False,4.3269438795378825e-05,0.00012442453651860148,0.0,1.0,0.012337710341104442,152.01973556088384,0.19686341906756036
YULARA_COMBINED,Ridge,validation,214,lag41:temperature_missing,0.007595344404710618,0.007595344404710618,False,False,5.76925850605051e-05,0.1856414084857534,0.0,1.0,24.433877650840202,131.652003402871,0.42851323418687326
YULARA_COMBINED,Ridge,validation,215,lag41:ghi_missing,0.007595344404710618,0.007595344404710618,False,False,5.76925850605051e-05,0.1856414084857534,0.0,1.0,24.433877650840202,131.652003402871,0.42851313006237596
YULARA_COMBINED,Ridge,validation,216,lag41:isolation_forest_flag,0.09997134130837095,0.09997134130837095,False,False,0.010096202385588393,0.0011198208286674132,0.0,1.0,-0.08978954807890888,9.901875724173399,0.471643261389983
YULARA_COMBINED,Ridge,validation,217,lag40:historical_ac_active_power,0.28877871129950955,0.28877871129950955,False,False,0.9999855768537349,0.22700472469836552,-8.4152547060512e-05,0.9799339175224304,0.05934476643187062,2.666632503938107,8.102615545421907
YULARA_COMBINED,Ridge,validation,218,lag40:ambient_temperature,0.20718386585386558,0.20718386585386558,False,False,0.9999855768537349,0.5155001775958029,0.11836546659469604,0.8894692659378052,-0.11201104993486946,2.028833623760288,13.532674071191943
YULARA_COMBINED,Ridge,validation,219,lag40:global_horizontal_irradiance,0.23744674041453923,0.23744674041453923,False,False,0.9999855768537349,0.19058022606544636,0.00022741052089259028,0.7927772402763367,0.062225747473458895,2.5983608536432166,9.977858285082693
YULARA_COMBINED,Ridge,validation,220,lag40:power_missing,0.006577808643541037,0.006577808643541037,False,False,4.3269438795378825e-05,0.00012442453651860148,0.0,1.0,0.012337710341104442,152.01973556088384,0.246217818492266
YULARA_COMBINED,Ridge,validation,221,lag40:temperature_missing,0.007595344404710618,0.007595344404710618,False,False,5.76925850605051e-05,0.1856414084857534,0.0,1.0,24.433877650840202,131.652003402871,0.40892689011215944
YULARA_COMBINED,Ridge,validation,222,lag40:ghi_missing,0.007595344404710618,0.007595344404710618,False,False,5.76925850605051e-05,0.1856414084857534,0.0,1.0,24.433877650840202,131.652003402871,0.4089268791401503
YULARA_COMBINED,Ridge,validation,223,lag40:isolation_forest_flag,0.09997134130837095,0.09997134130837095,False,False,0.010096202385588393,0.0011198208286674132,0.0,1.0,-0.08978954807890888,9.901875724173399,0.3059006964195909
YULARA_COMBINED,Ridge,validation,224,lag39:historical_ac_active_power,0.2887732739379151,0.2887732739379151,False,False,0.9999855768537349,0.22700847948586964,-8.4152547060512e-05,0.9799339175224304,0.059374596017339056,2.66669842404734,9.052611173968586
YULARA_COMBINED,Ridge,validation,225,lag39:ambient_temperature,0.20717765401464572,0.20717765401464572,False,False,0.9999855768537349,0.5155194639256675,0.11836546659469604,0.8894692659378052,-0.11191305057699659,2.0288861875683826,11.062733429808633
YULARA_COMBINED,Ridge,validation,226,lag39:global_horizontal_irradiance,0.23744012652573465,0.23744012652573465,False,False,0.9999855768537349,0.1905834560335949,0.00022741052089259028,0.7927772402763367,0.06226013466123799,2.598452281515884,11.537097051396712
YULARA_COMBINED,Ridge,validation,227,lag39:power_missing,0.006577808643541037,0.006577808643541037,False,False,4.3269438795378825e-05,0.00012442453651860148,0.0,1.0,0.012337710341104442,152.01973556088384,0.18925309154607944
YULARA_COMBINED,Ridge,validation,228,lag39:temperature_missing,0.007595344404710618,0.007595344404710618,False,False,5.76925850605051e-05,0.1856414084857534,0.0,1.0,24.433877650840202,131.652003402871,0.4172783670795728
YULARA_COMBINED,Ridge,validation,229,lag39:ghi_missing,0.007595344404710618,0.007595344404710618,False,False,5.76925850605051e-05,0.1856414084857534,0.0,1.0,24.433877650840202,131.652003402871,0.4172783864567558
YULARA_COMBINED,Ridge,validation,230,lag39:isolation_forest_flag,0.09997134130837095,0.09997134130837095,False,False,0.010096202385588393,0.0011198208286674132,0.0,1.0,-0.08978954807890888,9.901875724173399,0.47155545379213853
YULARA_COMBINED,Ridge,validation,231,lag38:historical_ac_active_power,0.28876673585394835,0.28876673585394835,False,False,0.9999855768537349,0.22701238249431804,-8.4152547060512e-05,0.9799339175224304,0.05940772915453464,2.6667770745244352,11.677406369009251
YULARA_COMBINED,Ridge,validation,232,lag38:ambient_temperature,0.2071713709518181,0.2071713709518181,False,False,0.9999855768537349,0.5155387120264612,0.11836546659469604,0.8894692659378052,-0.11181447687926796,2.0289386606263355,28.921638399524554
YULARA_COMBINED,Ridge,validation,233,lag38:global_horizontal_irradiance,0.23743300811458878,0.23743300811458878,False,False,0.9999855768537349,0.1905868048869473,0.00022741052089259028,0.7927772402763367,0.062296650461324675,2.5985507297541375,12.205723313486779
YULARA_COMBINED,Ridge,validation,234,lag38:power_missing,0.006577808643541037,0.006577808643541037,False,False,4.3269438795378825e-05,0.00012442453651860148,0.0,1.0,0.012337710341104442,152.01973556088384,0.27973975644422805
YULARA_COMBINED,Ridge,validation,235,lag38:temperature_missing,0.007595344404710618,0.007595344404710618,False,False,5.76925850605051e-05,0.1856414084857534,0.0,1.0,24.433877650840202,131.652003402871,0.6568530318553868
YULARA_COMBINED,Ridge,validation,236,lag38:ghi_missing,0.007595344404710618,0.007595344404710618,False,False,5.76925850605051e-05,0.1856414084857534,0.0,1.0,24.433877650840202,131.652003402871,0.6568530999871454
YULARA_COMBINED,Ridge,validation,237,lag38:isolation_forest_flag,0.09997134130837095,0.09997134130837095,False,False,0.010096202385588393,0.0011198208286674132,0.0,1.0,-0.08978954807890888,9.901875724173399,0.9035344668130305
YULARA_COMBINED,Ridge,validation,238,lag37:historical_ac_active_power,0.2887607175553493,0.2887607175553493,False,False,0.9999855768537349,0.2270177220531632,-8.4152547060512e-05,0.9799339175224304,0.05944323024654122,2.666848426643967,10.083803824760425
YULARA_COMBINED,Ridge,validation,239,lag37:ambient_temperature,0.20716506630458162,0.20716506630458162,False,False,0.9999855768537349,0.5155570808716032,0.11836546659469604,0.8894692659378052,-0.11172051671018575,2.028991711907457,12.430760986993429
YULARA_COMBINED,Ridge,validation,240,lag37:global_horizontal_irradiance,0.23742614898016806,0.23742614898016806,False,False,0.9999855768537349,0.19059090292459235,0.00022741052089259028,0.7927772402763367,0.0623338456182552,2.5986439358857107,10.610818636779834
YULARA_COMBINED,Ridge,validation,241,lag37:power_missing,0.0065778086435410365,0.0065778086435410365,False,False,4.3269438795378825e-05,0.00012442453651860148,0.0,1.0,0.012337710341104445,152.01973556088387,0.4100536944077685
YULARA_COMBINED,Ridge,validation,242,lag37:temperature_missing,0.007595344404710618,0.007595344404710618,False,False,5.76925850605051e-05,0.1856414084857534,0.0,1.0,24.433877650840202,131.652003402871,0.5904509008160413
YULARA_COMBINED,Ridge,validation,243,lag37:ghi_missing,0.007595344404710618,0.007595344404710618,False,False,5.76925850605051e-05,0.1856414084857534,0.0,1.0,24.433877650840202,131.652003402871,0.5904509301784774
YULARA_COMBINED,Ridge,validation,244,lag37:isolation_forest_flag,0.09997134130837095,0.09997134130837095,False,False,0.010096202385588393,0.0011198208286674132,0.0,1.0,-0.08978954807890888,9.901875724173399,0.7819353736829097
YULARA_COMBINED,Ridge,validation,245,lag36:historical_ac_active_power,0.2887535645251291,0.2887535645251291,False,False,0.9999855768537349,0.22702684382893615,-8.4152547060512e-05,0.9799339175224304,0.05949490708611589,2.666933104192672,11.931179224692034
YULARA_COMBINED,Ridge,validation,246,lag36:ambient_temperature,0.20715857668896467,0.20715857668896467,False,False,0.9999855768537349,0.5155751534437635,0.11836546659469604,0.8894692659378052,-0.1116280057948564,2.0290465032459775,11.962870292520764
YULARA_COMBINED,Ridge,validation,247,lag36:global_horizontal_irradiance,0.2374195910091537,0.2374195910091537,False,False,0.9999855768537349,0.1905970124949497,0.00022741052089259028,0.7927772402763367,0.06237533176329083,2.598729746417177,11.40732557924523
YULARA_COMBINED,Ridge,validation,248,lag36:power_missing,0.0065778086435410365,0.0065778086435410365,False,False,4.3269438795378825e-05,0.00012442453651860148,0.0,1.0,0.012337710341104445,152.01973556088387,0.3939386881613335
YULARA_COMBINED,Ridge,validation,249,lag36:temperature_missing,0.007595344404710618,0.007595344404710618,False,False,5.76925850605051e-05,0.1856414084857534,0.0,1.0,24.433877650840202,131.652003402871,0.5797688306640203
YULARA_COMBINED,Ridge,validation,250,lag36:ghi_missing,0.007595344404710618,0.007595344404710618,False,False,5.76925850605051e-05,0.1856414084857534,0.0,1.0,24.433877650840202,131.652003402871,0.5797687311340521
YULARA_COMBINED,Ridge,validation,251,lag36:isolation_forest_flag,0.09997134130837095,0.09997134130837095,False,False,0.010096202385588393,0.0011198208286674132,0.0,1.0,-0.08978954807890888,9.901875724173399,0.6243294375456722
YULARA_COMBINED,Ridge,validation,252,lag35:historical_ac_active_power,0.2887488522359905,0.2887488522359905,False,False,0.9999855768537349,0.22703893188875876,-8.4152547060512e-05,0.9799339175224304,0.05953087107046024,2.6669697571594027,9.43035691124384
YULARA_COMBINED,Ridge,validation,253,lag35:ambient_temperature,0.20715202357810106,0.20715202357810106,False,False,0.9999855768537349,0.5155937421018914,0.11836546659469604,0.8894692659378052,-0.11153318167151467,2.0291020697081366,11.913585645837856
YULARA_COMBINED,Ridge,validation,254,lag35:global_horizontal_irradiance,0.23741185992597022,0.23741185992597022,False,False,0.9999855768537349,0.19060636192442695,0.00022741052089259028,0.7927772402763367,0.0624373298703306,2.598834957771812,9.894049264062819
YULARA_COMBINED,Ridge,validation,255,lag35:power_missing,0.0065778086435410365,0.0065778086435410365,False,False,4.3269438795378825e-05,0.00012442453651860148,0.0,1.0,0.012337710341104445,152.01973556088387,0.4003600683282158
YULARA_COMBINED,Ridge,validation,256,lag35:temperature_missing,0.007595344404710618,0.007595344404710618,False,False,5.76925850605051e-05,0.1856414084857534,0.0,1.0,24.433877650840202,131.652003402871,0.5465303087010909
YULARA_COMBINED,Ridge,validation,257,lag35:ghi_missing,0.007595344404710618,0.007595344404710618,False,False,5.76925850605051e-05,0.1856414084857534,0.0,1.0,24.433877650840202,131.652003402871,0.5465303745991374
YULARA_COMBINED,Ridge,validation,258,lag35:isolation_forest_flag,0.09997134130837096,0.09997134130837096,False,False,0.010096202385588393,0.0011198208286674132,0.0,1.0,-0.08978954807890888,9.901875724173397,0.6165133400064468
YULARA_COMBINED,Ridge,validation,259,lag34:historical_ac_active_power,0.28874415295276434,0.28874415295276434,False,False,0.9999855768537349,0.22705114798220472,-8.4152547060512e-05,0.9799339175224304,0.05956970696628766,2.6670087211976505,9.473986129877431
YULARA_COMBINED,Ridge,validation,260,lag34:ambient_temperature,0.20714519466957898,0.20714519466957898,False,False,0.9999855768537349,0.515612674817949,0.11836546659469604,0.8894692659378052,-0.11143733635314165,2.029160838734692,35.089920280489714
YULARA_COMBINED,Ridge,validation,261,lag34:global_horizontal_irradiance,0.23740522881269266,0.23740522881269266,False,False,0.9999855768537349,0.1906154888578761,0.00022741052089259028,0.7927772402763367,0.06248786233002087,2.59891789139881,9.252613079109548
YULARA_COMBINED,Ridge,validation,262,lag34:power_missing,0.006577808643541036,0.006577808643541036,False,False,4.3269438795378825e-05,0.00012442453651860148,0.0,1.0,0.012337710341104449,152.0197355608839,0.4133016878176741
YULARA_COMBINED,Ridge,validation,263,lag34:temperature_missing,0.007595344404710618,0.007595344404710618,False,False,5.76925850605051e-05,0.1856414084857534,0.0,1.0,24.433877650840202,131.652003402871,0.5114426305444003
YULARA_COMBINED,Ridge,validation,264,lag34:ghi_missing,0.007595344404710618,0.007595344404710618,False,False,5.76925850605051e-05,0.1856414084857534,0.0,1.0,24.433877650840202,131.652003402871,0.5114425698814488
YULARA_COMBINED,Ridge,validation,265,lag34:isolation_forest_flag,0.09997134130837096,0.09997134130837096,False,False,0.010096202385588393,0.0011198208286674132,0.0,1.0,-0.08978954807890888,9.901875724173397,0.8920969048500771
YULARA_COMBINED,Ridge,validation,266,lag33:historical_ac_active_power,0.28873813015368205,0.28873813015368205,False,False,0.9999855768537349,0.22706080253051145,-8.4152547060512e-05,0.9799339175224304,0.05961749984049804,2.667077465696754,8.925231843549467
YULARA_COMBINED,Ridge,validation,267,lag33:ambient_temperature,0.20713803723948843,0.20713803723948843,False,False,0.9999855768537349,0.5156327830607861,0.11836546659469604,0.8894692659378052,-0.11133682056911604,2.029223664339767,21.56164383850009
YULARA_COMBINED,Ridge,validation,268,lag33:global_horizontal_irradiance,0.23739790508537598,0.23739790508537598,False,False,0.9999855768537349,0.19062469915845634,0.00022741052089259028,0.7927772402763367,0.06254511378152525,2.599014594846772,8.818803474031945
YULARA_COMBINED,Ridge,validation,269,lag33:power_missing,0.006577808643541036,0.006577808643541036,False,False,4.3269438795378825e-05,0.00012442453651860148,0.0,1.0,0.012337710341104475,152.0197355608839,0.494338645989465
YULARA_COMBINED,Ridge,validation,270,lag33:temperature_missing,0.007595344404710618,0.007595344404710618,False,False,5.76925850605051e-05,0.1856414084857534,0.0,1.0,24.433877650840202,131.652003402871,0.334742839522644
YULARA_COMBINED,Ridge,validation,271,lag33:ghi_missing,0.007595344404710618,0.007595344404710618,False,False,5.76925850605051e-05,0.1856414084857534,0.0,1.0,24.433877650840202,131.652003402871,0.33474286736167347
YULARA_COMBINED,Ridge,validation,272,lag33:isolation_forest_flag,0.09997134130837096,0.09997134130837096,False,False,0.010096202385588393,0.0011198208286674132,0.0,1.0,-0.08978954807890888,9.901875724173397,0.7414939378141385
YULARA_COMBINED,Ridge,validation,273,lag32:historical_ac_active_power,0.2887318032691395,0.2887318032691395,False,False,0.9999855768537349,0.22706824512715537,-8.4152547060512e-05,0.9799339175224304,0.05965855296759759,2.667149878381086,7.410679950308365
YULARA_COMBINED,Ridge,validation,274,lag32:ambient_temperature,0.2071303622357102,0.2071303622357102,False,False,0.9999855768537349,0.5156534647359782,0.11836546659469604,0.8894692659378052,-0.1112322455483271,2.0292900032476853,15.611606277453332
YULARA_COMBINED,Ridge,validation,275,lag32:global_horizontal_irradiance,0.23739092394629782,0.23739092394629782,False,False,0.9999855768537349,0.1906310797352527,0.00022741052089259028,0.7927772402763367,0.06258657394443456,2.5991037690049352,7.136743929151526
YULARA_COMBINED,Ridge,validation,276,lag32:power_missing,0.006577808643541036,0.006577808643541036,False,False,4.3269438795378825e-05,0.00012442453651860148,0.0,1.0,0.012337710341104475,152.0197355608839,0.5291527350943432
YULARA_COMBINED,Ridge,validation,277,lag32:temperature_missing,0.007595344404710618,0.007595344404710618,False,False,5.76925850605051e-05,0.1856414084857534,0.0,1.0,24.433877650840202,131.652003402871,0.40170877817374423
YULARA_COMBINED,Ridge,validation,278,lag32:ghi_missing,0.007595344404710618,0.007595344404710618,False,False,5.76925850605051e-05,0.1856414084857534,0.0,1.0,24.433877650840202,131.652003402871,0.40170883008754826
YULARA_COMBINED,Ridge,validation,279,lag32:isolation_forest_flag,0.09997134130837096,0.09997134130837096,False,False,0.010096202385588393,0.0011198208286674132,0.0,1.0,-0.08978954807890888,9.901875724173397,0.758500290529318
YULARA_COMBINED,Ridge,validation,280,lag31:historical_ac_active_power,0.2887243838769123,0.2887243838769123,False,False,0.9999855768537349,0.2270756936131868,-8.4152547060512e-05,0.9799339175224304,0.05970253048984999,2.667235063073585,6.923757846654295
YULARA_COMBINED,Ridge,validation,281,lag31:ambient_temperature,0.20712235702383905,0.20712235702383905,False,False,0.9999855768537349,0.5156743757800334,0.11836546659469604,0.8894692659378052,-0.11112632068524388,2.029359170553829,17.405768254951287
YULARA_COMBINED,Ridge,validation,282,lag31:global_horizontal_irradiance,0.2373823500208571,0.2373823500208571,False,False,0.9999855768537349,0.19063758897637173,0.00022741052089259028,0.7927772402763367,0.0626379017583889,2.5992192914323016,5.511392953754289
YULARA_COMBINED,Ridge,validation,283,lag31:power_missing,0.006577808643541036,0.006577808643541036,False,False,4.3269438795378825e-05,0.00012442453651860148,0.0,1.0,0.012337710341104475,152.0197355608839,0.5532743801202836
YULARA_COMBINED,Ridge,validation,284,lag31:temperature_missing,0.007595344404710618,0.007595344404710618,False,False,5.76925850605051e-05,0.1856414084857534,0.0,1.0,24.433877650840202,131.652003402871,0.6469202095411914
YULARA_COMBINED,Ridge,validation,285,lag31:ghi_missing,0.007595344404710618,0.007595344404710618,False,False,5.76925850605051e-05,0.1856414084857534,0.0,1.0,24.433877650840202,131.652003402871,0.6469202129802394
YULARA_COMBINED,Ridge,validation,286,lag31:isolation_forest_flag,0.09997134130837096,0.09997134130837096,False,False,0.010096202385588393,0.0011198208286674132,0.0,1.0,-0.08978954807890888,9.901875724173397,0.6142515869662417
YULARA_COMBINED,Ridge,validation,287,lag30:historical_ac_active_power,0.28871691513377845,0.28871691513377845,False,False,0.9999855768537349,0.2270907043416951,-8.4152547060512e-05,0.9799339175224304,0.05977268728748901,2.667320682291182,7.649141679557847
YULARA_COMBINED,Ridge,validation,288,lag30:ambient_temperature,0.20711455743963317,0.20711455743963317,False,False,0.9999855768537349,0.515695219921824,0.11836546659469604,0.8894692659378052,-0.11102171836220116,2.029427446278917,22.138306469440266
YULARA_COMBINED,Ridge,validation,289,lag30:global_horizontal_irradiance,0.2373736932720121,0.2373736932720121,False,False,0.9999855768537349,0.1906451781318753,0.00022741052089259028,0.7927772402763367,0.06269387573516422,2.5993358003079265,7.093585751806615
YULARA_COMBINED,Ridge,validation,290,lag30:power_missing,0.006577808643541035,0.006577808643541035,False,False,4.3269438795378825e-05,0.00012442453651860148,0.0,1.0,0.012337710341104473,152.0197355608839,0.6159158518156541
YULARA_COMBINED,Ridge,validation,291,lag30:temperature_missing,0.007595344404710618,0.007595344404710618,False,False,5.76925850605051e-05,0.1856414084857534,0.0,1.0,24.433877650840202,131.652003402871,0.45774815569161836
YULARA_COMBINED,Ridge,validation,292,lag30:ghi_missing,0.007595344404710618,0.007595344404710618,False,False,5.76925850605051e-05,0.1856414084857534,0.0,1.0,24.433877650840202,131.652003402871,0.4577481399228551
YULARA_COMBINED,Ridge,validation,293,lag30:isolation_forest_flag,0.09997134130837096,0.09997134130837096,False,False,0.010096202385588393,0.0011198208286674132,0.0,1.0,-0.08978954807890888,9.901875724173397,0.5736811151179831
YULARA_COMBINED,Ridge,validation,294,lag29:historical_ac_active_power,0.2887097464928708,0.2887097464928708,False,False,0.9999855768537349,0.22710058669477526,-8.4152547060512e-05,0.9799339175224304,0.05982395322893424,2.6674024640785676,8.251447377341144
YULARA_COMBINED,Ridge,validation,295,lag29:ambient_temperature,0.2071066022938369,0.2071066022938369,False,False,0.9999855768537349,0.5157168477530784,0.11836546659469604,0.8894692659378052,-0.1109134984194184,2.0294973424758793,35.22978736353903
YULARA_COMBINED,Ridge,validation,296,lag29:global_horizontal_irradiance,0.23736515398494032,0.23736515398494032,False,False,0.9999855768537349,0.19065357474799094,0.00022741052089259028,0.7927772402763367,0.06275249379571825,2.599450300612584,7.137398792020291
YULARA_COMBINED,Ridge,validation,297,lag29:power_missing,0.006577808643541035,0.006577808643541035,False,False,4.3269438795378825e-05,0.00012442453651860148,0.0,1.0,0.012337710341104473,152.0197355608839,0.5863486796125538
YULARA_COMBINED,Ridge,validation,298,lag29:temperature_missing,0.007595344404710618,0.007595344404710618,False,False,5.76925850605051e-05,0.1856414084857534,0.0,1.0,24.433877650840202,131.652003402871,0.6142530536263038
YULARA_COMBINED,Ridge,validation,299,lag29:ghi_missing,0.007595344404710618,0.007595344404710618,False,False,5.76925850605051e-05,0.1856414084857534,0.0,1.0,24.433877650840202,131.652003402871,0.6142530854829039
YULARA_COMBINED,Ridge,validation,300,lag29:isolation_forest_flag,0.09997134130837096,0.09997134130837096,False,False,0.010096202385588393,0.0011198208286674132,0.0,1.0,-0.08978954807890888,9.901875724173397,0.45220220517120335
YULARA_COMBINED,Ridge,validation,301,lag28:historical_ac_active_power,0.28870206690163686,0.28870206690163686,False,False,0.9999855768537349,0.22711090106927576,-8.4152547060512e-05,0.9799339175224304,0.05987803049130243,2.667490177271144,9.061024178504058
YULARA_COMBINED,Ridge,validation,302,lag28:ambient_temperature,0.2070986060415281,0.2070986060415281,False,False,0.9999855768537349,0.5157398804818292,0.11836546659469604,0.8894692659378052,-0.11079894174512941,2.029568080188535,34.43632107111173
YULARA_COMBINED,Ridge,validation,303,lag28:global_horizontal_irradiance,0.23735643309541732,0.23735643309541732,False,False,0.9999855768537349,0.1906613237409347,0.00022741052089259028,0.7927772402763367,0.06280885574530891,2.599567218192352,6.750078212964026
YULARA_COMBINED,Ridge,validation,304,lag28:power_missing,0.006577808643541035,0.006577808643541035,False,False,4.3269438795378825e-05,0.00012442453651860148,0.0,1.0,0.012337710341104473,152.0197355608839,0.5514597982572997
YULARA_COMBINED,Ridge,validation,305,lag28:temperature_missing,0.007595344404710618,0.007595344404710618,False,False,5.76925850605051e-05,0.1856414084857534,0.0,1.0,24.433877650840202,131.652003402871,0.37679668405609734
YULARA_COMBINED,Ridge,validation,306,lag28:ghi_missing,0.007595344404710618,0.007595344404710618,False,False,5.76925850605051e-05,0.1856414084857534,0.0,1.0,24.433877650840202,131.652003402871,0.37679667708063797
YULARA_COMBINED,Ridge,validation,307,lag28:isolation_forest_flag,0.09997134130837096,0.09997134130837096,False,False,0.010096202385588393,0.0011198208286674132,0.0,1.0,-0.08978954807890888,9.901875724173397,0.5368446891638433
YULARA_COMBINED,Ridge,validation,308,lag27:historical_ac_active_power,0.2886974550886215,0.2886974550886215,False,False,0.9999855768537349,0.227119400278189,-8.4152547060512e-05,0.9799339175224304,0.05991480353350674,2.6675391659067387,9.231113901705168
YULARA_COMBINED,Ridge,validation,309,lag27:ambient_temperature,0.20709048911346947,0.20709048911346947,False,False,0.9999855768537349,0.5157642607709595,0.11836546659469604,0.8894692659378052,-0.11067779987314436,2.0296398723347138,19.930596658199153
YULARA_COMBINED,Ridge,validation,310,lag27:global_horizontal_irradiance,0.2373478236418671,0.2373478236418671,False,False,0.9999855768537349,0.19066869789812468,0.00022741052089259028,0.7927772402763367,0.06286304790193321,2.5996823586478808,8.984355768709943
YULARA_COMBINED,Ridge,validation,311,lag27:power_missing,0.006577808643541035,0.006577808643541035,False,False,4.3269438795378825e-05,0.00012442453651860148,0.0,1.0,0.012337710341104473,152.0197355608839,0.5549644286023592
YULARA_COMBINED,Ridge,validation,312,lag27:temperature_missing,0.007595344404710619,0.007595344404710619,False,False,5.76925850605051e-05,0.1856414084857534,0.0,1.0,24.433877650840202,131.652003402871,0.4765509017713374
YULARA_COMBINED,Ridge,validation,313,lag27:ghi_missing,0.007595344404710619,0.007595344404710619,False,False,5.76925850605051e-05,0.1856414084857534,0.0,1.0,24.433877650840202,131.652003402871,0.47655089144063567
YULARA_COMBINED,Ridge,validation,314,lag27:isolation_forest_flag,0.09997134130837096,0.09997134130837096,False,False,0.010096202385588393,0.0011198208286674132,0.0,1.0,-0.08978954807890888,9.901875724173397,0.6536407137265661
YULARA_COMBINED,Ridge,validation,315,lag26:historical_ac_active_power,0.2886883870788515,0.2886883870788515,False,False,0.9999855768537349,0.22713017588542678,-8.4152547060512e-05,0.9799339175224304,0.059973926747184124,2.6676428712945968,10.036173515330555
YULARA_COMBINED,Ridge,validation,316,lag26:ambient_temperature,0.20708252202146785,0.20708252202146785,False,False,0.9999855768537349,0.5157901033076819,0.11836546659469604,0.8894692659378052,-0.11054943777446573,2.029710131943458,22.161986563222143
YULARA_COMBINED,Ridge,validation,317,lag26:global_horizontal_irradiance,0.23734113841764726,0.23734113841764726,False,False,0.9999855768537349,0.19067890815799773,0.00022741052089259028,0.7927772402763367,0.06291405005015832,2.5997617964312827,7.1755146436781
YULARA_COMBINED,Ridge,validation,318,lag26:power_missing,0.006577808643541034,0.006577808643541034,False,False,4.3269438795378825e-05,0.00012442453651860148,0.0,1.0,0.012337710341104476,152.01973556088393,0.49011018773946347
YULARA_COMBINED,Ridge,validation,319,lag26:temperature_missing,0.007595344404710619,0.007595344404710619,False,False,5.76925850605051e-05,0.1856414084857534,0.0,1.0,24.433877650840202,131.652003402871,0.6973011354851701
YULARA_COMBINED,Ridge,validation,320,lag26:ghi_missing,0.007595344404710619,0.007595344404710619,False,False,5.76925850605051e-05,0.1856414084857534,0.0,1.0,24.433877650840202,131.652003402871,0.6973011147371613
YULARA_COMBINED,Ridge,validation,321,lag26:isolation_forest_flag,0.09997134130837096,0.09997134130837096,False,False,0.010096202385588393,0.0011198208286674132,0.0,1.0,-0.08978954807890888,9.901875724173397,1.0148354420610743
YULARA_COMBINED,Ridge,validation,322,lag25:historical_ac_active_power,0.28868178396491384,0.28868178396491384,False,False,0.9999855768537349,0.22714092231751892,-8.4152547060512e-05,0.9799339175224304,0.060025921782820624,2.6677172865292897,10.44353225633651
YULARA_COMBINED,Ridge,validation,323,lag25:ambient_temperature,0.2070745563745118,0.2070745563745118,False,False,0.9999855768537349,0.5158170449130419,0.11836546659469604,0.8894692659378052,-0.11041721263676942,2.0297818380015644,17.682746592740973
YULARA_COMBINED,Ridge,validation,324,lag25:global_horizontal_irradiance,0.23733273627277365,0.23733273627277365,False,False,0.9999855768537349,0.19068782317743685,0.00022741052089259028,0.7927772402763367,0.06297367765198324,2.599873671114749,6.592903837342186
YULARA_COMBINED,Ridge,validation,325,lag25:power_missing,0.006577808643541034,0.006577808643541034,False,False,4.3269438795378825e-05,0.00012442453651860148,0.0,1.0,0.012337710341104476,152.01973556088393,0.6269429272865116
YULARA_COMBINED,Ridge,validation,326,lag25:temperature_missing,0.007595344404710619,0.007595344404710619,False,False,5.76925850605051e-05,0.1856414084857534,0.0,1.0,24.433877650840202,131.652003402871,0.6232903406318613
YULARA_COMBINED,Ridge,validation,327,lag25:ghi_missing,0.007595344404710619,0.007595344404710619,False,False,5.76925850605051e-05,0.1856414084857534,0.0,1.0,24.433877650840202,131.652003402871,0.6232904017218075
YULARA_COMBINED,Ridge,validation,328,lag25:isolation_forest_flag,0.09997134130837096,0.09997134130837096,False,False,0.010096202385588393,0.0011198208286674132,0.0,1.0,-0.08978954807890888,9.901875724173397,1.3061279509513082
YULARA_COMBINED,Ridge,validation,329,lag24:historical_ac_active_power,0.28867261427172136,0.28867261427172136,False,False,0.9999855768537349,0.22715437579005657,-8.4152547060512e-05,0.9799339175224304,0.06009400770867906,2.6678216012371685,12.738295859098262
YULARA_COMBINED,Ridge,validation,330,lag24:ambient_temperature,0.20706660048068842,0.20706660048068842,False,False,0.9999855768537349,0.515844426149936,0.11836546659469604,0.8894692659378052,-0.1102835659181241,2.0298541708950957,20.694900934410352
YULARA_COMBINED,Ridge,validation,331,lag24:global_horizontal_irradiance,0.23732525203694774,0.23732525203694774,False,False,0.9999855768537349,0.19069813417354328,0.00022741052089259028,0.7927772402763367,0.06303479160373295,2.5999713414870103,7.539732584832339
YULARA_COMBINED,Ridge,validation,332,lag24:power_missing,0.006577808643541034,0.006577808643541034,False,False,4.3269438795378825e-05,0.00012442453651860148,0.0,1.0,0.012337710341104476,152.01973556088393,0.6023614951878089
YULARA_COMBINED,Ridge,validation,333,lag24:temperature_missing,0.007595344404710619,0.007595344404710619,False,False,5.76925850605051e-05,0.1856414084857534,0.0,1.0,24.433877650840202,131.652003402871,0.543636259894402
YULARA_COMBINED,Ridge,validation,334,lag24:ghi_missing,0.007595344404710619,0.007595344404710619,False,False,5.76925850605051e-05,0.1856414084857534,0.0,1.0,24.433877650840202,131.652003402871,0.5436362196906038
YULARA_COMBINED,Ridge,validation,335,lag24:isolation_forest_flag,0.09997134130837096,0.09997134130837096,False,False,0.010096202385588393,0.0011198208286674132,0.0,1.0,-0.08978954807890888,9.901875724173397,1.250975949260864
YULARA_COMBINED,Ridge,validation,336,lag23:historical_ac_active_power,0.2886644819265653,0.2886644819265653,False,False,0.9999855768537349,0.22716654872954173,-8.4152547060512e-05,0.9799339175224304,0.06015495796917658,2.6679138473513095,14.758008525580465
YULARA_COMBINED,Ridge,validation,337,lag23:ambient_temperature,0.20705808621912838,0.20705808621912838,False,False,0.9999855768537349,0.5158724286022791,0.11836546659469604,0.8894692659378052,-0.11014611428215947,2.029930891906848,20.425750987485355
YULARA_COMBINED,Ridge,validation,338,lag23:global_horizontal_irradiance,0.2373170862257825,0.2373170862257825,False,False,0.9999855768537349,0.19070762408318695,0.00022741052089259028,0.7927772402763367,0.06309609941886214,2.6000799540931236,5.490957694497423
YULARA_COMBINED,Ridge,validation,339,lag23:power_missing,0.006577808643541034,0.006577808643541034,False,False,4.3269438795378825e-05,0.00012442453651860148,0.0,1.0,0.012337710341104476,152.01973556088393,0.5885060366479601
YULARA_COMBINED,Ridge,validation,340,lag23:temperature_missing,0.007595344404710619,0.007595344404710619,False,False,5.76925850605051e-05,0.1856414084857534,0.0,1.0,24.433877650840202,131.652003402871,0.38636158224042666
YULARA_COMBINED,Ridge,validation,341,lag23:ghi_missing,0.007595344404710619,0.007595344404710619,False,False,5.76925850605051e-05,0.1856414084857534,0.0,1.0,24.433877650840202,131.652003402871,0.3863615842947267
YULARA_COMBINED,Ridge,validation,342,lag23:isolation_forest_flag,0.09997134130837097,0.09997134130837097,False,False,0.010096202385588393,0.0011198208286674132,0.0,1.0,-0.08978954807890883,9.901875724173397,0.4799388126308939
YULARA_COMBINED,Ridge,validation,343,lag22:historical_ac_active_power,0.2886559903582352,0.2886559903582352,False,False,0.9999855768537349,0.227177002285223,-8.4152547060512e-05,0.9799339175224304,0.06021124458096964,2.668010633407101,18.467172396507564
YULARA_COMBINED,Ridge,validation,344,lag22:ambient_temperature,0.2070494373886582,0.2070494373886582,False,False,0.9999855768537349,0.5159005839653434,0.11836546659469604,0.8894692659378052,-0.11000789335470033,2.0300088476409144,25.98038298654869
YULARA_COMBINED,Ridge,validation,345,lag22:global_horizontal_irradiance,0.23730827737207916,0.23730827737207916,False,False,0.9999855768537349,0.19071406263067087,0.00022741052089259028,0.7927772402763367,0.06314730992921494,2.6001982055525565,6.798511628605197
YULARA_COMBINED,Ridge,validation,346,lag22:power_missing,0.006577808643541033,0.006577808643541033,False,False,4.3269438795378825e-05,0.00012442453651860148,0.0,1.0,0.01233771034110448,152.01973556088396,0.5961455525948849
YULARA_COMBINED,Ridge,validation,347,lag22:temperature_missing,0.007595344404710619,0.007595344404710619,False,False,5.76925850605051e-05,0.1856414084857534,0.0,1.0,24.433877650840202,131.652003402871,0.42879335081728337
YULARA_COMBINED,Ridge,validation,348,lag22:ghi_missing,0.007595344404710619,0.007595344404710619,False,False,5.76925850605051e-05,0.1856414084857534,0.0,1.0,24.433877650840202,131.652003402871,0.4287933343708026
YULARA_COMBINED,Ridge,validation,349,lag22:isolation_forest_flag,0.09997134130837097,0.09997134130837097,False,False,0.010096202385588393,0.0011198208286674132,0.0,1.0,-0.08978954807890883,9.901875724173397,0.5697271356575352
YULARA_COMBINED,Ridge,validation,350,lag21:historical_ac_active_power,0.28864826790580617,0.28864826790580617,False,False,0.9999855768537349,0.22718311037889818,-8.4152547060512e-05,0.9799339175224304,0.060250352851363626,2.668098349324273,15.235727815904488
YULARA_COMBINED,Ridge,validation,351,lag21:ambient_temperature,0.20704043342324088,0.20704043342324088,False,False,0.9999855768537349,0.515928834900158,0.11836546659469604,0.8894692659378052,-0.10986871351533697,2.030089617867609,19.43215784355657
YULARA_COMBINED,Ridge,validation,352,lag21:global_horizontal_irradiance,0.2372995977354347,0.2372995977354347,False,False,0.9999855768537349,0.19071972659405811,0.00022741052089259028,0.7927772402763367,0.06319493204075308,2.6003147562113464,6.480499961150917
YULARA_COMBINED,Ridge,validation,353,lag21:power_missing,0.006577808643541034,0.006577808643541034,False,False,4.3269438795378825e-05,0.00012442453651860148,0.0,1.0,0.012337710341104476,152.01973556088393,0.6783191115762619
YULARA_COMBINED,Ridge,validation,354,lag21:temperature_missing,0.007595344404710619,0.007595344404710619,False,False,5.76925850605051e-05,0.1856414084857534,0.0,1.0,24.433877650840202,131.652003402871,0.36877889331220054
YULARA_COMBINED,Ridge,validation,355,lag21:ghi_missing,0.007595344404710619,0.007595344404710619,False,False,5.76925850605051e-05,0.1856414084857534,0.0,1.0,24.433877650840202,131.652003402871,0.3687789197719939
YULARA_COMBINED,Ridge,validation,356,lag21:isolation_forest_flag,0.09997134130837097,0.09997134130837097,False,False,0.010096202385588393,0.0011198208286674132,0.0,1.0,-0.08978954807890883,9.901875724173397,0.626614949282769
YULARA_COMBINED,Ridge,validation,357,lag20:historical_ac_active_power,0.28864003211505246,0.28864003211505246,False,False,0.9999855768537349,0.22718712472613356,-8.4152547060512e-05,0.9799339175224304,0.06028346912690872,2.6681919677521115,18.45279341377041
YULARA_COMBINED,Ridge,validation,358,lag20:ambient_temperature,0.20703139916928953,0.20703139916928953,False,False,0.9999855768537349,0.5159575732458924,0.11836546659469604,0.8894692659378052,-0.10972805022237198,2.0301715590163467,20.832214019147095
YULARA_COMBINED,Ridge,validation,359,lag20:global_horizontal_irradiance,0.23729090317395857,0.23729090317395857,False,False,0.9999855768537349,0.19072408537325702,0.00022741052089259028,0.7927772402763367,0.06323724579177663,2.6004316634880715,6.822834525289765
YULARA_COMBINED,Ridge,validation,360,lag20:power_missing,0.006577808643541033,0.006577808643541033,False,False,4.3269438795378825e-05,0.00012442453651860148,0.0,1.0,0.01233771034110448,152.01973556088396,0.613667574048082
YULARA_COMBINED,Ridge,validation,361,lag20:temperature_missing,0.007595344404710619,0.007595344404710619,False,False,5.76925850605051e-05,0.1856414084857534,0.0,1.0,24.433877650840202,131.652003402871,0.4154015555701652
YULARA_COMBINED,Ridge,validation,362,lag20:ghi_missing,0.007595344404710619,0.007595344404710619,False,False,5.76925850605051e-05,0.1856414084857534,0.0,1.0,24.433877650840202,131.652003402871,0.4154015630406685
YULARA_COMBINED,Ridge,validation,363,lag20:isolation_forest_flag,0.09997134130837097,0.09997134130837097,False,False,0.010096202385588393,0.0011198208286674132,0.0,1.0,-0.08978954807890883,9.901875724173397,1.5929646166907525
YULARA_COMBINED,Ridge,validation,364,lag19:historical_ac_active_power,0.2886321545772447,0.2886321545772447,False,False,0.9999855768537349,0.22719282754201958,-8.4152547060512e-05,0.9799339175224304,0.06032169714606264,2.6682816144426633,18.282295667499692
YULARA_COMBINED,Ridge,validation,365,lag19:ambient_temperature,0.20702251302959326,0.20702251302959326,False,False,0.9999855768537349,0.5159863880534766,0.11836546659469604,0.8894692659378052,-0.109587397836837,2.0302525257011763,25.41807004525761
YULARA_COMBINED,Ridge,validation,366,lag19:global_horizontal_irradiance,0.23728222987084965,0.23728222987084965,False,False,0.9999855768537349,0.19072751401715246,0.00022741052089259028,0.7927772402763367,0.06327575071611624,2.600548460041521,8.20490874221691
YULARA_COMBINED,Ridge,validation,367,lag19:power_missing,0.006577808643541032,0.006577808643541032,False,False,4.3269438795378825e-05,0.00012442453651860148,0.0,1.0,0.01233771034110448,152.01973556088396,0.6115450665921831
YULARA_COMBINED,Ridge,validation,368,lag19:temperature_missing,0.007595344404710619,0.007595344404710619,False,False,5.76925850605051e-05,0.1856414084857534,0.0,1.0,24.433877650840202,131.652003402871,0.3801101456032864
YULARA_COMBINED,Ridge,validation,369,lag19:ghi_missing,0.007595344404710619,0.007595344404710619,False,False,5.76925850605051e-05,0.1856414084857534,0.0,1.0,24.433877650840202,131.652003402871,0.3801101603946598
YULARA_COMBINED,Ridge,validation,370,lag19:isolation_forest_flag,0.09997134130837097,0.09997134130837097,False,False,0.010096202385588393,0.0011198208286674132,0.0,1.0,-0.08978954807890883,9.901875724173397,1.090499692498127
YULARA_COMBINED,Ridge,validation,371,lag18:historical_ac_active_power,0.28862420469188677,0.28862420469188677,False,False,0.9999855768537349,0.22720102772756715,-8.4152547060512e-05,0.9799339175224304,0.0603693602878625,2.6683727001270268,19.881417245035664
YULARA_COMBINED,Ridge,validation,372,lag18:ambient_temperature,0.20701383892547814,0.20701383892547814,False,False,0.9999855768537349,0.5160155182495051,0.11836546659469604,0.8894692659378052,-0.10944587909391343,2.030332201084962,35.805613409538
YULARA_COMBINED,Ridge,validation,373,lag18:global_horizontal_irradiance,0.23727370697278094,0.23727370697278094,False,False,0.9999855768537349,0.19073434442341863,0.00022741052089259028,0.7927772402763367,0.06332855325431096,2.6006636146649793,7.60019642492359
YULARA_COMBINED,Ridge,validation,374,lag18:power_missing,0.006577808643541032,0.006577808643541032,False,False,4.3269438795378825e-05,0.00012442453651860148,0.0,1.0,0.01233771034110448,152.01973556088396,0.5457667681655813
YULARA_COMBINED,Ridge,validation,375,lag18:temperature_missing,0.007595344404710619,0.007595344404710619,False,False,5.76925850605051e-05,0.1856414084857534,0.0,1.0,24.433877650840202,131.652003402871,0.4891879357777907
YULARA_COMBINED,Ridge,validation,376,lag18:ghi_missing,0.007595344404710619,0.007595344404710619,False,False,5.76925850605051e-05,0.1856414084857534,0.0,1.0,24.433877650840202,131.652003402871,0.4891879606564275
YULARA_COMBINED,Ridge,validation,377,lag18:isolation_forest_flag,0.09997134130837099,0.09997134130837099,False,False,0.010096202385588393,0.0011198208286674132,0.0,1.0,-0.08978954807890877,9.901875724173395,0.7172847021577755
YULARA_COMBINED,Ridge,validation,378,lag17:historical_ac_active_power,0.2886177443281405,0.2886177443281405,False,False,0.9999855768537349,0.22721071664747025,-8.4152547060512e-05,0.9799339175224304,0.06041854445054824,2.6684466912548572,16.582378428545894
YULARA_COMBINED,Ridge,validation,379,lag17:ambient_temperature,0.2070052842548706,0.2070052842548706,False,False,0.9999855768537349,0.5160455372589166,0.11836546659469604,0.8894692659378052,-0.10929981513969472,2.0304105350698483,28.10861997289903
YULARA_COMBINED,Ridge,validation,380,lag17:global_horizontal_irradiance,0.23726512605890512,0.23726512605890512,False,False,0.9999855768537349,0.1907407503025934,0.00022741052089259028,0.7927772402763367,0.06338021693850542,2.6007800446075637,8.400390826283335
YULARA_COMBINED,Ridge,validation,381,lag17:power_missing,0.006577808643541032,0.006577808643541032,False,False,4.3269438795378825e-05,0.00012442453651860148,0.0,1.0,0.012337710341104476,152.01973556088396,0.5489221622007473
YULARA_COMBINED,Ridge,validation,382,lag17:temperature_missing,0.007595344404710619,0.007595344404710619,False,False,5.76925850605051e-05,0.1856414084857534,0.0,1.0,24.433877650840202,131.652003402871,0.4228023748979654
YULARA_COMBINED,Ridge,validation,383,lag17:ghi_missing,0.007595344404710619,0.007595344404710619,False,False,5.76925850605051e-05,0.1856414084857534,0.0,1.0,24.433877650840202,131.652003402871,0.4228023414964467
YULARA_COMBINED,Ridge,validation,384,lag17:isolation_forest_flag,0.09997134130837099,0.09997134130837099,False,False,0.010096202385588393,0.0011198208286674132,0.0,1.0,-0.08978954807890877,9.901875724173395,0.8965441046672605
YULARA_COMBINED,Ridge,validation,385,lag16:historical_ac_active_power,0.2886075143549746,0.2886075143549746,False,False,0.9999855768537349,0.22722008079940276,-8.4152547060512e-05,0.9799339175224304,0.060475807298570175,2.6685639522150693,18.467994043302184
YULARA_COMBINED,Ridge,validation,386,lag16:ambient_temperature,0.2069963713278939,0.2069963713278939,False,False,0.9999855768537349,0.5160764641990275,0.11836546659469604,0.8894692659378052,-0.10914963279232372,2.0304924807514064,24.972730727432086
YULARA_COMBINED,Ridge,validation,387,lag16:global_horizontal_irradiance,0.23725646890572347,0.23725646890572347,False,False,0.9999855768537349,0.19074697003794164,0.00022741052089259028,0.7927772402763367,0.06343178473371297,2.6008979832954835,8.402421338654339
YULARA_COMBINED,Ridge,validation,388,lag16:power_missing,0.006577808643541032,0.006577808643541032,False,False,4.3269438795378825e-05,0.00012442453651860148,0.0,1.0,0.012337710341104476,152.01973556088396,0.5165848031630977
YULARA_COMBINED,Ridge,validation,389,lag16:temperature_missing,0.007595344404710619,0.007595344404710619,False,False,5.76925850605051e-05,0.1856414084857534,0.0,1.0,24.433877650840202,131.652003402871,0.449109592353794
YULARA_COMBINED,Ridge,validation,390,lag16:ghi_missing,0.007595344404710619,0.007595344404710619,False,False,5.76925850605051e-05,0.1856414084857534,0.0,1.0,24.433877650840202,131.652003402871,0.44910958193577166
YULARA_COMBINED,Ridge,validation,391,lag16:isolation_forest_flag,0.09997134130837099,0.09997134130837099,False,False,0.010096202385588393,0.0011198208286674132,0.0,1.0,-0.08978954807890877,9.901875724173395,0.6298936942901832
YULARA_COMBINED,Ridge,validation,392,lag15:historical_ac_active_power,0.288598403701942,0.288598403701942,False,False,0.9999855768537349,0.22723152903488603,-8.4152547060512e-05,0.9799339175224304,0.06053802817891442,2.668668838441187,19.50995966643194
YULARA_COMBINED,Ridge,validation,393,lag15:ambient_temperature,0.20698757646656937,0.20698757646656937,False,False,0.9999855768537349,0.5161072191111007,0.11836546659469604,0.8894692659378052,-0.10900113774102181,2.0305742065509946,20.425882463682715
YULARA_COMBINED,Ridge,validation,394,lag15:global_horizontal_irradiance,0.23724760633083036,0.23724760633083036,False,False,0.9999855768537349,0.19075396975777123,0.00022741052089259028,0.7927772402763367,0.06348785201474962,2.601019335805878,11.63790126461501
YULARA_COMBINED,Ridge,validation,395,lag15:power_missing,0.006577808643541032,0.006577808643541032,False,False,4.3269438795378825e-05,0.00012442453651860148,0.0,1.0,0.012337710341104476,152.01973556088396,0.4428062169496316
YULARA_COMBINED,Ridge,validation,396,lag15:temperature_missing,0.007595344404710619,0.007595344404710619,False,False,5.76925850605051e-05,0.1856414084857534,0.0,1.0,24.433877650840202,131.652003402871,0.37833370964560464
YULARA_COMBINED,Ridge,validation,397,lag15:ghi_missing,0.007595344404710619,0.007595344404710619,False,False,5.76925850605051e-05,0.1856414084857534,0.0,1.0,24.433877650840202,131.652003402871,0.37833368383898625
YULARA_COMBINED,Ridge,validation,398,lag15:isolation_forest_flag,0.09997134130837099,0.09997134130837099,False,False,0.010096202385588393,0.0011198208286674132,0.0,1.0,-0.08978954807890877,9.901875724173395,0.580372520848771
YULARA_COMBINED,Ridge,validation,399,lag14:historical_ac_active_power,0.28859002526689387,0.28859002526689387,False,False,0.9999855768537349,0.22725030227860005,-8.4152547060512e-05,0.9799339175224304,0.06062464181065423,2.6687661205320112,22.771851386861854
YULARA_COMBINED,Ridge,validation,400,lag14:ambient_temperature,0.20697857351508717,0.20697857351508717,False,False,0.9999855768537349,0.5161391591058303,0.11836546659469604,0.8894692659378052,-0.10884628594068284,2.030657252920507,20.79062547303968
YULARA_COMBINED,Ridge,validation,401,lag14:global_horizontal_irradiance,0.23723896785813364,0.23723896785813364,False,False,0.9999855768537349,0.1907622057638209,0.00022741052089259028,0.7927772402763367,0.06354905992157633,2.6011382255957174,12.898771280165215
YULARA_COMBINED,Ridge,validation,402,lag14:power_missing,0.006577808643541032,0.006577808643541032,False,False,4.3269438795378825e-05,0.00012442453651860148,0.0,1.0,0.012337710341104476,152.01973556088396,0.41993100282935664
YULARA_COMBINED,Ridge,validation,403,lag14:temperature_missing,0.007595344404710619,0.007595344404710619,False,False,5.76925850605051e-05,0.1856414084857534,0.0,1.0,24.433877650840202,131.652003402871,0.33718233391340957
YULARA_COMBINED,Ridge,validation,404,lag14:ghi_missing,0.007595344404710619,0.007595344404710619,False,False,5.76925850605051e-05,0.1856414084857534,0.0,1.0,24.433877650840202,131.652003402871,0.3371823804374658
YULARA_COMBINED,Ridge,validation,405,lag14:isolation_forest_flag,0.09997134130837099,0.09997134130837099,False,False,0.010096202385588393,0.0011198208286674132,0.0,1.0,-0.08978954807890877,9.901875724173395,0.6671821787320249
YULARA_COMBINED,Ridge,validation,406,lag13:historical_ac_active_power,0.2885846785347169,0.2885846785347169,False,False,0.9999855768537349,0.22726941573466847,-8.4152547060512e-05,0.9799339175224304,0.06070525771764061,2.6688288268877063,21.389572342901474
YULARA_COMBINED,Ridge,validation,407,lag13:ambient_temperature,0.20696949967717196,0.20696949967717196,False,False,0.9999855768537349,0.5161715100589003,0.11836546659469604,0.8894692659378052,-0.10868854091112233,2.03074007065196,23.307067917728034
YULARA_COMBINED,Ridge,validation,408,lag13:global_horizontal_irradiance,0.23723228091753287,0.23723228091753287,False,False,0.9999855768537349,0.190774115568877,0.00022741052089259028,0.7927772402763367,0.06361964078899103,2.601230131145188,13.56387737745471
YULARA_COMBINED,Ridge,validation,409,lag13:power_missing,0.006577808643541032,0.006577808643541032,False,False,4.3269438795378825e-05,0.00012442453651860148,0.0,1.0,0.012337710341104476,152.01973556088396,0.3215731876968906
YULARA_COMBINED,Ridge,validation,410,lag13:temperature_missing,0.007595344404710619,0.007595344404710619,False,False,5.76925850605051e-05,0.1856414084857534,0.0,1.0,24.433877650840202,131.652003402871,0.3257100195088571
YULARA_COMBINED,Ridge,validation,411,lag13:ghi_missing,0.007595344404710619,0.007595344404710619,False,False,5.76925850605051e-05,0.1856414084857534,0.0,1.0,24.433877650840202,131.652003402871,0.3257100149288929
YULARA_COMBINED,Ridge,validation,412,lag13:isolation_forest_flag,0.09997134130837099,0.09997134130837099,False,False,0.010096202385588393,0.0011198208286674132,0.0,1.0,-0.08978954807890877,9.901875724173395,0.9186947648249774
YULARA_COMBINED,Ridge,validation,413,lag12:historical_ac_active_power,0.28858029236912053,0.28858029236912053,False,False,0.9999855768537349,0.22729023055936617,-8.4152547060512e-05,0.9799339175224304,0.0607895768579443,2.6688806588378746,23.66963653917407
YULARA_COMBINED,Ridge,validation,414,lag12:ambient_temperature,0.2069602706992729,0.2069602706992729,False,False,0.9999855768537349,0.5162034978441402,0.11836546659469604,0.8894692659378052,-0.108531494058421,2.0308232938576656,22.363714262075263
YULARA_COMBINED,Ridge,validation,415,lag12:global_horizontal_irradiance,0.23722469006402716,0.23722469006402716,False,False,0.9999855768537349,0.19078574724893688,0.00022741052089259028,0.7927772402763367,0.06369318785030874,2.601335845808558,10.992133225930262
YULARA_COMBINED,Ridge,validation,416,lag12:power_missing,0.006577808643541031,0.006577808643541031,False,False,4.3269438795378825e-05,0.00012442453651860148,0.0,1.0,0.01233771034110448,152.019735560884,0.36498228379922887
YULARA_COMBINED,Ridge,validation,417,lag12:temperature_missing,0.007595344404710619,0.007595344404710619,False,False,5.76925850605051e-05,0.1856414084857534,0.0,1.0,24.433877650840202,131.652003402871,0.3731905831233306
YULARA_COMBINED,Ridge,validation,418,lag12:ghi_missing,0.007595344404710619,0.007595344404710619,False,False,5.76925850605051e-05,0.1856414084857534,0.0,1.0,24.433877650840202,131.652003402871,0.3731905737437917
YULARA_COMBINED,Ridge,validation,419,lag12:isolation_forest_flag,0.09997134130837099,0.09997134130837099,False,False,0.010096202385588393,0.0011198208286674132,0.0,1.0,-0.08978954807890877,9.901875724173395,0.8435276543120639
YULARA_COMBINED,Ridge,validation,420,lag11:historical_ac_active_power,0.2885760746625883,0.2885760746625883,False,False,0.9999855768537349,0.2273117904787822,-8.4152547060512e-05,0.9799339175224304,0.06087653258168193,2.6689310219347457,25.041196013702052
YULARA_COMBINED,Ridge,validation,421,lag11:ambient_temperature,0.2069511982388619,0.2069511982388619,False,False,0.9999855768537349,0.51623433876467,0.11836546659469604,0.8894692659378052,-0.10838016060057544,2.0309052561583987,24.03355126011466
YULARA_COMBINED,Ridge,validation,422,lag11:global_horizontal_irradiance,0.23721843330120623,0.23721843330120623,False,False,0.9999855768537349,0.19079974651668896,0.00022741052089259028,0.7927772402763367,0.06377279618064395,2.6014233715694943,14.153198919122636
YULARA_COMBINED,Ridge,validation,423,lag11:power_missing,0.006577808643541031,0.006577808643541031,False,False,4.3269438795378825e-05,0.00012442453651860148,0.0,1.0,0.01233771034110448,152.019735560884,0.37649005168538346
YULARA_COMBINED,Ridge,validation,424,lag11:temperature_missing,0.007595344404710619,0.007595344404710619,False,False,5.76925850605051e-05,0.1856414084857534,0.0,1.0,24.433877650840202,131.652003402871,0.31562525253206253
YULARA_COMBINED,Ridge,validation,425,lag11:ghi_missing,0.007595344404710619,0.007595344404710619,False,False,5.76925850605051e-05,0.1856414084857534,0.0,1.0,24.433877650840202,131.652003402871,0.3156252471757918
YULARA_COMBINED,Ridge,validation,426,lag11:isolation_forest_flag,0.09997134130837099,0.09997134130837099,False,False,0.010096202385588393,0.0011198208286674132,0.0,1.0,-0.08978954807890877,9.901875724173395,1.3422412174220357
YULARA_COMBINED,Ridge,validation,427,lag10:historical_ac_active_power,0.2885679236597996,0.2885679236597996,False,False,0.9999855768537349,0.22733295060120315,-8.4152547060512e-05,0.9799339175224304,0.06097287750438845,2.6690277069402772,28.120728118587348
YULARA_COMBINED,Ridge,validation,428,lag10:ambient_temperature,0.20694216291522483,0.20694216291522483,False,False,0.9999855768537349,0.5162636027615195,0.11836546659469604,0.8894692659378052,-0.1082364306327484,2.030986877238571,37.215661264333214
YULARA_COMBINED,Ridge,validation,429,lag10:global_horizontal_irradiance,0.2372126292864377,0.2372126292864377,False,False,0.9999855768537349,0.1908157842627593,0.00022741052089259028,0.7927772402763367,0.06386027109941515,2.6015053274538986,11.940762380369252
YULARA_COMBINED,Ridge,validation,430,lag10:power_missing,0.006577808643541031,0.006577808643541031,False,False,4.3269438795378825e-05,0.00012442453651860148,0.0,1.0,0.01233771034110448,152.019735560884,0.4532411837925001
YULARA_COMBINED,Ridge,validation,431,lag10:temperature_missing,0.007595344404710619,0.007595344404710619,False,False,5.76925850605051e-05,0.1856414084857534,0.0,1.0,24.433877650840202,131.652003402871,0.40462646931869317
YULARA_COMBINED,Ridge,validation,432,lag10:ghi_missing,0.007595344404710619,0.007595344404710619,False,False,5.76925850605051e-05,0.1856414084857534,0.0,1.0,24.433877650840202,131.652003402871,0.4046265218700887
YULARA_COMBINED,Ridge,validation,433,lag10:isolation_forest_flag,0.09997134130837099,0.09997134130837099,False,False,0.010096202385588393,0.0011198208286674132,0.0,1.0,-0.08978954807890877,9.901875724173395,0.6251636675650261
YULARA_COMBINED,Ridge,validation,434,lag9:historical_ac_active_power,0.2885631000981099,0.2885631000981099,False,False,0.9999855768537349,0.22735231823686539,-8.4152547060512e-05,0.9799339175224304,0.061055506163564,2.6690868138036996,27.800087616338747
YULARA_COMBINED,Ridge,validation,435,lag9:ambient_temperature,0.2069328886142752,0.2069328886142752,False,False,0.9999855768537349,0.5162919014849903,0.11836546659469604,0.8894692659378052,-0.10809638545868099,2.031069758879436,25.895692091072675
YULARA_COMBINED,Ridge,validation,436,lag9:global_horizontal_irradiance,0.23720553767045394,0.23720553767045394,False,False,0.9999855768537349,0.19082361456919084,0.00022741052089259028,0.7927772402763367,0.06391847043234894,2.601606382859718,14.436989793870767
YULARA_COMBINED,Ridge,validation,437,lag9:power_missing,0.006577808643541031,0.006577808643541031,False,False,4.3269438795378825e-05,0.00012442453651860148,0.0,1.0,0.01233771034110448,152.019735560884,0.4633105326309137
YULARA_COMBINED,Ridge,validation,438,lag9:temperature_missing,0.007595344404710619,0.007595344404710619,False,False,5.76925850605051e-05,0.1856414084857534,0.0,1.0,24.433877650840202,131.652003402871,0.5639910055086572
YULARA_COMBINED,Ridge,validation,439,lag9:ghi_missing,0.007595344404710619,0.007595344404710619,False,False,5.76925850605051e-05,0.1856414084857534,0.0,1.0,24.433877650840202,131.652003402871,0.563990924915622
YULARA_COMBINED,Ridge,validation,440,lag9:isolation_forest_flag,0.09997134130837099,0.09997134130837099,False,False,0.010096202385588393,0.0011198208286674132,0.0,1.0,-0.08978954807890877,9.901875724173395,1.0851083081114408
YULARA_COMBINED,Ridge,validation,441,lag8:historical_ac_active_power,0.28855241338836357,0.28855241338836357,False,False,0.9999855768537349,0.22737186144784605,-8.4152547060512e-05,0.9799339175224304,0.061152448805364634,2.6692126179702256,26.548648744976386
YULARA_COMBINED,Ridge,validation,442,lag8:ambient_temperature,0.20692357856052418,0.20692357856052418,False,False,0.9999855768537349,0.5163202671070174,0.11836546659469604,0.8894692659378052,-0.10795518787490742,2.031152163689442,36.84547660422798
YULARA_COMBINED,Ridge,validation,443,lag8:global_horizontal_irradiance,0.23720052909151262,0.23720052909151262,False,False,0.9999855768537349,0.1908254116723835,0.00022741052089259028,0.7927772402763367,0.06394479417679515,2.601678714541359,16.428374858735715
YULARA_COMBINED,Ridge,validation,444,lag8:power_missing,0.0065778086435410305,0.0065778086435410305,False,False,4.3269438795378825e-05,0.00012442453651860148,0.0,1.0,0.012337710341104483,152.01973556088402,0.5204644825308696
YULARA_COMBINED,Ridge,validation,445,lag8:temperature_missing,0.007595344404710619,0.007595344404710619,False,False,5.76925850605051e-05,0.1856414084857534,0.0,1.0,24.433877650840202,131.652003402871,0.37523739899054454
YULARA_COMBINED,Ridge,validation,446,lag8:ghi_missing,0.007595344404710619,0.007595344404710619,False,False,5.76925850605051e-05,0.1856414084857534,0.0,1.0,24.433877650840202,131.652003402871,0.3752373973893418
YULARA_COMBINED,Ridge,validation,447,lag8:isolation_forest_flag,0.09997134130837099,0.09997134130837099,False,False,0.010096202385588393,0.0011198208286674132,0.0,1.0,-0.08978954807890877,9.901875724173395,1.1159714587468585
YULARA_COMBINED,Ridge,validation,448,lag7:historical_ac_active_power,0.28854623841406957,0.28854623841406957,False,False,0.9999855768537349,0.22738926798373996,-8.4152547060512e-05,0.9799339175224304,0.06123311278059449,2.669288770254715,30.886998107944834
YULARA_COMBINED,Ridge,validation,449,lag7:ambient_temperature,0.206914439528442,0.206914439528442,False,False,0.9999855768537349,0.516348919442441,0.11836546659469604,0.8894692659378052,-0.1078122618749786,2.031232656095649,29.939276927703407
YULARA_COMBINED,Ridge,validation,450,lag7:global_horizontal_irradiance,0.23719509962252677,0.23719509962252677,False,False,0.9999855768537349,0.19082214560708397,0.00022741052089259028,0.7927772402763367,0.06395243650545399,2.6017582159132346,18.368137654661236
YULARA_COMBINED,Ridge,validation,451,lag7:power_missing,0.0065778086435410305,0.0065778086435410305,False,False,4.3269438795378825e-05,0.00012442453651860148,0.0,1.0,0.012337710341104483,152.01973556088402,0.6406282203337397
YULARA_COMBINED,Ridge,validation,452,lag7:temperature_missing,0.007595344404710619,0.007595344404710619,False,False,5.76925850605051e-05,0.1856414084857534,0.0,1.0,24.433877650840202,131.652003402871,0.3626888823918813
YULARA_COMBINED,Ridge,validation,453,lag7:ghi_missing,0.007595344404710619,0.007595344404710619,False,False,5.76925850605051e-05,0.1856414084857534,0.0,1.0,24.433877650840202,131.652003402871,0.3626888778633606
YULARA_COMBINED,Ridge,validation,454,lag7:isolation_forest_flag,0.09997134130837099,0.09997134130837099,False,False,0.010096202385588393,0.0011198208286674132,0.0,1.0,-0.08978954807890877,9.901875724173395,1.0890166956220464
YULARA_COMBINED,Ridge,validation,455,lag6:historical_ac_active_power,0.28853952376725084,0.28853952376725084,False,False,0.9999855768537349,0.22740691717911535,-8.4152547060512e-05,0.9799339175224304,0.061316916497761935,2.66937209908806,31.797721526514216
YULARA_COMBINED,Ridge,validation,456,lag6:ambient_temperature,0.20690552111932797,0.20690552111932797,False,False,0.9999855768537349,0.5163769601201468,0.11836546659469604,0.8894692659378052,-0.10767265190191536,2.031311476870278,39.56375322193369
YULARA_COMBINED,Ridge,validation,457,lag6:global_horizontal_irradiance,0.23719235174010275,0.23719235174010275,False,False,0.9999855768537349,0.19081470762425587,0.00022741052089259028,0.7927772402763367,0.06393097939652669,2.601797517823808,25.051526975913248
YULARA_COMBINED,Ridge,validation,458,lag6:power_missing,0.0065778086435410305,0.0065778086435410305,False,False,4.3269438795378825e-05,0.00012442453651860148,0.0,1.0,0.012337710341104483,152.01973556088402,0.6125564605614541
YULARA_COMBINED,Ridge,validation,459,lag6:temperature_missing,0.007595344404710619,0.007595344404710619,False,False,5.76925850605051e-05,0.1856414084857534,0.0,1.0,24.433877650840202,131.652003402871,0.36845969368156045
YULARA_COMBINED,Ridge,validation,460,lag6:ghi_missing,0.007595344404710619,0.007595344404710619,False,False,5.76925850605051e-05,0.1856414084857534,0.0,1.0,24.433877650840202,131.652003402871,0.36845968588948314
YULARA_COMBINED,Ridge,validation,461,lag6:isolation_forest_flag,0.099971341308371,0.099971341308371,False,False,0.010096202385588393,0.0011198208286674132,0.0,1.0,-0.08978954807890878,9.901875724173394,1.224187534001985
YULARA_COMBINED,Ridge,validation,462,lag5:historical_ac_active_power,0.28853512232842143,0.28853512232842143,False,False,0.9999855768537349,0.22742946095335023,-8.4152547060512e-05,0.9799339175224304,0.06141263362719379,2.6694294687927633,34.979495995125525
YULARA_COMBINED,Ridge,validation,463,lag5:ambient_temperature,0.20689633856521647,0.20689633856521647,False,False,0.9999855768537349,0.5164037870382943,0.11836546659469604,0.8894692659378052,-0.10753865351826597,2.0313925177476286,49.989682571098314
YULARA_COMBINED,Ridge,validation,464,lag5:global_horizontal_irradiance,0.23718803150558215,0.23718803150558215,False,False,0.9999855768537349,0.19080905768899456,0.00022741052089259028,0.7927772402763367,0.06392681116184575,2.6018633957621313,27.52489347657672
YULARA_COMBINED,Ridge,validation,465,lag5:power_missing,0.00657780864354103,0.00657780864354103,False,False,4.3269438795378825e-05,0.00012442453651860148,0.0,1.0,0.012337710341104487,152.01973556088404,0.5831089556319812
YULARA_COMBINED,Ridge,validation,466,lag5:temperature_missing,0.007595344404710619,0.007595344404710619,False,False,5.76925850605051e-05,0.1856414084857534,0.0,1.0,24.433877650840202,131.652003402871,0.38185567766335293
YULARA_COMBINED,Ridge,validation,467,lag5:ghi_missing,0.007595344404710619,0.007595344404710619,False,False,5.76925850605051e-05,0.1856414084857534,0.0,1.0,24.433877650840202,131.652003402871,0.3818556736421034
YULARA_COMBINED,Ridge,validation,468,lag5:isolation_forest_flag,0.099971341308371,0.099971341308371,False,False,0.010096202385588393,0.0011198208286674132,0.0,1.0,-0.08978954807890878,9.901875724173394,1.5127745855237325
YULARA_COMBINED,Ridge,validation,469,lag4:historical_ac_active_power,0.28853169158053654,0.28853169158053654,False,False,0.9999855768537349,0.2274509711538633,-8.4152547060512e-05,0.9799339175224304,0.061503622692717495,2.6694769175726316,35.7485089493803
YULARA_COMBINED,Ridge,validation,470,lag4:ambient_temperature,0.20688722629969156,0.20688722629969156,False,False,0.9999855768537349,0.5164288554488463,0.11836546659469604,0.8894692659378052,-0.10741336362092511,2.0314731326736832,44.34361991175043
YULARA_COMBINED,Ridge,validation,471,lag4:global_horizontal_irradiance,0.2371849604060231,0.2371849604060231,False,False,0.9999855768537349,0.1908037606538391,0.00022741052089259028,0.7927772402763367,0.06392031947806211,2.601912098518412,33.205422561789376
YULARA_COMBINED,Ridge,validation,472,lag4:power_missing,0.00657780864354103,0.00657780864354103,False,False,4.3269438795378825e-05,0.00012442453651860148,0.0,1.0,0.012337710341104487,152.01973556088404,0.5833973460700688
YULARA_COMBINED,Ridge,validation,473,lag4:temperature_missing,0.007595344404710619,0.007595344404710619,False,False,5.76925850605051e-05,0.1856414084857534,0.0,1.0,24.433877650840202,131.652003402871,0.37566755725755535
YULARA_COMBINED,Ridge,validation,474,lag4:ghi_missing,0.007595344404710619,0.007595344404710619,False,False,5.76925850605051e-05,0.1856414084857534,0.0,1.0,24.433877650840202,131.652003402871,0.375667539876948
YULARA_COMBINED,Ridge,validation,475,lag4:isolation_forest_flag,0.099971341308371,0.099971341308371,False,False,0.010096202385588393,0.0011198208286674132,0.0,1.0,-0.08978954807890878,9.901875724173394,1.6497568054818053
YULARA_COMBINED,Ridge,validation,476,lag3:historical_ac_active_power,0.28853223333021744,0.28853223333021744,False,False,0.9999855768537349,0.22747471354156668,-8.4152547060512e-05,0.9799339175224304,0.061587165036933594,2.6694732763945312,37.716027399939925
YULARA_COMBINED,Ridge,validation,477,lag3:ambient_temperature,0.20687808931663398,0.20687808931663398,False,False,0.9999855768537349,0.5164524807217066,0.11836546659469604,0.8894692659378052,-0.10729438726448202,2.0315533334002653,58.75331152762628
YULARA_COMBINED,Ridge,validation,478,lag3:global_horizontal_irradiance,0.2371832393520981,0.2371832393520981,False,False,0.9999855768537349,0.19079646344423637,0.00022741052089259028,0.7927772402763367,0.0639000088626727,2.601940970258182,35.78986629505209
YULARA_COMBINED,Ridge,validation,479,lag3:power_missing,0.00657780864354103,0.00657780864354103,False,False,4.3269438795378825e-05,0.00012442453651860148,0.0,1.0,0.012337710341104487,152.01973556088404,0.5273401460087217
YULARA_COMBINED,Ridge,validation,480,lag3:temperature_missing,0.007595344404710619,0.007595344404710619,False,False,5.76925850605051e-05,0.1856414084857534,0.0,1.0,24.433877650840202,131.652003402871,0.35634640483435137
YULARA_COMBINED,Ridge,validation,481,lag3:ghi_missing,0.007595344404710619,0.007595344404710619,False,False,5.76925850605051e-05,0.1856414084857534,0.0,1.0,24.433877650840202,131.652003402871,0.3563463912215482
YULARA_COMBINED,Ridge,validation,482,lag3:isolation_forest_flag,0.099971341308371,0.099971341308371,False,False,0.010096202385588393,0.0011198208286674132,0.0,1.0,-0.08978954807890878,9.901875724173394,1.133496843281326
YULARA_COMBINED,Ridge,validation,483,lag2:historical_ac_active_power,0.2885221571795092,0.2885221571795092,False,False,0.9999855768537349,0.22750418015394705,-8.4152547060512e-05,0.9799339175224304,0.061721202170778144,2.66959626010037,38.338148994402026
YULARA_COMBINED,Ridge,validation,484,lag2:ambient_temperature,0.2068689594569544,0.2068689594569544,False,False,0.9999855768537349,0.5164755421199431,0.11836546659469604,0.8894692659378052,-0.1071781867134216,2.0316335355019204,65.15961075911379
YULARA_COMBINED,Ridge,validation,485,lag2:global_horizontal_irradiance,0.2371823709898272,0.2371823709898272,False,False,0.9999855768537349,0.1907930145168433,0.00022741052089259028,0.7927772402763367,0.06389193446227372,2.601956729275007,42.87430474785049
YULARA_COMBINED,Ridge,validation,486,lag2:power_missing,0.00657780864354103,0.00657780864354103,False,False,4.3269438795378825e-05,0.00012442453651860148,0.0,1.0,0.012337710341104487,152.01973556088404,0.5004944601214681
YULARA_COMBINED,Ridge,validation,487,lag2:temperature_missing,0.007595344404710619,0.007595344404710619,False,False,5.76925850605051e-05,0.1856414084857534,0.0,1.0,24.433877650840202,131.652003402871,0.3959218115038259
YULARA_COMBINED,Ridge,validation,488,lag2:ghi_missing,0.007595344404710619,0.007595344404710619,False,False,5.76925850605051e-05,0.1856414084857534,0.0,1.0,24.433877650840202,131.652003402871,0.3959217835790681
YULARA_COMBINED,Ridge,validation,489,lag2:isolation_forest_flag,0.099971341308371,0.099971341308371,False,False,0.010096202385588393,0.0011198208286674132,0.0,1.0,-0.08978954807890878,9.901875724173394,1.446414208685041
YULARA_COMBINED,Ridge,validation,490,lag1:historical_ac_active_power,0.288522741047449,0.288522741047449,False,False,0.9999855768537349,0.22753296021752917,-8.4152547060512e-05,0.9799339175224304,0.061826686159338395,2.6695967169492687,53.47358913452698
YULARA_COMBINED,Ridge,validation,491,lag1:ambient_temperature,0.20686000091563855,0.20686000091563855,False,False,0.9999855768537349,0.5164989284736252,0.11836546659469604,0.8894692659378052,-0.1070594059096034,2.0317111516151236,123.45367576148956
YULARA_COMBINED,Ridge,validation,492,lag1:global_horizontal_irradiance,0.23717934888424352,0.23717934888424352,False,False,0.9999855768537349,0.19078804809633487,0.00022741052089259028,0.7927772402763367,0.06389079429539941,2.602008868284233,36.302024810812505
YULARA_COMBINED,Ridge,validation,493,lag1:power_missing,0.006577808643541029,0.006577808643541029,False,False,4.3269438795378825e-05,0.00012442453651860148,0.0,1.0,0.012337710341104487,152.01973556088404,0.537010513761114
YULARA_COMBINED,Ridge,validation,494,lag1:temperature_missing,0.007595344404710619,0.007595344404710619,False,False,5.76925850605051e-05,0.1856414084857534,0.0,1.0,24.433877650840202,131.652003402871,0.36499074969920614
YULARA_COMBINED,Ridge,validation,495,lag1:ghi_missing,0.007595344404710619,0.007595344404710619,False,False,5.76925850605051e-05,0.1856414084857534,0.0,1.0,24.433877650840202,131.652003402871,0.3649907462489498
YULARA_COMBINED,Ridge,validation,496,lag1:isolation_forest_flag,0.099971341308371,0.099971341308371,False,False,0.010096202385588393,0.0011198208286674132,0.0,1.0,-0.08978954807890878,9.901875724173394,1.8887363202242806
YULARA_COMBINED,Ridge,validation,497,lag0:historical_ac_active_power,0.288524607577755,0.288524607577755,False,False,0.9999855768537349,0.22752431939642473,-8.4152547060512e-05,0.9799339175224304,0.06179485198540772,2.6695779608255696,96.69005321530031
YULARA_COMBINED,Ridge,validation,498,lag0:ambient_temperature,0.20685087947491576,0.20685087947491576,False,False,0.9999855768537349,0.5165210246021911,0.11836546659469604,0.8894692659378052,-0.10694607421040217,2.031789512237835,670.9630863471118
YULARA_COMBINED,Ridge,validation,499,lag0:global_horizontal_irradiance,0.2371794204501368,0.2371794204501368,False,False,0.9999855768537349,0.19078061649089947,0.00022741052089259028,0.7927772402763367,0.06386220673992711,2.6020108481478665,103.46598029441962
YULARA_COMBINED,Ridge,validation,500,lag0:power_missing,0.0,1.0,True,False,0.0,0.0,0.0,0.0,0.0,0.0,6.407583174290645e-24
YULARA_COMBINED,Ridge,validation,501,lag0:temperature_missing,0.007595344404710619,0.007595344404710619,False,False,5.76925850605051e-05,0.1856414084857534,0.0,1.0,24.433877650840202,131.652003402871,0.5510118094110892
YULARA_COMBINED,Ridge,validation,502,lag0:ghi_missing,0.007595344404710619,0.007595344404710619,False,False,5.76925850605051e-05,0.1856414084857534,0.0,1.0,24.433877650840202,131.652003402871,0.5510118109141207
YULARA_COMBINED,Ridge,validation,503,lag0:isolation_forest_flag,0.099971341308371,0.099971341308371,False,False,0.010096202385588393,0.0011198208286674132,0.0,1.0,-0.08978954807890878,9.901875724173394,4.0969535762060385
YULARA_COMBINED,Ridge,test,0,lag71:historical_ac_active_power,0.2887913556595989,0.2887913556595989,False,False,0.9999855768537349,0.23964771906182616,-5.2547013183357194e-05,0.9831675887107849,0.10291496688923722,2.6775068134864486,50.69182509642974
YULARA_COMBINED,Ridge,test,1,lag71:ambient_temperature,0.20734054711214822,0.20734054711214822,False,False,0.9999855768537349,0.653690117155036,0.13423457741737366,1.0510023832321167,0.5543953869516999,2.4706258185333185,464.6606386367233
YULARA_COMBINED,Ridge,test,2,lag71:global_horizontal_irradiance,0.23751343888705861,0.23751343888705861,False,False,0.9999855768537349,0.22354599093876135,-0.0026840653736144304,1.0152027606964111,0.20068684154833283,3.5337899007571005,101.35130116813365
YULARA_COMBINED,Ridge,test,3,lag71:power_missing,0.006577808643541044,0.006577808643541044,False,False,4.3269438795378825e-05,0.0,0.0,0.0,-0.006578093273945638,0.006578093273945638,0.5948335572203903
YULARA_COMBINED,Ridge,test,4,lag71:temperature_missing,0.007595344404710616,0.007595344404710616,False,False,5.76925850605051e-05,0.05497501135847342,0.0,1.0,7.230392178049662,131.65200340287103,0.5042006607808663
YULARA_COMBINED,Ridge,test,5,lag71:ghi_missing,0.007595344404710616,0.007595344404710616,False,False,5.76925850605051e-05,0.05497501135847342,0.0,1.0,7.230392178049662,131.65200340287103,0.5042020379042963
YULARA_COMBINED,Ridge,test,6,lag71:isolation_forest_flag,0.0999713413083709,0.0999713413083709,False,False,0.010096202385588393,0.03388611237316371,0.0,1.0,0.23796729818991952,9.901875724173403,4.418157140528853
YULARA_COMBINED,Ridge,test,7,lag70:historical_ac_active_power,0.28879381630822604,0.28879381630822604,False,False,0.9999855768537349,0.23966211698087306,-5.2547013183357194e-05,0.9831675887107849,0.10295823714533427,2.6774782917450413,36.94430771667692
YULARA_COMBINED,Ridge,test,8,lag70:ambient_temperature,0.20733675897234147,0.20733675897234147,False,False,0.9999855768537349,0.6537071619903285,0.13423457741737366,1.0510023832321167,0.5544885259622124,2.4706717595140932,228.50550439286206
YULARA_COMBINED,Ridge,test,9,lag70:global_horizontal_irradiance,0.23751403810502017,0.23751403810502017,False,False,0.9999855768537349,0.22355942435234435,-0.0026840653736144304,1.0152027606964111,0.20074132595093025,3.53377941776271,24.292910024620543
YULARA_COMBINED,Ridge,test,10,lag70:power_missing,0.0065778086435410435,0.0065778086435410435,False,False,4.3269438795378825e-05,0.0,0.0,0.0,-0.006578093273945638,0.006578093273945639,0.376621381618311
YULARA_COMBINED,Ridge,test,11,lag70:temperature_missing,0.007595344404710616,0.007595344404710616,False,False,5.76925850605051e-05,0.05497501135847342,0.0,1.0,7.230392178049662,131.65200340287103,0.6301142160575862
YULARA_COMBINED,Ridge,test,12,lag70:ghi_missing,0.007595344404710616,0.007595344404710616,False,False,5.76925850605051e-05,0.05497501135847342,0.0,1.0,7.230392178049662,131.65200340287103,0.6301137792818094
YULARA_COMBINED,Ridge,test,13,lag70:isolation_forest_flag,0.0999713413083709,0.0999713413083709,False,False,0.010096202385588393,0.03388611237316371,0.0,1.0,0.23796729818991952,9.901875724173403,1.7409317323847622
YULARA_COMBINED,Ridge,test,14,lag69:historical_ac_active_power,0.28879626233672484,0.28879626233672484,False,False,0.9999855768537349,0.2396770728093885,-5.2547013183357194e-05,0.9831675887107849,0.10300351444331905,2.6774499767542346,27.32944515898021
YULARA_COMBINED,Ridge,test,15,lag69:ambient_temperature,0.20733279844643585,0.20733279844643585,False,False,0.9999855768537349,0.6537244162148063,0.13423457741737366,1.0510023832321167,0.5545844378389463,2.470721054882422,42.09919688066346
YULARA_COMBINED,Ridge,test,16,lag69:global_horizontal_irradiance,0.23751452708654827,0.23751452708654827,False,False,0.9999855768537349,0.22357163644107933,-0.0026840653736144304,1.0152027606964111,0.20079133007824795,3.533771143842937,21.21888928232361
YULARA_COMBINED,Ridge,test,17,lag69:power_missing,0.0065778086435410435,0.0065778086435410435,False,False,4.3269438795378825e-05,0.0,0.0,0.0,-0.006578093273945638,0.006578093273945639,0.4256387988872977
YULARA_COMBINED,Ridge,test,18,lag69:temperature_missing,0.007595344404710616,0.007595344404710616,False,False,5.76925850605051e-05,0.05497501135847342,0.0,1.0,7.230392178049662,131.65200340287103,0.43257948500058857
YULARA_COMBINED,Ridge,test,19,lag69:ghi_missing,0.007595344404710616,0.007595344404710616,False,False,5.76925850605051e-05,0.05497501135847342,0.0,1.0,7.230392178049662,131.65200340287103,0.4325781681353594
YULARA_COMBINED,Ridge,test,20,lag69:isolation_forest_flag,0.09997134130837092,0.09997134130837092,False,False,0.010096202385588393,0.03388611237316371,0.0,1.0,0.23796729818991952,9.901875724173403,0.5222551735360594
YULARA_COMBINED,Ridge,test,21,lag68:historical_ac_active_power,0.2887983538251611,0.2887983538251611,False,False,0.9999855768537349,0.23968826951425587,-5.2547013183357194e-05,0.9831675887107849,0.10303693409908603,2.6774259821981357,24.116807468412794
YULARA_COMBINED,Ridge,test,22,lag68:ambient_temperature,0.20732861814525352,0.20732861814525352,False,False,0.9999855768537349,0.6537417082462134,0.13423457741737366,1.0510023832321167,0.5546815779015835,2.4707734254225286,43.76919414757772
YULARA_COMBINED,Ridge,test,23,lag68:global_horizontal_irradiance,0.23751489749404456,0.23751489749404456,False,False,0.9999855768537349,0.22358481261410762,-0.0026840653736144304,1.0152027606964111,0.20084600660962323,3.5337651474064757,15.33902438505994
YULARA_COMBINED,Ridge,test,24,lag68:power_missing,0.0065778086435410435,0.0065778086435410435,False,False,4.3269438795378825e-05,0.0,0.0,0.0,-0.006578093273945638,0.006578093273945639,0.47637854530477897
YULARA_COMBINED,Ridge,test,25,lag68:temperature_missing,0.007595344404710616,0.007595344404710616,False,False,5.76925850605051e-05,0.05497501135847342,0.0,1.0,7.230392178049662,131.65200340287103,0.3390377431283904
YULARA_COMBINED,Ridge,test,26,lag68:ghi_missing,0.007595344404710616,0.007595344404710616,False,False,5.76925850605051e-05,0.05497501135847342,0.0,1.0,7.230392178049662,131.65200340287103,0.3390382985915986
YULARA_COMBINED,Ridge,test,27,lag68:isolation_forest_flag,0.09997134130837092,0.09997134130837092,False,False,0.010096202385588393,0.03388611237316371,0.0,1.0,0.23796729818991952,9.901875724173403,0.3852464549827564
YULARA_COMBINED,Ridge,test,28,lag67:historical_ac_active_power,0.2888003845458112,0.2888003845458112,False,False,0.9999855768537349,0.23970070991931686,-5.2547013183357194e-05,0.9831675887107849,0.10307492889315077,2.6774027988532234,18.944447746336177
YULARA_COMBINED,Ridge,test,29,lag67:ambient_temperature,0.20732423189680121,0.20732423189680121,False,False,0.9999855768537349,0.653759014816577,0.13423457741737366,1.0510023832321167,0.5547792950102476,2.4708282043980976,26.399054290120123
YULARA_COMBINED,Ridge,test,30,lag67:global_horizontal_irradiance,0.23751511364059263,0.23751511364059263,False,False,0.9999855768537349,0.2235983262655099,-0.0026840653736144304,1.0152027606964111,0.20090278029728947,3.533761992064147,12.537889013438056
YULARA_COMBINED,Ridge,test,31,lag67:power_missing,0.0065778086435410435,0.0065778086435410435,False,False,4.3269438795378825e-05,0.0,0.0,0.0,-0.006578093273945638,0.006578093273945639,0.3885986248945903
YULARA_COMBINED,Ridge,test,32,lag67:temperature_missing,0.007595344404710616,0.007595344404710616,False,False,5.76925850605051e-05,0.05497501135847342,0.0,1.0,7.230392178049662,131.65200340287103,0.5685382696889341
YULARA_COMBINED,Ridge,test,33,lag67:ghi_missing,0.007595344404710616,0.007595344404710616,False,False,5.76925850605051e-05,0.05497501135847342,0.0,1.0,7.230392178049662,131.65200340287103,0.5685383356053393
YULARA_COMBINED,Ridge,test,34,lag67:isolation_forest_flag,0.09997134130837092,0.09997134130837092,False,False,0.010096202385588393,0.03388611237316371,0.0,1.0,0.23796729818991952,9.901875724173403,0.4796377482913461
YULARA_COMBINED,Ridge,test,35,lag66:historical_ac_active_power,0.2888021842100348,0.2888021842100348,False,False,0.9999855768537349,0.2397113860302223,-5.2547013183357194e-05,0.9831675887107849,0.10310815100792442,2.6773830122391513,14.846851505236947
YULARA_COMBINED,Ridge,test,36,lag66:ambient_temperature,0.2073197321967216,0.2073197321967216,False,False,0.9999855768537349,0.6537763969985424,0.13423457741737366,1.0510023832321167,0.5548772250556238,2.4708838782798064,29.000411732427875
YULARA_COMBINED,Ridge,test,37,lag66:global_horizontal_irradiance,0.23751517825534477,0.23751517825534477,False,False,0.9999855768537349,0.22361094415155786,-0.0026840653736144304,1.0152027606964111,0.20095652378598639,3.533761704319918,10.181211577379951
YULARA_COMBINED,Ridge,test,38,lag66:power_missing,0.006577808643541043,0.006577808643541043,False,False,4.3269438795378825e-05,0.0,0.0,0.0,-0.006578093273945638,0.00657809327394564,0.23969138919782235
YULARA_COMBINED,Ridge,test,39,lag66:temperature_missing,0.007595344404710616,0.007595344404710616,False,False,5.76925850605051e-05,0.05497501135847342,0.0,1.0,7.230392178049662,131.65200340287103,0.5333019777722808
YULARA_COMBINED,Ridge,test,40,lag66:ghi_missing,0.007595344404710616,0.007595344404710616,False,False,5.76925850605051e-05,0.05497501135847342,0.0,1.0,7.230392178049662,131.65200340287103,0.5333018947290368
YULARA_COMBINED,Ridge,test,41,lag66:isolation_forest_flag,0.09997134130837092,0.09997134130837092,False,False,0.010096202385588393,0.03388611237316371,0.0,1.0,0.23796729818991952,9.901875724173403,0.5470361573006831
YULARA_COMBINED,Ridge,test,42,lag65:historical_ac_active_power,0.2888039321112923,0.2888039321112923,False,False,0.9999855768537349,0.23972557170845088,-5.2547013183357194e-05,0.9831675887107849,0.10315385530058395,2.6773640177711013,13.342191923678165
YULARA_COMBINED,Ridge,test,43,lag65:ambient_temperature,0.20731507828627255,0.20731507828627255,False,False,0.9999855768537349,0.6537937937228495,0.13423457741737366,1.0510023832321167,0.554976379759714,2.4709421300211534,16.838024100890358
YULARA_COMBINED,Ridge,test,44,lag65:global_horizontal_irradiance,0.2375151254110116,0.2375151254110116,False,False,0.9999855768537349,0.2236260585877017,-0.0026840653736144304,1.0152027606964111,0.20102154513575907,3.533763831501369,8.545341500687906
YULARA_COMBINED,Ridge,test,45,lag65:power_missing,0.006577808643541043,0.006577808643541043,False,False,4.3269438795378825e-05,0.0,0.0,0.0,-0.006578093273945638,0.00657809327394564,0.3468403211087884
YULARA_COMBINED,Ridge,test,46,lag65:temperature_missing,0.007595344404710617,0.007595344404710617,False,False,5.76925850605051e-05,0.05497501135847342,0.0,1.0,7.230392178049662,131.65200340287103,0.3809327097225728
YULARA_COMBINED,Ridge,test,47,lag65:ghi_missing,0.007595344404710617,0.007595344404710617,False,False,5.76925850605051e-05,0.05497501135847342,0.0,1.0,7.230392178049662,131.65200340287103,0.38093243337080895
YULARA_COMBINED,Ridge,test,48,lag65:isolation_forest_flag,0.09997134130837092,0.09997134130837092,False,False,0.010096202385588393,0.03388611237316371,0.0,1.0,0.23796729818991952,9.901875724173403,0.7085226770433328
YULARA_COMBINED,Ridge,test,49,lag64:historical_ac_active_power,0.2888053118881875,0.2888053118881875,False,False,0.9999855768537349,0.23973879182948946,-5.2547013183357194e-05,0.9831675887107849,0.10319722475496654,2.6773493136511637,11.957972357630567
YULARA_COMBINED,Ridge,test,50,lag64:ambient_temperature,0.2073103581938918,0.2073103581938918,False,False,0.9999855768537349,0.6538115277960863,0.13423457741737366,1.0510023832321167,0.555078022065572,2.471001851904062,18.138075782035845
YULARA_COMBINED,Ridge,test,51,lag64:global_horizontal_irradiance,0.23751498256165857,0.23751498256165857,False,False,0.9999855768537349,0.22363997276976524,-0.0026840653736144304,1.0152027606964111,0.20108265687763902,3.5337683653303986,7.729909826286513
YULARA_COMBINED,Ridge,test,52,lag64:power_missing,0.006577808643541043,0.006577808643541043,False,False,4.3269438795378825e-05,0.0,0.0,0.0,-0.006578093273945638,0.00657809327394564,0.21324503813111606
YULARA_COMBINED,Ridge,test,53,lag64:temperature_missing,0.007595344404710617,0.007595344404710617,False,False,5.76925850605051e-05,0.05497501135847342,0.0,1.0,7.230392178049662,131.65200340287103,0.30135907367661163
YULARA_COMBINED,Ridge,test,54,lag64:ghi_missing,0.007595344404710617,0.007595344404710617,False,False,5.76925850605051e-05,0.05497501135847342,0.0,1.0,7.230392178049662,131.65200340287103,0.30135903302452627
YULARA_COMBINED,Ridge,test,55,lag64:isolation_forest_flag,0.09997134130837092,0.09997134130837092,False,False,0.010096202385588393,0.03388611237316371,0.0,1.0,0.23796729818991952,9.901875724173403,0.5797431531383233
YULARA_COMBINED,Ridge,test,56,lag63:historical_ac_active_power,0.2888066675291587,0.2888066675291587,False,False,0.9999855768537349,0.23975062763344027,-5.2547013183357194e-05,0.9831675887107849,0.1032366283562751,2.677335652584264,10.622793964483273
YULARA_COMBINED,Ridge,test,57,lag63:ambient_temperature,0.20730549856458358,0.20730549856458358,False,False,0.9999855768537349,0.6538292415113985,0.13423457741737366,1.0510023832321167,0.5551801422208136,2.4710634375063147,14.607223225698592
YULARA_COMBINED,Ridge,test,58,lag63:global_horizontal_irradiance,0.2375147162195381,0.2375147162195381,False,False,0.9999855768537349,0.22365287873533854,-0.0026840653736144304,1.0152027606964111,0.20114057497721105,3.5337756830663967,5.538886913220891
YULARA_COMBINED,Ridge,test,59,lag63:power_missing,0.006577808643541043,0.006577808643541043,False,False,4.3269438795378825e-05,0.0,0.0,0.0,-0.006578093273945638,0.00657809327394564,0.21393794578948125
YULARA_COMBINED,Ridge,test,60,lag63:temperature_missing,0.007595344404710617,0.007595344404710617,False,False,5.76925850605051e-05,0.05497501135847342,0.0,1.0,7.230392178049662,131.65200340287103,0.3529281001708034
YULARA_COMBINED,Ridge,test,61,lag63:ghi_missing,0.007595344404710617,0.007595344404710617,False,False,5.76925850605051e-05,0.05497501135847342,0.0,1.0,7.230392178049662,131.65200340287103,0.35292800812005737
YULARA_COMBINED,Ridge,test,62,lag63:isolation_forest_flag,0.09997134130837092,0.09997134130837092,False,False,0.010096202385588393,0.03388611237316371,0.0,1.0,0.23796729818991952,9.901875724173403,0.42761947853239873
YULARA_COMBINED,Ridge,test,63,lag62:historical_ac_active_power,0.28880814519195813,0.28880814519195813,False,False,0.9999855768537349,0.23975719929682554,-5.2547013183357194e-05,0.9831675887107849,0.1032589615264701,2.6773220611660147,10.07087668907885
YULARA_COMBINED,Ridge,test,64,lag62:ambient_temperature,0.2073006094621125,0.2073006094621125,False,False,0.9999855768537349,0.6538467109406444,0.13423457741737366,1.0510023832321167,0.5552813654202914,2.471125575053736,13.669273911551354
YULARA_COMBINED,Ridge,test,65,lag62:global_horizontal_irradiance,0.23751441608234428,0.23751441608234428,False,False,0.9999855768537349,0.22366228815252806,-0.0026840653736144304,1.0152027606964111,0.2011853154652804,3.5337850186742954,5.909820445807187
YULARA_COMBINED,Ridge,test,66,lag62:power_missing,0.006577808643541042,0.006577808643541042,False,False,4.3269438795378825e-05,0.0,0.0,0.0,-0.006578093273945638,0.006578093273945641,0.1839087860463042
YULARA_COMBINED,Ridge,test,67,lag62:temperature_missing,0.007595344404710617,0.007595344404710617,False,False,5.76925850605051e-05,0.05497501135847342,0.0,1.0,7.230392178049662,131.65200340287103,0.37441023275644336
YULARA_COMBINED,Ridge,test,68,lag62:ghi_missing,0.007595344404710617,0.007595344404710617,False,False,5.76925850605051e-05,0.05497501135847342,0.0,1.0,7.230392178049662,131.65200340287103,0.37441006775154784
YULARA_COMBINED,Ridge,test,69,lag62:isolation_forest_flag,0.09997134130837092,0.09997134130837092,False,False,0.010096202385588393,0.03388611237316371,0.0,1.0,0.23796729818991952,9.901875724173403,0.2931268533851708
YULARA_COMBINED,Ridge,test,70,lag61:historical_ac_active_power,0.2888095316486413,0.2888095316486413,False,False,0.9999855768537349,0.23976727219396993,-5.2547013183357194e-05,0.9831675887107849,0.10329407895904452,2.677309944270643,9.951198228280886
YULARA_COMBINED,Ridge,test,71,lag61:ambient_temperature,0.2072956267296773,0.2072956267296773,False,False,0.9999855768537349,0.6538641134805342,0.13423457741737366,1.0510023832321167,0.5553832858186128,2.4711895959510906,15.647408869414482
YULARA_COMBINED,Ridge,test,72,lag61:global_horizontal_irradiance,0.23751399317071017,0.23751399317071017,False,False,0.9999855768537349,0.2236727294111133,-0.0026840653736144304,1.0152027606964111,0.2012355991297382,3.5337972756807092,7.652617709009506
YULARA_COMBINED,Ridge,test,73,lag61:power_missing,0.006577808643541042,0.006577808643541042,False,False,4.3269438795378825e-05,0.0,0.0,0.0,-0.006578093273945638,0.006578093273945641,0.24012846015010542
YULARA_COMBINED,Ridge,test,74,lag61:temperature_missing,0.007595344404710617,0.007595344404710617,False,False,5.76925850605051e-05,0.05497501135847342,0.0,1.0,7.230392178049662,131.65200340287103,0.439151829260957
YULARA_COMBINED,Ridge,test,75,lag61:ghi_missing,0.007595344404710617,0.007595344404710617,False,False,5.76925850605051e-05,0.05497501135847342,0.0,1.0,7.230392178049662,131.65200340287103,0.4391516522387662
YULARA_COMBINED,Ridge,test,76,lag61:isolation_forest_flag,0.09997134130837092,0.09997134130837092,False,False,0.010096202385588393,0.03388611237316371,0.0,1.0,0.2379672981899195,9.901875724173403,0.6159448537589693
YULARA_COMBINED,Ridge,test,77,lag60:historical_ac_active_power,0.28881068567248136,0.28881068567248136,False,False,0.9999855768537349,0.23977678667901411,-5.2547013183357194e-05,0.9831675887107849,0.10332967253138839,2.6773023089690677,10.05425147924957
YULARA_COMBINED,Ridge,test,78,lag60:ambient_temperature,0.2072907188965675,0.2072907188965675,False,False,0.9999855768537349,0.6538817370419031,0.13423457741737366,1.0510023832321167,0.5554871508711501,2.471253801226423,10.734164875996077
YULARA_COMBINED,Ridge,test,79,lag60:global_horizontal_irradiance,0.23751342494048364,0.23751342494048364,False,False,0.9999855768537349,0.22368306023029272,-0.0026840653736144304,1.0152027606964111,0.2012866700069533,3.533812823694722,4.998355845775277
YULARA_COMBINED,Ridge,test,80,lag60:power_missing,0.006577808643541042,0.006577808643541042,False,False,4.3269438795378825e-05,0.0,0.0,0.0,-0.006578093273945638,0.006578093273945641,0.2721208041556444
YULARA_COMBINED,Ridge,test,81,lag60:temperature_missing,0.007595344404710617,0.007595344404710617,False,False,5.76925850605051e-05,0.05497501135847342,0.0,1.0,7.230392178049662,131.65200340287103,0.3956378506920806
YULARA_COMBINED,Ridge,test,82,lag60:ghi_missing,0.007595344404710617,0.007595344404710617,False,False,5.76925850605051e-05,0.05497501135847342,0.0,1.0,7.230392178049662,131.65200340287103,0.3956378694056778
YULARA_COMBINED,Ridge,test,83,lag60:isolation_forest_flag,0.09997134130837092,0.09997134130837092,False,False,0.010096202385588393,0.03388611237316371,0.0,1.0,0.23796729818991952,9.901875724173403,0.3613548064680043
YULARA_COMBINED,Ridge,test,84,lag59:historical_ac_active_power,0.28881190751438746,0.28881190751438746,False,False,0.9999855768537349,0.23978534109618269,-5.2547013183357194e-05,0.9831675887107849,0.10336229771091635,2.6772944254143765,11.806011659971917
YULARA_COMBINED,Ridge,test,85,lag59:ambient_temperature,0.20728578004243906,0.20728578004243906,False,False,0.9999855768537349,0.6538994711151398,0.13423457741737366,1.0510023832321167,0.5555919150459246,2.4713186573032817,11.241398238051993
YULARA_COMBINED,Ridge,test,86,lag59:global_horizontal_irradiance,0.23751266837598928,0.23751266837598928,False,False,0.9999855768537349,0.22369244426458731,-0.0026840653736144304,1.0152027606964111,0.20133507390826513,3.53383233329167,4.098630315500337
YULARA_COMBINED,Ridge,test,87,lag59:power_missing,0.006577808643541041,0.006577808643541041,False,False,4.3269438795378825e-05,0.0,0.0,0.0,-0.006578093273945641,0.0065780932739456415,0.22919596691333927
YULARA_COMBINED,Ridge,test,88,lag59:temperature_missing,0.007595344404710617,0.007595344404710617,False,False,5.76925850605051e-05,0.05497501135847342,0.0,1.0,7.230392178049662,131.65200340287103,0.4602237782111903
YULARA_COMBINED,Ridge,test,89,lag59:ghi_missing,0.007595344404710617,0.007595344404710617,False,False,5.76925850605051e-05,0.05497501135847342,0.0,1.0,7.230392178049662,131.65200340287103,0.4602235928338299
YULARA_COMBINED,Ridge,test,90,lag59:isolation_forest_flag,0.09997134130837092,0.09997134130837092,False,False,0.010096202385588393,0.03388611237316371,0.0,1.0,0.23796729818991952,9.901875724173403,0.6251210624370291
YULARA_COMBINED,Ridge,test,91,lag58:historical_ac_active_power,0.2888128740446459,0.2888128740446459,False,False,0.9999855768537349,0.23979378815301114,-5.2547013183357194e-05,0.9831675887107849,0.10339676573282072,2.67729103210427,8.60348473807484
YULARA_COMBINED,Ridge,test,92,lag58:ambient_temperature,0.20728089421621665,0.20728089421621665,False,False,0.9999855768537349,0.6539173360536554,0.13423457741737366,1.0510023832321167,0.5556980980237168,2.4713838088555993,17.021595753017714
YULARA_COMBINED,Ridge,test,93,lag58:global_horizontal_irradiance,0.2375117825016859,0.2375117825016859,False,False,0.9999855768537349,0.22370195667187145,-0.0026840653736144304,1.0152027606964111,0.20138517057805339,3.533854809295541,4.853371564852105
YULARA_COMBINED,Ridge,test,94,lag58:power_missing,0.006577808643541041,0.006577808643541041,False,False,4.3269438795378825e-05,0.0,0.0,0.0,-0.006578093273945641,0.0065780932739456415,0.25785740304369914
YULARA_COMBINED,Ridge,test,95,lag58:temperature_missing,0.007595344404710617,0.007595344404710617,False,False,5.76925850605051e-05,0.05497501135847342,0.0,1.0,7.230392178049662,131.65200340287103,0.4894776110503948
YULARA_COMBINED,Ridge,test,96,lag58:ghi_missing,0.007595344404710617,0.007595344404710617,False,False,5.76925850605051e-05,0.05497501135847342,0.0,1.0,7.230392178049662,131.65200340287103,0.4894775405428661
YULARA_COMBINED,Ridge,test,97,lag58:isolation_forest_flag,0.09997134130837092,0.09997134130837092,False,False,0.010096202385588393,0.03388611237316371,0.0,1.0,0.23796729818991952,9.901875724173403,0.3475729579772019
YULARA_COMBINED,Ridge,test,98,lag57:historical_ac_active_power,0.2888138362439346,0.2888138362439346,False,False,0.9999855768537349,0.23980224629417096,-5.2547013183357194e-05,0.9831675887107849,0.10343131205052387,2.677287717561378,5.992660487329625
YULARA_COMBINED,Ridge,test,99,lag57:ambient_temperature,0.2072758175342521,0.2072758175342521,False,False,0.9999855768537349,0.6539351922721821,0.13423457741737366,1.0510023832321167,0.5558055253675268,2.4714520087992935,11.471142324944948
YULARA_COMBINED,Ridge,test,100,lag57:global_horizontal_irradiance,0.23751067818816987,0.23751067818816987,False,False,0.9999855768537349,0.22371144859987926,-0.0026840653736144304,1.0152027606964111,0.20143631125644598,3.533881480182561,3.4502915473822995
YULARA_COMBINED,Ridge,test,101,lag57:power_missing,0.006577808643541041,0.006577808643541041,False,False,4.3269438795378825e-05,0.0,0.0,0.0,-0.006578093273945641,0.0065780932739456415,0.22210518555260853
YULARA_COMBINED,Ridge,test,102,lag57:temperature_missing,0.007595344404710617,0.007595344404710617,False,False,5.76925850605051e-05,0.05497501135847342,0.0,1.0,7.230392178049662,131.65200340287103,0.691485285124362
YULARA_COMBINED,Ridge,test,103,lag57:ghi_missing,0.007595344404710617,0.007595344404710617,False,False,5.76925850605051e-05,0.05497501135847342,0.0,1.0,7.230392178049662,131.65200340287103,0.6914852739903279
YULARA_COMBINED,Ridge,test,104,lag57:isolation_forest_flag,0.09997134130837092,0.09997134130837092,False,False,0.010096202385588393,0.03388611237316371,0.0,1.0,0.23796729818991952,9.901875724173403,0.37106726394868206
YULARA_COMBINED,Ridge,test,105,lag56:historical_ac_active_power,0.2888142974216451,0.2888142974216451,False,False,0.9999855768537349,0.23981038555181014,-5.2547013183357194e-05,0.9831675887107849,0.10346663297582782,2.6772907469314275,6.494086683165387
YULARA_COMBINED,Ridge,test,106,lag56:ambient_temperature,0.20727070731176034,0.20727070731176034,False,False,0.9999855768537349,0.6539530252249931,0.13423457741737366,1.0510023832321167,0.5559132510377729,2.471520927379192,13.12023524816095
YULARA_COMBINED,Ridge,test,107,lag56:global_horizontal_irradiance,0.23750923684790817,0.23750923684790817,False,False,0.9999855768537349,0.2237207709592828,-0.0026840653736144304,1.0152027606964111,0.20148656847828553,3.5339127100517316,2.898821123515884
YULARA_COMBINED,Ridge,test,108,lag56:power_missing,0.006577808643541041,0.006577808643541041,False,False,4.3269438795378825e-05,0.0,0.0,0.0,-0.006578093273945641,0.0065780932739456415,0.26285025277563495
YULARA_COMBINED,Ridge,test,109,lag56:temperature_missing,0.007595344404710617,0.007595344404710617,False,False,5.76925850605051e-05,0.05497501135847342,0.0,1.0,7.230392178049662,131.65200340287103,0.7147710498962451
YULARA_COMBINED,Ridge,test,110,lag56:ghi_missing,0.007595344404710617,0.007595344404710617,False,False,5.76925850605051e-05,0.05497501135847342,0.0,1.0,7.230392178049662,131.65200340287103,0.7147710673366343
YULARA_COMBINED,Ridge,test,111,lag56:isolation_forest_flag,0.09997134130837092,0.09997134130837092,False,False,0.010096202385588393,0.03388611237316371,0.0,1.0,0.23796729818991952,9.901875724173403,0.18820881712855567
YULARA_COMBINED,Ridge,test,112,lag55:historical_ac_active_power,0.28881427072377147,0.28881427072377147,False,False,0.9999855768537349,0.23981736355136424,-5.2547013183357194e-05,0.9831675887107849,0.103495061934018,2.6772952529584346,7.4410482818332575
YULARA_COMBINED,Ridge,test,113,lag55:ambient_temperature,0.20726541695994488,0.20726541695994488,False,False,0.9999855768537349,0.6539709017980592,0.13423457741737366,1.0510023832321167,0.5560215901881495,2.4715919118438165,9.48729252549285
YULARA_COMBINED,Ridge,test,114,lag55:global_horizontal_irradiance,0.23750747493946633,0.23750747493946633,False,False,0.9999855768537349,0.22372950480224532,-0.0026840653736144304,1.0152027606964111,0.20153462959192983,3.5339487192785346,5.0385379865152045
YULARA_COMBINED,Ridge,test,115,lag55:power_missing,0.006577808643541041,0.006577808643541041,False,False,4.3269438795378825e-05,0.0,0.0,0.0,-0.006578093273945641,0.0065780932739456415,0.22564562093842525
YULARA_COMBINED,Ridge,test,116,lag55:temperature_missing,0.007595344404710617,0.007595344404710617,False,False,5.76925850605051e-05,0.05497501135847342,0.0,1.0,7.230392178049662,131.65200340287103,0.5978253121952688
YULARA_COMBINED,Ridge,test,117,lag55:ghi_missing,0.007595344404710617,0.007595344404710617,False,False,5.76925850605051e-05,0.05497501135847342,0.0,1.0,7.230392178049662,131.65200340287103,0.5978252113751529
YULARA_COMBINED,Ridge,test,118,lag55:isolation_forest_flag,0.09997134130837092,0.09997134130837092,False,False,0.010096202385588393,0.03388611237316371,0.0,1.0,0.23796729818991952,9.901875724173403,0.2727573119876011
YULARA_COMBINED,Ridge,test,119,lag54:historical_ac_active_power,0.28881447194671195,0.28881447194671195,False,False,0.9999855768537349,0.23982375270759615,-5.2547013183357194e-05,0.9831675887107849,0.1035284108175798,2.677304686614245,4.85455617724079
YULARA_COMBINED,Ridge,test,120,lag54:ambient_temperature,0.2072601569519266,0.2072601569519266,False,False,0.9999855768537349,0.6539888249048135,0.13423457741737366,1.0510023832321167,0.5561288218333142,2.471661281935568,12.492405555727245
YULARA_COMBINED,Ridge,test,121,lag54:global_horizontal_irradiance,0.23750550083763564,0.23750550083763564,False,False,0.9999855768537349,0.22373730896360797,-0.0026840653736144304,1.0152027606964111,0.20157997856418175,3.5339889077951208,5.818307927155591
YULARA_COMBINED,Ridge,test,122,lag54:power_missing,0.006577808643541041,0.006577808643541041,False,False,4.3269438795378825e-05,0.0,0.0,0.0,-0.006578093273945641,0.0065780932739456415,0.25990753439923014
YULARA_COMBINED,Ridge,test,123,lag54:temperature_missing,0.007595344404710617,0.007595344404710617,False,False,5.76925850605051e-05,0.05497501135847342,0.0,1.0,7.230392178049662,131.65200340287103,0.49583493023371084
YULARA_COMBINED,Ridge,test,124,lag54:ghi_missing,0.007595344404710617,0.007595344404710617,False,False,5.76925850605051e-05,0.05497501135847342,0.0,1.0,7.230392178049662,131.65200340287103,0.4958349348403085
YULARA_COMBINED,Ridge,test,125,lag54:isolation_forest_flag,0.09997134130837092,0.09997134130837092,False,False,0.010096202385588393,0.03388611237316371,0.0,1.0,0.23796729818991952,9.901875724173403,0.3827126099091713
YULARA_COMBINED,Ridge,test,126,lag53:historical_ac_active_power,0.2888145183154396,0.2888145183154396,False,False,0.9999855768537349,0.2398280092527088,-5.2547013183357194e-05,0.9831675887107849,0.10355356872322781,2.6773146933153438,5.515758082193089
YULARA_COMBINED,Ridge,test,127,lag53:ambient_temperature,0.20725491024246992,0.20725491024246992,False,False,0.9999855768537349,0.6540067625516529,0.13423457741737366,1.0510023832321167,0.5562342011208016,2.4717286046840945,11.330578005911267
YULARA_COMBINED,Ridge,test,128,lag53:global_horizontal_irradiance,0.23750341265136599,0.23750341265136599,False,False,0.9999855768537349,0.22374031786920673,-0.0026840653736144304,1.0152027606964111,0.20160880226377145,3.5340343619293133,9.888143378678084
YULARA_COMBINED,Ridge,test,129,lag53:power_missing,0.006577808643541041,0.006577808643541041,False,False,4.3269438795378825e-05,0.0,0.0,0.0,-0.006578093273945641,0.0065780932739456415,0.23709394991939234
YULARA_COMBINED,Ridge,test,130,lag53:temperature_missing,0.007595344404710617,0.007595344404710617,False,False,5.76925850605051e-05,0.05497501135847342,0.0,1.0,7.230392178049664,131.65200340287103,0.4511926489959739
YULARA_COMBINED,Ridge,test,131,lag53:ghi_missing,0.007595344404710617,0.007595344404710617,False,False,5.76925850605051e-05,0.05497501135847342,0.0,1.0,7.230392178049664,131.65200340287103,0.45119263481989375
YULARA_COMBINED,Ridge,test,132,lag53:isolation_forest_flag,0.09997134130837092,0.09997134130837092,False,False,0.010096202385588393,0.03388611237316371,0.0,1.0,0.23796729818991952,9.901875724173403,0.46969325084514774
YULARA_COMBINED,Ridge,test,133,lag52:historical_ac_active_power,0.2888139215843157,0.2888139215843157,False,False,0.9999855768537349,0.23983208585956162,-5.2547013183357194e-05,0.9831675887107849,0.10358104587140082,2.677333373230093,5.993549147006761
YULARA_COMBINED,Ridge,test,134,lag52:ambient_temperature,0.2072494903447324,0.2072494903447324,False,False,0.9999855768537349,0.6540247263686144,0.13423457741737366,1.0510023832321167,0.5563400860481779,2.4717979055254755,13.409256127056347
YULARA_COMBINED,Ridge,test,135,lag52:global_horizontal_irradiance,0.23750108113314786,0.23750108113314786,False,False,0.9999855768537349,0.22374457373505494,-0.0026840653736144304,1.0152027606964111,0.2016443370033053,3.5340846913175192,6.79843058425345
YULARA_COMBINED,Ridge,test,136,lag52:power_missing,0.00657780864354104,0.00657780864354104,False,False,4.3269438795378825e-05,0.0,0.0,0.0,-0.006578093273945641,0.006578093273945642,0.21433459905952343
YULARA_COMBINED,Ridge,test,137,lag52:temperature_missing,0.007595344404710617,0.007595344404710617,False,False,5.76925850605051e-05,0.05497501135847342,0.0,1.0,7.230392178049662,131.65200340287103,0.45864168011958467
YULARA_COMBINED,Ridge,test,138,lag52:ghi_missing,0.007595344404710617,0.007595344404710617,False,False,5.76925850605051e-05,0.05497501135847342,0.0,1.0,7.230392178049662,131.65200340287103,0.45864169200144167
YULARA_COMBINED,Ridge,test,139,lag52:isolation_forest_flag,0.09997134130837093,0.09997134130837093,False,False,0.010096202385588393,0.03388611237316371,0.0,1.0,0.23796729818991944,9.9018757241734,0.7011284103076613
YULARA_COMBINED,Ridge,test,140,lag51:historical_ac_active_power,0.28881322009667887,0.28881322009667887,False,False,0.9999855768537349,0.23983510298070412,-5.2547013183357194e-05,0.9831675887107849,0.10360203995063073,2.677350171983,7.444568016552855
YULARA_COMBINED,Ridge,test,141,lag51:ambient_temperature,0.20724431634956822,0.20724431634956822,False,False,0.9999855768537349,0.6540426494731121,0.13423457741737366,1.0510023832321167,0.5564454405628749,2.471864597773609,14.713273216590881
YULARA_COMBINED,Ridge,test,142,lag51:global_horizontal_irradiance,0.2374984618548239,0.2374984618548239,False,False,0.9999855768537349,0.2237479400811612,-0.0026840653736144304,1.0152027606964111,0.20167657135889597,3.5341395036832486,7.844724850945354
YULARA_COMBINED,Ridge,test,143,lag51:power_missing,0.00657780864354104,0.00657780864354104,False,False,4.3269438795378825e-05,0.0,0.0,0.0,-0.006578093273945641,0.006578093273945642,0.20198152133603847
YULARA_COMBINED,Ridge,test,144,lag51:temperature_missing,0.007595344404710617,0.007595344404710617,False,False,5.76925850605051e-05,0.05497501135847342,0.0,1.0,7.230392178049662,131.65200340287103,0.4196274315282656
YULARA_COMBINED,Ridge,test,145,lag51:ghi_missing,0.007595344404710617,0.007595344404710617,False,False,5.76925850605051e-05,0.05497501135847342,0.0,1.0,7.230392178049662,131.65200340287103,0.41962741621709465
YULARA_COMBINED,Ridge,test,146,lag51:isolation_forest_flag,0.09997134130837093,0.09997134130837093,False,False,0.010096202385588393,0.03388611237316371,0.0,1.0,0.23796729818991944,9.9018757241734,0.398092568396643
YULARA_COMBINED,Ridge,test,147,lag50:historical_ac_active_power,0.2888118255514123,0.2888118255514123,False,False,0.9999855768537349,0.23983883228321815,-5.2547013183357194e-05,0.9831675887107849,0.10363003819562958,2.6773776851570052,8.09066854296987
YULARA_COMBINED,Ridge,test,148,lag50:ambient_temperature,0.20723933776110595,0.20723933776110595,False,False,0.9999855768537349,0.6540605347718088,0.13423457741737366,1.0510023832321167,0.556550002262352,2.4719288716827923,12.336861661745626
YULARA_COMBINED,Ridge,test,149,lag50:global_horizontal_irradiance,0.2374955782210606,0.2374955782210606,False,False,0.9999855768537349,0.2237521300020932,-0.0026840653736144304,1.0152027606964111,0.20171460504258235,3.5342003575041994,8.380769810875275
YULARA_COMBINED,Ridge,test,150,lag50:power_missing,0.00657780864354104,0.00657780864354104,False,False,4.3269438795378825e-05,0.0,0.0,0.0,-0.006578093273945641,0.006578093273945642,0.19862284397929914
YULARA_COMBINED,Ridge,test,151,lag50:temperature_missing,0.007595344404710617,0.007595344404710617,False,False,5.76925850605051e-05,0.05497501135847342,0.0,1.0,7.230392178049662,131.65200340287103,0.3501621978986002
YULARA_COMBINED,Ridge,test,152,lag50:ghi_missing,0.007595344404710617,0.007595344404710617,False,False,5.76925850605051e-05,0.05497501135847342,0.0,1.0,7.230392178049662,131.65200340287103,0.3501622057845203
YULARA_COMBINED,Ridge,test,153,lag50:isolation_forest_flag,0.09997134130837093,0.09997134130837093,False,False,0.010096202385588393,0.03388611237316371,0.0,1.0,0.23796729818991944,9.9018757241734,0.2934341182668807
YULARA_COMBINED,Ridge,test,154,lag49:historical_ac_active_power,0.28880999539301583,0.28880999539301583,False,False,0.9999855768537349,0.23984162271353898,-5.2547013183357194e-05,0.9831675887107849,0.10365431207042713,2.67740860677799,6.7667064414927935
YULARA_COMBINED,Ridge,test,155,lag49:ambient_temperature,0.20723431964425942,0.20723431964425942,False,False,0.9999855768537349,0.6540784200705057,0.13423457741737366,1.0510023832321167,0.5566556855385156,2.4719946305693137,13.274292573732822
YULARA_COMBINED,Ridge,test,156,lag49:global_horizontal_irradiance,0.23749240198635482,0.23749240198635482,False,False,0.9999855768537349,0.22375619037849515,-0.0026840653736144304,1.0152027606964111,0.20175315728115517,3.534266381697441,10.247074172237044
YULARA_COMBINED,Ridge,test,157,lag49:power_missing,0.00657780864354104,0.00657780864354104,False,False,4.3269438795378825e-05,0.0,0.0,0.0,-0.006578093273945641,0.006578093273945642,0.23094915823607912
YULARA_COMBINED,Ridge,test,158,lag49:temperature_missing,0.007595344404710617,0.007595344404710617,False,False,5.76925850605051e-05,0.05497501135847342,0.0,1.0,7.230392178049662,131.65200340287103,0.38897694468712585
YULARA_COMBINED,Ridge,test,159,lag49:ghi_missing,0.007595344404710617,0.007595344404710617,False,False,5.76925850605051e-05,0.05497501135847342,0.0,1.0,7.230392178049662,131.65200340287103,0.3889770434225763
YULARA_COMBINED,Ridge,test,160,lag49:isolation_forest_flag,0.09997134130837093,0.09997134130837093,False,False,0.010096202385588393,0.03388611237316371,0.0,1.0,0.23796729818991944,9.9018757241734,0.4334994770017049
YULARA_COMBINED,Ridge,test,161,lag48:historical_ac_active_power,0.28880778227756726,0.28880778227756726,False,False,0.9999855768537349,0.2398439949549609,-5.2547013183357194e-05,0.9831675887107849,0.10367850526963222,2.677444308579707,5.464612217713903
YULARA_COMBINED,Ridge,test,162,lag48:ambient_temperature,0.20722909292822717,0.20722909292822717,False,False,0.9999855768537349,0.654096340267212,0.13423457741737366,1.0510023832321167,0.5567634980980863,2.4720642763646365,14.274716455507372
YULARA_COMBINED,Ridge,test,163,lag48:global_horizontal_irradiance,0.23748859847606713,0.23748859847606713,False,False,0.9999855768537349,0.22375926641645347,-0.0026840653736144304,1.0152027606964111,0.20178591735519055,3.534339561439773,8.705783231991907
YULARA_COMBINED,Ridge,test,164,lag48:power_missing,0.006577808643541039,0.006577808643541039,False,False,4.3269438795378825e-05,0.0,0.0,0.0,-0.006578093273945641,0.006578093273945643,0.2346853049133063
YULARA_COMBINED,Ridge,test,165,lag48:temperature_missing,0.007595344404710617,0.007595344404710617,False,False,5.76925850605051e-05,0.05497501135847342,0.0,1.0,7.230392178049662,131.65200340287103,0.3904609229483832
YULARA_COMBINED,Ridge,test,166,lag48:ghi_missing,0.007595344404710617,0.007595344404710617,False,False,5.76925850605051e-05,0.05497501135847342,0.0,1.0,7.230392178049662,131.65200340287103,0.39046092461490894
YULARA_COMBINED,Ridge,test,167,lag48:isolation_forest_flag,0.09997134130837093,0.09997134130837093,False,False,0.010096202385588393,0.03388611237316371,0.0,1.0,0.23796729818991944,9.9018757241734,0.6564839384961185
YULARA_COMBINED,Ridge,test,168,lag47:historical_ac_active_power,0.2888053632500434,0.2888053632500434,False,False,0.9999855768537349,0.2398453759864272,-5.2547013183357194e-05,0.9831675887107849,0.10369809247786106,2.6774806717189548,6.884389289510173
YULARA_COMBINED,Ridge,test,169,lag47:ambient_temperature,0.20722376111119833,0.20722376111119833,False,False,0.9999855768537349,0.6541142546483356,0.13423457741737366,1.0510023832321167,0.5568708861552213,2.4721344951909003,22.855274060105565
YULARA_COMBINED,Ridge,test,170,lag47:global_horizontal_irradiance,0.23748444533945373,0.23748444533945373,False,False,0.9999855768537349,0.2237613755816339,-0.0026840653736144304,1.0152027606964111,0.20181443956533215,3.5344174821920302,9.82620268116734
YULARA_COMBINED,Ridge,test,171,lag47:power_missing,0.006577808643541038,0.006577808643541038,False,False,4.3269438795378825e-05,0.0,0.0,0.0,-0.006578093273945647,0.006578093273945644,0.26872909424076324
YULARA_COMBINED,Ridge,test,172,lag47:temperature_missing,0.007595344404710617,0.007595344404710617,False,False,5.76925850605051e-05,0.05497501135847342,0.0,1.0,7.230392178049662,131.65200340287103,0.476993085736136
YULARA_COMBINED,Ridge,test,173,lag47:ghi_missing,0.007595344404710617,0.007595344404710617,False,False,5.76925850605051e-05,0.05497501135847342,0.0,1.0,7.230392178049662,131.65200340287103,0.47699304063161313
YULARA_COMBINED,Ridge,test,174,lag47:isolation_forest_flag,0.09997134130837093,0.09997134130837093,False,False,0.010096202385588393,0.03388611237316371,0.0,1.0,0.23796729818991944,9.9018757241734,0.7707911973949004
YULARA_COMBINED,Ridge,test,175,lag46:historical_ac_active_power,0.28880249714303063,0.28880249714303063,False,False,0.9999855768537349,0.2398466032472181,-5.2547013183357194e-05,0.9831675887107849,0.10371857135582728,2.6775224436105534,7.412322514952798
YULARA_COMBINED,Ridge,test,176,lag46:ambient_temperature,0.20721809034550914,0.20721809034550914,False,False,0.9999855768537349,0.6541320701510134,0.13423457741737366,1.0510023832321167,0.5569779223630633,2.4722079701806736,10.163765045386034
YULARA_COMBINED,Ridge,test,177,lag46:global_horizontal_irradiance,0.23747995591640544,0.23747995591640544,False,False,0.9999855768537349,0.22376323528360703,-0.0026840653736144304,1.0152027606964111,0.20184252072874287,3.5345007333292044,9.0488881284958
YULARA_COMBINED,Ridge,test,178,lag46:power_missing,0.006577808643541039,0.006577808643541039,False,False,4.3269438795378825e-05,0.0,0.0,0.0,-0.006578093273945641,0.006578093273945643,0.22086902050761426
YULARA_COMBINED,Ridge,test,179,lag46:temperature_missing,0.007595344404710618,0.007595344404710618,False,False,5.76925850605051e-05,0.05497501135847342,0.0,1.0,7.230392178049662,131.652003402871,0.39178022097083287
YULARA_COMBINED,Ridge,test,180,lag46:ghi_missing,0.007595344404710618,0.007595344404710618,False,False,5.76925850605051e-05,0.05497501135847342,0.0,1.0,7.230392178049662,131.652003402871,0.3917802032451527
YULARA_COMBINED,Ridge,test,181,lag46:isolation_forest_flag,0.09997134130837093,0.09997134130837093,False,False,0.010096202385588393,0.03388611237316371,0.0,1.0,0.23796729818991944,9.9018757241734,0.8049344202779821
YULARA_COMBINED,Ridge,test,182,lag45:historical_ac_active_power,0.2887994819707863,0.2887994819707863,False,False,0.9999855768537349,0.23984699999703868,-5.2547013183357194e-05,0.9831675887107849,0.10373494021920217,2.677564310138007,7.136981207571111
YULARA_COMBINED,Ridge,test,183,lag45:ambient_temperature,0.20721238239767792,0.20721238239767792,False,False,0.9999855768537349,0.6541498013198439,0.13423457741737366,1.0510023832321167,0.5570855823409382,2.472282817758275,16.382532231297592
YULARA_COMBINED,Ridge,test,184,lag45:global_horizontal_irradiance,0.23747516658749804,0.23747516658749804,False,False,0.9999855768537349,0.22376424684856724,-0.0026840653736144304,1.0152027606964111,0.2018676792714185,3.534588844270527,9.758249130394553
YULARA_COMBINED,Ridge,test,185,lag45:power_missing,0.006577808643541038,0.006577808643541038,False,False,4.3269438795378825e-05,0.0,0.0,0.0,-0.006578093273945647,0.006578093273945644,0.21316079927030895
YULARA_COMBINED,Ridge,test,186,lag45:temperature_missing,0.007595344404710618,0.007595344404710618,False,False,5.76925850605051e-05,0.05497501135847342,0.0,1.0,7.230392178049662,131.652003402871,0.35360598441809243
YULARA_COMBINED,Ridge,test,187,lag45:ghi_missing,0.007595344404710618,0.007595344404710618,False,False,5.76925850605051e-05,0.05497501135847342,0.0,1.0,7.230392178049662,131.652003402871,0.35360606381216275
YULARA_COMBINED,Ridge,test,188,lag45:isolation_forest_flag,0.09997134130837093,0.09997134130837093,False,False,0.010096202385588393,0.03388611237316371,0.0,1.0,0.23796729818991944,9.9018757241734,0.4153444770608966
YULARA_COMBINED,Ridge,test,189,lag44:historical_ac_active_power,0.28879585764407245,0.28879585764407245,False,False,0.9999855768537349,0.23984726013568142,-5.2547013183357194e-05,0.9831675887107849,0.10375222405640537,2.677612994217491,8.067202170777875
YULARA_COMBINED,Ridge,test,190,lag44:ambient_temperature,0.20720671775173907,0.20720671775173907,False,False,0.9999855768537349,0.6541674161589671,0.13423457741737366,1.0510023832321167,0.5571928323772549,2.472357414775641,11.29063264822088
YULARA_COMBINED,Ridge,test,191,lag44:global_horizontal_irradiance,0.23747001376500357,0.23747001376500357,False,False,0.9999855768537349,0.2237647271402968,-0.0026840653736144304,1.0152027606964111,0.20189117405487986,3.534682632682193,9.909995461068332
YULARA_COMBINED,Ridge,test,192,lag44:power_missing,0.006577808643541038,0.006577808643541038,False,False,4.3269438795378825e-05,0.0,0.0,0.0,-0.006578093273945647,0.006578093273945644,0.17025676124500383
YULARA_COMBINED,Ridge,test,193,lag44:temperature_missing,0.007595344404710618,0.007595344404710618,False,False,5.76925850605051e-05,0.05497501135847342,0.0,1.0,7.230392178049662,131.652003402871,0.3881833352674499
YULARA_COMBINED,Ridge,test,194,lag44:ghi_missing,0.007595344404710618,0.007595344404710618,False,False,5.76925850605051e-05,0.05497501135847342,0.0,1.0,7.230392178049662,131.652003402871,0.3881833716067852
YULARA_COMBINED,Ridge,test,195,lag44:isolation_forest_flag,0.09997134130837093,0.09997134130837093,False,False,0.010096202385588393,0.03388611237316371,0.0,1.0,0.23796729818991944,9.9018757241734,0.5384680877150335
YULARA_COMBINED,Ridge,test,196,lag43:historical_ac_active_power,0.2887922907759606,0.2887922907759606,False,False,0.9999855768537349,0.2398473169433012,-5.2547013183357194e-05,0.9831675887107849,0.1037672140445767,2.677659577203734,9.225045769896358
YULARA_COMBINED,Ridge,test,197,lag43:ambient_temperature,0.207201221951414,0.207201221951414,False,False,0.9999855768537349,0.6541849001294263,0.13423457741737366,1.0510023832321167,0.5572988635235697,2.472429862103003,18.99646114883436
YULARA_COMBINED,Ridge,test,198,lag43:global_horizontal_irradiance,0.23746467290775036,0.23746467290775036,False,False,0.9999855768537349,0.2237649990075913,-0.0026840653736144304,1.0152027606964111,0.2019139285045237,3.534779200621338,10.650692080986804
YULARA_COMBINED,Ridge,test,199,lag43:power_missing,0.006577808643541038,0.006577808643541038,False,False,4.3269438795378825e-05,0.0,0.0,0.0,-0.006578093273945647,0.006578093273945644,0.1645682617367835
YULARA_COMBINED,Ridge,test,200,lag43:temperature_missing,0.007595344404710618,0.007595344404710618,False,False,5.76925850605051e-05,0.05497501135847342,0.0,1.0,7.230392178049662,131.652003402871,0.44993308917734814
YULARA_COMBINED,Ridge,test,201,lag43:ghi_missing,0.007595344404710618,0.007595344404710618,False,False,5.76925850605051e-05,0.05497501135847342,0.0,1.0,7.230392178049662,131.652003402871,0.44993308694059064
YULARA_COMBINED,Ridge,test,202,lag43:isolation_forest_flag,0.09997134130837093,0.09997134130837093,False,False,0.010096202385588393,0.03388611237316371,0.0,1.0,0.23796729818991944,9.9018757241734,0.4766056776010518
YULARA_COMBINED,Ridge,test,203,lag42:historical_ac_active_power,0.28878814727506563,0.28878814727506563,False,False,0.9999855768537349,0.2398473435643698,-5.2547013183357194e-05,0.9831675887107849,0.10378370203246177,2.6777129029370115,7.061283863663779
YULARA_COMBINED,Ridge,test,204,lag42:ambient_temperature,0.20719560766924064,0.20719560766924064,False,False,0.9999855768537349,0.6542022328721688,0.13423457741737366,1.0510023832321167,0.5574049062203532,2.4725041441993016,13.060692724837216
YULARA_COMBINED,Ridge,test,205,lag42:global_horizontal_irradiance,0.23745902671435815,0.23745902671435815,False,False,0.9999855768537349,0.22376516905656088,-0.0026840653736144304,1.0152027606964111,0.20193683886703354,3.5348806422284382,10.688016566800655
YULARA_COMBINED,Ridge,test,206,lag42:power_missing,0.006577808643541038,0.006577808643541038,False,False,4.3269438795378825e-05,0.0,0.0,0.0,-0.006578093273945647,0.006578093273945644,0.18413229041219115
YULARA_COMBINED,Ridge,test,207,lag42:temperature_missing,0.007595344404710618,0.007595344404710618,False,False,5.76925850605051e-05,0.05497501135847342,0.0,1.0,7.230392178049662,131.652003402871,0.4693303753393258
YULARA_COMBINED,Ridge,test,208,lag42:ghi_missing,0.007595344404710618,0.007595344404710618,False,False,5.76925850605051e-05,0.05497501135847342,0.0,1.0,7.230392178049662,131.652003402871,0.4693303643601599
YULARA_COMBINED,Ridge,test,209,lag42:isolation_forest_flag,0.09997134130837093,0.09997134130837093,False,False,0.010096202385588393,0.03388611237316371,0.0,1.0,0.23796729818991944,9.9018757241734,0.3224989954061519
YULARA_COMBINED,Ridge,test,210,lag41:historical_ac_active_power,0.2887837931206483,0.2887837931206483,False,False,0.9999855768537349,0.23984734599489763,-5.2547013183357194e-05,0.9831675887107849,0.103799246410858,2.6777672474660363,8.42863510236404
YULARA_COMBINED,Ridge,test,211,lag41:ambient_temperature,0.20718970011382615,0.20718970011382615,False,False,0.9999855768537349,0.6542194347507607,0.13423457741737366,1.0510023832321167,0.5575120051542162,2.4725828231696427,10.80202550369676
YULARA_COMBINED,Ridge,test,212,lag41:global_horizontal_irradiance,0.2374530507734713,0.2374530507734713,False,False,0.9999855768537349,0.22376527141614747,-0.0026840653736144304,1.0152027606964111,0.201960088118182,3.5349873400412997,9.840735250214689
YULARA_COMBINED,Ridge,test,213,lag41:power_missing,0.006577808643541037,0.006577808643541037,False,False,4.3269438795378825e-05,0.0,0.0,0.0,-0.0065780932739456476,0.006578093273945645,0.19686341906756036
YULARA_COMBINED,Ridge,test,214,lag41:temperature_missing,0.007595344404710618,0.007595344404710618,False,False,5.76925850605051e-05,0.05497501135847342,0.0,1.0,7.230392178049662,131.652003402871,0.42851323418687326
YULARA_COMBINED,Ridge,test,215,lag41:ghi_missing,0.007595344404710618,0.007595344404710618,False,False,5.76925850605051e-05,0.05497501135847342,0.0,1.0,7.230392178049662,131.652003402871,0.42851313006237596
YULARA_COMBINED,Ridge,test,216,lag41:isolation_forest_flag,0.09997134130837095,0.09997134130837095,False,False,0.010096202385588393,0.03388611237316371,0.0,1.0,0.2379672981899194,9.901875724173399,0.471643261389983
YULARA_COMBINED,Ridge,test,217,lag40:historical_ac_active_power,0.28877871129950955,0.28877871129950955,False,False,0.9999855768537349,0.23984734859896292,-5.2547013183357194e-05,0.9831675887107849,0.10381696399382159,2.677830251770012,8.102615545421907
YULARA_COMBINED,Ridge,test,218,lag40:ambient_temperature,0.20718386585386558,0.20718386585386558,False,False,0.9999855768537349,0.6542364592281288,0.13423457741737366,1.0510023832321167,0.5576177411901196,2.472660316386788,13.532674071191943
YULARA_COMBINED,Ridge,test,219,lag40:global_horizontal_irradiance,0.23744674041453923,0.23744674041453923,False,False,0.9999855768537349,0.2237653109639644,-0.0026840653736144304,1.0152027606964111,0.20198376158888898,3.5350994251298564,9.977858285082693
YULARA_COMBINED,Ridge,test,220,lag40:power_missing,0.006577808643541037,0.006577808643541037,False,False,4.3269438795378825e-05,0.0,0.0,0.0,-0.0065780932739456476,0.006578093273945645,0.246217818492266
YULARA_COMBINED,Ridge,test,221,lag40:temperature_missing,0.007595344404710618,0.007595344404710618,False,False,5.76925850605051e-05,0.05497501135847342,0.0,1.0,7.230392178049662,131.652003402871,0.40892689011215944
YULARA_COMBINED,Ridge,test,222,lag40:ghi_missing,0.007595344404710618,0.007595344404710618,False,False,5.76925850605051e-05,0.05497501135847342,0.0,1.0,7.230392178049662,131.652003402871,0.4089268791401503
YULARA_COMBINED,Ridge,test,223,lag40:isolation_forest_flag,0.09997134130837095,0.09997134130837095,False,False,0.010096202385588393,0.03388611237316371,0.0,1.0,0.23796729818991944,9.901875724173399,0.3059006964195909
YULARA_COMBINED,Ridge,test,224,lag39:historical_ac_active_power,0.2887732739379151,0.2887732739379151,False,False,0.9999855768537349,0.23984735131519494,-5.2547013183357194e-05,0.9831675887107849,0.10383463781499382,2.677896382723563,9.052611173968586
YULARA_COMBINED,Ridge,test,225,lag39:ambient_temperature,0.20717765401464572,0.20717765401464572,False,False,0.9999855768537349,0.654253384827051,0.13423457741737366,1.0510023832321167,0.5577244234122406,2.4727427215585207,11.062733429808633
YULARA_COMBINED,Ridge,test,226,lag39:global_horizontal_irradiance,0.23744012652573465,0.23744012652573465,False,False,0.9999855768537349,0.2237653268587726,-0.0026840653736144304,1.0152027606964111,0.20200850537978757,3.535216945832078,11.537097051396712
YULARA_COMBINED,Ridge,test,227,lag39:power_missing,0.006577808643541037,0.006577808643541037,False,False,4.3269438795378825e-05,0.0,0.0,0.0,-0.0065780932739456476,0.006578093273945645,0.18925309154607944
YULARA_COMBINED,Ridge,test,228,lag39:temperature_missing,0.007595344404710618,0.007595344404710618,False,False,5.76925850605051e-05,0.05497501135847342,0.0,1.0,7.230392178049662,131.652003402871,0.4172783670795728
YULARA_COMBINED,Ridge,test,229,lag39:ghi_missing,0.007595344404710618,0.007595344404710618,False,False,5.76925850605051e-05,0.05497501135847342,0.0,1.0,7.230392178049662,131.652003402871,0.4172783864567558
YULARA_COMBINED,Ridge,test,230,lag39:isolation_forest_flag,0.09997134130837095,0.09997134130837095,False,False,0.010096202385588393,0.03388611237316371,0.0,1.0,0.2379672981899194,9.901875724173399,0.47155545379213853
YULARA_COMBINED,Ridge,test,231,lag38:historical_ac_active_power,0.28876673585394835,0.28876673585394835,False,False,0.9999855768537349,0.23984735281246392,-5.2547013183357194e-05,0.9831675887107849,0.10385526664596345,2.677975286738151,11.677406369009251
YULARA_COMBINED,Ridge,test,232,lag38:ambient_temperature,0.2071713709518181,0.2071713709518181,False,False,0.9999855768537349,0.6542701592005131,0.13423457741737366,1.0510023832321167,0.5578313652883583,2.472826773239159,28.921638399524554
YULARA_COMBINED,Ridge,test,233,lag38:global_horizontal_irradiance,0.23743300811458878,0.23743300811458878,False,False,0.9999855768537349,0.22376529791543412,-0.0026840653736144304,1.0152027606964111,0.20203498462114117,3.5353434789439575,12.205723313486779
YULARA_COMBINED,Ridge,test,234,lag38:power_missing,0.006577808643541037,0.006577808643541037,False,False,4.3269438795378825e-05,0.0,0.0,0.0,-0.0065780932739456476,0.006578093273945645,0.27973975644422805
YULARA_COMBINED,Ridge,test,235,lag38:temperature_missing,0.007595344404710618,0.007595344404710618,False,False,5.76925850605051e-05,0.05497501135847342,0.0,1.0,7.230392178049662,131.652003402871,0.6568530318553868
YULARA_COMBINED,Ridge,test,236,lag38:ghi_missing,0.007595344404710618,0.007595344404710618,False,False,5.76925850605051e-05,0.05497501135847342,0.0,1.0,7.230392178049662,131.652003402871,0.6568530999871454
YULARA_COMBINED,Ridge,test,237,lag38:isolation_forest_flag,0.09997134130837095,0.09997134130837095,False,False,0.010096202385588393,0.03388611237316371,0.0,1.0,0.23796729818991944,9.901875724173399,0.9035344668130305
YULARA_COMBINED,Ridge,test,238,lag37:historical_ac_active_power,0.2887607175553493,0.2887607175553493,False,False,0.9999855768537349,0.23984735353015318,-5.2547013183357194e-05,0.9831675887107849,0.1038732052985696,2.6780468722487942,10.083803824760425
YULARA_COMBINED,Ridge,test,239,lag37:ambient_temperature,0.20716506630458162,0.20716506630458162,False,False,0.9999855768537349,0.6542868259710272,0.13423457741737366,1.0510023832321167,0.5579374887348943,2.4729107240284547,12.430760986993429
YULARA_COMBINED,Ridge,test,240,lag37:global_horizontal_irradiance,0.23742614898016806,0.23742614898016806,False,False,0.9999855768537349,0.2237652339727098,-0.0026840653736144304,1.0152027606964111,0.20205868717683378,3.535463748595782,10.610818636779834
YULARA_COMBINED,Ridge,test,241,lag37:power_missing,0.0065778086435410365,0.0065778086435410365,False,False,4.3269438795378825e-05,0.0,0.0,0.0,-0.0065780932739456476,0.006578093273945646,0.4100536944077685
YULARA_COMBINED,Ridge,test,242,lag37:temperature_missing,0.007595344404710618,0.007595344404710618,False,False,5.76925850605051e-05,0.05497501135847342,0.0,1.0,7.230392178049662,131.652003402871,0.5904509008160413
YULARA_COMBINED,Ridge,test,243,lag37:ghi_missing,0.007595344404710618,0.007595344404710618,False,False,5.76925850605051e-05,0.05497501135847342,0.0,1.0,7.230392178049662,131.652003402871,0.5904509301784774
YULARA_COMBINED,Ridge,test,244,lag37:isolation_forest_flag,0.09997134130837095,0.09997134130837095,False,False,0.010096202385588393,0.03388611237316371,0.0,1.0,0.2379672981899194,9.901875724173399,0.7819353736829097
YULARA_COMBINED,Ridge,test,245,lag36:historical_ac_active_power,0.2887535645251291,0.2887535645251291,False,False,0.9999855768537349,0.2398473540687743,-5.2547013183357194e-05,0.9831675887107849,0.10389439445148299,2.6781318272064376,11.931179224692034
YULARA_COMBINED,Ridge,test,246,lag36:ambient_temperature,0.20715857668896467,0.20715857668896467,False,False,0.9999855768537349,0.6543034054976458,0.13423457741737366,1.0510023832321167,0.5580437706345298,2.4729969628940474,11.962870292520764
YULARA_COMBINED,Ridge,test,247,lag36:global_horizontal_irradiance,0.2374195910091537,0.2374195910091537,False,False,0.9999855768537349,0.22376517311124502,-0.0026840653736144304,1.0152027606964111,0.20207804321736164,3.535575435834184,11.40732557924523
YULARA_COMBINED,Ridge,test,248,lag36:power_missing,0.0065778086435410365,0.0065778086435410365,False,False,4.3269438795378825e-05,0.0,0.0,0.0,-0.0065780932739456476,0.006578093273945646,0.3939386881613335
YULARA_COMBINED,Ridge,test,249,lag36:temperature_missing,0.007595344404710618,0.007595344404710618,False,False,5.76925850605051e-05,0.05497501135847342,0.0,1.0,7.230392178049662,131.652003402871,0.5797688306640203
YULARA_COMBINED,Ridge,test,250,lag36:ghi_missing,0.007595344404710618,0.007595344404710618,False,False,5.76925850605051e-05,0.05497501135847342,0.0,1.0,7.230392178049662,131.652003402871,0.5797687311340521
YULARA_COMBINED,Ridge,test,251,lag36:isolation_forest_flag,0.09997134130837095,0.09997134130837095,False,False,0.010096202385588393,0.03388611237316371,0.0,1.0,0.2379672981899194,9.901875724173399,0.6243294375456722
YULARA_COMBINED,Ridge,test,252,lag35:historical_ac_active_power,0.2887488522359905,0.2887488522359905,False,False,0.9999855768537349,0.23984735476006755,-5.2547013183357194e-05,0.9831675887107849,0.10388922183834715,2.678168662932755,9.43035691124384
YULARA_COMBINED,Ridge,test,253,lag35:ambient_temperature,0.20715202357810106,0.20715202357810106,False,False,0.9999855768537349,0.6543199646663399,0.13423457741737366,1.0510023832321167,0.558149982259276,2.473083815460372,11.913585645837856
YULARA_COMBINED,Ridge,test,254,lag35:global_horizontal_irradiance,0.23741185992597022,0.23741185992597022,False,False,0.9999855768537349,0.22376512878003305,-0.0026840653736144304,1.0152027606964111,0.20210502324481355,3.535711154645175,9.894049264062819
YULARA_COMBINED,Ridge,test,255,lag35:power_missing,0.0065778086435410365,0.0065778086435410365,False,False,4.3269438795378825e-05,0.0,0.0,0.0,-0.0065780932739456476,0.006578093273945646,0.4003600683282158
YULARA_COMBINED,Ridge,test,256,lag35:temperature_missing,0.007595344404710618,0.007595344404710618,False,False,5.76925850605051e-05,0.05497501135847342,0.0,1.0,7.230392178049662,131.652003402871,0.5465303087010909
YULARA_COMBINED,Ridge,test,257,lag35:ghi_missing,0.007595344404710618,0.007595344404710618,False,False,5.76925850605051e-05,0.05497501135847342,0.0,1.0,7.230392178049662,131.652003402871,0.5465303745991374
YULARA_COMBINED,Ridge,test,258,lag35:isolation_forest_flag,0.09997134130837096,0.09997134130837096,False,False,0.010096202385588393,0.03388611237316371,0.0,1.0,0.23796729818991935,9.901875724173397,0.6165133400064468
YULARA_COMBINED,Ridge,test,259,lag34:historical_ac_active_power,0.28874415295276434,0.28874415295276434,False,False,0.9999855768537349,0.23984735525781598,-5.2547013183357194e-05,0.9831675887107849,0.10388647371205306,2.6782078092321138,9.473986129877431
YULARA_COMBINED,Ridge,test,260,lag34:ambient_temperature,0.20714519466957898,0.20714519466957898,False,False,0.9999855768537349,0.6543364162343426,0.13423457741737366,1.0510023832321167,0.5582559270492472,2.47317346897197,35.089920280489714
YULARA_COMBINED,Ridge,test,261,lag34:global_horizontal_irradiance,0.23740522881269266,0.23740522881269266,False,False,0.9999855768537349,0.2237650792253645,-0.0026840653736144304,1.0152027606964111,0.202120803581044,3.5358202567446178,9.252613079109548
YULARA_COMBINED,Ridge,test,262,lag34:power_missing,0.006577808643541036,0.006577808643541036,False,False,4.3269438795378825e-05,0.0,0.0,0.0,-0.0065780932739456476,0.006578093273945647,0.4133016878176741
YULARA_COMBINED,Ridge,test,263,lag34:temperature_missing,0.007595344404710618,0.007595344404710618,False,False,5.76925850605051e-05,0.05497501135847342,0.0,1.0,7.230392178049664,131.652003402871,0.5114426305444003
YULARA_COMBINED,Ridge,test,264,lag34:ghi_missing,0.007595344404710618,0.007595344404710618,False,False,5.76925850605051e-05,0.05497501135847342,0.0,1.0,7.230392178049664,131.652003402871,0.5114425698814488
YULARA_COMBINED,Ridge,test,265,lag34:isolation_forest_flag,0.09997134130837096,0.09997134130837096,False,False,0.010096202385588393,0.03388611237316371,0.0,1.0,0.23796729818991935,9.901875724173397,0.8920969048500771
YULARA_COMBINED,Ridge,test,266,lag33:historical_ac_active_power,0.28873813015368205,0.28873813015368205,False,False,0.9999855768537349,0.23984735573656446,-5.2547013183357194e-05,0.9831675887107849,0.10390175560972159,2.678276787333399,8.925231843549467
YULARA_COMBINED,Ridge,test,267,lag33:ambient_temperature,0.20713803723948843,0.20713803723948843,False,False,0.9999855768537349,0.6543526496875292,0.13423457741737366,1.0510023832321167,0.5583608770408994,2.4732662166429633,21.56164383850009
YULARA_COMBINED,Ridge,test,268,lag33:global_horizontal_irradiance,0.23739790508537598,0.23739790508537598,False,False,0.9999855768537349,0.2237650232000986,-0.0026840653736144304,1.0152027606964111,0.20214332982190655,3.5359458636382257,8.818803474031945
YULARA_COMBINED,Ridge,test,269,lag33:power_missing,0.006577808643541036,0.006577808643541036,False,False,4.3269438795378825e-05,0.0,0.0,0.0,-0.0065780932739456476,0.006578093273945647,0.494338645989465
YULARA_COMBINED,Ridge,test,270,lag33:temperature_missing,0.007595344404710618,0.007595344404710618,False,False,5.76925850605051e-05,0.05497501135847342,0.0,1.0,7.230392178049662,131.652003402871,0.334742839522644
YULARA_COMBINED,Ridge,test,271,lag33:ghi_missing,0.007595344404710618,0.007595344404710618,False,False,5.76925850605051e-05,0.05497501135847342,0.0,1.0,7.230392178049662,131.652003402871,0.33474286736167347
YULARA_COMBINED,Ridge,test,272,lag33:isolation_forest_flag,0.09997134130837096,0.09997134130837096,False,False,0.010096202385588393,0.03388611237316371,0.0,1.0,0.23796729818991935,9.901875724173397,0.7414939378141385
YULARA_COMBINED,Ridge,test,273,lag32:historical_ac_active_power,0.2887318032691395,0.2887318032691395,False,False,0.9999855768537349,0.23984735610724836,-5.2547013183357194e-05,0.9831675887107849,0.10391800355600757,2.6783494454247627,7.410679950308365
YULARA_COMBINED,Ridge,test,274,lag32:ambient_temperature,0.2071303622357102,0.2071303622357102,False,False,0.9999855768537349,0.6543685981410571,0.13423457741737366,1.0510023832321167,0.5584674156110728,2.4733667128937102,15.611606277453332
YULARA_COMBINED,Ridge,test,275,lag32:global_horizontal_irradiance,0.23739092394629782,0.23739092394629782,False,False,0.9999855768537349,0.22376495720142645,-0.0026840653736144304,1.0152027606964111,0.20216173931035764,3.5360625908611203,7.136743929151526
YULARA_COMBINED,Ridge,test,276,lag32:power_missing,0.006577808643541036,0.006577808643541036,False,False,4.3269438795378825e-05,0.0,0.0,0.0,-0.0065780932739456476,0.006578093273945647,0.5291527350943432
YULARA_COMBINED,Ridge,test,277,lag32:temperature_missing,0.007595344404710618,0.007595344404710618,False,False,5.76925850605051e-05,0.05497501135847342,0.0,1.0,7.230392178049662,131.652003402871,0.40170877817374423
YULARA_COMBINED,Ridge,test,278,lag32:ghi_missing,0.007595344404710618,0.007595344404710618,False,False,5.76925850605051e-05,0.05497501135847342,0.0,1.0,7.230392178049662,131.652003402871,0.40170883008754826
YULARA_COMBINED,Ridge,test,279,lag32:isolation_forest_flag,0.09997134130837096,0.09997134130837096,False,False,0.010096202385588393,0.03388611237316371,0.0,1.0,0.23796729818991935,9.901875724173397,0.758500290529318
YULARA_COMBINED,Ridge,test,280,lag31:historical_ac_active_power,0.2887243838769123,0.2887243838769123,False,False,0.9999855768537349,0.2398473567479333,-5.2547013183357194e-05,0.9831675887107849,0.10393732272752704,2.678434917914155,6.923757846654295
YULARA_COMBINED,Ridge,test,281,lag31:ambient_temperature,0.20712235702383905,0.20712235702383905,False,False,0.9999855768537349,0.6543844040913707,0.13423457741737366,1.0510023832321167,0.5585745764292683,2.4734715718081723,17.405768254951287
YULARA_COMBINED,Ridge,test,282,lag31:global_horizontal_irradiance,0.2373823500208571,0.2373823500208571,False,False,0.9999855768537349,0.22376488598721392,-0.0026840653736144304,1.0152027606964111,0.2021903874757623,3.5362119549581768,5.511392953754289
YULARA_COMBINED,Ridge,test,283,lag31:power_missing,0.006577808643541036,0.006577808643541036,False,False,4.3269438795378825e-05,0.0,0.0,0.0,-0.0065780932739456476,0.006578093273945647,0.5532743801202836
YULARA_COMBINED,Ridge,test,284,lag31:temperature_missing,0.007595344404710618,0.007595344404710618,False,False,5.76925850605051e-05,0.05497501135847342,0.0,1.0,7.230392178049662,131.652003402871,0.6469202095411914
YULARA_COMBINED,Ridge,test,285,lag31:ghi_missing,0.007595344404710618,0.007595344404710618,False,False,5.76925850605051e-05,0.05497501135847342,0.0,1.0,7.230392178049662,131.652003402871,0.6469202129802394
YULARA_COMBINED,Ridge,test,286,lag31:isolation_forest_flag,0.09997134130837096,0.09997134130837096,False,False,0.010096202385588393,0.03388611237316371,0.0,1.0,0.23796729818991935,9.901875724173397,0.6142515869662417
YULARA_COMBINED,Ridge,test,287,lag30:historical_ac_active_power,0.28871691513377845,0.28871691513377845,False,False,0.9999855768537349,0.2398473572750478,-5.2547013183357194e-05,0.9831675887107849,0.10395663448518568,2.6785208268578975,7.649141679557847
YULARA_COMBINED,Ridge,test,288,lag30:ambient_temperature,0.20711455743963317,0.20711455743963317,False,False,0.9999855768537349,0.6544000413683478,0.13423457741737366,1.0510023832321167,0.5586792585329239,2.4735728650789772,22.138306469440266
YULARA_COMBINED,Ridge,test,289,lag30:global_horizontal_irradiance,0.2373736932720121,0.2373736932720121,False,False,0.9999855768537349,0.22376481848707855,-0.0026840653736144304,1.0152027606964111,0.2022191950688896,3.536362634891453,7.093585751806615
YULARA_COMBINED,Ridge,test,290,lag30:power_missing,0.006577808643541035,0.006577808643541035,False,False,4.3269438795378825e-05,0.0,0.0,0.0,-0.00657809327394565,0.0065780932739456476,0.6159158518156541
YULARA_COMBINED,Ridge,test,291,lag30:temperature_missing,0.007595344404710618,0.007595344404710618,False,False,5.76925850605051e-05,0.05497501135847342,0.0,1.0,7.230392178049662,131.652003402871,0.45774815569161836
YULARA_COMBINED,Ridge,test,292,lag30:ghi_missing,0.007595344404710618,0.007595344404710618,False,False,5.76925850605051e-05,0.05497501135847342,0.0,1.0,7.230392178049662,131.652003402871,0.4577481399228551
YULARA_COMBINED,Ridge,test,293,lag30:isolation_forest_flag,0.09997134130837096,0.09997134130837096,False,False,0.010096202385588393,0.03388611237316371,0.0,1.0,0.23796729818991932,9.901875724173397,0.5736811151179831
YULARA_COMBINED,Ridge,test,294,lag29:historical_ac_active_power,0.2887097464928708,0.2887097464928708,False,False,0.9999855768537349,0.23984735778348854,-5.2547013183357194e-05,0.9831675887107849,0.10397476990054272,2.6786028867440157,8.251447377341144
YULARA_COMBINED,Ridge,test,295,lag29:ambient_temperature,0.2071066022938369,0.2071066022938369,False,False,0.9999855768537349,0.654415559410083,0.13423457741737366,1.0510023832321167,0.5587837015772429,2.473675933063749,35.22978736353903
YULARA_COMBINED,Ridge,test,296,lag29:global_horizontal_irradiance,0.23736515398494032,0.23736515398494032,False,False,0.9999855768537349,0.22376475883488386,-0.0026840653736144304,1.0152027606964111,0.20224720702980004,3.5365108450351506,7.137398792020291
YULARA_COMBINED,Ridge,test,297,lag29:power_missing,0.006577808643541035,0.006577808643541035,False,False,4.3269438795378825e-05,0.0,0.0,0.0,-0.00657809327394565,0.0065780932739456476,0.5863486796125538
YULARA_COMBINED,Ridge,test,298,lag29:temperature_missing,0.007595344404710618,0.007595344404710618,False,False,5.76925850605051e-05,0.05497501135847342,0.0,1.0,7.230392178049664,131.652003402871,0.6142530536263038
YULARA_COMBINED,Ridge,test,299,lag29:ghi_missing,0.007595344404710618,0.007595344404710618,False,False,5.76925850605051e-05,0.05497501135847342,0.0,1.0,7.230392178049664,131.652003402871,0.6142530854829039
YULARA_COMBINED,Ridge,test,300,lag29:isolation_forest_flag,0.09997134130837096,0.09997134130837096,False,False,0.010096202385588393,0.03388611237316371,0.0,1.0,0.23796729818991938,9.901875724173397,0.45220220517120335
YULARA_COMBINED,Ridge,test,301,lag28:historical_ac_active_power,0.28870206690163686,0.28870206690163686,False,False,0.9999855768537349,0.23984735826272557,-5.2547013183357194e-05,0.9831675887107849,0.10399429654418546,2.678690897872345,9.061024178504058
YULARA_COMBINED,Ridge,test,302,lag28:ambient_temperature,0.2070986060415281,0.2070986060415281,False,False,0.9999855768537349,0.6544310745451553,0.13423457741737366,1.0510023832321167,0.5588878162406545,2.4737790666792967,34.43632107111173
YULARA_COMBINED,Ridge,test,303,lag28:global_horizontal_irradiance,0.23735643309541732,0.23735643309541732,False,False,0.9999855768537349,0.2237647045883411,-0.0026840653736144304,1.0152027606964111,0.20227581864030175,3.5366621918544285,6.750078212964026
YULARA_COMBINED,Ridge,test,304,lag28:power_missing,0.006577808643541035,0.006577808643541035,False,False,4.3269438795378825e-05,0.0,0.0,0.0,-0.00657809327394565,0.0065780932739456476,0.5514597982572997
YULARA_COMBINED,Ridge,test,305,lag28:temperature_missing,0.007595344404710618,0.007595344404710618,False,False,5.76925850605051e-05,0.05497501135847342,0.0,1.0,7.230392178049662,131.652003402871,0.37679668405609734
YULARA_COMBINED,Ridge,test,306,lag28:ghi_missing,0.007595344404710618,0.007595344404710618,False,False,5.76925850605051e-05,0.05497501135847342,0.0,1.0,7.230392178049662,131.652003402871,0.37679667708063797
YULARA_COMBINED,Ridge,test,307,lag28:isolation_forest_flag,0.09997134130837096,0.09997134130837096,False,False,0.010096202385588393,0.03388611237316371,0.0,1.0,0.23796729818991935,9.901875724173397,0.5368446891638433
YULARA_COMBINED,Ridge,test,308,lag27:historical_ac_active_power,0.2886974550886215,0.2886974550886215,False,False,0.9999855768537349,0.23984735876244795,-5.2547013183357194e-05,0.9831675887107849,0.10400233620798724,2.6787400654344533,9.231113901705168
YULARA_COMBINED,Ridge,test,309,lag27:ambient_temperature,0.20709048911346947,0.20709048911346947,False,False,0.9999855768537349,0.6544465286087109,0.13423457741737366,1.0510023832321167,0.5589921035175626,2.473883783579818,19.930596658199153
YULARA_COMBINED,Ridge,test,310,lag27:global_horizontal_irradiance,0.2373478236418671,0.2373478236418671,False,False,0.9999855768537349,0.22376465005840293,-0.0026840653736144304,1.0152027606964111,0.20230377102487426,3.5368113240926666,8.984355768709943
YULARA_COMBINED,Ridge,test,311,lag27:power_missing,0.006577808643541035,0.006577808643541035,False,False,4.3269438795378825e-05,0.0,0.0,0.0,-0.00657809327394565,0.0065780932739456476,0.5549644286023592
YULARA_COMBINED,Ridge,test,312,lag27:temperature_missing,0.007595344404710619,0.007595344404710619,False,False,5.76925850605051e-05,0.05497501135847342,0.0,1.0,7.230392178049662,131.652003402871,0.4765509017713374
YULARA_COMBINED,Ridge,test,313,lag27:ghi_missing,0.007595344404710619,0.007595344404710619,False,False,5.76925850605051e-05,0.05497501135847342,0.0,1.0,7.230392178049662,131.652003402871,0.47655089144063567
YULARA_COMBINED,Ridge,test,314,lag27:isolation_forest_flag,0.09997134130837096,0.09997134130837096,False,False,0.010096202385588393,0.03388611237316371,0.0,1.0,0.23796729818991935,9.901875724173397,0.6536407137265661
YULARA_COMBINED,Ridge,test,315,lag26:historical_ac_active_power,0.2886883870788515,0.2886883870788515,False,False,0.9999855768537349,0.23984735929900106,-5.2547013183357194e-05,0.9831675887107849,0.10402552003174799,2.6788441226544975,10.036173515330555
YULARA_COMBINED,Ridge,test,316,lag26:ambient_temperature,0.20708252202146785,0.20708252202146785,False,False,0.9999855768537349,0.6544619710388444,0.13423457741737366,1.0510023832321167,0.5590960078068211,2.4739867881700413,22.161986563222143
YULARA_COMBINED,Ridge,test,317,lag26:global_horizontal_irradiance,0.23734113841764726,0.23734113841764726,False,False,0.9999855768537349,0.22376460636173645,-0.0026840653736144304,1.0152027606964111,0.20231549736907223,3.5369171581312595,7.1755146436781
YULARA_COMBINED,Ridge,test,318,lag26:power_missing,0.006577808643541034,0.006577808643541034,False,False,4.3269438795378825e-05,0.0,0.0,0.0,-0.00657809327394565,0.006578093273945648,0.49011018773946347
YULARA_COMBINED,Ridge,test,319,lag26:temperature_missing,0.007595344404710619,0.007595344404710619,False,False,5.76925850605051e-05,0.05497501135847342,0.0,1.0,7.230392178049662,131.652003402871,0.6973011354851701
YULARA_COMBINED,Ridge,test,320,lag26:ghi_missing,0.007595344404710619,0.007595344404710619,False,False,5.76925850605051e-05,0.05497501135847342,0.0,1.0,7.230392178049662,131.652003402871,0.6973011147371613
YULARA_COMBINED,Ridge,test,321,lag26:isolation_forest_flag,0.09997134130837096,0.09997134130837096,False,False,0.010096202385588393,0.03388611237316371,0.0,1.0,0.23796729818991938,9.901875724173397,1.0148354420610743
YULARA_COMBINED,Ridge,test,322,lag25:historical_ac_active_power,0.28868178396491384,0.28868178396491384,False,False,0.9999855768537349,0.23984735970846652,-5.2547013183357194e-05,0.9831675887107849,0.10404129821714371,2.678918794099118,10.44353225633651
YULARA_COMBINED,Ridge,test,323,lag25:ambient_temperature,0.2070745563745118,0.2070745563745118,False,False,0.9999855768537349,0.6544773204072432,0.13423457741737366,1.0510023832321167,0.559198011569832,2.474088328213681,17.682746592740973
YULARA_COMBINED,Ridge,test,324,lag25:global_horizontal_irradiance,0.23733273627277365,0.23733273627277365,False,False,0.9999855768537349,0.22376456652699797,-0.0026840653736144304,1.0152027606964111,0.20234232889251433,3.537062210349531,6.592903837342186
YULARA_COMBINED,Ridge,test,325,lag25:power_missing,0.006577808643541034,0.006577808643541034,False,False,4.3269438795378825e-05,0.0,0.0,0.0,-0.00657809327394565,0.006578093273945648,0.6269429272865116
YULARA_COMBINED,Ridge,test,326,lag25:temperature_missing,0.007595344404710619,0.007595344404710619,False,False,5.76925850605051e-05,0.05497501135847342,0.0,1.0,7.230392178049662,131.652003402871,0.6232903406318613
YULARA_COMBINED,Ridge,test,327,lag25:ghi_missing,0.007595344404710619,0.007595344404710619,False,False,5.76925850605051e-05,0.05497501135847342,0.0,1.0,7.230392178049662,131.652003402871,0.6232904017218075
YULARA_COMBINED,Ridge,test,328,lag25:isolation_forest_flag,0.09997134130837096,0.09997134130837096,False,False,0.010096202385588393,0.03388611237316371,0.0,1.0,0.23796729818991935,9.901875724173397,1.3061279509513082
YULARA_COMBINED,Ridge,test,329,lag24:historical_ac_active_power,0.28867261427172136,0.28867261427172136,False,False,0.9999855768537349,0.23984736032909,-5.2547013183357194e-05,0.9831675887107849,0.10406417983967929,2.67902346462318,12.738295859098262
YULARA_COMBINED,Ridge,test,330,lag24:ambient_temperature,0.20706660048068842,0.20706660048068842,False,False,0.9999855768537349,0.6544925563559828,0.13423457741737366,1.0510023832321167,0.5592987321646486,2.4741890426042286,20.694900934410352
YULARA_COMBINED,Ridge,test,331,lag24:global_horizontal_irradiance,0.23732525203694774,0.23732525203694774,False,False,0.9999855768537349,0.22376452495405164,-0.0026840653736144304,1.0152027606964111,0.20236421608217167,3.5371894356889975,7.539732584832339
YULARA_COMBINED,Ridge,test,332,lag24:power_missing,0.006577808643541034,0.006577808643541034,False,False,4.3269438795378825e-05,0.0,0.0,0.0,-0.00657809327394565,0.006578093273945648,0.6023614951878089
YULARA_COMBINED,Ridge,test,333,lag24:temperature_missing,0.007595344404710619,0.007595344404710619,False,False,5.76925850605051e-05,0.05497501135847342,0.0,1.0,7.230392178049664,131.652003402871,0.543636259894402
YULARA_COMBINED,Ridge,test,334,lag24:ghi_missing,0.007595344404710619,0.007595344404710619,False,False,5.76925850605051e-05,0.05497501135847342,0.0,1.0,7.230392178049664,131.652003402871,0.5436362196906038
YULARA_COMBINED,Ridge,test,335,lag24:isolation_forest_flag,0.09997134130837096,0.09997134130837096,False,False,0.010096202385588393,0.03388611237316371,0.0,1.0,0.23796729818991935,9.901875724173397,1.250975949260864
YULARA_COMBINED,Ridge,test,336,lag23:historical_ac_active_power,0.2886644819265653,0.2886644819265653,False,False,0.9999855768537349,0.23984736083963523,-5.2547013183357194e-05,0.9831675887107849,0.10408420075464492,2.679116026319684,14.758008525580465
YULARA_COMBINED,Ridge,test,337,lag23:ambient_temperature,0.20705808621912838,0.20705808621912838,False,False,0.9999855768537349,0.6545076788839347,0.13423457741737366,1.0510023832321167,0.5594015127298025,2.4742975285684397,20.425750987485355
YULARA_COMBINED,Ridge,test,338,lag23:global_horizontal_irradiance,0.2373170862257825,0.2373170862257825,False,False,0.9999855768537349,0.22376447974975122,-0.0026840653736144304,1.0152027606964111,0.20239013927199817,3.537330296904343,5.490957694497423
YULARA_COMBINED,Ridge,test,339,lag23:power_missing,0.006577808643541034,0.006577808643541034,False,False,4.3269438795378825e-05,0.0,0.0,0.0,-0.00657809327394565,0.006578093273945648,0.5885060366479601
YULARA_COMBINED,Ridge,test,340,lag23:temperature_missing,0.007595344404710619,0.007595344404710619,False,False,5.76925850605051e-05,0.05497501135847342,0.0,1.0,7.230392178049662,131.652003402871,0.38636158224042666
YULARA_COMBINED,Ridge,test,341,lag23:ghi_missing,0.007595344404710619,0.007595344404710619,False,False,5.76925850605051e-05,0.05497501135847342,0.0,1.0,7.230392178049662,131.652003402871,0.3863615842947267
YULARA_COMBINED,Ridge,test,342,lag23:isolation_forest_flag,0.09997134130837097,0.09997134130837097,False,False,0.010096202385588393,0.03388611237316371,0.0,1.0,0.23796729818991935,9.901875724173397,0.4799388126308939
YULARA_COMBINED,Ridge,test,343,lag22:historical_ac_active_power,0.2886559903582352,0.2886559903582352,False,False,0.9999855768537349,0.2398473614934078,-5.2547013183357194e-05,0.9831675887107849,0.10410556734371686,2.6792131419167684,18.467172396507564
YULARA_COMBINED,Ridge,test,344,lag22:ambient_temperature,0.2070494373886582,0.2070494373886582,False,False,0.9999855768537349,0.6545227316181245,0.13423457741737366,1.0510023832321167,0.559504419265447,2.4744077226236176,25.98038298654869
YULARA_COMBINED,Ridge,test,345,lag22:global_horizontal_irradiance,0.23730827737207916,0.23730827737207916,False,False,0.9999855768537349,0.22376443284950362,-0.0026840653736144304,1.0152027606964111,0.20241919114982904,3.537483338979783,6.798511628605197
YULARA_COMBINED,Ridge,test,346,lag22:power_missing,0.006577808643541033,0.006577808643541033,False,False,4.3269438795378825e-05,0.0,0.0,0.0,-0.00657809327394565,0.006578093273945649,0.5961455525948849
YULARA_COMBINED,Ridge,test,347,lag22:temperature_missing,0.007595344404710619,0.007595344404710619,False,False,5.76925850605051e-05,0.05497501135847342,0.0,1.0,7.230392178049662,131.652003402871,0.42879335081728337
YULARA_COMBINED,Ridge,test,348,lag22:ghi_missing,0.007595344404710619,0.007595344404710619,False,False,5.76925850605051e-05,0.05497501135847342,0.0,1.0,7.230392178049662,131.652003402871,0.4287933343708026
YULARA_COMBINED,Ridge,test,349,lag22:isolation_forest_flag,0.09997134130837097,0.09997134130837097,False,False,0.010096202385588393,0.03388611237316371,0.0,1.0,0.23796729818991935,9.901875724173397,0.5697271356575352
YULARA_COMBINED,Ridge,test,350,lag21:historical_ac_active_power,0.28864826790580617,0.28864826790580617,False,False,0.9999855768537349,0.23984736192554174,-5.2547013183357194e-05,0.9831675887107849,0.10412469042672813,2.679301157544171,15.235727815904488
YULARA_COMBINED,Ridge,test,351,lag21:ambient_temperature,0.20704043342324088,0.20704043342324088,False,False,0.9999855768537349,0.6545376854738683,0.13423457741737366,1.0510023832321167,0.5596084909221178,2.4745228446212253,19.43215784355657
YULARA_COMBINED,Ridge,test,352,lag21:global_horizontal_irradiance,0.2372995977354347,0.2372995977354347,False,False,0.9999855768537349,0.2237643831487297,-0.0026840653736144304,1.0152027606964111,0.20244782951727167,3.5376341724374822,6.480499961150917
YULARA_COMBINED,Ridge,test,353,lag21:power_missing,0.006577808643541034,0.006577808643541034,False,False,4.3269438795378825e-05,0.0,0.0,0.0,-0.00657809327394565,0.006578093273945648,0.6783191115762619
YULARA_COMBINED,Ridge,test,354,lag21:temperature_missing,0.007595344404710619,0.007595344404710619,False,False,5.76925850605051e-05,0.05497501135847342,0.0,1.0,7.230392178049662,131.652003402871,0.36877889331220054
YULARA_COMBINED,Ridge,test,355,lag21:ghi_missing,0.007595344404710619,0.007595344404710619,False,False,5.76925850605051e-05,0.05497501135847342,0.0,1.0,7.230392178049662,131.652003402871,0.3687789197719939
YULARA_COMBINED,Ridge,test,356,lag21:isolation_forest_flag,0.09997134130837097,0.09997134130837097,False,False,0.010096202385588393,0.03388611237316371,0.0,1.0,0.23796729818991935,9.901875724173397,0.626614949282769
YULARA_COMBINED,Ridge,test,357,lag20:historical_ac_active_power,0.28864003211505246,0.28864003211505246,False,False,0.9999855768537349,0.23984736231549542,-5.2547013183357194e-05,0.9831675887107849,0.10414515212559781,2.679395095622696,18.45279341377041
YULARA_COMBINED,Ridge,test,358,lag20:ambient_temperature,0.20703139916928953,0.20703139916928953,False,False,0.9999855768537349,0.6545525142776593,0.13423457741737366,1.0510023832321167,0.5597111826083825,2.4746374717858055,20.832214019147095
YULARA_COMBINED,Ridge,test,359,lag20:global_horizontal_irradiance,0.23729090317395857,0.23729090317395857,False,False,0.9999855768537349,0.2237643377455377,-0.0026840653736144304,1.0152027606964111,0.20247668535874044,3.537785423977633,6.822834525289765
YULARA_COMBINED,Ridge,test,360,lag20:power_missing,0.006577808643541033,0.006577808643541033,False,False,4.3269438795378825e-05,0.0,0.0,0.0,-0.00657809327394565,0.006578093273945649,0.613667574048082
YULARA_COMBINED,Ridge,test,361,lag20:temperature_missing,0.007595344404710619,0.007595344404710619,False,False,5.76925850605051e-05,0.05497501135847342,0.0,1.0,7.230392178049662,131.652003402871,0.4154015555701652
YULARA_COMBINED,Ridge,test,362,lag20:ghi_missing,0.007595344404710619,0.007595344404710619,False,False,5.76925850605051e-05,0.05497501135847342,0.0,1.0,7.230392178049662,131.652003402871,0.4154015630406685
YULARA_COMBINED,Ridge,test,363,lag20:isolation_forest_flag,0.09997134130837097,0.09997134130837097,False,False,0.010096202385588393,0.03388611237316371,0.0,1.0,0.23796729818991935,9.901875724173397,1.5929646166907525
YULARA_COMBINED,Ridge,test,364,lag19:historical_ac_active_power,0.2886321545772447,0.2886321545772447,False,False,0.9999855768537349,0.2398473627789318,-5.2547013183357194e-05,0.9831675887107849,0.10416482077671681,2.6794850480763515,18.282295667499692
YULARA_COMBINED,Ridge,test,365,lag19:ambient_temperature,0.20702251302959326,0.20702251302959326,False,False,0.9999855768537349,0.6545672645586721,0.13423457741737366,1.0510023832321167,0.5598126325134163,2.4747498674641646,25.41807004525761
YULARA_COMBINED,Ridge,test,366,lag19:global_horizontal_irradiance,0.23728222987084965,0.23728222987084965,False,False,0.9999855768537349,0.22376429155377864,-0.0026840653736144304,1.0152027606964111,0.20250563554401826,3.5379364833298155,8.20490874221691
YULARA_COMBINED,Ridge,test,367,lag19:power_missing,0.006577808643541032,0.006577808643541032,False,False,4.3269438795378825e-05,0.0,0.0,0.0,-0.00657809327394565,0.00657809327394565,0.6115450665921831
YULARA_COMBINED,Ridge,test,368,lag19:temperature_missing,0.007595344404710619,0.007595344404710619,False,False,5.76925850605051e-05,0.05497501135847342,0.0,1.0,7.230392178049664,131.652003402871,0.3801101456032864
YULARA_COMBINED,Ridge,test,369,lag19:ghi_missing,0.007595344404710619,0.007595344404710619,False,False,5.76925850605051e-05,0.05497501135847342,0.0,1.0,7.230392178049664,131.652003402871,0.3801101603946598
YULARA_COMBINED,Ridge,test,370,lag19:isolation_forest_flag,0.09997134130837097,0.09997134130837097,False,False,0.010096202385588393,0.03388611237316371,0.0,1.0,0.23796729818991935,9.901875724173397,1.090499692498127
YULARA_COMBINED,Ridge,test,371,lag18:historical_ac_active_power,0.28862420469188677,0.28862420469188677,False,False,0.9999855768537349,0.23984736351696767,-5.2547013183357194e-05,0.9831675887107849,0.10418528280517461,2.6795764423488775,19.881417245035664
YULARA_COMBINED,Ridge,test,372,lag18:ambient_temperature,0.20701383892547814,0.20701383892547814,False,False,0.9999855768537349,0.6545820119318936,0.13423457741737366,1.0510023832321167,0.5599127222519141,2.4748589565610533,35.805613409538
YULARA_COMBINED,Ridge,test,373,lag18:global_horizontal_irradiance,0.23727370697278094,0.23727370697278094,False,False,0.9999855768537349,0.2237642488208399,-0.0026840653736144304,1.0152027606964111,0.20253447210148567,3.538085309035819,7.60019642492359
YULARA_COMBINED,Ridge,test,374,lag18:power_missing,0.006577808643541032,0.006577808643541032,False,False,4.3269438795378825e-05,0.0,0.0,0.0,-0.00657809327394565,0.00657809327394565,0.5457667681655813
YULARA_COMBINED,Ridge,test,375,lag18:temperature_missing,0.007595344404710619,0.007595344404710619,False,False,5.76925850605051e-05,0.05497501135847342,0.0,1.0,7.230392178049662,131.652003402871,0.4891879357777907
YULARA_COMBINED,Ridge,test,376,lag18:ghi_missing,0.007595344404710619,0.007595344404710619,False,False,5.76925850605051e-05,0.05497501135847342,0.0,1.0,7.230392178049662,131.652003402871,0.4891879606564275
YULARA_COMBINED,Ridge,test,377,lag18:isolation_forest_flag,0.09997134130837099,0.09997134130837099,False,False,0.010096202385588393,0.03388611237316371,0.0,1.0,0.23796729818991938,9.901875724173395,0.7172847021577755
YULARA_COMBINED,Ridge,test,378,lag17:historical_ac_active_power,0.2886177443281405,0.2886177443281405,False,False,0.9999855768537349,0.23984736404881407,-5.2547013183357194e-05,0.9831675887107849,0.10420187950072016,2.679650684259106,16.582378428545894
YULARA_COMBINED,Ridge,test,379,lag17:ambient_temperature,0.2070052842548706,0.2070052842548706,False,False,0.9999855768537349,0.6545967215004427,0.13423457741737366,1.0510023832321167,0.5600124912598754,2.474966803458053,28.10861997289903
YULARA_COMBINED,Ridge,test,380,lag17:global_horizontal_irradiance,0.23726512605890512,0.23726512605890512,False,False,0.9999855768537349,0.2237642087467298,-0.0026840653736144304,1.0152027606964111,0.20256400257389523,3.538235641705527,8.400390826283335
YULARA_COMBINED,Ridge,test,381,lag17:power_missing,0.006577808643541032,0.006577808643541032,False,False,4.3269438795378825e-05,0.0,0.0,0.0,-0.00657809327394565,0.00657809327394565,0.5489221622007473
YULARA_COMBINED,Ridge,test,382,lag17:temperature_missing,0.007595344404710619,0.007595344404710619,False,False,5.76925850605051e-05,0.05497501135847342,0.0,1.0,7.230392178049662,131.652003402871,0.4228023748979654
YULARA_COMBINED,Ridge,test,383,lag17:ghi_missing,0.007595344404710619,0.007595344404710619,False,False,5.76925850605051e-05,0.05497501135847342,0.0,1.0,7.230392178049662,131.652003402871,0.4228023414964467
YULARA_COMBINED,Ridge,test,384,lag17:isolation_forest_flag,0.09997134130837099,0.09997134130837099,False,False,0.010096202385588393,0.03388611237316371,0.0,1.0,0.23796729818991938,9.901875724173395,0.8965441046672605
YULARA_COMBINED,Ridge,test,385,lag16:historical_ac_active_power,0.2886075143549746,0.2886075143549746,False,False,0.9999855768537349,0.23984736457149639,-5.2547013183357194e-05,0.9831675887107849,0.10422825012846353,2.679768342355713,18.467994043302184
YULARA_COMBINED,Ridge,test,386,lag16:ambient_temperature,0.2069963713278939,0.2069963713278939,False,False,0.9999855768537349,0.6546114892315886,0.13423457741737366,1.0510023832321167,0.5601134279263292,2.4750788519946703,24.972730727432086
YULARA_COMBINED,Ridge,test,387,lag16:global_horizontal_irradiance,0.23725646890572347,0.23725646890572347,False,False,0.9999855768537349,0.2237641688539159,-0.0026840653736144304,1.0152027606964111,0.20259426560623248,3.538387786823065,8.402421338654339
YULARA_COMBINED,Ridge,test,388,lag16:power_missing,0.006577808643541032,0.006577808643541032,False,False,4.3269438795378825e-05,0.0,0.0,0.0,-0.00657809327394565,0.00657809327394565,0.5165848031630977
YULARA_COMBINED,Ridge,test,389,lag16:temperature_missing,0.007595344404710619,0.007595344404710619,False,False,5.76925850605051e-05,0.05497501135847342,0.0,1.0,7.230392178049662,131.652003402871,0.449109592353794
YULARA_COMBINED,Ridge,test,390,lag16:ghi_missing,0.007595344404710619,0.007595344404710619,False,False,5.76925850605051e-05,0.05497501135847342,0.0,1.0,7.230392178049662,131.652003402871,0.44910958193577166
YULARA_COMBINED,Ridge,test,391,lag16:isolation_forest_flag,0.09997134130837099,0.09997134130837099,False,False,0.010096202385588393,0.03388611237316371,0.0,1.0,0.23796729818991938,9.901875724173395,0.6298936942901832
YULARA_COMBINED,Ridge,test,392,lag15:historical_ac_active_power,0.288598403701942,0.288598403701942,False,False,0.9999855768537349,0.23984736516950397,-5.2547013183357194e-05,0.9831675887107849,0.10425218589008226,2.6798735822889532,19.50995966643194
YULARA_COMBINED,Ridge,test,393,lag15:ambient_temperature,0.20698757646656937,0.20698757646656937,False,False,0.9999855768537349,0.6546262976785835,0.13423457741737366,1.0510023832321167,0.5602133191462257,2.4751885670329123,20.425882463682715
YULARA_COMBINED,Ridge,test,394,lag15:global_horizontal_irradiance,0.23724760633083036,0.23724760633083036,False,False,0.9999855768537349,0.22376413041152443,-0.0026840653736144304,1.0152027606964111,0.20262586552002454,3.5385441600180676,11.63790126461501
YULARA_COMBINED,Ridge,test,395,lag15:power_missing,0.006577808643541032,0.006577808643541032,False,False,4.3269438795378825e-05,0.0,0.0,0.0,-0.00657809327394565,0.00657809327394565,0.4428062169496316
YULARA_COMBINED,Ridge,test,396,lag15:temperature_missing,0.007595344404710619,0.007595344404710619,False,False,5.76925850605051e-05,0.05497501135847342,0.0,1.0,7.230392178049662,131.652003402871,0.37833370964560464
YULARA_COMBINED,Ridge,test,397,lag15:ghi_missing,0.007595344404710619,0.007595344404710619,False,False,5.76925850605051e-05,0.05497501135847342,0.0,1.0,7.230392178049662,131.652003402871,0.37833368383898625
YULARA_COMBINED,Ridge,test,398,lag15:isolation_forest_flag,0.09997134130837099,0.09997134130837099,False,False,0.010096202385588393,0.03388611237316371,0.0,1.0,0.23796729818991938,9.901875724173395,0.580372520848771
YULARA_COMBINED,Ridge,test,399,lag14:historical_ac_active_power,0.28859002526689387,0.28859002526689387,False,False,0.9999855768537349,0.23984736559903821,-5.2547013183357194e-05,0.9831675887107849,0.10427501853032146,2.679971189679373,22.771851386861854
YULARA_COMBINED,Ridge,test,400,lag14:ambient_temperature,0.20697857351508717,0.20697857351508717,False,False,0.9999855768537349,0.6546410886754452,0.13423457741737366,1.0510023832321167,0.5603144258057394,2.4753015079240717,20.79062547303968
YULARA_COMBINED,Ridge,test,401,lag14:global_horizontal_irradiance,0.23723896785813364,0.23723896785813364,False,False,0.9999855768537349,0.22376409461916388,-0.0026840653736144304,1.0152027606964111,0.202657272848374,3.5386971874652637,12.898771280165215
YULARA_COMBINED,Ridge,test,402,lag14:power_missing,0.006577808643541032,0.006577808643541032,False,False,4.3269438795378825e-05,0.0,0.0,0.0,-0.00657809327394565,0.00657809327394565,0.41993100282935664
YULARA_COMBINED,Ridge,test,403,lag14:temperature_missing,0.007595344404710619,0.007595344404710619,False,False,5.76925850605051e-05,0.05497501135847342,0.0,1.0,7.230392178049662,131.652003402871,0.33718233391340957
YULARA_COMBINED,Ridge,test,404,lag14:ghi_missing,0.007595344404710619,0.007595344404710619,False,False,5.76925850605051e-05,0.05497501135847342,0.0,1.0,7.230392178049662,131.652003402871,0.3371823804374658
YULARA_COMBINED,Ridge,test,405,lag14:isolation_forest_flag,0.09997134130837099,0.09997134130837099,False,False,0.010096202385588393,0.03388611237316371,0.0,1.0,0.23796729818991938,9.901875724173395,0.6671821787320249
YULARA_COMBINED,Ridge,test,406,lag13:historical_ac_active_power,0.2885846785347169,0.2885846785347169,False,False,0.9999855768537349,0.2398473660850566,-5.2547013183357194e-05,0.9831675887107849,0.10429021314303756,2.6800341036361925,21.389572342901474
YULARA_COMBINED,Ridge,test,407,lag13:ambient_temperature,0.20696949967717196,0.20696949967717196,False,False,0.9999855768537349,0.6546558360486667,0.13423457741737366,1.0510023832321167,0.5604164538140538,2.47541623784825,23.307067917728034
YULARA_COMBINED,Ridge,test,408,lag13:global_horizontal_irradiance,0.23723228091753287,0.23723228091753287,False,False,0.9999855768537349,0.22376406413210148,-0.0026840653736144304,1.0152027606964111,0.20268144315261,3.5388155202828258,13.56387737745471
YULARA_COMBINED,Ridge,test,409,lag13:power_missing,0.006577808643541032,0.006577808643541032,False,False,4.3269438795378825e-05,0.0,0.0,0.0,-0.00657809327394565,0.00657809327394565,0.3215731876968906
YULARA_COMBINED,Ridge,test,410,lag13:temperature_missing,0.007595344404710619,0.007595344404710619,False,False,5.76925850605051e-05,0.05497501135847342,0.0,1.0,7.230392178049662,131.652003402871,0.3257100195088571
YULARA_COMBINED,Ridge,test,411,lag13:ghi_missing,0.007595344404710619,0.007595344404710619,False,False,5.76925850605051e-05,0.05497501135847342,0.0,1.0,7.230392178049662,131.652003402871,0.3257100149288929
YULARA_COMBINED,Ridge,test,412,lag13:isolation_forest_flag,0.09997134130837099,0.09997134130837099,False,False,0.010096202385588393,0.03388611237316371,0.0,1.0,0.23796729818991938,9.901875724173395,0.9186947648249774
YULARA_COMBINED,Ridge,test,413,lag12:historical_ac_active_power,0.28858029236912053,0.28858029236912053,False,False,0.9999855768537349,0.23984736675747234,-5.2547013183357194e-05,0.9831675887107849,0.1043030687011242,2.680086105896672,23.66963653917407
YULARA_COMBINED,Ridge,test,414,lag12:ambient_temperature,0.2069602706992729,0.2069602706992729,False,False,0.9999855768537349,0.6546705339837937,0.13423457741737366,1.0510023832321167,0.5605197961810251,2.47553395763919,22.363714262075263
YULARA_COMBINED,Ridge,test,415,lag12:global_horizontal_irradiance,0.23722469006402716,0.23722469006402716,False,False,0.9999855768537349,0.2237640263630077,-0.0026840653736144304,1.0152027606964111,0.20271024844872262,3.5389512363483946,10.992133225930262
YULARA_COMBINED,Ridge,test,416,lag12:power_missing,0.006577808643541031,0.006577808643541031,False,False,4.3269438795378825e-05,0.0,0.0,0.0,-0.006578093273945651,0.006578093273945651,0.36498228379922887
YULARA_COMBINED,Ridge,test,417,lag12:temperature_missing,0.007595344404710619,0.007595344404710619,False,False,5.76925850605051e-05,0.05497501135847342,0.0,1.0,7.230392178049662,131.652003402871,0.3731905831233306
YULARA_COMBINED,Ridge,test,418,lag12:ghi_missing,0.007595344404710619,0.007595344404710619,False,False,5.76925850605051e-05,0.05497501135847342,0.0,1.0,7.230392178049662,131.652003402871,0.3731905737437917
YULARA_COMBINED,Ridge,test,419,lag12:isolation_forest_flag,0.09997134130837099,0.09997134130837099,False,False,0.010096202385588393,0.03388611237316371,0.0,1.0,0.23796729818991938,9.901875724173395,0.8435276543120639
YULARA_COMBINED,Ridge,test,420,lag11:historical_ac_active_power,0.2885760746625883,0.2885760746625883,False,False,0.9999855768537349,0.2398473674446173,-5.2547013183357194e-05,0.9831675887107849,0.10431595139175513,2.680136632767644,25.041196013702052
YULARA_COMBINED,Ridge,test,421,lag11:ambient_temperature,0.2069511982388619,0.2069511982388619,False,False,0.9999855768537349,0.65468514758056,0.13423457741737366,1.0510023832321167,0.5606220485873645,2.475649547940761,24.03355126011466
YULARA_COMBINED,Ridge,test,422,lag11:global_horizontal_irradiance,0.23721843330120623,0.23721843330120623,False,False,0.9999855768537349,0.22376398332907815,-0.0026840653736144304,1.0152027606964111,0.20273432776842373,3.539063492215816,14.153198919122636
YULARA_COMBINED,Ridge,test,423,lag11:power_missing,0.006577808643541031,0.006577808643541031,False,False,4.3269438795378825e-05,0.0,0.0,0.0,-0.006578093273945651,0.006578093273945651,0.37649005168538346
YULARA_COMBINED,Ridge,test,424,lag11:temperature_missing,0.007595344404710619,0.007595344404710619,False,False,5.76925850605051e-05,0.05497501135847342,0.0,1.0,7.230392178049664,131.652003402871,0.31562525253206253
YULARA_COMBINED,Ridge,test,425,lag11:ghi_missing,0.007595344404710619,0.007595344404710619,False,False,5.76925850605051e-05,0.05497501135847342,0.0,1.0,7.230392178049664,131.652003402871,0.3156252471757918
YULARA_COMBINED,Ridge,test,426,lag11:isolation_forest_flag,0.09997134130837099,0.09997134130837099,False,False,0.010096202385588393,0.03388611237316371,0.0,1.0,0.23796729818991938,9.901875724173395,1.3422412174220357
YULARA_COMBINED,Ridge,test,427,lag10:historical_ac_active_power,0.2885679236597996,0.2885679236597996,False,False,0.9999855768537349,0.23984736828994668,-5.2547013183357194e-05,0.9831675887107849,0.10434019820319602,2.6802336342912563,28.120728118587348
YULARA_COMBINED,Ridge,test,428,lag10:ambient_temperature,0.20694216291522483,0.20694216291522483,False,False,0.9999855768537349,0.6546996564855544,0.13423457741737366,1.0510023832321167,0.5607236873725228,2.4757646880259774,37.215661264333214
YULARA_COMBINED,Ridge,test,429,lag10:global_horizontal_irradiance,0.2372126292864377,0.2372126292864377,False,False,0.9999855768537349,0.2237639397600401,-0.0026840653736144304,1.0152027606964111,0.20275740990856106,3.539168389868221,11.940762380369252
YULARA_COMBINED,Ridge,test,430,lag10:power_missing,0.006577808643541031,0.006577808643541031,False,False,4.3269438795378825e-05,0.0,0.0,0.0,-0.006578093273945651,0.006578093273945651,0.4532411837925001
YULARA_COMBINED,Ridge,test,431,lag10:temperature_missing,0.007595344404710619,0.007595344404710619,False,False,5.76925850605051e-05,0.05497501135847342,0.0,1.0,7.230392178049662,131.652003402871,0.40462646931869317
YULARA_COMBINED,Ridge,test,432,lag10:ghi_missing,0.007595344404710619,0.007595344404710619,False,False,5.76925850605051e-05,0.05497501135847342,0.0,1.0,7.230392178049662,131.652003402871,0.4046265218700887
YULARA_COMBINED,Ridge,test,433,lag10:isolation_forest_flag,0.09997134130837099,0.09997134130837099,False,False,0.010096202385588393,0.03388611237316371,0.0,1.0,0.23796729818991938,9.901875724173395,0.6251636675650261
YULARA_COMBINED,Ridge,test,434,lag9:historical_ac_active_power,0.2885631000981099,0.2885631000981099,False,False,0.9999855768537349,0.2398473688414071,-5.2547013183357194e-05,0.9831675887107849,0.10435643618647218,2.6802929284706654,27.800087616338747
YULARA_COMBINED,Ridge,test,435,lag9:ambient_temperature,0.2069328886142752,0.2069328886142752,False,False,0.9999855768537349,0.6547140868677708,0.13423457741737366,1.0510023832321167,0.5608266953996774,2.47588378960103,25.895692091072675
YULARA_COMBINED,Ridge,test,436,lag9:global_horizontal_irradiance,0.23720553767045394,0.23720553767045394,False,False,0.9999855768537349,0.22376389750677905,-0.0026840653736144304,1.0152027606964111,0.2027865730116052,3.539297478120263,14.436989793870767
YULARA_COMBINED,Ridge,test,437,lag9:power_missing,0.006577808643541031,0.006577808643541031,False,False,4.3269438795378825e-05,0.0,0.0,0.0,-0.006578093273945651,0.006578093273945651,0.4633105326309137
YULARA_COMBINED,Ridge,test,438,lag9:temperature_missing,0.007595344404710619,0.007595344404710619,False,False,5.76925850605051e-05,0.05497501135847342,0.0,1.0,7.230392178049662,131.652003402871,0.5639910055086572
YULARA_COMBINED,Ridge,test,439,lag9:ghi_missing,0.007595344404710619,0.007595344404710619,False,False,5.76925850605051e-05,0.05497501135847342,0.0,1.0,7.230392178049662,131.652003402871,0.563990924915622
YULARA_COMBINED,Ridge,test,440,lag9:isolation_forest_flag,0.09997134130837099,0.09997134130837099,False,False,0.010096202385588393,0.03388611237316371,0.0,1.0,0.23796729818991938,9.901875724173395,1.0851083081114408
YULARA_COMBINED,Ridge,test,441,lag8:historical_ac_active_power,0.28855241338836357,0.28855241338836357,False,False,0.9999855768537349,0.23984736932254355,-5.2547013183357194e-05,0.9831675887107849,0.10438725570994839,2.680419147662293,26.548648744976386
YULARA_COMBINED,Ridge,test,442,lag8:ambient_temperature,0.20692357856052418,0.20692357856052418,False,False,0.9999855768537349,0.6547284678107642,0.13423457741737366,1.0510023832321167,0.5609304058626039,2.4760041648709046,36.84547660422798
YULARA_COMBINED,Ridge,test,443,lag8:global_horizontal_irradiance,0.23720052909151262,0.23720052909151262,False,False,0.9999855768537349,0.2237638565164559,-0.0026840653736144304,1.0152027606964111,0.20280807989638394,3.539389609504254,16.428374858735715
YULARA_COMBINED,Ridge,test,444,lag8:power_missing,0.0065778086435410305,0.0065778086435410305,False,False,4.3269438795378825e-05,0.0,0.0,0.0,-0.006578093273945652,0.006578093273945652,0.5204644825308696
YULARA_COMBINED,Ridge,test,445,lag8:temperature_missing,0.007595344404710619,0.007595344404710619,False,False,5.76925850605051e-05,0.05497501135847342,0.0,1.0,7.230392178049662,131.652003402871,0.37523739899054454
YULARA_COMBINED,Ridge,test,446,lag8:ghi_missing,0.007595344404710619,0.007595344404710619,False,False,5.76925850605051e-05,0.05497501135847342,0.0,1.0,7.230392178049662,131.652003402871,0.3752373973893418
YULARA_COMBINED,Ridge,test,447,lag8:isolation_forest_flag,0.09997134130837099,0.09997134130837099,False,False,0.010096202385588393,0.03388611237316371,0.0,1.0,0.23796729818991938,9.901875724173395,1.1159714587468585
YULARA_COMBINED,Ridge,test,448,lag7:historical_ac_active_power,0.28854623841406957,0.28854623841406957,False,False,0.9999855768537349,0.2398473699066514,-5.2547013183357194e-05,0.9831675887107849,0.10440852200230076,2.680495539769811,30.886998107944834
YULARA_COMBINED,Ridge,test,449,lag7:ambient_temperature,0.206914439528442,0.206914439528442,False,False,0.9999855768537349,0.6547427760488189,0.13423457741737366,1.0510023832321167,0.5610335515045879,2.476122745310363,29.939276927703407
YULARA_COMBINED,Ridge,test,450,lag7:global_horizontal_irradiance,0.23719509962252677,0.23719509962252677,False,False,0.9999855768537349,0.22376381199689546,-0.0026840653736144304,1.0152027606964111,0.2028324826878371,3.539490575367723,18.368137654661236
YULARA_COMBINED,Ridge,test,451,lag7:power_missing,0.0065778086435410305,0.0065778086435410305,False,False,4.3269438795378825e-05,0.0,0.0,0.0,-0.006578093273945652,0.006578093273945652,0.6406282203337397
YULARA_COMBINED,Ridge,test,452,lag7:temperature_missing,0.007595344404710619,0.007595344404710619,False,False,5.76925850605051e-05,0.05497501135847342,0.0,1.0,7.230392178049662,131.652003402871,0.3626888823918813
YULARA_COMBINED,Ridge,test,453,lag7:ghi_missing,0.007595344404710619,0.007595344404710619,False,False,5.76925850605051e-05,0.05497501135847342,0.0,1.0,7.230392178049662,131.652003402871,0.3626888778633606
YULARA_COMBINED,Ridge,test,454,lag7:isolation_forest_flag,0.09997134130837099,0.09997134130837099,False,False,0.010096202385588393,0.03388611237316371,0.0,1.0,0.2379672981899194,9.901875724173395,1.0890166956220464
YULARA_COMBINED,Ridge,test,455,lag6:historical_ac_active_power,0.28853952376725084,0.28853952376725084,False,False,0.9999855768537349,0.23984737048160784,-5.2547013183357194e-05,0.9831675887107849,0.10443216511280969,2.6805791293975814,31.797721526514216
YULARA_COMBINED,Ridge,test,456,lag6:ambient_temperature,0.20690552111932797,0.20690552111932797,False,False,0.9999855768537349,0.6547570697456603,0.13423457741737366,1.0510023832321167,0.5611355503968813,2.4762382085706625,39.56375322193369
YULARA_COMBINED,Ridge,test,457,lag6:global_horizontal_irradiance,0.23719235174010275,0.23719235174010275,False,False,0.9999855768537349,0.2237637631691924,-0.0026840653736144304,1.0152027606964111,0.20284378709548473,3.5395407409433775,25.051526975913248
YULARA_COMBINED,Ridge,test,458,lag6:power_missing,0.0065778086435410305,0.0065778086435410305,False,False,4.3269438795378825e-05,0.0,0.0,0.0,-0.006578093273945652,0.006578093273945652,0.6125564605614541
YULARA_COMBINED,Ridge,test,459,lag6:temperature_missing,0.007595344404710619,0.007595344404710619,False,False,5.76925850605051e-05,0.05497501135847342,0.0,1.0,7.230392178049664,131.652003402871,0.36845969368156045
YULARA_COMBINED,Ridge,test,460,lag6:ghi_missing,0.007595344404710619,0.007595344404710619,False,False,5.76925850605051e-05,0.05497501135847342,0.0,1.0,7.230392178049664,131.652003402871,0.36845968588948314
YULARA_COMBINED,Ridge,test,461,lag6:isolation_forest_flag,0.099971341308371,0.099971341308371,False,False,0.010096202385588393,0.03388611237316371,0.0,1.0,0.23796729818991932,9.901875724173394,1.224187534001985
YULARA_COMBINED,Ridge,test,462,lag5:historical_ac_active_power,0.28853512232842143,0.28853512232842143,False,False,0.9999855768537349,0.23984737093133102,-5.2547013183357194e-05,0.9831675887107849,0.10445040967944948,2.6806366700591444,34.979495995125525
YULARA_COMBINED,Ridge,test,463,lag5:ambient_temperature,0.20689633856521647,0.20689633856521647,False,False,0.9999855768537349,0.6547713314522835,0.13423457741737366,1.0510023832321167,0.5612385001691297,2.4763572235240914,49.989682571098314
YULARA_COMBINED,Ridge,test,464,lag5:global_horizontal_irradiance,0.23718803150558215,0.23718803150558215,False,False,0.9999855768537349,0.22376372147831447,-0.0026840653736144304,1.0152027606964111,0.20286579379151662,3.5396236992993684,27.52489347657672
YULARA_COMBINED,Ridge,test,465,lag5:power_missing,0.00657780864354103,0.00657780864354103,False,False,4.3269438795378825e-05,0.0,0.0,0.0,-0.006578093273945652,0.006578093273945653,0.5831089556319812
YULARA_COMBINED,Ridge,test,466,lag5:temperature_missing,0.007595344404710619,0.007595344404710619,False,False,5.76925850605051e-05,0.05497501135847342,0.0,1.0,7.230392178049662,131.652003402871,0.38185567766335293
YULARA_COMBINED,Ridge,test,467,lag5:ghi_missing,0.007595344404710619,0.007595344404710619,False,False,5.76925850605051e-05,0.05497501135847342,0.0,1.0,7.230392178049662,131.652003402871,0.3818556736421034
YULARA_COMBINED,Ridge,test,468,lag5:isolation_forest_flag,0.099971341308371,0.099971341308371,False,False,0.010096202385588393,0.03388611237316371,0.0,1.0,0.23796729818991932,9.901875724173394,1.5127745855237325
YULARA_COMBINED,Ridge,test,469,lag4:historical_ac_active_power,0.28853169158053654,0.28853169158053654,False,False,0.9999855768537349,0.2398473713372531,-5.2547013183357194e-05,0.9831675887107849,0.10446736132220408,2.6806842520967558,35.7485089493803
YULARA_COMBINED,Ridge,test,470,lag4:ambient_temperature,0.20688722629969156,0.20688722629969156,False,False,0.9999855768537349,0.6547854855570868,0.13423457741737366,1.0510023832321167,0.5613404912343798,2.47647515064095,44.34361991175043
YULARA_COMBINED,Ridge,test,471,lag4:global_horizontal_irradiance,0.2371849604060231,0.2371849604060231,False,False,0.9999855768537349,0.2237636748368146,-0.0026840653736144304,1.0152027606964111,0.20288323739053585,3.539684544289498,33.205422561789376
YULARA_COMBINED,Ridge,test,472,lag4:power_missing,0.00657780864354103,0.00657780864354103,False,False,4.3269438795378825e-05,0.0,0.0,0.0,-0.006578093273945652,0.006578093273945653,0.5833973460700688
YULARA_COMBINED,Ridge,test,473,lag4:temperature_missing,0.007595344404710619,0.007595344404710619,False,False,5.76925850605051e-05,0.05497501135847342,0.0,1.0,7.230392178049662,131.652003402871,0.37566755725755535
YULARA_COMBINED,Ridge,test,474,lag4:ghi_missing,0.007595344404710619,0.007595344404710619,False,False,5.76925850605051e-05,0.05497501135847342,0.0,1.0,7.230392178049662,131.652003402871,0.375667539876948
YULARA_COMBINED,Ridge,test,475,lag4:isolation_forest_flag,0.099971341308371,0.099971341308371,False,False,0.010096202385588393,0.03388611237316371,0.0,1.0,0.23796729818991932,9.901875724173394,1.6497568054818053
YULARA_COMBINED,Ridge,test,476,lag3:historical_ac_active_power,0.28853223333021744,0.28853223333021744,False,False,0.9999855768537349,0.23984737186160537,-5.2547013183357194e-05,0.9831675887107849,0.10446853803722002,2.6806805898757036,37.716027399939925
YULARA_COMBINED,Ridge,test,477,lag3:ambient_temperature,0.20687808931663398,0.20687808931663398,False,False,0.9999855768537349,0.6547995466012838,0.13423457741737366,1.0510023832321167,0.5614427725602701,2.4765940480751505,58.75331152762628
YULARA_COMBINED,Ridge,test,478,lag3:global_horizontal_irradiance,0.2371832393520981,0.2371832393520981,False,False,0.9999855768537349,0.22376362609447925,-0.0026840653736144304,1.0152027606964111,0.20289449574251162,3.539720220713077,35.78986629505209
YULARA_COMBINED,Ridge,test,479,lag3:power_missing,0.00657780864354103,0.00657780864354103,False,False,4.3269438795378825e-05,0.0,0.0,0.0,-0.006578093273945652,0.006578093273945653,0.5273401460087217
YULARA_COMBINED,Ridge,test,480,lag3:temperature_missing,0.007595344404710619,0.007595344404710619,False,False,5.76925850605051e-05,0.05497501135847342,0.0,1.0,7.230392178049662,131.652003402871,0.35634640483435137
YULARA_COMBINED,Ridge,test,481,lag3:ghi_missing,0.007595344404710619,0.007595344404710619,False,False,5.76925850605051e-05,0.05497501135847342,0.0,1.0,7.230392178049662,131.652003402871,0.3563463912215482
YULARA_COMBINED,Ridge,test,482,lag3:isolation_forest_flag,0.099971341308371,0.099971341308371,False,False,0.010096202385588393,0.03388611237316371,0.0,1.0,0.23796729818991932,9.901875724173394,1.133496843281326
YULARA_COMBINED,Ridge,test,483,lag2:historical_ac_active_power,0.2885221571795092,0.2885221571795092,False,False,0.9999855768537349,0.23984737250962057,-5.2547013183357194e-05,0.9831675887107849,0.10450194551588635,2.680803964978102,38.338148994402026
YULARA_COMBINED,Ridge,test,484,lag2:ambient_temperature,0.2068689594569544,0.2068689594569544,False,False,0.9999855768537349,0.6548135669296318,0.13423457741737366,1.0510023832321167,0.5615447825171282,2.4767128064802613,65.15961075911379
YULARA_COMBINED,Ridge,test,485,lag2:global_horizontal_irradiance,0.2371823709898272,0.2371823709898272,False,False,0.9999855768537349,0.22376358543508376,-0.0026840653736144304,1.0152027606964111,0.2029013000430512,3.5397394130884443,42.87430474785049
YULARA_COMBINED,Ridge,test,486,lag2:power_missing,0.00657780864354103,0.00657780864354103,False,False,4.3269438795378825e-05,0.0,0.0,0.0,-0.006578093273945652,0.006578093273945653,0.5004944601214681
YULARA_COMBINED,Ridge,test,487,lag2:temperature_missing,0.007595344404710619,0.007595344404710619,False,False,5.76925850605051e-05,0.05497501135847342,0.0,1.0,7.230392178049662,131.652003402871,0.3959218115038259
YULARA_COMBINED,Ridge,test,488,lag2:ghi_missing,0.007595344404710619,0.007595344404710619,False,False,5.76925850605051e-05,0.05497501135847342,0.0,1.0,7.230392178049662,131.652003402871,0.3959217835790681
YULARA_COMBINED,Ridge,test,489,lag2:isolation_forest_flag,0.099971341308371,0.099971341308371,False,False,0.010096202385588393,0.03388611237316371,0.0,1.0,0.23796729818991932,9.901875724173394,1.446414208685041
YULARA_COMBINED,Ridge,test,490,lag1:historical_ac_active_power,0.288522741047449,0.288522741047449,False,False,0.9999855768537349,0.2398473730977409,-5.2547013183357194e-05,0.9831675887107849,0.10450759524645471,2.6808043991465715,53.47358913452698
YULARA_COMBINED,Ridge,test,491,lag1:ambient_temperature,0.20686000091563855,0.20686000091563855,False,False,0.9999855768537349,0.6548274534815246,0.13423457741737366,1.0510023832321167,0.561646600063549,2.4768304345263545,123.45367576148956
YULARA_COMBINED,Ridge,test,492,lag1:global_horizontal_irradiance,0.23717934888424352,0.23717934888424352,False,False,0.9999855768537349,0.22376353706680072,-0.0026840653736144304,1.0152027606964111,0.20292266669740894,3.539803501191461,36.302024810812505
YULARA_COMBINED,Ridge,test,493,lag1:power_missing,0.006577808643541029,0.006577808643541029,False,False,4.3269438795378825e-05,0.0,0.0,0.0,-0.006578093273945652,0.006578093273945654,0.537010513761114
YULARA_COMBINED,Ridge,test,494,lag1:temperature_missing,0.007595344404710619,0.007595344404710619,False,False,5.76925850605051e-05,0.05497501135847342,0.0,1.0,7.230392178049664,131.652003402871,0.36499074969920614
YULARA_COMBINED,Ridge,test,495,lag1:ghi_missing,0.007595344404710619,0.007595344404710619,False,False,5.76925850605051e-05,0.05497501135847342,0.0,1.0,7.230392178049664,131.652003402871,0.3649907462489498
YULARA_COMBINED,Ridge,test,496,lag1:isolation_forest_flag,0.099971341308371,0.099971341308371,False,False,0.010096202385588393,0.03388611237316371,0.0,1.0,0.23796729818991932,9.901875724173394,1.8887363202242806
YULARA_COMBINED,Ridge,test,497,lag0:historical_ac_active_power,0.288524607577755,0.288524607577755,False,False,0.9999855768537349,0.23984737360593467,-5.2547013183357194e-05,0.9831675887107849,0.10450543502012857,2.6807855705178665,96.69005321530031
YULARA_COMBINED,Ridge,test,498,lag0:ambient_temperature,0.20685087947491576,0.20685087947491576,False,False,0.9999855768537349,0.6548413254933323,0.13423457741737366,1.0510023832321167,0.5617496608150558,2.476950885699506,670.9630863471118
YULARA_COMBINED,Ridge,test,499,lag0:global_horizontal_irradiance,0.2371794204501368,0.2371794204501368,False,False,0.9999855768537349,0.2237634930709065,-0.0026840653736144304,1.0152027606964111,0.2029251849587358,3.5398051980874135,103.46598029441962
YULARA_COMBINED,Ridge,test,500,lag0:power_missing,0.0,1.0,True,False,0.0,0.0,0.0,0.0,0.0,0.0,6.407583174290645e-24
YULARA_COMBINED,Ridge,test,501,lag0:temperature_missing,0.007595344404710619,0.007595344404710619,False,False,5.76925850605051e-05,0.05497501135847342,0.0,1.0,7.230392178049662,131.652003402871,0.5510118094110892
YULARA_COMBINED,Ridge,test,502,lag0:ghi_missing,0.007595344404710619,0.007595344404710619,False,False,5.76925850605051e-05,0.05497501135847342,0.0,1.0,7.230392178049662,131.652003402871,0.5510118109141207
YULARA_COMBINED,Ridge,test,503,lag0:isolation_forest_flag,0.099971341308371,0.099971341308371,False,False,0.010096202385588393,0.03388611237316371,0.0,1.0,0.23796729818991932,9.901875724173394,4.0969535762060385
YULARA_COMBINED,Ridge+day,train,0,lag71:historical_ac_active_power,0.2887913556595989,0.2887913556595989,False,False,0.9999855768537349,0.20992676625622073,0.0,1.0,4.056262022613296e-16,2.735792530698343,5.9198030399689126
YULARA_COMBINED,Ridge+day,train,1,lag71:ambient_temperature,0.20734054711214822,0.20734054711214822,False,False,0.9999855768537349,0.5387414743080194,0.0,1.0,-2.393993957762673e-16,2.5983411436481845,7.089144771268953
YULARA_COMBINED,Ridge+day,train,2,lag71:global_horizontal_irradiance,0.23751343888705861,0.23751343888705861,False,False,0.9999855768537349,0.17588016906323456,0.0,1.0,-4.867924357608175e-17,3.4697818986514166,4.168791666740462
YULARA_COMBINED,Ridge+day,train,3,lag71:power_missing,0.006577808643541044,0.006577808643541044,False,False,4.3269438795378825e-05,4.3269438795378825e-05,0.0,1.0,-3.996822104141449e-18,152.0197355608837,0.06710308415653063
YULARA_COMBINED,Ridge+day,train,4,lag71:temperature_missing,0.007595344404710616,0.007595344404710616,False,False,5.76925850605051e-05,5.76925850605051e-05,0.0,1.0,7.020059336761263e-18,131.65200340287103,0.24300235965290762
YULARA_COMBINED,Ridge+day,train,5,lag71:ghi_missing,0.007595344404710616,0.007595344404710616,False,False,5.76925850605051e-05,5.76925850605051e-05,0.0,1.0,7.020059336761263e-18,131.65200340287103,0.24300235966052103
YULARA_COMBINED,Ridge+day,train,6,lag71:isolation_forest_flag,0.0999713413083709,0.0999713413083709,False,False,0.010096202385588393,0.010096202385588393,0.0,1.0,-4.9191656666356295e-17,9.901875724173403,0.43690393678143313
YULARA_COMBINED,Ridge+day,train,7,lag70:historical_ac_active_power,0.28879381630822604,0.28879381630822604,False,False,0.9999855768537349,0.20992841475530472,0.0,1.0,3.697572859421115e-16,2.7357635123373343,4.30846830186099
YULARA_COMBINED,Ridge+day,train,8,lag70:ambient_temperature,0.20733675897234147,0.20733675897234147,False,False,0.9999855768537349,0.5387413081299723,0.0,1.0,-7.870665066617007e-17,2.59838781507065,5.616739953997219
YULARA_COMBINED,Ridge+day,train,9,lag70:global_horizontal_irradiance,0.23751403810502017,0.23751403810502017,False,False,0.9999855768537349,0.17588054141118284,0.0,1.0,6.784349315234972e-17,3.469771577141142,1.8119825322278802
YULARA_COMBINED,Ridge+day,train,10,lag70:power_missing,0.0065778086435410435,0.0065778086435410435,False,False,4.3269438795378825e-05,4.3269438795378825e-05,0.0,1.0,-3.996822104141449e-18,152.0197355608837,0.06383613993879057
YULARA_COMBINED,Ridge+day,train,11,lag70:temperature_missing,0.007595344404710616,0.007595344404710616,False,False,5.76925850605051e-05,5.76925850605051e-05,0.0,1.0,7.429989808980899e-18,131.65200340287103,0.2447257222206635
YULARA_COMBINED,Ridge+day,train,12,lag70:ghi_missing,0.007595344404710616,0.007595344404710616,False,False,5.76925850605051e-05,5.76925850605051e-05,0.0,1.0,7.429989808980899e-18,131.65200340287103,0.2447257222323395
YULARA_COMBINED,Ridge+day,train,13,lag70:isolation_forest_flag,0.0999713413083709,0.0999713413083709,False,False,0.010096202385588393,0.010096202385588393,0.0,1.0,-4.9191656666356295e-17,9.901875724173403,0.3327431726445493
YULARA_COMBINED,Ridge+day,train,14,lag69:historical_ac_active_power,0.28879626233672484,0.28879626233672484,False,False,0.9999855768537349,0.20993004283061123,0.0,1.0,4.718299735248007e-16,2.735734703686016,3.7990619816897877
YULARA_COMBINED,Ridge+day,train,15,lag69:ambient_temperature,0.20733279844643585,0.20733279844643585,False,False,0.9999855768537349,0.5387408727428141,0.0,1.0,-1.8036940777663973e-16,2.598435350217863,4.444673005644058
YULARA_COMBINED,Ridge+day,train,16,lag69:global_horizontal_irradiance,0.23751452708654827,0.23751452708654827,False,False,0.9999855768537349,0.17588077863446525,0.0,1.0,-1.6294736270730522e-17,3.4697634349971054,1.6479985189292283
YULARA_COMBINED,Ridge+day,train,17,lag69:power_missing,0.0065778086435410435,0.0065778086435410435,False,False,4.3269438795378825e-05,4.3269438795378825e-05,0.0,1.0,-3.996822104141449e-18,152.0197355608837,0.061238464081821584
YULARA_COMBINED,Ridge+day,train,18,lag69:temperature_missing,0.007595344404710616,0.007595344404710616,False,False,5.76925850605051e-05,5.76925850605051e-05,0.0,1.0,7.429989808980899e-18,131.65200340287103,0.24318255476615908
YULARA_COMBINED,Ridge+day,train,19,lag69:ghi_missing,0.007595344404710616,0.007595344404710616,False,False,5.76925850605051e-05,5.76925850605051e-05,0.0,1.0,7.429989808980899e-18,131.65200340287103,0.24318255476305606
YULARA_COMBINED,Ridge+day,train,20,lag69:isolation_forest_flag,0.09997134130837092,0.09997134130837092,False,False,0.010096202385588393,0.010096202385588393,0.0,1.0,-4.9191656666356295e-17,9.901875724173403,0.2069894680320385
YULARA_COMBINED,Ridge+day,train,21,lag68:historical_ac_active_power,0.2887983538251611,0.2887983538251611,False,False,0.9999855768537349,0.20993137256324837,0.0,1.0,4.435447709416459e-16,2.7357102870297534,3.376151107627622
YULARA_COMBINED,Ridge+day,train,22,lag68:ambient_temperature,0.20732861814525352,0.20732861814525352,False,False,0.9999855768537349,0.5387403431892492,0.0,1.0,2.1644328933196768e-16,2.598485187470888,3.5255303551681116
YULARA_COMBINED,Ridge+day,train,23,lag68:global_horizontal_irradiance,0.23751489749404456,0.23751489749404456,False,False,0.9999855768537349,0.17588089394213474,0.0,1.0,-2.5620654513727236e-17,3.4697575383814785,1.682765538109441
YULARA_COMBINED,Ridge+day,train,24,lag68:power_missing,0.0065778086435410435,0.0065778086435410435,False,False,4.3269438795378825e-05,4.3269438795378825e-05,0.0,1.0,-3.996822104141449e-18,152.0197355608837,0.062306449166822604
YULARA_COMBINED,Ridge+day,train,25,lag68:temperature_missing,0.007595344404710616,0.007595344404710616,False,False,5.76925850605051e-05,5.76925850605051e-05,0.0,1.0,7.429989808980899e-18,131.65200340287103,0.24062034516289005
YULARA_COMBINED,Ridge+day,train,26,lag68:ghi_missing,0.007595344404710616,0.007595344404710616,False,False,5.76925850605051e-05,5.76925850605051e-05,0.0,1.0,7.429989808980899e-18,131.65200340287103,0.24062034516127964
YULARA_COMBINED,Ridge+day,train,27,lag68:isolation_forest_flag,0.09997134130837092,0.09997134130837092,False,False,0.010096202385588393,0.010096202385588393,0.0,1.0,-4.9191656666356295e-17,9.901875724173403,0.19600246692048676
YULARA_COMBINED,Ridge+day,train,28,lag67:historical_ac_active_power,0.2888003845458112,0.2888003845458112,False,False,0.9999855768537349,0.2099326308179429,0.0,1.0,3.9476304474750926e-16,2.7356866938545648,3.028315532318244
YULARA_COMBINED,Ridge+day,train,29,lag67:ambient_temperature,0.20732423189680121,0.20732423189680121,False,False,0.9999855768537349,0.5387398236063285,0.0,1.0,2.0332551422093935e-16,2.5985376561023243,2.84691675549017
YULARA_COMBINED,Ridge+day,train,30,lag67:global_horizontal_irradiance,0.23751511364059263,0.23751511364059263,False,False,0.9999855768537349,0.17588087957248816,0.0,1.0,-1.2297914166589074e-17,3.4697544412881745,1.6581097441718762
YULARA_COMBINED,Ridge+day,train,31,lag67:power_missing,0.0065778086435410435,0.0065778086435410435,False,False,4.3269438795378825e-05,4.3269438795378825e-05,0.0,1.0,-3.996822104141449e-18,152.0197355608837,0.061106438179797044
YULARA_COMBINED,Ridge+day,train,32,lag67:temperature_missing,0.007595344404710616,0.007595344404710616,False,False,5.76925850605051e-05,5.76925850605051e-05,0.0,1.0,7.429989808980899e-18,131.65200340287103,0.2500070552888923
YULARA_COMBINED,Ridge+day,train,33,lag67:ghi_missing,0.007595344404710616,0.007595344404710616,False,False,5.76925850605051e-05,5.76925850605051e-05,0.0,1.0,7.429989808980899e-18,131.65200340287103,0.2500070552895648
YULARA_COMBINED,Ridge+day,train,34,lag67:isolation_forest_flag,0.09997134130837092,0.09997134130837092,False,False,0.010096202385588393,0.010096202385588393,0.0,1.0,-4.9191656666356295e-17,9.901875724173403,0.15213186339828266
YULARA_COMBINED,Ridge+day,train,35,lag66:historical_ac_active_power,0.2888021842100348,0.2888021842100348,False,False,0.9999855768537349,0.20993352680927574,0.0,1.0,4.2345817780288375e-16,2.7356665440457304,2.697837919676951
YULARA_COMBINED,Ridge+day,train,36,lag66:ambient_temperature,0.2073197321967216,0.2073197321967216,False,False,0.9999855768537349,0.5387393992979504,0.0,1.0,-1.213394197770122e-16,2.5985920085346788,2.3736291211392886
YULARA_COMBINED,Ridge+day,train,37,lag66:global_horizontal_irradiance,0.23751517825534477,0.23751517825534477,False,False,0.9999855768537349,0.17588071958295487,0.0,1.0,-3.0539820180362866e-17,3.4697541709568624,1.6626219243961402
YULARA_COMBINED,Ridge+day,train,38,lag66:power_missing,0.006577808643541043,0.006577808643541043,False,False,4.3269438795378825e-05,4.3269438795378825e-05,0.0,1.0,-2.7670306874825414e-18,152.01973556088373,0.06115086402053549
YULARA_COMBINED,Ridge+day,train,39,lag66:temperature_missing,0.007595344404710616,0.007595344404710616,False,False,5.76925850605051e-05,5.76925850605051e-05,0.0,1.0,7.429989808980899e-18,131.65200340287103,0.24388802580126095
YULARA_COMBINED,Ridge+day,train,40,lag66:ghi_missing,0.007595344404710616,0.007595344404710616,False,False,5.76925850605051e-05,5.76925850605051e-05,0.0,1.0,7.429989808980899e-18,131.65200340287103,0.24388802580117336
YULARA_COMBINED,Ridge+day,train,41,lag66:isolation_forest_flag,0.09997134130837092,0.09997134130837092,False,False,0.010096202385588393,0.010096202385588393,0.0,1.0,-4.9191656666356295e-17,9.901875724173403,0.13842643239024155
YULARA_COMBINED,Ridge+day,train,42,lag65:historical_ac_active_power,0.2888039321112923,0.2888039321112923,False,False,0.9999855768537349,0.2099343326852031,0.0,1.0,4.093155765113063e-16,2.7356471968336655,2.5621611158042894
YULARA_COMBINED,Ridge+day,train,43,lag65:ambient_temperature,0.20731507828627255,0.20731507828627255,False,False,0.9999855768537349,0.5387388221059323,0.0,1.0,6.558887555514172e-17,2.5986475588717712,2.0931337362570317
YULARA_COMBINED,Ridge+day,train,44,lag65:global_horizontal_irradiance,0.2375151254110116,0.2375151254110116,False,False,0.9999855768537349,0.17588040108446656,0.0,1.0,-1.1273087986039983e-17,3.4697562838973868,1.8337522622512814
YULARA_COMBINED,Ridge+day,train,45,lag65:power_missing,0.006577808643541043,0.006577808643541043,False,False,4.3269438795378825e-05,4.3269438795378825e-05,0.0,1.0,-2.7670306874825414e-18,152.01973556088373,0.06413488001729992
YULARA_COMBINED,Ridge+day,train,46,lag65:temperature_missing,0.007595344404710617,0.007595344404710617,False,False,5.76925850605051e-05,5.76925850605051e-05,0.0,1.0,7.429989808980899e-18,131.65200340287103,0.24932078534006652
YULARA_COMBINED,Ridge+day,train,47,lag65:ghi_missing,0.007595344404710617,0.007595344404710617,False,False,5.76925850605051e-05,5.76925850605051e-05,0.0,1.0,7.429989808980899e-18,131.65200340287103,0.24932078534029362
YULARA_COMBINED,Ridge+day,train,48,lag65:isolation_forest_flag,0.09997134130837092,0.09997134130837092,False,False,0.010096202385588393,0.010096202385588393,0.0,1.0,-4.9191656666356295e-17,9.901875724173403,0.13287029879385134
YULARA_COMBINED,Ridge+day,train,49,lag64:historical_ac_active_power,0.2888053118881875,0.2888053118881875,False,False,0.9999855768537349,0.20993488514813607,0.0,1.0,4.0378151513634125e-16,2.735632214263919,2.3154198141456988
YULARA_COMBINED,Ridge+day,train,50,lag64:ambient_temperature,0.2073103581938918,0.2073103581938918,False,False,0.9999855768537349,0.5387381042161156,0.0,1.0,-2.557966146650527e-16,2.5987032626331596,1.970611600003683
YULARA_COMBINED,Ridge+day,train,51,lag64:global_horizontal_irradiance,0.23751498256165857,0.23751498256165857,False,False,0.9999855768537349,0.17587982902802085,0.0,1.0,3.976325580530467e-17,3.469760779230164,1.7648376184780585
YULARA_COMBINED,Ridge+day,train,52,lag64:power_missing,0.006577808643541043,0.006577808643541043,False,False,4.3269438795378825e-05,4.3269438795378825e-05,0.0,1.0,-2.7670306874825414e-18,152.01973556088373,0.06817855720734442
YULARA_COMBINED,Ridge+day,train,53,lag64:temperature_missing,0.007595344404710617,0.007595344404710617,False,False,5.76925850605051e-05,5.76925850605051e-05,0.0,1.0,7.839920281200534e-18,131.65200340287103,0.2541153262916361
YULARA_COMBINED,Ridge+day,train,54,lag64:ghi_missing,0.007595344404710617,0.007595344404710617,False,False,5.76925850605051e-05,5.76925850605051e-05,0.0,1.0,7.839920281200534e-18,131.65200340287103,0.2541153262915414
YULARA_COMBINED,Ridge+day,train,55,lag64:isolation_forest_flag,0.09997134130837092,0.09997134130837092,False,False,0.010096202385588393,0.010096202385588393,0.0,1.0,-4.9191656666356295e-17,9.901875724173403,0.13115989238504766
YULARA_COMBINED,Ridge+day,train,56,lag63:historical_ac_active_power,0.2888066675291587,0.2888066675291587,False,False,0.9999855768537349,0.20993520103091834,0.0,1.0,4.0706095891409833e-16,2.735618279620621,2.3191421824969485
YULARA_COMBINED,Ridge+day,train,57,lag63:ambient_temperature,0.20730549856458358,0.20730549856458358,False,False,0.9999855768537349,0.5387373453351564,0.0,1.0,2.7547327733159523e-16,2.5987605204177404,1.9469541309627907
YULARA_COMBINED,Ridge+day,train,58,lag63:global_horizontal_irradiance,0.2375147162195381,0.2375147162195381,False,False,0.9999855768537349,0.17587903214939155,0.0,1.0,6.148957083294537e-18,3.4697680251899095,1.6481058993741713
YULARA_COMBINED,Ridge+day,train,59,lag63:power_missing,0.006577808643541043,0.006577808643541043,False,False,4.3269438795378825e-05,4.3269438795378825e-05,0.0,1.0,-2.7670306874825414e-18,152.01973556088373,0.07665456492420522
YULARA_COMBINED,Ridge+day,train,60,lag63:temperature_missing,0.007595344404710617,0.007595344404710617,False,False,5.76925850605051e-05,5.76925850605051e-05,0.0,1.0,7.839920281200534e-18,131.65200340287103,0.2510225049624612
YULARA_COMBINED,Ridge+day,train,61,lag63:ghi_missing,0.007595344404710617,0.007595344404710617,False,False,5.76925850605051e-05,5.76925850605051e-05,0.0,1.0,7.839920281200534e-18,131.65200340287103,0.2510225049633305
YULARA_COMBINED,Ridge+day,train,62,lag63:isolation_forest_flag,0.09997134130837092,0.09997134130837092,False,False,0.010096202385588393,0.010096202385588393,0.0,1.0,-4.9191656666356295e-17,9.901875724173403,0.14239055634657183
YULARA_COMBINED,Ridge+day,train,63,lag62:historical_ac_active_power,0.28880814519195813,0.28880814519195813,False,False,0.9999855768537349,0.20993517014391808,0.0,1.0,4.642462597887375e-16,2.735604390004169,2.228239805779525
YULARA_COMBINED,Ridge+day,train,64,lag62:ambient_temperature,0.2073006094621125,0.2073006094621125,False,False,0.9999855768537349,0.538736545466064,0.0,1.0,-1.2789830733252636e-16,2.598817952653085,1.9727003871573456
YULARA_COMBINED,Ridge+day,train,65,lag62:global_horizontal_irradiance,0.23751441608234428,0.23751441608234428,False,False,0.9999855768537349,0.17587787542544978,0.0,1.0,-1.3322740347138162e-17,3.469777279913965,1.747172080059398
YULARA_COMBINED,Ridge+day,train,66,lag62:power_missing,0.006577808643541042,0.006577808643541042,False,False,4.3269438795378825e-05,4.3269438795378825e-05,0.0,1.0,-1.5372392708236342e-18,152.01973556088376,0.08143464349982224
YULARA_COMBINED,Ridge+day,train,67,lag62:temperature_missing,0.007595344404710617,0.007595344404710617,False,False,5.76925850605051e-05,5.76925850605051e-05,0.0,1.0,7.839920281200534e-18,131.65200340287103,0.2501543122427117
YULARA_COMBINED,Ridge+day,train,68,lag62:ghi_missing,0.007595344404710617,0.007595344404710617,False,False,5.76925850605051e-05,5.76925850605051e-05,0.0,1.0,7.839920281200534e-18,131.65200340287103,0.2501543122429092
YULARA_COMBINED,Ridge+day,train,69,lag62:isolation_forest_flag,0.09997134130837092,0.09997134130837092,False,False,0.010096202385588393,0.010096202385588393,0.0,1.0,-4.9191656666356295e-17,9.901875724173403,0.14323279031609137
YULARA_COMBINED,Ridge+day,train,70,lag61:historical_ac_active_power,0.2888095316486413,0.2888095316486413,False,False,0.9999855768537349,0.20993495762773065,0.0,1.0,4.794136872608641e-16,2.7355919933191246,2.183732432152951
YULARA_COMBINED,Ridge+day,train,71,lag61:ambient_temperature,0.2072956267296773,0.2072956267296773,False,False,0.9999855768537349,0.5387355871715773,0.0,1.0,-5.902998799962755e-17,2.5988757971923473,2.013366024139985
YULARA_COMBINED,Ridge+day,train,72,lag61:global_horizontal_irradiance,0.23751399317071017,0.23751399317071017,False,False,0.9999855768537349,0.17587645869370888,0.0,1.0,-7.78867897217308e-18,3.4697894229497575,1.7580233730023427
YULARA_COMBINED,Ridge+day,train,73,lag61:power_missing,0.006577808643541042,0.006577808643541042,False,False,4.3269438795378825e-05,4.3269438795378825e-05,0.0,1.0,-1.94716974304327e-18,152.01973556088376,0.08614287940476444
YULARA_COMBINED,Ridge+day,train,74,lag61:temperature_missing,0.007595344404710617,0.007595344404710617,False,False,5.76925850605051e-05,5.76925850605051e-05,0.0,1.0,7.839920281200534e-18,131.65200340287103,0.25079082266951497
YULARA_COMBINED,Ridge+day,train,75,lag61:ghi_missing,0.007595344404710617,0.007595344404710617,False,False,5.76925850605051e-05,5.76925850605051e-05,0.0,1.0,7.839920281200534e-18,131.65200340287103,0.2507908226690808
YULARA_COMBINED,Ridge+day,train,76,lag61:isolation_forest_flag,0.09997134130837092,0.09997134130837092,False,False,0.010096202385588393,0.010096202385588393,0.0,1.0,-4.9191656666356295e-17,9.901875724173403,0.1415549272350326
YULARA_COMBINED,Ridge+day,train,77,lag60:historical_ac_active_power,0.28881068567248136,0.28881068567248136,False,False,0.9999855768537349,0.209934073104911,0.0,1.0,4.3268161342782557e-16,2.735584125135328,1.972333561924419
YULARA_COMBINED,Ridge+day,train,78,lag60:ambient_temperature,0.2072907188965675,0.2072907188965675,False,False,0.9999855768537349,0.5387344062000163,0.0,1.0,6.558887555514172e-18,2.598931631226723,2.056854000357687
YULARA_COMBINED,Ridge+day,train,79,lag60:global_horizontal_irradiance,0.23751342494048364,0.23751342494048364,False,False,0.9999855768537349,0.1758747738420763,0.0,1.0,4.550228241637957e-17,3.4698048178305454,1.4849320499228997
YULARA_COMBINED,Ridge+day,train,80,lag60:power_missing,0.006577808643541042,0.006577808643541042,False,False,4.3269438795378825e-05,4.3269438795378825e-05,0.0,1.0,-1.94716974304327e-18,152.01973556088376,0.08511656187929711
YULARA_COMBINED,Ridge+day,train,81,lag60:temperature_missing,0.007595344404710617,0.007595344404710617,False,False,5.76925850605051e-05,5.76925850605051e-05,0.0,1.0,7.839920281200534e-18,131.65200340287103,0.25059465888410576
YULARA_COMBINED,Ridge+day,train,82,lag60:ghi_missing,0.007595344404710617,0.007595344404710617,False,False,5.76925850605051e-05,5.76925850605051e-05,0.0,1.0,7.839920281200534e-18,131.65200340287103,0.2505946588831927
YULARA_COMBINED,Ridge+day,train,83,lag60:isolation_forest_flag,0.09997134130837092,0.09997134130837092,False,False,0.010096202385588393,0.010096202385588393,0.0,1.0,-4.9191656666356295e-17,9.901875724173403,0.1458931230189585
YULARA_COMBINED,Ridge+day,train,84,lag59:historical_ac_active_power,0.28881190751438746,0.28881190751438746,False,False,0.9999855768537349,0.20993307872922304,0.0,1.0,3.8103037392815145e-16,2.735575995014745,1.8740351097098682
YULARA_COMBINED,Ridge+day,train,85,lag59:ambient_temperature,0.20728578004243906,0.20728578004243906,False,False,0.9999855768537349,0.5387331676195728,0.0,1.0,1.0166275711046967e-16,2.5989875789322077,2.097186901133346
YULARA_COMBINED,Ridge+day,train,86,lag59:global_horizontal_irradiance,0.23751266837598928,0.23751266837598928,False,False,0.9999855768537349,0.17587281362295823,0.0,1.0,-3.545898584699849e-17,3.4698241235386447,1.3152310023089613
YULARA_COMBINED,Ridge+day,train,87,lag59:power_missing,0.006577808643541041,0.006577808643541041,False,False,4.3269438795378825e-05,4.3269438795378825e-05,0.0,1.0,-4.8166830485807206e-18,152.01973556088376,0.08777942144312575
YULARA_COMBINED,Ridge+day,train,88,lag59:temperature_missing,0.007595344404710617,0.007595344404710617,False,False,5.76925850605051e-05,5.76925850605051e-05,0.0,1.0,7.839920281200534e-18,131.65200340287103,0.24991484293574254
YULARA_COMBINED,Ridge+day,train,89,lag59:ghi_missing,0.007595344404710617,0.007595344404710617,False,False,5.76925850605051e-05,5.76925850605051e-05,0.0,1.0,7.839920281200534e-18,131.65200340287103,0.24991484293545202
YULARA_COMBINED,Ridge+day,train,90,lag59:isolation_forest_flag,0.09997134130837092,0.09997134130837092,False,False,0.010096202385588393,0.010096202385588393,0.0,1.0,-4.9191656666356295e-17,9.901875724173403,0.20284044703109386
YULARA_COMBINED,Ridge+day,train,91,lag58:historical_ac_active_power,0.2888128740446459,0.2888128740446459,False,False,0.9999855768537349,0.20993147107479437,0.0,1.0,4.603519203026509e-16,2.7355724066617393,1.8106164664149196
YULARA_COMBINED,Ridge+day,train,92,lag58:ambient_temperature,0.20728089421621665,0.20728089421621665,False,False,0.9999855768537349,0.5387317373810486,0.0,1.0,3.0170882755365195e-16,2.599041939770351,2.1202146856632007
YULARA_COMBINED,Ridge+day,train,93,lag58:global_horizontal_irradiance,0.2375117825016859,0.2375117825016859,False,False,0.9999855768537349,0.17587060583847194,0.0,1.0,1.9881627902652336e-17,3.469846360803925,1.322945036428267
YULARA_COMBINED,Ridge+day,train,94,lag58:power_missing,0.006577808643541041,0.006577808643541041,False,False,4.3269438795378825e-05,4.3269438795378825e-05,0.0,1.0,-4.8166830485807206e-18,152.01973556088376,0.09114403661503687
YULARA_COMBINED,Ridge+day,train,95,lag58:temperature_missing,0.007595344404710617,0.007595344404710617,False,False,5.76925850605051e-05,5.76925850605051e-05,0.0,1.0,7.839920281200534e-18,131.65200340287103,0.251002957321815
YULARA_COMBINED,Ridge+day,train,96,lag58:ghi_missing,0.007595344404710617,0.007595344404710617,False,False,5.76925850605051e-05,5.76925850605051e-05,0.0,1.0,7.839920281200534e-18,131.65200340287103,0.2510029573203503
YULARA_COMBINED,Ridge+day,train,97,lag58:isolation_forest_flag,0.09997134130837092,0.09997134130837092,False,False,0.010096202385588393,0.010096202385588393,0.0,1.0,-4.9191656666356295e-17,9.901875724173403,0.17310650694044027
YULARA_COMBINED,Ridge+day,train,98,lag57:historical_ac_active_power,0.2888138362439346,0.2888138362439346,False,False,0.9999855768537349,0.2099298522731158,0.0,1.0,4.3493623102503355e-16,2.7355688979512203,1.8034236635254979
YULARA_COMBINED,Ridge+day,train,99,lag57:ambient_temperature,0.2072758175342521,0.2072758175342521,False,False,0.9999855768537349,0.5387301476115736,0.0,1.0,-1.442955262213118e-16,2.5990979267156864,2.12987935113321
YULARA_COMBINED,Ridge+day,train,100,lag57:global_horizontal_irradiance,0.23751067818816987,0.23751067818816987,False,False,0.9999855768537349,0.17586817370163751,0.0,1.0,1.9676662666542518e-17,3.4698727340816102,1.308755559473734
YULARA_COMBINED,Ridge+day,train,101,lag57:power_missing,0.006577808643541041,0.006577808643541041,False,False,4.3269438795378825e-05,4.3269438795378825e-05,0.0,1.0,-5.226613520800356e-18,152.01973556088376,0.09557940186683007
YULARA_COMBINED,Ridge+day,train,102,lag57:temperature_missing,0.007595344404710617,0.007595344404710617,False,False,5.76925850605051e-05,5.76925850605051e-05,0.0,1.0,7.839920281200534e-18,131.65200340287103,0.2601322841985159
YULARA_COMBINED,Ridge+day,train,103,lag57:ghi_missing,0.007595344404710617,0.007595344404710617,False,False,5.76925850605051e-05,5.76925850605051e-05,0.0,1.0,7.839920281200534e-18,131.65200340287103,0.26013228419890805
YULARA_COMBINED,Ridge+day,train,104,lag57:isolation_forest_flag,0.09997134130837092,0.09997134130837092,False,False,0.010096202385588393,0.010096202385588393,0.0,1.0,-4.9191656666356295e-17,9.901875724173403,0.21049660842225074
YULARA_COMBINED,Ridge+day,train,105,lag56:historical_ac_active_power,0.2888142974216451,0.2888142974216451,False,False,0.9999855768537349,0.20992774264231337,0.0,1.0,4.494887627888306e-16,2.735571834258075,1.8584212904064394
YULARA_COMBINED,Ridge+day,train,106,lag56:ambient_temperature,0.20727070731176034,0.20727070731176034,False,False,0.9999855768537349,0.5387284924784137,0.0,1.0,7.870665066617007e-17,2.5991540216442672,2.139457224452398
YULARA_COMBINED,Ridge+day,train,107,lag56:global_horizontal_irradiance,0.23750923684790817,0.23750923684790817,False,False,0.9999855768537349,0.17586584984490142,0.0,1.0,5.2061169971893743e-17,3.4699035755095395,1.17352238529488
YULARA_COMBINED,Ridge+day,train,108,lag56:power_missing,0.006577808643541041,0.006577808643541041,False,False,4.3269438795378825e-05,4.3269438795378825e-05,0.0,1.0,-5.226613520800356e-18,152.01973556088376,0.09418115117489931
YULARA_COMBINED,Ridge+day,train,109,lag56:temperature_missing,0.007595344404710617,0.007595344404710617,False,False,5.76925850605051e-05,5.76925850605051e-05,0.0,1.0,7.839920281200534e-18,131.65200340287103,0.25756948741736757
YULARA_COMBINED,Ridge+day,train,110,lag56:ghi_missing,0.007595344404710617,0.007595344404710617,False,False,5.76925850605051e-05,5.76925850605051e-05,0.0,1.0,7.839920281200534e-18,131.65200340287103,0.25756948741674546
YULARA_COMBINED,Ridge+day,train,111,lag56:isolation_forest_flag,0.09997134130837092,0.09997134130837092,False,False,0.010096202385588393,0.010096202385588393,0.0,1.0,-4.9191656666356295e-17,9.901875724173403,0.1382617718618301
YULARA_COMBINED,Ridge+day,train,112,lag55:historical_ac_active_power,0.28881427072377147,0.28881427072377147,False,False,0.9999855768537349,0.2099265127153794,0.0,1.0,4.570724765248939e-16,2.7355763456725617,1.8286086751774024
YULARA_COMBINED,Ridge+day,train,113,lag55:ambient_temperature,0.20726541695994488,0.20726541695994488,False,False,0.9999855768537349,0.5387268550689808,0.0,1.0,1.0822164466598384e-16,2.599212463761345,2.1396707194874143
YULARA_COMBINED,Ridge+day,train,114,lag55:global_horizontal_irradiance,0.23750747493946633,0.23750747493946633,False,False,0.9999855768537349,0.17586352381500542,0.0,1.0,4.24278038747323e-17,3.469939109895563,1.107024773144499
YULARA_COMBINED,Ridge+day,train,115,lag55:power_missing,0.006577808643541041,0.006577808643541041,False,False,4.3269438795378825e-05,4.3269438795378825e-05,0.0,1.0,-5.226613520800356e-18,152.01973556088376,0.09038092996110816
YULARA_COMBINED,Ridge+day,train,116,lag55:temperature_missing,0.007595344404710617,0.007595344404710617,False,False,5.76925850605051e-05,5.76925850605051e-05,0.0,1.0,8.24985075342017e-18,131.65200340287103,0.25323734987775814
YULARA_COMBINED,Ridge+day,train,117,lag55:ghi_missing,0.007595344404710617,0.007595344404710617,False,False,5.76925850605051e-05,5.76925850605051e-05,0.0,1.0,8.24985075342017e-18,131.65200340287103,0.2532373498772281
YULARA_COMBINED,Ridge+day,train,118,lag55:isolation_forest_flag,0.09997134130837092,0.09997134130837092,False,False,0.010096202385588393,0.010096202385588393,0.0,1.0,-4.9191656666356295e-17,9.901875724173403,0.1501550404226518
YULARA_COMBINED,Ridge+day,train,119,lag54:historical_ac_active_power,0.28881447194671195,0.28881447194671195,False,False,0.9999855768537349,0.2099232494058347,0.0,1.0,4.136198464696125e-16,2.7355857387227447,1.801239528762522
YULARA_COMBINED,Ridge+day,train,120,lag54:ambient_temperature,0.2072601569519266,0.2072601569519266,False,False,0.9999855768537349,0.5387254780061508,0.0,1.0,3.279443777757086e-17,2.59927178445159,2.1343586573031126
YULARA_COMBINED,Ridge+day,train,121,lag54:global_horizontal_irradiance,0.23750550083763564,0.23750550083763564,False,False,0.9999855768537349,0.17586095519588213,0.0,1.0,8.198609444392715e-18,3.469978766376105,1.1447913969613175
YULARA_COMBINED,Ridge+day,train,122,lag54:power_missing,0.006577808643541041,0.006577808643541041,False,False,4.3269438795378825e-05,4.3269438795378825e-05,0.0,1.0,-5.226613520800356e-18,152.01973556088376,0.08795270011611966
YULARA_COMBINED,Ridge+day,train,123,lag54:temperature_missing,0.007595344404710617,0.007595344404710617,False,False,5.76925850605051e-05,5.76925850605051e-05,0.0,1.0,8.24985075342017e-18,131.65200340287103,0.2560443463997111
YULARA_COMBINED,Ridge+day,train,124,lag54:ghi_missing,0.007595344404710617,0.007595344404710617,False,False,5.76925850605051e-05,5.76925850605051e-05,0.0,1.0,8.24985075342017e-18,131.65200340287103,0.2560443463985697
YULARA_COMBINED,Ridge+day,train,125,lag54:isolation_forest_flag,0.09997134130837092,0.09997134130837092,False,False,0.010096202385588393,0.010096202385588393,0.0,1.0,-4.9191656666356295e-17,9.901875724173403,0.13565293708988482
YULARA_COMBINED,Ridge+day,train,126,lag53:historical_ac_active_power,0.2888145183154396,0.2888145183154396,False,False,0.9999855768537349,0.20992023518206512,0.0,1.0,4.376007790944612e-16,2.7355957360669096,1.8388230894615794
YULARA_COMBINED,Ridge+day,train,127,lag53:ambient_temperature,0.20725491024246992,0.20725491024246992,False,False,0.9999855768537349,0.5387244931245693,0.0,1.0,2.1644328933196768e-16,2.5993328336313444,2.125558716895056
YULARA_COMBINED,Ridge+day,train,128,lag53:global_horizontal_irradiance,0.23750341265136599,0.23750341265136599,False,False,0.9999855768537349,0.17585753931100656,0.0,1.0,2.4595828333178147e-18,3.47002365771797,1.295765729341251
YULARA_COMBINED,Ridge+day,train,129,lag53:power_missing,0.006577808643541041,0.006577808643541041,False,False,4.3269438795378825e-05,4.3269438795378825e-05,0.0,1.0,-5.226613520800356e-18,152.01973556088376,0.08443888121362031
YULARA_COMBINED,Ridge+day,train,130,lag53:temperature_missing,0.007595344404710617,0.007595344404710617,False,False,5.76925850605051e-05,5.76925850605051e-05,0.0,1.0,8.24985075342017e-18,131.65200340287103,0.2649860499769102
YULARA_COMBINED,Ridge+day,train,131,lag53:ghi_missing,0.007595344404710617,0.007595344404710617,False,False,5.76925850605051e-05,5.76925850605051e-05,0.0,1.0,8.24985075342017e-18,131.65200340287103,0.2649860499769823
YULARA_COMBINED,Ridge+day,train,132,lag53:isolation_forest_flag,0.09997134130837092,0.09997134130837092,False,False,0.010096202385588393,0.010096202385588393,0.0,1.0,-4.9191656666356295e-17,9.901875724173403,0.1348308025952641
YULARA_COMBINED,Ridge+day,train,133,lag52:historical_ac_active_power,0.2888139215843157,0.2888139215843157,False,False,0.9999855768537349,0.20991643779963762,0.0,1.0,4.605568855387608e-16,2.7356145363986806,1.831026419755335
YULARA_COMBINED,Ridge+day,train,134,lag52:ambient_temperature,0.2072494903447324,0.2072494903447324,False,False,0.9999855768537349,0.538723527076785,0.0,1.0,1.2461886355476928e-16,2.5993961489636908,2.1117488481025326
YULARA_COMBINED,Ridge+day,train,135,lag52:global_horizontal_irradiance,0.23750108113314786,0.23750108113314786,False,False,0.9999855768537349,0.1758538256923931,0.0,1.0,3.2384507305351226e-17,3.4700733587211503,1.2297159057062301
YULARA_COMBINED,Ridge+day,train,136,lag52:power_missing,0.00657780864354104,0.00657780864354104,False,False,4.3269438795378825e-05,4.3269438795378825e-05,0.0,1.0,-3.996822104141449e-18,152.0197355608838,0.08196068560233387
YULARA_COMBINED,Ridge+day,train,137,lag52:temperature_missing,0.007595344404710617,0.007595344404710617,False,False,5.76925850605051e-05,5.76925850605051e-05,0.0,1.0,8.24985075342017e-18,131.65200340287103,0.26404779995632793
YULARA_COMBINED,Ridge+day,train,138,lag52:ghi_missing,0.007595344404710617,0.007595344404710617,False,False,5.76925850605051e-05,5.76925850605051e-05,0.0,1.0,8.24985075342017e-18,131.65200340287103,0.2640477999569965
YULARA_COMBINED,Ridge+day,train,139,lag52:isolation_forest_flag,0.09997134130837093,0.09997134130837093,False,False,0.010096202385588393,0.010096202385588393,0.0,1.0,-9.838331333271259e-18,9.9018757241734,0.13133797816214057
YULARA_COMBINED,Ridge+day,train,140,lag51:historical_ac_active_power,0.28881322009667887,0.28881322009667887,False,False,0.9999855768537349,0.2099134642139778,0.0,1.0,3.597139893727304e-16,2.7356314767085266,1.7995382313515604
YULARA_COMBINED,Ridge+day,train,141,lag51:ambient_temperature,0.20724431634956822,0.20724431634956822,False,False,0.9999855768537349,0.5387224945578247,0.0,1.0,2.2956106444299605e-16,2.5994560625206122,2.106755912975098
YULARA_COMBINED,Ridge+day,train,142,lag51:global_horizontal_irradiance,0.2374984618548239,0.2374984618548239,False,False,0.9999855768537349,0.17585006459126878,0.0,1.0,-6.025977941628646e-17,3.4701274651307457,1.3214512198351336
YULARA_COMBINED,Ridge+day,train,143,lag51:power_missing,0.00657780864354104,0.00657780864354104,False,False,4.3269438795378825e-05,4.3269438795378825e-05,0.0,1.0,-3.996822104141449e-18,152.0197355608838,0.07907508648917345
YULARA_COMBINED,Ridge+day,train,144,lag51:temperature_missing,0.007595344404710617,0.007595344404710617,False,False,5.76925850605051e-05,5.76925850605051e-05,0.0,1.0,8.24985075342017e-18,131.65200340287103,0.26431368522042675
YULARA_COMBINED,Ridge+day,train,145,lag51:ghi_missing,0.007595344404710617,0.007595344404710617,False,False,5.76925850605051e-05,5.76925850605051e-05,0.0,1.0,8.24985075342017e-18,131.65200340287103,0.26431368521917586
YULARA_COMBINED,Ridge+day,train,146,lag51:isolation_forest_flag,0.09997134130837093,0.09997134130837093,False,False,0.010096202385588393,0.010096202385588393,0.0,1.0,-9.838331333271259e-18,9.9018757241734,0.15727601394178728
YULARA_COMBINED,Ridge+day,train,147,lag50:historical_ac_active_power,0.2888118255514123,0.2888118255514123,False,False,0.9999855768537349,0.20990925176997594,0.0,1.0,4.843328529274997e-16,2.7356592712973162,1.803757724522029
YULARA_COMBINED,Ridge+day,train,148,lag50:ambient_temperature,0.20723933776110595,0.20723933776110595,False,False,0.9999855768537349,0.538721480872017,0.0,1.0,-1.3445719488804053e-16,2.599513618852736,2.095853520132725
YULARA_COMBINED,Ridge+day,train,149,lag50:global_horizontal_irradiance,0.2374955782210606,0.2374955782210606,False,False,0.9999855768537349,0.17584580324187224,0.0,1.0,-7.481231118008353e-17,3.470187541727644,1.2798539785059118
YULARA_COMBINED,Ridge+day,train,150,lag50:power_missing,0.00657780864354104,0.00657780864354104,False,False,4.3269438795378825e-05,4.3269438795378825e-05,0.0,1.0,-3.996822104141449e-18,152.0197355608838,0.08118080552761171
YULARA_COMBINED,Ridge+day,train,151,lag50:temperature_missing,0.007595344404710617,0.007595344404710617,False,False,5.76925850605051e-05,5.76925850605051e-05,0.0,1.0,8.659781225639805e-18,131.65200340287103,0.2681371756547302
YULARA_COMBINED,Ridge+day,train,152,lag50:ghi_missing,0.007595344404710617,0.007595344404710617,False,False,5.76925850605051e-05,5.76925850605051e-05,0.0,1.0,8.659781225639805e-18,131.65200340287103,0.26813717565452916
YULARA_COMBINED,Ridge+day,train,153,lag50:isolation_forest_flag,0.09997134130837093,0.09997134130837093,False,False,0.010096202385588393,0.010096202385588393,0.0,1.0,-2.2956106444299602e-17,9.9018757241734,0.14991940178867844
YULARA_COMBINED,Ridge+day,train,154,lag49:historical_ac_active_power,0.28880999539301583,0.28880999539301583,False,False,0.9999855768537349,0.20990522132201284,0.0,1.0,4.09725506983526e-16,2.7356905622425485,1.7408181003340972
YULARA_COMBINED,Ridge+day,train,155,lag49:ambient_temperature,0.20723431964425942,0.20723431964425942,False,False,0.9999855768537349,0.5387202578018225,0.0,1.0,0.0,2.5995706634238736,2.063610193411592
YULARA_COMBINED,Ridge+day,train,156,lag49:global_horizontal_irradiance,0.23749240198635482,0.23749240198635482,False,False,0.9999855768537349,0.17584134844746277,0.0,1.0,-1.0043296569381077e-17,3.470252709810436,1.3731805041732819
YULARA_COMBINED,Ridge+day,train,157,lag49:power_missing,0.00657780864354104,0.00657780864354104,False,False,4.3269438795378825e-05,4.3269438795378825e-05,0.0,1.0,-3.996822104141449e-18,152.0197355608838,0.08174171583653457
YULARA_COMBINED,Ridge+day,train,158,lag49:temperature_missing,0.007595344404710617,0.007595344404710617,False,False,5.76925850605051e-05,5.76925850605051e-05,0.0,1.0,8.659781225639805e-18,131.65200340287103,0.26467891959588924
YULARA_COMBINED,Ridge+day,train,159,lag49:ghi_missing,0.007595344404710617,0.007595344404710617,False,False,5.76925850605051e-05,5.76925850605051e-05,0.0,1.0,8.659781225639805e-18,131.65200340287103,0.26467891959572243
YULARA_COMBINED,Ridge+day,train,160,lag49:isolation_forest_flag,0.09997134130837093,0.09997134130837093,False,False,0.010096202385588393,0.010096202385588393,0.0,1.0,-2.2956106444299602e-17,9.9018757241734,0.1594347194660564
YULARA_COMBINED,Ridge+day,train,161,lag48:historical_ac_active_power,0.28880778227756726,0.28880778227756726,False,False,0.9999855768537349,0.20990083577818547,0.0,1.0,4.1320991599739286e-16,2.7357267106551393,1.7529890175049894
YULARA_COMBINED,Ridge+day,train,162,lag48:ambient_temperature,0.20722909292822717,0.20722909292822717,False,False,0.9999855768537349,0.5387187455807988,0.0,1.0,2.557966146650527e-16,2.5996289322531636,2.0256069983885987
YULARA_COMBINED,Ridge+day,train,163,lag48:global_horizontal_irradiance,0.23748859847606713,0.23748859847606713,False,False,0.9999855768537349,0.17583741171156175,0.0,1.0,2.234121073597015e-17,3.470324864338669,1.3067519045786573
YULARA_COMBINED,Ridge+day,train,164,lag48:power_missing,0.006577808643541039,0.006577808643541039,False,False,4.3269438795378825e-05,4.3269438795378825e-05,0.0,1.0,-2.7670306874825414e-18,152.01973556088382,0.08777108283734382
YULARA_COMBINED,Ridge+day,train,165,lag48:temperature_missing,0.007595344404710617,0.007595344404710617,False,False,5.76925850605051e-05,5.76925850605051e-05,0.0,1.0,8.659781225639805e-18,131.65200340287103,0.2622750739882843
YULARA_COMBINED,Ridge+day,train,166,lag48:ghi_missing,0.007595344404710617,0.007595344404710617,False,False,5.76925850605051e-05,5.76925850605051e-05,0.0,1.0,8.659781225639805e-18,131.65200340287103,0.2622750739885309
YULARA_COMBINED,Ridge+day,train,167,lag48:isolation_forest_flag,0.09997134130837093,0.09997134130837093,False,False,0.010096202385588393,0.010096202385588393,0.0,1.0,-2.2956106444299602e-17,9.9018757241734,0.15913460294378126
YULARA_COMBINED,Ridge+day,train,168,lag47:historical_ac_active_power,0.2888053632500434,0.2888053632500434,False,False,0.9999855768537349,0.2098968107200221,0.0,1.0,4.1443970741405177e-16,2.735763561966536,1.7590421648594359
YULARA_COMBINED,Ridge+day,train,169,lag47:ambient_temperature,0.20722376111119833,0.20722376111119833,False,False,0.9999855768537349,0.5387173751659247,0.0,1.0,-2.623555022205669e-16,2.5996892068610005,2.0075652618039412
YULARA_COMBINED,Ridge+day,train,170,lag47:global_horizontal_irradiance,0.23748444533945373,0.23748444533945373,False,False,0.9999855768537349,0.17583358533996826,0.0,1.0,-5.657040516630974e-17,3.470401665599576,1.247650094757533
YULARA_COMBINED,Ridge+day,train,171,lag47:power_missing,0.006577808643541038,0.006577808643541038,False,False,4.3269438795378825e-05,4.3269438795378825e-05,0.0,1.0,-7.891161590227989e-18,152.01973556088382,0.08425507818507248
YULARA_COMBINED,Ridge+day,train,172,lag47:temperature_missing,0.007595344404710617,0.007595344404710617,False,False,5.76925850605051e-05,5.76925850605051e-05,0.0,1.0,8.659781225639805e-18,131.65200340287103,0.26056320513283265
YULARA_COMBINED,Ridge+day,train,173,lag47:ghi_missing,0.007595344404710617,0.007595344404710617,False,False,5.76925850605051e-05,5.76925850605051e-05,0.0,1.0,8.659781225639805e-18,131.65200340287103,0.2605632051318178
YULARA_COMBINED,Ridge+day,train,174,lag47:isolation_forest_flag,0.09997134130837093,0.09997134130837093,False,False,0.010096202385588393,0.010096202385588393,0.0,1.0,-2.2956106444299602e-17,9.9018757241734,0.2282851298724003
YULARA_COMBINED,Ridge+day,train,175,lag46:historical_ac_active_power,0.28880249714303063,0.28880249714303063,False,False,0.9999855768537349,0.20989242083954773,0.0,1.0,3.882041571919951e-16,2.7358059122637997,1.7708295442871662
YULARA_COMBINED,Ridge+day,train,176,lag46:ambient_temperature,0.20721809034550914,0.20721809034550914,False,False,0.9999855768537349,0.5387161687143301,0.0,1.0,-2.2628162066523896e-16,2.599754528265805,1.985151967482735
YULARA_COMBINED,Ridge+day,train,177,lag46:global_horizontal_irradiance,0.23747995591640544,0.23747995591640544,False,False,0.9999855768537349,0.17582968235888902,0.0,1.0,3.9353325333085036e-17,3.4704837065542686,1.2422013139340062
YULARA_COMBINED,Ridge+day,train,178,lag46:power_missing,0.006577808643541039,0.006577808643541039,False,False,4.3269438795378825e-05,4.3269438795378825e-05,0.0,1.0,-2.7670306874825414e-18,152.01973556088382,0.08205935970200001
YULARA_COMBINED,Ridge+day,train,179,lag46:temperature_missing,0.007595344404710618,0.007595344404710618,False,False,5.76925850605051e-05,5.76925850605051e-05,0.0,1.0,7.429989808980899e-18,131.652003402871,0.26155666463463495
YULARA_COMBINED,Ridge+day,train,180,lag46:ghi_missing,0.007595344404710618,0.007595344404710618,False,False,5.76925850605051e-05,5.76925850605051e-05,0.0,1.0,7.429989808980899e-18,131.652003402871,0.26155666463508126
YULARA_COMBINED,Ridge+day,train,181,lag46:isolation_forest_flag,0.09997134130837093,0.09997134130837093,False,False,0.010096202385588393,0.010096202385588393,0.0,1.0,-2.2956106444299602e-17,9.9018757241734,0.23509813735467408
YULARA_COMBINED,Ridge+day,train,182,lag45:historical_ac_active_power,0.2887994819707863,0.2887994819707863,False,False,0.9999855768537349,0.20988840299946276,0.0,1.0,3.953779404558387e-16,2.735848387291988,1.7207837031587203
YULARA_COMBINED,Ridge+day,train,183,lag45:ambient_temperature,0.20721238239767792,0.20721238239767792,False,False,0.9999855768537349,0.5387147706035803,0.0,1.0,1.6069274511009723e-16,2.599819394816327,1.9709117753945438
YULARA_COMBINED,Ridge+day,train,184,lag45:global_horizontal_irradiance,0.23747516658749804,0.23747516658749804,False,False,0.9999855768537349,0.1758256860849555,0.0,1.0,2.0086593138762153e-17,3.4705705264191336,1.2569625166484837
YULARA_COMBINED,Ridge+day,train,185,lag45:power_missing,0.006577808643541038,0.006577808643541038,False,False,4.3269438795378825e-05,4.3269438795378825e-05,0.0,1.0,-8.301092062447624e-18,152.01973556088382,0.07635655418592044
YULARA_COMBINED,Ridge+day,train,186,lag45:temperature_missing,0.007595344404710618,0.007595344404710618,False,False,5.76925850605051e-05,5.76925850605051e-05,0.0,1.0,7.429989808980899e-18,131.652003402871,0.2619105090573432
YULARA_COMBINED,Ridge+day,train,187,lag45:ghi_missing,0.007595344404710618,0.007595344404710618,False,False,5.76925850605051e-05,5.76925850605051e-05,0.0,1.0,7.429989808980899e-18,131.652003402871,0.2619105090578892
YULARA_COMBINED,Ridge+day,train,188,lag45:isolation_forest_flag,0.09997134130837093,0.09997134130837093,False,False,0.010096202385588393,0.010096202385588393,0.0,1.0,-2.2956106444299602e-17,9.9018757241734,0.19949762282038008
YULARA_COMBINED,Ridge+day,train,189,lag44:historical_ac_active_power,0.28879585764407245,0.28879585764407245,False,False,0.9999855768537349,0.209884047606832,0.0,1.0,4.703952168720321e-16,2.735897802824269,1.682960884129389
YULARA_COMBINED,Ridge+day,train,190,lag44:ambient_temperature,0.20720671775173907,0.20720671775173907,False,False,0.9999855768537349,0.5387133182072812,0.0,1.0,-5.902998799962755e-17,2.59988345963151,1.9844512802299832
YULARA_COMBINED,Ridge+day,train,191,lag44:global_horizontal_irradiance,0.23747001376500357,0.23747001376500357,False,False,0.9999855768537349,0.17582162725845174,0.0,1.0,-5.698033563852938e-17,3.470662925707924,1.3136735644746562
YULARA_COMBINED,Ridge+day,train,192,lag44:power_missing,0.006577808643541038,0.006577808643541038,False,False,4.3269438795378825e-05,4.3269438795378825e-05,0.0,1.0,-8.301092062447624e-18,152.01973556088382,0.07693117229117255
YULARA_COMBINED,Ridge+day,train,193,lag44:temperature_missing,0.007595344404710618,0.007595344404710618,False,False,5.76925850605051e-05,5.76925850605051e-05,0.0,1.0,7.429989808980899e-18,131.652003402871,0.26176028209567265
YULARA_COMBINED,Ridge+day,train,194,lag44:ghi_missing,0.007595344404710618,0.007595344404710618,False,False,5.76925850605051e-05,5.76925850605051e-05,0.0,1.0,7.429989808980899e-18,131.652003402871,0.2617602820963766
YULARA_COMBINED,Ridge+day,train,195,lag44:isolation_forest_flag,0.09997134130837093,0.09997134130837093,False,False,0.010096202385588393,0.010096202385588393,0.0,1.0,-2.2956106444299602e-17,9.9018757241734,0.19368834747732658
YULARA_COMBINED,Ridge+day,train,196,lag43:historical_ac_active_power,0.2887922907759606,0.2887922907759606,False,False,0.9999855768537349,0.2098801454919286,0.0,1.0,4.3350147437226485e-16,2.735945105685079,1.7326137429942423
YULARA_COMBINED,Ridge+day,train,197,lag43:ambient_temperature,0.207201221951414,0.207201221951414,False,False,0.9999855768537349,0.5387118946152084,0.0,1.0,-2.426788395540244e-16,2.599945548301493,2.008114292456708
YULARA_COMBINED,Ridge+day,train,198,lag43:global_horizontal_irradiance,0.23746467290775036,0.23746467290775036,False,False,0.9999855768537349,0.1758175740197457,0.0,1.0,-2.5825619749837054e-17,3.470758053769246,1.4498461553464381
YULARA_COMBINED,Ridge+day,train,199,lag43:power_missing,0.006577808643541038,0.006577808643541038,False,False,4.3269438795378825e-05,4.3269438795378825e-05,0.0,1.0,-8.71102253466726e-18,152.01973556088382,0.07455149066517365
YULARA_COMBINED,Ridge+day,train,200,lag43:temperature_missing,0.007595344404710618,0.007595344404710618,False,False,5.76925850605051e-05,5.76925850605051e-05,0.0,1.0,7.429989808980899e-18,131.652003402871,0.261202788635814
YULARA_COMBINED,Ridge+day,train,201,lag43:ghi_missing,0.007595344404710618,0.007595344404710618,False,False,5.76925850605051e-05,5.76925850605051e-05,0.0,1.0,7.429989808980899e-18,131.652003402871,0.26120278863560387
YULARA_COMBINED,Ridge+day,train,202,lag43:isolation_forest_flag,0.09997134130837093,0.09997134130837093,False,False,0.010096202385588393,0.010096202385588393,0.0,1.0,-2.2956106444299602e-17,9.9018757241734,0.20366515081392922
YULARA_COMBINED,Ridge+day,train,203,lag42:historical_ac_active_power,0.28878814727506563,0.28878814727506563,False,False,0.9999855768537349,0.20987584053706781,0.0,1.0,4.2919720441395865e-16,2.735999267692773,1.695740433544265
YULARA_COMBINED,Ridge+day,train,204,lag42:ambient_temperature,0.20719560766924064,0.20719560766924064,False,False,0.9999855768537349,0.5387103846100266,0.0,1.0,1.0494220088822676e-16,2.6000087099819407,2.0186671487943806
YULARA_COMBINED,Ridge+day,train,205,lag42:global_horizontal_irradiance,0.23745902671435815,0.23745902671435815,False,False,0.9999855768537349,0.17581344384142092,0.0,1.0,-3.5868916319218134e-17,3.470857973110457,1.4228332916600372
YULARA_COMBINED,Ridge+day,train,206,lag42:power_missing,0.006577808643541038,0.006577808643541038,False,False,4.3269438795378825e-05,4.3269438795378825e-05,0.0,1.0,-8.71102253466726e-18,152.01973556088382,0.07580593457114072
YULARA_COMBINED,Ridge+day,train,207,lag42:temperature_missing,0.007595344404710618,0.007595344404710618,False,False,5.76925850605051e-05,5.76925850605051e-05,0.0,1.0,7.429989808980899e-18,131.652003402871,0.2610907106374536
YULARA_COMBINED,Ridge+day,train,208,lag42:ghi_missing,0.007595344404710618,0.007595344404710618,False,False,5.76925850605051e-05,5.76925850605051e-05,0.0,1.0,7.429989808980899e-18,131.652003402871,0.26109071063749084
YULARA_COMBINED,Ridge+day,train,209,lag42:isolation_forest_flag,0.09997134130837093,0.09997134130837093,False,False,0.010096202385588393,0.010096202385588393,0.0,1.0,-9.838331333271259e-18,9.9018757241734,0.2012042048437051
YULARA_COMBINED,Ridge+day,train,210,lag41:historical_ac_active_power,0.2887837931206483,0.2887837931206483,False,False,0.9999855768537349,0.20987180589330537,0.0,1.0,4.396504314555594e-16,2.736054491037849,1.6834146143959914
YULARA_COMBINED,Ridge+day,train,211,lag41:ambient_temperature,0.20718970011382615,0.20718970011382615,False,False,0.9999855768537349,0.5387086895930008,0.0,1.0,-2.2628162066523896e-16,2.6000746624810223,2.022157673075456
YULARA_COMBINED,Ridge+day,train,212,lag41:global_horizontal_irradiance,0.2374530507734713,0.2374530507734713,False,False,0.9999855768537349,0.17580923235800605,0.0,1.0,-6.06697098885061e-17,3.4709630596756016,1.448757851692179
YULARA_COMBINED,Ridge+day,train,213,lag41:power_missing,0.006577808643541037,0.006577808643541037,False,False,4.3269438795378825e-05,4.3269438795378825e-05,0.0,1.0,-9.633366097161441e-18,152.01973556088384,0.0743529823866301
YULARA_COMBINED,Ridge+day,train,214,lag41:temperature_missing,0.007595344404710618,0.007595344404710618,False,False,5.76925850605051e-05,5.76925850605051e-05,0.0,1.0,7.429989808980899e-18,131.652003402871,0.26099171284989126
YULARA_COMBINED,Ridge+day,train,215,lag41:ghi_missing,0.007595344404710618,0.007595344404710618,False,False,5.76925850605051e-05,5.76925850605051e-05,0.0,1.0,7.429989808980899e-18,131.652003402871,0.2609917128497368
YULARA_COMBINED,Ridge+day,train,216,lag41:isolation_forest_flag,0.09997134130837095,0.09997134130837095,False,False,0.010096202385588393,0.010096202385588393,0.0,1.0,-3.607388155532795e-17,9.901875724173399,0.1958403225010162
YULARA_COMBINED,Ridge+day,train,217,lag40:historical_ac_active_power,0.28877871129950955,0.28877871129950955,False,False,0.9999855768537349,0.20986721952579965,0.0,1.0,3.931233228586307e-16,2.736118521059216,1.751139358214944
YULARA_COMBINED,Ridge+day,train,218,lag40:ambient_temperature,0.20718386585386558,0.20718386585386558,False,False,0.9999855768537349,0.5387070599396595,0.0,1.0,8.198609444392716e-17,2.6001400143755857,2.028762499046059
YULARA_COMBINED,Ridge+day,train,219,lag40:global_horizontal_irradiance,0.23744674041453923,0.23744674041453923,False,False,0.9999855768537349,0.1758049251580153,0.0,1.0,8.649532963834315e-17,3.4710734432617967,1.501163162565617
YULARA_COMBINED,Ridge+day,train,220,lag40:power_missing,0.006577808643541037,0.006577808643541037,False,False,4.3269438795378825e-05,4.3269438795378825e-05,0.0,1.0,-9.633366097161441e-18,152.01973556088384,0.08003362828430238
YULARA_COMBINED,Ridge+day,train,221,lag40:temperature_missing,0.007595344404710618,0.007595344404710618,False,False,5.76925850605051e-05,5.76925850605051e-05,0.0,1.0,7.839920281200534e-18,131.652003402871,0.26311517822848274
YULARA_COMBINED,Ridge+day,train,222,lag40:ghi_missing,0.007595344404710618,0.007595344404710618,False,False,5.76925850605051e-05,5.76925850605051e-05,0.0,1.0,7.839920281200534e-18,131.652003402871,0.2631151782277982
YULARA_COMBINED,Ridge+day,train,223,lag40:isolation_forest_flag,0.09997134130837095,0.09997134130837095,False,False,0.010096202385588393,0.010096202385588393,0.0,1.0,-3.607388155532795e-17,9.901875724173399,0.21058106887986505
YULARA_COMBINED,Ridge+day,train,224,lag39:historical_ac_active_power,0.2887732739379151,0.2887732739379151,False,False,0.9999855768537349,0.2098626830052017,0.0,1.0,4.2468796921954266e-16,2.736185749532605,1.8151155015888307
YULARA_COMBINED,Ridge+day,train,225,lag39:ambient_temperature,0.20717765401464572,0.20717765401464572,False,False,0.9999855768537349,0.538705347197832,0.0,1.0,1.7708996399888265e-16,2.6002097077503836,2.0386552590531775
YULARA_COMBINED,Ridge+day,train,226,lag39:global_horizontal_irradiance,0.23744012652573465,0.23744012652573465,False,False,0.9999855768537349,0.17580040178212125,0.0,1.0,1.742204506933452e-17,3.4711891805218897,1.6481020519096976
YULARA_COMBINED,Ridge+day,train,227,lag39:power_missing,0.006577808643541037,0.006577808643541037,False,False,4.3269438795378825e-05,4.3269438795378825e-05,0.0,1.0,-9.633366097161441e-18,152.01973556088384,0.07866918700219781
YULARA_COMBINED,Ridge+day,train,228,lag39:temperature_missing,0.007595344404710618,0.007595344404710618,False,False,5.76925850605051e-05,5.76925850605051e-05,0.0,1.0,5.790267920102356e-18,131.652003402871,0.26197861176136317
YULARA_COMBINED,Ridge+day,train,229,lag39:ghi_missing,0.007595344404710618,0.007595344404710618,False,False,5.76925850605051e-05,5.76925850605051e-05,0.0,1.0,5.790267920102356e-18,131.652003402871,0.2619786117604212
YULARA_COMBINED,Ridge+day,train,230,lag39:isolation_forest_flag,0.09997134130837095,0.09997134130837095,False,False,0.010096202385588393,0.010096202385588393,0.0,1.0,-3.607388155532795e-17,9.901875724173399,0.19987412179014108
YULARA_COMBINED,Ridge+day,train,231,lag38:historical_ac_active_power,0.28876673585394835,0.28876673585394835,False,False,0.9999855768537349,0.20985740646186773,0.0,1.0,4.0152689753913323e-16,2.7362659733002226,1.8567675970722304
YULARA_COMBINED,Ridge+day,train,232,lag38:ambient_temperature,0.2071713709518181,0.2071713709518181,False,False,0.9999855768537349,0.5387034704937995,0.0,1.0,-1.8364885155439682e-16,2.6002795078239163,2.0437299793426678
YULARA_COMBINED,Ridge+day,train,233,lag38:global_horizontal_irradiance,0.23743300811458878,0.23743300811458878,False,False,0.9999855768537349,0.1757955237724519,0.0,1.0,3.996822104141449e-17,3.47131379403564,1.6410096323269867
YULARA_COMBINED,Ridge+day,train,234,lag38:power_missing,0.006577808643541037,0.006577808643541037,False,False,4.3269438795378825e-05,4.3269438795378825e-05,0.0,1.0,-9.633366097161441e-18,152.01973556088384,0.0871315912797365
YULARA_COMBINED,Ridge+day,train,235,lag38:temperature_missing,0.007595344404710618,0.007595344404710618,False,False,5.76925850605051e-05,5.76925850605051e-05,0.0,1.0,5.790267920102356e-18,131.652003402871,0.26655530095374275
YULARA_COMBINED,Ridge+day,train,236,lag38:ghi_missing,0.007595344404710618,0.007595344404710618,False,False,5.76925850605051e-05,5.76925850605051e-05,0.0,1.0,5.790267920102356e-18,131.652003402871,0.26655530095430313
YULARA_COMBINED,Ridge+day,train,237,lag38:isolation_forest_flag,0.09997134130837095,0.09997134130837095,False,False,0.010096202385588393,0.010096202385588393,0.0,1.0,-3.607388155532795e-17,9.901875724173399,0.2321144586217354
YULARA_COMBINED,Ridge+day,train,238,lag37:historical_ac_active_power,0.2887607175553493,0.2887607175553493,False,False,0.9999855768537349,0.20985285223336425,0.0,1.0,3.8205520010870056e-16,2.736338773694803,1.8167737092608833
YULARA_COMBINED,Ridge+day,train,239,lag37:ambient_temperature,0.20716506630458162,0.20716506630458162,False,False,0.9999855768537349,0.538701669123451,0.0,1.0,1.3445719488804053e-16,2.6003499467011113,2.0244214494003225
YULARA_COMBINED,Ridge+day,train,240,lag37:global_horizontal_irradiance,0.23742614898016806,0.23742614898016806,False,False,0.9999855768537349,0.1757912180083257,0.0,1.0,-3.0744785416472684e-18,3.4714322138987295,1.636006656532506
YULARA_COMBINED,Ridge+day,train,241,lag37:power_missing,0.0065778086435410365,0.0065778086435410365,False,False,4.3269438795378825e-05,4.3269438795378825e-05,0.0,1.0,-8.403574680502533e-18,152.01973556088387,0.08674063397906082
YULARA_COMBINED,Ridge+day,train,242,lag37:temperature_missing,0.007595344404710618,0.007595344404710618,False,False,5.76925850605051e-05,5.76925850605051e-05,0.0,1.0,5.790267920102356e-18,131.652003402871,0.26772878997142585
YULARA_COMBINED,Ridge+day,train,243,lag37:ghi_missing,0.007595344404710618,0.007595344404710618,False,False,5.76925850605051e-05,5.76925850605051e-05,0.0,1.0,5.790267920102356e-18,131.652003402871,0.26772878997290867
YULARA_COMBINED,Ridge+day,train,244,lag37:isolation_forest_flag,0.09997134130837095,0.09997134130837095,False,False,0.010096202385588393,0.010096202385588393,0.0,1.0,-3.607388155532795e-17,9.901875724173399,0.21337309361453938
YULARA_COMBINED,Ridge+day,train,245,lag36:historical_ac_active_power,0.2887535645251291,0.2887535645251291,False,False,0.9999855768537349,0.20984747733672895,0.0,1.0,4.546128936915761e-16,2.7364251726648634,1.8766591832660675
YULARA_COMBINED,Ridge+day,train,246,lag36:ambient_temperature,0.20715857668896467,0.20715857668896467,False,False,0.9999855768537349,0.5386998522428534,0.0,1.0,-8.526553822168424e-17,2.6004226368656544,2.0050484000556494
YULARA_COMBINED,Ridge+day,train,247,lag36:global_horizontal_irradiance,0.2374195910091537,0.2374195910091537,False,False,0.9999855768537349,0.17578788673864892,0.0,1.0,6.804845838845954e-17,3.471542132466961,1.7572612453731797
YULARA_COMBINED,Ridge+day,train,248,lag36:power_missing,0.0065778086435410365,0.0065778086435410365,False,False,4.3269438795378825e-05,4.3269438795378825e-05,0.0,1.0,-8.403574680502533e-18,152.01973556088387,0.08305842104055468
YULARA_COMBINED,Ridge+day,train,249,lag36:temperature_missing,0.007595344404710618,0.007595344404710618,False,False,5.76925850605051e-05,5.76925850605051e-05,0.0,1.0,5.790267920102356e-18,131.652003402871,0.27092263212518247
YULARA_COMBINED,Ridge+day,train,250,lag36:ghi_missing,0.007595344404710618,0.007595344404710618,False,False,5.76925850605051e-05,5.76925850605051e-05,0.0,1.0,5.790267920102356e-18,131.652003402871,0.2709226321252833
YULARA_COMBINED,Ridge+day,train,251,lag36:isolation_forest_flag,0.09997134130837095,0.09997134130837095,False,False,0.010096202385588393,0.010096202385588393,0.0,1.0,-2.2956106444299602e-17,9.901875724173399,0.22248222951976335
YULARA_COMBINED,Ridge+day,train,252,lag35:historical_ac_active_power,0.2887488522359905,0.2887488522359905,False,False,0.9999855768537349,0.20984946119455478,0.0,1.0,4.855626443441586e-16,2.736462959719979,1.8341878717563147
YULARA_COMBINED,Ridge+day,train,253,lag35:ambient_temperature,0.20715202357810106,0.20715202357810106,False,False,0.9999855768537349,0.5386980663812496,0.0,1.0,-2.557966146650527e-16,2.600496278416262,1.9933708748795738
YULARA_COMBINED,Ridge+day,train,254,lag35:global_horizontal_irradiance,0.23741185992597022,0.23741185992597022,False,False,0.9999855768537349,0.17578299931110042,0.0,1.0,4.8371795721917024e-17,3.4716757660965505,1.6296115006921899
YULARA_COMBINED,Ridge+day,train,255,lag35:power_missing,0.0065778086435410365,0.0065778086435410365,False,False,4.3269438795378825e-05,4.3269438795378825e-05,0.0,1.0,-8.403574680502533e-18,152.01973556088387,0.08119047406506882
YULARA_COMBINED,Ridge+day,train,256,lag35:temperature_missing,0.007595344404710618,0.007595344404710618,False,False,5.76925850605051e-05,5.76925850605051e-05,0.0,1.0,5.790267920102356e-18,131.652003402871,0.2671023244067984
YULARA_COMBINED,Ridge+day,train,257,lag35:ghi_missing,0.007595344404710618,0.007595344404710618,False,False,5.76925850605051e-05,5.76925850605051e-05,0.0,1.0,5.790267920102356e-18,131.652003402871,0.2671023244092473
YULARA_COMBINED,Ridge+day,train,258,lag35:isolation_forest_flag,0.09997134130837096,0.09997134130837096,False,False,0.010096202385588393,0.010096202385588393,0.0,1.0,-4.9191656666356295e-17,9.901875724173397,0.2266456526028928
YULARA_COMBINED,Ridge+day,train,259,lag34:historical_ac_active_power,0.28874415295276434,0.28874415295276434,False,False,0.9999855768537349,0.20985074340257973,0.0,1.0,4.734696954136793e-16,2.7365030547533924,1.659806224807747
YULARA_COMBINED,Ridge+day,train,260,lag34:ambient_temperature,0.20714519466957898,0.20714519466957898,False,False,0.9999855768537349,0.5386963835502799,0.0,1.0,-1.1478053222149802e-16,2.600573884465745,1.965701169469077
YULARA_COMBINED,Ridge+day,train,261,lag34:global_horizontal_irradiance,0.23740522881269266,0.23740522881269266,False,False,0.9999855768537349,0.17578054360340145,0.0,1.0,-4.69370390691483e-17,3.471783079583681,1.6268515183393495
YULARA_COMBINED,Ridge+day,train,262,lag34:power_missing,0.006577808643541036,0.006577808643541036,False,False,4.3269438795378825e-05,4.3269438795378825e-05,0.0,1.0,-7.173783263843626e-18,152.0197355608839,0.08141939189453033
YULARA_COMBINED,Ridge+day,train,263,lag34:temperature_missing,0.007595344404710618,0.007595344404710618,False,False,5.76925850605051e-05,5.76925850605051e-05,0.0,1.0,5.790267920102356e-18,131.652003402871,0.26653631490771595
YULARA_COMBINED,Ridge+day,train,264,lag34:ghi_missing,0.007595344404710618,0.007595344404710618,False,False,5.76925850605051e-05,5.76925850605051e-05,0.0,1.0,5.790267920102356e-18,131.652003402871,0.26653631490775687
YULARA_COMBINED,Ridge+day,train,265,lag34:isolation_forest_flag,0.09997134130837096,0.09997134130837096,False,False,0.010096202385588393,0.010096202385588393,0.0,1.0,-4.9191656666356295e-17,9.901875724173397,0.23408784358313942
YULARA_COMBINED,Ridge+day,train,266,lag33:historical_ac_active_power,0.28873813015368205,0.28873813015368205,False,False,0.9999855768537349,0.20984695710212875,0.0,1.0,4.1648935977514995e-16,2.7365732488373085,1.5643815338065372
YULARA_COMBINED,Ridge+day,train,267,lag33:ambient_temperature,0.20713803723948843,0.20713803723948843,False,False,0.9999855768537349,0.5386948735459579,0.0,1.0,-3.9353325333085036e-17,2.600656454628518,1.89479035305981
YULARA_COMBINED,Ridge+day,train,268,lag33:global_horizontal_irradiance,0.23739790508537598,0.23739790508537598,False,False,0.9999855768537349,0.17577662017339576,0.0,1.0,-1.94716974304327e-17,3.471906710929849,1.7369369259716207
YULARA_COMBINED,Ridge+day,train,269,lag33:power_missing,0.006577808643541036,0.006577808643541036,False,False,4.3269438795378825e-05,4.3269438795378825e-05,0.0,1.0,-7.173783263843626e-18,152.0197355608839,0.08191709222491074
YULARA_COMBINED,Ridge+day,train,270,lag33:temperature_missing,0.007595344404710618,0.007595344404710618,False,False,5.76925850605051e-05,5.76925850605051e-05,0.0,1.0,5.790267920102356e-18,131.652003402871,0.26864914589791666
YULARA_COMBINED,Ridge+day,train,271,lag33:ghi_missing,0.007595344404710618,0.007595344404710618,False,False,5.76925850605051e-05,5.76925850605051e-05,0.0,1.0,5.790267920102356e-18,131.652003402871,0.26864914589827843
YULARA_COMBINED,Ridge+day,train,272,lag33:isolation_forest_flag,0.09997134130837096,0.09997134130837096,False,False,0.010096202385588393,0.010096202385588393,0.0,1.0,-4.9191656666356295e-17,9.901875724173397,0.2303891622062661
YULARA_COMBINED,Ridge+day,train,273,lag32:historical_ac_active_power,0.2887318032691395,0.2887318032691395,False,False,0.9999855768537349,0.2098429235483936,0.0,1.0,4.550228241637957e-16,2.7366471843597595,1.5187217641207802
YULARA_COMBINED,Ridge+day,train,274,lag32:ambient_temperature,0.2071303622357102,0.2071303622357102,False,False,0.9999855768537349,0.5386930400486947,0.0,1.0,1.3773663866579761e-16,2.6007439673941803,1.8713659028905778
YULARA_COMBINED,Ridge+day,train,275,lag32:global_horizontal_irradiance,0.23739092394629782,0.23739092394629782,False,False,0.9999855768537349,0.17577359511995008,0.0,1.0,6.230943177738464e-17,3.4720215549036957,1.6664348613019166
YULARA_COMBINED,Ridge+day,train,276,lag32:power_missing,0.006577808643541036,0.006577808643541036,False,False,4.3269438795378825e-05,4.3269438795378825e-05,0.0,1.0,-7.173783263843626e-18,152.0197355608839,0.08316234531607221
YULARA_COMBINED,Ridge+day,train,277,lag32:temperature_missing,0.007595344404710618,0.007595344404710618,False,False,5.76925850605051e-05,5.76925850605051e-05,0.0,1.0,5.790267920102356e-18,131.652003402871,0.2711081935548614
YULARA_COMBINED,Ridge+day,train,278,lag32:ghi_missing,0.007595344404710618,0.007595344404710618,False,False,5.76925850605051e-05,5.76925850605051e-05,0.0,1.0,5.790267920102356e-18,131.652003402871,0.2711081935551294
YULARA_COMBINED,Ridge+day,train,279,lag32:isolation_forest_flag,0.09997134130837096,0.09997134130837096,False,False,0.010096202385588393,0.010096202385588393,0.0,1.0,-4.9191656666356295e-17,9.901875724173397,0.2264670049329092
YULARA_COMBINED,Ridge+day,train,280,lag31:historical_ac_active_power,0.2887243838769123,0.2887243838769123,False,False,0.9999855768537349,0.2098381172816124,0.0,1.0,4.1894894260846776e-16,2.736734154934576,1.4929933549447423
YULARA_COMBINED,Ridge+day,train,281,lag31:ambient_temperature,0.20712235702383905,0.20712235702383905,False,False,0.9999855768537349,0.5386911212477481,0.0,1.0,-2.0988440177645352e-16,2.6008352212105557,1.8426813161436646
YULARA_COMBINED,Ridge+day,train,282,lag31:global_horizontal_irradiance,0.2373823500208571,0.2373823500208571,False,False,0.9999855768537349,0.17576845665658977,0.0,1.0,-3.9353325333085036e-17,3.4721686059262233,1.5060007383843652
YULARA_COMBINED,Ridge+day,train,283,lag31:power_missing,0.006577808643541036,0.006577808643541036,False,False,4.3269438795378825e-05,4.3269438795378825e-05,0.0,1.0,-7.173783263843626e-18,152.0197355608839,0.08530334539878812
YULARA_COMBINED,Ridge+day,train,284,lag31:temperature_missing,0.007595344404710618,0.007595344404710618,False,False,5.76925850605051e-05,5.76925850605051e-05,0.0,1.0,5.790267920102356e-18,131.652003402871,0.28260032939986396
YULARA_COMBINED,Ridge+day,train,285,lag31:ghi_missing,0.007595344404710618,0.007595344404710618,False,False,5.76925850605051e-05,5.76925850605051e-05,0.0,1.0,5.790267920102356e-18,131.652003402871,0.28260032939974594
YULARA_COMBINED,Ridge+day,train,286,lag31:isolation_forest_flag,0.09997134130837096,0.09997134130837096,False,False,0.010096202385588393,0.010096202385588393,0.0,1.0,-4.9191656666356295e-17,9.901875724173397,0.23918509086044593
YULARA_COMBINED,Ridge+day,train,287,lag30:historical_ac_active_power,0.28871691513377845,0.28871691513377845,False,False,0.9999855768537349,0.20983331845879535,0.0,1.0,3.8533464388645765e-16,2.736821572006188,1.4797124063205318
YULARA_COMBINED,Ridge+day,train,288,lag30:ambient_temperature,0.20711455743963317,0.20711455743963317,False,False,0.9999855768537349,0.5386894339865989,0.0,1.0,1.90207739109911e-16,2.6009250177579064,1.8271212558207655
YULARA_COMBINED,Ridge+day,train,289,lag30:global_horizontal_irradiance,0.2373736932720121,0.2373736932720121,False,False,0.9999855768537349,0.17576330130308276,0.0,1.0,-9.223435624941805e-19,3.4723169502713382,1.5704413929966836
YULARA_COMBINED,Ridge+day,train,290,lag30:power_missing,0.006577808643541035,0.006577808643541035,False,False,4.3269438795378825e-05,4.3269438795378825e-05,0.0,1.0,-9.530883479106532e-18,152.0197355608839,0.08514584807946243
YULARA_COMBINED,Ridge+day,train,291,lag30:temperature_missing,0.007595344404710618,0.007595344404710618,False,False,5.76925850605051e-05,5.76925850605051e-05,0.0,1.0,3.7406155590041765e-18,131.652003402871,0.2770253634738014
YULARA_COMBINED,Ridge+day,train,292,lag30:ghi_missing,0.007595344404710618,0.007595344404710618,False,False,5.76925850605051e-05,5.76925850605051e-05,0.0,1.0,3.7406155590041765e-18,131.652003402871,0.27702536347344237
YULARA_COMBINED,Ridge+day,train,293,lag30:isolation_forest_flag,0.09997134130837096,0.09997134130837096,False,False,0.010096202385588393,0.010096202385588393,0.0,1.0,-4.9191656666356295e-17,9.901875724173397,0.23571713853348375
YULARA_COMBINED,Ridge+day,train,294,lag29:historical_ac_active_power,0.2887097464928708,0.2887097464928708,False,False,0.9999855768537349,0.20982882832384844,0.0,1.0,4.1402977694183213e-16,2.736905079495346,1.4824094964115921
YULARA_COMBINED,Ridge+day,train,295,lag29:ambient_temperature,0.2071066022938369,0.2071066022938369,False,False,0.9999855768537349,0.5386877655592469,0.0,1.0,-2.0988440177645352e-16,2.6010168656766055,1.8269874278192335
YULARA_COMBINED,Ridge+day,train,296,lag29:global_horizontal_irradiance,0.23736515398494032,0.23736515398494032,False,False,0.9999855768537349,0.17575831939523126,0.0,1.0,2.705541116649596e-17,3.4724628563511177,1.5642572415660516
YULARA_COMBINED,Ridge+day,train,297,lag29:power_missing,0.006577808643541035,0.006577808643541035,False,False,4.3269438795378825e-05,4.3269438795378825e-05,0.0,1.0,-6.661370173569081e-18,152.0197355608839,0.0864325898865339
YULARA_COMBINED,Ridge+day,train,298,lag29:temperature_missing,0.007595344404710618,0.007595344404710618,False,False,5.76925850605051e-05,5.76925850605051e-05,0.0,1.0,3.7406155590041765e-18,131.652003402871,0.27857772507244555
YULARA_COMBINED,Ridge+day,train,299,lag29:ghi_missing,0.007595344404710618,0.007595344404710618,False,False,5.76925850605051e-05,5.76925850605051e-05,0.0,1.0,3.7406155590041765e-18,131.652003402871,0.2785777250730633
YULARA_COMBINED,Ridge+day,train,300,lag29:isolation_forest_flag,0.09997134130837096,0.09997134130837096,False,False,0.010096202385588393,0.010096202385588393,0.0,1.0,-4.9191656666356295e-17,9.901875724173397,0.2991905430851602
YULARA_COMBINED,Ridge+day,train,301,lag28:historical_ac_active_power,0.28870206690163686,0.28870206690163686,False,False,0.9999855768537349,0.2098239899044376,0.0,1.0,3.8861408766421473e-16,2.7369946414854796,1.4723634995410395
YULARA_COMBINED,Ridge+day,train,302,lag28:ambient_temperature,0.2070986060415281,0.2070986060415281,False,False,0.9999855768537349,0.538686186868122,0.0,1.0,-1.8364885155439682e-16,2.601109670241348,1.8424056960845676
YULARA_COMBINED,Ridge+day,train,303,lag28:global_horizontal_irradiance,0.23735643309541732,0.23735643309541732,False,False,0.9999855768537349,0.17575323777442356,0.0,1.0,-1.1580535840204711e-17,3.472611849935532,1.54742102570386
YULARA_COMBINED,Ridge+day,train,304,lag28:power_missing,0.006577808643541035,0.006577808643541035,False,False,4.3269438795378825e-05,4.3269438795378825e-05,0.0,1.0,-6.661370173569081e-18,152.0197355608839,0.08573285113176268
YULARA_COMBINED,Ridge+day,train,305,lag28:temperature_missing,0.007595344404710618,0.007595344404710618,False,False,5.76925850605051e-05,5.76925850605051e-05,0.0,1.0,3.7406155590041765e-18,131.652003402871,0.2809431943722583
YULARA_COMBINED,Ridge+day,train,306,lag28:ghi_missing,0.007595344404710618,0.007595344404710618,False,False,5.76925850605051e-05,5.76925850605051e-05,0.0,1.0,3.7406155590041765e-18,131.652003402871,0.28094319437106985
YULARA_COMBINED,Ridge+day,train,307,lag28:isolation_forest_flag,0.09997134130837096,0.09997134130837096,False,False,0.010096202385588393,0.010096202385588393,0.0,1.0,-4.9191656666356295e-17,9.901875724173397,0.2869317912128982
YULARA_COMBINED,Ridge+day,train,308,lag27:historical_ac_active_power,0.2886974550886215,0.2886974550886215,False,False,0.9999855768537349,0.20982214897593096,0.0,1.0,4.1402977694183213e-16,2.7370447404238742,1.4863644063588077
YULARA_COMBINED,Ridge+day,train,309,lag27:ambient_temperature,0.20709048911346947,0.20709048911346947,False,False,0.9999855768537349,0.5386845804806917,0.0,1.0,-1.2461886355476928e-16,2.601203864005239,1.8593164482133397
YULARA_COMBINED,Ridge+day,train,310,lag27:global_horizontal_irradiance,0.2373478236418671,0.2373478236418671,False,False,0.9999855768537349,0.17574829029110642,0.0,1.0,-7.583713736063262e-18,3.4727586588390325,1.9124498920433122
YULARA_COMBINED,Ridge+day,train,311,lag27:power_missing,0.006577808643541035,0.006577808643541035,False,False,4.3269438795378825e-05,4.3269438795378825e-05,0.0,1.0,-7.071300645788718e-18,152.0197355608839,0.08673048017327208
YULARA_COMBINED,Ridge+day,train,312,lag27:temperature_missing,0.007595344404710619,0.007595344404710619,False,False,5.76925850605051e-05,5.76925850605051e-05,0.0,1.0,3.7406155590041765e-18,131.652003402871,0.2827629937627241
YULARA_COMBINED,Ridge+day,train,313,lag27:ghi_missing,0.007595344404710619,0.007595344404710619,False,False,5.76925850605051e-05,5.76925850605051e-05,0.0,1.0,3.7406155590041765e-18,131.652003402871,0.28276299376247277
YULARA_COMBINED,Ridge+day,train,314,lag27:isolation_forest_flag,0.09997134130837096,0.09997134130837096,False,False,0.010096202385588393,0.010096202385588393,0.0,1.0,-4.9191656666356295e-17,9.901875724173397,0.26350751698938524
YULARA_COMBINED,Ridge+day,train,315,lag26:historical_ac_active_power,0.2886883870788515,0.2886883870788515,False,False,0.9999855768537349,0.20981639970599714,0.0,1.0,4.525632413304779e-16,2.7371506290558703,1.4635436532440396
YULARA_COMBINED,Ridge+day,train,316,lag26:ambient_temperature,0.20708252202146785,0.20708252202146785,False,False,0.9999855768537349,0.5386829596900736,0.0,1.0,-3.2138549022019445e-16,2.6012961134123596,1.8692023530161124
YULARA_COMBINED,Ridge+day,train,317,lag26:global_horizontal_irradiance,0.23734113841764726,0.23734113841764726,False,False,0.9999855768537349,0.17574681589662833,0.0,1.0,-1.731956245127961e-17,3.4728626886963863,1.6931729239381137
YULARA_COMBINED,Ridge+day,train,318,lag26:power_missing,0.006577808643541034,0.006577808643541034,False,False,4.3269438795378825e-05,4.3269438795378825e-05,0.0,1.0,-5.84150922912981e-18,152.01973556088393,0.08433167522840833
YULARA_COMBINED,Ridge+day,train,319,lag26:temperature_missing,0.007595344404710619,0.007595344404710619,False,False,5.76925850605051e-05,5.76925850605051e-05,0.0,1.0,4.150546031223812e-18,131.652003402871,0.2982558433708813
YULARA_COMBINED,Ridge+day,train,320,lag26:ghi_missing,0.007595344404710619,0.007595344404710619,False,False,5.76925850605051e-05,5.76925850605051e-05,0.0,1.0,4.150546031223812e-18,131.652003402871,0.2982558433690215
YULARA_COMBINED,Ridge+day,train,321,lag26:isolation_forest_flag,0.09997134130837096,0.09997134130837096,False,False,0.010096202385588393,0.010096202385588393,0.0,1.0,-4.9191656666356295e-17,9.901875724173397,0.32137178448622467
YULARA_COMBINED,Ridge+day,train,322,lag25:historical_ac_active_power,0.28868178396491384,0.28868178396491384,False,False,0.9999855768537349,0.209812532133116,0.0,1.0,3.7385659066430785e-16,2.737226634164499,1.5067822477595898
YULARA_COMBINED,Ridge+day,train,323,lag25:ambient_temperature,0.2070745563745118,0.2070745563745118,False,False,0.9999855768537349,0.5386816402359111,0.0,1.0,2.557966146650527e-16,2.6013898069720356,1.8814301362493133
YULARA_COMBINED,Ridge+day,train,324,lag25:global_horizontal_irradiance,0.23733273627277365,0.23733273627277365,False,False,0.9999855768537349,0.17574210794713205,0.0,1.0,-2.4698310951233056e-17,3.4730054732336777,1.4574808686206302
YULARA_COMBINED,Ridge+day,train,325,lag25:power_missing,0.006577808643541034,0.006577808643541034,False,False,4.3269438795378825e-05,4.3269438795378825e-05,0.0,1.0,-6.251439701349446e-18,152.01973556088393,0.08219367725165973
YULARA_COMBINED,Ridge+day,train,326,lag25:temperature_missing,0.007595344404710619,0.007595344404710619,False,False,5.76925850605051e-05,5.76925850605051e-05,0.0,1.0,4.150546031223812e-18,131.652003402871,0.28989052265166604
YULARA_COMBINED,Ridge+day,train,327,lag25:ghi_missing,0.007595344404710619,0.007595344404710619,False,False,5.76925850605051e-05,5.76925850605051e-05,0.0,1.0,4.150546031223812e-18,131.652003402871,0.289890522650773
YULARA_COMBINED,Ridge+day,train,328,lag25:isolation_forest_flag,0.09997134130837096,0.09997134130837096,False,False,0.010096202385588393,0.010096202385588393,0.0,1.0,-4.9191656666356295e-17,9.901875724173397,0.4170110449716258
YULARA_COMBINED,Ridge+day,train,329,lag24:historical_ac_active_power,0.28867261427172136,0.28867261427172136,False,False,0.9999855768537349,0.20980688148272733,0.0,1.0,4.542029632193565e-16,2.7373331568386354,1.5847078622530992
YULARA_COMBINED,Ridge+day,train,330,lag24:ambient_temperature,0.20706660048068842,0.20706660048068842,False,False,0.9999855768537349,0.5386804692334899,0.0,1.0,1.1150108844374094e-16,2.6014841021342243,1.8949099608126965
YULARA_COMBINED,Ridge+day,train,331,lag24:global_horizontal_irradiance,0.23732525203694774,0.23732525203694774,False,False,0.9999855768537349,0.1757383863690909,0.0,1.0,4.283773434695194e-17,3.473130678494275,1.5557542736449836
YULARA_COMBINED,Ridge+day,train,332,lag24:power_missing,0.006577808643541034,0.006577808643541034,False,False,4.3269438795378825e-05,4.3269438795378825e-05,0.0,1.0,-6.251439701349446e-18,152.01973556088393,0.08739342393619472
YULARA_COMBINED,Ridge+day,train,333,lag24:temperature_missing,0.007595344404710619,0.007595344404710619,False,False,5.76925850605051e-05,5.76925850605051e-05,0.0,1.0,2.1008936701256333e-18,131.652003402871,0.28984808845523913
YULARA_COMBINED,Ridge+day,train,334,lag24:ghi_missing,0.007595344404710619,0.007595344404710619,False,False,5.76925850605051e-05,5.76925850605051e-05,0.0,1.0,2.1008936701256333e-18,131.652003402871,0.28984808845580073
YULARA_COMBINED,Ridge+day,train,335,lag24:isolation_forest_flag,0.09997134130837096,0.09997134130837096,False,False,0.010096202385588393,0.010096202385588393,0.0,1.0,-4.9191656666356295e-17,9.901875724173397,0.37781391890380417
YULARA_COMBINED,Ridge+day,train,336,lag23:historical_ac_active_power,0.2886644819265653,0.2886644819265653,False,False,0.9999855768537349,0.20980194895205517,0.0,1.0,3.976325580530467e-16,2.737427361253842,1.845506130469291
YULARA_COMBINED,Ridge+day,train,337,lag23:ambient_temperature,0.20705808621912838,0.20705808621912838,False,False,0.9999855768537349,0.5386790722300164,0.0,1.0,-2.557966146650527e-16,2.6015843286600044,1.9066683521019943
YULARA_COMBINED,Ridge+day,train,338,lag23:global_horizontal_irradiance,0.2373170862257825,0.2373170862257825,False,False,0.9999855768537349,0.1757338416168903,0.0,1.0,7.993644208282897e-18,3.4732693355206052,1.573356263787082
YULARA_COMBINED,Ridge+day,train,339,lag23:power_missing,0.006577808643541034,0.006577808643541034,False,False,4.3269438795378825e-05,4.3269438795378825e-05,0.0,1.0,-6.251439701349446e-18,152.01973556088393,0.08643530861018206
YULARA_COMBINED,Ridge+day,train,340,lag23:temperature_missing,0.007595344404710619,0.007595344404710619,False,False,5.76925850605051e-05,5.76925850605051e-05,0.0,1.0,2.510824142345269e-18,131.652003402871,0.3022353733167671
YULARA_COMBINED,Ridge+day,train,341,lag23:ghi_missing,0.007595344404710619,0.007595344404710619,False,False,5.76925850605051e-05,5.76925850605051e-05,0.0,1.0,2.510824142345269e-18,131.652003402871,0.3022353733159836
YULARA_COMBINED,Ridge+day,train,342,lag23:isolation_forest_flag,0.09997134130837097,0.09997134130837097,False,False,0.010096202385588393,0.010096202385588393,0.0,1.0,-2.4595828333178147e-17,9.901875724173397,0.3442442818349844
YULARA_COMBINED,Ridge+day,train,343,lag22:historical_ac_active_power,0.2886559903582352,0.2886559903582352,False,False,0.9999855768537349,0.20979666585000142,0.0,1.0,4.796186524969739e-16,2.73752619223083,2.17727765019171
YULARA_COMBINED,Ridge+day,train,344,lag22:ambient_temperature,0.2070494373886582,0.2070494373886582,False,False,0.9999855768537349,0.5386776563927457,0.0,1.0,3.0170882755365195e-16,2.601686163394779,1.9132619618809443
YULARA_COMBINED,Ridge+day,train,345,lag22:global_horizontal_irradiance,0.23730827737207916,0.23730827737207916,False,False,0.9999855768537349,0.17572868329068808,0.0,1.0,2.1726315027640696e-17,3.4734199996611355,1.4031223344564974
YULARA_COMBINED,Ridge+day,train,346,lag22:power_missing,0.006577808643541033,0.006577808643541033,False,False,4.3269438795378825e-05,4.3269438795378825e-05,0.0,1.0,-5.021648284690538e-18,152.01973556088396,0.07967450644663618
YULARA_COMBINED,Ridge+day,train,347,lag22:temperature_missing,0.007595344404710619,0.007595344404710619,False,False,5.76925850605051e-05,5.76925850605051e-05,0.0,1.0,2.510824142345269e-18,131.652003402871,0.3054245686986191
YULARA_COMBINED,Ridge+day,train,348,lag22:ghi_missing,0.007595344404710619,0.007595344404710619,False,False,5.76925850605051e-05,5.76925850605051e-05,0.0,1.0,2.510824142345269e-18,131.652003402871,0.3054245686989746
YULARA_COMBINED,Ridge+day,train,349,lag22:isolation_forest_flag,0.09997134130837097,0.09997134130837097,False,False,0.010096202385588393,0.010096202385588393,0.0,1.0,-2.4595828333178147e-17,9.901875724173397,0.35506064129278636
YULARA_COMBINED,Ridge+day,train,350,lag21:historical_ac_active_power,0.28864826790580617,0.28864826790580617,False,False,0.9999855768537349,0.20979195038763848,0.0,1.0,3.6401825933103655e-16,2.7376157679568274,1.9747268881329534
YULARA_COMBINED,Ridge+day,train,351,lag21:ambient_temperature,0.20704043342324088,0.20704043342324088,False,False,0.9999855768537349,0.5386761009660272,0.0,1.0,1.410160824435547e-16,2.6017917952521024,1.9258016956139772
YULARA_COMBINED,Ridge+day,train,352,lag21:global_horizontal_irradiance,0.2372995977354347,0.2372995977354347,False,False,0.9999855768537349,0.1757235946418693,0.0,1.0,-1.0555709659655621e-17,3.4735684898931707,1.2969423723429825
YULARA_COMBINED,Ridge+day,train,353,lag21:power_missing,0.006577808643541034,0.006577808643541034,False,False,4.3269438795378825e-05,4.3269438795378825e-05,0.0,1.0,-6.661370173569081e-18,152.01973556088393,0.13779658477636103
YULARA_COMBINED,Ridge+day,train,354,lag21:temperature_missing,0.007595344404710619,0.007595344404710619,False,False,5.76925850605051e-05,5.76925850605051e-05,0.0,1.0,2.510824142345269e-18,131.652003402871,0.3215418419525591
YULARA_COMBINED,Ridge+day,train,355,lag21:ghi_missing,0.007595344404710619,0.007595344404710619,False,False,5.76925850605051e-05,5.76925850605051e-05,0.0,1.0,2.510824142345269e-18,131.652003402871,0.3215418419520981
YULARA_COMBINED,Ridge+day,train,356,lag21:isolation_forest_flag,0.09997134130837097,0.09997134130837097,False,False,0.010096202385588393,0.010096202385588393,0.0,1.0,-3.7713603444206494e-17,9.901875724173397,0.35720098351770696
YULARA_COMBINED,Ridge+day,train,357,lag20:historical_ac_active_power,0.28864003211505246,0.28864003211505246,False,False,0.9999855768537349,0.20978690226133595,0.0,1.0,3.857445743586773e-16,2.737711369931125,2.2740959044008573
YULARA_COMBINED,Ridge+day,train,358,lag20:ambient_temperature,0.20703139916928953,0.20703139916928953,False,False,0.9999855768537349,0.5386747250115481,0.0,1.0,-1.9676662666542518e-17,2.6018986838371987,1.9338811523599204
YULARA_COMBINED,Ridge+day,train,359,lag20:global_horizontal_irradiance,0.23729090317395857,0.23729090317395857,False,False,0.9999855768537349,0.17571846220509274,0.0,1.0,-7.173783263843626e-18,3.4737173940065644,1.272070680300721
YULARA_COMBINED,Ridge+day,train,360,lag20:power_missing,0.006577808643541033,0.006577808643541033,False,False,4.3269438795378825e-05,4.3269438795378825e-05,0.0,1.0,-5.431578756910174e-18,152.01973556088396,0.1367945927217035
YULARA_COMBINED,Ridge+day,train,361,lag20:temperature_missing,0.007595344404710619,0.007595344404710619,False,False,5.76925850605051e-05,5.76925850605051e-05,0.0,1.0,2.510824142345269e-18,131.652003402871,0.30619913568215507
YULARA_COMBINED,Ridge+day,train,362,lag20:ghi_missing,0.007595344404710619,0.007595344404710619,False,False,5.76925850605051e-05,5.76925850605051e-05,0.0,1.0,2.510824142345269e-18,131.652003402871,0.3061991356821395
YULARA_COMBINED,Ridge+day,train,363,lag20:isolation_forest_flag,0.09997134130837097,0.09997134130837097,False,False,0.010096202385588393,0.010096202385588393,0.0,1.0,-2.4595828333178147e-17,9.901875724173397,0.4422877522063731
YULARA_COMBINED,Ridge+day,train,364,lag19:historical_ac_active_power,0.2886321545772447,0.2886321545772447,False,False,0.9999855768537349,0.2097820461269956,0.0,1.0,4.218184559140052e-16,2.7378029139907336,2.21017547962099
YULARA_COMBINED,Ridge+day,train,365,lag19:ambient_temperature,0.20702251302959326,0.20702251302959326,False,False,0.9999855768537349,0.5386734465500325,0.0,1.0,6.886831933289881e-17,2.6020041910757343,1.938695839674308
YULARA_COMBINED,Ridge+day,train,366,lag19:global_horizontal_irradiance,0.23728222987084965,0.23728222987084965,False,False,0.9999855768537349,0.1757133027904804,0.0,1.0,7.891161590227989e-18,3.473866111500093,1.3085953153742358
YULARA_COMBINED,Ridge+day,train,367,lag19:power_missing,0.006577808643541032,0.006577808643541032,False,False,4.3269438795378825e-05,4.3269438795378825e-05,0.0,1.0,-5.431578756910174e-18,152.01973556088396,0.13547060494895607
YULARA_COMBINED,Ridge+day,train,368,lag19:temperature_missing,0.007595344404710619,0.007595344404710619,False,False,5.76925850605051e-05,5.76925850605051e-05,0.0,1.0,2.510824142345269e-18,131.652003402871,0.3125457938959214
YULARA_COMBINED,Ridge+day,train,369,lag19:ghi_missing,0.007595344404710619,0.007595344404710619,False,False,5.76925850605051e-05,5.76925850605051e-05,0.0,1.0,2.510824142345269e-18,131.652003402871,0.31254579389560255
YULARA_COMBINED,Ridge+day,train,370,lag19:isolation_forest_flag,0.09997134130837097,0.09997134130837097,False,False,0.010096202385588393,0.010096202385588393,0.0,1.0,-2.4595828333178147e-17,9.901875724173397,0.3766614218040683
YULARA_COMBINED,Ridge+day,train,371,lag18:historical_ac_active_power,0.28862420469188677,0.28862420469188677,False,False,0.9999855768537349,0.20977696912672497,0.0,1.0,4.2550783016398193e-16,2.737895914574653,2.108357784688598
YULARA_COMBINED,Ridge+day,train,372,lag18:ambient_temperature,0.20701383892547814,0.20701383892547814,False,False,0.9999855768537349,0.5386723298353099,0.0,1.0,-2.1972273310972477e-16,2.6021078234736943,1.9534798478108686
YULARA_COMBINED,Ridge+day,train,373,lag18:global_horizontal_irradiance,0.23727370697278094,0.23727370697278094,False,False,0.9999855768537349,0.17570814383554512,0.0,1.0,-4.0173186277524307e-17,3.4740126357911802,1.279456021990842
YULARA_COMBINED,Ridge+day,train,374,lag18:power_missing,0.006577808643541032,0.006577808643541032,False,False,4.3269438795378825e-05,4.3269438795378825e-05,0.0,1.0,-5.431578756910174e-18,152.01973556088396,0.1282372092270115
YULARA_COMBINED,Ridge+day,train,375,lag18:temperature_missing,0.007595344404710619,0.007595344404710619,False,False,5.76925850605051e-05,5.76925850605051e-05,0.0,1.0,2.510824142345269e-18,131.652003402871,0.31026607872574563
YULARA_COMBINED,Ridge+day,train,376,lag18:ghi_missing,0.007595344404710619,0.007595344404710619,False,False,5.76925850605051e-05,5.76925850605051e-05,0.0,1.0,2.510824142345269e-18,131.652003402871,0.31026607872575485
YULARA_COMBINED,Ridge+day,train,377,lag18:isolation_forest_flag,0.09997134130837099,0.09997134130837099,False,False,0.010096202385588393,0.010096202385588393,0.0,1.0,3.033485494425305e-17,9.901875724173395,0.4511494070498542
YULARA_COMBINED,Ridge+day,train,378,lag17:historical_ac_active_power,0.2886177443281405,0.2886177443281405,False,False,0.9999855768537349,0.20977285263256362,0.0,1.0,4.009120018308038e-16,2.737971461896664,1.978701605328586
YULARA_COMBINED,Ridge+day,train,379,lag17:ambient_temperature,0.2070052842548706,0.2070052842548706,False,False,0.9999855768537349,0.5386711765609139,0.0,1.0,-6.558887555514172e-18,2.602209786575724,1.9585755935462228
YULARA_COMBINED,Ridge+day,train,380,lag17:global_horizontal_irradiance,0.23726512605890512,0.23726512605890512,False,False,0.9999855768537349,0.17570283514103818,0.0,1.0,1.731956245127961e-17,3.4741606512130905,1.341539412041435
YULARA_COMBINED,Ridge+day,train,381,lag17:power_missing,0.006577808643541032,0.006577808643541032,False,False,4.3269438795378825e-05,4.3269438795378825e-05,0.0,1.0,-5.431578756910174e-18,152.01973556088396,0.1229473010553152
YULARA_COMBINED,Ridge+day,train,382,lag17:temperature_missing,0.007595344404710619,0.007595344404710619,False,False,5.76925850605051e-05,5.76925850605051e-05,0.0,1.0,2.510824142345269e-18,131.652003402871,0.3229900685287996
YULARA_COMBINED,Ridge+day,train,383,lag17:ghi_missing,0.007595344404710619,0.007595344404710619,False,False,5.76925850605051e-05,5.76925850605051e-05,0.0,1.0,2.510824142345269e-18,131.652003402871,0.32299006852874884
YULARA_COMBINED,Ridge+day,train,384,lag17:isolation_forest_flag,0.09997134130837099,0.09997134130837099,False,False,0.010096202385588393,0.010096202385588393,0.0,1.0,3.033485494425305e-17,9.901875724173395,0.44726478380587936
YULARA_COMBINED,Ridge+day,train,385,lag16:historical_ac_active_power,0.2886075143549746,0.2886075143549746,False,False,0.9999855768537349,0.2097663083763521,0.0,1.0,4.28787273941739e-16,2.738091187229779,2.0008868799584523
YULARA_COMBINED,Ridge+day,train,386,lag16:ambient_temperature,0.2069963713278939,0.2069963713278939,False,False,0.9999855768537349,0.5386700421188106,0.0,1.0,1.1150108844374094e-16,2.6023163530027635,1.9677451035642728
YULARA_COMBINED,Ridge+day,train,387,lag16:global_horizontal_irradiance,0.23725646890572347,0.23725646890572347,False,False,0.9999855768537349,0.17569736877563294,0.0,1.0,-2.3058589062354514e-17,3.4743104583247972,1.3022530353760744
YULARA_COMBINED,Ridge+day,train,388,lag16:power_missing,0.006577808643541032,0.006577808643541032,False,False,4.3269438795378825e-05,4.3269438795378825e-05,0.0,1.0,-5.431578756910174e-18,152.01973556088396,0.11516481026180143
YULARA_COMBINED,Ridge+day,train,389,lag16:temperature_missing,0.007595344404710619,0.007595344404710619,False,False,5.76925850605051e-05,5.76925850605051e-05,0.0,1.0,2.510824142345269e-18,131.652003402871,0.31367786202372555
YULARA_COMBINED,Ridge+day,train,390,lag16:ghi_missing,0.007595344404710619,0.007595344404710619,False,False,5.76925850605051e-05,5.76925850605051e-05,0.0,1.0,2.510824142345269e-18,131.652003402871,0.31367786202390596
YULARA_COMBINED,Ridge+day,train,391,lag16:isolation_forest_flag,0.09997134130837099,0.09997134130837099,False,False,0.010096202385588393,0.010096202385588393,0.0,1.0,3.033485494425305e-17,9.901875724173395,0.43564671461271354
YULARA_COMBINED,Ridge+day,train,392,lag15:historical_ac_active_power,0.288598403701942,0.288598403701942,False,False,0.9999855768537349,0.20976035073918825,0.0,1.0,4.611717812470902e-16,2.738198268334685,1.9899377253130182
YULARA_COMBINED,Ridge+day,train,393,lag15:ambient_temperature,0.20698757646656937,0.20698757646656937,False,False,0.9999855768537349,0.5386691004442135,0.0,1.0,8.198609444392716e-17,2.6024223754859706,1.9665278159688235
YULARA_COMBINED,Ridge+day,train,394,lag15:global_horizontal_irradiance,0.23724760633083036,0.23724760633083036,False,False,0.9999855768537349,0.1756916288361859,0.0,1.0,6.056722727045119e-17,3.4744644378597265,1.4236191278053099
YULARA_COMBINED,Ridge+day,train,395,lag15:power_missing,0.006577808643541032,0.006577808643541032,False,False,4.3269438795378825e-05,4.3269438795378825e-05,0.0,1.0,-5.431578756910174e-18,152.01973556088396,0.10925960971196154
YULARA_COMBINED,Ridge+day,train,396,lag15:temperature_missing,0.007595344404710619,0.007595344404710619,False,False,5.76925850605051e-05,5.76925850605051e-05,0.0,1.0,2.510824142345269e-18,131.652003402871,0.3188306589720663
YULARA_COMBINED,Ridge+day,train,397,lag15:ghi_missing,0.007595344404710619,0.007595344404710619,False,False,5.76925850605051e-05,5.76925850605051e-05,0.0,1.0,2.510824142345269e-18,131.652003402871,0.3188306589719024
YULARA_COMBINED,Ridge+day,train,398,lag15:isolation_forest_flag,0.09997134130837099,0.09997134130837099,False,False,0.010096202385588393,0.010096202385588393,0.0,1.0,3.033485494425305e-17,9.901875724173395,0.42924311519844993
YULARA_COMBINED,Ridge+day,train,399,lag14:historical_ac_active_power,0.28859002526689387,0.28859002526689387,False,False,0.9999855768537349,0.20975463536666705,0.0,1.0,4.624015726637492e-16,2.738297569025465,2.0539769818022178
YULARA_COMBINED,Ridge+day,train,400,lag14:ambient_temperature,0.20697857351508717,0.20697857351508717,False,False,0.9999855768537349,0.5386680081022481,0.0,1.0,4.263276911084212e-17,2.6025302955476373,1.9561839258225586
YULARA_COMBINED,Ridge+day,train,401,lag14:global_horizontal_irradiance,0.23723896785813364,0.23723896785813364,False,False,0.9999855768537349,0.17568589237967144,0.0,1.0,1.5372392708236342e-18,3.4746151320016683,1.4020132841410577
YULARA_COMBINED,Ridge+day,train,402,lag14:power_missing,0.006577808643541032,0.006577808643541032,False,False,4.3269438795378825e-05,4.3269438795378825e-05,0.0,1.0,-5.431578756910174e-18,152.01973556088396,0.10650515596955787
YULARA_COMBINED,Ridge+day,train,403,lag14:temperature_missing,0.007595344404710619,0.007595344404710619,False,False,5.76925850605051e-05,5.76925850605051e-05,0.0,1.0,2.920754614564905e-18,131.652003402871,0.31593097333206754
YULARA_COMBINED,Ridge+day,train,404,lag14:ghi_missing,0.007595344404710619,0.007595344404710619,False,False,5.76925850605051e-05,5.76925850605051e-05,0.0,1.0,2.920754614564905e-18,131.652003402871,0.3159309733318003
YULARA_COMBINED,Ridge+day,train,405,lag14:isolation_forest_flag,0.09997134130837099,0.09997134130837099,False,False,0.010096202385588393,0.010096202385588393,0.0,1.0,3.033485494425305e-17,9.901875724173395,0.4416729069036048
YULARA_COMBINED,Ridge+day,train,406,lag13:historical_ac_active_power,0.2885846785347169,0.2885846785347169,False,False,0.9999855768537349,0.20975080845085609,0.0,1.0,3.656579812199151e-16,2.7383615636201437,2.0762848107721834
YULARA_COMBINED,Ridge+day,train,407,lag13:ambient_temperature,0.20696949967717196,0.20696949967717196,False,False,0.9999855768537349,0.5386667229919171,0.0,1.0,-2.1972273310972477e-16,2.602638185008524,1.9411723970286443
YULARA_COMBINED,Ridge+day,train,408,lag13:global_horizontal_irradiance,0.23723228091753287,0.23723228091753287,False,False,0.9999855768537349,0.17568148307335055,0.0,1.0,7.307010667315008e-17,3.474731658518263,1.3938313717461066
YULARA_COMBINED,Ridge+day,train,409,lag13:power_missing,0.006577808643541032,0.006577808643541032,False,False,4.3269438795378825e-05,4.3269438795378825e-05,0.0,1.0,-5.431578756910174e-18,152.01973556088396,0.11817146443794607
YULARA_COMBINED,Ridge+day,train,410,lag13:temperature_missing,0.007595344404710619,0.007595344404710619,False,False,5.76925850605051e-05,5.76925850605051e-05,0.0,1.0,2.920754614564905e-18,131.652003402871,0.3146806587643823
YULARA_COMBINED,Ridge+day,train,411,lag13:ghi_missing,0.007595344404710619,0.007595344404710619,False,False,5.76925850605051e-05,5.76925850605051e-05,0.0,1.0,2.920754614564905e-18,131.652003402871,0.3146806587647326
YULARA_COMBINED,Ridge+day,train,412,lag13:isolation_forest_flag,0.09997134130837099,0.09997134130837099,False,False,0.010096202385588393,0.010096202385588393,0.0,1.0,3.033485494425305e-17,9.901875724173395,0.44142650721052396
YULARA_COMBINED,Ridge+day,train,413,lag12:historical_ac_active_power,0.28858029236912053,0.28858029236912053,False,False,0.9999855768537349,0.20974755669670558,0.0,1.0,3.8410485246979874e-16,2.7384144524065057,2.1589952065947595
YULARA_COMBINED,Ridge+day,train,414,lag12:ambient_temperature,0.2069602706992729,0.2069602706992729,False,False,0.9999855768537349,0.5386652052338675,0.0,1.0,-2.9842938377589486e-16,2.60274691086283,1.9087361482556522
YULARA_COMBINED,Ridge+day,train,415,lag12:global_horizontal_irradiance,0.23722469006402716,0.23722469006402716,False,False,0.9999855768537349,0.17567615050195753,0.0,1.0,1.7729492923499246e-17,3.4748653239911778,1.4403727592405753
YULARA_COMBINED,Ridge+day,train,416,lag12:power_missing,0.006577808643541031,0.006577808643541031,False,False,4.3269438795378825e-05,4.3269438795378825e-05,0.0,1.0,-5.124130902745447e-18,152.019735560884,0.11452903210116956
YULARA_COMBINED,Ridge+day,train,417,lag12:temperature_missing,0.007595344404710619,0.007595344404710619,False,False,5.76925850605051e-05,5.76925850605051e-05,0.0,1.0,2.920754614564905e-18,131.652003402871,0.3084878350140081
YULARA_COMBINED,Ridge+day,train,418,lag12:ghi_missing,0.007595344404710619,0.007595344404710619,False,False,5.76925850605051e-05,5.76925850605051e-05,0.0,1.0,2.920754614564905e-18,131.652003402871,0.3084878350146832
YULARA_COMBINED,Ridge+day,train,419,lag12:isolation_forest_flag,0.09997134130837099,0.09997134130837099,False,False,0.010096202385588393,0.010096202385588393,0.0,1.0,3.033485494425305e-17,9.901875724173395,0.45228598381831897
YULARA_COMBINED,Ridge+day,train,420,lag11:historical_ac_active_power,0.2885760746625883,0.2885760746625883,False,False,0.9999855768537349,0.20974427966729137,0.0,1.0,4.591221288859921e-16,2.7384658317800574,2.1948549968210007
YULARA_COMBINED,Ridge+day,train,421,lag11:ambient_temperature,0.2069511982388619,0.2069511982388619,False,False,0.9999855768537349,0.5386637428662794,0.0,1.0,1.2789830733252636e-16,2.602853945520802,1.8696391622487865
YULARA_COMBINED,Ridge+day,train,422,lag11:global_horizontal_irradiance,0.23721843330120623,0.23721843330120623,False,False,0.9999855768537349,0.17567166371947945,0.0,1.0,-2.2956106444299602e-17,3.474975889558448,1.4498253358756812
YULARA_COMBINED,Ridge+day,train,423,lag11:power_missing,0.006577808643541031,0.006577808643541031,False,False,4.3269438795378825e-05,4.3269438795378825e-05,0.0,1.0,-5.943991847184719e-18,152.019735560884,0.1134960026039676
YULARA_COMBINED,Ridge+day,train,424,lag11:temperature_missing,0.007595344404710619,0.007595344404710619,False,False,5.76925850605051e-05,5.76925850605051e-05,0.0,1.0,2.920754614564905e-18,131.652003402871,0.3134250067137624
YULARA_COMBINED,Ridge+day,train,425,lag11:ghi_missing,0.007595344404710619,0.007595344404710619,False,False,5.76925850605051e-05,5.76925850605051e-05,0.0,1.0,2.920754614564905e-18,131.652003402871,0.31342500671371737
YULARA_COMBINED,Ridge+day,train,426,lag11:isolation_forest_flag,0.09997134130837099,0.09997134130837099,False,False,0.010096202385588393,0.010096202385588393,0.0,1.0,3.033485494425305e-17,9.901875724173395,0.5322291020274402
YULARA_COMBINED,Ridge+day,train,427,lag10:historical_ac_active_power,0.2885679236597996,0.2885679236597996,False,False,0.9999855768537349,0.20973813394019858,0.0,1.0,4.3288657866393537e-16,2.7385644808931096,2.25171783488223
YULARA_COMBINED,Ridge+day,train,428,lag10:ambient_temperature,0.20694216291522483,0.20694216291522483,False,False,0.9999855768537349,0.5386622838228842,0.0,1.0,-1.6069274511009723e-16,2.602960538513124,1.8355673078768358
YULARA_COMBINED,Ridge+day,train,429,lag10:global_horizontal_irradiance,0.2372126292864377,0.2372126292864377,False,False,0.9999855768537349,0.17566732144832234,0.0,1.0,4.078808198585376e-17,3.4750792191434465,1.4562533394828296
YULARA_COMBINED,Ridge+day,train,430,lag10:power_missing,0.006577808643541031,0.006577808643541031,False,False,4.3269438795378825e-05,4.3269438795378825e-05,0.0,1.0,-5.943991847184719e-18,152.019735560884,0.11619242595548461
YULARA_COMBINED,Ridge+day,train,431,lag10:temperature_missing,0.007595344404710619,0.007595344404710619,False,False,5.76925850605051e-05,5.76925850605051e-05,0.0,1.0,2.920754614564905e-18,131.652003402871,0.31163449662670084
YULARA_COMBINED,Ridge+day,train,432,lag10:ghi_missing,0.007595344404710619,0.007595344404710619,False,False,5.76925850605051e-05,5.76925850605051e-05,0.0,1.0,2.920754614564905e-18,131.652003402871,0.31163449662638193
YULARA_COMBINED,Ridge+day,train,433,lag10:isolation_forest_flag,0.09997134130837099,0.09997134130837099,False,False,0.010096202385588393,0.010096202385588393,0.0,1.0,3.033485494425305e-17,9.901875724173395,0.47026098002683264
YULARA_COMBINED,Ridge+day,train,434,lag9:historical_ac_active_power,0.2885631000981099,0.2885631000981099,False,False,0.9999855768537349,0.2097339521002482,0.0,1.0,4.410851881083281e-16,2.7386247501190053,2.1391573987792425
YULARA_COMBINED,Ridge+day,train,435,lag9:ambient_temperature,0.2069328886142752,0.2069328886142752,False,False,0.9999855768537349,0.5386605987767172,0.0,1.0,2.2956106444299605e-16,2.6030690548218534,1.760013612182136
YULARA_COMBINED,Ridge+day,train,436,lag9:global_horizontal_irradiance,0.23720553767045394,0.23720553767045394,False,False,0.9999855768537349,0.1756617994232125,0.0,1.0,6.138708821489046e-17,3.4752063913534266,1.4813700618795287
YULARA_COMBINED,Ridge+day,train,437,lag9:power_missing,0.006577808643541031,0.006577808643541031,False,False,4.3269438795378825e-05,4.3269438795378825e-05,0.0,1.0,-5.943991847184719e-18,152.019735560884,0.12322871662025982
YULARA_COMBINED,Ridge+day,train,438,lag9:temperature_missing,0.007595344404710619,0.007595344404710619,False,False,5.76925850605051e-05,5.76925850605051e-05,0.0,1.0,2.920754614564905e-18,131.652003402871,0.3165591337057618
YULARA_COMBINED,Ridge+day,train,439,lag9:ghi_missing,0.007595344404710619,0.007595344404710619,False,False,5.76925850605051e-05,5.76925850605051e-05,0.0,1.0,2.920754614564905e-18,131.652003402871,0.31655913370586086
YULARA_COMBINED,Ridge+day,train,440,lag9:isolation_forest_flag,0.09997134130837099,0.09997134130837099,False,False,0.010096202385588393,0.010096202385588393,0.0,1.0,3.033485494425305e-17,9.901875724173395,0.4692573400684996
YULARA_COMBINED,Ridge+day,train,441,lag8:historical_ac_active_power,0.28855241338836357,0.28855241338836357,False,False,0.9999855768537349,0.20972617476044983,0.0,1.0,4.009120018308038e-16,2.73875312966424,2.4467470900122006
YULARA_COMBINED,Ridge+day,train,442,lag8:ambient_temperature,0.20692357856052418,0.20692357856052418,False,False,0.9999855768537349,0.538658740906267,0.0,1.0,-2.2628162066523896e-16,2.6031771954335876,1.6213316299365568
YULARA_COMBINED,Ridge+day,train,443,lag8:global_horizontal_irradiance,0.23720052909151262,0.23720052909151262,False,False,0.9999855768537349,0.17565767266099983,0.0,1.0,-3.689374249976722e-17,3.475297169429865,1.5354734944804616
YULARA_COMBINED,Ridge+day,train,444,lag8:power_missing,0.0065778086435410305,0.0065778086435410305,False,False,4.3269438795378825e-05,4.3269438795378825e-05,0.0,1.0,-5.943991847184719e-18,152.01973556088402,0.1332499105990197
YULARA_COMBINED,Ridge+day,train,445,lag8:temperature_missing,0.007595344404710619,0.007595344404710619,False,False,5.76925850605051e-05,5.76925850605051e-05,0.0,1.0,3.3306850867845406e-18,131.652003402871,0.3437761410814884
YULARA_COMBINED,Ridge+day,train,446,lag8:ghi_missing,0.007595344404710619,0.007595344404710619,False,False,5.76925850605051e-05,5.76925850605051e-05,0.0,1.0,3.3306850867845406e-18,131.652003402871,0.34377614108162197
YULARA_COMBINED,Ridge+day,train,447,lag8:isolation_forest_flag,0.09997134130837099,0.09997134130837099,False,False,0.010096202385588393,0.010096202385588393,0.0,1.0,3.033485494425305e-17,9.901875724173395,0.5722753462383298
YULARA_COMBINED,Ridge+day,train,448,lag7:historical_ac_active_power,0.28854623841406957,0.28854623841406957,False,False,0.9999855768537349,0.20972068362451504,0.0,1.0,4.64861155497067e-16,2.7388307701361145,2.734177119582184
YULARA_COMBINED,Ridge+day,train,449,lag7:ambient_temperature,0.206914439528442,0.206914439528442,False,False,0.9999855768537349,0.5386568331825958,0.0,1.0,2.1644328933196768e-16,2.60328295313848,1.4661270848236951
YULARA_COMBINED,Ridge+day,train,450,lag7:global_horizontal_irradiance,0.23719509962252677,0.23719509962252677,False,False,0.9999855768537349,0.1756529410590695,0.0,1.0,-3.09497506525825e-17,3.475396668197613,1.5541575574672422
YULARA_COMBINED,Ridge+day,train,451,lag7:power_missing,0.0065778086435410305,0.0065778086435410305,False,False,4.3269438795378825e-05,4.3269438795378825e-05,0.0,1.0,-5.943991847184719e-18,152.01973556088402,0.17544609920850956
YULARA_COMBINED,Ridge+day,train,452,lag7:temperature_missing,0.007595344404710619,0.007595344404710619,False,False,5.76925850605051e-05,5.76925850605051e-05,0.0,1.0,3.3306850867845406e-18,131.652003402871,0.34977633930290153
YULARA_COMBINED,Ridge+day,train,453,lag7:ghi_missing,0.007595344404710619,0.007595344404710619,False,False,5.76925850605051e-05,5.76925850605051e-05,0.0,1.0,3.3306850867845406e-18,131.652003402871,0.3497763393032593
YULARA_COMBINED,Ridge+day,train,454,lag7:isolation_forest_flag,0.09997134130837099,0.09997134130837099,False,False,0.010096202385588393,0.010096202385588393,0.0,1.0,3.033485494425305e-17,9.901875724173395,0.5739532108745143
YULARA_COMBINED,Ridge+day,train,455,lag6:historical_ac_active_power,0.28853952376725084,0.28853952376725084,False,False,0.9999855768537349,0.20971456329397495,0.0,1.0,4.168992902473696e-16,2.738915717291838,3.548214408684459
YULARA_COMBINED,Ridge+day,train,456,lag6:ambient_temperature,0.20690552111932797,0.20690552111932797,False,False,0.9999855768537349,0.5386550262722126,0.0,1.0,-7.870665066617007e-17,2.603386431440637,1.3932388141545438
YULARA_COMBINED,Ridge+day,train,457,lag6:global_horizontal_irradiance,0.23719235174010275,0.23719235174010275,False,False,0.9999855768537349,0.17565076827214565,0.0,1.0,-8.198609444392715e-19,3.4754460912429135,1.917817683170718
YULARA_COMBINED,Ridge+day,train,458,lag6:power_missing,0.0065778086435410305,0.0065778086435410305,False,False,4.3269438795378825e-05,4.3269438795378825e-05,0.0,1.0,-5.943991847184719e-18,152.01973556088402,0.16770108385040694
YULARA_COMBINED,Ridge+day,train,459,lag6:temperature_missing,0.007595344404710619,0.007595344404710619,False,False,5.76925850605051e-05,5.76925850605051e-05,0.0,1.0,3.3306850867845406e-18,131.652003402871,0.34350053709088957
YULARA_COMBINED,Ridge+day,train,460,lag6:ghi_missing,0.007595344404710619,0.007595344404710619,False,False,5.76925850605051e-05,5.76925850605051e-05,0.0,1.0,3.3306850867845406e-18,131.652003402871,0.3435005370905025
YULARA_COMBINED,Ridge+day,train,461,lag6:isolation_forest_flag,0.099971341308371,0.099971341308371,False,False,0.010096202385588393,0.010096202385588393,0.0,1.0,8.198609444392715e-19,9.901875724173394,0.6273837894568648
YULARA_COMBINED,Ridge+day,train,462,lag5:historical_ac_active_power,0.28853512232842143,0.28853512232842143,False,False,0.9999855768537349,0.20970975919721743,0.0,1.0,3.951729752197289e-16,2.738974147844798,4.337870555306426
YULARA_COMBINED,Ridge+day,train,463,lag5:ambient_temperature,0.20689633856521647,0.20689633856521647,False,False,0.9999855768537349,0.5386531407054569,0.0,1.0,-9.51038695549555e-17,2.6034928623720726,1.531576808212011
YULARA_COMBINED,Ridge+day,train,464,lag5:global_horizontal_irradiance,0.23718803150558215,0.23718803150558215,False,False,0.9999855768537349,0.1756463831890873,0.0,1.0,-1.3425222965193071e-17,3.4755278821541706,2.2991412731673826
YULARA_COMBINED,Ridge+day,train,465,lag5:power_missing,0.00657780864354103,0.00657780864354103,False,False,4.3269438795378825e-05,4.3269438795378825e-05,0.0,1.0,-5.124130902745447e-18,152.01973556088404,0.15894050285263847
YULARA_COMBINED,Ridge+day,train,466,lag5:temperature_missing,0.007595344404710619,0.007595344404710619,False,False,5.76925850605051e-05,5.76925850605051e-05,0.0,1.0,3.3306850867845406e-18,131.652003402871,0.34270812098245307
YULARA_COMBINED,Ridge+day,train,467,lag5:ghi_missing,0.007595344404710619,0.007595344404710619,False,False,5.76925850605051e-05,5.76925850605051e-05,0.0,1.0,3.3306850867845406e-18,131.652003402871,0.342708120981736
YULARA_COMBINED,Ridge+day,train,468,lag5:isolation_forest_flag,0.099971341308371,0.099971341308371,False,False,0.010096202385588393,0.010096202385588393,0.0,1.0,8.198609444392715e-19,9.901875724173394,0.6250032686222075
YULARA_COMBINED,Ridge+day,train,469,lag4:historical_ac_active_power,0.28853169158053654,0.28853169158053654,False,False,0.9999855768537349,0.20970522686000256,0.0,1.0,4.28787273941739e-16,2.7390224235364666,5.631522265766313
YULARA_COMBINED,Ridge+day,train,470,lag4:ambient_temperature,0.20688722629969156,0.20688722629969156,False,False,0.9999855768537349,0.5386513083158997,0.0,1.0,2.230021768874819e-16,2.6035986752300655,2.0081982839429786
YULARA_COMBINED,Ridge+day,train,471,lag4:global_horizontal_irradiance,0.2371849604060231,0.2371849604060231,False,False,0.9999855768537349,0.17564282220929459,0.0,1.0,-3.966077318724976e-17,3.4755878972239067,3.1220726838922035
YULARA_COMBINED,Ridge+day,train,472,lag4:power_missing,0.00657780864354103,0.00657780864354103,False,False,4.3269438795378825e-05,4.3269438795378825e-05,0.0,1.0,-5.124130902745447e-18,152.01973556088404,0.1529611198434079
YULARA_COMBINED,Ridge+day,train,473,lag4:temperature_missing,0.007595344404710619,0.007595344404710619,False,False,5.76925850605051e-05,5.76925850605051e-05,0.0,1.0,3.3306850867845406e-18,131.652003402871,0.34232186674182824
YULARA_COMBINED,Ridge+day,train,474,lag4:ghi_missing,0.007595344404710619,0.007595344404710619,False,False,5.76925850605051e-05,5.76925850605051e-05,0.0,1.0,3.3306850867845406e-18,131.652003402871,0.34232186674157883
YULARA_COMBINED,Ridge+day,train,475,lag4:isolation_forest_flag,0.099971341308371,0.099971341308371,False,False,0.010096202385588393,0.010096202385588393,0.0,1.0,4.099304722196358e-18,9.901875724173394,0.5670722688983572
YULARA_COMBINED,Ridge+day,train,476,lag3:historical_ac_active_power,0.28853223333021744,0.28853223333021744,False,False,0.9999855768537349,0.20970483126898362,0.0,1.0,3.951729752197289e-16,2.739018651779348,7.62472297293588
YULARA_COMBINED,Ridge+day,train,477,lag3:ambient_temperature,0.20687808931663398,0.20687808931663398,False,False,0.9999855768537349,0.5386493385533816,0.0,1.0,-2.0332551422093935e-16,2.6037041444681965,2.851341745576749
YULARA_COMBINED,Ridge+day,train,478,lag3:global_horizontal_irradiance,0.2371832393520981,0.2371832393520981,False,False,0.9999855768537349,0.1756404523475599,0.0,1.0,-5.84150922912981e-18,3.47562310854807,3.9213835868481666
YULARA_COMBINED,Ridge+day,train,479,lag3:power_missing,0.00657780864354103,0.00657780864354103,False,False,4.3269438795378825e-05,4.3269438795378825e-05,0.0,1.0,-5.124130902745447e-18,152.01973556088404,0.14610278472866417
YULARA_COMBINED,Ridge+day,train,480,lag3:temperature_missing,0.007595344404710619,0.007595344404710619,False,False,5.76925850605051e-05,5.76925850605051e-05,0.0,1.0,3.3306850867845406e-18,131.652003402871,0.3486447617249022
YULARA_COMBINED,Ridge+day,train,481,lag3:ghi_missing,0.007595344404710619,0.007595344404710619,False,False,5.76925850605051e-05,5.76925850605051e-05,0.0,1.0,3.3306850867845406e-18,131.652003402871,0.348644761725445
YULARA_COMBINED,Ridge+day,train,482,lag3:isolation_forest_flag,0.099971341308371,0.099971341308371,False,False,0.010096202385588393,0.010096202385588393,0.0,1.0,4.099304722196358e-18,9.901875724173394,0.5975610175799697
YULARA_COMBINED,Ridge+day,train,483,lag2:historical_ac_active_power,0.2885221571795092,0.2885221571795092,False,False,0.9999855768537349,0.20969624575992163,0.0,1.0,4.193588730806874e-16,2.739144064240366,10.010245489074086
YULARA_COMBINED,Ridge+day,train,484,lag2:ambient_temperature,0.2068689594569544,0.2068689594569544,False,False,0.9999855768537349,0.5386473820818317,0.0,1.0,1.6069274511009723e-16,2.603809597611063,4.043425353402262
YULARA_COMBINED,Ridge+day,train,485,lag2:global_horizontal_irradiance,0.2371823709898272,0.2371823709898272,False,False,0.9999855768537349,0.17563897401395456,0.0,1.0,8.198609444392715e-18,3.4756420662537457,5.432423598381265
YULARA_COMBINED,Ridge+day,train,486,lag2:power_missing,0.00657780864354103,0.00657780864354103,False,False,4.3269438795378825e-05,4.3269438795378825e-05,0.0,1.0,-5.124130902745447e-18,152.01973556088404,0.14507148603404063
YULARA_COMBINED,Ridge+day,train,487,lag2:temperature_missing,0.007595344404710619,0.007595344404710619,False,False,5.76925850605051e-05,5.76925850605051e-05,0.0,1.0,3.7406155590041765e-18,131.652003402871,0.34217739993512303
YULARA_COMBINED,Ridge+day,train,488,lag2:ghi_missing,0.007595344404710619,0.007595344404710619,False,False,5.76925850605051e-05,5.76925850605051e-05,0.0,1.0,3.7406155590041765e-18,131.652003402871,0.3421773999343543
YULARA_COMBINED,Ridge+day,train,489,lag2:isolation_forest_flag,0.099971341308371,0.099971341308371,False,False,0.010096202385588393,0.010096202385588393,0.0,1.0,8.198609444392715e-19,9.901875724173394,0.5922538072137451
YULARA_COMBINED,Ridge+day,train,490,lag1:historical_ac_active_power,0.288522741047449,0.288522741047449,False,False,0.9999855768537349,0.20969455525695657,0.0,1.0,4.640412945526277e-16,2.739144380349117,12.099302671480096
YULARA_COMBINED,Ridge+day,train,491,lag1:ambient_temperature,0.20686000091563855,0.20686000091563855,False,False,0.9999855768537349,0.5386452372781135,0.0,1.0,-2.0988440177645352e-16,2.6039119931058266,5.632899269072306
YULARA_COMBINED,Ridge+day,train,492,lag1:global_horizontal_irradiance,0.23717934888424352,0.23717934888424352,False,False,0.9999855768537349,0.17563447110565492,0.0,1.0,2.9719959235923595e-17,3.475705337637471,7.768296715089482
YULARA_COMBINED,Ridge+day,train,493,lag1:power_missing,0.006577808643541029,0.006577808643541029,False,False,4.3269438795378825e-05,4.3269438795378825e-05,0.0,1.0,-5.124130902745447e-18,152.01973556088404,0.1974710609842329
YULARA_COMBINED,Ridge+day,train,494,lag1:temperature_missing,0.007595344404710619,0.007595344404710619,False,False,5.76925850605051e-05,5.76925850605051e-05,0.0,1.0,3.7406155590041765e-18,131.652003402871,0.3484930631137381
YULARA_COMBINED,Ridge+day,train,495,lag1:ghi_missing,0.007595344404710619,0.007595344404710619,False,False,5.76925850605051e-05,5.76925850605051e-05,0.0,1.0,3.7406155590041765e-18,131.652003402871,0.3484930631137702
YULARA_COMBINED,Ridge+day,train,496,lag1:isolation_forest_flag,0.099971341308371,0.099971341308371,False,False,0.010096202385588393,0.010096202385588393,0.0,1.0,8.198609444392715e-19,9.901875724173394,0.8122689206961418
YULARA_COMBINED,Ridge+day,train,497,lag0:historical_ac_active_power,0.288524607577755,0.288524607577755,False,False,0.9999855768537349,0.20969498397700964,0.0,1.0,4.345263005528139e-16,2.7391251743060074,30.353632799484473
YULARA_COMBINED,Ridge+day,train,498,lag0:ambient_temperature,0.20685087947491576,0.20685087947491576,False,False,0.9999855768537349,0.5386429141090023,0.0,1.0,-6.558887555514172e-18,2.604015585896129,7.615469773085634
YULARA_COMBINED,Ridge+day,train,499,lag0:global_horizontal_irradiance,0.2371794204501368,0.2371794204501368,False,False,0.9999855768537349,0.17563381530765673,0.0,1.0,1.4347566527687251e-18,3.4757070538742343,16.672566254083645
YULARA_COMBINED,Ridge+day,train,500,lag0:power_missing,0.0,1.0,True,False,0.0,0.0,0.0,0.0,0.0,0.0,1.5986087774609967e-13
YULARA_COMBINED,Ridge+day,train,501,lag0:temperature_missing,0.007595344404710619,0.007595344404710619,False,False,5.76925850605051e-05,5.76925850605051e-05,0.0,1.0,3.7406155590041765e-18,131.652003402871,0.34290151085505194
YULARA_COMBINED,Ridge+day,train,502,lag0:ghi_missing,0.007595344404710619,0.007595344404710619,False,False,5.76925850605051e-05,5.76925850605051e-05,0.0,1.0,3.7406155590041765e-18,131.652003402871,0.34290151085601633
YULARA_COMBINED,Ridge+day,train,503,lag0:isolation_forest_flag,0.099971341308371,0.099971341308371,False,False,0.010096202385588393,0.010096202385588393,0.0,1.0,4.099304722196358e-18,9.901875724173394,1.1234626417382627
YULARA_COMBINED,Ridge+day,train,504,day_power_lead1,31.678241586345244,31.678241586345244,False,False,1.0,22.89229416072913,-0.049791294150054,109.90315437317,6.6412835804303195e-15,2.746707388264464,11.97005796935452
YULARA_COMBINED,Ridge+day,train,505,day_power_lead2,31.677926988676827,31.677926988676827,False,False,1.0,22.89160358543432,-0.049791294150054,109.90315437317,6.780250010512776e-15,2.7467564660666683,6.850095701525211
YULARA_COMBINED,Ridge+day,train,506,day_power_lead3,31.677655615638805,31.677655615638805,False,False,1.0,22.890905541035497,-0.049791294150054,109.90315437317,6.708922108346559e-15,2.7468020325714386,5.416033692978117
YULARA_COMBINED,Ridge+day,train,507,day_power_lead4,31.67744430377957,31.67744430377957,False,False,1.0,22.89019091736902,-0.049791294150054,109.90315437317,6.576924496291837e-15,2.746842915147018,4.371463804866744
YULARA_COMBINED,Ridge+day,train,508,day_power_lead5,31.677315495855197,31.677315495855197,False,False,1.0,22.889506875404958,-0.049791294150054,109.90315437317,6.935613659484018e-15,2.7468756785640664,3.6168321042613187
YULARA_COMBINED,Ridge+day,train,509,day_power_lead6,31.67722894956611,31.67722894956611,False,False,1.0,22.88881039315907,-0.049791294150054,109.90315437317,7.015550101566847e-15,2.746905170226482,3.133999238723312
YULARA_COMBINED,Ridge+day,train,510,day_power_lead7,31.67719685555885,31.67719685555885,False,False,1.0,22.888133328592975,-0.049791294150054,109.90315437317,6.694984472291092e-15,2.7469293271543833,2.880073087429218
YULARA_COMBINED,Ridge+day,train,511,day_power_lead8,31.677219552722935,31.677219552722935,False,False,1.0,22.887450406710897,-0.049791294150054,109.90315437317,6.893800751317615e-15,2.7469489177114204,2.873891785441881
YULARA_COMBINED,Ridge+day,train,512,day_power_lead9,31.677268950136256,31.677268950136256,False,False,1.0,22.886773625619735,-0.049791294150054,109.90315437317,6.862646035428923e-15,2.746965999010978,2.9880889963810526
YULARA_COMBINED,Ridge+day,train,513,day_power_lead10,31.677395197201907,31.677395197201907,False,False,1.0,22.88611836396828,-0.049791294150054,109.90315437317,6.829031736706912e-15,2.7469757367199255,3.127906483266746
YULARA_COMBINED,Ridge+day,train,514,day_power_lead11,31.677570365290542,31.677570365290542,False,False,1.0,22.885483743814554,-0.049791294150054,109.90315437317,6.9208561624841105e-15,2.7469805804520244,3.5770955116954966
YULARA_COMBINED,Ridge+day,train,515,day_power_lead12,31.677881469275242,31.677881469275242,False,False,1.0,22.884933353257964,-0.049791294150054,109.90315437317,6.834770763317987e-15,2.746970977346205,3.6470550497942384
YULARA_COMBINED,Ridge+day,train,516,day_power_lead13,31.678179269765874,31.678179269765874,False,False,1.0,22.884370742680918,-0.049791294150054,109.90315437317,6.804025977901515e-15,2.746962913791618,3.8442715017197853
YULARA_COMBINED,Ridge+day,train,517,day_power_lead14,31.67852042583469,31.67852042583469,False,False,1.0,22.88384410627604,-0.049791294150054,109.90315437317,6.8987199169842505e-15,2.7469499552740335,3.945561217576116
YULARA_COMBINED,Ridge+day,train,518,day_power_lead15,31.678820736554055,31.678820736554055,False,False,1.0,22.883306263946295,-0.049791294150054,109.90315437317,6.867155270623338e-15,2.746940892557029,3.9477328729563435
YULARA_COMBINED,Ridge+day,train,519,day_power_lead16,31.679210114805862,31.679210114805862,False,False,1.0,22.88283698658166,-0.049791294150054,109.90315437317,6.953240669789462e-15,2.7469219425366296,4.075764274657134
YULARA_COMBINED,Ridge+day,train,520,day_power_lead17,31.679655319525423,31.679655319525423,False,False,1.0,22.88241353736408,-0.049791294150054,109.90315437317,6.810584865457029e-15,2.7468967057281017,4.502101006713856
YULARA_COMBINED,Ridge+day,train,521,day_power_lead18,31.680145333578373,31.680145333578373,False,False,1.0,22.88204181244411,-0.049791294150054,109.90315437317,6.85403749551231e-15,2.746865951668814,4.591750909732724
YULARA_COMBINED,Ridge+day,train,522,day_power_lead19,31.680676264630552,31.680676264630552,False,False,1.0,22.881711722146555,-0.049791294150054,109.90315437317,6.758113765012916e-15,2.746830336705202,4.718851796146347
YULARA_COMBINED,Ridge+day,train,523,day_power_lead20,31.68123230335234,31.68123230335234,False,False,1.0,22.88142163897891,-0.049791294150054,109.90315437317,6.8286218062346925e-15,2.746791283272877,4.944235124371974
YULARA_COMBINED,Ridge+day,train,524,day_power_lead21,31.681801498351202,31.681801498351202,False,False,1.0,22.881155062195038,-0.049791294150054,109.90315437317,6.816323892068103e-15,2.7467503486348153,5.0097074559335
YULARA_COMBINED,Ridge+day,train,525,day_power_lead22,31.682396267667333,31.682396267667333,False,False,1.0,22.88093907054147,-0.049791294150054,109.90315437317,6.7298285624297604e-15,2.746705601666786,4.714758294345497
YULARA_COMBINED,Ridge+day,train,526,day_power_lead23,31.682988058661824,31.682988058661824,False,False,1.0,22.880740881511162,-0.049791294150054,109.90315437317,6.701543359846606e-15,2.7466605526768793,5.185977228236661
YULARA_COMBINED,Ridge+day,train,527,day_power_lead24,31.68360062526278,31.68360062526278,False,False,1.0,22.880593596018006,-0.049791294150054,109.90315437317,6.906508595956423e-15,2.7466120977350394,5.446786449512896
YULARA_COMBINED,Ridge+day,train,528,day_power_lead25,31.684237779828884,31.684237779828884,False,False,1.0,22.880476455794,-0.049791294150054,109.90315437317,6.8064855607348325e-15,2.7465605618190825,5.363409511437459
YULARA_COMBINED,Ridge+day,train,529,day_power_lead26,31.684893509567424,31.684893509567424,False,False,1.0,22.880403256994864,-0.049791294150054,109.90315437317,6.938483172789555e-15,2.7465060310175375,5.189644792521126
YULARA_COMBINED,Ridge+day,train,530,day_power_lead27,31.685578879382817,31.685578879382817,False,False,1.0,22.880358908833177,-0.049791294150054,109.90315437317,6.949141365067266e-15,2.7464480227931407,5.516306100712346
YULARA_COMBINED,Ridge+day,train,531,day_power_lead28,31.68627912930729,31.68627912930729,False,False,1.0,22.880371716949195,-0.049791294150054,109.90315437317,7.013910379677968e-15,2.7463869235353626,5.806349252300281
YULARA_COMBINED,Ridge+day,train,532,day_power_lead29,31.68696632934961,31.68696632934961,False,False,1.0,22.880372272984136,-0.049791294150054,109.90315437317,6.83190125001245e-15,2.7463273446780687,5.368841870491348
YULARA_COMBINED,Ridge+day,train,533,day_power_lead30,31.687685348421205,31.687685348421205,False,False,1.0,22.880442510729054,-0.049791294150054,109.90315437317,7.012270657789089e-15,2.7462628117385335,5.259422151461074
YULARA_COMBINED,Ridge+day,train,534,day_power_lead31,31.68840410026209,31.68840410026209,False,False,1.0,22.88048788551823,-0.049791294150054,109.90315437317,6.821243057734739e-15,2.7461990894938197,5.293485973682839
YULARA_COMBINED,Ridge+day,train,535,day_power_lead32,31.68912980205275,31.68912980205275,False,False,1.0,22.88059224900235,-0.049791294150054,109.90315437317,6.847478607956796e-15,2.746132906386427,5.3231357289527885
YULARA_COMBINED,Ridge+day,train,536,day_power_lead33,31.68984785898018,31.68984785898018,False,False,1.0,22.88066214776931,-0.049791294150054,109.90315437317,6.849118329845674e-15,2.7460684763351018,5.241362378961879
YULARA_COMBINED,Ridge+day,train,537,day_power_lead34,31.690566856741345,31.690566856741345,False,False,1.0,22.880792294209147,-0.049791294150054,109.90315437317,7.019649406289043e-15,2.746002066556576,5.169297543487726
YULARA_COMBINED,Ridge+day,train,538,day_power_lead35,31.691259806873113,31.691259806873113,False,False,1.0,22.880855614180707,-0.049791294150054,109.90315437317,7.0876978646775026e-15,2.745940025398307,4.989699849939883
YULARA_COMBINED,Ridge+day,train,539,day_power_lead36,31.691941164469128,31.691941164469128,False,False,1.0,22.880958997830593,-0.049791294150054,109.90315437317,6.844199164179039e-15,2.745877727202872,4.828255074904855
YULARA_COMBINED,Ridge+day,train,540,day_power_lead37,31.692613183986925,31.692613183986925,False,False,1.0,22.881020739903708,-0.049791294150054,109.90315437317,6.878633323845488e-15,2.745817554648207,4.972373979245411
YULARA_COMBINED,Ridge+day,train,541,day_power_lead38,31.693272351659434,31.693272351659434,False,False,1.0,22.881134537141392,-0.049791294150054,109.90315437317,7.052443844066614e-15,2.745756855601956,5.021629675557457
YULARA_COMBINED,Ridge+day,train,542,day_power_lead39,31.693896712926175,31.693896712926175,False,False,1.0,22.881199179750972,-0.049791294150054,109.90315437317,7.0417856517889034e-15,2.7457007253364285,5.044107546069745
YULARA_COMBINED,Ridge+day,train,543,day_power_lead40,31.694500464902134,31.694500464902134,False,False,1.0,22.881306640374586,-0.049791294150054,109.90315437317,7.085238281844185e-15,2.7456450316723533,5.024989836381653
YULARA_COMBINED,Ridge+day,train,544,day_power_lead41,31.69504622245254,31.69504622245254,False,False,1.0,22.881359538071532,-0.049791294150054,109.90315437317,6.921266092956331e-15,2.7455960854050776,5.060329320285714
YULARA_COMBINED,Ridge+day,train,545,day_power_lead42,31.6955712405883,31.6955712405883,False,False,1.0,22.88144884728038,-0.049791294150054,109.90315437317,7.134429938510542e-15,2.745547788533078,5.04696300900055
YULARA_COMBINED,Ridge+day,train,546,day_power_lead43,31.69603744551843,31.69603744551843,False,False,1.0,22.881489082447118,-0.049791294150054,109.90315437317,7.131150494732783e-15,2.7455061359106034,5.048728067328835
YULARA_COMBINED,Ridge+day,train,547,day_power_lead44,31.696472915571576,31.696472915571576,False,False,1.0,22.88157299184962,-0.049791294150054,109.90315437317,6.9811159419003975e-15,2.745465768797555,5.131682055075396
YULARA_COMBINED,Ridge+day,train,548,day_power_lead45,31.696852449844627,31.696852449844627,False,False,1.0,22.881610113167213,-0.049791294150054,109.90315437317,7.297582266453956e-15,2.745431723787123,5.215713987443442
YULARA_COMBINED,Ridge+day,train,549,day_power_lead46,31.69719673088295,31.69719673088295,False,False,1.0,22.881714779577806,-0.049791294150054,109.90315437317,6.892570959900956e-15,2.745398602041246,5.153921313060219
YULARA_COMBINED,Ridge+day,train,550,day_power_lead47,31.69745170748632,31.69745170748632,False,False,1.0,22.881779842454524,-0.049791294150054,109.90315437317,6.971277610567126e-15,2.745374465233839,5.129905871824659
YULARA_COMBINED,Ridge+day,train,551,day_power_lead48,31.69767172555828,31.69767172555828,False,False,1.0,22.881883006361537,-0.049791294150054,109.90315437317,7.119672441510633e-15,2.745352154576142,5.054467242408039
YULARA_COMBINED,Ridge+day,train,552,day_power_lead49,31.697803316877213,31.697803316877213,False,False,1.0,22.88196281171645,-0.049791294150054,109.90315437317,7.295122683620638e-15,2.7453382397360047,5.059697181604371
YULARA_COMBINED,Ridge+day,train,553,day_power_lead50,31.697895314630802,31.697895314630802,False,False,1.0,22.882057427067025,-0.049791294150054,109.90315437317,7.10204543120519e-15,2.7453272869488234,5.056470156911286
YULARA_COMBINED,Ridge+day,train,554,day_power_lead51,31.697907470636153,31.697907470636153,False,False,1.0,22.882131485485452,-0.049791294150054,109.90315437317,7.318898651009378e-15,2.745323897746186,5.126529137055265
YULARA_COMBINED,Ridge+day,train,555,day_power_lead52,31.697875940269313,31.697875940269313,False,False,1.0,22.882234309041518,-0.049791294150054,109.90315437317,7.166404515343673e-15,2.745323384699617,5.102180374782806
YULARA_COMBINED,Ridge+day,train,556,day_power_lead53,31.697750583535587,31.697750583535587,False,False,1.0,22.88234888268858,-0.049791294150054,109.90315437317,7.137299451816078e-15,2.7453306272048814,5.164119775053408
YULARA_COMBINED,Ridge+day,train,557,day_power_lead54,31.697590652416626,31.697590652416626,False,False,1.0,22.882476136435457,-0.049791294150054,109.90315437317,7.398015232147766e-15,2.745340464231792,5.132308785799273
YULARA_COMBINED,Ridge+day,train,558,day_power_lead55,31.697354577372053,31.697354577372053,False,False,1.0,22.882591408434678,-0.049791294150054,109.90315437317,7.328736982342648e-15,2.7453572742899293,5.181118158942229
YULARA_COMBINED,Ridge+day,train,559,day_power_lead56,31.69708761783196,31.69708761783196,False,False,1.0,22.88270873307596,-0.049791294150054,109.90315437317,7.309060319676106e-15,2.7453766948335914,5.179552346394829
YULARA_COMBINED,Ridge+day,train,560,day_power_lead57,31.69675964017284,31.69675964017284,False,False,1.0,22.88278475638243,-0.049791294150054,109.90315437317,7.193869856982389e-15,2.745402703767144,5.1861864292800925
YULARA_COMBINED,Ridge+day,train,561,day_power_lead58,31.696410615371207,31.696410615371207,False,False,1.0,22.882886750620337,-0.049791294150054,109.90315437317,7.2692970638708e-15,2.745429716901425,5.137077103024995
YULARA_COMBINED,Ridge+day,train,562,day_power_lead59,31.696009292809546,31.696009292809546,False,False,1.0,22.8829696336519,-0.049791294150054,109.90315437317,7.312339763453863e-15,2.7454618635305437,5.148809445116415
YULARA_COMBINED,Ridge+day,train,563,day_power_lead60,31.69558908638955,31.69558908638955,False,False,1.0,22.88305704201221,-0.049791294150054,109.90315437317,7.265607689620825e-15,2.7454955039319793,5.144651283333809
YULARA_COMBINED,Ridge+day,train,564,day_power_lead61,31.695135419466844,31.695135419466844,False,False,1.0,22.88313219414116,-0.049791294150054,109.90315437317,7.194279787454608e-15,2.7455324303672866,5.12522917125109
YULARA_COMBINED,Ridge+day,train,565,day_power_lead62,31.694679932114735,31.694679932114735,False,False,1.0,22.883209311523288,-0.049791294150054,109.90315437317,7.198379092176803e-15,2.745569453549639,5.126450520570087
YULARA_COMBINED,Ridge+day,train,566,day_power_lead63,31.694213439793078,31.694213439793078,False,False,1.0,22.883275315104473,-0.049791294150054,109.90315437317,7.129510772843905e-15,2.7456077817917883,5.104432421769956
YULARA_COMBINED,Ridge+day,train,567,day_power_lead64,31.693747539287884,31.693747539287884,False,False,1.0,22.883334558639657,-0.049791294150054,109.90315437317,6.9831655942614955e-15,2.745646273185584,5.136814182474557
YULARA_COMBINED,Ridge+day,train,568,day_power_lead65,31.69328662622432,31.69328662622432,False,False,1.0,22.88338045081174,-0.049791294150054,109.90315437317,7.121722093871732e-15,2.74568475490184,5.121560861688662
YULARA_COMBINED,Ridge+day,train,569,day_power_lead66,31.692824118190522,31.692824118190522,False,False,1.0,22.883414694997132,-0.049791294150054,109.90315437317,6.992593995122547e-15,2.745723743445979,5.1155269340323075
YULARA_COMBINED,Ridge+day,train,570,day_power_lead67,31.692368929759294,31.692368929759294,False,False,1.0,22.883425720732653,-0.049791294150054,109.90315437317,6.9909542732336684e-15,2.7457628315921063,5.128078775672046
YULARA_COMBINED,Ridge+day,train,571,day_power_lead68,31.691923530903313,31.691923530903313,False,False,1.0,22.883429784209728,-0.049791294150054,109.90315437317,7.018009684400164e-15,2.7458012923736272,5.146899254356204
YULARA_COMBINED,Ridge+day,train,572,day_power_lead69,31.691496836444866,31.691496836444866,False,False,1.0,22.883410373998526,-0.049791294150054,109.90315437317,6.938893103261775e-15,2.7458388743285855,5.17998415752773
YULARA_COMBINED,Ridge+day,train,573,day_power_lead70,31.691074443226505,31.691074443226505,False,False,1.0,22.883379908847658,-0.049791294150054,109.90315437317,6.813044448290347e-15,2.745876433448653,5.184912064839328
YULARA_COMBINED,Ridge+day,train,574,day_power_lead71,31.69068123752747,31.69068123752747,False,False,1.0,22.883329149857197,-0.049791294150054,109.90315437317,6.7749209143739204e-15,2.7459121049207953,5.199786916122581
YULARA_COMBINED,Ridge+day,train,575,day_power_lead72,31.69030370783831,31.69030370783831,False,False,1.0,22.88327269801928,-0.049791294150054,109.90315437317,6.881092906678806e-15,2.7459465986003586,5.17655862355416
YULARA_COMBINED,Ridge+day,train,576,day_power_lead73,31.689966638603362,31.689966638603362,False,False,1.0,22.88319666825631,-0.049791294150054,109.90315437317,6.799926673179318e-15,2.7459782049410526,5.1926291936866456
YULARA_COMBINED,Ridge+day,train,577,day_power_lead74,31.689647183203373,31.689647183203373,False,False,1.0,22.883115592995424,-0.049791294150054,109.90315437317,6.693754680874433e-15,2.746008444874655,5.219830076778377
YULARA_COMBINED,Ridge+day,train,578,day_power_lead75,31.68938237576147,31.68938237576147,False,False,1.0,22.88302786040488,-0.049791294150054,109.90315437317,6.9581598354560976e-15,2.746034159988084,5.20368606094013
YULARA_COMBINED,Ridge+day,train,579,day_power_lead76,31.689129382842257,31.689129382842257,False,False,1.0,22.88293652080097,-0.049791294150054,109.90315437317,6.9774265676504205e-15,2.7460589655544596,5.211899565241973
YULARA_COMBINED,Ridge+day,train,580,day_power_lead77,31.688926174009126,31.688926174009126,False,False,1.0,22.88285022905926,-0.049791294150054,109.90315437317,6.858956661178946e-15,2.7460792980572486,5.21328256778641
YULARA_COMBINED,Ridge+day,train,581,day_power_lead78,31.68873157018336,31.68873157018336,False,False,1.0,22.88277852635522,-0.049791294150054,109.90315437317,6.649482189874712e-15,2.746098424737657,5.20762645067154
YULARA_COMBINED,Ridge+day,train,582,day_power_lead79,31.688587707559222,31.688587707559222,False,False,1.0,22.88272750638192,-0.049791294150054,109.90315437317,6.728598771013102e-15,2.7461125017581587,5.219528132533411
YULARA_COMBINED,Ridge+day,train,583,day_power_lead80,31.688453602332416,31.688453602332416,False,False,1.0,22.882695930020283,-0.049791294150054,109.90315437317,6.7929578551515846e-15,2.7461251197421896,5.2358908726346005
YULARA_COMBINED,Ridge+day,train,584,day_power_lead81,31.688328418691977,31.688328418691977,False,False,1.0,22.88267235997944,-0.049791294150054,109.90315437317,6.455995006987044e-15,2.7461367120223366,5.244166977464329
YULARA_COMBINED,Ridge+day,train,585,day_power_lead82,31.688201966362378,31.688201966362378,False,False,1.0,22.882678270374903,-0.049791294150054,109.90315437317,6.64046371948588e-15,2.7461474840121625,5.2422053241762985
YULARA_COMBINED,Ridge+day,train,586,day_power_lead83,31.68812375649358,31.68812375649358,False,False,1.0,22.882721974227035,-0.049791294150054,109.90315437317,6.6941646113466525e-15,2.7461528826272272,5.257886098287978
YULARA_COMBINED,Ridge+day,train,587,day_power_lead84,31.688022501581038,31.688022501581038,False,False,1.0,22.882804294464336,-0.049791294150054,109.90315437317,6.8027961864848554e-15,2.746159059763483,5.263222703150981
YULARA_COMBINED,Ridge+day,train,588,day_power_lead85,31.687960639010903,31.687960639010903,False,False,1.0,22.88292375394693,-0.049791294150054,109.90315437317,6.919626371067452e-15,2.7461606510610554,5.26689763086586
YULARA_COMBINED,Ridge+day,train,589,day_power_lead86,31.68789502999999,31.68789502999999,False,False,1.0,22.88308648443167,-0.049791294150054,109.90315437317,6.950781086956144e-15,2.7461612015046675,5.259558220493215
YULARA_COMBINED,Ridge+day,train,590,day_power_lead87,31.687880560932214,31.687880560932214,False,False,1.0,22.883290760401646,-0.049791294150054,109.90315437317,6.990134412289229e-15,2.746156008933422,5.261979845398072
YULARA_COMBINED,Ridge+day,train,591,day_power_lead88,31.68786185840902,31.68786185840902,False,False,1.0,22.883546268331546,-0.049791294150054,109.90315437317,6.9380732423173355e-15,2.7461495664702364,5.298519921110608
YULARA_COMBINED,Ridge+day,train,592,day_power_lead89,31.687868310158077,31.687868310158077,False,False,1.0,22.883831811659114,-0.049791294150054,109.90315437317,6.9475016431783875e-15,2.746139996221065,5.320109998258141
YULARA_COMBINED,Ridge+day,train,593,day_power_lead90,31.687862647197328,31.687862647197328,False,False,1.0,22.884186729070855,-0.049791294150054,109.90315437317,6.898309986512031e-15,2.746129286564421,5.309413315249462
YULARA_COMBINED,Ridge+day,train,594,day_power_lead91,31.687922682497096,31.687922682497096,False,False,1.0,22.88459582805482,-0.049791294150054,109.90315437317,6.754834321235158e-15,2.7461111735538384,5.316136049216449
YULARA_COMBINED,Ridge+day,train,595,day_power_lead92,31.687984572412486,31.687984572412486,False,False,1.0,22.885052094525623,-0.049791294150054,109.90315437317,6.823292710095838e-15,2.746091411392646,5.324998124470462
YULARA_COMBINED,Ridge+day,train,596,day_power_lead93,31.688086854293797,31.688086854293797,False,False,1.0,22.885541529132066,-0.049791294150054,109.90315437317,6.935613659484018e-15,2.746067102256983,5.315471256876817
YULARA_COMBINED,Ridge+day,train,597,day_power_lead94,31.688213655614447,31.688213655614447,False,False,1.0,22.88608281681692,-0.049791294150054,109.90315437317,7.043425373677782e-15,2.746039032116151,5.314333503360972
YULARA_COMBINED,Ridge+day,train,598,day_power_lead95,31.688395088577828,31.688395088577828,False,False,1.0,22.886661305279627,-0.049791294150054,109.90315437317,7.07949925523311e-15,2.74600505404756,5.268830013393105
YULARA_COMBINED,Ridge+day,train,599,day_power_lead96,31.68859472153998,31.68859472153998,False,False,1.0,22.88728910938856,-0.049791294150054,109.90315437317,6.774510983901701e-15,2.74596794299097,5.262827124030021
YULARA_COMBINED,Ridge+day,train,600,day_power_lead97,31.688810933900573,31.688810933900573,False,False,1.0,22.887933880025216,-0.049791294150054,109.90315437317,6.7835294542905325e-15,2.745928860336518,5.2647703138894455
YULARA_COMBINED,Ridge+day,train,601,day_power_lead98,31.68906956620248,31.68906956620248,False,False,1.0,22.88863216815787,-0.049791294150054,109.90315437317,7.093846821760797e-15,2.7458844136533576,5.302800688905043
YULARA_COMBINED,Ridge+day,train,602,day_power_lead99,31.689359244649854,31.689359244649854,False,False,1.0,22.889354331369905,-0.049791294150054,109.90315437317,6.852397773623432e-15,2.7458365241793565,5.307832981234077
YULARA_COMBINED,Ridge+day,train,603,day_power_lead100,31.6896763211493,31.6896763211493,False,False,1.0,22.890120585888088,-0.049791294150054,109.90315437317,6.846658747012357e-15,2.745784870298934,5.32116202087789
YULARA_COMBINED,Ridge+day,train,604,day_power_lead101,31.690023067596186,31.690023067596186,False,False,1.0,22.89090706179554,-0.049791294150054,109.90315437317,7.138939173704956e-15,2.7457300086457432,5.2812138266939215
YULARA_COMBINED,Ridge+day,train,605,day_power_lead102,31.690414243595264,31.690414243595264,False,False,1.0,22.891744871942848,-0.049791294150054,109.90315437317,7.0753999505109134e-15,2.745669678925471,5.2805197005579085
YULARA_COMBINED,Ridge+day,train,606,day_power_lead103,31.690891570953724,31.690891570953724,False,False,1.0,22.89263174827198,-0.049791294150054,109.90315437317,7.166814445815893e-15,2.745600338510126,5.257964680682823
YULARA_COMBINED,Ridge+day,train,607,day_power_lead104,31.691403629690814,31.691403629690814,False,False,1.0,22.893558913377692,-0.049791294150054,109.90315437317,6.8323111804846696e-15,2.745526720005408,5.243600060471412
YULARA_COMBINED,Ridge+day,train,608,day_power_lead105,31.691958093010346,31.691958093010346,False,False,1.0,22.89451735100648,-0.049791294150054,109.90315437317,6.97783649812264e-15,2.7454484436338276,5.236101502208827
YULARA_COMBINED,Ridge+day,train,609,day_power_lead106,31.69256576879787,31.69256576879787,False,False,1.0,22.895523134035002,-0.049791294150054,109.90315437317,7.0704807848442776e-15,2.745364066572244,5.20406800409261
YULARA_COMBINED,Ridge+day,train,610,day_power_lead107,31.69322077684165,31.69322077684165,False,False,1.0,22.896556175392302,-0.049791294150054,109.90315437317,6.783939384762752e-15,2.7452747327388685,5.208156564659923
YULARA_COMBINED,Ridge+day,train,611,day_power_lead108,31.693924003421575,31.693924003421575,False,False,1.0,22.897632527044408,-0.049791294150054,109.90315437317,6.85444742598453e-15,2.745179859607569,5.189058318306058
YULARA_COMBINED,Ridge+day,train,612,day_power_lead109,31.694638933064976,31.694638933064976,False,False,1.0,22.898721016036614,-0.049791294150054,109.90315437317,6.9245455367340875e-15,2.745083594133249,5.209932506300259
YULARA_COMBINED,Ridge+day,train,613,day_power_lead110,31.69540653138163,31.69540653138163,False,False,1.0,22.89985162952923,-0.049791294150054,109.90315437317,6.728188840540882e-15,2.7449814425790375,5.179134231269967
YULARA_COMBINED,Ridge+day,train,614,day_power_lead111,31.69625107279429,31.69625107279429,False,False,1.0,22.901024484388792,-0.049791294150054,109.90315437317,6.4666531992647545e-15,2.744871300046509,5.160846232637041
YULARA_COMBINED,Ridge+day,train,615,day_power_lead112,31.69715369649487,31.69715369649487,False,False,1.0,22.902241538106335,-0.049791294150054,109.90315437317,6.500677428458984e-15,2.744754739435314,5.1618673359637945
YULARA_COMBINED,Ridge+day,train,616,day_power_lead113,31.698073734678566,31.698073734678566,False,False,1.0,22.903481446034988,-0.049791294150054,109.90315437317,6.551508807014219e-15,2.7446359565993177,5.158793539840951
YULARA_COMBINED,Ridge+day,train,617,day_power_lead114,31.69903250812535,31.69903250812535,False,False,1.0,22.904752748165542,-0.049791294150054,109.90315437317,6.594961437069501e-15,2.7445128365575364,5.143622557167046
YULARA_COMBINED,Ridge+day,train,618,day_power_lead115,31.700022203871207,31.700022203871207,False,False,1.0,22.906045529795964,-0.049791294150054,109.90315437317,6.4666531992647545e-15,2.7443863693177524,5.132292928897079
YULARA_COMBINED,Ridge+day,train,619,day_power_lead116,31.70106028449321,31.70106028449321,False,False,1.0,22.907375215680126,-0.049791294150054,109.90315437317,6.526503048208821e-15,2.7442545573166415,5.127293317936469
YULARA_COMBINED,Ridge+day,train,620,day_power_lead117,31.702142813314445,31.702142813314445,False,False,1.0,22.908739206157296,-0.049791294150054,109.90315437317,6.312929272182391e-15,2.7441178244417124,5.1278640454730136
YULARA_COMBINED,Ridge+day,train,621,day_power_lead118,31.703247851417565,31.703247851417565,False,False,1.0,22.910122938980656,-0.049791294150054,109.90315437317,6.394095505681879e-15,2.7439785299568222,5.10887923662892
YULARA_COMBINED,Ridge+day,train,622,day_power_lead119,31.704359130334254,31.704359130334254,False,False,1.0,22.91152019730832,-0.049791294150054,109.90315437317,6.3449038490155224e-15,2.743838278460251,5.127466999940977
YULARA_COMBINED,Ridge+day,train,623,day_power_lead120,31.705519770748275,31.705519770748275,False,False,1.0,22.912949992013147,-0.049791294150054,109.90315437317,6.231763038682903e-15,2.74369273899792,5.09034614475232
YULARA_COMBINED,Ridge+day,train,624,day_power_lead121,31.70679087139856,31.70679087139856,False,False,1.0,22.91446047973918,-0.049791294150054,109.90315437317,6.317028576904587e-15,2.7435351072347114,5.066711265676208
YULARA_COMBINED,Ridge+day,train,625,day_power_lead122,31.708054811066685,31.708054811066685,False,False,1.0,22.91596480732187,-0.049791294150054,109.90315437317,6.1268208377946765e-15,2.743378301953995,5.035435900634932
YULARA_COMBINED,Ridge+day,train,626,day_power_lead123,31.709292421170748,31.709292421170748,False,False,1.0,22.917471784672205,-0.049791294150054,109.90315437317,6.047294326184067e-15,2.7432237034220885,4.995935824342769
YULARA_COMBINED,Ridge+day,train,627,day_power_lead124,31.710564537423082,31.710564537423082,False,False,1.0,22.91900696895051,-0.049791294150054,109.90315437317,5.945631569073597e-15,2.743065242549237,4.966680337606451
YULARA_COMBINED,Ridge+day,train,628,day_power_lead125,31.71183623090889,31.71183623090889,False,False,1.0,22.920560083400762,-0.049791294150054,109.90315437317,6.281774556293699e-15,2.7429062655472864,4.975281800425786
YULARA_COMBINED,Ridge+day,train,629,day_power_lead126,31.713116928041018,31.713116928041018,False,False,1.0,22.922126895179268,-0.049791294150054,109.90315437317,6.386716757181926e-15,2.742746090690365,4.98501059109136
YULARA_COMBINED,Ridge+day,train,630,day_power_lead127,31.71446455295518,31.71446455295518,False,False,1.0,22.92374519561692,-0.049791294150054,109.90315437317,6.1969189485442344e-15,2.7425785175190183,4.992728883242409
YULARA_COMBINED,Ridge+day,train,631,day_power_lead128,31.71581267262635,31.71581267262635,False,False,1.0,22.925374003940618,-0.049791294150054,109.90315437317,6.216800576446886e-15,2.742410584493689,4.99055738290991
YULARA_COMBINED,Ridge+day,train,632,day_power_lead129,31.717187258794592,31.717187258794592,False,False,1.0,22.927034547938014,-0.049791294150054,109.90315437317,6.128460559683555e-15,2.7422393768891125,5.016081085089509
YULARA_COMBINED,Ridge+day,train,633,day_power_lead130,31.718563496384686,31.718563496384686,False,False,1.0,22.9287076015724,-0.049791294150054,109.90315437317,6.1840061386693155e-15,2.7420676469636223,4.956345438689712
YULARA_COMBINED,Ridge+day,train,634,day_power_lead131,31.719929279882493,31.719929279882493,False,False,1.0,22.930399387013562,-0.049791294150054,109.90315437317,6.1899501305165e-15,2.7418962450624615,4.8683598493511155
YULARA_COMBINED,Ridge+day,train,635,day_power_lead132,31.721309908470953,31.721309908470953,False,False,1.0,22.93211056923352,-0.049791294150054,109.90315437317,6.237502065293978e-15,2.7417229633607176,4.784551202606596
YULARA_COMBINED,Ridge+day,train,636,day_power_lead133,31.722709120928823,31.722709120928823,False,False,1.0,22.933856604621322,-0.049791294150054,109.90315437317,6.353102458459915e-15,2.7415469919992272,4.8513410220501045
YULARA_COMBINED,Ridge+day,train,637,day_power_lead134,31.72412410720068,31.72412410720068,False,False,1.0,22.93562438929407,-0.049791294150054,109.90315437317,6.24713543139114e-15,2.7413689875250613,4.93013859172895
YULARA_COMBINED,Ridge+day,train,638,day_power_lead135,31.72551346556895,31.72551346556895,False,False,1.0,22.9374099414545,-0.049791294150054,109.90315437317,6.2922277833353e-15,2.7411926532283815,5.010645014166916
YULARA_COMBINED,Ridge+day,train,639,day_power_lead136,31.726914249614275,31.726914249614275,False,False,1.0,22.939215195102825,-0.049791294150054,109.90315437317,6.534086761944885e-15,2.741014726294243,5.185246812681057
YULARA_COMBINED,Ridge+day,train,640,day_power_lead137,31.7282739255101,31.7282739255101,False,False,1.0,22.941033492896224,-0.049791294150054,109.90315437317,6.365195407390395e-15,2.740839955064649,5.3072330444084646
YULARA_COMBINED,Ridge+day,train,641,day_power_lead138,31.72962176036484,31.72962176036484,False,False,1.0,22.942856980152065,-0.049791294150054,109.90315437317,6.565651408305797e-15,2.740666058038072,5.627975156154017
YULARA_COMBINED,Ridge+day,train,642,day_power_lead139,31.73092483665749,31.73092483665749,False,False,1.0,22.9446960269566,-0.049791294150054,109.90315437317,6.501087358931204e-15,2.7404955510705418,5.898873928202689
YULARA_COMBINED,Ridge+day,train,643,day_power_lead140,31.732247885683808,31.732247885683808,False,False,1.0,22.946561851593408,-0.049791294150054,109.90315437317,6.3764684953764345e-15,2.740322489438505,6.343888740473676
YULARA_COMBINED,Ridge+day,train,644,day_power_lead141,31.733547427080723,31.733547427080723,False,False,1.0,22.948453772676814,-0.049791294150054,109.90315437317,6.32543215158509e-15,2.740150649728121,6.946931599771429
YULARA_COMBINED,Ridge+day,train,645,day_power_lead142,31.734825672412217,31.734825672412217,False,False,1.0,22.950350845414548,-0.049791294150054,109.90315437317,6.3293264910711766e-15,2.7399805004552342,7.876548402927443
YULARA_COMBINED,Ridge+day,train,646,day_power_lead143,31.73603486035941,31.73603486035941,False,False,1.0,22.95225845859934,-0.049791294150054,109.90315437317,6.466038303556425e-15,2.7398159945677016,9.0148722180678
YULARA_COMBINED,Ridge+day,train,647,day_power_lead144,31.73722056312108,31.73722056312108,False,False,1.0,22.954169655291928,-0.049791294150054,109.90315437317,6.341624405237766e-15,2.739653415614905,14.023741676492207
YULARA_COMBINED,Ridge+day,train,648,day_missing_lead1,0.056113205593701664,0.056113205593701664,False,False,0.003158669032062654,0.003158669032062654,0.0,1.0,3.689374249976722e-17,17.76482595176894,2.9527657663310873
YULARA_COMBINED,Ridge+day,train,649,day_missing_lead2,0.055985351687764126,0.055985351687764126,False,False,0.0031442458857975277,0.0031442458857975277,0.0,1.0,1.3937636055467617e-17,17.80565315859345,1.9318447718022227
YULARA_COMBINED,Ridge+day,train,650,day_missing_lead3,0.05585720140824258,0.05585720140824258,False,False,0.0031298227395324014,0.0031298227395324014,0.0,1.0,2.623555022205669e-17,17.846761959566493,1.3830263954357813
YULARA_COMBINED,Ridge+day,train,651,day_missing_lead4,0.05572875271031814,0.05572875271031814,False,False,0.003115399593267275,0.003115399593267275,0.0,1.0,-9.018470388831988e-18,17.88815560952184,1.1922365561512733
YULARA_COMBINED,Ridge+day,train,652,day_missing_lead5,0.055600003526001286,0.055600003526001286,False,False,0.003100976447002149,0.003100976447002149,0.0,1.0,2.7875272110935235e-17,17.929837416049786,1.1078184510971039
YULARA_COMBINED,Ridge+day,train,653,day_missing_lead6,0.05547095176273261,0.05547095176273261,False,False,0.0030865533007370227,0.0030865533007370227,0.0,1.0,-1.2297914166589074e-18,17.971810740933158,1.045771350370279
YULARA_COMBINED,Ridge+day,train,654,day_missing_lead7,0.05534159530400433,0.05534159530400433,False,False,0.0030721301544718964,0.0030721301544718964,0.0,1.0,-4.099304722196358e-18,18.01407900096067,1.009053258072666
YULARA_COMBINED,Ridge+day,train,655,day_missing_lead8,0.055211932007940584,0.055211932007940584,False,False,0.00305770700820677,0.00305770700820677,0.0,1.0,-1.4347566527687253e-17,18.05664566942546,1.0225664736685371
YULARA_COMBINED,Ridge+day,train,656,day_missing_lead9,0.05508195970790692,0.05508195970790692,False,False,0.003043283861941644,0.003043283861941644,0.0,1.0,3.689374249976722e-18,18.099514276993798,1.0515078674624396
YULARA_COMBINED,Ridge+day,train,657,day_missing_lead10,0.05495167621132464,0.05495167621132464,False,False,0.0030288607156765176,0.0030288607156765176,0.0,1.0,-1.4347566527687253e-17,18.142688413185546,1.0609549425620852
YULARA_COMBINED,Ridge+day,train,658,day_missing_lead11,0.05482107929949787,0.05482107929949787,False,False,0.0030144375694113913,0.0030144375694113913,0.0,1.0,2.4595828333178147e-18,18.186171727555177,1.0624502275646124
YULARA_COMBINED,Ridge+day,train,659,day_missing_lead12,0.054690166726916005,0.054690166726916005,False,False,0.003000014423146265,0.003000014423146265,0.0,1.0,-4.099304722196358e-18,18.22996793107555,1.055459223863232
YULARA_COMBINED,Ridge+day,train,660,day_missing_lead13,0.05455893622132238,0.05455893622132238,False,False,0.002985591276881139,0.002985591276881139,0.0,1.0,8.608539916612351e-18,18.27408079729883,1.0639237186656214
YULARA_COMBINED,Ridge+day,train,661,day_missing_lead14,0.054427385483261696,0.054427385483261696,False,False,0.0029711681306160125,0.0029711681306160125,0.0,1.0,3.279443777757086e-17,18.318514163720113,1.0579360062682952
YULARA_COMBINED,Ridge+day,train,662,day_missing_lead15,0.054295512185093125,0.054295512185093125,False,False,0.0029567449843508863,0.0029567449843508863,0.0,1.0,-1.639721888878543e-18,18.36327193335489,1.0619093356554963
YULARA_COMBINED,Ridge+day,train,663,day_missing_lead16,0.054163313970771614,0.054163313970771614,False,False,0.00294232183808576,0.00294232183808576,0.0,1.0,2.8695133055374503e-18,18.408358076094842,1.0629981180523618
YULARA_COMBINED,Ridge+day,train,664,day_missing_lead17,0.05403078845509877,0.05403078845509877,False,False,0.0029278986918206337,0.0029278986918206337,0.0,1.0,3.279443777757086e-18,18.45377663027769,1.0883715939702794
YULARA_COMBINED,Ridge+day,train,665,day_missing_lead18,0.05389793322374528,0.05389793322374528,False,False,0.0029134755455555075,0.0029134755455555075,0.0,1.0,-9.838331333271259e-18,18.499531704031423,1.0655345463738213
YULARA_COMBINED,Ridge+day,train,666,day_missing_lead19,0.05376474583300941,0.05376474583300941,False,False,0.002899052399290381,0.002899052399290381,0.0,1.0,-1.065819227771053e-17,18.54562747674201,1.0451528718571557
YULARA_COMBINED,Ridge+day,train,667,day_missing_lead20,0.05363122380745204,0.05363122380745204,False,False,0.002884629253025255,0.002884629253025255,0.0,1.0,-2.1726315027640696e-17,18.592068201293326,1.0316198031217072
YULARA_COMBINED,Ridge+day,train,668,day_missing_lead21,0.0534973646422608,0.0534973646422608,False,False,0.0028702061067601287,0.0028702061067601287,0.0,1.0,-2.9514993999813777e-17,18.63885820471887,1.0071127819574746
YULARA_COMBINED,Ridge+day,train,669,day_missing_lead22,0.053363165799805025,0.053363165799805025,False,False,0.0028557829604950024,0.0028557829604950024,0.0,1.0,6.558887555514172e-18,18.68600189089884,0.9742760296535004
YULARA_COMBINED,Ridge+day,train,670,day_missing_lead23,0.05322862471119002,0.05322862471119002,False,False,0.002841359814229876,0.002841359814229876,0.0,1.0,1.639721888878543e-17,18.73350374157125,0.9491451588910317
YULARA_COMBINED,Ridge+day,train,671,day_missing_lead24,0.05309373877436405,0.05309373877436405,False,False,0.00282693666796475,0.00282693666796475,0.0,1.0,-8.198609444392715e-18,18.781368318584367,0.9308364033359863
YULARA_COMBINED,Ridge+day,train,672,day_missing_lead25,0.05295850535459667,0.05295850535459667,False,False,0.0028125135216996236,0.0028125135216996236,0.0,1.0,-1.7627010305444337e-17,18.829600265366004,0.9255484853644035
YULARA_COMBINED,Ridge+day,train,673,day_missing_lead26,0.05282292178281827,0.05282292178281827,False,False,0.0027980903754344973,0.0027980903754344973,0.0,1.0,5.7390266110749005e-18,18.878204309193016,0.928150470670051
YULARA_COMBINED,Ridge+day,train,674,day_missing_lead27,0.052686985356345445,0.052686985356345445,False,False,0.002783667229169371,0.002783667229169371,0.0,1.0,2.0906454083201424e-17,18.92718526266429,0.9387829247672119
YULARA_COMBINED,Ridge+day,train,675,day_missing_lead28,0.0525506933361101,0.0525506933361101,False,False,0.002769244082904245,0.002769244082904245,0.0,1.0,-2.213624549986033e-17,18.976548026472006,0.9260900339638972
YULARA_COMBINED,Ridge+day,train,676,day_missing_lead29,0.05241404294897618,0.05241404294897618,False,False,0.0027548209366391185,0.0027548209366391185,0.0,1.0,1.639721888878543e-17,19.026297590402542,0.9280660443246246
YULARA_COMBINED,Ridge+day,train,677,day_missing_lead30,0.052277031384125074,0.052277031384125074,False,False,0.0027403977903739923,0.0027403977903739923,0.0,1.0,3.566395108310831e-17,19.07643903652232,0.9301916187207915
YULARA_COMBINED,Ridge+day,train,678,day_missing_lead31,0.05213965579426954,0.05213965579426954,False,False,0.002725974644108866,0.002725974644108866,0.0,1.0,-1.639721888878543e-17,19.126977540682145,0.9306640606897387
YULARA_COMBINED,Ridge+day,train,679,day_missing_lead32,0.052001913294702946,0.052001913294702946,False,False,0.0027115514978437397,0.0027115514978437397,0.0,1.0,1.8036940777663976e-17,19.17791837485608,0.9198678673361597
YULARA_COMBINED,Ridge+day,train,680,day_missing_lead33,0.05186380096205336,0.05186380096205336,False,False,0.0026971283515786135,0.0026971283515786135,0.0,1.0,1.2707844638808709e-17,19.229266909652598,0.8913498001901129
YULARA_COMBINED,Ridge+day,train,681,day_missing_lead34,0.051725315833560576,0.051725315833560576,False,False,0.002682705205313487,0.002682705205313487,0.0,1.0,-1.065819227771053e-17,19.281028616699217,0.8339605252926813
YULARA_COMBINED,Ridge+day,train,682,day_missing_lead35,0.05158645490716022,0.05158645490716022,False,False,0.002668282059048361,0.002668282059048361,0.0,1.0,7.378748499953444e-18,19.333209070788882,0.8167631009039257
YULARA_COMBINED,Ridge+day,train,683,day_missing_lead36,0.05144721513990982,0.05144721513990982,False,False,0.0026538589127832347,0.0026538589127832347,0.0,1.0,-9.018470388831988e-18,19.385813952707664,0.8037151557903739
YULARA_COMBINED,Ridge+day,train,684,day_missing_lead37,0.05130759344721089,0.05130759344721089,False,False,0.0026394357665181084,0.0026394357665181084,0.0,1.0,-1.1478053222149801e-17,19.438849051839497,0.7727089369122008
YULARA_COMBINED,Ridge+day,train,685,day_missing_lead38,0.051167586702844985,0.051167586702844985,False,False,0.002625012620252982,0.002625012620252982,0.0,1.0,-1.3937636055467617e-17,19.49232026853226,0.7633889445477725
YULARA_COMBINED,Ridge+day,train,686,day_missing_lead39,0.051027191737335935,0.051027191737335935,False,False,0.002610589473987856,0.002610589473987856,0.0,1.0,4.099304722196358e-18,19.54623361716838,0.7524388658406561
YULARA_COMBINED,Ridge+day,train,687,day_missing_lead40,0.05088640533711285,0.05088640533711285,False,False,0.0025961663277227296,0.0025961663277227296,0.0,1.0,1.1478053222149801e-17,19.600595229013816,0.7069522897055784
YULARA_COMBINED,Ridge+day,train,688,day_missing_lead41,0.05074522424421342,0.05074522424421342,False,False,0.0025817431814576033,0.0025817431814576033,0.0,1.0,-2.4595828333178147e-18,19.655411354937108,0.6974536102178109
YULARA_COMBINED,Ridge+day,train,689,day_missing_lead42,0.05060364515569191,0.05060364515569191,False,False,0.002567320035192477,0.002567320035192477,0.0,1.0,-1.1068122749930166e-17,19.710688368318383,0.6780667610992909
YULARA_COMBINED,Ridge+day,train,690,day_missing_lead43,0.0504616647207655,0.0504616647207655,False,False,0.002552896888927351,0.002552896888927351,0.0,1.0,-1.3937636055467617e-17,19.766432768925533,0.6630523687455457
YULARA_COMBINED,Ridge+day,train,691,day_missing_lead44,0.050319279542972856,0.050319279542972856,False,False,0.0025384737426622245,0.0025384737426622245,0.0,1.0,2.4595828333178147e-17,19.82265118493006,0.6025387721874619
YULARA_COMBINED,Ridge+day,train,692,day_missing_lead45,0.05017648617614797,0.05017648617614797,False,False,0.0025240505963970983,0.0025240505963970983,0.0,1.0,-1.2297914166589074e-17,19.879350377423716,0.5936237649109545
YULARA_COMBINED,Ridge+day,train,693,day_missing_lead46,0.050033281125699464,0.050033281125699464,False,False,0.0025096274501319716,0.0025096274501319716,0.0,1.0,-9.428400861051623e-18,19.936537242957463,0.5915441659549693
YULARA_COMBINED,Ridge+day,train,694,day_missing_lead47,0.049889660846209605,0.049889660846209605,False,False,0.0024952043038668453,0.0024952043038668453,0.0,1.0,-2.131638455542106e-17,19.994218817623395,0.5889652982982695
YULARA_COMBINED,Ridge+day,train,695,day_missing_lead48,0.04974562174154788,0.04974562174154788,False,False,0.002480781157601719,0.002480781157601719,0.0,1.0,1.2297914166589074e-17,20.052402280244564,0.580350398639065
YULARA_COMBINED,Ridge+day,train,696,day_missing_lead49,0.049601160162690894,0.049601160162690894,False,False,0.0024663580113365928,0.0024663580113365928,0.0,1.0,2.4595828333178147e-17,20.111094956585116,0.5789655821886067
YULARA_COMBINED,Ridge+day,train,697,day_missing_lead50,0.049456272408075964,0.049456272408075964,False,False,0.0024519348650714665,0.0024519348650714665,0.0,1.0,-3.279443777757086e-18,20.170304322653195,0.5582106693153744
YULARA_COMBINED,Ridge+day,train,698,day_missing_lead51,0.04931095472021205,0.04931095472021205,False,False,0.0024375117188063402,0.0024375117188063402,0.0,1.0,-1.557735794434616e-17,20.230038009633247,0.5545032356330316
YULARA_COMBINED,Ridge+day,train,699,day_missing_lead52,0.04916520328770049,0.04916520328770049,False,False,0.002423088572541214,0.002423088572541214,0.0,1.0,3.197457683313159e-17,20.29030380673763,0.5424458991310955
YULARA_COMBINED,Ridge+day,train,700,day_missing_lead53,0.0490190142409194,0.0490190142409194,False,False,0.0024086654262760877,0.0024086654262760877,0.0,1.0,-4.509235194415994e-18,20.35110966676618,0.5404414064965803
YULARA_COMBINED,Ridge+day,train,701,day_missing_lead54,0.048872383652840586,0.048872383652840586,False,False,0.0023942422800109615,0.0023942422800109615,0.0,1.0,1.557735794434616e-17,20.41246370969683,0.5341821741667799
YULARA_COMBINED,Ridge+day,train,702,day_missing_lead55,0.04872530753752312,0.04872530753752312,False,False,0.002379819133745835,0.002379819133745835,0.0,1.0,-3.279443777757086e-18,20.474374227355913,0.5302802434521086
YULARA_COMBINED,Ridge+day,train,703,day_missing_lead56,0.04857778184827655,0.04857778184827655,False,False,0.002365395987480709,0.002365395987480709,0.0,1.0,1.4757496999906888e-17,20.536849688370726,0.5251816778241383
YULARA_COMBINED,Ridge+day,train,704,day_missing_lead57,0.04842980247665779,0.04842980247665779,False,False,0.0023509728412155827,0.0023509728412155827,0.0,1.0,-3.279443777757086e-18,20.599898742920367,0.5186150638791338
YULARA_COMBINED,Ridge+day,train,705,day_missing_lead58,0.048281365250848605,0.048281365250848605,False,False,0.0023365496949504564,0.0023365496949504564,0.0,1.0,-9.018470388831988e-18,20.663530227897073,0.521611020095381
YULARA_COMBINED,Ridge+day,train,706,day_missing_lead59,0.04813246593487661,0.04813246593487661,False,False,0.00232212654868533,0.00232212654868533,0.0,1.0,-2.3775967388738876e-17,20.72775317186483,0.5238945517582257
YULARA_COMBINED,Ridge+day,train,707,day_missing_lead60,0.04798310022721582,0.04798310022721582,False,False,0.002307703402420204,0.002307703402420204,0.0,1.0,1.3117775111028345e-17,20.792576800439683,0.527252347373339
YULARA_COMBINED,Ridge+day,train,708,day_missing_lead61,0.04783326375875681,0.04783326375875681,False,False,0.0022932802561550776,0.0022932802561550776,0.0,1.0,1.2297914166589074e-17,20.858010542113497,0.5222053734805372
YULARA_COMBINED,Ridge+day,train,709,day_missing_lead62,0.04768295209161611,0.04768295209161611,False,False,0.0022788571098899513,0.0022788571098899513,0.0,1.0,1.065819227771053e-17,20.924064033894727,0.5574793107622592
YULARA_COMBINED,Ridge+day,train,710,day_missing_lead63,0.04753216071731155,0.04753216071731155,False,False,0.002264433963624825,0.002264433963624825,0.0,1.0,2.8695133055374503e-18,20.99074712740742,0.5611745375937309
YULARA_COMBINED,Ridge+day,train,711,day_missing_lead64,0.047380885055787594,0.047380885055787594,False,False,0.002250010817359699,0.002250010817359699,0.0,1.0,-2.131638455542106e-17,21.05806989480803,0.6014049253809474
YULARA_COMBINED,Ridge+day,train,712,day_missing_lead65,0.047229120454104496,0.047229120454104496,False,False,0.0022355876710945725,0.0022355876710945725,0.0,1.0,-1.6807149361005066e-17,21.126042635041145,0.6116164682997489
YULARA_COMBINED,Ridge+day,train,713,day_missing_lead66,0.04707686218298006,0.04707686218298006,False,False,0.0022211645248294463,0.0022211645248294463,0.0,1.0,6.148957083294537e-18,21.194675881263443,0.6118232586351059
YULARA_COMBINED,Ridge+day,train,714,day_missing_lead67,0.046924105436872345,0.046924105436872345,False,False,0.00220674137856432,0.00220674137856432,0.0,1.0,-1.557735794434616e-17,21.263980406910065,0.589780165154629
YULARA_COMBINED,Ridge+day,train,715,day_missing_lead68,0.04677084533192564,0.04677084533192564,False,False,0.0021923182322991937,0.0021923182322991937,0.0,1.0,-3.689374249976722e-18,21.333967232929194,0.5775022249011876
YULARA_COMBINED,Ridge+day,train,716,day_missing_lead69,0.04661707690355439,0.04661707690355439,False,False,0.0021778950860340675,0.0021778950860340675,0.0,1.0,5.7390266110749005e-18,21.40464763542232,0.5577282829382749
YULARA_COMBINED,Ridge+day,train,717,day_missing_lead70,0.04646279510457067,0.04646279510457067,False,False,0.002163471939768941,0.002163471939768941,0.0,1.0,-1.9266732194322882e-17,21.476033153288945,0.5588280399465223
YULARA_COMBINED,Ridge+day,train,718,day_missing_lead71,0.04630799480417521,0.04630799480417521,False,False,0.002149048793503815,0.002149048793503815,0.0,1.0,-1.0248261805490894e-17,21.548135595725,0.5671565203911161
YULARA_COMBINED,Ridge+day,train,719,day_missing_lead72,0.04615267078506412,0.04615267078506412,False,False,0.0021346256472386887,0.0021346256472386887,0.0,1.0,2.7875272110935235e-17,21.620967050853523,0.5762818279022872
YULARA_COMBINED,Ridge+day,train,720,day_missing_lead73,0.045996817741382215,0.045996817741382215,False,False,0.0021202025009735624,0.0021202025009735624,0.0,1.0,-5.329096138855265e-18,21.69453989425139,0.5824394521869841
YULARA_COMBINED,Ridge+day,train,721,day_missing_lead74,0.045840430277541415,0.045840430277541415,False,False,0.002105779354708436,0.002105779354708436,0.0,1.0,-1.4757496999906888e-17,21.768866797356164,0.6066142709731439
YULARA_COMBINED,Ridge+day,train,722,day_missing_lead75,0.04568350290482078,0.04568350290482078,False,False,0.00209135620844331,0.00209135620844331,0.0,1.0,8.198609444392715e-19,21.84396073721947,0.6867086499040911
YULARA_COMBINED,Ridge+day,train,723,day_missing_lead76,0.045526030040364734,0.045526030040364734,False,False,0.0020769330621781836,0.0020769330621781836,0.0,1.0,-1.4347566527687253e-17,21.91983500544707,0.6556459815062478
YULARA_COMBINED,Ridge+day,train,724,day_missing_lead77,0.04536800600363692,0.04536800600363692,False,False,0.0020625099159130573,0.0020625099159130573,0.0,1.0,1.639721888878543e-17,21.996503218679866,0.612697233339981
YULARA_COMBINED,Ridge+day,train,725,day_missing_lead78,0.04520942501559864,0.04520942501559864,False,False,0.002048086769647931,0.002048086769647931,0.0,1.0,-2.213624549986033e-17,22.073979328116383,0.6133984659781181
YULARA_COMBINED,Ridge+day,train,726,day_missing_lead79,0.045050281193751616,0.045050281193751616,False,False,0.002033663623382805,0.002033663623382805,0.0,1.0,-1.8036940777663976e-17,22.15227763139985,0.6769417799254908
YULARA_COMBINED,Ridge+day,train,727,day_missing_lead80,0.04489056855305257,0.04489056855305257,False,False,0.0020192404771176785,0.0020192404771176785,0.0,1.0,-2.4185897860958512e-17,22.23141278202901,0.7649390141075495
YULARA_COMBINED,Ridge+day,train,728,day_missing_lead81,0.044730280999843317,0.044730280999843317,False,False,0.0020048173308525523,0.0020048173308525523,0.0,1.0,-1.3117775111028345e-17,22.31139980257766,0.784264392749065
YULARA_COMBINED,Ridge+day,train,729,day_missing_lead82,0.04456941233166952,0.04456941233166952,False,False,0.001990394184587426,0.001990394184587426,0.0,1.0,-1.844687124988361e-17,22.3922540954452,0.7125758733842823
YULARA_COMBINED,Ridge+day,train,730,day_missing_lead83,0.044407956232911994,0.044407956232911994,False,False,0.0019759710383222997,0.0019759710383222997,0.0,1.0,9.838331333271259e-18,22.4739914561079,0.6602077297296155
YULARA_COMBINED,Ridge+day,train,731,day_missing_lead84,0.04424590627317815,0.04424590627317815,False,False,0.0019615478920571735,0.0019615478920571735,0.0,1.0,1.639721888878543e-17,22.556628085454165,0.6784947008283161
YULARA_COMBINED,Ridge+day,train,732,day_missing_lead85,0.04408325590305165,0.04408325590305165,False,False,0.001947124745792047,0.001947124745792047,0.0,1.0,-1.2297914166589074e-18,22.64018060392672,0.6968786166798726
YULARA_COMBINED,Ridge+day,train,733,day_missing_lead86,0.04391999845229729,0.04391999845229729,False,False,0.0019327015995269207,0.0019327015995269207,0.0,1.0,-9.018470388831988e-18,22.724666064924868,0.7184465371836132
YULARA_COMBINED,Ridge+day,train,734,day_missing_lead87,0.043756127125723014,0.043756127125723014,False,False,0.0019182784532617945,0.0019182784532617945,0.0,1.0,-1.0248261805490894e-17,22.810101969924887,0.7279006617605203
YULARA_COMBINED,Ridge+day,train,735,day_missing_lead88,0.04359163499988859,0.04359163499988859,False,False,0.0019038553069966682,0.0019038553069966682,0.0,1.0,1.1478053222149801e-17,22.89650628372976,0.6991907822912523
YULARA_COMBINED,Ridge+day,train,736,day_missing_lead89,0.04342651502068026,0.04342651502068026,False,False,0.001889432160731542,0.001889432160731542,0.0,1.0,3.279443777757086e-17,22.983897449840388,0.7499899405289094
YULARA_COMBINED,Ridge+day,train,737,day_missing_lead90,0.043260759998728616,0.043260759998728616,False,False,0.0018750090144664157,0.0018750090144664157,0.0,1.0,2.1726315027640696e-17,23.072294407561664,0.864108503840103
YULARA_COMBINED,Ridge+day,train,738,day_missing_lead91,0.04309436260610306,0.04309436260610306,False,False,0.0018605858682012894,0.0018605858682012894,0.0,1.0,-8.198609444392715e-19,23.161716609087087,0.8971944675869431
YULARA_COMBINED,Ridge+day,train,739,day_missing_lead92,0.04292731537313701,0.04292731537313701,False,False,0.0018461627219361631,0.0018461627219361631,0.0,1.0,-1.557735794434616e-17,23.25218403717571,0.7711630401258391
YULARA_COMBINED,Ridge+day,train,740,day_missing_lead93,0.04275961068336625,0.04275961068336625,False,False,0.0018317395756710369,0.0018317395756710369,0.0,1.0,-1.0248261805490894e-17,23.343717224549533,0.7635418233346558
YULARA_COMBINED,Ridge+day,train,741,day_missing_lead94,0.04259124077082204,0.04259124077082204,False,False,0.0018173164294059106,0.0018173164294059106,0.0,1.0,7.378748499953444e-18,23.436337272766625,0.7623442249201529
YULARA_COMBINED,Ridge+day,train,742,day_missing_lead95,0.04242219771470837,0.04242219771470837,False,False,0.0018028932831407843,0.0018028932831407843,0.0,1.0,2.8695133055374503e-18,23.530065873290916,0.7643076957025386
YULARA_COMBINED,Ridge+day,train,743,day_missing_lead96,0.042252473435886354,0.042252473435886354,False,False,0.001788470136875658,0.001788470136875658,0.0,1.0,-2.2956106444299602e-17,23.624925328402476,0.7629842106367878
YULARA_COMBINED,Ridge+day,train,744,day_missing_lead97,0.042082059691550024,0.042082059691550024,False,False,0.0017740469906105318,0.0017740469906105318,0.0,1.0,-1.8856801722103247e-17,23.720938573969818,0.7674052719359397
YULARA_COMBINED,Ridge+day,train,745,day_missing_lead98,0.04191094807174938,0.04191094807174938,False,False,0.0017596238443454055,0.0017596238443454055,0.0,1.0,-8.608539916612351e-18,23.818129202105347,0.7689300251932052
YULARA_COMBINED,Ridge+day,train,746,day_missing_lead99,0.04173912999339062,0.04173912999339062,False,False,0.0017452006980802793,0.0017452006980802793,0.0,1.0,9.838331333271259e-18,23.916521486192767,0.8134648609562649
YULARA_COMBINED,Ridge+day,train,747,day_missing_lead100,0.04156659669590553,0.04156659669590553,False,False,0.001730777551815153,0.001730777551815153,0.0,1.0,-9.018470388831988e-18,24.01614040599379,0.8317589498015726
YULARA_COMBINED,Ridge+day,train,748,day_missing_lead101,0.041393339235891224,0.041393339235891224,False,False,0.0017163544055500267,0.0017163544055500267,0.0,1.0,-4.9191656666356295e-18,24.11701167440149,0.8395802186308244
YULARA_COMBINED,Ridge+day,train,749,day_missing_lead102,0.04121934848189461,0.04121934848189461,False,False,0.0017019312592849005,0.0017019312592849005,0.0,1.0,-2.5415689277617418e-17,24.21916176523781,0.8156093261918467
YULARA_COMBINED,Ridge+day,train,750,day_missing_lead103,0.04104461510830341,0.04104461510830341,False,False,0.0016875081130197742,0.0016875081130197742,0.0,1.0,3.279443777757086e-18,24.322617942761987,0.7837486693903734
YULARA_COMBINED,Ridge+day,train,751,day_missing_lead104,0.04086912959004978,0.04086912959004978,False,False,0.001673084966754648,0.001673084966754648,0.0,1.0,-4.099304722196358e-18,24.42740829196185,0.7729724313973987
YULARA_COMBINED,Ridge+day,train,752,day_missing_lead105,0.04069288219640381,0.04069288219640381,False,False,0.0016586618204895217,0.0016586618204895217,0.0,1.0,-7.378748499953444e-18,24.53356175070189,0.7935036126622829
YULARA_COMBINED,Ridge+day,train,753,day_missing_lead106,0.040515862984876805,0.040515862984876805,False,False,0.0016442386742243954,0.0016442386742243954,0.0,1.0,2.049652361098179e-17,24.641108143208697,0.8306167690094836
YULARA_COMBINED,Ridge+day,train,754,day_missing_lead107,0.04033806179417675,0.04033806179417675,False,False,0.0016298155279592691,0.0016298155279592691,0.0,1.0,-1.3937636055467617e-17,24.75007821561141,0.7850422147957998
YULARA_COMBINED,Ridge+day,train,755,day_missing_lead108,0.04015946823777365,0.04015946823777365,False,False,0.0016153923816941427,0.0016153923816941427,0.0,1.0,8.198609444392715e-18,24.860503672686427,0.7916435521875792
YULARA_COMBINED,Ridge+day,train,756,day_missing_lead109,0.039980071697555374,0.039980071697555374,False,False,0.0016009692354290164,0.0016009692354290164,0.0,1.0,-1.7217079833224702e-17,24.972417216190717,0.7862764762091426
YULARA_COMBINED,Ridge+day,train,757,day_missing_lead110,0.0397998613147207,0.0397998613147207,False,False,0.0015865460891638901,0.0015865460891638901,0.0,1.0,1.5167427472126524e-17,25.085852586666046,0.8714730781073062
YULARA_COMBINED,Ridge+day,train,758,day_missing_lead111,0.039618825984083963,0.039618825984083963,False,False,0.0015721229428987639,0.0015721229428987639,0.0,1.0,5.7390266110749005e-18,25.200844604991545,0.9608441450281638
YULARA_COMBINED,Ridge+day,train,759,day_missing_lead112,0.03943695434451901,0.03943695434451901,False,False,0.0015576997966336376,0.0015576997966336376,0.0,1.0,-2.705541116649596e-17,25.317429218317184,0.8422320954750513
YULARA_COMBINED,Ridge+day,train,760,day_missing_lead113,0.03925423477209829,0.03925423477209829,False,False,0.0015432766503685113,0.0015432766503685113,0.0,1.0,-3.689374249976722e-18,25.435643546395905,0.8271822901670718
YULARA_COMBINED,Ridge+day,train,761,day_missing_lead114,0.03907065537038182,0.03907065537038182,False,False,0.001528853504103385,0.001528853504103385,0.0,1.0,1.3937636055467617e-17,25.555525931945457,0.9357235028236189
YULARA_COMBINED,Ridge+day,train,762,day_missing_lead115,0.0388862039614012,0.0388862039614012,False,False,0.0015144303578382588,0.0015144303578382588,0.0,1.0,-1.3117775111028345e-17,25.6771159929436,0.9681213466690405
YULARA_COMBINED,Ridge+day,train,763,day_missing_lead116,0.03870086807735757,0.03870086807735757,False,False,0.0015000072115731325,0.0015000072115731325,0.0,1.0,1.8036940777663976e-17,25.800454676948494,0.9029452765762618
YULARA_COMBINED,Ridge+day,train,764,day_missing_lead117,0.03851463494954858,0.03851463494954858,False,False,0.0014855840653080063,0.0014855840653080063,0.0,1.0,-2.5415689277617418e-17,25.925584319900075,0.8683775896321704
YULARA_COMBINED,Ridge+day,train,765,day_missing_lead118,0.038327491498864594,0.038327491498864594,False,False,0.00147116091904288,0.00147116091904288,0.0,1.0,-6.558887555514172e-18,26.05254870673019,0.8621588051883978
YULARA_COMBINED,Ridge+day,train,766,day_missing_lead119,0.03813942432492523,0.03813942432492523,False,False,0.0014567377727777537,0.0014567377727777537,0.0,1.0,0.0,26.181393135885507,0.859824162709526
YULARA_COMBINED,Ridge+day,train,767,day_missing_lead120,0.03795041969510552,0.03795041969510552,False,False,0.0014423146265126275,0.0014423146265126275,0.0,1.0,-3.279443777757086e-18,26.312164487136663,0.8570412444133209
YULARA_COMBINED,Ridge+day,train,768,day_missing_lead121,0.03776046353231397,0.03776046353231397,False,False,0.0014278914802475012,0.0014278914802475012,0.0,1.0,0.0,26.444911293665992,0.8622729422054198
YULARA_COMBINED,Ridge+day,train,769,day_missing_lead122,0.03756954140316582,0.03756954140316582,False,False,0.001413468333982375,0.001413468333982375,0.0,1.0,-7.378748499953444e-18,26.579683817537127,0.8712758481159847
YULARA_COMBINED,Ridge+day,train,770,day_missing_lead123,0.03737763850598585,0.03737763850598585,False,False,0.0013990451877172487,0.0013990451877172487,0.0,1.0,1.065819227771053e-17,26.716534129152155,0.8805258610275724
YULARA_COMBINED,Ridge+day,train,771,day_missing_lead124,0.03718473965557012,0.03718473965557012,False,False,0.0013846220414521224,0.0013846220414521224,0.0,1.0,1.9676662666542518e-17,26.85551619315854,0.8784675541053213
YULARA_COMBINED,Ridge+day,train,772,day_missing_lead125,0.03699082927128969,0.03699082927128969,False,False,0.0013701988951869961,0.0013701988951869961,0.0,1.0,-3.279443777757086e-18,26.996685956426944,0.886133277001961
YULARA_COMBINED,Ridge+day,train,773,day_missing_lead126,0.03679589136093155,0.03679589136093155,False,False,0.0013557757489218699,0.0013557757489218699,0.0,1.0,1.0248261805490894e-17,27.14010144380956,0.8860416019524305
YULARA_COMBINED,Ridge+day,train,774,day_missing_lead127,0.03659990950611574,0.03659990950611574,False,False,0.0013413526026567436,0.0013413526026567436,0.0,1.0,-1.2297914166589074e-18,27.28582285785352,0.906491756722418
YULARA_COMBINED,Ridge+day,train,775,day_missing_lead128,0.03640286684601708,0.03640286684601708,False,False,0.0013269294563916173,0.0013269294563916173,0.0,1.0,-2.1726315027640696e-17,27.43391268517291,0.9784858150045793
YULARA_COMBINED,Ridge+day,train,776,day_missing_lead129,0.03620474606068427,0.03620474606068427,False,False,0.001312506310126491,0.001312506310126491,0.0,1.0,4.9191656666356295e-18,27.584435808938753,0.9956219992154278
YULARA_COMBINED,Ridge+day,train,777,day_missing_lead130,0.03600552935254287,0.03600552935254287,False,False,0.0012980831638613648,0.0012980831638613648,0.0,1.0,1.8036940777663976e-17,27.737459628977955,0.923009578211074
YULARA_COMBINED,Ridge+day,train,778,day_missing_lead131,0.0358051984291642,0.0358051984291642,False,False,0.0012836600175962385,0.0012836600175962385,0.0,1.0,6.968818027733809e-18,27.89305418759878,0.9205415132929792
YULARA_COMBINED,Ridge+day,train,779,day_missing_lead132,0.03560373448234636,0.03560373448234636,False,False,0.0012692368713311123,0.0012692368713311123,0.0,1.0,-1.4757496999906888e-17,28.051292305414655,0.93172999523263
YULARA_COMBINED,Ridge+day,train,780,day_missing_lead133,0.03540111816855243,0.03540111816855243,False,False,0.0012548137250659858,0.0012548137250659858,0.0,1.0,-7.378748499953444e-18,28.21224972385592,0.9532688916690366
YULARA_COMBINED,Ridge+day,train,781,day_missing_lead134,0.0351973295862999,0.0351973295862999,False,False,0.0012403905788008595,0.0012403905788008595,0.0,1.0,-1.639721888878543e-17,28.376005258363502,1.0263884324652912
YULARA_COMBINED,Ridge+day,train,782,day_missing_lead135,0.03499234825481466,0.03499234825481466,False,False,0.0012259674325357333,0.0012259674325357333,0.0,1.0,-2.8695133055374503e-18,28.542640959514372,1.0854184766217008
YULARA_COMBINED,Ridge+day,train,783,day_missing_lead136,0.034786153088670745,0.034786153088670745,False,False,0.001211544286270607,0.001211544286270607,0.0,1.0,1.639721888878543e-18,28.712242286975325,1.0733915611466585
YULARA_COMBINED,Ridge+day,train,784,day_missing_lead137,0.03457872237355575,0.03457872237355575,False,False,0.0011971211400054807,0.0011971211400054807,0.0,1.0,1.1478053222149801e-17,28.884898292940807,1.0408699427804005
YULARA_COMBINED,Ridge+day,train,785,day_missing_lead138,0.03437003373863435,0.03437003373863435,False,False,0.0011826979937403545,0.0011826979937403545,0.0,1.0,1.1887983694369438e-17,29.060701819548065,1.0408438070250037
YULARA_COMBINED,Ridge+day,train,786,day_missing_lead139,0.03416006412990294,0.03416006412990294,False,False,0.0011682748474752282,0.0011682748474752282,0.0,1.0,1.6807149361005066e-17,29.239749707558957,1.1313810075160056
YULARA_COMBINED,Ridge+day,train,787,day_missing_lead140,0.03394878977910561,0.03394878977910561,False,False,0.001153851701210102,0.001153851701210102,0.0,1.0,2.049652361098179e-17,29.422143021827175,1.249671284323673
YULARA_COMBINED,Ridge+day,train,788,day_missing_lead141,0.03373618617323734,0.03373618617323734,False,False,0.0011394285549449757,0.0011394285549449757,0.0,1.0,4.0993047221963577e-19,29.60798729043781,1.4593498161436356
YULARA_COMBINED,Ridge+day,train,789,day_missing_lead142,0.033522228021230324,0.033522228021230324,False,False,0.0011250054086798494,0.0011250054086798494,0.0,1.0,1.4757496999906888e-17,29.79739276156441,1.893585928381349
YULARA_COMBINED,Ridge+day,train,790,day_missing_lead143,0.033306889219141884,0.033306889219141884,False,False,0.0011105822624147231,0.0011105822624147231,0.0,1.0,2.910506352759414e-17,29.99047467823897,2.6769473089321454
YULARA_COMBINED,Ridge+day,train,791,day_missing_lead144,0.033090142812439244,0.033090142812439244,False,False,0.0010961591161495969,0.0010961591161495969,0.0,1.0,2.1521349791530878e-17,30.187353573715693,4.1581812945818255
YULARA_COMBINED,Ridge+day,validation,0,lag71:historical_ac_active_power,0.2887913556595989,0.2887913556595989,False,False,0.9999855768537349,0.22694267818050726,-8.4152547060512e-05,0.9799339175224304,0.05892112624154663,2.666309555933608,5.9198030399689126
YULARA_COMBINED,Ridge+day,validation,1,lag71:ambient_temperature,0.20734054711214822,0.20734054711214822,False,False,0.9999855768537349,0.5150333394820126,0.11836546659469604,0.8894692659378052,-0.11434393878194672,2.0274664727586864,7.089144771268953
YULARA_COMBINED,Ridge+day,validation,2,lag71:global_horizontal_irradiance,0.23751343888705861,0.23751343888705861,False,False,0.9999855768537349,0.19051933365603588,0.00022741052089259028,0.7927772402763367,0.06163510015011182,2.597314383993431,4.168791666740462
YULARA_COMBINED,Ridge+day,validation,3,lag71:power_missing,0.006577808643541044,0.006577808643541044,False,False,4.3269438795378825e-05,0.00012442453651860148,0.0,1.0,0.012337710341104447,152.0197355608837,0.06710308415653063
YULARA_COMBINED,Ridge+day,validation,4,lag71:temperature_missing,0.007595344404710616,0.007595344404710616,False,False,5.76925850605051e-05,0.1856414084857534,0.0,1.0,24.4338776508402,131.65200340287103,0.24300235965290762
YULARA_COMBINED,Ridge+day,validation,5,lag71:ghi_missing,0.007595344404710616,0.007595344404710616,False,False,5.76925850605051e-05,0.1856414084857534,0.0,1.0,24.4338776508402,131.65200340287103,0.24300235966052103
YULARA_COMBINED,Ridge+day,validation,6,lag71:isolation_forest_flag,0.0999713413083709,0.0999713413083709,False,False,0.010096202385588393,0.0011198208286674132,0.0,1.0,-0.08978954807890892,9.901875724173403,0.43690393678143313
YULARA_COMBINED,Ridge+day,validation,7,lag70:historical_ac_active_power,0.28879381630822604,0.28879381630822604,False,False,0.9999855768537349,0.22694265563234808,-8.4152547060512e-05,0.9799339175224304,0.0589148379094252,2.6662811295976936,4.30846830186099
YULARA_COMBINED,Ridge+day,validation,8,lag70:ambient_temperature,0.20733675897234147,0.20733675897234147,False,False,0.9999855768537349,0.5150507812791386,0.11836546659469604,0.8894692659378052,-0.11426110337720709,2.0275027140332313,5.616739953997219
YULARA_COMBINED,Ridge+day,validation,9,lag70:global_horizontal_irradiance,0.23751403810502017,0.23751403810502017,False,False,0.9999855768537349,0.19051988165645933,0.00022741052089259028,0.7927772402763367,0.061635684198184215,2.597306263608656,1.8119825322278802
YULARA_COMBINED,Ridge+day,validation,10,lag70:power_missing,0.0065778086435410435,0.0065778086435410435,False,False,4.3269438795378825e-05,0.00012442453651860148,0.0,1.0,0.012337710341104447,152.0197355608837,0.06383613993879057
YULARA_COMBINED,Ridge+day,validation,11,lag70:temperature_missing,0.007595344404710616,0.007595344404710616,False,False,5.76925850605051e-05,0.1856414084857534,0.0,1.0,24.433877650840202,131.65200340287103,0.2447257222206635
YULARA_COMBINED,Ridge+day,validation,12,lag70:ghi_missing,0.007595344404710616,0.007595344404710616,False,False,5.76925850605051e-05,0.1856414084857534,0.0,1.0,24.433877650840202,131.65200340287103,0.2447257222323395
YULARA_COMBINED,Ridge+day,validation,13,lag70:isolation_forest_flag,0.0999713413083709,0.0999713413083709,False,False,0.010096202385588393,0.0011198208286674132,0.0,1.0,-0.08978954807890892,9.901875724173403,0.3327431726445493
YULARA_COMBINED,Ridge+day,validation,14,lag69:historical_ac_active_power,0.28879626233672484,0.28879626233672484,False,False,0.9999855768537349,0.2269426332157306,-8.4152547060512e-05,0.9799339175224304,0.0589086238425187,2.66625290944391,3.7990619816897877
YULARA_COMBINED,Ridge+day,validation,15,lag69:ambient_temperature,0.20733279844643585,0.20733279844643585,False,False,0.9999855768537349,0.5150683186498688,0.11836546659469604,0.8894692659378052,-0.11417660047192754,2.0275393439823826,4.444673005644058
YULARA_COMBINED,Ridge+day,validation,16,lag69:global_horizontal_irradiance,0.23751452708654827,0.23751452708654827,False,False,0.9999855768537349,0.19052024262843306,0.00022741052089259028,0.7927772402763367,0.061636078321362336,2.5972999176470566,1.6479985189292283
YULARA_COMBINED,Ridge+day,validation,17,lag69:power_missing,0.0065778086435410435,0.0065778086435410435,False,False,4.3269438795378825e-05,0.00012442453651860148,0.0,1.0,0.012337710341104447,152.0197355608837,0.061238464081821584
YULARA_COMBINED,Ridge+day,validation,18,lag69:temperature_missing,0.007595344404710616,0.007595344404710616,False,False,5.76925850605051e-05,0.1856414084857534,0.0,1.0,24.4338776508402,131.65200340287103,0.24318255476615908
YULARA_COMBINED,Ridge+day,validation,19,lag69:ghi_missing,0.007595344404710616,0.007595344404710616,False,False,5.76925850605051e-05,0.1856414084857534,0.0,1.0,24.4338776508402,131.65200340287103,0.24318255476305606
YULARA_COMBINED,Ridge+day,validation,20,lag69:isolation_forest_flag,0.09997134130837092,0.09997134130837092,False,False,0.010096202385588393,0.0011198208286674132,0.0,1.0,-0.08978954807890892,9.901875724173403,0.2069894680320385
YULARA_COMBINED,Ridge+day,validation,21,lag68:historical_ac_active_power,0.2887983538251611,0.2887983538251611,False,False,0.9999855768537349,0.2269426113150158,-8.4152547060512e-05,0.9799339175224304,0.05890351702650697,2.6662289959773893,3.376151107627622
YULARA_COMBINED,Ridge+day,validation,22,lag68:ambient_temperature,0.20732861814525352,0.20732861814525352,False,False,0.9999855768537349,0.5150860471603911,0.11836546659469604,0.8894692659378052,-0.11409083917342294,2.027577670440269,3.5255303551681116
YULARA_COMBINED,Ridge+day,validation,23,lag68:global_horizontal_irradiance,0.23751489749404456,0.23751489749404456,False,False,0.9999855768537349,0.1905204409050914,0.00022741052089259028,0.7927772402763367,0.061636331520315425,2.597295381649355,1.682765538109441
YULARA_COMBINED,Ridge+day,validation,24,lag68:power_missing,0.0065778086435410435,0.0065778086435410435,False,False,4.3269438795378825e-05,0.00012442453651860148,0.0,1.0,0.012337710341104447,152.0197355608837,0.062306449166822604
YULARA_COMBINED,Ridge+day,validation,25,lag68:temperature_missing,0.007595344404710616,0.007595344404710616,False,False,5.76925850605051e-05,0.1856414084857534,0.0,1.0,24.433877650840202,131.65200340287103,0.24062034516289005
YULARA_COMBINED,Ridge+day,validation,26,lag68:ghi_missing,0.007595344404710616,0.007595344404710616,False,False,5.76925850605051e-05,0.1856414084857534,0.0,1.0,24.433877650840202,131.65200340287103,0.24062034516127964
YULARA_COMBINED,Ridge+day,validation,27,lag68:isolation_forest_flag,0.09997134130837092,0.09997134130837092,False,False,0.010096202385588393,0.0011198208286674132,0.0,1.0,-0.08978954807890892,9.901875724173403,0.19600246692048676
YULARA_COMBINED,Ridge+day,validation,28,lag67:historical_ac_active_power,0.2888003845458112,0.2888003845458112,False,False,0.9999855768537349,0.22694258504713535,-8.4152547060512e-05,0.9799339175224304,0.05889865505526829,2.6662058913648905,3.028315532318244
YULARA_COMBINED,Ridge+day,validation,29,lag67:ambient_temperature,0.20732423189680121,0.20732423189680121,False,False,0.9999855768537349,0.5151041961925472,0.11836546659469604,0.8894692659378052,-0.11400320742799779,2.0276180606851604,2.84691675549017
YULARA_COMBINED,Ridge+day,validation,30,lag67:global_horizontal_irradiance,0.23751511364059263,0.23751511364059263,False,False,0.9999855768537349,0.19052057869772532,0.00022741052089259028,0.7927772402763367,0.061636916071749114,2.597293078525246,1.6581097441718762
YULARA_COMBINED,Ridge+day,validation,31,lag67:power_missing,0.0065778086435410435,0.0065778086435410435,False,False,4.3269438795378825e-05,0.00012442453651860148,0.0,1.0,0.012337710341104447,152.0197355608837,0.061106438179797044
YULARA_COMBINED,Ridge+day,validation,32,lag67:temperature_missing,0.007595344404710616,0.007595344404710616,False,False,5.76925850605051e-05,0.1856414084857534,0.0,1.0,24.4338776508402,131.65200340287103,0.2500070552888923
YULARA_COMBINED,Ridge+day,validation,33,lag67:ghi_missing,0.007595344404710616,0.007595344404710616,False,False,5.76925850605051e-05,0.1856414084857534,0.0,1.0,24.4338776508402,131.65200340287103,0.2500070552895648
YULARA_COMBINED,Ridge+day,validation,34,lag67:isolation_forest_flag,0.09997134130837092,0.09997134130837092,False,False,0.010096202385588393,0.0011198208286674132,0.0,1.0,-0.08978954807890892,9.901875724173403,0.15213186339828266
YULARA_COMBINED,Ridge+day,validation,35,lag66:historical_ac_active_power,0.2888021842100348,0.2888021842100348,False,False,0.9999855768537349,0.22694255728682672,-8.4152547060512e-05,0.9799339175224304,0.05889508946781741,2.666186174524092,2.697837919676951
YULARA_COMBINED,Ridge+day,validation,36,lag66:ambient_temperature,0.2073197321967216,0.2073197321967216,False,False,0.9999855768537349,0.5151229759904673,0.11836546659469604,0.8894692659378052,-0.11391305138805602,2.027660021788808,2.3736291211392886
YULARA_COMBINED,Ridge+day,validation,37,lag66:global_horizontal_irradiance,0.23751517825534477,0.23751517825534477,False,False,0.9999855768537349,0.19052071740137394,0.00022741052089259028,0.7927772402763367,0.06163815687888419,2.597293045542448,1.6626219243961402
YULARA_COMBINED,Ridge+day,validation,38,lag66:power_missing,0.006577808643541043,0.006577808643541043,False,False,4.3269438795378825e-05,0.00012442453651860148,0.0,1.0,0.01233771034110445,152.01973556088373,0.06115086402053549
YULARA_COMBINED,Ridge+day,validation,39,lag66:temperature_missing,0.007595344404710616,0.007595344404710616,False,False,5.76925850605051e-05,0.1856414084857534,0.0,1.0,24.433877650840202,131.65200340287103,0.24388802580126095
YULARA_COMBINED,Ridge+day,validation,40,lag66:ghi_missing,0.007595344404710616,0.007595344404710616,False,False,5.76925850605051e-05,0.1856414084857534,0.0,1.0,24.433877650840202,131.65200340287103,0.24388802580117336
YULARA_COMBINED,Ridge+day,validation,41,lag66:isolation_forest_flag,0.09997134130837092,0.09997134130837092,False,False,0.010096202385588393,0.0011198208286674132,0.0,1.0,-0.08978954807890892,9.901875724173403,0.13842643239024155
YULARA_COMBINED,Ridge+day,validation,42,lag65:historical_ac_active_power,0.2888039321112923,0.2888039321112923,False,False,0.9999855768537349,0.226942529243499,-8.4152547060512e-05,0.9799339175224304,0.058891845529796316,2.6661672478216243,2.5621611158042894
YULARA_COMBINED,Ridge+day,validation,43,lag65:ambient_temperature,0.20731507828627255,0.20731507828627255,False,False,0.9999855768537349,0.5151418131347748,0.11836546659469604,0.8894692659378052,-0.11382196204066433,2.0277027555649405,2.0931337362570317
YULARA_COMBINED,Ridge+day,validation,44,lag65:global_horizontal_irradiance,0.2375151254110116,0.2375151254110116,False,False,0.9999855768537349,0.1905208374929691,0.00022741052089259028,0.7927772402763367,0.06164001717013925,2.597294964370592,1.8337522622512814
YULARA_COMBINED,Ridge+day,validation,45,lag65:power_missing,0.006577808643541043,0.006577808643541043,False,False,4.3269438795378825e-05,0.00012442453651860148,0.0,1.0,0.012337710341104447,152.01973556088373,0.06413488001729992
YULARA_COMBINED,Ridge+day,validation,46,lag65:temperature_missing,0.007595344404710617,0.007595344404710617,False,False,5.76925850605051e-05,0.1856414084857534,0.0,1.0,24.433877650840202,131.65200340287103,0.24932078534006652
YULARA_COMBINED,Ridge+day,validation,47,lag65:ghi_missing,0.007595344404710617,0.007595344404710617,False,False,5.76925850605051e-05,0.1856414084857534,0.0,1.0,24.433877650840202,131.65200340287103,0.24932078534029362
YULARA_COMBINED,Ridge+day,validation,48,lag65:isolation_forest_flag,0.09997134130837092,0.09997134130837092,False,False,0.010096202385588393,0.0011198208286674132,0.0,1.0,-0.08978954807890892,9.901875724173403,0.13287029879385134
YULARA_COMBINED,Ridge+day,validation,49,lag64:historical_ac_active_power,0.2888053118881875,0.2888053118881875,False,False,0.9999855768537349,0.2269425016481777,-8.4152547060512e-05,0.9799339175224304,0.05888955569704448,2.666152597194624,2.3154198141456988
YULARA_COMBINED,Ridge+day,validation,50,lag64:ambient_temperature,0.2073103581938918,0.2073103581938918,False,False,0.9999855768537349,0.515160459135582,0.11836546659469604,0.8894692659378052,-0.11373114824528956,2.027745459916944,1.970611600003683
YULARA_COMBINED,Ridge+day,validation,51,lag64:global_horizontal_irradiance,0.23751498256165857,0.23751498256165857,False,False,0.9999855768537349,0.19052092519942085,0.00022741052089259028,0.7927772402763367,0.061642832016288444,2.597298934976324,1.7648376184780585
YULARA_COMBINED,Ridge+day,validation,52,lag64:power_missing,0.006577808643541043,0.006577808643541043,False,False,4.3269438795378825e-05,0.00012442453651860148,0.0,1.0,0.012337710341104447,152.01973556088373,0.06817855720734442
YULARA_COMBINED,Ridge+day,validation,53,lag64:temperature_missing,0.007595344404710617,0.007595344404710617,False,False,5.76925850605051e-05,0.1856414084857534,0.0,1.0,24.4338776508402,131.65200340287103,0.2541153262916361
YULARA_COMBINED,Ridge+day,validation,54,lag64:ghi_missing,0.007595344404710617,0.007595344404710617,False,False,5.76925850605051e-05,0.1856414084857534,0.0,1.0,24.4338776508402,131.65200340287103,0.2541153262915414
YULARA_COMBINED,Ridge+day,validation,55,lag64:isolation_forest_flag,0.09997134130837092,0.09997134130837092,False,False,0.010096202385588393,0.0011198208286674132,0.0,1.0,-0.08978954807890892,9.901875724173403,0.13115989238504766
YULARA_COMBINED,Ridge+day,validation,56,lag63:historical_ac_active_power,0.2888066675291587,0.2888066675291587,False,False,0.9999855768537349,0.2269424736633763,-8.4152547060512e-05,0.9799339175224304,0.05888808862330362,2.666138988684432,2.3191421824969485
YULARA_COMBINED,Ridge+day,validation,57,lag63:ambient_temperature,0.20730549856458358,0.20730549856458358,False,False,0.9999855768537349,0.5151784456918692,0.11836546659469604,0.8894692659378052,-0.11364339010017924,2.0277893333808437,1.9469541309627907
YULARA_COMBINED,Ridge+day,validation,58,lag63:global_horizontal_irradiance,0.2375147162195381,0.2375147162195381,False,False,0.9999855768537349,0.19052101256169635,0.00022741052089259028,0.7927772402763367,0.06164662402969183,2.597305202582638,1.6481058993741713
YULARA_COMBINED,Ridge+day,validation,59,lag63:power_missing,0.006577808643541043,0.006577808643541043,False,False,4.3269438795378825e-05,0.00012442453651860148,0.0,1.0,0.012337710341104447,152.01973556088373,0.07665456492420522
YULARA_COMBINED,Ridge+day,validation,60,lag63:temperature_missing,0.007595344404710617,0.007595344404710617,False,False,5.76925850605051e-05,0.1856414084857534,0.0,1.0,24.433877650840202,131.65200340287103,0.2510225049624612
YULARA_COMBINED,Ridge+day,validation,61,lag63:ghi_missing,0.007595344404710617,0.007595344404710617,False,False,5.76925850605051e-05,0.1856414084857534,0.0,1.0,24.433877650840202,131.65200340287103,0.2510225049633305
YULARA_COMBINED,Ridge+day,validation,62,lag63:isolation_forest_flag,0.09997134130837092,0.09997134130837092,False,False,0.010096202385588393,0.0011198208286674132,0.0,1.0,-0.08978954807890892,9.901875724173403,0.14239055634657183
YULARA_COMBINED,Ridge+day,validation,63,lag62:historical_ac_active_power,0.28880814519195813,0.28880814519195813,False,False,0.9999855768537349,0.22694245042779262,-8.4152547060512e-05,0.9799339175224304,0.05888781382038469,2.6661254545529802,2.228239805779525
YULARA_COMBINED,Ridge+day,validation,64,lag62:ambient_temperature,0.2073006094621125,0.2073006094621125,False,False,0.9999855768537349,0.5151960404015706,0.11836546659469604,0.8894692659378052,-0.11355733649589585,2.027833299487706,1.9727003871573456
YULARA_COMBINED,Ridge+day,validation,65,lag62:global_horizontal_irradiance,0.23751441608234428,0.23751441608234428,False,False,0.9999855768537349,0.1905212318104366,0.00022741052089259028,0.7927772402763367,0.06165249514753702,2.5973133548113267,1.747172080059398
YULARA_COMBINED,Ridge+day,validation,66,lag62:power_missing,0.006577808643541042,0.006577808643541042,False,False,4.3269438795378825e-05,0.00012442453651860148,0.0,1.0,0.01233771034110445,152.01973556088376,0.08143464349982224
YULARA_COMBINED,Ridge+day,validation,67,lag62:temperature_missing,0.007595344404710617,0.007595344404710617,False,False,5.76925850605051e-05,0.1856414084857534,0.0,1.0,24.433877650840202,131.65200340287103,0.2501543122427117
YULARA_COMBINED,Ridge+day,validation,68,lag62:ghi_missing,0.007595344404710617,0.007595344404710617,False,False,5.76925850605051e-05,0.1856414084857534,0.0,1.0,24.433877650840202,131.65200340287103,0.2501543122429092
YULARA_COMBINED,Ridge+day,validation,69,lag62:isolation_forest_flag,0.09997134130837092,0.09997134130837092,False,False,0.010096202385588393,0.0011198208286674132,0.0,1.0,-0.08978954807890892,9.901875724173403,0.14323279031609137
YULARA_COMBINED,Ridge+day,validation,70,lag61:historical_ac_active_power,0.2888095316486413,0.2888095316486413,False,False,0.9999855768537349,0.22694242704852685,-8.4152547060512e-05,0.9799339175224304,0.058888186008650166,2.666113391407947,2.183732432152951
YULARA_COMBINED,Ridge+day,validation,71,lag61:ambient_temperature,0.2072956267296773,0.2072956267296773,False,False,0.9999855768537349,0.5152139122687911,0.11836546659469604,0.8894692659378052,-0.1134692288200536,2.027877419358502,2.013366024139985
YULARA_COMBINED,Ridge+day,validation,72,lag61:global_horizontal_irradiance,0.23751399317071017,0.23751399317071017,False,False,0.9999855768537349,0.1905216000131967,0.00022741052089259028,0.7927772402763367,0.06166011999537984,2.5973239443590934,1.7580233730023427
YULARA_COMBINED,Ridge+day,validation,73,lag61:power_missing,0.006577808643541042,0.006577808643541042,False,False,4.3269438795378825e-05,0.00012442453651860148,0.0,1.0,0.01233771034110445,152.01973556088376,0.08614287940476444
YULARA_COMBINED,Ridge+day,validation,74,lag61:temperature_missing,0.007595344404710617,0.007595344404710617,False,False,5.76925850605051e-05,0.1856414084857534,0.0,1.0,24.433877650840202,131.65200340287103,0.25079082266951497
YULARA_COMBINED,Ridge+day,validation,75,lag61:ghi_missing,0.007595344404710617,0.007595344404710617,False,False,5.76925850605051e-05,0.1856414084857534,0.0,1.0,24.433877650840202,131.65200340287103,0.2507908226690808
YULARA_COMBINED,Ridge+day,validation,76,lag61:isolation_forest_flag,0.09997134130837092,0.09997134130837092,False,False,0.010096202385588393,0.0011198208286674132,0.0,1.0,-0.08978954807890892,9.901875724173403,0.1415549272350326
YULARA_COMBINED,Ridge+day,validation,77,lag60:historical_ac_active_power,0.28881068567248136,0.28881068567248136,False,False,0.9999855768537349,0.22694243506023662,-8.4152547060512e-05,0.9799339175224304,0.05889104108361712,2.666105800845329,1.972333561924419
YULARA_COMBINED,Ridge+day,validation,78,lag60:ambient_temperature,0.2072907188965675,0.2072907188965675,False,False,0.9999855768537349,0.515232185542183,0.11836546659469604,0.8894692659378052,-0.11337806527440493,2.0279197343855664,2.056854000357687
YULARA_COMBINED,Ridge+day,validation,79,lag60:global_horizontal_irradiance,0.23751342494048364,0.23751342494048364,False,False,0.9999855768537349,0.1905221282937598,0.00022741052089259028,0.7927772402763367,0.06166958543650263,2.5973372519420512,1.4849320499228997
YULARA_COMBINED,Ridge+day,validation,80,lag60:power_missing,0.006577808643541042,0.006577808643541042,False,False,4.3269438795378825e-05,0.00012442453651860148,0.0,1.0,0.01233771034110445,152.01973556088376,0.08511656187929711
YULARA_COMBINED,Ridge+day,validation,81,lag60:temperature_missing,0.007595344404710617,0.007595344404710617,False,False,5.76925850605051e-05,0.1856414084857534,0.0,1.0,24.433877650840202,131.65200340287103,0.25059465888410576
YULARA_COMBINED,Ridge+day,validation,82,lag60:ghi_missing,0.007595344404710617,0.007595344404710617,False,False,5.76925850605051e-05,0.1856414084857534,0.0,1.0,24.433877650840202,131.65200340287103,0.2505946588831927
YULARA_COMBINED,Ridge+day,validation,83,lag60:isolation_forest_flag,0.09997134130837092,0.09997134130837092,False,False,0.010096202385588393,0.0011198208286674132,0.0,1.0,-0.08978954807890892,9.901875724173403,0.1458931230189585
YULARA_COMBINED,Ridge+day,validation,84,lag59:historical_ac_active_power,0.28881190751438746,0.28881190751438746,False,False,0.9999855768537349,0.2269429975549855,-8.4152547060512e-05,0.9799339175224304,0.0588961825437035,2.666097964658362,1.8740351097098682
YULARA_COMBINED,Ridge+day,validation,85,lag59:ambient_temperature,0.20728578004243906,0.20728578004243906,False,False,0.9999855768537349,0.5152506021685649,0.11836546659469604,0.8894692659378052,-0.11328594487378804,2.0279620769876834,2.097186901133346
YULARA_COMBINED,Ridge+day,validation,86,lag59:global_horizontal_irradiance,0.23751266837598928,0.23751266837598928,False,False,0.9999855768537349,0.19052300926570104,0.00022741052089259028,0.7927772402763367,0.06168174414827898,2.5973537785226735,1.3152310023089613
YULARA_COMBINED,Ridge+day,validation,87,lag59:power_missing,0.006577808643541041,0.006577808643541041,False,False,4.3269438795378825e-05,0.00012442453651860148,0.0,1.0,0.012337710341104443,152.01973556088376,0.08777942144312575
YULARA_COMBINED,Ridge+day,validation,88,lag59:temperature_missing,0.007595344404710617,0.007595344404710617,False,False,5.76925850605051e-05,0.1856414084857534,0.0,1.0,24.433877650840202,131.65200340287103,0.24991484293574254
YULARA_COMBINED,Ridge+day,validation,89,lag59:ghi_missing,0.007595344404710617,0.007595344404710617,False,False,5.76925850605051e-05,0.1856414084857534,0.0,1.0,24.433877650840202,131.65200340287103,0.24991484293545202
YULARA_COMBINED,Ridge+day,validation,90,lag59:isolation_forest_flag,0.09997134130837092,0.09997134130837092,False,False,0.010096202385588393,0.0011198208286674132,0.0,1.0,-0.08978954807890892,9.901875724173403,0.20284044703109386
YULARA_COMBINED,Ridge+day,validation,91,lag58:historical_ac_active_power,0.2888128740446459,0.2888128740446459,False,False,0.9999855768537349,0.22694615713262375,-8.4152547060512e-05,0.9799339175224304,0.0589124917443926,2.6660946088179087,1.8106164664149196
YULARA_COMBINED,Ridge+day,validation,92,lag58:ambient_temperature,0.20728089421621665,0.20728089421621665,False,False,0.9999855768537349,0.5152685313784647,0.11836546659469604,0.8894692659378052,-0.11319521797367964,2.0280029781609517,2.1202146856632007
YULARA_COMBINED,Ridge+day,validation,93,lag58:global_horizontal_irradiance,0.2375117825016859,0.2375117825016859,False,False,0.9999855768537349,0.19052532923455825,0.00022741052089259028,0.7927772402763367,0.06170103748845515,2.597372761637566,1.322945036428267
YULARA_COMBINED,Ridge+day,validation,94,lag58:power_missing,0.006577808643541041,0.006577808643541041,False,False,4.3269438795378825e-05,0.00012442453651860148,0.0,1.0,0.012337710341104443,152.01973556088376,0.09114403661503687
YULARA_COMBINED,Ridge+day,validation,95,lag58:temperature_missing,0.007595344404710617,0.007595344404710617,False,False,5.76925850605051e-05,0.1856414084857534,0.0,1.0,24.433877650840202,131.65200340287103,0.251002957321815
YULARA_COMBINED,Ridge+day,validation,96,lag58:ghi_missing,0.007595344404710617,0.007595344404710617,False,False,5.76925850605051e-05,0.1856414084857534,0.0,1.0,24.433877650840202,131.65200340287103,0.2510029573203503
YULARA_COMBINED,Ridge+day,validation,97,lag58:isolation_forest_flag,0.09997134130837092,0.09997134130837092,False,False,0.010096202385588393,0.0011198208286674132,0.0,1.0,-0.08978954807890892,9.901875724173403,0.17310650694044027
YULARA_COMBINED,Ridge+day,validation,98,lag57:historical_ac_active_power,0.2888138362439346,0.2888138362439346,False,False,0.9999855768537349,0.22694889935968426,-8.4152547060512e-05,0.9799339175224304,0.058927395265766055,2.6660913315765207,1.8034236635254979
YULARA_COMBINED,Ridge+day,validation,99,lag57:ambient_temperature,0.2072758175342521,0.2072758175342521,False,False,0.9999855768537349,0.5152847116329383,0.11836546659469604,0.8894692659378052,-0.11311225910258886,2.028044978992365,2.12987935113321
YULARA_COMBINED,Ridge+day,validation,100,lag57:global_horizontal_irradiance,0.23751067818816987,0.23751067818816987,False,False,0.9999855768537349,0.1905278136427735,0.00022741052089259028,0.7927772402763367,0.061722024681019824,2.5973950783212687,1.308755559473734
YULARA_COMBINED,Ridge+day,validation,101,lag57:power_missing,0.006577808643541041,0.006577808643541041,False,False,4.3269438795378825e-05,0.00012442453651860148,0.0,1.0,0.012337710341104443,152.01973556088376,0.09557940186683007
YULARA_COMBINED,Ridge+day,validation,102,lag57:temperature_missing,0.007595344404710617,0.007595344404710617,False,False,5.76925850605051e-05,0.1856414084857534,0.0,1.0,24.433877650840202,131.65200340287103,0.2601322841985159
YULARA_COMBINED,Ridge+day,validation,103,lag57:ghi_missing,0.007595344404710617,0.007595344404710617,False,False,5.76925850605051e-05,0.1856414084857534,0.0,1.0,24.433877650840202,131.65200340287103,0.26013228419890805
YULARA_COMBINED,Ridge+day,validation,104,lag57:isolation_forest_flag,0.09997134130837092,0.09997134130837092,False,False,0.010096202385588393,0.0011198208286674132,0.0,1.0,-0.08978954807890892,9.901875724173403,0.21049660842225074
YULARA_COMBINED,Ridge+day,validation,105,lag56:historical_ac_active_power,0.2888142974216451,0.2888142974216451,False,False,0.9999855768537349,0.2269518914452972,-8.4152547060512e-05,0.9799339175224304,0.058944965519245454,2.6660943788249223,1.8584212904064394
YULARA_COMBINED,Ridge+day,validation,106,lag56:ambient_temperature,0.20727070731176034,0.20727070731176034,False,False,0.9999855768537349,0.5152998692750619,0.11836546659469604,0.8894692659378052,-0.11303393280803672,2.028086994711899,2.139457224452398
YULARA_COMBINED,Ridge+day,validation,107,lag56:global_horizontal_irradiance,0.23750923684790817,0.23750923684790817,False,False,0.9999855768537349,0.19053071457597165,0.00022741052089259028,0.7927772402763367,0.06174439750510017,2.59742062506176,1.17352238529488
YULARA_COMBINED,Ridge+day,validation,108,lag56:power_missing,0.006577808643541041,0.006577808643541041,False,False,4.3269438795378825e-05,0.00012442453651860148,0.0,1.0,0.012337710341104443,152.01973556088376,0.09418115117489931
YULARA_COMBINED,Ridge+day,validation,109,lag56:temperature_missing,0.007595344404710617,0.007595344404710617,False,False,5.76925850605051e-05,0.1856414084857534,0.0,1.0,24.433877650840202,131.65200340287103,0.25756948741736757
YULARA_COMBINED,Ridge+day,validation,110,lag56:ghi_missing,0.007595344404710617,0.007595344404710617,False,False,5.76925850605051e-05,0.1856414084857534,0.0,1.0,24.433877650840202,131.65200340287103,0.25756948741674546
YULARA_COMBINED,Ridge+day,validation,111,lag56:isolation_forest_flag,0.09997134130837092,0.09997134130837092,False,False,0.010096202385588393,0.0011198208286674132,0.0,1.0,-0.08978954807890892,9.901875724173403,0.1382617718618301
YULARA_COMBINED,Ridge+day,validation,112,lag55:historical_ac_active_power,0.28881427072377147,0.28881427072377147,False,False,0.9999855768537349,0.22695377486808543,-8.4152547060512e-05,0.9799339175224304,0.058955750732246265,2.6660988838169417,1.8286086751774024
YULARA_COMBINED,Ridge+day,validation,113,lag55:ambient_temperature,0.20726541695994488,0.20726541695994488,False,False,0.9999855768537349,0.5153131919440322,0.11836546659469604,0.8894692659378052,-0.1129646395832325,2.0281308606129973,2.1396707194874143
YULARA_COMBINED,Ridge+day,validation,114,lag55:global_horizontal_irradiance,0.23750747493946633,0.23750747493946633,False,False,0.9999855768537349,0.19053291589935045,0.00022741052089259028,0.7927772402763367,0.06176391748547626,2.5974496870827513,1.107024773144499
YULARA_COMBINED,Ridge+day,validation,115,lag55:power_missing,0.006577808643541041,0.006577808643541041,False,False,4.3269438795378825e-05,0.00012442453651860148,0.0,1.0,0.012337710341104443,152.01973556088376,0.09038092996110816
YULARA_COMBINED,Ridge+day,validation,116,lag55:temperature_missing,0.007595344404710617,0.007595344404710617,False,False,5.76925850605051e-05,0.1856414084857534,0.0,1.0,24.433877650840202,131.65200340287103,0.25323734987775814
YULARA_COMBINED,Ridge+day,validation,117,lag55:ghi_missing,0.007595344404710617,0.007595344404710617,False,False,5.76925850605051e-05,0.1856414084857534,0.0,1.0,24.433877650840202,131.65200340287103,0.2532373498772281
YULARA_COMBINED,Ridge+day,validation,118,lag55:isolation_forest_flag,0.09997134130837092,0.09997134130837092,False,False,0.010096202385588393,0.0011198208286674132,0.0,1.0,-0.08978954807890892,9.901875724173403,0.1501550404226518
YULARA_COMBINED,Ridge+day,validation,119,lag54:historical_ac_active_power,0.28881447194671195,0.28881447194671195,False,False,0.9999855768537349,0.2269550692929372,-8.4152547060512e-05,0.9799339175224304,0.05897149049457982,2.6661083252734907,1.801239528762522
YULARA_COMBINED,Ridge+day,validation,120,lag54:ambient_temperature,0.2072601569519266,0.2072601569519266,False,False,0.9999855768537349,0.515325339084369,0.11836546659469604,0.8894692659378052,-0.11290225418100686,2.02817568795413,2.1343586573031126
YULARA_COMBINED,Ridge+day,validation,121,lag54:global_horizontal_irradiance,0.23750550083763564,0.23750550083763564,False,False,0.9999855768537349,0.1905338734625209,0.00022741052089259028,0.7927772402763367,0.06177927759521457,2.5974820915924517,1.1447913969613175
YULARA_COMBINED,Ridge+day,validation,122,lag54:power_missing,0.006577808643541041,0.006577808643541041,False,False,4.3269438795378825e-05,0.00012442453651860148,0.0,1.0,0.012337710341104443,152.01973556088376,0.08795270011611966
YULARA_COMBINED,Ridge+day,validation,123,lag54:temperature_missing,0.007595344404710617,0.007595344404710617,False,False,5.76925850605051e-05,0.1856414084857534,0.0,1.0,24.433877650840202,131.65200340287103,0.2560443463997111
YULARA_COMBINED,Ridge+day,validation,124,lag54:ghi_missing,0.007595344404710617,0.007595344404710617,False,False,5.76925850605051e-05,0.1856414084857534,0.0,1.0,24.433877650840202,131.65200340287103,0.2560443463985697
YULARA_COMBINED,Ridge+day,validation,125,lag54:isolation_forest_flag,0.09997134130837092,0.09997134130837092,False,False,0.010096202385588393,0.0011198208286674132,0.0,1.0,-0.08978954807890892,9.901875724173403,0.13565293708988482
YULARA_COMBINED,Ridge+day,validation,126,lag53:historical_ac_active_power,0.2888145183154396,0.2888145183154396,False,False,0.9999855768537349,0.2269562883213676,-8.4152547060512e-05,0.9799339175224304,0.05898613836544058,2.666118333772148,1.8388230894615794
YULARA_COMBINED,Ridge+day,validation,127,lag53:ambient_temperature,0.20725491024246992,0.20725491024246992,False,False,0.9999855768537349,0.5153372950849137,0.11836546659469604,0.8894692659378052,-0.11284267288188589,2.0282222796945573,2.125558716895056
YULARA_COMBINED,Ridge+day,validation,128,lag53:global_horizontal_irradiance,0.23750341265136599,0.23750341265136599,False,False,0.9999855768537349,0.1905352758600936,0.00022741052089259028,0.7927772402763367,0.06180010798679627,2.597519311736854,1.295765729341251
YULARA_COMBINED,Ridge+day,validation,129,lag53:power_missing,0.006577808643541041,0.006577808643541041,False,False,4.3269438795378825e-05,0.00012442453651860148,0.0,1.0,0.012337710341104443,152.01973556088376,0.08443888121362031
YULARA_COMBINED,Ridge+day,validation,130,lag53:temperature_missing,0.007595344404710617,0.007595344404710617,False,False,5.76925850605051e-05,0.1856414084857534,0.0,1.0,24.433877650840202,131.65200340287103,0.2649860499769102
YULARA_COMBINED,Ridge+day,validation,131,lag53:ghi_missing,0.007595344404710617,0.007595344404710617,False,False,5.76925850605051e-05,0.1856414084857534,0.0,1.0,24.433877650840202,131.65200340287103,0.2649860499769823
YULARA_COMBINED,Ridge+day,validation,132,lag53:isolation_forest_flag,0.09997134130837092,0.09997134130837092,False,False,0.010096202385588393,0.0011198208286674132,0.0,1.0,-0.08978954807890892,9.901875724173403,0.1348308025952641
YULARA_COMBINED,Ridge+day,validation,133,lag52:historical_ac_active_power,0.2888139215843157,0.2888139215843157,False,False,0.9999855768537349,0.22695771151722036,-8.4152547060512e-05,0.9799339175224304,0.059004336162541596,2.6661369905536074,1.831026419755335
YULARA_COMBINED,Ridge+day,validation,134,lag52:ambient_temperature,0.2072494903447324,0.2072494903447324,False,False,0.9999855768537349,0.5153496429209198,0.11836546659469604,0.8894692659378052,-0.11278138304217676,2.028270659594281,2.1117488481025326
YULARA_COMBINED,Ridge+day,validation,135,lag52:global_horizontal_irradiance,0.23750108113314786,0.23750108113314786,False,False,0.9999855768537349,0.1905366766554601,0.00022741052089259028,0.7927772402763367,0.06182224894730261,2.5975604474746956,1.2297159057062301
YULARA_COMBINED,Ridge+day,validation,136,lag52:power_missing,0.00657780864354104,0.00657780864354104,False,False,4.3269438795378825e-05,0.00012442453651860148,0.0,1.0,0.01233771034110445,152.0197355608838,0.08196068560233387
YULARA_COMBINED,Ridge+day,validation,137,lag52:temperature_missing,0.007595344404710617,0.007595344404710617,False,False,5.76925850605051e-05,0.1856414084857534,0.0,1.0,24.433877650840202,131.65200340287103,0.26404779995632793
YULARA_COMBINED,Ridge+day,validation,138,lag52:ghi_missing,0.007595344404710617,0.007595344404710617,False,False,5.76925850605051e-05,0.1856414084857534,0.0,1.0,24.433877650840202,131.65200340287103,0.2640477999569965
YULARA_COMBINED,Ridge+day,validation,139,lag52:isolation_forest_flag,0.09997134130837093,0.09997134130837093,False,False,0.010096202385588393,0.0011198208286674132,0.0,1.0,-0.08978954807890888,9.9018757241734,0.13133797816214057
YULARA_COMBINED,Ridge+day,validation,140,lag51:historical_ac_active_power,0.28881322009667887,0.28881322009667887,False,False,0.9999855768537349,0.2269591940609441,-8.4152547060512e-05,0.9799339175224304,0.05901990858057136,2.666153762112039,1.7995382313515604
YULARA_COMBINED,Ridge+day,validation,141,lag51:ambient_temperature,0.20724431634956822,0.20724431634956822,False,False,0.9999855768537349,0.5153621532290866,0.11836546659469604,0.8894692659378052,-0.11271885154782812,2.0283163146153247,2.106755912975098
YULARA_COMBINED,Ridge+day,validation,142,lag51:global_horizontal_irradiance,0.2374984618548239,0.2374984618548239,False,False,0.9999855768537349,0.1905385103892545,0.00022741052089259028,0.7927772402763367,0.06184648811310771,2.597604931278157,1.3214512198351336
YULARA_COMBINED,Ridge+day,validation,143,lag51:power_missing,0.00657780864354104,0.00657780864354104,False,False,4.3269438795378825e-05,0.00012442453651860148,0.0,1.0,0.01233771034110445,152.0197355608838,0.07907508648917345
YULARA_COMBINED,Ridge+day,validation,144,lag51:temperature_missing,0.007595344404710617,0.007595344404710617,False,False,5.76925850605051e-05,0.1856414084857534,0.0,1.0,24.433877650840202,131.65200340287103,0.26431368522042675
YULARA_COMBINED,Ridge+day,validation,145,lag51:ghi_missing,0.007595344404710617,0.007595344404710617,False,False,5.76925850605051e-05,0.1856414084857534,0.0,1.0,24.433877650840202,131.65200340287103,0.26431368521917586
YULARA_COMBINED,Ridge+day,validation,146,lag51:isolation_forest_flag,0.09997134130837093,0.09997134130837093,False,False,0.010096202385588393,0.0011198208286674132,0.0,1.0,-0.08978954807890888,9.9018757241734,0.15727601394178728
YULARA_COMBINED,Ridge+day,validation,147,lag50:historical_ac_active_power,0.2888118255514123,0.2888118255514123,False,False,0.9999855768537349,0.2269614748306603,-8.4152547060512e-05,0.9799339175224304,0.05904267606815483,2.6661812212235056,1.803757724522029
YULARA_COMBINED,Ridge+day,validation,148,lag50:ambient_temperature,0.20723933776110595,0.20723933776110595,False,False,0.9999855768537349,0.5153746635335453,0.11836546659469604,0.8894692659378052,-0.1126563016013137,2.028360150242731,2.095853520132725
YULARA_COMBINED,Ridge+day,validation,149,lag50:global_horizontal_irradiance,0.2374955782210606,0.2374955782210606,False,False,0.9999855768537349,0.19054067700499194,0.00022741052089259028,0.7927772402763367,0.061874304663650286,2.5976544138443933,1.2798539785059118
YULARA_COMBINED,Ridge+day,validation,150,lag50:power_missing,0.00657780864354104,0.00657780864354104,False,False,4.3269438795378825e-05,0.00012442453651860148,0.0,1.0,0.01233771034110445,152.0197355608838,0.08118080552761171
YULARA_COMBINED,Ridge+day,validation,151,lag50:temperature_missing,0.007595344404710617,0.007595344404710617,False,False,5.76925850605051e-05,0.1856414084857534,0.0,1.0,24.433877650840202,131.65200340287103,0.2681371756547302
YULARA_COMBINED,Ridge+day,validation,152,lag50:ghi_missing,0.007595344404710617,0.007595344404710617,False,False,5.76925850605051e-05,0.1856414084857534,0.0,1.0,24.433877650840202,131.65200340287103,0.26813717565452916
YULARA_COMBINED,Ridge+day,validation,153,lag50:isolation_forest_flag,0.09997134130837093,0.09997134130837093,False,False,0.010096202385588393,0.0011198208286674132,0.0,1.0,-0.08978954807890888,9.9018757241734,0.14991940178867844
YULARA_COMBINED,Ridge+day,validation,154,lag49:historical_ac_active_power,0.28880999539301583,0.28880999539301583,False,False,0.9999855768537349,0.22696455828635387,-8.4152547060512e-05,0.9799339175224304,0.05906768199323088,2.666212071893683,1.7408181003340972
YULARA_COMBINED,Ridge+day,validation,155,lag49:ambient_temperature,0.20723431964425942,0.20723431964425942,False,False,0.9999855768537349,0.5153866099670883,0.11836546659469604,0.8894692659378052,-0.11259548068480629,2.028403364504064,2.063610193411592
YULARA_COMBINED,Ridge+day,validation,156,lag49:global_horizontal_irradiance,0.23749240198635482,0.23749240198635482,False,False,0.9999855768537349,0.19054332713703015,0.00022741052089259028,0.7927772402763367,0.06190504861040602,2.5977079126275378,1.3731805041732819
YULARA_COMBINED,Ridge+day,validation,157,lag49:power_missing,0.00657780864354104,0.00657780864354104,False,False,4.3269438795378825e-05,0.00012442453651860148,0.0,1.0,0.012337710341104443,152.0197355608838,0.08174171583653457
YULARA_COMBINED,Ridge+day,validation,158,lag49:temperature_missing,0.007595344404710617,0.007595344404710617,False,False,5.76925850605051e-05,0.1856414084857534,0.0,1.0,24.433877650840202,131.65200340287103,0.26467891959588924
YULARA_COMBINED,Ridge+day,validation,159,lag49:ghi_missing,0.007595344404710617,0.007595344404710617,False,False,5.76925850605051e-05,0.1856414084857534,0.0,1.0,24.433877650840202,131.65200340287103,0.26467891959572243
YULARA_COMBINED,Ridge+day,validation,160,lag49:isolation_forest_flag,0.09997134130837093,0.09997134130837093,False,False,0.010096202385588393,0.0011198208286674132,0.0,1.0,-0.08978954807890888,9.9018757241734,0.1594347194660564
YULARA_COMBINED,Ridge+day,validation,161,lag48:historical_ac_active_power,0.28880778227756726,0.28880778227756726,False,False,0.9999855768537349,0.2269668906157332,-8.4152547060512e-05,0.9799339175224304,0.059091395332089736,2.6662476878970733,1.7529890175049894
YULARA_COMBINED,Ridge+day,validation,162,lag48:ambient_temperature,0.20722909292822717,0.20722909292822717,False,False,0.9999855768537349,0.5153976389140547,0.11836546659469604,0.8894692659378052,-0.11253780218408452,2.0284472273962524,2.0256069983885987
YULARA_COMBINED,Ridge+day,validation,163,lag48:global_horizontal_irradiance,0.23748859847606713,0.23748859847606713,False,False,0.9999855768537349,0.19054629694452818,0.00022741052089259028,0.7927772402763367,0.06193512163258107,2.59776609287181,1.3067519045786573
YULARA_COMBINED,Ridge+day,validation,164,lag48:power_missing,0.006577808643541039,0.006577808643541039,False,False,4.3269438795378825e-05,0.00012442453651860148,0.0,1.0,0.01233771034110445,152.01973556088382,0.08777108283734382
YULARA_COMBINED,Ridge+day,validation,165,lag48:temperature_missing,0.007595344404710617,0.007595344404710617,False,False,5.76925850605051e-05,0.1856414084857534,0.0,1.0,24.433877650840202,131.65200340287103,0.2622750739882843
YULARA_COMBINED,Ridge+day,validation,166,lag48:ghi_missing,0.007595344404710617,0.007595344404710617,False,False,5.76925850605051e-05,0.1856414084857534,0.0,1.0,24.433877650840202,131.65200340287103,0.2622750739885309
YULARA_COMBINED,Ridge+day,validation,167,lag48:isolation_forest_flag,0.09997134130837093,0.09997134130837093,False,False,0.010096202385588393,0.0011198208286674132,0.0,1.0,-0.08978954807890888,9.9018757241734,0.15913460294378126
YULARA_COMBINED,Ridge+day,validation,168,lag47:historical_ac_active_power,0.2888053632500434,0.2888053632500434,False,False,0.9999855768537349,0.22697021011640325,-8.4152547060512e-05,0.9799339175224304,0.059117321105977554,2.666283957253667,1.7590421648594359
YULARA_COMBINED,Ridge+day,validation,169,lag47:ambient_temperature,0.20722376111119833,0.20722376111119833,False,False,0.9999855768537349,0.5154084958366913,0.11836546659469604,0.8894692659378052,-0.11248169227430219,2.028492805637591,2.0075652618039412
YULARA_COMBINED,Ridge+day,validation,170,lag47:global_horizontal_irradiance,0.23748444533945373,0.23748444533945373,False,False,0.9999855768537349,0.19054901657591963,0.00022741052089259028,0.7927772402763367,0.06196376867932357,2.5978276347932012,1.247650094757533
YULARA_COMBINED,Ridge+day,validation,171,lag47:power_missing,0.006577808643541038,0.006577808643541038,False,False,4.3269438795378825e-05,0.00012442453651860148,0.0,1.0,0.01233771034110444,152.01973556088382,0.08425507818507248
YULARA_COMBINED,Ridge+day,validation,172,lag47:temperature_missing,0.007595344404710617,0.007595344404710617,False,False,5.76925850605051e-05,0.1856414084857534,0.0,1.0,24.433877650840202,131.65200340287103,0.26056320513283265
YULARA_COMBINED,Ridge+day,validation,173,lag47:ghi_missing,0.007595344404710617,0.007595344404710617,False,False,5.76925850605051e-05,0.1856414084857534,0.0,1.0,24.433877650840202,131.65200340287103,0.2605632051318178
YULARA_COMBINED,Ridge+day,validation,174,lag47:isolation_forest_flag,0.09997134130837093,0.09997134130837093,False,False,0.010096202385588393,0.0011198208286674132,0.0,1.0,-0.08978954807890888,9.9018757241734,0.2282851298724003
YULARA_COMBINED,Ridge+day,validation,175,lag46:historical_ac_active_power,0.28880249714303063,0.28880249714303063,False,False,0.9999855768537349,0.22697367216488776,-8.4152547060512e-05,0.9799339175224304,0.05914509567720462,2.666325618027868,1.7708295442871662
YULARA_COMBINED,Ridge+day,validation,176,lag46:ambient_temperature,0.20721809034550914,0.20721809034550914,False,False,0.9999855768537349,0.5154193432034508,0.11836546659469604,0.8894692659378052,-0.11242660074723645,2.0285424955840203,1.985151967482735
YULARA_COMBINED,Ridge+day,validation,177,lag46:global_horizontal_irradiance,0.23747995591640544,0.23747995591640544,False,False,0.9999855768537349,0.19055290169572056,0.00022741052089259028,0.7927772402763367,0.061997734840468915,2.597893180233777,1.2422013139340062
YULARA_COMBINED,Ridge+day,validation,178,lag46:power_missing,0.006577808643541039,0.006577808643541039,False,False,4.3269438795378825e-05,0.00012442453651860148,0.0,1.0,0.01233771034110445,152.01973556088382,0.08205935970200001
YULARA_COMBINED,Ridge+day,validation,179,lag46:temperature_missing,0.007595344404710618,0.007595344404710618,False,False,5.76925850605051e-05,0.1856414084857534,0.0,1.0,24.433877650840202,131.652003402871,0.26155666463463495
YULARA_COMBINED,Ridge+day,validation,180,lag46:ghi_missing,0.007595344404710618,0.007595344404710618,False,False,5.76925850605051e-05,0.1856414084857534,0.0,1.0,24.433877650840202,131.652003402871,0.26155666463508126
YULARA_COMBINED,Ridge+day,validation,181,lag46:isolation_forest_flag,0.09997134130837093,0.09997134130837093,False,False,0.010096202385588393,0.0011198208286674132,0.0,1.0,-0.08978954807890888,9.9018757241734,0.23509813735467408
YULARA_COMBINED,Ridge+day,validation,182,lag45:historical_ac_active_power,0.2887994819707863,0.2887994819707863,False,False,0.9999855768537349,0.22697701598240028,-8.4152547060512e-05,0.9799339175224304,0.05917120372351033,2.6663673676563664,1.7207837031587203
YULARA_COMBINED,Ridge+day,validation,183,lag45:ambient_temperature,0.20721238239767792,0.20721238239767792,False,False,0.9999855768537349,0.5154302096856728,0.11836546659469604,0.8894692659378052,-0.11237050917748857,2.0285916273196367,1.9709117753945438
YULARA_COMBINED,Ridge+day,validation,184,lag45:global_horizontal_irradiance,0.23747516658749804,0.23747516658749804,False,False,0.9999855768537349,0.1905560319022682,0.00022741052089259028,0.7927772402763367,0.06202899456388116,2.5979624019510457,1.2569625166484837
YULARA_COMBINED,Ridge+day,validation,185,lag45:power_missing,0.006577808643541038,0.006577808643541038,False,False,4.3269438795378825e-05,0.00012442453651860148,0.0,1.0,0.01233771034110444,152.01973556088382,0.07635655418592044
YULARA_COMBINED,Ridge+day,validation,186,lag45:temperature_missing,0.007595344404710618,0.007595344404710618,False,False,5.76925850605051e-05,0.1856414084857534,0.0,1.0,24.433877650840202,131.652003402871,0.2619105090573432
YULARA_COMBINED,Ridge+day,validation,187,lag45:ghi_missing,0.007595344404710618,0.007595344404710618,False,False,5.76925850605051e-05,0.1856414084857534,0.0,1.0,24.433877650840202,131.652003402871,0.2619105090578892
YULARA_COMBINED,Ridge+day,validation,188,lag45:isolation_forest_flag,0.09997134130837093,0.09997134130837093,False,False,0.010096202385588393,0.0011198208286674132,0.0,1.0,-0.08978954807890888,9.9018757241734,0.19949762282038008
YULARA_COMBINED,Ridge+day,validation,189,lag44:historical_ac_active_power,0.28879585764407245,0.28879585764407245,False,False,0.9999855768537349,0.2269854800327506,-8.4152547060512e-05,0.9799339175224304,0.05921633559922958,2.666415911216599,1.682960884129389
YULARA_COMBINED,Ridge+day,validation,190,lag44:ambient_temperature,0.20720671775173907,0.20720671775173907,False,False,0.9999855768537349,0.5154419363117921,0.11836546659469604,0.8894692659378052,-0.11230997791959264,2.028640075831022,1.9844512802299832
YULARA_COMBINED,Ridge+day,validation,191,lag44:global_horizontal_irradiance,0.23747001376500357,0.23747001376500357,False,False,0.9999855768537349,0.19056018194912822,0.00022741052089259028,0.7927772402763367,0.06206490856256696,2.5980358666606813,1.3136735644746562
YULARA_COMBINED,Ridge+day,validation,192,lag44:power_missing,0.006577808643541038,0.006577808643541038,False,False,4.3269438795378825e-05,0.00012442453651860148,0.0,1.0,0.01233771034110444,152.01973556088382,0.07693117229117255
YULARA_COMBINED,Ridge+day,validation,193,lag44:temperature_missing,0.007595344404710618,0.007595344404710618,False,False,5.76925850605051e-05,0.1856414084857534,0.0,1.0,24.433877650840202,131.652003402871,0.26176028209567265
YULARA_COMBINED,Ridge+day,validation,194,lag44:ghi_missing,0.007595344404710618,0.007595344404710618,False,False,5.76925850605051e-05,0.1856414084857534,0.0,1.0,24.433877650840202,131.652003402871,0.2617602820963766
YULARA_COMBINED,Ridge+day,validation,195,lag44:isolation_forest_flag,0.09997134130837093,0.09997134130837093,False,False,0.010096202385588393,0.0011198208286674132,0.0,1.0,-0.08978954807890888,9.9018757241734,0.19368834747732658
YULARA_COMBINED,Ridge+day,validation,196,lag43:historical_ac_active_power,0.2887922907759606,0.2887922907759606,False,False,0.9999855768537349,0.22699243701895214,-8.4152547060512e-05,0.9799339175224304,0.0592546687484086,2.666462355907882,1.7326137429942423
YULARA_COMBINED,Ridge+day,validation,197,lag43:ambient_temperature,0.207201221951414,0.207201221951414,False,False,0.9999855768537349,0.5154540738962518,0.11836546659469604,0.8894692659378052,-0.1122475075190933,2.0286870128549634,2.008114292456708
YULARA_COMBINED,Ridge+day,validation,198,lag43:global_horizontal_irradiance,0.23746467290775036,0.23746467290775036,False,False,0.9999855768537349,0.19056649727801192,0.00022741052089259028,0.7927772402763367,0.0621099680961632,2.598111368322419,1.4498461553464381
YULARA_COMBINED,Ridge+day,validation,199,lag43:power_missing,0.006577808643541038,0.006577808643541038,False,False,4.3269438795378825e-05,0.00012442453651860148,0.0,1.0,0.01233771034110444,152.01973556088382,0.07455149066517365
YULARA_COMBINED,Ridge+day,validation,200,lag43:temperature_missing,0.007595344404710618,0.007595344404710618,False,False,5.76925850605051e-05,0.1856414084857534,0.0,1.0,24.433877650840202,131.652003402871,0.261202788635814
YULARA_COMBINED,Ridge+day,validation,201,lag43:ghi_missing,0.007595344404710618,0.007595344404710618,False,False,5.76925850605051e-05,0.1856414084857534,0.0,1.0,24.433877650840202,131.652003402871,0.26120278863560387
YULARA_COMBINED,Ridge+day,validation,202,lag43:isolation_forest_flag,0.09997134130837093,0.09997134130837093,False,False,0.010096202385588393,0.0011198208286674132,0.0,1.0,-0.08978954807890888,9.9018757241734,0.20366515081392922
YULARA_COMBINED,Ridge+day,validation,203,lag42:historical_ac_active_power,0.28878814727506563,0.28878814727506563,False,False,0.9999855768537349,0.2269963966238458,-8.4152547060512e-05,0.9799339175224304,0.059284136999123674,2.6665155209846474,1.695740433544265
YULARA_COMBINED,Ridge+day,validation,204,lag42:ambient_temperature,0.20719560766924064,0.20719560766924064,False,False,0.9999855768537349,0.5154673296703737,0.11836546659469604,0.8894692659378052,-0.11217928411280455,2.028734695410887,2.0186671487943806
YULARA_COMBINED,Ridge+day,validation,205,lag42:global_horizontal_irradiance,0.23745902671435815,0.23745902671435815,False,False,0.9999855768537349,0.19057089736221292,0.00022741052089259028,0.7927772402763367,0.062147368011172224,2.5981905382652295,1.4228332916600372
YULARA_COMBINED,Ridge+day,validation,206,lag42:power_missing,0.006577808643541038,0.006577808643541038,False,False,4.3269438795378825e-05,0.00012442453651860148,0.0,1.0,0.01233771034110444,152.01973556088382,0.07580593457114072
YULARA_COMBINED,Ridge+day,validation,207,lag42:temperature_missing,0.007595344404710618,0.007595344404710618,False,False,5.76925850605051e-05,0.1856414084857534,0.0,1.0,24.433877650840202,131.652003402871,0.2610907106374536
YULARA_COMBINED,Ridge+day,validation,208,lag42:ghi_missing,0.007595344404710618,0.007595344404710618,False,False,5.76925850605051e-05,0.1856414084857534,0.0,1.0,24.433877650840202,131.652003402871,0.26109071063749084
YULARA_COMBINED,Ridge+day,validation,209,lag42:isolation_forest_flag,0.09997134130837093,0.09997134130837093,False,False,0.010096202385588393,0.0011198208286674132,0.0,1.0,-0.08978954807890888,9.9018757241734,0.2012042048437051
YULARA_COMBINED,Ridge+day,validation,210,lag41:historical_ac_active_power,0.2887837931206483,0.2887837931206483,False,False,0.9999855768537349,0.22700211771550582,-8.4152547060512e-05,0.9799339175224304,0.0593188130022376,2.6665696966844954,1.6834146143959914
YULARA_COMBINED,Ridge+day,validation,211,lag41:ambient_temperature,0.20718970011382615,0.20718970011382615,False,False,0.9999855768537349,0.5154825255397141,0.11836546659469604,0.8894692659378052,-0.11210095888225445,2.0287843592967025,2.022157673075456
YULARA_COMBINED,Ridge+day,validation,212,lag41:global_horizontal_irradiance,0.2374530507734713,0.2374530507734713,False,False,0.9999855768537349,0.19057655325567327,0.00022741052089259028,0.7927772402763367,0.06219048712814869,2.5982736625562,1.448757851692179
YULARA_COMBINED,Ridge+day,validation,213,lag41:power_missing,0.006577808643541037,0.006577808643541037,False,False,4.3269438795378825e-05,0.00012442453651860148,0.0,1.0,0.012337710341104442,152.01973556088384,0.0743529823866301
YULARA_COMBINED,Ridge+day,validation,214,lag41:temperature_missing,0.007595344404710618,0.007595344404710618,False,False,5.76925850605051e-05,0.1856414084857534,0.0,1.0,24.433877650840202,131.652003402871,0.26099171284989126
YULARA_COMBINED,Ridge+day,validation,215,lag41:ghi_missing,0.007595344404710618,0.007595344404710618,False,False,5.76925850605051e-05,0.1856414084857534,0.0,1.0,24.433877650840202,131.652003402871,0.2609917128497368
YULARA_COMBINED,Ridge+day,validation,216,lag41:isolation_forest_flag,0.09997134130837095,0.09997134130837095,False,False,0.010096202385588393,0.0011198208286674132,0.0,1.0,-0.08978954807890888,9.901875724173399,0.1958403225010162
YULARA_COMBINED,Ridge+day,validation,217,lag40:historical_ac_active_power,0.28877871129950955,0.28877871129950955,False,False,0.9999855768537349,0.22700472469836552,-8.4152547060512e-05,0.9799339175224304,0.05934476643187062,2.666632503938107,1.751139358214944
YULARA_COMBINED,Ridge+day,validation,218,lag40:ambient_temperature,0.20718386585386558,0.20718386585386558,False,False,0.9999855768537349,0.5155001775958029,0.11836546659469604,0.8894692659378052,-0.11201104993486946,2.028833623760288,2.028762499046059
YULARA_COMBINED,Ridge+day,validation,219,lag40:global_horizontal_irradiance,0.23744674041453923,0.23744674041453923,False,False,0.9999855768537349,0.19058022606544636,0.00022741052089259028,0.7927772402763367,0.062225747473458895,2.5983608536432166,1.501163162565617
YULARA_COMBINED,Ridge+day,validation,220,lag40:power_missing,0.006577808643541037,0.006577808643541037,False,False,4.3269438795378825e-05,0.00012442453651860148,0.0,1.0,0.012337710341104442,152.01973556088384,0.08003362828430238
YULARA_COMBINED,Ridge+day,validation,221,lag40:temperature_missing,0.007595344404710618,0.007595344404710618,False,False,5.76925850605051e-05,0.1856414084857534,0.0,1.0,24.433877650840202,131.652003402871,0.26311517822848274
YULARA_COMBINED,Ridge+day,validation,222,lag40:ghi_missing,0.007595344404710618,0.007595344404710618,False,False,5.76925850605051e-05,0.1856414084857534,0.0,1.0,24.433877650840202,131.652003402871,0.2631151782277982
YULARA_COMBINED,Ridge+day,validation,223,lag40:isolation_forest_flag,0.09997134130837095,0.09997134130837095,False,False,0.010096202385588393,0.0011198208286674132,0.0,1.0,-0.08978954807890888,9.901875724173399,0.21058106887986505
YULARA_COMBINED,Ridge+day,validation,224,lag39:historical_ac_active_power,0.2887732739379151,0.2887732739379151,False,False,0.9999855768537349,0.22700847948586964,-8.4152547060512e-05,0.9799339175224304,0.059374596017339056,2.66669842404734,1.8151155015888307
YULARA_COMBINED,Ridge+day,validation,225,lag39:ambient_temperature,0.20717765401464572,0.20717765401464572,False,False,0.9999855768537349,0.5155194639256675,0.11836546659469604,0.8894692659378052,-0.11191305057699659,2.0288861875683826,2.0386552590531775
YULARA_COMBINED,Ridge+day,validation,226,lag39:global_horizontal_irradiance,0.23744012652573465,0.23744012652573465,False,False,0.9999855768537349,0.1905834560335949,0.00022741052089259028,0.7927772402763367,0.06226013466123799,2.598452281515884,1.6481020519096976
YULARA_COMBINED,Ridge+day,validation,227,lag39:power_missing,0.006577808643541037,0.006577808643541037,False,False,4.3269438795378825e-05,0.00012442453651860148,0.0,1.0,0.012337710341104442,152.01973556088384,0.07866918700219781
YULARA_COMBINED,Ridge+day,validation,228,lag39:temperature_missing,0.007595344404710618,0.007595344404710618,False,False,5.76925850605051e-05,0.1856414084857534,0.0,1.0,24.433877650840202,131.652003402871,0.26197861176136317
YULARA_COMBINED,Ridge+day,validation,229,lag39:ghi_missing,0.007595344404710618,0.007595344404710618,False,False,5.76925850605051e-05,0.1856414084857534,0.0,1.0,24.433877650840202,131.652003402871,0.2619786117604212
YULARA_COMBINED,Ridge+day,validation,230,lag39:isolation_forest_flag,0.09997134130837095,0.09997134130837095,False,False,0.010096202385588393,0.0011198208286674132,0.0,1.0,-0.08978954807890888,9.901875724173399,0.19987412179014108
YULARA_COMBINED,Ridge+day,validation,231,lag38:historical_ac_active_power,0.28876673585394835,0.28876673585394835,False,False,0.9999855768537349,0.22701238249431804,-8.4152547060512e-05,0.9799339175224304,0.05940772915453464,2.6667770745244352,1.8567675970722304
YULARA_COMBINED,Ridge+day,validation,232,lag38:ambient_temperature,0.2071713709518181,0.2071713709518181,False,False,0.9999855768537349,0.5155387120264612,0.11836546659469604,0.8894692659378052,-0.11181447687926796,2.0289386606263355,2.0437299793426678
YULARA_COMBINED,Ridge+day,validation,233,lag38:global_horizontal_irradiance,0.23743300811458878,0.23743300811458878,False,False,0.9999855768537349,0.1905868048869473,0.00022741052089259028,0.7927772402763367,0.062296650461324675,2.5985507297541375,1.6410096323269867
YULARA_COMBINED,Ridge+day,validation,234,lag38:power_missing,0.006577808643541037,0.006577808643541037,False,False,4.3269438795378825e-05,0.00012442453651860148,0.0,1.0,0.012337710341104442,152.01973556088384,0.0871315912797365
YULARA_COMBINED,Ridge+day,validation,235,lag38:temperature_missing,0.007595344404710618,0.007595344404710618,False,False,5.76925850605051e-05,0.1856414084857534,0.0,1.0,24.433877650840202,131.652003402871,0.26655530095374275
YULARA_COMBINED,Ridge+day,validation,236,lag38:ghi_missing,0.007595344404710618,0.007595344404710618,False,False,5.76925850605051e-05,0.1856414084857534,0.0,1.0,24.433877650840202,131.652003402871,0.26655530095430313
YULARA_COMBINED,Ridge+day,validation,237,lag38:isolation_forest_flag,0.09997134130837095,0.09997134130837095,False,False,0.010096202385588393,0.0011198208286674132,0.0,1.0,-0.08978954807890888,9.901875724173399,0.2321144586217354
YULARA_COMBINED,Ridge+day,validation,238,lag37:historical_ac_active_power,0.2887607175553493,0.2887607175553493,False,False,0.9999855768537349,0.2270177220531632,-8.4152547060512e-05,0.9799339175224304,0.05944323024654122,2.666848426643967,1.8167737092608833
YULARA_COMBINED,Ridge+day,validation,239,lag37:ambient_temperature,0.20716506630458162,0.20716506630458162,False,False,0.9999855768537349,0.5155570808716032,0.11836546659469604,0.8894692659378052,-0.11172051671018575,2.028991711907457,2.0244214494003225
YULARA_COMBINED,Ridge+day,validation,240,lag37:global_horizontal_irradiance,0.23742614898016806,0.23742614898016806,False,False,0.9999855768537349,0.19059090292459235,0.00022741052089259028,0.7927772402763367,0.0623338456182552,2.5986439358857107,1.636006656532506
YULARA_COMBINED,Ridge+day,validation,241,lag37:power_missing,0.0065778086435410365,0.0065778086435410365,False,False,4.3269438795378825e-05,0.00012442453651860148,0.0,1.0,0.012337710341104445,152.01973556088387,0.08674063397906082
YULARA_COMBINED,Ridge+day,validation,242,lag37:temperature_missing,0.007595344404710618,0.007595344404710618,False,False,5.76925850605051e-05,0.1856414084857534,0.0,1.0,24.433877650840202,131.652003402871,0.26772878997142585
YULARA_COMBINED,Ridge+day,validation,243,lag37:ghi_missing,0.007595344404710618,0.007595344404710618,False,False,5.76925850605051e-05,0.1856414084857534,0.0,1.0,24.433877650840202,131.652003402871,0.26772878997290867
YULARA_COMBINED,Ridge+day,validation,244,lag37:isolation_forest_flag,0.09997134130837095,0.09997134130837095,False,False,0.010096202385588393,0.0011198208286674132,0.0,1.0,-0.08978954807890888,9.901875724173399,0.21337309361453938
YULARA_COMBINED,Ridge+day,validation,245,lag36:historical_ac_active_power,0.2887535645251291,0.2887535645251291,False,False,0.9999855768537349,0.22702684382893615,-8.4152547060512e-05,0.9799339175224304,0.05949490708611589,2.666933104192672,1.8766591832660675
YULARA_COMBINED,Ridge+day,validation,246,lag36:ambient_temperature,0.20715857668896467,0.20715857668896467,False,False,0.9999855768537349,0.5155751534437635,0.11836546659469604,0.8894692659378052,-0.1116280057948564,2.0290465032459775,2.0050484000556494
YULARA_COMBINED,Ridge+day,validation,247,lag36:global_horizontal_irradiance,0.2374195910091537,0.2374195910091537,False,False,0.9999855768537349,0.1905970124949497,0.00022741052089259028,0.7927772402763367,0.06237533176329083,2.598729746417177,1.7572612453731797
YULARA_COMBINED,Ridge+day,validation,248,lag36:power_missing,0.0065778086435410365,0.0065778086435410365,False,False,4.3269438795378825e-05,0.00012442453651860148,0.0,1.0,0.012337710341104445,152.01973556088387,0.08305842104055468
YULARA_COMBINED,Ridge+day,validation,249,lag36:temperature_missing,0.007595344404710618,0.007595344404710618,False,False,5.76925850605051e-05,0.1856414084857534,0.0,1.0,24.433877650840202,131.652003402871,0.27092263212518247
YULARA_COMBINED,Ridge+day,validation,250,lag36:ghi_missing,0.007595344404710618,0.007595344404710618,False,False,5.76925850605051e-05,0.1856414084857534,0.0,1.0,24.433877650840202,131.652003402871,0.2709226321252833
YULARA_COMBINED,Ridge+day,validation,251,lag36:isolation_forest_flag,0.09997134130837095,0.09997134130837095,False,False,0.010096202385588393,0.0011198208286674132,0.0,1.0,-0.08978954807890888,9.901875724173399,0.22248222951976335
YULARA_COMBINED,Ridge+day,validation,252,lag35:historical_ac_active_power,0.2887488522359905,0.2887488522359905,False,False,0.9999855768537349,0.22703893188875876,-8.4152547060512e-05,0.9799339175224304,0.05953087107046024,2.6669697571594027,1.8341878717563147
YULARA_COMBINED,Ridge+day,validation,253,lag35:ambient_temperature,0.20715202357810106,0.20715202357810106,False,False,0.9999855768537349,0.5155937421018914,0.11836546659469604,0.8894692659378052,-0.11153318167151467,2.0291020697081366,1.9933708748795738
YULARA_COMBINED,Ridge+day,validation,254,lag35:global_horizontal_irradiance,0.23741185992597022,0.23741185992597022,False,False,0.9999855768537349,0.19060636192442695,0.00022741052089259028,0.7927772402763367,0.0624373298703306,2.598834957771812,1.6296115006921899
YULARA_COMBINED,Ridge+day,validation,255,lag35:power_missing,0.0065778086435410365,0.0065778086435410365,False,False,4.3269438795378825e-05,0.00012442453651860148,0.0,1.0,0.012337710341104445,152.01973556088387,0.08119047406506882
YULARA_COMBINED,Ridge+day,validation,256,lag35:temperature_missing,0.007595344404710618,0.007595344404710618,False,False,5.76925850605051e-05,0.1856414084857534,0.0,1.0,24.433877650840202,131.652003402871,0.2671023244067984
YULARA_COMBINED,Ridge+day,validation,257,lag35:ghi_missing,0.007595344404710618,0.007595344404710618,False,False,5.76925850605051e-05,0.1856414084857534,0.0,1.0,24.433877650840202,131.652003402871,0.2671023244092473
YULARA_COMBINED,Ridge+day,validation,258,lag35:isolation_forest_flag,0.09997134130837096,0.09997134130837096,False,False,0.010096202385588393,0.0011198208286674132,0.0,1.0,-0.08978954807890888,9.901875724173397,0.2266456526028928
YULARA_COMBINED,Ridge+day,validation,259,lag34:historical_ac_active_power,0.28874415295276434,0.28874415295276434,False,False,0.9999855768537349,0.22705114798220472,-8.4152547060512e-05,0.9799339175224304,0.05956970696628766,2.6670087211976505,1.659806224807747
YULARA_COMBINED,Ridge+day,validation,260,lag34:ambient_temperature,0.20714519466957898,0.20714519466957898,False,False,0.9999855768537349,0.515612674817949,0.11836546659469604,0.8894692659378052,-0.11143733635314165,2.029160838734692,1.965701169469077
YULARA_COMBINED,Ridge+day,validation,261,lag34:global_horizontal_irradiance,0.23740522881269266,0.23740522881269266,False,False,0.9999855768537349,0.1906154888578761,0.00022741052089259028,0.7927772402763367,0.06248786233002087,2.59891789139881,1.6268515183393495
YULARA_COMBINED,Ridge+day,validation,262,lag34:power_missing,0.006577808643541036,0.006577808643541036,False,False,4.3269438795378825e-05,0.00012442453651860148,0.0,1.0,0.012337710341104449,152.0197355608839,0.08141939189453033
YULARA_COMBINED,Ridge+day,validation,263,lag34:temperature_missing,0.007595344404710618,0.007595344404710618,False,False,5.76925850605051e-05,0.1856414084857534,0.0,1.0,24.433877650840202,131.652003402871,0.26653631490771595
YULARA_COMBINED,Ridge+day,validation,264,lag34:ghi_missing,0.007595344404710618,0.007595344404710618,False,False,5.76925850605051e-05,0.1856414084857534,0.0,1.0,24.433877650840202,131.652003402871,0.26653631490775687
YULARA_COMBINED,Ridge+day,validation,265,lag34:isolation_forest_flag,0.09997134130837096,0.09997134130837096,False,False,0.010096202385588393,0.0011198208286674132,0.0,1.0,-0.08978954807890888,9.901875724173397,0.23408784358313942
YULARA_COMBINED,Ridge+day,validation,266,lag33:historical_ac_active_power,0.28873813015368205,0.28873813015368205,False,False,0.9999855768537349,0.22706080253051145,-8.4152547060512e-05,0.9799339175224304,0.05961749984049804,2.667077465696754,1.5643815338065372
YULARA_COMBINED,Ridge+day,validation,267,lag33:ambient_temperature,0.20713803723948843,0.20713803723948843,False,False,0.9999855768537349,0.5156327830607861,0.11836546659469604,0.8894692659378052,-0.11133682056911604,2.029223664339767,1.89479035305981
YULARA_COMBINED,Ridge+day,validation,268,lag33:global_horizontal_irradiance,0.23739790508537598,0.23739790508537598,False,False,0.9999855768537349,0.19062469915845634,0.00022741052089259028,0.7927772402763367,0.06254511378152525,2.599014594846772,1.7369369259716207
YULARA_COMBINED,Ridge+day,validation,269,lag33:power_missing,0.006577808643541036,0.006577808643541036,False,False,4.3269438795378825e-05,0.00012442453651860148,0.0,1.0,0.012337710341104475,152.0197355608839,0.08191709222491074
YULARA_COMBINED,Ridge+day,validation,270,lag33:temperature_missing,0.007595344404710618,0.007595344404710618,False,False,5.76925850605051e-05,0.1856414084857534,0.0,1.0,24.433877650840202,131.652003402871,0.26864914589791666
YULARA_COMBINED,Ridge+day,validation,271,lag33:ghi_missing,0.007595344404710618,0.007595344404710618,False,False,5.76925850605051e-05,0.1856414084857534,0.0,1.0,24.433877650840202,131.652003402871,0.26864914589827843
YULARA_COMBINED,Ridge+day,validation,272,lag33:isolation_forest_flag,0.09997134130837096,0.09997134130837096,False,False,0.010096202385588393,0.0011198208286674132,0.0,1.0,-0.08978954807890888,9.901875724173397,0.2303891622062661
YULARA_COMBINED,Ridge+day,validation,273,lag32:historical_ac_active_power,0.2887318032691395,0.2887318032691395,False,False,0.9999855768537349,0.22706824512715537,-8.4152547060512e-05,0.9799339175224304,0.05965855296759759,2.667149878381086,1.5187217641207802
YULARA_COMBINED,Ridge+day,validation,274,lag32:ambient_temperature,0.2071303622357102,0.2071303622357102,False,False,0.9999855768537349,0.5156534647359782,0.11836546659469604,0.8894692659378052,-0.1112322455483271,2.0292900032476853,1.8713659028905778
YULARA_COMBINED,Ridge+day,validation,275,lag32:global_horizontal_irradiance,0.23739092394629782,0.23739092394629782,False,False,0.9999855768537349,0.1906310797352527,0.00022741052089259028,0.7927772402763367,0.06258657394443456,2.5991037690049352,1.6664348613019166
YULARA_COMBINED,Ridge+day,validation,276,lag32:power_missing,0.006577808643541036,0.006577808643541036,False,False,4.3269438795378825e-05,0.00012442453651860148,0.0,1.0,0.012337710341104475,152.0197355608839,0.08316234531607221
YULARA_COMBINED,Ridge+day,validation,277,lag32:temperature_missing,0.007595344404710618,0.007595344404710618,False,False,5.76925850605051e-05,0.1856414084857534,0.0,1.0,24.433877650840202,131.652003402871,0.2711081935548614
YULARA_COMBINED,Ridge+day,validation,278,lag32:ghi_missing,0.007595344404710618,0.007595344404710618,False,False,5.76925850605051e-05,0.1856414084857534,0.0,1.0,24.433877650840202,131.652003402871,0.2711081935551294
YULARA_COMBINED,Ridge+day,validation,279,lag32:isolation_forest_flag,0.09997134130837096,0.09997134130837096,False,False,0.010096202385588393,0.0011198208286674132,0.0,1.0,-0.08978954807890888,9.901875724173397,0.2264670049329092
YULARA_COMBINED,Ridge+day,validation,280,lag31:historical_ac_active_power,0.2887243838769123,0.2887243838769123,False,False,0.9999855768537349,0.2270756936131868,-8.4152547060512e-05,0.9799339175224304,0.05970253048984999,2.667235063073585,1.4929933549447423
YULARA_COMBINED,Ridge+day,validation,281,lag31:ambient_temperature,0.20712235702383905,0.20712235702383905,False,False,0.9999855768537349,0.5156743757800334,0.11836546659469604,0.8894692659378052,-0.11112632068524388,2.029359170553829,1.8426813161436646
YULARA_COMBINED,Ridge+day,validation,282,lag31:global_horizontal_irradiance,0.2373823500208571,0.2373823500208571,False,False,0.9999855768537349,0.19063758897637173,0.00022741052089259028,0.7927772402763367,0.0626379017583889,2.5992192914323016,1.5060007383843652
YULARA_COMBINED,Ridge+day,validation,283,lag31:power_missing,0.006577808643541036,0.006577808643541036,False,False,4.3269438795378825e-05,0.00012442453651860148,0.0,1.0,0.012337710341104475,152.0197355608839,0.08530334539878812
YULARA_COMBINED,Ridge+day,validation,284,lag31:temperature_missing,0.007595344404710618,0.007595344404710618,False,False,5.76925850605051e-05,0.1856414084857534,0.0,1.0,24.433877650840202,131.652003402871,0.28260032939986396
YULARA_COMBINED,Ridge+day,validation,285,lag31:ghi_missing,0.007595344404710618,0.007595344404710618,False,False,5.76925850605051e-05,0.1856414084857534,0.0,1.0,24.433877650840202,131.652003402871,0.28260032939974594
YULARA_COMBINED,Ridge+day,validation,286,lag31:isolation_forest_flag,0.09997134130837096,0.09997134130837096,False,False,0.010096202385588393,0.0011198208286674132,0.0,1.0,-0.08978954807890888,9.901875724173397,0.23918509086044593
YULARA_COMBINED,Ridge+day,validation,287,lag30:historical_ac_active_power,0.28871691513377845,0.28871691513377845,False,False,0.9999855768537349,0.2270907043416951,-8.4152547060512e-05,0.9799339175224304,0.05977268728748901,2.667320682291182,1.4797124063205318
YULARA_COMBINED,Ridge+day,validation,288,lag30:ambient_temperature,0.20711455743963317,0.20711455743963317,False,False,0.9999855768537349,0.515695219921824,0.11836546659469604,0.8894692659378052,-0.11102171836220116,2.029427446278917,1.8271212558207655
YULARA_COMBINED,Ridge+day,validation,289,lag30:global_horizontal_irradiance,0.2373736932720121,0.2373736932720121,False,False,0.9999855768537349,0.1906451781318753,0.00022741052089259028,0.7927772402763367,0.06269387573516422,2.5993358003079265,1.5704413929966836
YULARA_COMBINED,Ridge+day,validation,290,lag30:power_missing,0.006577808643541035,0.006577808643541035,False,False,4.3269438795378825e-05,0.00012442453651860148,0.0,1.0,0.012337710341104473,152.0197355608839,0.08514584807946243
YULARA_COMBINED,Ridge+day,validation,291,lag30:temperature_missing,0.007595344404710618,0.007595344404710618,False,False,5.76925850605051e-05,0.1856414084857534,0.0,1.0,24.433877650840202,131.652003402871,0.2770253634738014
YULARA_COMBINED,Ridge+day,validation,292,lag30:ghi_missing,0.007595344404710618,0.007595344404710618,False,False,5.76925850605051e-05,0.1856414084857534,0.0,1.0,24.433877650840202,131.652003402871,0.27702536347344237
YULARA_COMBINED,Ridge+day,validation,293,lag30:isolation_forest_flag,0.09997134130837096,0.09997134130837096,False,False,0.010096202385588393,0.0011198208286674132,0.0,1.0,-0.08978954807890888,9.901875724173397,0.23571713853348375
YULARA_COMBINED,Ridge+day,validation,294,lag29:historical_ac_active_power,0.2887097464928708,0.2887097464928708,False,False,0.9999855768537349,0.22710058669477526,-8.4152547060512e-05,0.9799339175224304,0.05982395322893424,2.6674024640785676,1.4824094964115921
YULARA_COMBINED,Ridge+day,validation,295,lag29:ambient_temperature,0.2071066022938369,0.2071066022938369,False,False,0.9999855768537349,0.5157168477530784,0.11836546659469604,0.8894692659378052,-0.1109134984194184,2.0294973424758793,1.8269874278192335
YULARA_COMBINED,Ridge+day,validation,296,lag29:global_horizontal_irradiance,0.23736515398494032,0.23736515398494032,False,False,0.9999855768537349,0.19065357474799094,0.00022741052089259028,0.7927772402763367,0.06275249379571825,2.599450300612584,1.5642572415660516
YULARA_COMBINED,Ridge+day,validation,297,lag29:power_missing,0.006577808643541035,0.006577808643541035,False,False,4.3269438795378825e-05,0.00012442453651860148,0.0,1.0,0.012337710341104473,152.0197355608839,0.0864325898865339
YULARA_COMBINED,Ridge+day,validation,298,lag29:temperature_missing,0.007595344404710618,0.007595344404710618,False,False,5.76925850605051e-05,0.1856414084857534,0.0,1.0,24.433877650840202,131.652003402871,0.27857772507244555
YULARA_COMBINED,Ridge+day,validation,299,lag29:ghi_missing,0.007595344404710618,0.007595344404710618,False,False,5.76925850605051e-05,0.1856414084857534,0.0,1.0,24.433877650840202,131.652003402871,0.2785777250730633
YULARA_COMBINED,Ridge+day,validation,300,lag29:isolation_forest_flag,0.09997134130837096,0.09997134130837096,False,False,0.010096202385588393,0.0011198208286674132,0.0,1.0,-0.08978954807890888,9.901875724173397,0.2991905430851602
YULARA_COMBINED,Ridge+day,validation,301,lag28:historical_ac_active_power,0.28870206690163686,0.28870206690163686,False,False,0.9999855768537349,0.22711090106927576,-8.4152547060512e-05,0.9799339175224304,0.05987803049130243,2.667490177271144,1.4723634995410395
YULARA_COMBINED,Ridge+day,validation,302,lag28:ambient_temperature,0.2070986060415281,0.2070986060415281,False,False,0.9999855768537349,0.5157398804818292,0.11836546659469604,0.8894692659378052,-0.11079894174512941,2.029568080188535,1.8424056960845676
YULARA_COMBINED,Ridge+day,validation,303,lag28:global_horizontal_irradiance,0.23735643309541732,0.23735643309541732,False,False,0.9999855768537349,0.1906613237409347,0.00022741052089259028,0.7927772402763367,0.06280885574530891,2.599567218192352,1.54742102570386
YULARA_COMBINED,Ridge+day,validation,304,lag28:power_missing,0.006577808643541035,0.006577808643541035,False,False,4.3269438795378825e-05,0.00012442453651860148,0.0,1.0,0.012337710341104473,152.0197355608839,0.08573285113176268
YULARA_COMBINED,Ridge+day,validation,305,lag28:temperature_missing,0.007595344404710618,0.007595344404710618,False,False,5.76925850605051e-05,0.1856414084857534,0.0,1.0,24.433877650840202,131.652003402871,0.2809431943722583
YULARA_COMBINED,Ridge+day,validation,306,lag28:ghi_missing,0.007595344404710618,0.007595344404710618,False,False,5.76925850605051e-05,0.1856414084857534,0.0,1.0,24.433877650840202,131.652003402871,0.28094319437106985
YULARA_COMBINED,Ridge+day,validation,307,lag28:isolation_forest_flag,0.09997134130837096,0.09997134130837096,False,False,0.010096202385588393,0.0011198208286674132,0.0,1.0,-0.08978954807890888,9.901875724173397,0.2869317912128982
YULARA_COMBINED,Ridge+day,validation,308,lag27:historical_ac_active_power,0.2886974550886215,0.2886974550886215,False,False,0.9999855768537349,0.227119400278189,-8.4152547060512e-05,0.9799339175224304,0.05991480353350674,2.6675391659067387,1.4863644063588077
YULARA_COMBINED,Ridge+day,validation,309,lag27:ambient_temperature,0.20709048911346947,0.20709048911346947,False,False,0.9999855768537349,0.5157642607709595,0.11836546659469604,0.8894692659378052,-0.11067779987314436,2.0296398723347138,1.8593164482133397
YULARA_COMBINED,Ridge+day,validation,310,lag27:global_horizontal_irradiance,0.2373478236418671,0.2373478236418671,False,False,0.9999855768537349,0.19066869789812468,0.00022741052089259028,0.7927772402763367,0.06286304790193321,2.5996823586478808,1.9124498920433122
YULARA_COMBINED,Ridge+day,validation,311,lag27:power_missing,0.006577808643541035,0.006577808643541035,False,False,4.3269438795378825e-05,0.00012442453651860148,0.0,1.0,0.012337710341104473,152.0197355608839,0.08673048017327208
YULARA_COMBINED,Ridge+day,validation,312,lag27:temperature_missing,0.007595344404710619,0.007595344404710619,False,False,5.76925850605051e-05,0.1856414084857534,0.0,1.0,24.433877650840202,131.652003402871,0.2827629937627241
YULARA_COMBINED,Ridge+day,validation,313,lag27:ghi_missing,0.007595344404710619,0.007595344404710619,False,False,5.76925850605051e-05,0.1856414084857534,0.0,1.0,24.433877650840202,131.652003402871,0.28276299376247277
YULARA_COMBINED,Ridge+day,validation,314,lag27:isolation_forest_flag,0.09997134130837096,0.09997134130837096,False,False,0.010096202385588393,0.0011198208286674132,0.0,1.0,-0.08978954807890888,9.901875724173397,0.26350751698938524
YULARA_COMBINED,Ridge+day,validation,315,lag26:historical_ac_active_power,0.2886883870788515,0.2886883870788515,False,False,0.9999855768537349,0.22713017588542678,-8.4152547060512e-05,0.9799339175224304,0.059973926747184124,2.6676428712945968,1.4635436532440396
YULARA_COMBINED,Ridge+day,validation,316,lag26:ambient_temperature,0.20708252202146785,0.20708252202146785,False,False,0.9999855768537349,0.5157901033076819,0.11836546659469604,0.8894692659378052,-0.11054943777446573,2.029710131943458,1.8692023530161124
YULARA_COMBINED,Ridge+day,validation,317,lag26:global_horizontal_irradiance,0.23734113841764726,0.23734113841764726,False,False,0.9999855768537349,0.19067890815799773,0.00022741052089259028,0.7927772402763367,0.06291405005015832,2.5997617964312827,1.6931729239381137
YULARA_COMBINED,Ridge+day,validation,318,lag26:power_missing,0.006577808643541034,0.006577808643541034,False,False,4.3269438795378825e-05,0.00012442453651860148,0.0,1.0,0.012337710341104476,152.01973556088393,0.08433167522840833
YULARA_COMBINED,Ridge+day,validation,319,lag26:temperature_missing,0.007595344404710619,0.007595344404710619,False,False,5.76925850605051e-05,0.1856414084857534,0.0,1.0,24.433877650840202,131.652003402871,0.2982558433708813
YULARA_COMBINED,Ridge+day,validation,320,lag26:ghi_missing,0.007595344404710619,0.007595344404710619,False,False,5.76925850605051e-05,0.1856414084857534,0.0,1.0,24.433877650840202,131.652003402871,0.2982558433690215
YULARA_COMBINED,Ridge+day,validation,321,lag26:isolation_forest_flag,0.09997134130837096,0.09997134130837096,False,False,0.010096202385588393,0.0011198208286674132,0.0,1.0,-0.08978954807890888,9.901875724173397,0.32137178448622467
YULARA_COMBINED,Ridge+day,validation,322,lag25:historical_ac_active_power,0.28868178396491384,0.28868178396491384,False,False,0.9999855768537349,0.22714092231751892,-8.4152547060512e-05,0.9799339175224304,0.060025921782820624,2.6677172865292897,1.5067822477595898
YULARA_COMBINED,Ridge+day,validation,323,lag25:ambient_temperature,0.2070745563745118,0.2070745563745118,False,False,0.9999855768537349,0.5158170449130419,0.11836546659469604,0.8894692659378052,-0.11041721263676942,2.0297818380015644,1.8814301362493133
YULARA_COMBINED,Ridge+day,validation,324,lag25:global_horizontal_irradiance,0.23733273627277365,0.23733273627277365,False,False,0.9999855768537349,0.19068782317743685,0.00022741052089259028,0.7927772402763367,0.06297367765198324,2.599873671114749,1.4574808686206302
YULARA_COMBINED,Ridge+day,validation,325,lag25:power_missing,0.006577808643541034,0.006577808643541034,False,False,4.3269438795378825e-05,0.00012442453651860148,0.0,1.0,0.012337710341104476,152.01973556088393,0.08219367725165973
YULARA_COMBINED,Ridge+day,validation,326,lag25:temperature_missing,0.007595344404710619,0.007595344404710619,False,False,5.76925850605051e-05,0.1856414084857534,0.0,1.0,24.433877650840202,131.652003402871,0.28989052265166604
YULARA_COMBINED,Ridge+day,validation,327,lag25:ghi_missing,0.007595344404710619,0.007595344404710619,False,False,5.76925850605051e-05,0.1856414084857534,0.0,1.0,24.433877650840202,131.652003402871,0.289890522650773
YULARA_COMBINED,Ridge+day,validation,328,lag25:isolation_forest_flag,0.09997134130837096,0.09997134130837096,False,False,0.010096202385588393,0.0011198208286674132,0.0,1.0,-0.08978954807890888,9.901875724173397,0.4170110449716258
YULARA_COMBINED,Ridge+day,validation,329,lag24:historical_ac_active_power,0.28867261427172136,0.28867261427172136,False,False,0.9999855768537349,0.22715437579005657,-8.4152547060512e-05,0.9799339175224304,0.06009400770867906,2.6678216012371685,1.5847078622530992
YULARA_COMBINED,Ridge+day,validation,330,lag24:ambient_temperature,0.20706660048068842,0.20706660048068842,False,False,0.9999855768537349,0.515844426149936,0.11836546659469604,0.8894692659378052,-0.1102835659181241,2.0298541708950957,1.8949099608126965
YULARA_COMBINED,Ridge+day,validation,331,lag24:global_horizontal_irradiance,0.23732525203694774,0.23732525203694774,False,False,0.9999855768537349,0.19069813417354328,0.00022741052089259028,0.7927772402763367,0.06303479160373295,2.5999713414870103,1.5557542736449836
YULARA_COMBINED,Ridge+day,validation,332,lag24:power_missing,0.006577808643541034,0.006577808643541034,False,False,4.3269438795378825e-05,0.00012442453651860148,0.0,1.0,0.012337710341104476,152.01973556088393,0.08739342393619472
YULARA_COMBINED,Ridge+day,validation,333,lag24:temperature_missing,0.007595344404710619,0.007595344404710619,False,False,5.76925850605051e-05,0.1856414084857534,0.0,1.0,24.433877650840202,131.652003402871,0.28984808845523913
YULARA_COMBINED,Ridge+day,validation,334,lag24:ghi_missing,0.007595344404710619,0.007595344404710619,False,False,5.76925850605051e-05,0.1856414084857534,0.0,1.0,24.433877650840202,131.652003402871,0.28984808845580073
YULARA_COMBINED,Ridge+day,validation,335,lag24:isolation_forest_flag,0.09997134130837096,0.09997134130837096,False,False,0.010096202385588393,0.0011198208286674132,0.0,1.0,-0.08978954807890888,9.901875724173397,0.37781391890380417
YULARA_COMBINED,Ridge+day,validation,336,lag23:historical_ac_active_power,0.2886644819265653,0.2886644819265653,False,False,0.9999855768537349,0.22716654872954173,-8.4152547060512e-05,0.9799339175224304,0.06015495796917658,2.6679138473513095,1.845506130469291
YULARA_COMBINED,Ridge+day,validation,337,lag23:ambient_temperature,0.20705808621912838,0.20705808621912838,False,False,0.9999855768537349,0.5158724286022791,0.11836546659469604,0.8894692659378052,-0.11014611428215947,2.029930891906848,1.9066683521019943
YULARA_COMBINED,Ridge+day,validation,338,lag23:global_horizontal_irradiance,0.2373170862257825,0.2373170862257825,False,False,0.9999855768537349,0.19070762408318695,0.00022741052089259028,0.7927772402763367,0.06309609941886214,2.6000799540931236,1.573356263787082
YULARA_COMBINED,Ridge+day,validation,339,lag23:power_missing,0.006577808643541034,0.006577808643541034,False,False,4.3269438795378825e-05,0.00012442453651860148,0.0,1.0,0.012337710341104476,152.01973556088393,0.08643530861018206
YULARA_COMBINED,Ridge+day,validation,340,lag23:temperature_missing,0.007595344404710619,0.007595344404710619,False,False,5.76925850605051e-05,0.1856414084857534,0.0,1.0,24.433877650840202,131.652003402871,0.3022353733167671
YULARA_COMBINED,Ridge+day,validation,341,lag23:ghi_missing,0.007595344404710619,0.007595344404710619,False,False,5.76925850605051e-05,0.1856414084857534,0.0,1.0,24.433877650840202,131.652003402871,0.3022353733159836
YULARA_COMBINED,Ridge+day,validation,342,lag23:isolation_forest_flag,0.09997134130837097,0.09997134130837097,False,False,0.010096202385588393,0.0011198208286674132,0.0,1.0,-0.08978954807890883,9.901875724173397,0.3442442818349844
YULARA_COMBINED,Ridge+day,validation,343,lag22:historical_ac_active_power,0.2886559903582352,0.2886559903582352,False,False,0.9999855768537349,0.227177002285223,-8.4152547060512e-05,0.9799339175224304,0.06021124458096964,2.668010633407101,2.17727765019171
YULARA_COMBINED,Ridge+day,validation,344,lag22:ambient_temperature,0.2070494373886582,0.2070494373886582,False,False,0.9999855768537349,0.5159005839653434,0.11836546659469604,0.8894692659378052,-0.11000789335470033,2.0300088476409144,1.9132619618809443
YULARA_COMBINED,Ridge+day,validation,345,lag22:global_horizontal_irradiance,0.23730827737207916,0.23730827737207916,False,False,0.9999855768537349,0.19071406263067087,0.00022741052089259028,0.7927772402763367,0.06314730992921494,2.6001982055525565,1.4031223344564974
YULARA_COMBINED,Ridge+day,validation,346,lag22:power_missing,0.006577808643541033,0.006577808643541033,False,False,4.3269438795378825e-05,0.00012442453651860148,0.0,1.0,0.01233771034110448,152.01973556088396,0.07967450644663618
YULARA_COMBINED,Ridge+day,validation,347,lag22:temperature_missing,0.007595344404710619,0.007595344404710619,False,False,5.76925850605051e-05,0.1856414084857534,0.0,1.0,24.433877650840202,131.652003402871,0.3054245686986191
YULARA_COMBINED,Ridge+day,validation,348,lag22:ghi_missing,0.007595344404710619,0.007595344404710619,False,False,5.76925850605051e-05,0.1856414084857534,0.0,1.0,24.433877650840202,131.652003402871,0.3054245686989746
YULARA_COMBINED,Ridge+day,validation,349,lag22:isolation_forest_flag,0.09997134130837097,0.09997134130837097,False,False,0.010096202385588393,0.0011198208286674132,0.0,1.0,-0.08978954807890883,9.901875724173397,0.35506064129278636
YULARA_COMBINED,Ridge+day,validation,350,lag21:historical_ac_active_power,0.28864826790580617,0.28864826790580617,False,False,0.9999855768537349,0.22718311037889818,-8.4152547060512e-05,0.9799339175224304,0.060250352851363626,2.668098349324273,1.9747268881329534
YULARA_COMBINED,Ridge+day,validation,351,lag21:ambient_temperature,0.20704043342324088,0.20704043342324088,False,False,0.9999855768537349,0.515928834900158,0.11836546659469604,0.8894692659378052,-0.10986871351533697,2.030089617867609,1.9258016956139772
YULARA_COMBINED,Ridge+day,validation,352,lag21:global_horizontal_irradiance,0.2372995977354347,0.2372995977354347,False,False,0.9999855768537349,0.19071972659405811,0.00022741052089259028,0.7927772402763367,0.06319493204075308,2.6003147562113464,1.2969423723429825
YULARA_COMBINED,Ridge+day,validation,353,lag21:power_missing,0.006577808643541034,0.006577808643541034,False,False,4.3269438795378825e-05,0.00012442453651860148,0.0,1.0,0.012337710341104476,152.01973556088393,0.13779658477636103
YULARA_COMBINED,Ridge+day,validation,354,lag21:temperature_missing,0.007595344404710619,0.007595344404710619,False,False,5.76925850605051e-05,0.1856414084857534,0.0,1.0,24.433877650840202,131.652003402871,0.3215418419525591
YULARA_COMBINED,Ridge+day,validation,355,lag21:ghi_missing,0.007595344404710619,0.007595344404710619,False,False,5.76925850605051e-05,0.1856414084857534,0.0,1.0,24.433877650840202,131.652003402871,0.3215418419520981
YULARA_COMBINED,Ridge+day,validation,356,lag21:isolation_forest_flag,0.09997134130837097,0.09997134130837097,False,False,0.010096202385588393,0.0011198208286674132,0.0,1.0,-0.08978954807890883,9.901875724173397,0.35720098351770696
YULARA_COMBINED,Ridge+day,validation,357,lag20:historical_ac_active_power,0.28864003211505246,0.28864003211505246,False,False,0.9999855768537349,0.22718712472613356,-8.4152547060512e-05,0.9799339175224304,0.06028346912690872,2.6681919677521115,2.2740959044008573
YULARA_COMBINED,Ridge+day,validation,358,lag20:ambient_temperature,0.20703139916928953,0.20703139916928953,False,False,0.9999855768537349,0.5159575732458924,0.11836546659469604,0.8894692659378052,-0.10972805022237198,2.0301715590163467,1.9338811523599204
YULARA_COMBINED,Ridge+day,validation,359,lag20:global_horizontal_irradiance,0.23729090317395857,0.23729090317395857,False,False,0.9999855768537349,0.19072408537325702,0.00022741052089259028,0.7927772402763367,0.06323724579177663,2.6004316634880715,1.272070680300721
YULARA_COMBINED,Ridge+day,validation,360,lag20:power_missing,0.006577808643541033,0.006577808643541033,False,False,4.3269438795378825e-05,0.00012442453651860148,0.0,1.0,0.01233771034110448,152.01973556088396,0.1367945927217035
YULARA_COMBINED,Ridge+day,validation,361,lag20:temperature_missing,0.007595344404710619,0.007595344404710619,False,False,5.76925850605051e-05,0.1856414084857534,0.0,1.0,24.433877650840202,131.652003402871,0.30619913568215507
YULARA_COMBINED,Ridge+day,validation,362,lag20:ghi_missing,0.007595344404710619,0.007595344404710619,False,False,5.76925850605051e-05,0.1856414084857534,0.0,1.0,24.433877650840202,131.652003402871,0.3061991356821395
YULARA_COMBINED,Ridge+day,validation,363,lag20:isolation_forest_flag,0.09997134130837097,0.09997134130837097,False,False,0.010096202385588393,0.0011198208286674132,0.0,1.0,-0.08978954807890883,9.901875724173397,0.4422877522063731
YULARA_COMBINED,Ridge+day,validation,364,lag19:historical_ac_active_power,0.2886321545772447,0.2886321545772447,False,False,0.9999855768537349,0.22719282754201958,-8.4152547060512e-05,0.9799339175224304,0.06032169714606264,2.6682816144426633,2.21017547962099
YULARA_COMBINED,Ridge+day,validation,365,lag19:ambient_temperature,0.20702251302959326,0.20702251302959326,False,False,0.9999855768537349,0.5159863880534766,0.11836546659469604,0.8894692659378052,-0.109587397836837,2.0302525257011763,1.938695839674308
YULARA_COMBINED,Ridge+day,validation,366,lag19:global_horizontal_irradiance,0.23728222987084965,0.23728222987084965,False,False,0.9999855768537349,0.19072751401715246,0.00022741052089259028,0.7927772402763367,0.06327575071611624,2.600548460041521,1.3085953153742358
YULARA_COMBINED,Ridge+day,validation,367,lag19:power_missing,0.006577808643541032,0.006577808643541032,False,False,4.3269438795378825e-05,0.00012442453651860148,0.0,1.0,0.01233771034110448,152.01973556088396,0.13547060494895607
YULARA_COMBINED,Ridge+day,validation,368,lag19:temperature_missing,0.007595344404710619,0.007595344404710619,False,False,5.76925850605051e-05,0.1856414084857534,0.0,1.0,24.433877650840202,131.652003402871,0.3125457938959214
YULARA_COMBINED,Ridge+day,validation,369,lag19:ghi_missing,0.007595344404710619,0.007595344404710619,False,False,5.76925850605051e-05,0.1856414084857534,0.0,1.0,24.433877650840202,131.652003402871,0.31254579389560255
YULARA_COMBINED,Ridge+day,validation,370,lag19:isolation_forest_flag,0.09997134130837097,0.09997134130837097,False,False,0.010096202385588393,0.0011198208286674132,0.0,1.0,-0.08978954807890883,9.901875724173397,0.3766614218040683
YULARA_COMBINED,Ridge+day,validation,371,lag18:historical_ac_active_power,0.28862420469188677,0.28862420469188677,False,False,0.9999855768537349,0.22720102772756715,-8.4152547060512e-05,0.9799339175224304,0.0603693602878625,2.6683727001270268,2.108357784688598
YULARA_COMBINED,Ridge+day,validation,372,lag18:ambient_temperature,0.20701383892547814,0.20701383892547814,False,False,0.9999855768537349,0.5160155182495051,0.11836546659469604,0.8894692659378052,-0.10944587909391343,2.030332201084962,1.9534798478108686
YULARA_COMBINED,Ridge+day,validation,373,lag18:global_horizontal_irradiance,0.23727370697278094,0.23727370697278094,False,False,0.9999855768537349,0.19073434442341863,0.00022741052089259028,0.7927772402763367,0.06332855325431096,2.6006636146649793,1.279456021990842
YULARA_COMBINED,Ridge+day,validation,374,lag18:power_missing,0.006577808643541032,0.006577808643541032,False,False,4.3269438795378825e-05,0.00012442453651860148,0.0,1.0,0.01233771034110448,152.01973556088396,0.1282372092270115
YULARA_COMBINED,Ridge+day,validation,375,lag18:temperature_missing,0.007595344404710619,0.007595344404710619,False,False,5.76925850605051e-05,0.1856414084857534,0.0,1.0,24.433877650840202,131.652003402871,0.31026607872574563
YULARA_COMBINED,Ridge+day,validation,376,lag18:ghi_missing,0.007595344404710619,0.007595344404710619,False,False,5.76925850605051e-05,0.1856414084857534,0.0,1.0,24.433877650840202,131.652003402871,0.31026607872575485
YULARA_COMBINED,Ridge+day,validation,377,lag18:isolation_forest_flag,0.09997134130837099,0.09997134130837099,False,False,0.010096202385588393,0.0011198208286674132,0.0,1.0,-0.08978954807890877,9.901875724173395,0.4511494070498542
YULARA_COMBINED,Ridge+day,validation,378,lag17:historical_ac_active_power,0.2886177443281405,0.2886177443281405,False,False,0.9999855768537349,0.22721071664747025,-8.4152547060512e-05,0.9799339175224304,0.06041854445054824,2.6684466912548572,1.978701605328586
YULARA_COMBINED,Ridge+day,validation,379,lag17:ambient_temperature,0.2070052842548706,0.2070052842548706,False,False,0.9999855768537349,0.5160455372589166,0.11836546659469604,0.8894692659378052,-0.10929981513969472,2.0304105350698483,1.9585755935462228
YULARA_COMBINED,Ridge+day,validation,380,lag17:global_horizontal_irradiance,0.23726512605890512,0.23726512605890512,False,False,0.9999855768537349,0.1907407503025934,0.00022741052089259028,0.7927772402763367,0.06338021693850542,2.6007800446075637,1.341539412041435
YULARA_COMBINED,Ridge+day,validation,381,lag17:power_missing,0.006577808643541032,0.006577808643541032,False,False,4.3269438795378825e-05,0.00012442453651860148,0.0,1.0,0.012337710341104476,152.01973556088396,0.1229473010553152
YULARA_COMBINED,Ridge+day,validation,382,lag17:temperature_missing,0.007595344404710619,0.007595344404710619,False,False,5.76925850605051e-05,0.1856414084857534,0.0,1.0,24.433877650840202,131.652003402871,0.3229900685287996
YULARA_COMBINED,Ridge+day,validation,383,lag17:ghi_missing,0.007595344404710619,0.007595344404710619,False,False,5.76925850605051e-05,0.1856414084857534,0.0,1.0,24.433877650840202,131.652003402871,0.32299006852874884
YULARA_COMBINED,Ridge+day,validation,384,lag17:isolation_forest_flag,0.09997134130837099,0.09997134130837099,False,False,0.010096202385588393,0.0011198208286674132,0.0,1.0,-0.08978954807890877,9.901875724173395,0.44726478380587936
YULARA_COMBINED,Ridge+day,validation,385,lag16:historical_ac_active_power,0.2886075143549746,0.2886075143549746,False,False,0.9999855768537349,0.22722008079940276,-8.4152547060512e-05,0.9799339175224304,0.060475807298570175,2.6685639522150693,2.0008868799584523
YULARA_COMBINED,Ridge+day,validation,386,lag16:ambient_temperature,0.2069963713278939,0.2069963713278939,False,False,0.9999855768537349,0.5160764641990275,0.11836546659469604,0.8894692659378052,-0.10914963279232372,2.0304924807514064,1.9677451035642728
YULARA_COMBINED,Ridge+day,validation,387,lag16:global_horizontal_irradiance,0.23725646890572347,0.23725646890572347,False,False,0.9999855768537349,0.19074697003794164,0.00022741052089259028,0.7927772402763367,0.06343178473371297,2.6008979832954835,1.3022530353760744
YULARA_COMBINED,Ridge+day,validation,388,lag16:power_missing,0.006577808643541032,0.006577808643541032,False,False,4.3269438795378825e-05,0.00012442453651860148,0.0,1.0,0.012337710341104476,152.01973556088396,0.11516481026180143
YULARA_COMBINED,Ridge+day,validation,389,lag16:temperature_missing,0.007595344404710619,0.007595344404710619,False,False,5.76925850605051e-05,0.1856414084857534,0.0,1.0,24.433877650840202,131.652003402871,0.31367786202372555
YULARA_COMBINED,Ridge+day,validation,390,lag16:ghi_missing,0.007595344404710619,0.007595344404710619,False,False,5.76925850605051e-05,0.1856414084857534,0.0,1.0,24.433877650840202,131.652003402871,0.31367786202390596
YULARA_COMBINED,Ridge+day,validation,391,lag16:isolation_forest_flag,0.09997134130837099,0.09997134130837099,False,False,0.010096202385588393,0.0011198208286674132,0.0,1.0,-0.08978954807890877,9.901875724173395,0.43564671461271354
YULARA_COMBINED,Ridge+day,validation,392,lag15:historical_ac_active_power,0.288598403701942,0.288598403701942,False,False,0.9999855768537349,0.22723152903488603,-8.4152547060512e-05,0.9799339175224304,0.06053802817891442,2.668668838441187,1.9899377253130182
YULARA_COMBINED,Ridge+day,validation,393,lag15:ambient_temperature,0.20698757646656937,0.20698757646656937,False,False,0.9999855768537349,0.5161072191111007,0.11836546659469604,0.8894692659378052,-0.10900113774102181,2.0305742065509946,1.9665278159688235
YULARA_COMBINED,Ridge+day,validation,394,lag15:global_horizontal_irradiance,0.23724760633083036,0.23724760633083036,False,False,0.9999855768537349,0.19075396975777123,0.00022741052089259028,0.7927772402763367,0.06348785201474962,2.601019335805878,1.4236191278053099
YULARA_COMBINED,Ridge+day,validation,395,lag15:power_missing,0.006577808643541032,0.006577808643541032,False,False,4.3269438795378825e-05,0.00012442453651860148,0.0,1.0,0.012337710341104476,152.01973556088396,0.10925960971196154
YULARA_COMBINED,Ridge+day,validation,396,lag15:temperature_missing,0.007595344404710619,0.007595344404710619,False,False,5.76925850605051e-05,0.1856414084857534,0.0,1.0,24.433877650840202,131.652003402871,0.3188306589720663
YULARA_COMBINED,Ridge+day,validation,397,lag15:ghi_missing,0.007595344404710619,0.007595344404710619,False,False,5.76925850605051e-05,0.1856414084857534,0.0,1.0,24.433877650840202,131.652003402871,0.3188306589719024
YULARA_COMBINED,Ridge+day,validation,398,lag15:isolation_forest_flag,0.09997134130837099,0.09997134130837099,False,False,0.010096202385588393,0.0011198208286674132,0.0,1.0,-0.08978954807890877,9.901875724173395,0.42924311519844993
YULARA_COMBINED,Ridge+day,validation,399,lag14:historical_ac_active_power,0.28859002526689387,0.28859002526689387,False,False,0.9999855768537349,0.22725030227860005,-8.4152547060512e-05,0.9799339175224304,0.06062464181065423,2.6687661205320112,2.0539769818022178
YULARA_COMBINED,Ridge+day,validation,400,lag14:ambient_temperature,0.20697857351508717,0.20697857351508717,False,False,0.9999855768537349,0.5161391591058303,0.11836546659469604,0.8894692659378052,-0.10884628594068284,2.030657252920507,1.9561839258225586
YULARA_COMBINED,Ridge+day,validation,401,lag14:global_horizontal_irradiance,0.23723896785813364,0.23723896785813364,False,False,0.9999855768537349,0.1907622057638209,0.00022741052089259028,0.7927772402763367,0.06354905992157633,2.6011382255957174,1.4020132841410577
YULARA_COMBINED,Ridge+day,validation,402,lag14:power_missing,0.006577808643541032,0.006577808643541032,False,False,4.3269438795378825e-05,0.00012442453651860148,0.0,1.0,0.012337710341104476,152.01973556088396,0.10650515596955787
YULARA_COMBINED,Ridge+day,validation,403,lag14:temperature_missing,0.007595344404710619,0.007595344404710619,False,False,5.76925850605051e-05,0.1856414084857534,0.0,1.0,24.433877650840202,131.652003402871,0.31593097333206754
YULARA_COMBINED,Ridge+day,validation,404,lag14:ghi_missing,0.007595344404710619,0.007595344404710619,False,False,5.76925850605051e-05,0.1856414084857534,0.0,1.0,24.433877650840202,131.652003402871,0.3159309733318003
YULARA_COMBINED,Ridge+day,validation,405,lag14:isolation_forest_flag,0.09997134130837099,0.09997134130837099,False,False,0.010096202385588393,0.0011198208286674132,0.0,1.0,-0.08978954807890877,9.901875724173395,0.4416729069036048
YULARA_COMBINED,Ridge+day,validation,406,lag13:historical_ac_active_power,0.2885846785347169,0.2885846785347169,False,False,0.9999855768537349,0.22726941573466847,-8.4152547060512e-05,0.9799339175224304,0.06070525771764061,2.6688288268877063,2.0762848107721834
YULARA_COMBINED,Ridge+day,validation,407,lag13:ambient_temperature,0.20696949967717196,0.20696949967717196,False,False,0.9999855768537349,0.5161715100589003,0.11836546659469604,0.8894692659378052,-0.10868854091112233,2.03074007065196,1.9411723970286443
YULARA_COMBINED,Ridge+day,validation,408,lag13:global_horizontal_irradiance,0.23723228091753287,0.23723228091753287,False,False,0.9999855768537349,0.190774115568877,0.00022741052089259028,0.7927772402763367,0.06361964078899103,2.601230131145188,1.3938313717461066
YULARA_COMBINED,Ridge+day,validation,409,lag13:power_missing,0.006577808643541032,0.006577808643541032,False,False,4.3269438795378825e-05,0.00012442453651860148,0.0,1.0,0.012337710341104476,152.01973556088396,0.11817146443794607
YULARA_COMBINED,Ridge+day,validation,410,lag13:temperature_missing,0.007595344404710619,0.007595344404710619,False,False,5.76925850605051e-05,0.1856414084857534,0.0,1.0,24.433877650840202,131.652003402871,0.3146806587643823
YULARA_COMBINED,Ridge+day,validation,411,lag13:ghi_missing,0.007595344404710619,0.007595344404710619,False,False,5.76925850605051e-05,0.1856414084857534,0.0,1.0,24.433877650840202,131.652003402871,0.3146806587647326
YULARA_COMBINED,Ridge+day,validation,412,lag13:isolation_forest_flag,0.09997134130837099,0.09997134130837099,False,False,0.010096202385588393,0.0011198208286674132,0.0,1.0,-0.08978954807890877,9.901875724173395,0.44142650721052396
YULARA_COMBINED,Ridge+day,validation,413,lag12:historical_ac_active_power,0.28858029236912053,0.28858029236912053,False,False,0.9999855768537349,0.22729023055936617,-8.4152547060512e-05,0.9799339175224304,0.0607895768579443,2.6688806588378746,2.1589952065947595
YULARA_COMBINED,Ridge+day,validation,414,lag12:ambient_temperature,0.2069602706992729,0.2069602706992729,False,False,0.9999855768537349,0.5162034978441402,0.11836546659469604,0.8894692659378052,-0.108531494058421,2.0308232938576656,1.9087361482556522
YULARA_COMBINED,Ridge+day,validation,415,lag12:global_horizontal_irradiance,0.23722469006402716,0.23722469006402716,False,False,0.9999855768537349,0.19078574724893688,0.00022741052089259028,0.7927772402763367,0.06369318785030874,2.601335845808558,1.4403727592405753
YULARA_COMBINED,Ridge+day,validation,416,lag12:power_missing,0.006577808643541031,0.006577808643541031,False,False,4.3269438795378825e-05,0.00012442453651860148,0.0,1.0,0.01233771034110448,152.019735560884,0.11452903210116956
YULARA_COMBINED,Ridge+day,validation,417,lag12:temperature_missing,0.007595344404710619,0.007595344404710619,False,False,5.76925850605051e-05,0.1856414084857534,0.0,1.0,24.433877650840202,131.652003402871,0.3084878350140081
YULARA_COMBINED,Ridge+day,validation,418,lag12:ghi_missing,0.007595344404710619,0.007595344404710619,False,False,5.76925850605051e-05,0.1856414084857534,0.0,1.0,24.433877650840202,131.652003402871,0.3084878350146832
YULARA_COMBINED,Ridge+day,validation,419,lag12:isolation_forest_flag,0.09997134130837099,0.09997134130837099,False,False,0.010096202385588393,0.0011198208286674132,0.0,1.0,-0.08978954807890877,9.901875724173395,0.45228598381831897
YULARA_COMBINED,Ridge+day,validation,420,lag11:historical_ac_active_power,0.2885760746625883,0.2885760746625883,False,False,0.9999855768537349,0.2273117904787822,-8.4152547060512e-05,0.9799339175224304,0.06087653258168193,2.6689310219347457,2.1948549968210007
YULARA_COMBINED,Ridge+day,validation,421,lag11:ambient_temperature,0.2069511982388619,0.2069511982388619,False,False,0.9999855768537349,0.51623433876467,0.11836546659469604,0.8894692659378052,-0.10838016060057544,2.0309052561583987,1.8696391622487865
YULARA_COMBINED,Ridge+day,validation,422,lag11:global_horizontal_irradiance,0.23721843330120623,0.23721843330120623,False,False,0.9999855768537349,0.19079974651668896,0.00022741052089259028,0.7927772402763367,0.06377279618064395,2.6014233715694943,1.4498253358756812
YULARA_COMBINED,Ridge+day,validation,423,lag11:power_missing,0.006577808643541031,0.006577808643541031,False,False,4.3269438795378825e-05,0.00012442453651860148,0.0,1.0,0.01233771034110448,152.019735560884,0.1134960026039676
YULARA_COMBINED,Ridge+day,validation,424,lag11:temperature_missing,0.007595344404710619,0.007595344404710619,False,False,5.76925850605051e-05,0.1856414084857534,0.0,1.0,24.433877650840202,131.652003402871,0.3134250067137624
YULARA_COMBINED,Ridge+day,validation,425,lag11:ghi_missing,0.007595344404710619,0.007595344404710619,False,False,5.76925850605051e-05,0.1856414084857534,0.0,1.0,24.433877650840202,131.652003402871,0.31342500671371737
YULARA_COMBINED,Ridge+day,validation,426,lag11:isolation_forest_flag,0.09997134130837099,0.09997134130837099,False,False,0.010096202385588393,0.0011198208286674132,0.0,1.0,-0.08978954807890877,9.901875724173395,0.5322291020274402
YULARA_COMBINED,Ridge+day,validation,427,lag10:historical_ac_active_power,0.2885679236597996,0.2885679236597996,False,False,0.9999855768537349,0.22733295060120315,-8.4152547060512e-05,0.9799339175224304,0.06097287750438845,2.6690277069402772,2.25171783488223
YULARA_COMBINED,Ridge+day,validation,428,lag10:ambient_temperature,0.20694216291522483,0.20694216291522483,False,False,0.9999855768537349,0.5162636027615195,0.11836546659469604,0.8894692659378052,-0.1082364306327484,2.030986877238571,1.8355673078768358
YULARA_COMBINED,Ridge+day,validation,429,lag10:global_horizontal_irradiance,0.2372126292864377,0.2372126292864377,False,False,0.9999855768537349,0.1908157842627593,0.00022741052089259028,0.7927772402763367,0.06386027109941515,2.6015053274538986,1.4562533394828296
YULARA_COMBINED,Ridge+day,validation,430,lag10:power_missing,0.006577808643541031,0.006577808643541031,False,False,4.3269438795378825e-05,0.00012442453651860148,0.0,1.0,0.01233771034110448,152.019735560884,0.11619242595548461
YULARA_COMBINED,Ridge+day,validation,431,lag10:temperature_missing,0.007595344404710619,0.007595344404710619,False,False,5.76925850605051e-05,0.1856414084857534,0.0,1.0,24.433877650840202,131.652003402871,0.31163449662670084
YULARA_COMBINED,Ridge+day,validation,432,lag10:ghi_missing,0.007595344404710619,0.007595344404710619,False,False,5.76925850605051e-05,0.1856414084857534,0.0,1.0,24.433877650840202,131.652003402871,0.31163449662638193
YULARA_COMBINED,Ridge+day,validation,433,lag10:isolation_forest_flag,0.09997134130837099,0.09997134130837099,False,False,0.010096202385588393,0.0011198208286674132,0.0,1.0,-0.08978954807890877,9.901875724173395,0.47026098002683264
YULARA_COMBINED,Ridge+day,validation,434,lag9:historical_ac_active_power,0.2885631000981099,0.2885631000981099,False,False,0.9999855768537349,0.22735231823686539,-8.4152547060512e-05,0.9799339175224304,0.061055506163564,2.6690868138036996,2.1391573987792425
YULARA_COMBINED,Ridge+day,validation,435,lag9:ambient_temperature,0.2069328886142752,0.2069328886142752,False,False,0.9999855768537349,0.5162919014849903,0.11836546659469604,0.8894692659378052,-0.10809638545868099,2.031069758879436,1.760013612182136
YULARA_COMBINED,Ridge+day,validation,436,lag9:global_horizontal_irradiance,0.23720553767045394,0.23720553767045394,False,False,0.9999855768537349,0.19082361456919084,0.00022741052089259028,0.7927772402763367,0.06391847043234894,2.601606382859718,1.4813700618795287
YULARA_COMBINED,Ridge+day,validation,437,lag9:power_missing,0.006577808643541031,0.006577808643541031,False,False,4.3269438795378825e-05,0.00012442453651860148,0.0,1.0,0.01233771034110448,152.019735560884,0.12322871662025982
YULARA_COMBINED,Ridge+day,validation,438,lag9:temperature_missing,0.007595344404710619,0.007595344404710619,False,False,5.76925850605051e-05,0.1856414084857534,0.0,1.0,24.433877650840202,131.652003402871,0.3165591337057618
YULARA_COMBINED,Ridge+day,validation,439,lag9:ghi_missing,0.007595344404710619,0.007595344404710619,False,False,5.76925850605051e-05,0.1856414084857534,0.0,1.0,24.433877650840202,131.652003402871,0.31655913370586086
YULARA_COMBINED,Ridge+day,validation,440,lag9:isolation_forest_flag,0.09997134130837099,0.09997134130837099,False,False,0.010096202385588393,0.0011198208286674132,0.0,1.0,-0.08978954807890877,9.901875724173395,0.4692573400684996
YULARA_COMBINED,Ridge+day,validation,441,lag8:historical_ac_active_power,0.28855241338836357,0.28855241338836357,False,False,0.9999855768537349,0.22737186144784605,-8.4152547060512e-05,0.9799339175224304,0.061152448805364634,2.6692126179702256,2.4467470900122006
YULARA_COMBINED,Ridge+day,validation,442,lag8:ambient_temperature,0.20692357856052418,0.20692357856052418,False,False,0.9999855768537349,0.5163202671070174,0.11836546659469604,0.8894692659378052,-0.10795518787490742,2.031152163689442,1.6213316299365568
YULARA_COMBINED,Ridge+day,validation,443,lag8:global_horizontal_irradiance,0.23720052909151262,0.23720052909151262,False,False,0.9999855768537349,0.1908254116723835,0.00022741052089259028,0.7927772402763367,0.06394479417679515,2.601678714541359,1.5354734944804616
YULARA_COMBINED,Ridge+day,validation,444,lag8:power_missing,0.0065778086435410305,0.0065778086435410305,False,False,4.3269438795378825e-05,0.00012442453651860148,0.0,1.0,0.012337710341104483,152.01973556088402,0.1332499105990197
YULARA_COMBINED,Ridge+day,validation,445,lag8:temperature_missing,0.007595344404710619,0.007595344404710619,False,False,5.76925850605051e-05,0.1856414084857534,0.0,1.0,24.433877650840202,131.652003402871,0.3437761410814884
YULARA_COMBINED,Ridge+day,validation,446,lag8:ghi_missing,0.007595344404710619,0.007595344404710619,False,False,5.76925850605051e-05,0.1856414084857534,0.0,1.0,24.433877650840202,131.652003402871,0.34377614108162197
YULARA_COMBINED,Ridge+day,validation,447,lag8:isolation_forest_flag,0.09997134130837099,0.09997134130837099,False,False,0.010096202385588393,0.0011198208286674132,0.0,1.0,-0.08978954807890877,9.901875724173395,0.5722753462383298
YULARA_COMBINED,Ridge+day,validation,448,lag7:historical_ac_active_power,0.28854623841406957,0.28854623841406957,False,False,0.9999855768537349,0.22738926798373996,-8.4152547060512e-05,0.9799339175224304,0.06123311278059449,2.669288770254715,2.734177119582184
YULARA_COMBINED,Ridge+day,validation,449,lag7:ambient_temperature,0.206914439528442,0.206914439528442,False,False,0.9999855768537349,0.516348919442441,0.11836546659469604,0.8894692659378052,-0.1078122618749786,2.031232656095649,1.4661270848236951
YULARA_COMBINED,Ridge+day,validation,450,lag7:global_horizontal_irradiance,0.23719509962252677,0.23719509962252677,False,False,0.9999855768537349,0.19082214560708397,0.00022741052089259028,0.7927772402763367,0.06395243650545399,2.6017582159132346,1.5541575574672422
YULARA_COMBINED,Ridge+day,validation,451,lag7:power_missing,0.0065778086435410305,0.0065778086435410305,False,False,4.3269438795378825e-05,0.00012442453651860148,0.0,1.0,0.012337710341104483,152.01973556088402,0.17544609920850956
YULARA_COMBINED,Ridge+day,validation,452,lag7:temperature_missing,0.007595344404710619,0.007595344404710619,False,False,5.76925850605051e-05,0.1856414084857534,0.0,1.0,24.433877650840202,131.652003402871,0.34977633930290153
YULARA_COMBINED,Ridge+day,validation,453,lag7:ghi_missing,0.007595344404710619,0.007595344404710619,False,False,5.76925850605051e-05,0.1856414084857534,0.0,1.0,24.433877650840202,131.652003402871,0.3497763393032593
YULARA_COMBINED,Ridge+day,validation,454,lag7:isolation_forest_flag,0.09997134130837099,0.09997134130837099,False,False,0.010096202385588393,0.0011198208286674132,0.0,1.0,-0.08978954807890877,9.901875724173395,0.5739532108745143
YULARA_COMBINED,Ridge+day,validation,455,lag6:historical_ac_active_power,0.28853952376725084,0.28853952376725084,False,False,0.9999855768537349,0.22740691717911535,-8.4152547060512e-05,0.9799339175224304,0.061316916497761935,2.66937209908806,3.548214408684459
YULARA_COMBINED,Ridge+day,validation,456,lag6:ambient_temperature,0.20690552111932797,0.20690552111932797,False,False,0.9999855768537349,0.5163769601201468,0.11836546659469604,0.8894692659378052,-0.10767265190191536,2.031311476870278,1.3932388141545438
YULARA_COMBINED,Ridge+day,validation,457,lag6:global_horizontal_irradiance,0.23719235174010275,0.23719235174010275,False,False,0.9999855768537349,0.19081470762425587,0.00022741052089259028,0.7927772402763367,0.06393097939652669,2.601797517823808,1.917817683170718
YULARA_COMBINED,Ridge+day,validation,458,lag6:power_missing,0.0065778086435410305,0.0065778086435410305,False,False,4.3269438795378825e-05,0.00012442453651860148,0.0,1.0,0.012337710341104483,152.01973556088402,0.16770108385040694
YULARA_COMBINED,Ridge+day,validation,459,lag6:temperature_missing,0.007595344404710619,0.007595344404710619,False,False,5.76925850605051e-05,0.1856414084857534,0.0,1.0,24.433877650840202,131.652003402871,0.34350053709088957
YULARA_COMBINED,Ridge+day,validation,460,lag6:ghi_missing,0.007595344404710619,0.007595344404710619,False,False,5.76925850605051e-05,0.1856414084857534,0.0,1.0,24.433877650840202,131.652003402871,0.3435005370905025
YULARA_COMBINED,Ridge+day,validation,461,lag6:isolation_forest_flag,0.099971341308371,0.099971341308371,False,False,0.010096202385588393,0.0011198208286674132,0.0,1.0,-0.08978954807890878,9.901875724173394,0.6273837894568648
YULARA_COMBINED,Ridge+day,validation,462,lag5:historical_ac_active_power,0.28853512232842143,0.28853512232842143,False,False,0.9999855768537349,0.22742946095335023,-8.4152547060512e-05,0.9799339175224304,0.06141263362719379,2.6694294687927633,4.337870555306426
YULARA_COMBINED,Ridge+day,validation,463,lag5:ambient_temperature,0.20689633856521647,0.20689633856521647,False,False,0.9999855768537349,0.5164037870382943,0.11836546659469604,0.8894692659378052,-0.10753865351826597,2.0313925177476286,1.531576808212011
YULARA_COMBINED,Ridge+day,validation,464,lag5:global_horizontal_irradiance,0.23718803150558215,0.23718803150558215,False,False,0.9999855768537349,0.19080905768899456,0.00022741052089259028,0.7927772402763367,0.06392681116184575,2.6018633957621313,2.2991412731673826
YULARA_COMBINED,Ridge+day,validation,465,lag5:power_missing,0.00657780864354103,0.00657780864354103,False,False,4.3269438795378825e-05,0.00012442453651860148,0.0,1.0,0.012337710341104487,152.01973556088404,0.15894050285263847
YULARA_COMBINED,Ridge+day,validation,466,lag5:temperature_missing,0.007595344404710619,0.007595344404710619,False,False,5.76925850605051e-05,0.1856414084857534,0.0,1.0,24.433877650840202,131.652003402871,0.34270812098245307
YULARA_COMBINED,Ridge+day,validation,467,lag5:ghi_missing,0.007595344404710619,0.007595344404710619,False,False,5.76925850605051e-05,0.1856414084857534,0.0,1.0,24.433877650840202,131.652003402871,0.342708120981736
YULARA_COMBINED,Ridge+day,validation,468,lag5:isolation_forest_flag,0.099971341308371,0.099971341308371,False,False,0.010096202385588393,0.0011198208286674132,0.0,1.0,-0.08978954807890878,9.901875724173394,0.6250032686222075
YULARA_COMBINED,Ridge+day,validation,469,lag4:historical_ac_active_power,0.28853169158053654,0.28853169158053654,False,False,0.9999855768537349,0.2274509711538633,-8.4152547060512e-05,0.9799339175224304,0.061503622692717495,2.6694769175726316,5.631522265766313
YULARA_COMBINED,Ridge+day,validation,470,lag4:ambient_temperature,0.20688722629969156,0.20688722629969156,False,False,0.9999855768537349,0.5164288554488463,0.11836546659469604,0.8894692659378052,-0.10741336362092511,2.0314731326736832,2.0081982839429786
YULARA_COMBINED,Ridge+day,validation,471,lag4:global_horizontal_irradiance,0.2371849604060231,0.2371849604060231,False,False,0.9999855768537349,0.1908037606538391,0.00022741052089259028,0.7927772402763367,0.06392031947806211,2.601912098518412,3.1220726838922035
YULARA_COMBINED,Ridge+day,validation,472,lag4:power_missing,0.00657780864354103,0.00657780864354103,False,False,4.3269438795378825e-05,0.00012442453651860148,0.0,1.0,0.012337710341104487,152.01973556088404,0.1529611198434079
YULARA_COMBINED,Ridge+day,validation,473,lag4:temperature_missing,0.007595344404710619,0.007595344404710619,False,False,5.76925850605051e-05,0.1856414084857534,0.0,1.0,24.433877650840202,131.652003402871,0.34232186674182824
YULARA_COMBINED,Ridge+day,validation,474,lag4:ghi_missing,0.007595344404710619,0.007595344404710619,False,False,5.76925850605051e-05,0.1856414084857534,0.0,1.0,24.433877650840202,131.652003402871,0.34232186674157883
YULARA_COMBINED,Ridge+day,validation,475,lag4:isolation_forest_flag,0.099971341308371,0.099971341308371,False,False,0.010096202385588393,0.0011198208286674132,0.0,1.0,-0.08978954807890878,9.901875724173394,0.5670722688983572
YULARA_COMBINED,Ridge+day,validation,476,lag3:historical_ac_active_power,0.28853223333021744,0.28853223333021744,False,False,0.9999855768537349,0.22747471354156668,-8.4152547060512e-05,0.9799339175224304,0.061587165036933594,2.6694732763945312,7.62472297293588
YULARA_COMBINED,Ridge+day,validation,477,lag3:ambient_temperature,0.20687808931663398,0.20687808931663398,False,False,0.9999855768537349,0.5164524807217066,0.11836546659469604,0.8894692659378052,-0.10729438726448202,2.0315533334002653,2.851341745576749
YULARA_COMBINED,Ridge+day,validation,478,lag3:global_horizontal_irradiance,0.2371832393520981,0.2371832393520981,False,False,0.9999855768537349,0.19079646344423637,0.00022741052089259028,0.7927772402763367,0.0639000088626727,2.601940970258182,3.9213835868481666
YULARA_COMBINED,Ridge+day,validation,479,lag3:power_missing,0.00657780864354103,0.00657780864354103,False,False,4.3269438795378825e-05,0.00012442453651860148,0.0,1.0,0.012337710341104487,152.01973556088404,0.14610278472866417
YULARA_COMBINED,Ridge+day,validation,480,lag3:temperature_missing,0.007595344404710619,0.007595344404710619,False,False,5.76925850605051e-05,0.1856414084857534,0.0,1.0,24.433877650840202,131.652003402871,0.3486447617249022
YULARA_COMBINED,Ridge+day,validation,481,lag3:ghi_missing,0.007595344404710619,0.007595344404710619,False,False,5.76925850605051e-05,0.1856414084857534,0.0,1.0,24.433877650840202,131.652003402871,0.348644761725445
YULARA_COMBINED,Ridge+day,validation,482,lag3:isolation_forest_flag,0.099971341308371,0.099971341308371,False,False,0.010096202385588393,0.0011198208286674132,0.0,1.0,-0.08978954807890878,9.901875724173394,0.5975610175799697
YULARA_COMBINED,Ridge+day,validation,483,lag2:historical_ac_active_power,0.2885221571795092,0.2885221571795092,False,False,0.9999855768537349,0.22750418015394705,-8.4152547060512e-05,0.9799339175224304,0.061721202170778144,2.66959626010037,10.010245489074086
YULARA_COMBINED,Ridge+day,validation,484,lag2:ambient_temperature,0.2068689594569544,0.2068689594569544,False,False,0.9999855768537349,0.5164755421199431,0.11836546659469604,0.8894692659378052,-0.1071781867134216,2.0316335355019204,4.043425353402262
YULARA_COMBINED,Ridge+day,validation,485,lag2:global_horizontal_irradiance,0.2371823709898272,0.2371823709898272,False,False,0.9999855768537349,0.1907930145168433,0.00022741052089259028,0.7927772402763367,0.06389193446227372,2.601956729275007,5.432423598381265
YULARA_COMBINED,Ridge+day,validation,486,lag2:power_missing,0.00657780864354103,0.00657780864354103,False,False,4.3269438795378825e-05,0.00012442453651860148,0.0,1.0,0.012337710341104487,152.01973556088404,0.14507148603404063
YULARA_COMBINED,Ridge+day,validation,487,lag2:temperature_missing,0.007595344404710619,0.007595344404710619,False,False,5.76925850605051e-05,0.1856414084857534,0.0,1.0,24.433877650840202,131.652003402871,0.34217739993512303
YULARA_COMBINED,Ridge+day,validation,488,lag2:ghi_missing,0.007595344404710619,0.007595344404710619,False,False,5.76925850605051e-05,0.1856414084857534,0.0,1.0,24.433877650840202,131.652003402871,0.3421773999343543
YULARA_COMBINED,Ridge+day,validation,489,lag2:isolation_forest_flag,0.099971341308371,0.099971341308371,False,False,0.010096202385588393,0.0011198208286674132,0.0,1.0,-0.08978954807890878,9.901875724173394,0.5922538072137451
YULARA_COMBINED,Ridge+day,validation,490,lag1:historical_ac_active_power,0.288522741047449,0.288522741047449,False,False,0.9999855768537349,0.22753296021752917,-8.4152547060512e-05,0.9799339175224304,0.061826686159338395,2.6695967169492687,12.099302671480096
YULARA_COMBINED,Ridge+day,validation,491,lag1:ambient_temperature,0.20686000091563855,0.20686000091563855,False,False,0.9999855768537349,0.5164989284736252,0.11836546659469604,0.8894692659378052,-0.1070594059096034,2.0317111516151236,5.632899269072306
YULARA_COMBINED,Ridge+day,validation,492,lag1:global_horizontal_irradiance,0.23717934888424352,0.23717934888424352,False,False,0.9999855768537349,0.19078804809633487,0.00022741052089259028,0.7927772402763367,0.06389079429539941,2.602008868284233,7.768296715089482
YULARA_COMBINED,Ridge+day,validation,493,lag1:power_missing,0.006577808643541029,0.006577808643541029,False,False,4.3269438795378825e-05,0.00012442453651860148,0.0,1.0,0.012337710341104487,152.01973556088404,0.1974710609842329
YULARA_COMBINED,Ridge+day,validation,494,lag1:temperature_missing,0.007595344404710619,0.007595344404710619,False,False,5.76925850605051e-05,0.1856414084857534,0.0,1.0,24.433877650840202,131.652003402871,0.3484930631137381
YULARA_COMBINED,Ridge+day,validation,495,lag1:ghi_missing,0.007595344404710619,0.007595344404710619,False,False,5.76925850605051e-05,0.1856414084857534,0.0,1.0,24.433877650840202,131.652003402871,0.3484930631137702
YULARA_COMBINED,Ridge+day,validation,496,lag1:isolation_forest_flag,0.099971341308371,0.099971341308371,False,False,0.010096202385588393,0.0011198208286674132,0.0,1.0,-0.08978954807890878,9.901875724173394,0.8122689206961418
YULARA_COMBINED,Ridge+day,validation,497,lag0:historical_ac_active_power,0.288524607577755,0.288524607577755,False,False,0.9999855768537349,0.22752431939642473,-8.4152547060512e-05,0.9799339175224304,0.06179485198540772,2.6695779608255696,30.353632799484473
YULARA_COMBINED,Ridge+day,validation,498,lag0:ambient_temperature,0.20685087947491576,0.20685087947491576,False,False,0.9999855768537349,0.5165210246021911,0.11836546659469604,0.8894692659378052,-0.10694607421040217,2.031789512237835,7.615469773085634
YULARA_COMBINED,Ridge+day,validation,499,lag0:global_horizontal_irradiance,0.2371794204501368,0.2371794204501368,False,False,0.9999855768537349,0.19078061649089947,0.00022741052089259028,0.7927772402763367,0.06386220673992711,2.6020108481478665,16.672566254083645
YULARA_COMBINED,Ridge+day,validation,500,lag0:power_missing,0.0,1.0,True,False,0.0,0.0,0.0,0.0,0.0,0.0,1.5986087774609967e-13
YULARA_COMBINED,Ridge+day,validation,501,lag0:temperature_missing,0.007595344404710619,0.007595344404710619,False,False,5.76925850605051e-05,0.1856414084857534,0.0,1.0,24.433877650840202,131.652003402871,0.34290151085505194
YULARA_COMBINED,Ridge+day,validation,502,lag0:ghi_missing,0.007595344404710619,0.007595344404710619,False,False,5.76925850605051e-05,0.1856414084857534,0.0,1.0,24.433877650840202,131.652003402871,0.34290151085601633
YULARA_COMBINED,Ridge+day,validation,503,lag0:isolation_forest_flag,0.099971341308371,0.099971341308371,False,False,0.010096202385588393,0.0011198208286674132,0.0,1.0,-0.08978954807890878,9.901875724173394,1.1234626417382627
YULARA_COMBINED,Ridge+day,validation,504,day_power_lead1,31.678241586345244,31.678241586345244,False,False,1.0,24.982796528817147,-0.04878001799807,107.69682693481,0.06599174270422031,2.677059348225808,11.97005796935452
YULARA_COMBINED,Ridge+day,validation,505,day_power_lead2,31.677926988676827,31.677926988676827,False,False,1.0,24.988079320631265,-0.04878001799807,107.69682693481,0.06618096367058791,2.677107734344146,6.850095701525211
YULARA_COMBINED,Ridge+day,validation,506,day_power_lead3,31.677655615638805,31.677655615638805,False,False,1.0,24.99386589296433,-0.04878001799807,107.69682693481,0.0663862369565899,2.677152704188982,5.416033692978117
YULARA_COMBINED,Ridge+day,validation,507,day_power_lead4,31.67744430377957,31.67744430377957,False,False,1.0,24.999879949803866,-0.04878001799807,107.69682693481,0.06659909215540287,2.6771931221522993,4.371463804866744
YULARA_COMBINED,Ridge+day,validation,508,day_power_lead5,31.677315495855197,31.677315495855197,False,False,1.0,25.00346865786078,-0.04878001799807,107.69682693481,0.06673424655358316,2.6772256023557883,3.6168321042613187
YULARA_COMBINED,Ridge+day,validation,509,day_power_lead6,31.67722894956611,31.67722894956611,False,False,1.0,25.003143098683996,-0.04878001799807,107.69682693481,0.06674613833461938,2.677254903725182,3.133999238723312
YULARA_COMBINED,Ridge+day,validation,510,day_power_lead7,31.67719685555885,31.67719685555885,False,False,1.0,25.004449069645624,-0.04878001799807,107.69682693481,0.06680880731659428,2.6772789900863545,2.880073087429218
YULARA_COMBINED,Ridge+day,validation,511,day_power_lead8,31.677219552722935,31.677219552722935,False,False,1.0,25.00515180278639,-0.04878001799807,107.69682693481,0.06685250239690542,2.677298630548817,2.873891785441881
YULARA_COMBINED,Ridge+day,validation,512,day_power_lead9,31.677268950136256,31.677268950136256,False,False,1.0,25.00597347183154,-0.04878001799807,107.69682693481,0.06689970178767277,2.677315820460769,2.9880889963810526
YULARA_COMBINED,Ridge+day,validation,513,day_power_lead10,31.677395197201907,31.677395197201907,False,False,1.0,25.010190927899796,-0.04878001799807,107.69682693481,0.06705325834743343,2.677325835753482,3.127906483266746
YULARA_COMBINED,Ridge+day,validation,514,day_power_lead11,31.677570365290542,31.677570365290542,False,False,1.0,25.009543843140147,-0.04878001799807,107.69682693481,0.067052494078055,2.6773310646300192,3.5770955116954966
YULARA_COMBINED,Ridge+day,validation,515,day_power_lead12,31.677881469275242,31.677881469275242,False,False,1.0,25.007919448367698,-0.04878001799807,107.69682693481,0.06701793164953466,2.6773221455422243,3.6470550497942384
YULARA_COMBINED,Ridge+day,validation,516,day_power_lead13,31.678179269765874,31.678179269765874,False,False,1.0,25.008995656942073,-0.04878001799807,107.69682693481,0.06706903500256224,2.6773147367429533,3.8442715017197853
YULARA_COMBINED,Ridge+day,validation,517,day_power_lead14,31.67852042583469,31.67852042583469,False,False,1.0,25.012054370942433,-0.04878001799807,107.69682693481,0.06718149194022949,2.677302528288755,3.945561217576116
YULARA_COMBINED,Ridge+day,validation,518,day_power_lead15,31.678820736554055,31.678820736554055,False,False,1.0,25.014949301784444,-0.04878001799807,107.69682693481,0.06728921684192223,2.6772941258194622,3.9477328729563435
YULARA_COMBINED,Ridge+day,validation,519,day_power_lead16,31.679210114805862,31.679210114805862,False,False,1.0,25.01779648263599,-0.04878001799807,107.69682693481,0.0673930785621685,2.677276031847435,4.075764274657134
YULARA_COMBINED,Ridge+day,validation,520,day_power_lead17,31.679655319525423,31.679655319525423,False,False,1.0,25.020489848701363,-0.04878001799807,107.69682693481,0.06749051685608808,2.6772517737960255,4.502101006713856
YULARA_COMBINED,Ridge+day,validation,521,day_power_lead18,31.680145333578373,31.680145333578373,False,False,1.0,25.016182012970454,-0.04878001799807,107.69682693481,0.06736522759144477,2.6772220969728115,4.591750909732724
YULARA_COMBINED,Ridge+day,validation,522,day_power_lead19,31.680676264630552,31.680676264630552,False,False,1.0,25.01362741432998,-0.04878001799807,107.69682693481,0.06729388206159556,2.677187649158687,4.718851796146347
YULARA_COMBINED,Ridge+day,validation,523,day_power_lead20,31.68123230335234,31.68123230335234,False,False,1.0,25.008422878163895,-0.04878001799807,107.69682693481,0.06713757908211598,2.677149818028278,4.944235124371974
YULARA_COMBINED,Ridge+day,validation,524,day_power_lead21,31.681801498351202,31.681801498351202,False,False,1.0,25.003950492553344,-0.04878001799807,107.69682693481,0.0670036213208708,2.6771101345682378,5.0097074559335
YULARA_COMBINED,Ridge+day,validation,525,day_power_lead22,31.682396267667333,31.682396267667333,False,False,1.0,24.994800414884764,-0.04878001799807,107.69682693481,0.06672037450970056,2.677066694946476,4.714758294345497
YULARA_COMBINED,Ridge+day,validation,526,day_power_lead23,31.682988058661824,31.682988058661824,False,False,1.0,24.984764951720134,-0.04878001799807,107.69682693481,0.06640863754117922,2.6770229467075515,5.185977228236661
YULARA_COMBINED,Ridge+day,validation,527,day_power_lead24,31.68360062526278,31.68360062526278,False,False,1.0,24.975618591836287,-0.04878001799807,107.69682693481,0.06612332419529467,2.6769758381301005,5.446786449512896
YULARA_COMBINED,Ridge+day,validation,528,day_power_lead25,31.684237779828884,31.684237779828884,False,False,1.0,24.968641109334722,-0.04878001799807,107.69682693481,0.06590547224305705,2.676925702565356,5.363409511437459
YULARA_COMBINED,Ridge+day,validation,529,day_power_lead26,31.684893509567424,31.684893509567424,False,False,1.0,24.96801403284588,-0.04878001799807,107.69682693481,0.06588662749397813,2.6768726128811067,5.189644792521126
YULARA_COMBINED,Ridge+day,validation,530,day_power_lead27,31.685578879382817,31.685578879382817,False,False,1.0,24.96173548428159,-0.04878001799807,107.69682693481,0.06568845036323283,2.6768161108511563,5.516306100712346
YULARA_COMBINED,Ridge+day,validation,531,day_power_lead28,31.68627912930729,31.68627912930729,False,False,1.0,24.953288808056477,-0.04878001799807,107.69682693481,0.06542002242195177,2.676756550421616,5.806349252300281
YULARA_COMBINED,Ridge+day,validation,532,day_power_lead29,31.68696632934961,31.68696632934961,False,False,1.0,24.943607094539175,-0.04878001799807,107.69682693481,0.06511304364420055,2.676698481648779,5.368841870491348
YULARA_COMBINED,Ridge+day,validation,533,day_power_lead30,31.687685348421205,31.687685348421205,False,False,1.0,24.931938626319994,-0.04878001799807,107.69682693481,0.06474111608449726,2.6766355286441597,5.259422151461074
YULARA_COMBINED,Ridge+day,validation,534,day_power_lead31,31.68840410026209,31.68840410026209,False,False,1.0,24.918939956732842,-0.04878001799807,107.69682693481,0.06432801300959062,2.676573385675503,5.293485973682839
YULARA_COMBINED,Ridge+day,validation,535,day_power_lead32,31.68912980205275,31.68912980205275,False,False,1.0,24.90557242377019,-0.04878001799807,107.69682693481,0.0639014131160169,2.6765087970422483,5.3231357289527885
YULARA_COMBINED,Ridge+day,validation,536,day_power_lead33,31.68984785898018,31.68984785898018,False,False,1.0,24.891996161710097,-0.04878001799807,107.69682693481,0.06346934901333184,2.67644594459629,5.241362378961879
YULARA_COMBINED,Ridge+day,validation,537,day_power_lead34,31.690566856741345,31.690566856741345,False,False,1.0,24.879988841153466,-0.04878001799807,107.69682693481,0.06308490965093799,2.6763811144185534,5.169297543487726
YULARA_COMBINED,Ridge+day,validation,538,day_power_lead35,31.691259806873113,31.691259806873113,False,False,1.0,24.867515752232297,-0.04878001799807,107.69682693481,0.0626879508785243,2.6763205955679576,4.989699849939883
YULARA_COMBINED,Ridge+day,validation,539,day_power_lead36,31.691941164469128,31.691941164469128,False,False,1.0,24.856060699295213,-0.04878001799807,107.69682693481,0.062321890956909584,2.6762597941482196,4.828255074904855
YULARA_COMBINED,Ridge+day,validation,540,day_power_lead37,31.692613183986925,31.692613183986925,False,False,1.0,24.845148265273654,-0.04878001799807,107.69682693481,0.061974300256268024,2.6762010977927413,4.972373979245411
YULARA_COMBINED,Ridge+day,validation,541,day_power_lead38,31.693272351659434,31.693272351659434,False,False,1.0,24.83165590666504,-0.04878001799807,107.69682693481,0.06154370390919078,2.6761418466537097,5.021629675557457
YULARA_COMBINED,Ridge+day,validation,542,day_power_lead39,31.693896712926175,31.693896712926175,False,False,1.0,24.816925187985337,-0.04878001799807,107.69682693481,0.06107567099646408,2.6760870877851914,5.044107546069745
YULARA_COMBINED,Ridge+day,validation,543,day_power_lead40,31.694500464902134,31.694500464902134,False,False,1.0,24.800758710893106,-0.04878001799807,107.69682693481,0.06056104505083796,2.676032720198846,5.024989836381653
YULARA_COMBINED,Ridge+day,validation,544,day_power_lead41,31.69504622245254,31.69504622245254,False,False,1.0,24.784232236898674,-0.04878001799807,107.69682693481,0.06003691193481778,2.6759849725871683,5.060329320285714
YULARA_COMBINED,Ridge+day,validation,545,day_power_lead42,31.6955712405883,31.6955712405883,False,False,1.0,24.76798187860707,-0.04878001799807,107.69682693481,0.059520398512681906,2.67593782878152,5.04696300900055
YULARA_COMBINED,Ridge+day,validation,546,day_power_lead43,31.69603744551843,31.69603744551843,False,False,1.0,24.7515911729405,-0.04878001799807,107.69682693481,0.059001132040813614,2.6758972000254033,5.048728067328835
YULARA_COMBINED,Ridge+day,validation,547,day_power_lead44,31.696472915571576,31.696472915571576,False,False,1.0,24.734875397981828,-0.04878001799807,107.69682693481,0.05847030396943478,2.6758577892524213,5.131682055075396
YULARA_COMBINED,Ridge+day,validation,548,day_power_lead45,31.696852449844627,31.696852449844627,False,False,1.0,24.717799594663934,-0.04878001799807,107.69682693481,0.05792971035223261,2.675824577719507,5.215713987443442
YULARA_COMBINED,Ridge+day,validation,549,day_power_lead46,31.69719673088295,31.69719673088295,False,False,1.0,24.712017298468737,-0.04878001799807,107.69682693481,0.05774335612170579,2.675792212015899,5.153921313060219
YULARA_COMBINED,Ridge+day,validation,550,day_power_lead47,31.69745170748632,31.69745170748632,False,False,1.0,24.70627998624143,-0.04878001799807,107.69682693481,0.057559836690475014,2.6757686351273486,5.129905871824659
YULARA_COMBINED,Ridge+day,validation,551,day_power_lead48,31.69767172555828,31.69767172555828,False,False,1.0,24.703293055091734,-0.04878001799807,107.69682693481,0.0574619506599849,2.6757468076136712,5.054467242408039
YULARA_COMBINED,Ridge+day,validation,552,day_power_lead49,31.697803316877213,31.697803316877213,False,False,1.0,24.699465225008616,-0.04878001799807,107.69682693481,0.05733843431114626,2.675733181735495,5.059697181604371
YULARA_COMBINED,Ridge+day,validation,553,day_power_lead50,31.697895314630802,31.697895314630802,False,False,1.0,24.69397200310508,-0.04878001799807,107.69682693481,0.0571619837233154,2.675722430965164,5.056470156911286
YULARA_COMBINED,Ridge+day,validation,554,day_power_lead51,31.697907470636153,31.697907470636153,False,False,1.0,24.687588785381937,-0.04878001799807,107.69682693481,0.05695824879195037,2.675719068455676,5.126529137055265
YULARA_COMBINED,Ridge+day,validation,555,day_power_lead52,31.697875940269313,31.697875940269313,False,False,1.0,24.679820996180332,-0.04878001799807,107.69682693481,0.056710004497663044,2.6757184861721086,5.102180374782806
YULARA_COMBINED,Ridge+day,validation,556,day_power_lead53,31.697750583535587,31.697750583535587,False,False,1.0,24.671842076348142,-0.04878001799807,107.69682693481,0.05645489540160892,2.675725453407281,5.164119775053408
YULARA_COMBINED,Ridge+day,validation,557,day_power_lead54,31.697590652416626,31.697590652416626,False,False,1.0,24.664212975734,-0.04878001799807,107.69682693481,0.05621048169990595,2.6757349392392555,5.132308785799273
YULARA_COMBINED,Ridge+day,validation,558,day_power_lead55,31.697354577372053,31.697354577372053,False,False,1.0,24.656013411812125,-0.04878001799807,107.69682693481,0.05594858078925252,2.67575123089049,5.181118158942229
YULARA_COMBINED,Ridge+day,validation,559,day_power_lead56,31.69708761783196,31.69708761783196,False,False,1.0,24.647501952400653,-0.04878001799807,107.69682693481,0.05567682559996746,2.675770065197411,5.179552346394829
YULARA_COMBINED,Ridge+day,validation,560,day_power_lead57,31.69675964017284,31.69675964017284,False,False,1.0,24.638751690706407,-0.04878001799807,107.69682693481,0.055398941540341994,2.6757953538863797,5.1861864292800925
YULARA_COMBINED,Ridge+day,validation,561,day_power_lead58,31.696410615371207,31.696410615371207,False,False,1.0,24.63120802931414,-0.04878001799807,107.69682693481,0.05515833637787959,2.675821600539819,5.137077103024995
YULARA_COMBINED,Ridge+day,validation,562,day_power_lead59,31.696009292809546,31.696009292809546,False,False,1.0,24.623298583587772,-0.04878001799807,107.69682693481,0.05490687909190246,2.6758528658179985,5.148809445116415
YULARA_COMBINED,Ridge+day,validation,563,day_power_lead60,31.69558908638955,31.69558908638955,False,False,1.0,24.614796877258986,-0.04878001799807,107.69682693481,0.05463661932665044,2.67588558337343,5.144651283333809
YULARA_COMBINED,Ridge+day,validation,564,day_power_lead61,31.695135419466844,31.695135419466844,False,False,1.0,24.606014489429015,-0.04878001799807,107.69682693481,0.05435794081605029,2.6759215134502097,5.12522917125109
YULARA_COMBINED,Ridge+day,validation,565,day_power_lead62,31.694679932114735,31.694679932114735,False,False,1.0,24.596825001854306,-0.04878001799807,107.69682693481,0.05406635100911455,2.6759575362472514,5.126450520570087
YULARA_COMBINED,Ridge+day,validation,566,day_power_lead63,31.694213439793078,31.694213439793078,False,False,1.0,24.5875022556834,-0.04878001799807,107.69682693481,0.05377091764137118,2.6759948399041096,5.104432421769956
YULARA_COMBINED,Ridge+day,validation,567,day_power_lead64,31.693747539287884,31.693747539287884,False,False,1.0,24.577984326080376,-0.04878001799807,107.69682693481,0.053469529450256154,2.6760323079823523,5.136814182474557
YULARA_COMBINED,Ridge+day,validation,568,day_power_lead65,31.69328662622432,31.69328662622432,False,False,1.0,24.568322211389347,-0.04878001799807,107.69682693481,0.053163995910214,2.6760697773079922,5.121560861688662
YULARA_COMBINED,Ridge+day,validation,569,day_power_lead66,31.692824118190522,31.692824118190522,False,False,1.0,24.558664448750225,-0.04878001799807,107.69682693481,0.05285896099085029,2.6761077499285806,5.1155269340323075
YULARA_COMBINED,Ridge+day,validation,570,day_power_lead67,31.692368929759294,31.692368929759294,False,False,1.0,24.548890999487483,-0.04878001799807,107.69682693481,0.052550987351127676,2.6761458382001027,5.128078775672046
YULARA_COMBINED,Ridge+day,validation,571,day_power_lead68,31.691923530903313,31.691923530903313,False,False,1.0,24.539024155265466,-0.04878001799807,107.69682693481,0.0522402614483643,2.676183320583163,5.146899254356204
YULARA_COMBINED,Ridge+day,validation,572,day_power_lead69,31.691496836444866,31.691496836444866,False,False,1.0,24.529008285830674,-0.04878001799807,107.69682693481,0.05192553448406247,2.67621996520143,5.17998415752773
YULARA_COMBINED,Ridge+day,validation,573,day_power_lead70,31.691074443226505,31.691074443226505,False,False,1.0,24.51891005720596,-0.04878001799807,107.69682693481,0.051608542060904705,2.6762565964086513,5.184912064839328
YULARA_COMBINED,Ridge+day,validation,574,day_power_lead71,31.69068123752747,31.69068123752747,False,False,1.0,24.508744638353637,-0.04878001799807,107.69682693481,0.05129001413108979,2.676291404064819,5.199786916122581
YULARA_COMBINED,Ridge+day,validation,575,day_power_lead72,31.69030370783831,31.69030370783831,False,False,1.0,24.498481759630728,-0.04878001799807,107.69682693481,0.05096855733863354,2.67632506834616,5.17655862355416
YULARA_COMBINED,Ridge+day,validation,576,day_power_lead73,31.689966638603362,31.689966638603362,False,False,1.0,24.488130228409762,-0.04878001799807,107.69682693481,0.0506448485243467,2.676355934159854,5.1926291936866456
YULARA_COMBINED,Ridge+day,validation,577,day_power_lead74,31.689647183203373,31.689647183203373,False,False,1.0,24.477754821982213,-0.04878001799807,107.69682693481,0.05032051066293394,2.676385472248774,5.219830076778377
YULARA_COMBINED,Ridge+day,validation,578,day_power_lead75,31.68938237576147,31.68938237576147,False,False,1.0,24.46734333083537,-0.04878001799807,107.69682693481,0.04999515142467777,2.6764106055685586,5.20368606094013
YULARA_COMBINED,Ridge+day,validation,579,day_power_lead76,31.689129382842257,31.689129382842257,False,False,1.0,24.45694055883991,-0.04878001799807,107.69682693481,0.049670157201964237,2.6764348552892345,5.211899565241973
YULARA_COMBINED,Ridge+day,validation,580,day_power_lead77,31.688926174009126,31.688926174009126,False,False,1.0,24.446520802848518,-0.04878001799807,107.69682693481,0.049344385013335726,2.67645474131952,5.21328256778641
YULARA_COMBINED,Ridge+day,validation,581,day_power_lead78,31.68873157018336,31.68873157018336,False,False,1.0,24.436099926985598,-0.059044114896096,107.69682693481,0.04901809961027726,2.6764734404282193,5.20762645067154
YULARA_COMBINED,Ridge+day,validation,582,day_power_lead79,31.688587707559222,31.688587707559222,False,False,1.0,24.425563396441465,-0.059044114896096,107.69682693481,0.048687429818518375,2.6764872013591234,5.219528132533411
YULARA_COMBINED,Ridge+day,validation,583,day_power_lead80,31.688453602332416,31.688453602332416,False,False,1.0,24.415085291991748,-0.059044114896096,107.69682693481,0.04835797231389311,2.6764995246895618,5.2358908726346005
YULARA_COMBINED,Ridge+day,validation,584,day_power_lead81,31.688328418691977,31.688328418691977,False,False,1.0,24.40465721891186,-0.059044114896096,107.69682693481,0.04802982469832179,2.6765108419162145,5.244166977464329
YULARA_COMBINED,Ridge+day,validation,585,day_power_lead82,31.688201966362378,31.688201966362378,False,False,1.0,24.394382296037605,-0.059044114896096,107.69682693481,0.0477055791069374,2.6765213360627755,5.2422053241762985
YULARA_COMBINED,Ridge+day,validation,586,day_power_lead83,31.68812375649358,31.68812375649358,False,False,1.0,24.384191904348274,-0.059044114896096,107.69682693481,0.04738273372255954,2.6765265628326427,5.257886098287978
YULARA_COMBINED,Ridge+day,validation,587,day_power_lead84,31.688022501581038,31.688022501581038,False,False,1.0,24.374290051128792,-0.059044114896096,107.69682693481,0.04706780792617317,2.6765325174871415,5.263222703150981
YULARA_COMBINED,Ridge+day,validation,588,day_power_lead85,31.687960639010903,31.687960639010903,False,False,1.0,24.36446618485802,-0.059044114896096,107.69682693481,0.04675411105779366,2.6765339728568485,5.26689763086586
YULARA_COMBINED,Ridge+day,validation,589,day_power_lead86,31.68789502999999,31.68789502999999,False,False,1.0,24.354966574892707,-0.059044114896096,107.69682693481,0.046449285730963984,2.676534379140128,5.259558220493215
YULARA_COMBINED,Ridge+day,validation,590,day_power_lead87,31.687880560932214,31.687880560932214,False,False,1.0,24.34561978756745,-0.059044114896096,107.69682693481,0.04614789633387234,2.676529154776437,5.261979845398072
YULARA_COMBINED,Ridge+day,validation,591,day_power_lead88,31.68786185840902,31.68786185840902,False,False,1.0,24.336691301873827,-0.059044114896096,107.69682693481,0.045858096707048074,2.676522671218719,5.298519921110608
YULARA_COMBINED,Ridge+day,validation,592,day_power_lead89,31.687868310158077,31.687868310158077,False,False,1.0,24.327998955223183,-0.059044114896096,107.69682693481,0.045574764746839566,2.6765131151458013,5.320109998258141
YULARA_COMBINED,Ridge+day,validation,593,day_power_lead90,31.687862647197328,31.687862647197328,False,False,1.0,24.319843087655574,-0.059044114896096,107.69682693481,0.04530619103500561,2.6765023930460874,5.309413315249462
YULARA_COMBINED,Ridge+day,validation,594,day_power_lead91,31.687922682497096,31.687922682497096,False,False,1.0,24.31181627177196,-0.059044114896096,107.69682693481,0.04503988658447747,2.676484411949214,5.316136049216449
YULARA_COMBINED,Ridge+day,validation,595,day_power_lead92,31.687984572412486,31.687984572412486,False,False,1.0,24.304280184009606,-0.059044114896096,107.69682693481,0.044787578277218,2.6764647857762975,5.324998124470462
YULARA_COMBINED,Ridge+day,validation,596,day_power_lead93,31.688086854293797,31.688086854293797,False,False,1.0,24.29693592908782,-0.059044114896096,107.69682693481,0.04454022126503752,2.6764407013794225,5.315471256876817
YULARA_COMBINED,Ridge+day,validation,597,day_power_lead94,31.688213655614447,31.688213655614447,False,False,1.0,24.290096402244416,-0.059044114896096,107.69682693481,0.04430712316845774,2.676412909850686,5.314333503360972
YULARA_COMBINED,Ridge+day,validation,598,day_power_lead95,31.688395088577828,31.688395088577828,False,False,1.0,24.283423106393872,-0.059044114896096,107.69682693481,0.044078022796993487,2.676379330428781,5.268830013393105
YULARA_COMBINED,Ridge+day,validation,599,day_power_lead96,31.68859472153998,31.68859472153998,False,False,1.0,24.277223870473758,-0.059044114896096,107.69682693481,0.043862303560612596,2.6763426580028584,5.262827124030021
YULARA_COMBINED,Ridge+day,validation,600,day_power_lead97,31.688810933900573,31.688810933900573,False,False,1.0,24.271242703998627,-0.059044114896096,107.69682693481,0.043652910387172825,2.676304050400855,5.2647703138894455
YULARA_COMBINED,Ridge+day,validation,601,day_power_lead98,31.68906956620248,31.68906956620248,False,False,1.0,24.26574690943105,-0.059044114896096,107.69682693481,0.043457089782849,2.6762601719648886,5.302800688905043
YULARA_COMBINED,Ridge+day,validation,602,day_power_lead99,31.689359244649854,31.689359244649854,False,False,1.0,24.26052283971904,-0.059044114896096,107.69682693481,0.04326905122200763,2.676212918939295,5.307832981234077
YULARA_COMBINED,Ridge+day,validation,603,day_power_lead100,31.6896763211493,31.6896763211493,False,False,1.0,24.255795100658187,-0.059044114896096,107.69682693481,0.04309524972518833,2.676161961689813,5.32116202087789
YULARA_COMBINED,Ridge+day,validation,604,day_power_lead101,31.690023067596186,31.690023067596186,False,False,1.0,24.251261006082576,-0.059044114896096,107.69682693481,0.04292688400338384,2.6761078618377776,5.2812138266939215
YULARA_COMBINED,Ridge+day,validation,605,day_power_lead102,31.690414243595264,31.690414243595264,False,False,1.0,24.247205378293152,-0.059044114896096,107.69682693481,0.042771940307611216,2.676048391510274,5.2805197005579085
YULARA_COMBINED,Ridge+day,validation,606,day_power_lead103,31.690891570953724,31.690891570953724,False,False,1.0,24.243460324385058,-0.059044114896096,107.69682693481,0.04262513640832383,2.6759800997288923,5.257964680682823
YULARA_COMBINED,Ridge+day,validation,607,day_power_lead104,31.691403629690814,31.691403629690814,False,False,1.0,24.240164503331794,-0.059044114896096,107.69682693481,0.0424911943216272,2.6759076061239098,5.243600060471412
YULARA_COMBINED,Ridge+day,validation,608,day_power_lead105,31.691958093010346,31.691958093010346,False,False,1.0,24.234431002135047,-0.059044114896096,107.69682693481,0.042279295182594094,2.675830547766213,5.236101502208827
YULARA_COMBINED,Ridge+day,validation,609,day_power_lead106,31.69256576879787,31.69256576879787,False,False,1.0,24.2295983316821,-0.059044114896096,107.69682693481,0.042094262969417186,2.675747505563726,5.20406800409261
YULARA_COMBINED,Ridge+day,validation,610,day_power_lead107,31.69322077684165,31.69322077684165,False,False,1.0,24.22516245944035,-0.059044114896096,107.69682693481,0.04192083516545221,2.6756596105051518,5.208156564659923
YULARA_COMBINED,Ridge+day,validation,611,day_power_lead108,31.693924003421575,31.693924003421575,False,False,1.0,24.221801430290334,-0.059044114896096,107.69682693481,0.041779897721190576,2.6755662819981256,5.189058318306058
YULARA_COMBINED,Ridge+day,validation,612,day_power_lead109,31.694638933064976,31.694638933064976,False,False,1.0,24.218899647225843,-0.059044114896096,107.69682693481,0.04165305791864368,2.675471586783379,5.209932506300259
YULARA_COMBINED,Ridge+day,validation,613,day_power_lead110,31.69540653138163,31.69540653138163,False,False,1.0,24.21660837159762,-0.059044114896096,107.69682693481,0.041544087493084685,2.67537112109048,5.179134231269967
YULARA_COMBINED,Ridge+day,validation,614,day_power_lead111,31.69625107279429,31.69625107279429,False,False,1.0,24.214648013838843,-0.059044114896096,107.69682693481,0.041444129352501725,2.6752628333135537,5.160846232637041
YULARA_COMBINED,Ridge+day,validation,615,day_power_lead112,31.69715369649487,31.69715369649487,False,False,1.0,24.213395350081704,-0.059044114896096,107.69682693481,0.04136503310455177,2.6751482549072105,5.1618673359637945
YULARA_COMBINED,Ridge+day,validation,616,day_power_lead113,31.698073734678566,31.698073734678566,False,False,1.0,24.212550550220516,-0.059044114896096,107.69682693481,0.04129806483330811,2.675031492402927,5.158793539840951
YULARA_COMBINED,Ridge+day,validation,617,day_power_lead114,31.69903250812535,31.69903250812535,False,False,1.0,24.212294147057293,-0.059044114896096,107.69682693481,0.04124862165925086,2.6749104776276718,5.143622557167046
YULARA_COMBINED,Ridge+day,validation,618,day_power_lead115,31.700022203871207,31.700022203871207,False,False,1.0,24.21242966039978,-0.059044114896096,107.69682693481,0.04121082698940448,2.6747861834197577,5.132292928897079
YULARA_COMBINED,Ridge+day,validation,619,day_power_lead116,31.70106028449321,31.70106028449321,False,False,1.0,24.213161596193334,-0.059044114896096,107.69682693481,0.041190621663596196,2.674656650541289,5.127293317936469
YULARA_COMBINED,Ridge+day,validation,620,day_power_lead117,31.702142813314445,31.702142813314445,False,False,1.0,24.214216470164995,-0.059044114896096,107.69682693481,0.04117946448274833,2.674522294216753,5.1278640454730136
YULARA_COMBINED,Ridge+day,validation,621,day_power_lead118,31.703247851417565,31.703247851417565,False,False,1.0,24.215713931213546,-0.059044114896096,107.69682693481,0.04118161641835425,2.674385425531045,5.10887923662892
YULARA_COMBINED,Ridge+day,validation,622,day_power_lead119,31.704359130334254,31.704359130334254,False,False,1.0,24.217579939871154,-0.059044114896096,107.69682693481,0.0411949579928085,2.674247613363065,5.127466999940977
YULARA_COMBINED,Ridge+day,validation,623,day_power_lead120,31.705519770748275,31.705519770748275,False,False,1.0,24.219811206565435,-0.059044114896096,107.69682693481,0.04121872860000238,2.6741046213984236,5.09034614475232
YULARA_COMBINED,Ridge+day,validation,624,day_power_lead121,31.70679087139856,31.70679087139856,False,False,1.0,24.222385519701234,-0.059044114896096,107.69682693481,0.04125062814673184,2.6739497793688685,5.066711265676208
YULARA_COMBINED,Ridge+day,validation,625,day_power_lead122,31.708054811066685,31.708054811066685,False,False,1.0,24.225305518602504,-0.059044114896096,107.69682693481,0.041293630879679154,2.6737957478835397,5.035435900634932
YULARA_COMBINED,Ridge+day,validation,626,day_power_lead123,31.709292421170748,31.709292421170748,False,False,1.0,24.228556532362614,-0.059044114896096,107.69682693481,0.04134701999263946,2.673643865150865,4.995935824342769
YULARA_COMBINED,Ridge+day,validation,627,day_power_lead124,31.710564537423082,31.710564537423082,False,False,1.0,24.23215356385774,-0.059044114896096,107.69682693481,0.04141038212541813,2.6734881955762573,4.966680337606451
YULARA_COMBINED,Ridge+day,validation,628,day_power_lead125,31.71183623090889,31.71183623090889,False,False,1.0,24.23611963432613,-0.059044114896096,107.69682693481,0.04148481158096155,2.6733320087210757,4.975281800425786
YULARA_COMBINED,Ridge+day,validation,629,day_power_lead126,31.713116928041018,31.713116928041018,False,False,1.0,24.240340493948946,-0.059044114896096,107.69682693481,0.041566825542912904,2.673174643539135,4.98501059109136
YULARA_COMBINED,Ridge+day,validation,630,day_power_lead127,31.71446455295518,31.71446455295518,False,False,1.0,24.244927147361526,-0.059044114896096,107.69682693481,0.04165865545479307,2.673010026628183,4.992728883242409
YULARA_COMBINED,Ridge+day,validation,631,day_power_lead128,31.71581267262635,31.71581267262635,False,False,1.0,24.249860115760637,-0.059044114896096,107.69682693481,0.04176106491394947,2.6728450506972226,4.99055738290991
YULARA_COMBINED,Ridge+day,validation,632,day_power_lead129,31.717187258794592,31.717187258794592,False,False,1.0,24.255159647205435,-0.059044114896096,107.69682693481,0.04187398738831572,2.6726768579823257,5.016081085089509
YULARA_COMBINED,Ridge+day,validation,633,day_power_lead130,31.718563496384686,31.718563496384686,False,False,1.0,24.26081366253196,-0.059044114896096,107.69682693481,0.041997679406622294,2.672508146306807,4.956345438689712
YULARA_COMBINED,Ridge+day,validation,634,day_power_lead131,31.719929279882493,31.719929279882493,False,False,1.0,24.26683686664111,-0.059044114896096,107.69682693481,0.04213242305288952,2.6723397394696415,4.8683598493511155
YULARA_COMBINED,Ridge+day,validation,635,day_power_lead132,31.721309908470953,31.721309908470953,False,False,1.0,24.2731092650457,-0.059044114896096,107.69682693481,0.04227437957895558,2.6721694851239692,4.784551202606596
YULARA_COMBINED,Ridge+day,validation,636,day_power_lead133,31.722709120928823,31.722709120928823,False,False,1.0,24.27981536351409,-0.059044114896096,107.69682693481,0.04242887181426067,2.6719965815992417,4.8513410220501045
YULARA_COMBINED,Ridge+day,validation,637,day_power_lead134,31.72412410720068,31.72412410720068,False,False,1.0,24.286763399586864,-0.059044114896096,107.69682693481,0.042590269970174385,2.671821679271429,4.93013859172895
YULARA_COMBINED,Ridge+day,validation,638,day_power_lead135,31.72551346556895,31.72551346556895,False,False,1.0,24.29408051028389,-0.059044114896096,107.69682693481,0.042762761595709214,2.671648390666501,5.010645014166916
YULARA_COMBINED,Ridge+day,validation,639,day_power_lead136,31.726914249614275,31.726914249614275,False,False,1.0,24.30169793412324,-0.059044114896096,107.69682693481,0.04294406724527863,2.6714735342009455,5.185246812681057
YULARA_COMBINED,Ridge+day,validation,640,day_power_lead137,31.7282739255101,31.7282739255101,False,False,1.0,24.309709037844883,-0.059044114896096,107.69682693481,0.043137409496720854,2.671301743073039,5.3072330444084646
YULARA_COMBINED,Ridge+day,validation,641,day_power_lead138,31.72962176036484,31.72962176036484,False,False,1.0,24.317892030724018,-0.059044114896096,107.69682693481,0.043336005104535925,2.671130799943189,5.627975156154017
YULARA_COMBINED,Ridge+day,validation,642,day_power_lead139,31.73092483665749,31.73092483665749,False,False,1.0,24.326575273789945,-0.059044114896096,107.69682693481,0.04354992027326986,2.670963148541539,5.898873928202689
YULARA_COMBINED,Ridge+day,validation,643,day_power_lead140,31.732247885683808,31.732247885683808,False,False,1.0,24.33536190888186,-0.059044114896096,107.69682693481,0.043766204723089175,2.6707929860037547,6.343888740473676
YULARA_COMBINED,Ridge+day,validation,644,day_power_lead141,31.733547427080723,31.733547427080723,False,False,1.0,24.34456674184978,-0.059044114896096,107.69682693481,0.04399485977359569,2.6706239936418505,6.946931599771429
YULARA_COMBINED,Ridge+day,validation,645,day_power_lead142,31.734825672412217,31.734825672412217,False,False,1.0,24.354014159115295,-0.059044114896096,107.69682693481,0.04423100754327382,2.6704566448293945,7.876548402927443
YULARA_COMBINED,Ridge+day,validation,646,day_power_lead143,31.73603486035941,31.73603486035941,False,False,1.0,24.363871150903005,-0.059044114896096,107.69682693481,0.044479806583117815,2.6702947878993837,9.0148722180678
YULARA_COMBINED,Ridge+day,validation,647,day_power_lead144,31.73722056312108,31.73722056312108,False,False,1.0,24.373950912786892,-0.059044114896096,107.69682693481,0.04473552605753261,2.6701348062593095,14.023741676492207
YULARA_COMBINED,Ridge+day,validation,648,day_missing_lead1,0.056113205593701664,0.056113205593701664,False,False,0.003158669032062654,0.00758989672763469,0.0,1.0,0.07896942704819228,17.76482595176894,2.9527657663310873
YULARA_COMBINED,Ridge+day,validation,649,day_missing_lead2,0.055985351687764126,0.055985351687764126,False,False,0.0031442458857975277,0.00758989672763469,0.0,1.0,0.07940739332372156,17.80565315859345,1.9318447718022227
YULARA_COMBINED,Ridge+day,validation,650,day_missing_lead3,0.05585720140824258,0.05585720140824258,False,False,0.0031298227395324014,0.00758989672763469,0.0,1.0,0.07984778821095999,17.846761959566493,1.3830263954357813
YULARA_COMBINED,Ridge+day,validation,651,day_missing_lead4,0.05572875271031814,0.05572875271031814,False,False,0.003115399593267275,0.00758989672763469,0.0,1.0,0.0802906384362513,17.88815560952184,1.1922365561512733
YULARA_COMBINED,Ridge+day,validation,652,day_missing_lead5,0.055600003526001286,0.055600003526001286,False,False,0.003100976447002149,0.00758989672763469,0.0,1.0,0.08073597115031304,17.929837416049786,1.1078184510971039
YULARA_COMBINED,Ridge+day,validation,653,day_missing_lead6,0.05547095176273261,0.05547095176273261,False,False,0.0030865533007370227,0.00758989672763469,0.0,1.0,0.08118381393850854,17.971810740933158,1.045771350370279
YULARA_COMBINED,Ridge+day,validation,654,day_missing_lead7,0.05534159530400433,0.05534159530400433,False,False,0.0030721301544718964,0.00758989672763469,0.0,1.0,0.08163419482842232,18.01407900096067,1.009053258072666
YULARA_COMBINED,Ridge+day,validation,655,day_missing_lead8,0.055211932007940584,0.055211932007940584,False,False,0.00305770700820677,0.00758989672763469,0.0,1.0,0.08208714230061905,18.05664566942546,1.0225664736685371
YULARA_COMBINED,Ridge+day,validation,656,day_missing_lead9,0.05508195970790692,0.05508195970790692,False,False,0.003043283861941644,0.00758989672763469,0.0,1.0,0.08254268529665967,18.099514276993798,1.0515078674624396
YULARA_COMBINED,Ridge+day,validation,657,day_missing_lead10,0.05495167621132464,0.05495167621132464,False,False,0.0030288607156765176,0.00758989672763469,0.0,1.0,0.08300085322999151,18.142688413185546,1.0609549425620852
YULARA_COMBINED,Ridge+day,validation,658,day_missing_lead11,0.05482107929949787,0.05482107929949787,False,False,0.0030144375694113913,0.00758989672763469,0.0,1.0,0.08346167599559111,18.186171727555177,1.0624502275646124
YULARA_COMBINED,Ridge+day,validation,659,day_missing_lead12,0.054690166726916005,0.054690166726916005,False,False,0.003000014423146265,0.00758989672763469,0.0,1.0,0.08392518398064225,18.22996793107555,1.055459223863232
YULARA_COMBINED,Ridge+day,validation,660,day_missing_lead13,0.05455893622132238,0.05455893622132238,False,False,0.002985591276881139,0.00758989672763469,0.0,1.0,0.0843914080743042,18.27408079729883,1.0639237186656214
YULARA_COMBINED,Ridge+day,validation,661,day_missing_lead14,0.054427385483261696,0.054427385483261696,False,False,0.0029711681306160125,0.00758989672763469,0.0,1.0,0.08486037967851862,18.318514163720113,1.0579360062682952
YULARA_COMBINED,Ridge+day,validation,662,day_missing_lead15,0.054295512185093125,0.054295512185093125,False,False,0.0029567449843508863,0.00758989672763469,0.0,1.0,0.08533213071992779,18.36327193335489,1.0619093356554963
YULARA_COMBINED,Ridge+day,validation,663,day_missing_lead16,0.054163313970771614,0.054163313970771614,False,False,0.00294232183808576,0.00758989672763469,0.0,1.0,0.08580669366089612,18.408358076094842,1.0629981180523618
YULARA_COMBINED,Ridge+day,validation,664,day_missing_lead17,0.05403078845509877,0.05403078845509877,False,False,0.0029278986918206337,0.00758989672763469,0.0,1.0,0.08628410151164682,18.45377663027769,1.0883715939702794
YULARA_COMBINED,Ridge+day,validation,665,day_missing_lead18,0.05389793322374528,0.05389793322374528,False,False,0.0029134755455555075,0.00758989672763469,0.0,1.0,0.08676438784147923,18.499531704031423,1.0655345463738213
YULARA_COMBINED,Ridge+day,validation,666,day_missing_lead19,0.05376474583300941,0.05376474583300941,False,False,0.002899052399290381,0.00758989672763469,0.0,1.0,0.08724758679067944,18.54562747674201,1.0451528718571557
YULARA_COMBINED,Ridge+day,validation,667,day_missing_lead20,0.05363122380745204,0.05363122380745204,False,False,0.002884629253025255,0.00758989672763469,0.0,1.0,0.0877337330862034,18.592068201293326,1.0316198031217072
YULARA_COMBINED,Ridge+day,validation,668,day_missing_lead21,0.0534973646422608,0.0534973646422608,False,False,0.0028702061067601287,0.00758989672763469,0.0,1.0,0.08822286205003438,18.63885820471887,1.0071127819574746
YULARA_COMBINED,Ridge+day,validation,669,day_missing_lead22,0.053363165799805025,0.053363165799805025,False,False,0.0028557829604950024,0.00758989672763469,0.0,1.0,0.08871500961730769,18.68600189089884,0.9742760296535004
YULARA_COMBINED,Ridge+day,validation,670,day_missing_lead23,0.05322862471119002,0.05322862471119002,False,False,0.002841359814229876,0.00758989672763469,0.0,1.0,0.08921021234663895,18.73350374157125,0.9491451588910317
YULARA_COMBINED,Ridge+day,validation,671,day_missing_lead24,0.05309373877436405,0.05309373877436405,False,False,0.00282693666796475,0.00758989672763469,0.0,1.0,0.08970850743646823,18.781368318584367,0.9308364033359863
YULARA_COMBINED,Ridge+day,validation,672,day_missing_lead25,0.05295850535459667,0.05295850535459667,False,False,0.0028125135216996236,0.00758989672763469,0.0,1.0,0.0902099327378468,18.829600265366004,0.9255484853644035
YULARA_COMBINED,Ridge+day,validation,673,day_missing_lead26,0.05282292178281827,0.05282292178281827,False,False,0.0027980903754344973,0.00758989672763469,0.0,1.0,0.09071452677119467,18.878204309193016,0.928150470670051
YULARA_COMBINED,Ridge+day,validation,674,day_missing_lead27,0.052686985356345445,0.052686985356345445,False,False,0.002783667229169371,0.00758989672763469,0.0,1.0,0.09122232873941558,18.92718526266429,0.9387829247672119
YULARA_COMBINED,Ridge+day,validation,675,day_missing_lead28,0.0525506933361101,0.0525506933361101,False,False,0.002769244082904245,0.00758989672763469,0.0,1.0,0.0917333785474138,18.976548026472006,0.9260900339638972
YULARA_COMBINED,Ridge+day,validation,676,day_missing_lead29,0.05241404294897618,0.05241404294897618,False,False,0.0027548209366391185,0.00758989672763469,0.0,1.0,0.09224771681326703,19.026297590402542,0.9280660443246246
YULARA_COMBINED,Ridge+day,validation,677,day_missing_lead30,0.052277031384125074,0.052277031384125074,False,False,0.0027403977903739923,0.00758989672763469,0.0,1.0,0.09276538489010946,19.07643903652232,0.9301916187207915
YULARA_COMBINED,Ridge+day,validation,678,day_missing_lead31,0.05213965579426954,0.05213965579426954,False,False,0.002725974644108866,0.00758989672763469,0.0,1.0,0.09328642488008905,19.126977540682145,0.9306640606897387
YULARA_COMBINED,Ridge+day,validation,679,day_missing_lead32,0.052001913294702946,0.052001913294702946,False,False,0.0027115514978437397,0.00758989672763469,0.0,1.0,0.09381087965253512,19.17791837485608,0.9198678673361597
YULARA_COMBINED,Ridge+day,validation,680,day_missing_lead33,0.05186380096205336,0.05186380096205336,False,False,0.0026971283515786135,0.00758989672763469,0.0,1.0,0.0943387928631748,19.229266909652598,0.8913498001901129
YULARA_COMBINED,Ridge+day,validation,681,day_missing_lead34,0.051725315833560576,0.051725315833560576,False,False,0.002682705205313487,0.00758989672763469,0.0,1.0,0.09487020897293968,19.281028616699217,0.8339605252926813
YULARA_COMBINED,Ridge+day,validation,682,day_missing_lead35,0.05158645490716022,0.05158645490716022,False,False,0.002668282059048361,0.00758989672763469,0.0,1.0,0.09540517326580637,19.333209070788882,0.8167631009039257
YULARA_COMBINED,Ridge+day,validation,683,day_missing_lead36,0.05144721513990982,0.05144721513990982,False,False,0.0026538589127832347,0.00758989672763469,0.0,1.0,0.09594373187018931,19.385813952707664,0.8037151557903739
YULARA_COMBINED,Ridge+day,validation,684,day_missing_lead37,0.05130759344721089,0.05130759344721089,False,False,0.0026394357665181084,0.00758989672763469,0.0,1.0,0.09648593177947415,19.438849051839497,0.7727089369122008
YULARA_COMBINED,Ridge+day,validation,685,day_missing_lead38,0.051167586702844985,0.051167586702844985,False,False,0.002625012620252982,0.00758989672763469,0.0,1.0,0.09703182087158414,19.49232026853226,0.7633889445477725
YULARA_COMBINED,Ridge+day,validation,686,day_missing_lead39,0.051027191737335935,0.051027191737335935,False,False,0.002610589473987856,0.00758989672763469,0.0,1.0,0.09758144793227058,19.54623361716838,0.7524388658406561
YULARA_COMBINED,Ridge+day,validation,687,day_missing_lead40,0.05088640533711285,0.05088640533711285,False,False,0.0025961663277227296,0.00758989672763469,0.0,1.0,0.09813486267755489,19.600595229013816,0.7069522897055784
YULARA_COMBINED,Ridge+day,validation,688,day_missing_lead41,0.05074522424421342,0.05074522424421342,False,False,0.0025817431814576033,0.00758989672763469,0.0,1.0,0.0986921157757654,19.655411354937108,0.6974536102178109
YULARA_COMBINED,Ridge+day,validation,689,day_missing_lead42,0.05060364515569191,0.05060364515569191,False,False,0.002567320035192477,0.00758989672763469,0.0,1.0,0.09925325887076475,19.710688368318383,0.6780667610992909
YULARA_COMBINED,Ridge+day,validation,690,day_missing_lead43,0.0504616647207655,0.0504616647207655,False,False,0.002552896888927351,0.00758989672763469,0.0,1.0,0.09981834461031085,19.766432768925533,0.6630523687455457
YULARA_COMBINED,Ridge+day,validation,691,day_missing_lead44,0.050319279542972856,0.050319279542972856,False,False,0.0025384737426622245,0.00758989672763469,0.0,1.0,0.10038742666533078,19.82265118493006,0.6025387721874619
YULARA_COMBINED,Ridge+day,validation,692,day_missing_lead45,0.05017648617614797,0.05017648617614797,False,False,0.0025240505963970983,0.00758989672763469,0.0,1.0,0.10096055976206846,19.879350377423716,0.5936237649109545
YULARA_COMBINED,Ridge+day,validation,693,day_missing_lead46,0.050033281125699464,0.050033281125699464,False,False,0.0025096274501319716,0.007465472191116088,0.0,1.0,0.09905096426783336,19.936537242957463,0.5915441659549693
YULARA_COMBINED,Ridge+day,validation,694,day_missing_lead47,0.049889660846209605,0.049889660846209605,False,False,0.0024952043038668453,0.007341047654597486,0.0,1.0,0.09713121453498129,19.994218817623395,0.5889652982982695
YULARA_COMBINED,Ridge+day,validation,695,day_missing_lead48,0.04974562174154788,0.04974562174154788,False,False,0.002480781157601719,0.007216623118078885,0.0,1.0,0.09520118142420882,20.052402280244564,0.580350398639065
YULARA_COMBINED,Ridge+day,validation,696,day_missing_lead49,0.049601160162690894,0.049601160162690894,False,False,0.0024663580113365928,0.0070921985815602835,0.0,1.0,0.09326073331855585,20.111094956585116,0.5789655821886067
YULARA_COMBINED,Ridge+day,validation,697,day_missing_lead50,0.049456272408075964,0.049456272408075964,False,False,0.0024519348650714665,0.0069677740450416826,0.0,1.0,0.09130973605751982,20.170304322653195,0.5582106693153744
YULARA_COMBINED,Ridge+day,validation,698,day_missing_lead51,0.04931095472021205,0.04931095472021205,False,False,0.0024375117188063402,0.006843349508523081,0.0,1.0,0.08934805287618648,20.230038009633247,0.5545032356330316
YULARA_COMBINED,Ridge+day,validation,699,day_missing_lead52,0.04916520328770049,0.04916520328770049,False,False,0.002423088572541214,0.006718924972004479,0.0,1.0,0.08737554433214231,20.29030380673763,0.5424458991310955
YULARA_COMBINED,Ridge+day,validation,700,day_missing_lead53,0.0490190142409194,0.0490190142409194,False,False,0.0024086654262760877,0.006594500435485878,0.0,1.0,0.08539206824187004,20.35110966676618,0.5404414064965803
YULARA_COMBINED,Ridge+day,validation,701,day_missing_lead54,0.048872383652840586,0.048872383652840586,False,False,0.0023942422800109615,0.006470075898967276,0.0,1.0,0.08339747960542573,20.41246370969683,0.5341821741667799
YULARA_COMBINED,Ridge+day,validation,702,day_missing_lead55,0.04872530753752312,0.04872530753752312,False,False,0.002379819133745835,0.006345651362448675,0.0,1.0,0.0813916305330402,20.474374227355913,0.5302802434521086
YULARA_COMBINED,Ridge+day,validation,703,day_missing_lead56,0.04857778184827655,0.04857778184827655,False,False,0.002365395987480709,0.006221226825930073,0.0,1.0,0.07937437016972738,20.536849688370726,0.5251816778241383
YULARA_COMBINED,Ridge+day,validation,704,day_missing_lead57,0.04842980247665779,0.04842980247665779,False,False,0.0023509728412155827,0.006096802289411472,0.0,1.0,0.07734554461586554,20.599898742920367,0.5186150638791338
YULARA_COMBINED,Ridge+day,validation,705,day_missing_lead58,0.048281365250848605,0.048281365250848605,False,False,0.0023365496949504564,0.0059723777528928705,0.0,1.0,0.07530499684613845,20.663530227897073,0.521611020095381
YULARA_COMBINED,Ridge+day,validation,706,day_missing_lead59,0.04813246593487661,0.04813246593487661,False,False,0.00232212654868533,0.005847953216374269,0.0,1.0,0.07325256662435276,20.72775317186483,0.5238945517582257
YULARA_COMBINED,Ridge+day,validation,707,day_missing_lead60,0.04798310022721582,0.04798310022721582,False,False,0.002307703402420204,0.005723528679855668,0.0,1.0,0.07118809041642585,20.792576800439683,0.527252347373339
YULARA_COMBINED,Ridge+day,validation,708,day_missing_lead61,0.04783326375875681,0.04783326375875681,False,False,0.0022932802561550776,0.005599104143337066,0.0,1.0,0.06911140130129205,20.858010542113497,0.5222053734805372
YULARA_COMBINED,Ridge+day,validation,709,day_missing_lead62,0.04768295209161611,0.04768295209161611,False,False,0.0022788571098899513,0.005474679606818465,0.0,1.0,0.06702232887737711,20.924064033894727,0.5574793107622592
YULARA_COMBINED,Ridge+day,validation,710,day_missing_lead63,0.04753216071731155,0.04753216071731155,False,False,0.002264433963624825,0.005350255070299863,0.0,1.0,0.06492069916676775,20.99074712740742,0.5611745375937309
YULARA_COMBINED,Ridge+day,validation,711,day_missing_lead64,0.047380885055787594,0.047380885055787594,False,False,0.002250010817359699,0.005225830533781261,0.0,1.0,0.0628063345148101,21.05806989480803,0.6014049253809474
YULARA_COMBINED,Ridge+day,validation,712,day_missing_lead65,0.047229120454104496,0.047229120454104496,False,False,0.0022355876710945725,0.00510140599726266,0.0,1.0,0.06067905348677801,21.126042635041145,0.6116164682997489
YULARA_COMBINED,Ridge+day,validation,713,day_missing_lead66,0.04707686218298006,0.04707686218298006,False,False,0.0022211645248294463,0.0049769814607440585,0.0,1.0,0.05853867076363762,21.194675881263443,0.6118232586351059
YULARA_COMBINED,Ridge+day,validation,714,day_missing_lead67,0.046924105436872345,0.046924105436872345,False,False,0.00220674137856432,0.0048525569242254575,0.0,1.0,0.0563849970293113,21.263980406910065,0.589780165154629
YULARA_COMBINED,Ridge+day,validation,715,day_missing_lead68,0.04677084533192564,0.04677084533192564,False,False,0.0021923182322991937,0.004728132387706856,0.0,1.0,0.054217838856906946,21.333967232929194,0.5775022249011876
YULARA_COMBINED,Ridge+day,validation,716,day_missing_lead69,0.04661707690355439,0.04661707690355439,False,False,0.0021778950860340675,0.004603707851188255,0.0,1.0,0.052036998591158505,21.40464763542232,0.5577282829382749
YULARA_COMBINED,Ridge+day,validation,717,day_missing_lead70,0.04646279510457067,0.04646279510457067,False,False,0.002163471939768941,0.004479283314669653,0.0,1.0,0.049842274225833184,21.476033153288945,0.5588280399465223
YULARA_COMBINED,Ridge+day,validation,718,day_missing_lead71,0.04630799480417521,0.04630799480417521,False,False,0.002149048793503815,0.004354858778151051,0.0,1.0,0.04763345927576972,21.548135595725,0.5671565203911161
YULARA_COMBINED,Ridge+day,validation,719,day_missing_lead72,0.04615267078506412,0.04615267078506412,False,False,0.0021346256472386887,0.00423043424163245,0.0,1.0,0.04541034264634594,21.620967050853523,0.5762818279022872
YULARA_COMBINED,Ridge+day,validation,720,day_missing_lead73,0.045996817741382215,0.045996817741382215,False,False,0.0021202025009735624,0.004106009705113848,0.0,1.0,0.04317270849704249,21.69453989425139,0.5824394521869841
YULARA_COMBINED,Ridge+day,validation,721,day_missing_lead74,0.045840430277541415,0.045840430277541415,False,False,0.002105779354708436,0.003981585168595247,0.0,1.0,0.04092033609915356,21.768866797356164,0.6066142709731439
YULARA_COMBINED,Ridge+day,validation,722,day_missing_lead75,0.04568350290482078,0.04568350290482078,False,False,0.00209135620844331,0.0038571606320766455,0.0,1.0,0.03865299969033239,21.84396073721947,0.6867086499040911
YULARA_COMBINED,Ridge+day,validation,723,day_missing_lead76,0.045526030040364734,0.045526030040364734,False,False,0.0020769330621781836,0.003732736095558044,0.0,1.0,0.036370468321348805,21.91983500544707,0.6556459815062478
YULARA_COMBINED,Ridge+day,validation,724,day_missing_lead77,0.04536800600363692,0.04536800600363692,False,False,0.0020625099159130573,0.0036083115590394427,0.0,1.0,0.03407250569933504,21.996503218679866,0.612697233339981
YULARA_COMBINED,Ridge+day,validation,725,day_missing_lead78,0.04520942501559864,0.04520942501559864,False,False,0.002048086769647931,0.0034838870225208413,0.0,1.0,0.03175887002273341,22.073979328116383,0.6133984659781181
YULARA_COMBINED,Ridge+day,validation,726,day_missing_lead79,0.045050281193751616,0.045050281193751616,False,False,0.002033663623382805,0.0033594624860022394,0.0,1.0,0.029429313813102695,22.15227763139985,0.6769417799254908
YULARA_COMBINED,Ridge+day,validation,727,day_missing_lead80,0.04489056855305257,0.04489056855305257,False,False,0.0020192404771176785,0.003235037949483638,0.0,1.0,0.02708358373606041,22.23141278202901,0.7649390141075495
YULARA_COMBINED,Ridge+day,validation,728,day_missing_lead81,0.044730280999843317,0.044730280999843317,False,False,0.0020048173308525523,0.0031106134129650367,0.0,1.0,0.024721420420237405,22.31139980257766,0.784264392749065
YULARA_COMBINED,Ridge+day,validation,729,day_missing_lead82,0.04456941233166952,0.04456941233166952,False,False,0.001990394184587426,0.0029861888764464353,0.0,1.0,0.02234255826504204,22.3922540954452,0.7125758733842823
YULARA_COMBINED,Ridge+day,validation,730,day_missing_lead83,0.044407956232911994,0.044407956232911994,False,False,0.0019759710383222997,0.002861764339927834,0.0,1.0,0.019946725243551018,22.4739914561079,0.6602077297296155
YULARA_COMBINED,Ridge+day,validation,731,day_missing_lead84,0.04424590627317815,0.04424590627317815,False,False,0.0019615478920571735,0.0027373398034092325,0.0,1.0,0.017533642695942327,22.556628085454165,0.6784947008283161
YULARA_COMBINED,Ridge+day,validation,732,day_missing_lead85,0.04408325590305165,0.04408325590305165,False,False,0.001947124745792047,0.0026129152668906306,0.0,1.0,0.015103025115994108,22.64018060392672,0.6968786166798726
YULARA_COMBINED,Ridge+day,validation,733,day_missing_lead86,0.04391999845229729,0.04391999845229729,False,False,0.0019327015995269207,0.0024884907303720292,0.0,1.0,0.012654579927837792,22.724666064924868,0.7184465371836132
YULARA_COMBINED,Ridge+day,validation,734,day_missing_lead87,0.043756127125723014,0.043756127125723014,False,False,0.0019182784532617945,0.002364066193853428,0.0,1.0,0.010188007254635836,22.810101969924887,0.7279006617605203
YULARA_COMBINED,Ridge+day,validation,735,day_missing_lead88,0.04359163499988859,0.04359163499988859,False,False,0.0019038553069966682,0.0022396416573348264,0.0,1.0,0.007702999677323795,22.89650628372976,0.6991907822912523
YULARA_COMBINED,Ridge+day,validation,736,day_missing_lead89,0.04342651502068026,0.04342651502068026,False,False,0.001889432160731542,0.002115217120816225,0.0,1.0,0.005199241983317376,22.983897449840388,0.7499899405289094
YULARA_COMBINED,Ridge+day,validation,737,day_missing_lead90,0.043260759998728616,0.043260759998728616,False,False,0.0018750090144664157,0.0019907925842976236,0.0,1.0,0.0026764109052779244,23.072294407561664,0.864108503840103
YULARA_COMBINED,Ridge+day,validation,738,day_missing_lead91,0.04309436260610306,0.04309436260610306,False,False,0.0018605858682012894,0.001866368047779022,0.0,1.0,0.00013417484858945216,23.161716609087087,0.8971944675869431
YULARA_COMBINED,Ridge+day,validation,739,day_missing_lead92,0.04292731537313701,0.04292731537313701,False,False,0.0018461627219361631,0.0017419435112604206,0.0,1.0,-0.0024278063924994702,23.25218403717571,0.7711630401258391
YULARA_COMBINED,Ridge+day,validation,740,day_missing_lead93,0.04275961068336625,0.04275961068336625,False,False,0.0018317395756710369,0.001617518974741819,0.0,1.0,-0.005009881930766774,23.343717224549533,0.7635418233346558
YULARA_COMBINED,Ridge+day,validation,741,day_missing_lead94,0.04259124077082204,0.04259124077082204,False,False,0.0018173164294059106,0.0014930944382232176,0.0,1.0,-0.00761241009453773,23.436337272766625,0.7623442249201529
YULARA_COMBINED,Ridge+day,validation,742,day_missing_lead95,0.04242219771470837,0.04242219771470837,False,False,0.0018028932831407843,0.0013686699017046162,0.0,1.0,-0.010235758749613683,23.530065873290916,0.7643076957025386
YULARA_COMBINED,Ridge+day,validation,743,day_missing_lead96,0.042252473435886354,0.042252473435886354,False,False,0.001788470136875658,0.0012442453651860146,0.0,1.0,-0.012880305635016777,23.624925328402476,0.7629842106367878
YULARA_COMBINED,Ridge+day,validation,744,day_missing_lead97,0.042082059691550024,0.042082059691550024,False,False,0.0017740469906105318,0.0011198208286674132,0.0,1.0,-0.015546438713751606,23.720938573969818,0.7674052719359397
YULARA_COMBINED,Ridge+day,validation,745,day_missing_lead98,0.04191094807174938,0.04191094807174938,False,False,0.0017596238443454055,0.0009953962921488118,0.0,1.0,-0.018234556538503404,23.818129202105347,0.7689300251932052
YULARA_COMBINED,Ridge+day,validation,746,day_missing_lead99,0.04173912999339062,0.04173912999339062,False,False,0.0017452006980802793,0.0008709717556302103,0.0,1.0,-0.020945068634360686,23.916521486192767,0.8134648609562649
YULARA_COMBINED,Ridge+day,validation,747,day_missing_lead100,0.04156659669590553,0.04156659669590553,False,False,0.001730777551815153,0.0007465472191116088,0.0,1.0,-0.02367839589812978,24.01614040599379,0.8317589498015726
YULARA_COMBINED,Ridge+day,validation,748,day_missing_lead101,0.041393339235891224,0.041393339235891224,False,False,0.0017163544055500267,0.0006221226825930073,0.0,1.0,-0.026434971016018827,24.11701167440149,0.8395802186308244
YULARA_COMBINED,Ridge+day,validation,749,day_missing_lead102,0.04121934848189461,0.04121934848189461,False,False,0.0017019312592849005,0.0004976981460744059,0.0,1.0,-0.0292152389002327,24.21916176523781,0.8156093261918467
YULARA_COMBINED,Ridge+day,validation,750,day_missing_lead103,0.04104461510830341,0.04104461510830341,False,False,0.0016875081130197742,0.0003732736095558044,0.0,1.0,-0.0320196571461599,24.322617942761987,0.7837486693903734
YULARA_COMBINED,Ridge+day,validation,751,day_missing_lead104,0.04086912959004978,0.04086912959004978,False,False,0.001673084966754648,0.00024884907303720296,0.0,1.0,-0.034848696510145334,24.42740829196185,0.7729724313973987
YULARA_COMBINED,Ridge+day,validation,752,day_missing_lead105,0.04069288219640381,0.04069288219640381,False,False,0.0016586618204895217,0.00024884907303720296,0.0,1.0,-0.034645192755034436,24.53356175070189,0.7935036126622829
YULARA_COMBINED,Ridge+day,validation,753,day_missing_lead106,0.040515862984876805,0.040515862984876805,False,False,0.0016442386742243954,0.00024884907303720296,0.0,1.0,-0.034440574589464965,24.641108143208697,0.8306167690094836
YULARA_COMBINED,Ridge+day,validation,754,day_missing_lead107,0.04033806179417675,0.04033806179417675,False,False,0.0016298155279592691,0.00024884907303720296,0.0,1.0,-0.0342348242205684,24.75007821561141,0.7850422147957998
YULARA_COMBINED,Ridge+day,validation,755,day_missing_lead108,0.04015946823777365,0.04015946823777365,False,False,0.0016153923816941427,0.00024884907303720296,0.0,1.0,-0.03402792339196315,24.860503672686427,0.7916435521875792
YULARA_COMBINED,Ridge+day,validation,756,day_missing_lead109,0.039980071697555374,0.039980071697555374,False,False,0.0016009692354290164,0.00024884907303720296,0.0,1.0,-0.03381985336645834,24.972417216190717,0.7862764762091426
YULARA_COMBINED,Ridge+day,validation,757,day_missing_lead110,0.0397998613147207,0.0397998613147207,False,False,0.0015865460891638901,0.00024884907303720296,0.0,1.0,-0.03361059491008617,25.085852586666046,0.8714730781073062
YULARA_COMBINED,Ridge+day,validation,758,day_missing_lead111,0.039618825984083963,0.039618825984083963,False,False,0.0015721229428987639,0.00024884907303720296,0.0,1.0,-0.03340012827217945,25.200844604991545,0.9608441450281638
YULARA_COMBINED,Ridge+day,validation,759,day_missing_lead112,0.03943695434451901,0.03943695434451901,False,False,0.0015576997966336376,0.00024884907303720296,0.0,1.0,-0.03318843316759172,25.317429218317184,0.8422320954750513
YULARA_COMBINED,Ridge+day,validation,760,day_missing_lead113,0.03925423477209829,0.03925423477209829,False,False,0.0015432766503685113,0.00024884907303720296,0.0,1.0,-0.032975488755454765,25.435643546395905,0.8271822901670718
YULARA_COMBINED,Ridge+day,validation,761,day_missing_lead114,0.03907065537038182,0.03907065537038182,False,False,0.001528853504103385,0.00024884907303720296,0.0,1.0,-0.03276127361908834,25.555525931945457,0.9357235028236189
YULARA_COMBINED,Ridge+day,validation,762,day_missing_lead115,0.0388862039614012,0.0388862039614012,False,False,0.0015144303578382588,0.00024884907303720296,0.0,1.0,-0.032545765743997104,25.6771159929436,0.9681213466690405
YULARA_COMBINED,Ridge+day,validation,763,day_missing_lead116,0.03870086807735757,0.03870086807735757,False,False,0.0015000072115731325,0.00024884907303720296,0.0,1.0,-0.032328942493874836,25.800454676948494,0.9029452765762618
YULARA_COMBINED,Ridge+day,validation,764,day_missing_lead117,0.03851463494954858,0.03851463494954858,False,False,0.0014855840653080063,0.00024884907303720296,0.0,1.0,-0.03211078058745302,25.925584319900075,0.8683775896321704
YULARA_COMBINED,Ridge+day,validation,765,day_missing_lead118,0.038327491498864594,0.038327491498864594,False,False,0.00147116091904288,0.00024884907303720296,0.0,1.0,-0.03189125607246918,26.05254870673019,0.8621588051883978
YULARA_COMBINED,Ridge+day,validation,766,day_missing_lead119,0.03813942432492523,0.03813942432492523,False,False,0.0014567377727777537,0.00024884907303720296,0.0,1.0,-0.03167034429911833,26.181393135885507,0.859824162709526
YULARA_COMBINED,Ridge+day,validation,767,day_missing_lead120,0.03795041969510552,0.03795041969510552,False,False,0.0014423146265126275,0.00024884907303720296,0.0,1.0,-0.03144801989184184,26.312164487136663,0.8570412444133209
YULARA_COMBINED,Ridge+day,validation,768,day_missing_lead121,0.03776046353231397,0.03776046353231397,False,False,0.0014278914802475012,0.00024884907303720296,0.0,1.0,-0.03122425672029472,26.444911293665992,0.8622729422054198
YULARA_COMBINED,Ridge+day,validation,769,day_missing_lead122,0.03756954140316582,0.03756954140316582,False,False,0.001413468333982375,0.00024884907303720296,0.0,1.0,-0.03099902786801211,26.579683817537127,0.8712758481159847
YULARA_COMBINED,Ridge+day,validation,770,day_missing_lead123,0.03737763850598585,0.03737763850598585,False,False,0.0013990451877172487,0.00024884907303720296,0.0,1.0,-0.03077230559913107,26.716534129152155,0.8805258610275724
YULARA_COMBINED,Ridge+day,validation,771,day_missing_lead124,0.03718473965557012,0.03718473965557012,False,False,0.0013846220414521224,0.00024884907303720296,0.0,1.0,-0.03054406132556546,26.85551619315854,0.8784675541053213
YULARA_COMBINED,Ridge+day,validation,772,day_missing_lead125,0.03699082927128969,0.03699082927128969,False,False,0.0013701988951869961,0.00024884907303720296,0.0,1.0,-0.030314265569064316,26.996685956426944,0.886133277001961
YULARA_COMBINED,Ridge+day,validation,773,day_missing_lead126,0.03679589136093155,0.03679589136093155,False,False,0.0013557757489218699,0.00024884907303720296,0.0,1.0,-0.03008288792427403,27.14010144380956,0.8860416019524305
YULARA_COMBINED,Ridge+day,validation,774,day_missing_lead127,0.03659990950611574,0.03659990950611574,False,False,0.0013413526026567436,0.00024884907303720296,0.0,1.0,-0.02984989701783242,27.28582285785352,0.906491756722418
YULARA_COMBINED,Ridge+day,validation,775,day_missing_lead128,0.03640286684601708,0.03640286684601708,False,False,0.0013269294563916173,0.00024884907303720296,0.0,1.0,-0.029615260466013812,27.43391268517291,0.9784858150045793
YULARA_COMBINED,Ridge+day,validation,776,day_missing_lead129,0.03620474606068427,0.03620474606068427,False,False,0.001312506310126491,0.00024884907303720296,0.0,1.0,-0.029378944829676422,27.584435808938753,0.9956219992154278
YULARA_COMBINED,Ridge+day,validation,777,day_missing_lead130,0.03600552935254287,0.03600552935254287,False,False,0.0012980831638613648,0.00024884907303720296,0.0,1.0,-0.029140915567460183,27.737459628977955,0.923009578211074
YULARA_COMBINED,Ridge+day,validation,778,day_missing_lead131,0.0358051984291642,0.0358051984291642,False,False,0.0012836600175962385,0.00024884907303720296,0.0,1.0,-0.028901136984515546,27.89305418759878,0.9205415132929792
YULARA_COMBINED,Ridge+day,validation,779,day_missing_lead132,0.03560373448234636,0.03560373448234636,False,False,0.0012692368713311123,0.00024884907303720296,0.0,1.0,-0.028659572180549073,28.051292305414655,0.93172999523263
YULARA_COMBINED,Ridge+day,validation,780,day_missing_lead133,0.03540111816855243,0.03540111816855243,False,False,0.0012548137250659858,0.00024884907303720296,0.0,1.0,-0.028416182992841245,28.21224972385592,0.9532688916690366
YULARA_COMBINED,Ridge+day,validation,781,day_missing_lead134,0.0351973295862999,0.0351973295862999,False,False,0.0012403905788008595,0.00024884907303720296,0.0,1.0,-0.028170929937525742,28.376005258363502,1.0263884324652912
YULARA_COMBINED,Ridge+day,validation,782,day_missing_lead135,0.03499234825481466,0.03499234825481466,False,False,0.0012259674325357333,0.00024884907303720296,0.0,1.0,-0.02792377214536001,28.542640959514372,1.0854184766217008
YULARA_COMBINED,Ridge+day,validation,783,day_missing_lead136,0.034786153088670745,0.034786153088670745,False,False,0.001211544286270607,0.00024884907303720296,0.0,1.0,-0.027674667295905665,28.712242286975325,1.0733915611466585
YULARA_COMBINED,Ridge+day,validation,784,day_missing_lead137,0.03457872237355575,0.03457872237355575,False,False,0.0011971211400054807,0.00024884907303720296,0.0,1.0,-0.027423571545647188,28.884898292940807,1.0408699427804005
YULARA_COMBINED,Ridge+day,validation,785,day_missing_lead138,0.03437003373863435,0.03437003373863435,False,False,0.0011826979937403545,0.00024884907303720296,0.0,1.0,-0.027170439453291523,29.060701819548065,1.0408438070250037
YULARA_COMBINED,Ridge+day,validation,786,day_missing_lead139,0.03416006412990294,0.03416006412990294,False,False,0.0011682748474752282,0.00024884907303720296,0.0,1.0,-0.026915223898341,29.239749707558957,1.1313810075160056
YULARA_COMBINED,Ridge+day,validation,787,day_missing_lead140,0.03394878977910561,0.03394878977910561,False,False,0.001153851701210102,0.00024884907303720296,0.0,1.0,-0.026657875996802072,29.422143021827175,1.249671284323673
YULARA_COMBINED,Ridge+day,validation,788,day_missing_lead141,0.03373618617323734,0.03373618617323734,False,False,0.0011394285549449757,0.00024884907303720296,0.0,1.0,-0.0263983450095572,29.60798729043781,1.4593498161436356
YULARA_COMBINED,Ridge+day,validation,789,day_missing_lead142,0.033522228021230324,0.033522228021230324,False,False,0.0011250054086798494,0.00024884907303720296,0.0,1.0,-0.026136578245567622,29.79739276156441,1.893585928381349
YULARA_COMBINED,Ridge+day,validation,790,day_missing_lead143,0.033306889219141884,0.033306889219141884,False,False,0.0011105822624147231,0.00024884907303720296,0.0,1.0,-0.02587252095828485,29.99047467823897,2.6769473089321454
YULARA_COMBINED,Ridge+day,validation,791,day_missing_lead144,0.033090142812439244,0.033090142812439244,False,False,0.0010961591161495969,0.00024884907303720296,0.0,1.0,-0.025606116235735103,30.187353573715693,4.1581812945818255
YULARA_COMBINED,Ridge+day,test,0,lag71:historical_ac_active_power,0.2887913556595989,0.2887913556595989,False,False,0.9999855768537349,0.23964771906182616,-5.2547013183357194e-05,0.9831675887107849,0.10291496688923722,2.6775068134864486,5.9198030399689126
YULARA_COMBINED,Ridge+day,test,1,lag71:ambient_temperature,0.20734054711214822,0.20734054711214822,False,False,0.9999855768537349,0.653690117155036,0.13423457741737366,1.0510023832321167,0.5543953869516999,2.4706258185333185,7.089144771268953
YULARA_COMBINED,Ridge+day,test,2,lag71:global_horizontal_irradiance,0.23751343888705861,0.23751343888705861,False,False,0.9999855768537349,0.22354599093876135,-0.0026840653736144304,1.0152027606964111,0.20068684154833283,3.5337899007571005,4.168791666740462
YULARA_COMBINED,Ridge+day,test,3,lag71:power_missing,0.006577808643541044,0.006577808643541044,False,False,4.3269438795378825e-05,0.0,0.0,0.0,-0.006578093273945638,0.006578093273945638,0.06710308415653063
YULARA_COMBINED,Ridge+day,test,4,lag71:temperature_missing,0.007595344404710616,0.007595344404710616,False,False,5.76925850605051e-05,0.05497501135847342,0.0,1.0,7.230392178049662,131.65200340287103,0.24300235965290762
YULARA_COMBINED,Ridge+day,test,5,lag71:ghi_missing,0.007595344404710616,0.007595344404710616,False,False,5.76925850605051e-05,0.05497501135847342,0.0,1.0,7.230392178049662,131.65200340287103,0.24300235966052103
YULARA_COMBINED,Ridge+day,test,6,lag71:isolation_forest_flag,0.0999713413083709,0.0999713413083709,False,False,0.010096202385588393,0.03388611237316371,0.0,1.0,0.23796729818991952,9.901875724173403,0.43690393678143313
YULARA_COMBINED,Ridge+day,test,7,lag70:historical_ac_active_power,0.28879381630822604,0.28879381630822604,False,False,0.9999855768537349,0.23966211698087306,-5.2547013183357194e-05,0.9831675887107849,0.10295823714533427,2.6774782917450413,4.30846830186099
YULARA_COMBINED,Ridge+day,test,8,lag70:ambient_temperature,0.20733675897234147,0.20733675897234147,False,False,0.9999855768537349,0.6537071619903285,0.13423457741737366,1.0510023832321167,0.5544885259622124,2.4706717595140932,5.616739953997219
YULARA_COMBINED,Ridge+day,test,9,lag70:global_horizontal_irradiance,0.23751403810502017,0.23751403810502017,False,False,0.9999855768537349,0.22355942435234435,-0.0026840653736144304,1.0152027606964111,0.20074132595093025,3.53377941776271,1.8119825322278802
YULARA_COMBINED,Ridge+day,test,10,lag70:power_missing,0.0065778086435410435,0.0065778086435410435,False,False,4.3269438795378825e-05,0.0,0.0,0.0,-0.006578093273945638,0.006578093273945639,0.06383613993879057
YULARA_COMBINED,Ridge+day,test,11,lag70:temperature_missing,0.007595344404710616,0.007595344404710616,False,False,5.76925850605051e-05,0.05497501135847342,0.0,1.0,7.230392178049662,131.65200340287103,0.2447257222206635
YULARA_COMBINED,Ridge+day,test,12,lag70:ghi_missing,0.007595344404710616,0.007595344404710616,False,False,5.76925850605051e-05,0.05497501135847342,0.0,1.0,7.230392178049662,131.65200340287103,0.2447257222323395
YULARA_COMBINED,Ridge+day,test,13,lag70:isolation_forest_flag,0.0999713413083709,0.0999713413083709,False,False,0.010096202385588393,0.03388611237316371,0.0,1.0,0.23796729818991952,9.901875724173403,0.3327431726445493
YULARA_COMBINED,Ridge+day,test,14,lag69:historical_ac_active_power,0.28879626233672484,0.28879626233672484,False,False,0.9999855768537349,0.2396770728093885,-5.2547013183357194e-05,0.9831675887107849,0.10300351444331905,2.6774499767542346,3.7990619816897877
YULARA_COMBINED,Ridge+day,test,15,lag69:ambient_temperature,0.20733279844643585,0.20733279844643585,False,False,0.9999855768537349,0.6537244162148063,0.13423457741737366,1.0510023832321167,0.5545844378389463,2.470721054882422,4.444673005644058
YULARA_COMBINED,Ridge+day,test,16,lag69:global_horizontal_irradiance,0.23751452708654827,0.23751452708654827,False,False,0.9999855768537349,0.22357163644107933,-0.0026840653736144304,1.0152027606964111,0.20079133007824795,3.533771143842937,1.6479985189292283
YULARA_COMBINED,Ridge+day,test,17,lag69:power_missing,0.0065778086435410435,0.0065778086435410435,False,False,4.3269438795378825e-05,0.0,0.0,0.0,-0.006578093273945638,0.006578093273945639,0.061238464081821584
YULARA_COMBINED,Ridge+day,test,18,lag69:temperature_missing,0.007595344404710616,0.007595344404710616,False,False,5.76925850605051e-05,0.05497501135847342,0.0,1.0,7.230392178049662,131.65200340287103,0.24318255476615908
YULARA_COMBINED,Ridge+day,test,19,lag69:ghi_missing,0.007595344404710616,0.007595344404710616,False,False,5.76925850605051e-05,0.05497501135847342,0.0,1.0,7.230392178049662,131.65200340287103,0.24318255476305606
YULARA_COMBINED,Ridge+day,test,20,lag69:isolation_forest_flag,0.09997134130837092,0.09997134130837092,False,False,0.010096202385588393,0.03388611237316371,0.0,1.0,0.23796729818991952,9.901875724173403,0.2069894680320385
YULARA_COMBINED,Ridge+day,test,21,lag68:historical_ac_active_power,0.2887983538251611,0.2887983538251611,False,False,0.9999855768537349,0.23968826951425587,-5.2547013183357194e-05,0.9831675887107849,0.10303693409908603,2.6774259821981357,3.376151107627622
YULARA_COMBINED,Ridge+day,test,22,lag68:ambient_temperature,0.20732861814525352,0.20732861814525352,False,False,0.9999855768537349,0.6537417082462134,0.13423457741737366,1.0510023832321167,0.5546815779015835,2.4707734254225286,3.5255303551681116
YULARA_COMBINED,Ridge+day,test,23,lag68:global_horizontal_irradiance,0.23751489749404456,0.23751489749404456,False,False,0.9999855768537349,0.22358481261410762,-0.0026840653736144304,1.0152027606964111,0.20084600660962323,3.5337651474064757,1.682765538109441
YULARA_COMBINED,Ridge+day,test,24,lag68:power_missing,0.0065778086435410435,0.0065778086435410435,False,False,4.3269438795378825e-05,0.0,0.0,0.0,-0.006578093273945638,0.006578093273945639,0.062306449166822604
YULARA_COMBINED,Ridge+day,test,25,lag68:temperature_missing,0.007595344404710616,0.007595344404710616,False,False,5.76925850605051e-05,0.05497501135847342,0.0,1.0,7.230392178049662,131.65200340287103,0.24062034516289005
YULARA_COMBINED,Ridge+day,test,26,lag68:ghi_missing,0.007595344404710616,0.007595344404710616,False,False,5.76925850605051e-05,0.05497501135847342,0.0,1.0,7.230392178049662,131.65200340287103,0.24062034516127964
YULARA_COMBINED,Ridge+day,test,27,lag68:isolation_forest_flag,0.09997134130837092,0.09997134130837092,False,False,0.010096202385588393,0.03388611237316371,0.0,1.0,0.23796729818991952,9.901875724173403,0.19600246692048676
YULARA_COMBINED,Ridge+day,test,28,lag67:historical_ac_active_power,0.2888003845458112,0.2888003845458112,False,False,0.9999855768537349,0.23970070991931686,-5.2547013183357194e-05,0.9831675887107849,0.10307492889315077,2.6774027988532234,3.028315532318244
YULARA_COMBINED,Ridge+day,test,29,lag67:ambient_temperature,0.20732423189680121,0.20732423189680121,False,False,0.9999855768537349,0.653759014816577,0.13423457741737366,1.0510023832321167,0.5547792950102476,2.4708282043980976,2.84691675549017
YULARA_COMBINED,Ridge+day,test,30,lag67:global_horizontal_irradiance,0.23751511364059263,0.23751511364059263,False,False,0.9999855768537349,0.2235983262655099,-0.0026840653736144304,1.0152027606964111,0.20090278029728947,3.533761992064147,1.6581097441718762
YULARA_COMBINED,Ridge+day,test,31,lag67:power_missing,0.0065778086435410435,0.0065778086435410435,False,False,4.3269438795378825e-05,0.0,0.0,0.0,-0.006578093273945638,0.006578093273945639,0.061106438179797044
YULARA_COMBINED,Ridge+day,test,32,lag67:temperature_missing,0.007595344404710616,0.007595344404710616,False,False,5.76925850605051e-05,0.05497501135847342,0.0,1.0,7.230392178049662,131.65200340287103,0.2500070552888923
YULARA_COMBINED,Ridge+day,test,33,lag67:ghi_missing,0.007595344404710616,0.007595344404710616,False,False,5.76925850605051e-05,0.05497501135847342,0.0,1.0,7.230392178049662,131.65200340287103,0.2500070552895648
YULARA_COMBINED,Ridge+day,test,34,lag67:isolation_forest_flag,0.09997134130837092,0.09997134130837092,False,False,0.010096202385588393,0.03388611237316371,0.0,1.0,0.23796729818991952,9.901875724173403,0.15213186339828266
YULARA_COMBINED,Ridge+day,test,35,lag66:historical_ac_active_power,0.2888021842100348,0.2888021842100348,False,False,0.9999855768537349,0.2397113860302223,-5.2547013183357194e-05,0.9831675887107849,0.10310815100792442,2.6773830122391513,2.697837919676951
YULARA_COMBINED,Ridge+day,test,36,lag66:ambient_temperature,0.2073197321967216,0.2073197321967216,False,False,0.9999855768537349,0.6537763969985424,0.13423457741737366,1.0510023832321167,0.5548772250556238,2.4708838782798064,2.3736291211392886
YULARA_COMBINED,Ridge+day,test,37,lag66:global_horizontal_irradiance,0.23751517825534477,0.23751517825534477,False,False,0.9999855768537349,0.22361094415155786,-0.0026840653736144304,1.0152027606964111,0.20095652378598639,3.533761704319918,1.6626219243961402
YULARA_COMBINED,Ridge+day,test,38,lag66:power_missing,0.006577808643541043,0.006577808643541043,False,False,4.3269438795378825e-05,0.0,0.0,0.0,-0.006578093273945638,0.00657809327394564,0.06115086402053549
YULARA_COMBINED,Ridge+day,test,39,lag66:temperature_missing,0.007595344404710616,0.007595344404710616,False,False,5.76925850605051e-05,0.05497501135847342,0.0,1.0,7.230392178049662,131.65200340287103,0.24388802580126095
YULARA_COMBINED,Ridge+day,test,40,lag66:ghi_missing,0.007595344404710616,0.007595344404710616,False,False,5.76925850605051e-05,0.05497501135847342,0.0,1.0,7.230392178049662,131.65200340287103,0.24388802580117336
YULARA_COMBINED,Ridge+day,test,41,lag66:isolation_forest_flag,0.09997134130837092,0.09997134130837092,False,False,0.010096202385588393,0.03388611237316371,0.0,1.0,0.23796729818991952,9.901875724173403,0.13842643239024155
YULARA_COMBINED,Ridge+day,test,42,lag65:historical_ac_active_power,0.2888039321112923,0.2888039321112923,False,False,0.9999855768537349,0.23972557170845088,-5.2547013183357194e-05,0.9831675887107849,0.10315385530058395,2.6773640177711013,2.5621611158042894
YULARA_COMBINED,Ridge+day,test,43,lag65:ambient_temperature,0.20731507828627255,0.20731507828627255,False,False,0.9999855768537349,0.6537937937228495,0.13423457741737366,1.0510023832321167,0.554976379759714,2.4709421300211534,2.0931337362570317
YULARA_COMBINED,Ridge+day,test,44,lag65:global_horizontal_irradiance,0.2375151254110116,0.2375151254110116,False,False,0.9999855768537349,0.2236260585877017,-0.0026840653736144304,1.0152027606964111,0.20102154513575907,3.533763831501369,1.8337522622512814
YULARA_COMBINED,Ridge+day,test,45,lag65:power_missing,0.006577808643541043,0.006577808643541043,False,False,4.3269438795378825e-05,0.0,0.0,0.0,-0.006578093273945638,0.00657809327394564,0.06413488001729992
YULARA_COMBINED,Ridge+day,test,46,lag65:temperature_missing,0.007595344404710617,0.007595344404710617,False,False,5.76925850605051e-05,0.05497501135847342,0.0,1.0,7.230392178049662,131.65200340287103,0.24932078534006652
YULARA_COMBINED,Ridge+day,test,47,lag65:ghi_missing,0.007595344404710617,0.007595344404710617,False,False,5.76925850605051e-05,0.05497501135847342,0.0,1.0,7.230392178049662,131.65200340287103,0.24932078534029362
YULARA_COMBINED,Ridge+day,test,48,lag65:isolation_forest_flag,0.09997134130837092,0.09997134130837092,False,False,0.010096202385588393,0.03388611237316371,0.0,1.0,0.23796729818991952,9.901875724173403,0.13287029879385134
YULARA_COMBINED,Ridge+day,test,49,lag64:historical_ac_active_power,0.2888053118881875,0.2888053118881875,False,False,0.9999855768537349,0.23973879182948946,-5.2547013183357194e-05,0.9831675887107849,0.10319722475496654,2.6773493136511637,2.3154198141456988
YULARA_COMBINED,Ridge+day,test,50,lag64:ambient_temperature,0.2073103581938918,0.2073103581938918,False,False,0.9999855768537349,0.6538115277960863,0.13423457741737366,1.0510023832321167,0.555078022065572,2.471001851904062,1.970611600003683
YULARA_COMBINED,Ridge+day,test,51,lag64:global_horizontal_irradiance,0.23751498256165857,0.23751498256165857,False,False,0.9999855768537349,0.22363997276976524,-0.0026840653736144304,1.0152027606964111,0.20108265687763902,3.5337683653303986,1.7648376184780585
YULARA_COMBINED,Ridge+day,test,52,lag64:power_missing,0.006577808643541043,0.006577808643541043,False,False,4.3269438795378825e-05,0.0,0.0,0.0,-0.006578093273945638,0.00657809327394564,0.06817855720734442
YULARA_COMBINED,Ridge+day,test,53,lag64:temperature_missing,0.007595344404710617,0.007595344404710617,False,False,5.76925850605051e-05,0.05497501135847342,0.0,1.0,7.230392178049662,131.65200340287103,0.2541153262916361
YULARA_COMBINED,Ridge+day,test,54,lag64:ghi_missing,0.007595344404710617,0.007595344404710617,False,False,5.76925850605051e-05,0.05497501135847342,0.0,1.0,7.230392178049662,131.65200340287103,0.2541153262915414
YULARA_COMBINED,Ridge+day,test,55,lag64:isolation_forest_flag,0.09997134130837092,0.09997134130837092,False,False,0.010096202385588393,0.03388611237316371,0.0,1.0,0.23796729818991952,9.901875724173403,0.13115989238504766
YULARA_COMBINED,Ridge+day,test,56,lag63:historical_ac_active_power,0.2888066675291587,0.2888066675291587,False,False,0.9999855768537349,0.23975062763344027,-5.2547013183357194e-05,0.9831675887107849,0.1032366283562751,2.677335652584264,2.3191421824969485
YULARA_COMBINED,Ridge+day,test,57,lag63:ambient_temperature,0.20730549856458358,0.20730549856458358,False,False,0.9999855768537349,0.6538292415113985,0.13423457741737366,1.0510023832321167,0.5551801422208136,2.4710634375063147,1.9469541309627907
YULARA_COMBINED,Ridge+day,test,58,lag63:global_horizontal_irradiance,0.2375147162195381,0.2375147162195381,False,False,0.9999855768537349,0.22365287873533854,-0.0026840653736144304,1.0152027606964111,0.20114057497721105,3.5337756830663967,1.6481058993741713
YULARA_COMBINED,Ridge+day,test,59,lag63:power_missing,0.006577808643541043,0.006577808643541043,False,False,4.3269438795378825e-05,0.0,0.0,0.0,-0.006578093273945638,0.00657809327394564,0.07665456492420522
YULARA_COMBINED,Ridge+day,test,60,lag63:temperature_missing,0.007595344404710617,0.007595344404710617,False,False,5.76925850605051e-05,0.05497501135847342,0.0,1.0,7.230392178049662,131.65200340287103,0.2510225049624612
YULARA_COMBINED,Ridge+day,test,61,lag63:ghi_missing,0.007595344404710617,0.007595344404710617,False,False,5.76925850605051e-05,0.05497501135847342,0.0,1.0,7.230392178049662,131.65200340287103,0.2510225049633305
YULARA_COMBINED,Ridge+day,test,62,lag63:isolation_forest_flag,0.09997134130837092,0.09997134130837092,False,False,0.010096202385588393,0.03388611237316371,0.0,1.0,0.23796729818991952,9.901875724173403,0.14239055634657183
YULARA_COMBINED,Ridge+day,test,63,lag62:historical_ac_active_power,0.28880814519195813,0.28880814519195813,False,False,0.9999855768537349,0.23975719929682554,-5.2547013183357194e-05,0.9831675887107849,0.1032589615264701,2.6773220611660147,2.228239805779525
YULARA_COMBINED,Ridge+day,test,64,lag62:ambient_temperature,0.2073006094621125,0.2073006094621125,False,False,0.9999855768537349,0.6538467109406444,0.13423457741737366,1.0510023832321167,0.5552813654202914,2.471125575053736,1.9727003871573456
YULARA_COMBINED,Ridge+day,test,65,lag62:global_horizontal_irradiance,0.23751441608234428,0.23751441608234428,False,False,0.9999855768537349,0.22366228815252806,-0.0026840653736144304,1.0152027606964111,0.2011853154652804,3.5337850186742954,1.747172080059398
YULARA_COMBINED,Ridge+day,test,66,lag62:power_missing,0.006577808643541042,0.006577808643541042,False,False,4.3269438795378825e-05,0.0,0.0,0.0,-0.006578093273945638,0.006578093273945641,0.08143464349982224
YULARA_COMBINED,Ridge+day,test,67,lag62:temperature_missing,0.007595344404710617,0.007595344404710617,False,False,5.76925850605051e-05,0.05497501135847342,0.0,1.0,7.230392178049662,131.65200340287103,0.2501543122427117
YULARA_COMBINED,Ridge+day,test,68,lag62:ghi_missing,0.007595344404710617,0.007595344404710617,False,False,5.76925850605051e-05,0.05497501135847342,0.0,1.0,7.230392178049662,131.65200340287103,0.2501543122429092
YULARA_COMBINED,Ridge+day,test,69,lag62:isolation_forest_flag,0.09997134130837092,0.09997134130837092,False,False,0.010096202385588393,0.03388611237316371,0.0,1.0,0.23796729818991952,9.901875724173403,0.14323279031609137
YULARA_COMBINED,Ridge+day,test,70,lag61:historical_ac_active_power,0.2888095316486413,0.2888095316486413,False,False,0.9999855768537349,0.23976727219396993,-5.2547013183357194e-05,0.9831675887107849,0.10329407895904452,2.677309944270643,2.183732432152951
YULARA_COMBINED,Ridge+day,test,71,lag61:ambient_temperature,0.2072956267296773,0.2072956267296773,False,False,0.9999855768537349,0.6538641134805342,0.13423457741737366,1.0510023832321167,0.5553832858186128,2.4711895959510906,2.013366024139985
YULARA_COMBINED,Ridge+day,test,72,lag61:global_horizontal_irradiance,0.23751399317071017,0.23751399317071017,False,False,0.9999855768537349,0.2236727294111133,-0.0026840653736144304,1.0152027606964111,0.2012355991297382,3.5337972756807092,1.7580233730023427
YULARA_COMBINED,Ridge+day,test,73,lag61:power_missing,0.006577808643541042,0.006577808643541042,False,False,4.3269438795378825e-05,0.0,0.0,0.0,-0.006578093273945638,0.006578093273945641,0.08614287940476444
YULARA_COMBINED,Ridge+day,test,74,lag61:temperature_missing,0.007595344404710617,0.007595344404710617,False,False,5.76925850605051e-05,0.05497501135847342,0.0,1.0,7.230392178049662,131.65200340287103,0.25079082266951497
YULARA_COMBINED,Ridge+day,test,75,lag61:ghi_missing,0.007595344404710617,0.007595344404710617,False,False,5.76925850605051e-05,0.05497501135847342,0.0,1.0,7.230392178049662,131.65200340287103,0.2507908226690808
YULARA_COMBINED,Ridge+day,test,76,lag61:isolation_forest_flag,0.09997134130837092,0.09997134130837092,False,False,0.010096202385588393,0.03388611237316371,0.0,1.0,0.2379672981899195,9.901875724173403,0.1415549272350326
YULARA_COMBINED,Ridge+day,test,77,lag60:historical_ac_active_power,0.28881068567248136,0.28881068567248136,False,False,0.9999855768537349,0.23977678667901411,-5.2547013183357194e-05,0.9831675887107849,0.10332967253138839,2.6773023089690677,1.972333561924419
YULARA_COMBINED,Ridge+day,test,78,lag60:ambient_temperature,0.2072907188965675,0.2072907188965675,False,False,0.9999855768537349,0.6538817370419031,0.13423457741737366,1.0510023832321167,0.5554871508711501,2.471253801226423,2.056854000357687
YULARA_COMBINED,Ridge+day,test,79,lag60:global_horizontal_irradiance,0.23751342494048364,0.23751342494048364,False,False,0.9999855768537349,0.22368306023029272,-0.0026840653736144304,1.0152027606964111,0.2012866700069533,3.533812823694722,1.4849320499228997
YULARA_COMBINED,Ridge+day,test,80,lag60:power_missing,0.006577808643541042,0.006577808643541042,False,False,4.3269438795378825e-05,0.0,0.0,0.0,-0.006578093273945638,0.006578093273945641,0.08511656187929711
YULARA_COMBINED,Ridge+day,test,81,lag60:temperature_missing,0.007595344404710617,0.007595344404710617,False,False,5.76925850605051e-05,0.05497501135847342,0.0,1.0,7.230392178049662,131.65200340287103,0.25059465888410576
YULARA_COMBINED,Ridge+day,test,82,lag60:ghi_missing,0.007595344404710617,0.007595344404710617,False,False,5.76925850605051e-05,0.05497501135847342,0.0,1.0,7.230392178049662,131.65200340287103,0.2505946588831927
YULARA_COMBINED,Ridge+day,test,83,lag60:isolation_forest_flag,0.09997134130837092,0.09997134130837092,False,False,0.010096202385588393,0.03388611237316371,0.0,1.0,0.23796729818991952,9.901875724173403,0.1458931230189585
YULARA_COMBINED,Ridge+day,test,84,lag59:historical_ac_active_power,0.28881190751438746,0.28881190751438746,False,False,0.9999855768537349,0.23978534109618269,-5.2547013183357194e-05,0.9831675887107849,0.10336229771091635,2.6772944254143765,1.8740351097098682
YULARA_COMBINED,Ridge+day,test,85,lag59:ambient_temperature,0.20728578004243906,0.20728578004243906,False,False,0.9999855768537349,0.6538994711151398,0.13423457741737366,1.0510023832321167,0.5555919150459246,2.4713186573032817,2.097186901133346
YULARA_COMBINED,Ridge+day,test,86,lag59:global_horizontal_irradiance,0.23751266837598928,0.23751266837598928,False,False,0.9999855768537349,0.22369244426458731,-0.0026840653736144304,1.0152027606964111,0.20133507390826513,3.53383233329167,1.3152310023089613
YULARA_COMBINED,Ridge+day,test,87,lag59:power_missing,0.006577808643541041,0.006577808643541041,False,False,4.3269438795378825e-05,0.0,0.0,0.0,-0.006578093273945641,0.0065780932739456415,0.08777942144312575
YULARA_COMBINED,Ridge+day,test,88,lag59:temperature_missing,0.007595344404710617,0.007595344404710617,False,False,5.76925850605051e-05,0.05497501135847342,0.0,1.0,7.230392178049662,131.65200340287103,0.24991484293574254
YULARA_COMBINED,Ridge+day,test,89,lag59:ghi_missing,0.007595344404710617,0.007595344404710617,False,False,5.76925850605051e-05,0.05497501135847342,0.0,1.0,7.230392178049662,131.65200340287103,0.24991484293545202
YULARA_COMBINED,Ridge+day,test,90,lag59:isolation_forest_flag,0.09997134130837092,0.09997134130837092,False,False,0.010096202385588393,0.03388611237316371,0.0,1.0,0.23796729818991952,9.901875724173403,0.20284044703109386
YULARA_COMBINED,Ridge+day,test,91,lag58:historical_ac_active_power,0.2888128740446459,0.2888128740446459,False,False,0.9999855768537349,0.23979378815301114,-5.2547013183357194e-05,0.9831675887107849,0.10339676573282072,2.67729103210427,1.8106164664149196
YULARA_COMBINED,Ridge+day,test,92,lag58:ambient_temperature,0.20728089421621665,0.20728089421621665,False,False,0.9999855768537349,0.6539173360536554,0.13423457741737366,1.0510023832321167,0.5556980980237168,2.4713838088555993,2.1202146856632007
YULARA_COMBINED,Ridge+day,test,93,lag58:global_horizontal_irradiance,0.2375117825016859,0.2375117825016859,False,False,0.9999855768537349,0.22370195667187145,-0.0026840653736144304,1.0152027606964111,0.20138517057805339,3.533854809295541,1.322945036428267
YULARA_COMBINED,Ridge+day,test,94,lag58:power_missing,0.006577808643541041,0.006577808643541041,False,False,4.3269438795378825e-05,0.0,0.0,0.0,-0.006578093273945641,0.0065780932739456415,0.09114403661503687
YULARA_COMBINED,Ridge+day,test,95,lag58:temperature_missing,0.007595344404710617,0.007595344404710617,False,False,5.76925850605051e-05,0.05497501135847342,0.0,1.0,7.230392178049662,131.65200340287103,0.251002957321815
YULARA_COMBINED,Ridge+day,test,96,lag58:ghi_missing,0.007595344404710617,0.007595344404710617,False,False,5.76925850605051e-05,0.05497501135847342,0.0,1.0,7.230392178049662,131.65200340287103,0.2510029573203503
YULARA_COMBINED,Ridge+day,test,97,lag58:isolation_forest_flag,0.09997134130837092,0.09997134130837092,False,False,0.010096202385588393,0.03388611237316371,0.0,1.0,0.23796729818991952,9.901875724173403,0.17310650694044027
YULARA_COMBINED,Ridge+day,test,98,lag57:historical_ac_active_power,0.2888138362439346,0.2888138362439346,False,False,0.9999855768537349,0.23980224629417096,-5.2547013183357194e-05,0.9831675887107849,0.10343131205052387,2.677287717561378,1.8034236635254979
YULARA_COMBINED,Ridge+day,test,99,lag57:ambient_temperature,0.2072758175342521,0.2072758175342521,False,False,0.9999855768537349,0.6539351922721821,0.13423457741737366,1.0510023832321167,0.5558055253675268,2.4714520087992935,2.12987935113321
YULARA_COMBINED,Ridge+day,test,100,lag57:global_horizontal_irradiance,0.23751067818816987,0.23751067818816987,False,False,0.9999855768537349,0.22371144859987926,-0.0026840653736144304,1.0152027606964111,0.20143631125644598,3.533881480182561,1.308755559473734
YULARA_COMBINED,Ridge+day,test,101,lag57:power_missing,0.006577808643541041,0.006577808643541041,False,False,4.3269438795378825e-05,0.0,0.0,0.0,-0.006578093273945641,0.0065780932739456415,0.09557940186683007
YULARA_COMBINED,Ridge+day,test,102,lag57:temperature_missing,0.007595344404710617,0.007595344404710617,False,False,5.76925850605051e-05,0.05497501135847342,0.0,1.0,7.230392178049662,131.65200340287103,0.2601322841985159
YULARA_COMBINED,Ridge+day,test,103,lag57:ghi_missing,0.007595344404710617,0.007595344404710617,False,False,5.76925850605051e-05,0.05497501135847342,0.0,1.0,7.230392178049662,131.65200340287103,0.26013228419890805
YULARA_COMBINED,Ridge+day,test,104,lag57:isolation_forest_flag,0.09997134130837092,0.09997134130837092,False,False,0.010096202385588393,0.03388611237316371,0.0,1.0,0.23796729818991952,9.901875724173403,0.21049660842225074
YULARA_COMBINED,Ridge+day,test,105,lag56:historical_ac_active_power,0.2888142974216451,0.2888142974216451,False,False,0.9999855768537349,0.23981038555181014,-5.2547013183357194e-05,0.9831675887107849,0.10346663297582782,2.6772907469314275,1.8584212904064394
YULARA_COMBINED,Ridge+day,test,106,lag56:ambient_temperature,0.20727070731176034,0.20727070731176034,False,False,0.9999855768537349,0.6539530252249931,0.13423457741737366,1.0510023832321167,0.5559132510377729,2.471520927379192,2.139457224452398
YULARA_COMBINED,Ridge+day,test,107,lag56:global_horizontal_irradiance,0.23750923684790817,0.23750923684790817,False,False,0.9999855768537349,0.2237207709592828,-0.0026840653736144304,1.0152027606964111,0.20148656847828553,3.5339127100517316,1.17352238529488
YULARA_COMBINED,Ridge+day,test,108,lag56:power_missing,0.006577808643541041,0.006577808643541041,False,False,4.3269438795378825e-05,0.0,0.0,0.0,-0.006578093273945641,0.0065780932739456415,0.09418115117489931
YULARA_COMBINED,Ridge+day,test,109,lag56:temperature_missing,0.007595344404710617,0.007595344404710617,False,False,5.76925850605051e-05,0.05497501135847342,0.0,1.0,7.230392178049662,131.65200340287103,0.25756948741736757
YULARA_COMBINED,Ridge+day,test,110,lag56:ghi_missing,0.007595344404710617,0.007595344404710617,False,False,5.76925850605051e-05,0.05497501135847342,0.0,1.0,7.230392178049662,131.65200340287103,0.25756948741674546
YULARA_COMBINED,Ridge+day,test,111,lag56:isolation_forest_flag,0.09997134130837092,0.09997134130837092,False,False,0.010096202385588393,0.03388611237316371,0.0,1.0,0.23796729818991952,9.901875724173403,0.1382617718618301
YULARA_COMBINED,Ridge+day,test,112,lag55:historical_ac_active_power,0.28881427072377147,0.28881427072377147,False,False,0.9999855768537349,0.23981736355136424,-5.2547013183357194e-05,0.9831675887107849,0.103495061934018,2.6772952529584346,1.8286086751774024
YULARA_COMBINED,Ridge+day,test,113,lag55:ambient_temperature,0.20726541695994488,0.20726541695994488,False,False,0.9999855768537349,0.6539709017980592,0.13423457741737366,1.0510023832321167,0.5560215901881495,2.4715919118438165,2.1396707194874143
YULARA_COMBINED,Ridge+day,test,114,lag55:global_horizontal_irradiance,0.23750747493946633,0.23750747493946633,False,False,0.9999855768537349,0.22372950480224532,-0.0026840653736144304,1.0152027606964111,0.20153462959192983,3.5339487192785346,1.107024773144499
YULARA_COMBINED,Ridge+day,test,115,lag55:power_missing,0.006577808643541041,0.006577808643541041,False,False,4.3269438795378825e-05,0.0,0.0,0.0,-0.006578093273945641,0.0065780932739456415,0.09038092996110816
YULARA_COMBINED,Ridge+day,test,116,lag55:temperature_missing,0.007595344404710617,0.007595344404710617,False,False,5.76925850605051e-05,0.05497501135847342,0.0,1.0,7.230392178049662,131.65200340287103,0.25323734987775814
YULARA_COMBINED,Ridge+day,test,117,lag55:ghi_missing,0.007595344404710617,0.007595344404710617,False,False,5.76925850605051e-05,0.05497501135847342,0.0,1.0,7.230392178049662,131.65200340287103,0.2532373498772281
YULARA_COMBINED,Ridge+day,test,118,lag55:isolation_forest_flag,0.09997134130837092,0.09997134130837092,False,False,0.010096202385588393,0.03388611237316371,0.0,1.0,0.23796729818991952,9.901875724173403,0.1501550404226518
YULARA_COMBINED,Ridge+day,test,119,lag54:historical_ac_active_power,0.28881447194671195,0.28881447194671195,False,False,0.9999855768537349,0.23982375270759615,-5.2547013183357194e-05,0.9831675887107849,0.1035284108175798,2.677304686614245,1.801239528762522
YULARA_COMBINED,Ridge+day,test,120,lag54:ambient_temperature,0.2072601569519266,0.2072601569519266,False,False,0.9999855768537349,0.6539888249048135,0.13423457741737366,1.0510023832321167,0.5561288218333142,2.471661281935568,2.1343586573031126
YULARA_COMBINED,Ridge+day,test,121,lag54:global_horizontal_irradiance,0.23750550083763564,0.23750550083763564,False,False,0.9999855768537349,0.22373730896360797,-0.0026840653736144304,1.0152027606964111,0.20157997856418175,3.5339889077951208,1.1447913969613175
YULARA_COMBINED,Ridge+day,test,122,lag54:power_missing,0.006577808643541041,0.006577808643541041,False,False,4.3269438795378825e-05,0.0,0.0,0.0,-0.006578093273945641,0.0065780932739456415,0.08795270011611966
YULARA_COMBINED,Ridge+day,test,123,lag54:temperature_missing,0.007595344404710617,0.007595344404710617,False,False,5.76925850605051e-05,0.05497501135847342,0.0,1.0,7.230392178049662,131.65200340287103,0.2560443463997111
YULARA_COMBINED,Ridge+day,test,124,lag54:ghi_missing,0.007595344404710617,0.007595344404710617,False,False,5.76925850605051e-05,0.05497501135847342,0.0,1.0,7.230392178049662,131.65200340287103,0.2560443463985697
YULARA_COMBINED,Ridge+day,test,125,lag54:isolation_forest_flag,0.09997134130837092,0.09997134130837092,False,False,0.010096202385588393,0.03388611237316371,0.0,1.0,0.23796729818991952,9.901875724173403,0.13565293708988482
YULARA_COMBINED,Ridge+day,test,126,lag53:historical_ac_active_power,0.2888145183154396,0.2888145183154396,False,False,0.9999855768537349,0.2398280092527088,-5.2547013183357194e-05,0.9831675887107849,0.10355356872322781,2.6773146933153438,1.8388230894615794
YULARA_COMBINED,Ridge+day,test,127,lag53:ambient_temperature,0.20725491024246992,0.20725491024246992,False,False,0.9999855768537349,0.6540067625516529,0.13423457741737366,1.0510023832321167,0.5562342011208016,2.4717286046840945,2.125558716895056
YULARA_COMBINED,Ridge+day,test,128,lag53:global_horizontal_irradiance,0.23750341265136599,0.23750341265136599,False,False,0.9999855768537349,0.22374031786920673,-0.0026840653736144304,1.0152027606964111,0.20160880226377145,3.5340343619293133,1.295765729341251
YULARA_COMBINED,Ridge+day,test,129,lag53:power_missing,0.006577808643541041,0.006577808643541041,False,False,4.3269438795378825e-05,0.0,0.0,0.0,-0.006578093273945641,0.0065780932739456415,0.08443888121362031
YULARA_COMBINED,Ridge+day,test,130,lag53:temperature_missing,0.007595344404710617,0.007595344404710617,False,False,5.76925850605051e-05,0.05497501135847342,0.0,1.0,7.230392178049664,131.65200340287103,0.2649860499769102
YULARA_COMBINED,Ridge+day,test,131,lag53:ghi_missing,0.007595344404710617,0.007595344404710617,False,False,5.76925850605051e-05,0.05497501135847342,0.0,1.0,7.230392178049664,131.65200340287103,0.2649860499769823
YULARA_COMBINED,Ridge+day,test,132,lag53:isolation_forest_flag,0.09997134130837092,0.09997134130837092,False,False,0.010096202385588393,0.03388611237316371,0.0,1.0,0.23796729818991952,9.901875724173403,0.1348308025952641
YULARA_COMBINED,Ridge+day,test,133,lag52:historical_ac_active_power,0.2888139215843157,0.2888139215843157,False,False,0.9999855768537349,0.23983208585956162,-5.2547013183357194e-05,0.9831675887107849,0.10358104587140082,2.677333373230093,1.831026419755335
YULARA_COMBINED,Ridge+day,test,134,lag52:ambient_temperature,0.2072494903447324,0.2072494903447324,False,False,0.9999855768537349,0.6540247263686144,0.13423457741737366,1.0510023832321167,0.5563400860481779,2.4717979055254755,2.1117488481025326
YULARA_COMBINED,Ridge+day,test,135,lag52:global_horizontal_irradiance,0.23750108113314786,0.23750108113314786,False,False,0.9999855768537349,0.22374457373505494,-0.0026840653736144304,1.0152027606964111,0.2016443370033053,3.5340846913175192,1.2297159057062301
YULARA_COMBINED,Ridge+day,test,136,lag52:power_missing,0.00657780864354104,0.00657780864354104,False,False,4.3269438795378825e-05,0.0,0.0,0.0,-0.006578093273945641,0.006578093273945642,0.08196068560233387
YULARA_COMBINED,Ridge+day,test,137,lag52:temperature_missing,0.007595344404710617,0.007595344404710617,False,False,5.76925850605051e-05,0.05497501135847342,0.0,1.0,7.230392178049662,131.65200340287103,0.26404779995632793
YULARA_COMBINED,Ridge+day,test,138,lag52:ghi_missing,0.007595344404710617,0.007595344404710617,False,False,5.76925850605051e-05,0.05497501135847342,0.0,1.0,7.230392178049662,131.65200340287103,0.2640477999569965
YULARA_COMBINED,Ridge+day,test,139,lag52:isolation_forest_flag,0.09997134130837093,0.09997134130837093,False,False,0.010096202385588393,0.03388611237316371,0.0,1.0,0.23796729818991944,9.9018757241734,0.13133797816214057
YULARA_COMBINED,Ridge+day,test,140,lag51:historical_ac_active_power,0.28881322009667887,0.28881322009667887,False,False,0.9999855768537349,0.23983510298070412,-5.2547013183357194e-05,0.9831675887107849,0.10360203995063073,2.677350171983,1.7995382313515604
YULARA_COMBINED,Ridge+day,test,141,lag51:ambient_temperature,0.20724431634956822,0.20724431634956822,False,False,0.9999855768537349,0.6540426494731121,0.13423457741737366,1.0510023832321167,0.5564454405628749,2.471864597773609,2.106755912975098
YULARA_COMBINED,Ridge+day,test,142,lag51:global_horizontal_irradiance,0.2374984618548239,0.2374984618548239,False,False,0.9999855768537349,0.2237479400811612,-0.0026840653736144304,1.0152027606964111,0.20167657135889597,3.5341395036832486,1.3214512198351336
YULARA_COMBINED,Ridge+day,test,143,lag51:power_missing,0.00657780864354104,0.00657780864354104,False,False,4.3269438795378825e-05,0.0,0.0,0.0,-0.006578093273945641,0.006578093273945642,0.07907508648917345
YULARA_COMBINED,Ridge+day,test,144,lag51:temperature_missing,0.007595344404710617,0.007595344404710617,False,False,5.76925850605051e-05,0.05497501135847342,0.0,1.0,7.230392178049662,131.65200340287103,0.26431368522042675
YULARA_COMBINED,Ridge+day,test,145,lag51:ghi_missing,0.007595344404710617,0.007595344404710617,False,False,5.76925850605051e-05,0.05497501135847342,0.0,1.0,7.230392178049662,131.65200340287103,0.26431368521917586
YULARA_COMBINED,Ridge+day,test,146,lag51:isolation_forest_flag,0.09997134130837093,0.09997134130837093,False,False,0.010096202385588393,0.03388611237316371,0.0,1.0,0.23796729818991944,9.9018757241734,0.15727601394178728
YULARA_COMBINED,Ridge+day,test,147,lag50:historical_ac_active_power,0.2888118255514123,0.2888118255514123,False,False,0.9999855768537349,0.23983883228321815,-5.2547013183357194e-05,0.9831675887107849,0.10363003819562958,2.6773776851570052,1.803757724522029
YULARA_COMBINED,Ridge+day,test,148,lag50:ambient_temperature,0.20723933776110595,0.20723933776110595,False,False,0.9999855768537349,0.6540605347718088,0.13423457741737366,1.0510023832321167,0.556550002262352,2.4719288716827923,2.095853520132725
YULARA_COMBINED,Ridge+day,test,149,lag50:global_horizontal_irradiance,0.2374955782210606,0.2374955782210606,False,False,0.9999855768537349,0.2237521300020932,-0.0026840653736144304,1.0152027606964111,0.20171460504258235,3.5342003575041994,1.2798539785059118
YULARA_COMBINED,Ridge+day,test,150,lag50:power_missing,0.00657780864354104,0.00657780864354104,False,False,4.3269438795378825e-05,0.0,0.0,0.0,-0.006578093273945641,0.006578093273945642,0.08118080552761171
YULARA_COMBINED,Ridge+day,test,151,lag50:temperature_missing,0.007595344404710617,0.007595344404710617,False,False,5.76925850605051e-05,0.05497501135847342,0.0,1.0,7.230392178049662,131.65200340287103,0.2681371756547302
YULARA_COMBINED,Ridge+day,test,152,lag50:ghi_missing,0.007595344404710617,0.007595344404710617,False,False,5.76925850605051e-05,0.05497501135847342,0.0,1.0,7.230392178049662,131.65200340287103,0.26813717565452916
YULARA_COMBINED,Ridge+day,test,153,lag50:isolation_forest_flag,0.09997134130837093,0.09997134130837093,False,False,0.010096202385588393,0.03388611237316371,0.0,1.0,0.23796729818991944,9.9018757241734,0.14991940178867844
YULARA_COMBINED,Ridge+day,test,154,lag49:historical_ac_active_power,0.28880999539301583,0.28880999539301583,False,False,0.9999855768537349,0.23984162271353898,-5.2547013183357194e-05,0.9831675887107849,0.10365431207042713,2.67740860677799,1.7408181003340972
YULARA_COMBINED,Ridge+day,test,155,lag49:ambient_temperature,0.20723431964425942,0.20723431964425942,False,False,0.9999855768537349,0.6540784200705057,0.13423457741737366,1.0510023832321167,0.5566556855385156,2.4719946305693137,2.063610193411592
YULARA_COMBINED,Ridge+day,test,156,lag49:global_horizontal_irradiance,0.23749240198635482,0.23749240198635482,False,False,0.9999855768537349,0.22375619037849515,-0.0026840653736144304,1.0152027606964111,0.20175315728115517,3.534266381697441,1.3731805041732819
YULARA_COMBINED,Ridge+day,test,157,lag49:power_missing,0.00657780864354104,0.00657780864354104,False,False,4.3269438795378825e-05,0.0,0.0,0.0,-0.006578093273945641,0.006578093273945642,0.08174171583653457
YULARA_COMBINED,Ridge+day,test,158,lag49:temperature_missing,0.007595344404710617,0.007595344404710617,False,False,5.76925850605051e-05,0.05497501135847342,0.0,1.0,7.230392178049662,131.65200340287103,0.26467891959588924
YULARA_COMBINED,Ridge+day,test,159,lag49:ghi_missing,0.007595344404710617,0.007595344404710617,False,False,5.76925850605051e-05,0.05497501135847342,0.0,1.0,7.230392178049662,131.65200340287103,0.26467891959572243
YULARA_COMBINED,Ridge+day,test,160,lag49:isolation_forest_flag,0.09997134130837093,0.09997134130837093,False,False,0.010096202385588393,0.03388611237316371,0.0,1.0,0.23796729818991944,9.9018757241734,0.1594347194660564
YULARA_COMBINED,Ridge+day,test,161,lag48:historical_ac_active_power,0.28880778227756726,0.28880778227756726,False,False,0.9999855768537349,0.2398439949549609,-5.2547013183357194e-05,0.9831675887107849,0.10367850526963222,2.677444308579707,1.7529890175049894
YULARA_COMBINED,Ridge+day,test,162,lag48:ambient_temperature,0.20722909292822717,0.20722909292822717,False,False,0.9999855768537349,0.654096340267212,0.13423457741737366,1.0510023832321167,0.5567634980980863,2.4720642763646365,2.0256069983885987
YULARA_COMBINED,Ridge+day,test,163,lag48:global_horizontal_irradiance,0.23748859847606713,0.23748859847606713,False,False,0.9999855768537349,0.22375926641645347,-0.0026840653736144304,1.0152027606964111,0.20178591735519055,3.534339561439773,1.3067519045786573
YULARA_COMBINED,Ridge+day,test,164,lag48:power_missing,0.006577808643541039,0.006577808643541039,False,False,4.3269438795378825e-05,0.0,0.0,0.0,-0.006578093273945641,0.006578093273945643,0.08777108283734382
YULARA_COMBINED,Ridge+day,test,165,lag48:temperature_missing,0.007595344404710617,0.007595344404710617,False,False,5.76925850605051e-05,0.05497501135847342,0.0,1.0,7.230392178049662,131.65200340287103,0.2622750739882843
YULARA_COMBINED,Ridge+day,test,166,lag48:ghi_missing,0.007595344404710617,0.007595344404710617,False,False,5.76925850605051e-05,0.05497501135847342,0.0,1.0,7.230392178049662,131.65200340287103,0.2622750739885309
YULARA_COMBINED,Ridge+day,test,167,lag48:isolation_forest_flag,0.09997134130837093,0.09997134130837093,False,False,0.010096202385588393,0.03388611237316371,0.0,1.0,0.23796729818991944,9.9018757241734,0.15913460294378126
YULARA_COMBINED,Ridge+day,test,168,lag47:historical_ac_active_power,0.2888053632500434,0.2888053632500434,False,False,0.9999855768537349,0.2398453759864272,-5.2547013183357194e-05,0.9831675887107849,0.10369809247786106,2.6774806717189548,1.7590421648594359
YULARA_COMBINED,Ridge+day,test,169,lag47:ambient_temperature,0.20722376111119833,0.20722376111119833,False,False,0.9999855768537349,0.6541142546483356,0.13423457741737366,1.0510023832321167,0.5568708861552213,2.4721344951909003,2.0075652618039412
YULARA_COMBINED,Ridge+day,test,170,lag47:global_horizontal_irradiance,0.23748444533945373,0.23748444533945373,False,False,0.9999855768537349,0.2237613755816339,-0.0026840653736144304,1.0152027606964111,0.20181443956533215,3.5344174821920302,1.247650094757533
YULARA_COMBINED,Ridge+day,test,171,lag47:power_missing,0.006577808643541038,0.006577808643541038,False,False,4.3269438795378825e-05,0.0,0.0,0.0,-0.006578093273945647,0.006578093273945644,0.08425507818507248
YULARA_COMBINED,Ridge+day,test,172,lag47:temperature_missing,0.007595344404710617,0.007595344404710617,False,False,5.76925850605051e-05,0.05497501135847342,0.0,1.0,7.230392178049662,131.65200340287103,0.26056320513283265
YULARA_COMBINED,Ridge+day,test,173,lag47:ghi_missing,0.007595344404710617,0.007595344404710617,False,False,5.76925850605051e-05,0.05497501135847342,0.0,1.0,7.230392178049662,131.65200340287103,0.2605632051318178
YULARA_COMBINED,Ridge+day,test,174,lag47:isolation_forest_flag,0.09997134130837093,0.09997134130837093,False,False,0.010096202385588393,0.03388611237316371,0.0,1.0,0.23796729818991944,9.9018757241734,0.2282851298724003
YULARA_COMBINED,Ridge+day,test,175,lag46:historical_ac_active_power,0.28880249714303063,0.28880249714303063,False,False,0.9999855768537349,0.2398466032472181,-5.2547013183357194e-05,0.9831675887107849,0.10371857135582728,2.6775224436105534,1.7708295442871662
YULARA_COMBINED,Ridge+day,test,176,lag46:ambient_temperature,0.20721809034550914,0.20721809034550914,False,False,0.9999855768537349,0.6541320701510134,0.13423457741737366,1.0510023832321167,0.5569779223630633,2.4722079701806736,1.985151967482735
YULARA_COMBINED,Ridge+day,test,177,lag46:global_horizontal_irradiance,0.23747995591640544,0.23747995591640544,False,False,0.9999855768537349,0.22376323528360703,-0.0026840653736144304,1.0152027606964111,0.20184252072874287,3.5345007333292044,1.2422013139340062
YULARA_COMBINED,Ridge+day,test,178,lag46:power_missing,0.006577808643541039,0.006577808643541039,False,False,4.3269438795378825e-05,0.0,0.0,0.0,-0.006578093273945641,0.006578093273945643,0.08205935970200001
YULARA_COMBINED,Ridge+day,test,179,lag46:temperature_missing,0.007595344404710618,0.007595344404710618,False,False,5.76925850605051e-05,0.05497501135847342,0.0,1.0,7.230392178049662,131.652003402871,0.26155666463463495
YULARA_COMBINED,Ridge+day,test,180,lag46:ghi_missing,0.007595344404710618,0.007595344404710618,False,False,5.76925850605051e-05,0.05497501135847342,0.0,1.0,7.230392178049662,131.652003402871,0.26155666463508126
YULARA_COMBINED,Ridge+day,test,181,lag46:isolation_forest_flag,0.09997134130837093,0.09997134130837093,False,False,0.010096202385588393,0.03388611237316371,0.0,1.0,0.23796729818991944,9.9018757241734,0.23509813735467408
YULARA_COMBINED,Ridge+day,test,182,lag45:historical_ac_active_power,0.2887994819707863,0.2887994819707863,False,False,0.9999855768537349,0.23984699999703868,-5.2547013183357194e-05,0.9831675887107849,0.10373494021920217,2.677564310138007,1.7207837031587203
YULARA_COMBINED,Ridge+day,test,183,lag45:ambient_temperature,0.20721238239767792,0.20721238239767792,False,False,0.9999855768537349,0.6541498013198439,0.13423457741737366,1.0510023832321167,0.5570855823409382,2.472282817758275,1.9709117753945438
YULARA_COMBINED,Ridge+day,test,184,lag45:global_horizontal_irradiance,0.23747516658749804,0.23747516658749804,False,False,0.9999855768537349,0.22376424684856724,-0.0026840653736144304,1.0152027606964111,0.2018676792714185,3.534588844270527,1.2569625166484837
YULARA_COMBINED,Ridge+day,test,185,lag45:power_missing,0.006577808643541038,0.006577808643541038,False,False,4.3269438795378825e-05,0.0,0.0,0.0,-0.006578093273945647,0.006578093273945644,0.07635655418592044
YULARA_COMBINED,Ridge+day,test,186,lag45:temperature_missing,0.007595344404710618,0.007595344404710618,False,False,5.76925850605051e-05,0.05497501135847342,0.0,1.0,7.230392178049662,131.652003402871,0.2619105090573432
YULARA_COMBINED,Ridge+day,test,187,lag45:ghi_missing,0.007595344404710618,0.007595344404710618,False,False,5.76925850605051e-05,0.05497501135847342,0.0,1.0,7.230392178049662,131.652003402871,0.2619105090578892
YULARA_COMBINED,Ridge+day,test,188,lag45:isolation_forest_flag,0.09997134130837093,0.09997134130837093,False,False,0.010096202385588393,0.03388611237316371,0.0,1.0,0.23796729818991944,9.9018757241734,0.19949762282038008
YULARA_COMBINED,Ridge+day,test,189,lag44:historical_ac_active_power,0.28879585764407245,0.28879585764407245,False,False,0.9999855768537349,0.23984726013568142,-5.2547013183357194e-05,0.9831675887107849,0.10375222405640537,2.677612994217491,1.682960884129389
YULARA_COMBINED,Ridge+day,test,190,lag44:ambient_temperature,0.20720671775173907,0.20720671775173907,False,False,0.9999855768537349,0.6541674161589671,0.13423457741737366,1.0510023832321167,0.5571928323772549,2.472357414775641,1.9844512802299832
YULARA_COMBINED,Ridge+day,test,191,lag44:global_horizontal_irradiance,0.23747001376500357,0.23747001376500357,False,False,0.9999855768537349,0.2237647271402968,-0.0026840653736144304,1.0152027606964111,0.20189117405487986,3.534682632682193,1.3136735644746562
YULARA_COMBINED,Ridge+day,test,192,lag44:power_missing,0.006577808643541038,0.006577808643541038,False,False,4.3269438795378825e-05,0.0,0.0,0.0,-0.006578093273945647,0.006578093273945644,0.07693117229117255
YULARA_COMBINED,Ridge+day,test,193,lag44:temperature_missing,0.007595344404710618,0.007595344404710618,False,False,5.76925850605051e-05,0.05497501135847342,0.0,1.0,7.230392178049662,131.652003402871,0.26176028209567265
YULARA_COMBINED,Ridge+day,test,194,lag44:ghi_missing,0.007595344404710618,0.007595344404710618,False,False,5.76925850605051e-05,0.05497501135847342,0.0,1.0,7.230392178049662,131.652003402871,0.2617602820963766
YULARA_COMBINED,Ridge+day,test,195,lag44:isolation_forest_flag,0.09997134130837093,0.09997134130837093,False,False,0.010096202385588393,0.03388611237316371,0.0,1.0,0.23796729818991944,9.9018757241734,0.19368834747732658
YULARA_COMBINED,Ridge+day,test,196,lag43:historical_ac_active_power,0.2887922907759606,0.2887922907759606,False,False,0.9999855768537349,0.2398473169433012,-5.2547013183357194e-05,0.9831675887107849,0.1037672140445767,2.677659577203734,1.7326137429942423
YULARA_COMBINED,Ridge+day,test,197,lag43:ambient_temperature,0.207201221951414,0.207201221951414,False,False,0.9999855768537349,0.6541849001294263,0.13423457741737366,1.0510023832321167,0.5572988635235697,2.472429862103003,2.008114292456708
YULARA_COMBINED,Ridge+day,test,198,lag43:global_horizontal_irradiance,0.23746467290775036,0.23746467290775036,False,False,0.9999855768537349,0.2237649990075913,-0.0026840653736144304,1.0152027606964111,0.2019139285045237,3.534779200621338,1.4498461553464381
YULARA_COMBINED,Ridge+day,test,199,lag43:power_missing,0.006577808643541038,0.006577808643541038,False,False,4.3269438795378825e-05,0.0,0.0,0.0,-0.006578093273945647,0.006578093273945644,0.07455149066517365
YULARA_COMBINED,Ridge+day,test,200,lag43:temperature_missing,0.007595344404710618,0.007595344404710618,False,False,5.76925850605051e-05,0.05497501135847342,0.0,1.0,7.230392178049662,131.652003402871,0.261202788635814
YULARA_COMBINED,Ridge+day,test,201,lag43:ghi_missing,0.007595344404710618,0.007595344404710618,False,False,5.76925850605051e-05,0.05497501135847342,0.0,1.0,7.230392178049662,131.652003402871,0.26120278863560387
YULARA_COMBINED,Ridge+day,test,202,lag43:isolation_forest_flag,0.09997134130837093,0.09997134130837093,False,False,0.010096202385588393,0.03388611237316371,0.0,1.0,0.23796729818991944,9.9018757241734,0.20366515081392922
YULARA_COMBINED,Ridge+day,test,203,lag42:historical_ac_active_power,0.28878814727506563,0.28878814727506563,False,False,0.9999855768537349,0.2398473435643698,-5.2547013183357194e-05,0.9831675887107849,0.10378370203246177,2.6777129029370115,1.695740433544265
YULARA_COMBINED,Ridge+day,test,204,lag42:ambient_temperature,0.20719560766924064,0.20719560766924064,False,False,0.9999855768537349,0.6542022328721688,0.13423457741737366,1.0510023832321167,0.5574049062203532,2.4725041441993016,2.0186671487943806
YULARA_COMBINED,Ridge+day,test,205,lag42:global_horizontal_irradiance,0.23745902671435815,0.23745902671435815,False,False,0.9999855768537349,0.22376516905656088,-0.0026840653736144304,1.0152027606964111,0.20193683886703354,3.5348806422284382,1.4228332916600372
YULARA_COMBINED,Ridge+day,test,206,lag42:power_missing,0.006577808643541038,0.006577808643541038,False,False,4.3269438795378825e-05,0.0,0.0,0.0,-0.006578093273945647,0.006578093273945644,0.07580593457114072
YULARA_COMBINED,Ridge+day,test,207,lag42:temperature_missing,0.007595344404710618,0.007595344404710618,False,False,5.76925850605051e-05,0.05497501135847342,0.0,1.0,7.230392178049662,131.652003402871,0.2610907106374536
YULARA_COMBINED,Ridge+day,test,208,lag42:ghi_missing,0.007595344404710618,0.007595344404710618,False,False,5.76925850605051e-05,0.05497501135847342,0.0,1.0,7.230392178049662,131.652003402871,0.26109071063749084
YULARA_COMBINED,Ridge+day,test,209,lag42:isolation_forest_flag,0.09997134130837093,0.09997134130837093,False,False,0.010096202385588393,0.03388611237316371,0.0,1.0,0.23796729818991944,9.9018757241734,0.2012042048437051
YULARA_COMBINED,Ridge+day,test,210,lag41:historical_ac_active_power,0.2887837931206483,0.2887837931206483,False,False,0.9999855768537349,0.23984734599489763,-5.2547013183357194e-05,0.9831675887107849,0.103799246410858,2.6777672474660363,1.6834146143959914
YULARA_COMBINED,Ridge+day,test,211,lag41:ambient_temperature,0.20718970011382615,0.20718970011382615,False,False,0.9999855768537349,0.6542194347507607,0.13423457741737366,1.0510023832321167,0.5575120051542162,2.4725828231696427,2.022157673075456
YULARA_COMBINED,Ridge+day,test,212,lag41:global_horizontal_irradiance,0.2374530507734713,0.2374530507734713,False,False,0.9999855768537349,0.22376527141614747,-0.0026840653736144304,1.0152027606964111,0.201960088118182,3.5349873400412997,1.448757851692179
YULARA_COMBINED,Ridge+day,test,213,lag41:power_missing,0.006577808643541037,0.006577808643541037,False,False,4.3269438795378825e-05,0.0,0.0,0.0,-0.0065780932739456476,0.006578093273945645,0.0743529823866301
YULARA_COMBINED,Ridge+day,test,214,lag41:temperature_missing,0.007595344404710618,0.007595344404710618,False,False,5.76925850605051e-05,0.05497501135847342,0.0,1.0,7.230392178049662,131.652003402871,0.26099171284989126
YULARA_COMBINED,Ridge+day,test,215,lag41:ghi_missing,0.007595344404710618,0.007595344404710618,False,False,5.76925850605051e-05,0.05497501135847342,0.0,1.0,7.230392178049662,131.652003402871,0.2609917128497368
YULARA_COMBINED,Ridge+day,test,216,lag41:isolation_forest_flag,0.09997134130837095,0.09997134130837095,False,False,0.010096202385588393,0.03388611237316371,0.0,1.0,0.2379672981899194,9.901875724173399,0.1958403225010162
YULARA_COMBINED,Ridge+day,test,217,lag40:historical_ac_active_power,0.28877871129950955,0.28877871129950955,False,False,0.9999855768537349,0.23984734859896292,-5.2547013183357194e-05,0.9831675887107849,0.10381696399382159,2.677830251770012,1.751139358214944
YULARA_COMBINED,Ridge+day,test,218,lag40:ambient_temperature,0.20718386585386558,0.20718386585386558,False,False,0.9999855768537349,0.6542364592281288,0.13423457741737366,1.0510023832321167,0.5576177411901196,2.472660316386788,2.028762499046059
YULARA_COMBINED,Ridge+day,test,219,lag40:global_horizontal_irradiance,0.23744674041453923,0.23744674041453923,False,False,0.9999855768537349,0.2237653109639644,-0.0026840653736144304,1.0152027606964111,0.20198376158888898,3.5350994251298564,1.501163162565617
YULARA_COMBINED,Ridge+day,test,220,lag40:power_missing,0.006577808643541037,0.006577808643541037,False,False,4.3269438795378825e-05,0.0,0.0,0.0,-0.0065780932739456476,0.006578093273945645,0.08003362828430238
YULARA_COMBINED,Ridge+day,test,221,lag40:temperature_missing,0.007595344404710618,0.007595344404710618,False,False,5.76925850605051e-05,0.05497501135847342,0.0,1.0,7.230392178049662,131.652003402871,0.26311517822848274
YULARA_COMBINED,Ridge+day,test,222,lag40:ghi_missing,0.007595344404710618,0.007595344404710618,False,False,5.76925850605051e-05,0.05497501135847342,0.0,1.0,7.230392178049662,131.652003402871,0.2631151782277982
YULARA_COMBINED,Ridge+day,test,223,lag40:isolation_forest_flag,0.09997134130837095,0.09997134130837095,False,False,0.010096202385588393,0.03388611237316371,0.0,1.0,0.23796729818991944,9.901875724173399,0.21058106887986505
YULARA_COMBINED,Ridge+day,test,224,lag39:historical_ac_active_power,0.2887732739379151,0.2887732739379151,False,False,0.9999855768537349,0.23984735131519494,-5.2547013183357194e-05,0.9831675887107849,0.10383463781499382,2.677896382723563,1.8151155015888307
YULARA_COMBINED,Ridge+day,test,225,lag39:ambient_temperature,0.20717765401464572,0.20717765401464572,False,False,0.9999855768537349,0.654253384827051,0.13423457741737366,1.0510023832321167,0.5577244234122406,2.4727427215585207,2.0386552590531775
YULARA_COMBINED,Ridge+day,test,226,lag39:global_horizontal_irradiance,0.23744012652573465,0.23744012652573465,False,False,0.9999855768537349,0.2237653268587726,-0.0026840653736144304,1.0152027606964111,0.20200850537978757,3.535216945832078,1.6481020519096976
YULARA_COMBINED,Ridge+day,test,227,lag39:power_missing,0.006577808643541037,0.006577808643541037,False,False,4.3269438795378825e-05,0.0,0.0,0.0,-0.0065780932739456476,0.006578093273945645,0.07866918700219781
YULARA_COMBINED,Ridge+day,test,228,lag39:temperature_missing,0.007595344404710618,0.007595344404710618,False,False,5.76925850605051e-05,0.05497501135847342,0.0,1.0,7.230392178049662,131.652003402871,0.26197861176136317
YULARA_COMBINED,Ridge+day,test,229,lag39:ghi_missing,0.007595344404710618,0.007595344404710618,False,False,5.76925850605051e-05,0.05497501135847342,0.0,1.0,7.230392178049662,131.652003402871,0.2619786117604212
YULARA_COMBINED,Ridge+day,test,230,lag39:isolation_forest_flag,0.09997134130837095,0.09997134130837095,False,False,0.010096202385588393,0.03388611237316371,0.0,1.0,0.2379672981899194,9.901875724173399,0.19987412179014108
YULARA_COMBINED,Ridge+day,test,231,lag38:historical_ac_active_power,0.28876673585394835,0.28876673585394835,False,False,0.9999855768537349,0.23984735281246392,-5.2547013183357194e-05,0.9831675887107849,0.10385526664596345,2.677975286738151,1.8567675970722304
YULARA_COMBINED,Ridge+day,test,232,lag38:ambient_temperature,0.2071713709518181,0.2071713709518181,False,False,0.9999855768537349,0.6542701592005131,0.13423457741737366,1.0510023832321167,0.5578313652883583,2.472826773239159,2.0437299793426678
YULARA_COMBINED,Ridge+day,test,233,lag38:global_horizontal_irradiance,0.23743300811458878,0.23743300811458878,False,False,0.9999855768537349,0.22376529791543412,-0.0026840653736144304,1.0152027606964111,0.20203498462114117,3.5353434789439575,1.6410096323269867
YULARA_COMBINED,Ridge+day,test,234,lag38:power_missing,0.006577808643541037,0.006577808643541037,False,False,4.3269438795378825e-05,0.0,0.0,0.0,-0.0065780932739456476,0.006578093273945645,0.0871315912797365
YULARA_COMBINED,Ridge+day,test,235,lag38:temperature_missing,0.007595344404710618,0.007595344404710618,False,False,5.76925850605051e-05,0.05497501135847342,0.0,1.0,7.230392178049662,131.652003402871,0.26655530095374275
YULARA_COMBINED,Ridge+day,test,236,lag38:ghi_missing,0.007595344404710618,0.007595344404710618,False,False,5.76925850605051e-05,0.05497501135847342,0.0,1.0,7.230392178049662,131.652003402871,0.26655530095430313
YULARA_COMBINED,Ridge+day,test,237,lag38:isolation_forest_flag,0.09997134130837095,0.09997134130837095,False,False,0.010096202385588393,0.03388611237316371,0.0,1.0,0.23796729818991944,9.901875724173399,0.2321144586217354
YULARA_COMBINED,Ridge+day,test,238,lag37:historical_ac_active_power,0.2887607175553493,0.2887607175553493,False,False,0.9999855768537349,0.23984735353015318,-5.2547013183357194e-05,0.9831675887107849,0.1038732052985696,2.6780468722487942,1.8167737092608833
YULARA_COMBINED,Ridge+day,test,239,lag37:ambient_temperature,0.20716506630458162,0.20716506630458162,False,False,0.9999855768537349,0.6542868259710272,0.13423457741737366,1.0510023832321167,0.5579374887348943,2.4729107240284547,2.0244214494003225
YULARA_COMBINED,Ridge+day,test,240,lag37:global_horizontal_irradiance,0.23742614898016806,0.23742614898016806,False,False,0.9999855768537349,0.2237652339727098,-0.0026840653736144304,1.0152027606964111,0.20205868717683378,3.535463748595782,1.636006656532506
YULARA_COMBINED,Ridge+day,test,241,lag37:power_missing,0.0065778086435410365,0.0065778086435410365,False,False,4.3269438795378825e-05,0.0,0.0,0.0,-0.0065780932739456476,0.006578093273945646,0.08674063397906082
YULARA_COMBINED,Ridge+day,test,242,lag37:temperature_missing,0.007595344404710618,0.007595344404710618,False,False,5.76925850605051e-05,0.05497501135847342,0.0,1.0,7.230392178049662,131.652003402871,0.26772878997142585
YULARA_COMBINED,Ridge+day,test,243,lag37:ghi_missing,0.007595344404710618,0.007595344404710618,False,False,5.76925850605051e-05,0.05497501135847342,0.0,1.0,7.230392178049662,131.652003402871,0.26772878997290867
YULARA_COMBINED,Ridge+day,test,244,lag37:isolation_forest_flag,0.09997134130837095,0.09997134130837095,False,False,0.010096202385588393,0.03388611237316371,0.0,1.0,0.2379672981899194,9.901875724173399,0.21337309361453938
YULARA_COMBINED,Ridge+day,test,245,lag36:historical_ac_active_power,0.2887535645251291,0.2887535645251291,False,False,0.9999855768537349,0.2398473540687743,-5.2547013183357194e-05,0.9831675887107849,0.10389439445148299,2.6781318272064376,1.8766591832660675
YULARA_COMBINED,Ridge+day,test,246,lag36:ambient_temperature,0.20715857668896467,0.20715857668896467,False,False,0.9999855768537349,0.6543034054976458,0.13423457741737366,1.0510023832321167,0.5580437706345298,2.4729969628940474,2.0050484000556494
YULARA_COMBINED,Ridge+day,test,247,lag36:global_horizontal_irradiance,0.2374195910091537,0.2374195910091537,False,False,0.9999855768537349,0.22376517311124502,-0.0026840653736144304,1.0152027606964111,0.20207804321736164,3.535575435834184,1.7572612453731797
YULARA_COMBINED,Ridge+day,test,248,lag36:power_missing,0.0065778086435410365,0.0065778086435410365,False,False,4.3269438795378825e-05,0.0,0.0,0.0,-0.0065780932739456476,0.006578093273945646,0.08305842104055468
YULARA_COMBINED,Ridge+day,test,249,lag36:temperature_missing,0.007595344404710618,0.007595344404710618,False,False,5.76925850605051e-05,0.05497501135847342,0.0,1.0,7.230392178049662,131.652003402871,0.27092263212518247
YULARA_COMBINED,Ridge+day,test,250,lag36:ghi_missing,0.007595344404710618,0.007595344404710618,False,False,5.76925850605051e-05,0.05497501135847342,0.0,1.0,7.230392178049662,131.652003402871,0.2709226321252833
YULARA_COMBINED,Ridge+day,test,251,lag36:isolation_forest_flag,0.09997134130837095,0.09997134130837095,False,False,0.010096202385588393,0.03388611237316371,0.0,1.0,0.2379672981899194,9.901875724173399,0.22248222951976335
YULARA_COMBINED,Ridge+day,test,252,lag35:historical_ac_active_power,0.2887488522359905,0.2887488522359905,False,False,0.9999855768537349,0.23984735476006755,-5.2547013183357194e-05,0.9831675887107849,0.10388922183834715,2.678168662932755,1.8341878717563147
YULARA_COMBINED,Ridge+day,test,253,lag35:ambient_temperature,0.20715202357810106,0.20715202357810106,False,False,0.9999855768537349,0.6543199646663399,0.13423457741737366,1.0510023832321167,0.558149982259276,2.473083815460372,1.9933708748795738
YULARA_COMBINED,Ridge+day,test,254,lag35:global_horizontal_irradiance,0.23741185992597022,0.23741185992597022,False,False,0.9999855768537349,0.22376512878003305,-0.0026840653736144304,1.0152027606964111,0.20210502324481355,3.535711154645175,1.6296115006921899
YULARA_COMBINED,Ridge+day,test,255,lag35:power_missing,0.0065778086435410365,0.0065778086435410365,False,False,4.3269438795378825e-05,0.0,0.0,0.0,-0.0065780932739456476,0.006578093273945646,0.08119047406506882
YULARA_COMBINED,Ridge+day,test,256,lag35:temperature_missing,0.007595344404710618,0.007595344404710618,False,False,5.76925850605051e-05,0.05497501135847342,0.0,1.0,7.230392178049662,131.652003402871,0.2671023244067984
YULARA_COMBINED,Ridge+day,test,257,lag35:ghi_missing,0.007595344404710618,0.007595344404710618,False,False,5.76925850605051e-05,0.05497501135847342,0.0,1.0,7.230392178049662,131.652003402871,0.2671023244092473
YULARA_COMBINED,Ridge+day,test,258,lag35:isolation_forest_flag,0.09997134130837096,0.09997134130837096,False,False,0.010096202385588393,0.03388611237316371,0.0,1.0,0.23796729818991935,9.901875724173397,0.2266456526028928
YULARA_COMBINED,Ridge+day,test,259,lag34:historical_ac_active_power,0.28874415295276434,0.28874415295276434,False,False,0.9999855768537349,0.23984735525781598,-5.2547013183357194e-05,0.9831675887107849,0.10388647371205306,2.6782078092321138,1.659806224807747
YULARA_COMBINED,Ridge+day,test,260,lag34:ambient_temperature,0.20714519466957898,0.20714519466957898,False,False,0.9999855768537349,0.6543364162343426,0.13423457741737366,1.0510023832321167,0.5582559270492472,2.47317346897197,1.965701169469077
YULARA_COMBINED,Ridge+day,test,261,lag34:global_horizontal_irradiance,0.23740522881269266,0.23740522881269266,False,False,0.9999855768537349,0.2237650792253645,-0.0026840653736144304,1.0152027606964111,0.202120803581044,3.5358202567446178,1.6268515183393495
YULARA_COMBINED,Ridge+day,test,262,lag34:power_missing,0.006577808643541036,0.006577808643541036,False,False,4.3269438795378825e-05,0.0,0.0,0.0,-0.0065780932739456476,0.006578093273945647,0.08141939189453033
YULARA_COMBINED,Ridge+day,test,263,lag34:temperature_missing,0.007595344404710618,0.007595344404710618,False,False,5.76925850605051e-05,0.05497501135847342,0.0,1.0,7.230392178049664,131.652003402871,0.26653631490771595
YULARA_COMBINED,Ridge+day,test,264,lag34:ghi_missing,0.007595344404710618,0.007595344404710618,False,False,5.76925850605051e-05,0.05497501135847342,0.0,1.0,7.230392178049664,131.652003402871,0.26653631490775687
YULARA_COMBINED,Ridge+day,test,265,lag34:isolation_forest_flag,0.09997134130837096,0.09997134130837096,False,False,0.010096202385588393,0.03388611237316371,0.0,1.0,0.23796729818991935,9.901875724173397,0.23408784358313942
YULARA_COMBINED,Ridge+day,test,266,lag33:historical_ac_active_power,0.28873813015368205,0.28873813015368205,False,False,0.9999855768537349,0.23984735573656446,-5.2547013183357194e-05,0.9831675887107849,0.10390175560972159,2.678276787333399,1.5643815338065372
YULARA_COMBINED,Ridge+day,test,267,lag33:ambient_temperature,0.20713803723948843,0.20713803723948843,False,False,0.9999855768537349,0.6543526496875292,0.13423457741737366,1.0510023832321167,0.5583608770408994,2.4732662166429633,1.89479035305981
YULARA_COMBINED,Ridge+day,test,268,lag33:global_horizontal_irradiance,0.23739790508537598,0.23739790508537598,False,False,0.9999855768537349,0.2237650232000986,-0.0026840653736144304,1.0152027606964111,0.20214332982190655,3.5359458636382257,1.7369369259716207
YULARA_COMBINED,Ridge+day,test,269,lag33:power_missing,0.006577808643541036,0.006577808643541036,False,False,4.3269438795378825e-05,0.0,0.0,0.0,-0.0065780932739456476,0.006578093273945647,0.08191709222491074
YULARA_COMBINED,Ridge+day,test,270,lag33:temperature_missing,0.007595344404710618,0.007595344404710618,False,False,5.76925850605051e-05,0.05497501135847342,0.0,1.0,7.230392178049662,131.652003402871,0.26864914589791666
YULARA_COMBINED,Ridge+day,test,271,lag33:ghi_missing,0.007595344404710618,0.007595344404710618,False,False,5.76925850605051e-05,0.05497501135847342,0.0,1.0,7.230392178049662,131.652003402871,0.26864914589827843
YULARA_COMBINED,Ridge+day,test,272,lag33:isolation_forest_flag,0.09997134130837096,0.09997134130837096,False,False,0.010096202385588393,0.03388611237316371,0.0,1.0,0.23796729818991935,9.901875724173397,0.2303891622062661
YULARA_COMBINED,Ridge+day,test,273,lag32:historical_ac_active_power,0.2887318032691395,0.2887318032691395,False,False,0.9999855768537349,0.23984735610724836,-5.2547013183357194e-05,0.9831675887107849,0.10391800355600757,2.6783494454247627,1.5187217641207802
YULARA_COMBINED,Ridge+day,test,274,lag32:ambient_temperature,0.2071303622357102,0.2071303622357102,False,False,0.9999855768537349,0.6543685981410571,0.13423457741737366,1.0510023832321167,0.5584674156110728,2.4733667128937102,1.8713659028905778
YULARA_COMBINED,Ridge+day,test,275,lag32:global_horizontal_irradiance,0.23739092394629782,0.23739092394629782,False,False,0.9999855768537349,0.22376495720142645,-0.0026840653736144304,1.0152027606964111,0.20216173931035764,3.5360625908611203,1.6664348613019166
YULARA_COMBINED,Ridge+day,test,276,lag32:power_missing,0.006577808643541036,0.006577808643541036,False,False,4.3269438795378825e-05,0.0,0.0,0.0,-0.0065780932739456476,0.006578093273945647,0.08316234531607221
YULARA_COMBINED,Ridge+day,test,277,lag32:temperature_missing,0.007595344404710618,0.007595344404710618,False,False,5.76925850605051e-05,0.05497501135847342,0.0,1.0,7.230392178049662,131.652003402871,0.2711081935548614
YULARA_COMBINED,Ridge+day,test,278,lag32:ghi_missing,0.007595344404710618,0.007595344404710618,False,False,5.76925850605051e-05,0.05497501135847342,0.0,1.0,7.230392178049662,131.652003402871,0.2711081935551294
YULARA_COMBINED,Ridge+day,test,279,lag32:isolation_forest_flag,0.09997134130837096,0.09997134130837096,False,False,0.010096202385588393,0.03388611237316371,0.0,1.0,0.23796729818991935,9.901875724173397,0.2264670049329092
YULARA_COMBINED,Ridge+day,test,280,lag31:historical_ac_active_power,0.2887243838769123,0.2887243838769123,False,False,0.9999855768537349,0.2398473567479333,-5.2547013183357194e-05,0.9831675887107849,0.10393732272752704,2.678434917914155,1.4929933549447423
YULARA_COMBINED,Ridge+day,test,281,lag31:ambient_temperature,0.20712235702383905,0.20712235702383905,False,False,0.9999855768537349,0.6543844040913707,0.13423457741737366,1.0510023832321167,0.5585745764292683,2.4734715718081723,1.8426813161436646
YULARA_COMBINED,Ridge+day,test,282,lag31:global_horizontal_irradiance,0.2373823500208571,0.2373823500208571,False,False,0.9999855768537349,0.22376488598721392,-0.0026840653736144304,1.0152027606964111,0.2021903874757623,3.5362119549581768,1.5060007383843652
YULARA_COMBINED,Ridge+day,test,283,lag31:power_missing,0.006577808643541036,0.006577808643541036,False,False,4.3269438795378825e-05,0.0,0.0,0.0,-0.0065780932739456476,0.006578093273945647,0.08530334539878812
YULARA_COMBINED,Ridge+day,test,284,lag31:temperature_missing,0.007595344404710618,0.007595344404710618,False,False,5.76925850605051e-05,0.05497501135847342,0.0,1.0,7.230392178049662,131.652003402871,0.28260032939986396
YULARA_COMBINED,Ridge+day,test,285,lag31:ghi_missing,0.007595344404710618,0.007595344404710618,False,False,5.76925850605051e-05,0.05497501135847342,0.0,1.0,7.230392178049662,131.652003402871,0.28260032939974594
YULARA_COMBINED,Ridge+day,test,286,lag31:isolation_forest_flag,0.09997134130837096,0.09997134130837096,False,False,0.010096202385588393,0.03388611237316371,0.0,1.0,0.23796729818991935,9.901875724173397,0.23918509086044593
YULARA_COMBINED,Ridge+day,test,287,lag30:historical_ac_active_power,0.28871691513377845,0.28871691513377845,False,False,0.9999855768537349,0.2398473572750478,-5.2547013183357194e-05,0.9831675887107849,0.10395663448518568,2.6785208268578975,1.4797124063205318
YULARA_COMBINED,Ridge+day,test,288,lag30:ambient_temperature,0.20711455743963317,0.20711455743963317,False,False,0.9999855768537349,0.6544000413683478,0.13423457741737366,1.0510023832321167,0.5586792585329239,2.4735728650789772,1.8271212558207655
YULARA_COMBINED,Ridge+day,test,289,lag30:global_horizontal_irradiance,0.2373736932720121,0.2373736932720121,False,False,0.9999855768537349,0.22376481848707855,-0.0026840653736144304,1.0152027606964111,0.2022191950688896,3.536362634891453,1.5704413929966836
YULARA_COMBINED,Ridge+day,test,290,lag30:power_missing,0.006577808643541035,0.006577808643541035,False,False,4.3269438795378825e-05,0.0,0.0,0.0,-0.00657809327394565,0.0065780932739456476,0.08514584807946243
YULARA_COMBINED,Ridge+day,test,291,lag30:temperature_missing,0.007595344404710618,0.007595344404710618,False,False,5.76925850605051e-05,0.05497501135847342,0.0,1.0,7.230392178049662,131.652003402871,0.2770253634738014
YULARA_COMBINED,Ridge+day,test,292,lag30:ghi_missing,0.007595344404710618,0.007595344404710618,False,False,5.76925850605051e-05,0.05497501135847342,0.0,1.0,7.230392178049662,131.652003402871,0.27702536347344237
YULARA_COMBINED,Ridge+day,test,293,lag30:isolation_forest_flag,0.09997134130837096,0.09997134130837096,False,False,0.010096202385588393,0.03388611237316371,0.0,1.0,0.23796729818991932,9.901875724173397,0.23571713853348375
YULARA_COMBINED,Ridge+day,test,294,lag29:historical_ac_active_power,0.2887097464928708,0.2887097464928708,False,False,0.9999855768537349,0.23984735778348854,-5.2547013183357194e-05,0.9831675887107849,0.10397476990054272,2.6786028867440157,1.4824094964115921
YULARA_COMBINED,Ridge+day,test,295,lag29:ambient_temperature,0.2071066022938369,0.2071066022938369,False,False,0.9999855768537349,0.654415559410083,0.13423457741737366,1.0510023832321167,0.5587837015772429,2.473675933063749,1.8269874278192335
YULARA_COMBINED,Ridge+day,test,296,lag29:global_horizontal_irradiance,0.23736515398494032,0.23736515398494032,False,False,0.9999855768537349,0.22376475883488386,-0.0026840653736144304,1.0152027606964111,0.20224720702980004,3.5365108450351506,1.5642572415660516
YULARA_COMBINED,Ridge+day,test,297,lag29:power_missing,0.006577808643541035,0.006577808643541035,False,False,4.3269438795378825e-05,0.0,0.0,0.0,-0.00657809327394565,0.0065780932739456476,0.0864325898865339
YULARA_COMBINED,Ridge+day,test,298,lag29:temperature_missing,0.007595344404710618,0.007595344404710618,False,False,5.76925850605051e-05,0.05497501135847342,0.0,1.0,7.230392178049664,131.652003402871,0.27857772507244555
YULARA_COMBINED,Ridge+day,test,299,lag29:ghi_missing,0.007595344404710618,0.007595344404710618,False,False,5.76925850605051e-05,0.05497501135847342,0.0,1.0,7.230392178049664,131.652003402871,0.2785777250730633
YULARA_COMBINED,Ridge+day,test,300,lag29:isolation_forest_flag,0.09997134130837096,0.09997134130837096,False,False,0.010096202385588393,0.03388611237316371,0.0,1.0,0.23796729818991938,9.901875724173397,0.2991905430851602
YULARA_COMBINED,Ridge+day,test,301,lag28:historical_ac_active_power,0.28870206690163686,0.28870206690163686,False,False,0.9999855768537349,0.23984735826272557,-5.2547013183357194e-05,0.9831675887107849,0.10399429654418546,2.678690897872345,1.4723634995410395
YULARA_COMBINED,Ridge+day,test,302,lag28:ambient_temperature,0.2070986060415281,0.2070986060415281,False,False,0.9999855768537349,0.6544310745451553,0.13423457741737366,1.0510023832321167,0.5588878162406545,2.4737790666792967,1.8424056960845676
YULARA_COMBINED,Ridge+day,test,303,lag28:global_horizontal_irradiance,0.23735643309541732,0.23735643309541732,False,False,0.9999855768537349,0.2237647045883411,-0.0026840653736144304,1.0152027606964111,0.20227581864030175,3.5366621918544285,1.54742102570386
YULARA_COMBINED,Ridge+day,test,304,lag28:power_missing,0.006577808643541035,0.006577808643541035,False,False,4.3269438795378825e-05,0.0,0.0,0.0,-0.00657809327394565,0.0065780932739456476,0.08573285113176268
YULARA_COMBINED,Ridge+day,test,305,lag28:temperature_missing,0.007595344404710618,0.007595344404710618,False,False,5.76925850605051e-05,0.05497501135847342,0.0,1.0,7.230392178049662,131.652003402871,0.2809431943722583
YULARA_COMBINED,Ridge+day,test,306,lag28:ghi_missing,0.007595344404710618,0.007595344404710618,False,False,5.76925850605051e-05,0.05497501135847342,0.0,1.0,7.230392178049662,131.652003402871,0.28094319437106985
YULARA_COMBINED,Ridge+day,test,307,lag28:isolation_forest_flag,0.09997134130837096,0.09997134130837096,False,False,0.010096202385588393,0.03388611237316371,0.0,1.0,0.23796729818991935,9.901875724173397,0.2869317912128982
YULARA_COMBINED,Ridge+day,test,308,lag27:historical_ac_active_power,0.2886974550886215,0.2886974550886215,False,False,0.9999855768537349,0.23984735876244795,-5.2547013183357194e-05,0.9831675887107849,0.10400233620798724,2.6787400654344533,1.4863644063588077
YULARA_COMBINED,Ridge+day,test,309,lag27:ambient_temperature,0.20709048911346947,0.20709048911346947,False,False,0.9999855768537349,0.6544465286087109,0.13423457741737366,1.0510023832321167,0.5589921035175626,2.473883783579818,1.8593164482133397
YULARA_COMBINED,Ridge+day,test,310,lag27:global_horizontal_irradiance,0.2373478236418671,0.2373478236418671,False,False,0.9999855768537349,0.22376465005840293,-0.0026840653736144304,1.0152027606964111,0.20230377102487426,3.5368113240926666,1.9124498920433122
YULARA_COMBINED,Ridge+day,test,311,lag27:power_missing,0.006577808643541035,0.006577808643541035,False,False,4.3269438795378825e-05,0.0,0.0,0.0,-0.00657809327394565,0.0065780932739456476,0.08673048017327208
YULARA_COMBINED,Ridge+day,test,312,lag27:temperature_missing,0.007595344404710619,0.007595344404710619,False,False,5.76925850605051e-05,0.05497501135847342,0.0,1.0,7.230392178049662,131.652003402871,0.2827629937627241
YULARA_COMBINED,Ridge+day,test,313,lag27:ghi_missing,0.007595344404710619,0.007595344404710619,False,False,5.76925850605051e-05,0.05497501135847342,0.0,1.0,7.230392178049662,131.652003402871,0.28276299376247277
YULARA_COMBINED,Ridge+day,test,314,lag27:isolation_forest_flag,0.09997134130837096,0.09997134130837096,False,False,0.010096202385588393,0.03388611237316371,0.0,1.0,0.23796729818991935,9.901875724173397,0.26350751698938524
YULARA_COMBINED,Ridge+day,test,315,lag26:historical_ac_active_power,0.2886883870788515,0.2886883870788515,False,False,0.9999855768537349,0.23984735929900106,-5.2547013183357194e-05,0.9831675887107849,0.10402552003174799,2.6788441226544975,1.4635436532440396
YULARA_COMBINED,Ridge+day,test,316,lag26:ambient_temperature,0.20708252202146785,0.20708252202146785,False,False,0.9999855768537349,0.6544619710388444,0.13423457741737366,1.0510023832321167,0.5590960078068211,2.4739867881700413,1.8692023530161124
YULARA_COMBINED,Ridge+day,test,317,lag26:global_horizontal_irradiance,0.23734113841764726,0.23734113841764726,False,False,0.9999855768537349,0.22376460636173645,-0.0026840653736144304,1.0152027606964111,0.20231549736907223,3.5369171581312595,1.6931729239381137
YULARA_COMBINED,Ridge+day,test,318,lag26:power_missing,0.006577808643541034,0.006577808643541034,False,False,4.3269438795378825e-05,0.0,0.0,0.0,-0.00657809327394565,0.006578093273945648,0.08433167522840833
YULARA_COMBINED,Ridge+day,test,319,lag26:temperature_missing,0.007595344404710619,0.007595344404710619,False,False,5.76925850605051e-05,0.05497501135847342,0.0,1.0,7.230392178049662,131.652003402871,0.2982558433708813
YULARA_COMBINED,Ridge+day,test,320,lag26:ghi_missing,0.007595344404710619,0.007595344404710619,False,False,5.76925850605051e-05,0.05497501135847342,0.0,1.0,7.230392178049662,131.652003402871,0.2982558433690215
YULARA_COMBINED,Ridge+day,test,321,lag26:isolation_forest_flag,0.09997134130837096,0.09997134130837096,False,False,0.010096202385588393,0.03388611237316371,0.0,1.0,0.23796729818991938,9.901875724173397,0.32137178448622467
YULARA_COMBINED,Ridge+day,test,322,lag25:historical_ac_active_power,0.28868178396491384,0.28868178396491384,False,False,0.9999855768537349,0.23984735970846652,-5.2547013183357194e-05,0.9831675887107849,0.10404129821714371,2.678918794099118,1.5067822477595898
YULARA_COMBINED,Ridge+day,test,323,lag25:ambient_temperature,0.2070745563745118,0.2070745563745118,False,False,0.9999855768537349,0.6544773204072432,0.13423457741737366,1.0510023832321167,0.559198011569832,2.474088328213681,1.8814301362493133
YULARA_COMBINED,Ridge+day,test,324,lag25:global_horizontal_irradiance,0.23733273627277365,0.23733273627277365,False,False,0.9999855768537349,0.22376456652699797,-0.0026840653736144304,1.0152027606964111,0.20234232889251433,3.537062210349531,1.4574808686206302
YULARA_COMBINED,Ridge+day,test,325,lag25:power_missing,0.006577808643541034,0.006577808643541034,False,False,4.3269438795378825e-05,0.0,0.0,0.0,-0.00657809327394565,0.006578093273945648,0.08219367725165973
YULARA_COMBINED,Ridge+day,test,326,lag25:temperature_missing,0.007595344404710619,0.007595344404710619,False,False,5.76925850605051e-05,0.05497501135847342,0.0,1.0,7.230392178049662,131.652003402871,0.28989052265166604
YULARA_COMBINED,Ridge+day,test,327,lag25:ghi_missing,0.007595344404710619,0.007595344404710619,False,False,5.76925850605051e-05,0.05497501135847342,0.0,1.0,7.230392178049662,131.652003402871,0.289890522650773
YULARA_COMBINED,Ridge+day,test,328,lag25:isolation_forest_flag,0.09997134130837096,0.09997134130837096,False,False,0.010096202385588393,0.03388611237316371,0.0,1.0,0.23796729818991935,9.901875724173397,0.4170110449716258
YULARA_COMBINED,Ridge+day,test,329,lag24:historical_ac_active_power,0.28867261427172136,0.28867261427172136,False,False,0.9999855768537349,0.23984736032909,-5.2547013183357194e-05,0.9831675887107849,0.10406417983967929,2.67902346462318,1.5847078622530992
YULARA_COMBINED,Ridge+day,test,330,lag24:ambient_temperature,0.20706660048068842,0.20706660048068842,False,False,0.9999855768537349,0.6544925563559828,0.13423457741737366,1.0510023832321167,0.5592987321646486,2.4741890426042286,1.8949099608126965
YULARA_COMBINED,Ridge+day,test,331,lag24:global_horizontal_irradiance,0.23732525203694774,0.23732525203694774,False,False,0.9999855768537349,0.22376452495405164,-0.0026840653736144304,1.0152027606964111,0.20236421608217167,3.5371894356889975,1.5557542736449836
YULARA_COMBINED,Ridge+day,test,332,lag24:power_missing,0.006577808643541034,0.006577808643541034,False,False,4.3269438795378825e-05,0.0,0.0,0.0,-0.00657809327394565,0.006578093273945648,0.08739342393619472
YULARA_COMBINED,Ridge+day,test,333,lag24:temperature_missing,0.007595344404710619,0.007595344404710619,False,False,5.76925850605051e-05,0.05497501135847342,0.0,1.0,7.230392178049664,131.652003402871,0.28984808845523913
YULARA_COMBINED,Ridge+day,test,334,lag24:ghi_missing,0.007595344404710619,0.007595344404710619,False,False,5.76925850605051e-05,0.05497501135847342,0.0,1.0,7.230392178049664,131.652003402871,0.28984808845580073
YULARA_COMBINED,Ridge+day,test,335,lag24:isolation_forest_flag,0.09997134130837096,0.09997134130837096,False,False,0.010096202385588393,0.03388611237316371,0.0,1.0,0.23796729818991935,9.901875724173397,0.37781391890380417
YULARA_COMBINED,Ridge+day,test,336,lag23:historical_ac_active_power,0.2886644819265653,0.2886644819265653,False,False,0.9999855768537349,0.23984736083963523,-5.2547013183357194e-05,0.9831675887107849,0.10408420075464492,2.679116026319684,1.845506130469291
YULARA_COMBINED,Ridge+day,test,337,lag23:ambient_temperature,0.20705808621912838,0.20705808621912838,False,False,0.9999855768537349,0.6545076788839347,0.13423457741737366,1.0510023832321167,0.5594015127298025,2.4742975285684397,1.9066683521019943
YULARA_COMBINED,Ridge+day,test,338,lag23:global_horizontal_irradiance,0.2373170862257825,0.2373170862257825,False,False,0.9999855768537349,0.22376447974975122,-0.0026840653736144304,1.0152027606964111,0.20239013927199817,3.537330296904343,1.573356263787082
YULARA_COMBINED,Ridge+day,test,339,lag23:power_missing,0.006577808643541034,0.006577808643541034,False,False,4.3269438795378825e-05,0.0,0.0,0.0,-0.00657809327394565,0.006578093273945648,0.08643530861018206
YULARA_COMBINED,Ridge+day,test,340,lag23:temperature_missing,0.007595344404710619,0.007595344404710619,False,False,5.76925850605051e-05,0.05497501135847342,0.0,1.0,7.230392178049662,131.652003402871,0.3022353733167671
YULARA_COMBINED,Ridge+day,test,341,lag23:ghi_missing,0.007595344404710619,0.007595344404710619,False,False,5.76925850605051e-05,0.05497501135847342,0.0,1.0,7.230392178049662,131.652003402871,0.3022353733159836
YULARA_COMBINED,Ridge+day,test,342,lag23:isolation_forest_flag,0.09997134130837097,0.09997134130837097,False,False,0.010096202385588393,0.03388611237316371,0.0,1.0,0.23796729818991935,9.901875724173397,0.3442442818349844
YULARA_COMBINED,Ridge+day,test,343,lag22:historical_ac_active_power,0.2886559903582352,0.2886559903582352,False,False,0.9999855768537349,0.2398473614934078,-5.2547013183357194e-05,0.9831675887107849,0.10410556734371686,2.6792131419167684,2.17727765019171
YULARA_COMBINED,Ridge+day,test,344,lag22:ambient_temperature,0.2070494373886582,0.2070494373886582,False,False,0.9999855768537349,0.6545227316181245,0.13423457741737366,1.0510023832321167,0.559504419265447,2.4744077226236176,1.9132619618809443
YULARA_COMBINED,Ridge+day,test,345,lag22:global_horizontal_irradiance,0.23730827737207916,0.23730827737207916,False,False,0.9999855768537349,0.22376443284950362,-0.0026840653736144304,1.0152027606964111,0.20241919114982904,3.537483338979783,1.4031223344564974
YULARA_COMBINED,Ridge+day,test,346,lag22:power_missing,0.006577808643541033,0.006577808643541033,False,False,4.3269438795378825e-05,0.0,0.0,0.0,-0.00657809327394565,0.006578093273945649,0.07967450644663618
YULARA_COMBINED,Ridge+day,test,347,lag22:temperature_missing,0.007595344404710619,0.007595344404710619,False,False,5.76925850605051e-05,0.05497501135847342,0.0,1.0,7.230392178049662,131.652003402871,0.3054245686986191
YULARA_COMBINED,Ridge+day,test,348,lag22:ghi_missing,0.007595344404710619,0.007595344404710619,False,False,5.76925850605051e-05,0.05497501135847342,0.0,1.0,7.230392178049662,131.652003402871,0.3054245686989746
YULARA_COMBINED,Ridge+day,test,349,lag22:isolation_forest_flag,0.09997134130837097,0.09997134130837097,False,False,0.010096202385588393,0.03388611237316371,0.0,1.0,0.23796729818991935,9.901875724173397,0.35506064129278636
YULARA_COMBINED,Ridge+day,test,350,lag21:historical_ac_active_power,0.28864826790580617,0.28864826790580617,False,False,0.9999855768537349,0.23984736192554174,-5.2547013183357194e-05,0.9831675887107849,0.10412469042672813,2.679301157544171,1.9747268881329534
YULARA_COMBINED,Ridge+day,test,351,lag21:ambient_temperature,0.20704043342324088,0.20704043342324088,False,False,0.9999855768537349,0.6545376854738683,0.13423457741737366,1.0510023832321167,0.5596084909221178,2.4745228446212253,1.9258016956139772
YULARA_COMBINED,Ridge+day,test,352,lag21:global_horizontal_irradiance,0.2372995977354347,0.2372995977354347,False,False,0.9999855768537349,0.2237643831487297,-0.0026840653736144304,1.0152027606964111,0.20244782951727167,3.5376341724374822,1.2969423723429825
YULARA_COMBINED,Ridge+day,test,353,lag21:power_missing,0.006577808643541034,0.006577808643541034,False,False,4.3269438795378825e-05,0.0,0.0,0.0,-0.00657809327394565,0.006578093273945648,0.13779658477636103
YULARA_COMBINED,Ridge+day,test,354,lag21:temperature_missing,0.007595344404710619,0.007595344404710619,False,False,5.76925850605051e-05,0.05497501135847342,0.0,1.0,7.230392178049662,131.652003402871,0.3215418419525591
YULARA_COMBINED,Ridge+day,test,355,lag21:ghi_missing,0.007595344404710619,0.007595344404710619,False,False,5.76925850605051e-05,0.05497501135847342,0.0,1.0,7.230392178049662,131.652003402871,0.3215418419520981
YULARA_COMBINED,Ridge+day,test,356,lag21:isolation_forest_flag,0.09997134130837097,0.09997134130837097,False,False,0.010096202385588393,0.03388611237316371,0.0,1.0,0.23796729818991935,9.901875724173397,0.35720098351770696
YULARA_COMBINED,Ridge+day,test,357,lag20:historical_ac_active_power,0.28864003211505246,0.28864003211505246,False,False,0.9999855768537349,0.23984736231549542,-5.2547013183357194e-05,0.9831675887107849,0.10414515212559781,2.679395095622696,2.2740959044008573
YULARA_COMBINED,Ridge+day,test,358,lag20:ambient_temperature,0.20703139916928953,0.20703139916928953,False,False,0.9999855768537349,0.6545525142776593,0.13423457741737366,1.0510023832321167,0.5597111826083825,2.4746374717858055,1.9338811523599204
YULARA_COMBINED,Ridge+day,test,359,lag20:global_horizontal_irradiance,0.23729090317395857,0.23729090317395857,False,False,0.9999855768537349,0.2237643377455377,-0.0026840653736144304,1.0152027606964111,0.20247668535874044,3.537785423977633,1.272070680300721
YULARA_COMBINED,Ridge+day,test,360,lag20:power_missing,0.006577808643541033,0.006577808643541033,False,False,4.3269438795378825e-05,0.0,0.0,0.0,-0.00657809327394565,0.006578093273945649,0.1367945927217035
YULARA_COMBINED,Ridge+day,test,361,lag20:temperature_missing,0.007595344404710619,0.007595344404710619,False,False,5.76925850605051e-05,0.05497501135847342,0.0,1.0,7.230392178049662,131.652003402871,0.30619913568215507
YULARA_COMBINED,Ridge+day,test,362,lag20:ghi_missing,0.007595344404710619,0.007595344404710619,False,False,5.76925850605051e-05,0.05497501135847342,0.0,1.0,7.230392178049662,131.652003402871,0.3061991356821395
YULARA_COMBINED,Ridge+day,test,363,lag20:isolation_forest_flag,0.09997134130837097,0.09997134130837097,False,False,0.010096202385588393,0.03388611237316371,0.0,1.0,0.23796729818991935,9.901875724173397,0.4422877522063731
YULARA_COMBINED,Ridge+day,test,364,lag19:historical_ac_active_power,0.2886321545772447,0.2886321545772447,False,False,0.9999855768537349,0.2398473627789318,-5.2547013183357194e-05,0.9831675887107849,0.10416482077671681,2.6794850480763515,2.21017547962099
YULARA_COMBINED,Ridge+day,test,365,lag19:ambient_temperature,0.20702251302959326,0.20702251302959326,False,False,0.9999855768537349,0.6545672645586721,0.13423457741737366,1.0510023832321167,0.5598126325134163,2.4747498674641646,1.938695839674308
YULARA_COMBINED,Ridge+day,test,366,lag19:global_horizontal_irradiance,0.23728222987084965,0.23728222987084965,False,False,0.9999855768537349,0.22376429155377864,-0.0026840653736144304,1.0152027606964111,0.20250563554401826,3.5379364833298155,1.3085953153742358
YULARA_COMBINED,Ridge+day,test,367,lag19:power_missing,0.006577808643541032,0.006577808643541032,False,False,4.3269438795378825e-05,0.0,0.0,0.0,-0.00657809327394565,0.00657809327394565,0.13547060494895607
YULARA_COMBINED,Ridge+day,test,368,lag19:temperature_missing,0.007595344404710619,0.007595344404710619,False,False,5.76925850605051e-05,0.05497501135847342,0.0,1.0,7.230392178049664,131.652003402871,0.3125457938959214
YULARA_COMBINED,Ridge+day,test,369,lag19:ghi_missing,0.007595344404710619,0.007595344404710619,False,False,5.76925850605051e-05,0.05497501135847342,0.0,1.0,7.230392178049664,131.652003402871,0.31254579389560255
YULARA_COMBINED,Ridge+day,test,370,lag19:isolation_forest_flag,0.09997134130837097,0.09997134130837097,False,False,0.010096202385588393,0.03388611237316371,0.0,1.0,0.23796729818991935,9.901875724173397,0.3766614218040683
YULARA_COMBINED,Ridge+day,test,371,lag18:historical_ac_active_power,0.28862420469188677,0.28862420469188677,False,False,0.9999855768537349,0.23984736351696767,-5.2547013183357194e-05,0.9831675887107849,0.10418528280517461,2.6795764423488775,2.108357784688598
YULARA_COMBINED,Ridge+day,test,372,lag18:ambient_temperature,0.20701383892547814,0.20701383892547814,False,False,0.9999855768537349,0.6545820119318936,0.13423457741737366,1.0510023832321167,0.5599127222519141,2.4748589565610533,1.9534798478108686
YULARA_COMBINED,Ridge+day,test,373,lag18:global_horizontal_irradiance,0.23727370697278094,0.23727370697278094,False,False,0.9999855768537349,0.2237642488208399,-0.0026840653736144304,1.0152027606964111,0.20253447210148567,3.538085309035819,1.279456021990842
YULARA_COMBINED,Ridge+day,test,374,lag18:power_missing,0.006577808643541032,0.006577808643541032,False,False,4.3269438795378825e-05,0.0,0.0,0.0,-0.00657809327394565,0.00657809327394565,0.1282372092270115
YULARA_COMBINED,Ridge+day,test,375,lag18:temperature_missing,0.007595344404710619,0.007595344404710619,False,False,5.76925850605051e-05,0.05497501135847342,0.0,1.0,7.230392178049662,131.652003402871,0.31026607872574563
YULARA_COMBINED,Ridge+day,test,376,lag18:ghi_missing,0.007595344404710619,0.007595344404710619,False,False,5.76925850605051e-05,0.05497501135847342,0.0,1.0,7.230392178049662,131.652003402871,0.31026607872575485
YULARA_COMBINED,Ridge+day,test,377,lag18:isolation_forest_flag,0.09997134130837099,0.09997134130837099,False,False,0.010096202385588393,0.03388611237316371,0.0,1.0,0.23796729818991938,9.901875724173395,0.4511494070498542
YULARA_COMBINED,Ridge+day,test,378,lag17:historical_ac_active_power,0.2886177443281405,0.2886177443281405,False,False,0.9999855768537349,0.23984736404881407,-5.2547013183357194e-05,0.9831675887107849,0.10420187950072016,2.679650684259106,1.978701605328586
YULARA_COMBINED,Ridge+day,test,379,lag17:ambient_temperature,0.2070052842548706,0.2070052842548706,False,False,0.9999855768537349,0.6545967215004427,0.13423457741737366,1.0510023832321167,0.5600124912598754,2.474966803458053,1.9585755935462228
YULARA_COMBINED,Ridge+day,test,380,lag17:global_horizontal_irradiance,0.23726512605890512,0.23726512605890512,False,False,0.9999855768537349,0.2237642087467298,-0.0026840653736144304,1.0152027606964111,0.20256400257389523,3.538235641705527,1.341539412041435
YULARA_COMBINED,Ridge+day,test,381,lag17:power_missing,0.006577808643541032,0.006577808643541032,False,False,4.3269438795378825e-05,0.0,0.0,0.0,-0.00657809327394565,0.00657809327394565,0.1229473010553152
YULARA_COMBINED,Ridge+day,test,382,lag17:temperature_missing,0.007595344404710619,0.007595344404710619,False,False,5.76925850605051e-05,0.05497501135847342,0.0,1.0,7.230392178049662,131.652003402871,0.3229900685287996
YULARA_COMBINED,Ridge+day,test,383,lag17:ghi_missing,0.007595344404710619,0.007595344404710619,False,False,5.76925850605051e-05,0.05497501135847342,0.0,1.0,7.230392178049662,131.652003402871,0.32299006852874884
YULARA_COMBINED,Ridge+day,test,384,lag17:isolation_forest_flag,0.09997134130837099,0.09997134130837099,False,False,0.010096202385588393,0.03388611237316371,0.0,1.0,0.23796729818991938,9.901875724173395,0.44726478380587936
YULARA_COMBINED,Ridge+day,test,385,lag16:historical_ac_active_power,0.2886075143549746,0.2886075143549746,False,False,0.9999855768537349,0.23984736457149639,-5.2547013183357194e-05,0.9831675887107849,0.10422825012846353,2.679768342355713,2.0008868799584523
YULARA_COMBINED,Ridge+day,test,386,lag16:ambient_temperature,0.2069963713278939,0.2069963713278939,False,False,0.9999855768537349,0.6546114892315886,0.13423457741737366,1.0510023832321167,0.5601134279263292,2.4750788519946703,1.9677451035642728
YULARA_COMBINED,Ridge+day,test,387,lag16:global_horizontal_irradiance,0.23725646890572347,0.23725646890572347,False,False,0.9999855768537349,0.2237641688539159,-0.0026840653736144304,1.0152027606964111,0.20259426560623248,3.538387786823065,1.3022530353760744
YULARA_COMBINED,Ridge+day,test,388,lag16:power_missing,0.006577808643541032,0.006577808643541032,False,False,4.3269438795378825e-05,0.0,0.0,0.0,-0.00657809327394565,0.00657809327394565,0.11516481026180143
YULARA_COMBINED,Ridge+day,test,389,lag16:temperature_missing,0.007595344404710619,0.007595344404710619,False,False,5.76925850605051e-05,0.05497501135847342,0.0,1.0,7.230392178049662,131.652003402871,0.31367786202372555
YULARA_COMBINED,Ridge+day,test,390,lag16:ghi_missing,0.007595344404710619,0.007595344404710619,False,False,5.76925850605051e-05,0.05497501135847342,0.0,1.0,7.230392178049662,131.652003402871,0.31367786202390596
YULARA_COMBINED,Ridge+day,test,391,lag16:isolation_forest_flag,0.09997134130837099,0.09997134130837099,False,False,0.010096202385588393,0.03388611237316371,0.0,1.0,0.23796729818991938,9.901875724173395,0.43564671461271354
YULARA_COMBINED,Ridge+day,test,392,lag15:historical_ac_active_power,0.288598403701942,0.288598403701942,False,False,0.9999855768537349,0.23984736516950397,-5.2547013183357194e-05,0.9831675887107849,0.10425218589008226,2.6798735822889532,1.9899377253130182
YULARA_COMBINED,Ridge+day,test,393,lag15:ambient_temperature,0.20698757646656937,0.20698757646656937,False,False,0.9999855768537349,0.6546262976785835,0.13423457741737366,1.0510023832321167,0.5602133191462257,2.4751885670329123,1.9665278159688235
YULARA_COMBINED,Ridge+day,test,394,lag15:global_horizontal_irradiance,0.23724760633083036,0.23724760633083036,False,False,0.9999855768537349,0.22376413041152443,-0.0026840653736144304,1.0152027606964111,0.20262586552002454,3.5385441600180676,1.4236191278053099
YULARA_COMBINED,Ridge+day,test,395,lag15:power_missing,0.006577808643541032,0.006577808643541032,False,False,4.3269438795378825e-05,0.0,0.0,0.0,-0.00657809327394565,0.00657809327394565,0.10925960971196154
YULARA_COMBINED,Ridge+day,test,396,lag15:temperature_missing,0.007595344404710619,0.007595344404710619,False,False,5.76925850605051e-05,0.05497501135847342,0.0,1.0,7.230392178049662,131.652003402871,0.3188306589720663
YULARA_COMBINED,Ridge+day,test,397,lag15:ghi_missing,0.007595344404710619,0.007595344404710619,False,False,5.76925850605051e-05,0.05497501135847342,0.0,1.0,7.230392178049662,131.652003402871,0.3188306589719024
YULARA_COMBINED,Ridge+day,test,398,lag15:isolation_forest_flag,0.09997134130837099,0.09997134130837099,False,False,0.010096202385588393,0.03388611237316371,0.0,1.0,0.23796729818991938,9.901875724173395,0.42924311519844993
YULARA_COMBINED,Ridge+day,test,399,lag14:historical_ac_active_power,0.28859002526689387,0.28859002526689387,False,False,0.9999855768537349,0.23984736559903821,-5.2547013183357194e-05,0.9831675887107849,0.10427501853032146,2.679971189679373,2.0539769818022178
YULARA_COMBINED,Ridge+day,test,400,lag14:ambient_temperature,0.20697857351508717,0.20697857351508717,False,False,0.9999855768537349,0.6546410886754452,0.13423457741737366,1.0510023832321167,0.5603144258057394,2.4753015079240717,1.9561839258225586
YULARA_COMBINED,Ridge+day,test,401,lag14:global_horizontal_irradiance,0.23723896785813364,0.23723896785813364,False,False,0.9999855768537349,0.22376409461916388,-0.0026840653736144304,1.0152027606964111,0.202657272848374,3.5386971874652637,1.4020132841410577
YULARA_COMBINED,Ridge+day,test,402,lag14:power_missing,0.006577808643541032,0.006577808643541032,False,False,4.3269438795378825e-05,0.0,0.0,0.0,-0.00657809327394565,0.00657809327394565,0.10650515596955787
YULARA_COMBINED,Ridge+day,test,403,lag14:temperature_missing,0.007595344404710619,0.007595344404710619,False,False,5.76925850605051e-05,0.05497501135847342,0.0,1.0,7.230392178049662,131.652003402871,0.31593097333206754
YULARA_COMBINED,Ridge+day,test,404,lag14:ghi_missing,0.007595344404710619,0.007595344404710619,False,False,5.76925850605051e-05,0.05497501135847342,0.0,1.0,7.230392178049662,131.652003402871,0.3159309733318003
YULARA_COMBINED,Ridge+day,test,405,lag14:isolation_forest_flag,0.09997134130837099,0.09997134130837099,False,False,0.010096202385588393,0.03388611237316371,0.0,1.0,0.23796729818991938,9.901875724173395,0.4416729069036048
YULARA_COMBINED,Ridge+day,test,406,lag13:historical_ac_active_power,0.2885846785347169,0.2885846785347169,False,False,0.9999855768537349,0.2398473660850566,-5.2547013183357194e-05,0.9831675887107849,0.10429021314303756,2.6800341036361925,2.0762848107721834
YULARA_COMBINED,Ridge+day,test,407,lag13:ambient_temperature,0.20696949967717196,0.20696949967717196,False,False,0.9999855768537349,0.6546558360486667,0.13423457741737366,1.0510023832321167,0.5604164538140538,2.47541623784825,1.9411723970286443
YULARA_COMBINED,Ridge+day,test,408,lag13:global_horizontal_irradiance,0.23723228091753287,0.23723228091753287,False,False,0.9999855768537349,0.22376406413210148,-0.0026840653736144304,1.0152027606964111,0.20268144315261,3.5388155202828258,1.3938313717461066
YULARA_COMBINED,Ridge+day,test,409,lag13:power_missing,0.006577808643541032,0.006577808643541032,False,False,4.3269438795378825e-05,0.0,0.0,0.0,-0.00657809327394565,0.00657809327394565,0.11817146443794607
YULARA_COMBINED,Ridge+day,test,410,lag13:temperature_missing,0.007595344404710619,0.007595344404710619,False,False,5.76925850605051e-05,0.05497501135847342,0.0,1.0,7.230392178049662,131.652003402871,0.3146806587643823
YULARA_COMBINED,Ridge+day,test,411,lag13:ghi_missing,0.007595344404710619,0.007595344404710619,False,False,5.76925850605051e-05,0.05497501135847342,0.0,1.0,7.230392178049662,131.652003402871,0.3146806587647326
YULARA_COMBINED,Ridge+day,test,412,lag13:isolation_forest_flag,0.09997134130837099,0.09997134130837099,False,False,0.010096202385588393,0.03388611237316371,0.0,1.0,0.23796729818991938,9.901875724173395,0.44142650721052396
YULARA_COMBINED,Ridge+day,test,413,lag12:historical_ac_active_power,0.28858029236912053,0.28858029236912053,False,False,0.9999855768537349,0.23984736675747234,-5.2547013183357194e-05,0.9831675887107849,0.1043030687011242,2.680086105896672,2.1589952065947595
YULARA_COMBINED,Ridge+day,test,414,lag12:ambient_temperature,0.2069602706992729,0.2069602706992729,False,False,0.9999855768537349,0.6546705339837937,0.13423457741737366,1.0510023832321167,0.5605197961810251,2.47553395763919,1.9087361482556522
YULARA_COMBINED,Ridge+day,test,415,lag12:global_horizontal_irradiance,0.23722469006402716,0.23722469006402716,False,False,0.9999855768537349,0.2237640263630077,-0.0026840653736144304,1.0152027606964111,0.20271024844872262,3.5389512363483946,1.4403727592405753
YULARA_COMBINED,Ridge+day,test,416,lag12:power_missing,0.006577808643541031,0.006577808643541031,False,False,4.3269438795378825e-05,0.0,0.0,0.0,-0.006578093273945651,0.006578093273945651,0.11452903210116956
YULARA_COMBINED,Ridge+day,test,417,lag12:temperature_missing,0.007595344404710619,0.007595344404710619,False,False,5.76925850605051e-05,0.05497501135847342,0.0,1.0,7.230392178049662,131.652003402871,0.3084878350140081
YULARA_COMBINED,Ridge+day,test,418,lag12:ghi_missing,0.007595344404710619,0.007595344404710619,False,False,5.76925850605051e-05,0.05497501135847342,0.0,1.0,7.230392178049662,131.652003402871,0.3084878350146832
YULARA_COMBINED,Ridge+day,test,419,lag12:isolation_forest_flag,0.09997134130837099,0.09997134130837099,False,False,0.010096202385588393,0.03388611237316371,0.0,1.0,0.23796729818991938,9.901875724173395,0.45228598381831897
YULARA_COMBINED,Ridge+day,test,420,lag11:historical_ac_active_power,0.2885760746625883,0.2885760746625883,False,False,0.9999855768537349,0.2398473674446173,-5.2547013183357194e-05,0.9831675887107849,0.10431595139175513,2.680136632767644,2.1948549968210007
YULARA_COMBINED,Ridge+day,test,421,lag11:ambient_temperature,0.2069511982388619,0.2069511982388619,False,False,0.9999855768537349,0.65468514758056,0.13423457741737366,1.0510023832321167,0.5606220485873645,2.475649547940761,1.8696391622487865
YULARA_COMBINED,Ridge+day,test,422,lag11:global_horizontal_irradiance,0.23721843330120623,0.23721843330120623,False,False,0.9999855768537349,0.22376398332907815,-0.0026840653736144304,1.0152027606964111,0.20273432776842373,3.539063492215816,1.4498253358756812
YULARA_COMBINED,Ridge+day,test,423,lag11:power_missing,0.006577808643541031,0.006577808643541031,False,False,4.3269438795378825e-05,0.0,0.0,0.0,-0.006578093273945651,0.006578093273945651,0.1134960026039676
YULARA_COMBINED,Ridge+day,test,424,lag11:temperature_missing,0.007595344404710619,0.007595344404710619,False,False,5.76925850605051e-05,0.05497501135847342,0.0,1.0,7.230392178049664,131.652003402871,0.3134250067137624
YULARA_COMBINED,Ridge+day,test,425,lag11:ghi_missing,0.007595344404710619,0.007595344404710619,False,False,5.76925850605051e-05,0.05497501135847342,0.0,1.0,7.230392178049664,131.652003402871,0.31342500671371737
YULARA_COMBINED,Ridge+day,test,426,lag11:isolation_forest_flag,0.09997134130837099,0.09997134130837099,False,False,0.010096202385588393,0.03388611237316371,0.0,1.0,0.23796729818991938,9.901875724173395,0.5322291020274402
YULARA_COMBINED,Ridge+day,test,427,lag10:historical_ac_active_power,0.2885679236597996,0.2885679236597996,False,False,0.9999855768537349,0.23984736828994668,-5.2547013183357194e-05,0.9831675887107849,0.10434019820319602,2.6802336342912563,2.25171783488223
YULARA_COMBINED,Ridge+day,test,428,lag10:ambient_temperature,0.20694216291522483,0.20694216291522483,False,False,0.9999855768537349,0.6546996564855544,0.13423457741737366,1.0510023832321167,0.5607236873725228,2.4757646880259774,1.8355673078768358
YULARA_COMBINED,Ridge+day,test,429,lag10:global_horizontal_irradiance,0.2372126292864377,0.2372126292864377,False,False,0.9999855768537349,0.2237639397600401,-0.0026840653736144304,1.0152027606964111,0.20275740990856106,3.539168389868221,1.4562533394828296
YULARA_COMBINED,Ridge+day,test,430,lag10:power_missing,0.006577808643541031,0.006577808643541031,False,False,4.3269438795378825e-05,0.0,0.0,0.0,-0.006578093273945651,0.006578093273945651,0.11619242595548461
YULARA_COMBINED,Ridge+day,test,431,lag10:temperature_missing,0.007595344404710619,0.007595344404710619,False,False,5.76925850605051e-05,0.05497501135847342,0.0,1.0,7.230392178049662,131.652003402871,0.31163449662670084
YULARA_COMBINED,Ridge+day,test,432,lag10:ghi_missing,0.007595344404710619,0.007595344404710619,False,False,5.76925850605051e-05,0.05497501135847342,0.0,1.0,7.230392178049662,131.652003402871,0.31163449662638193
YULARA_COMBINED,Ridge+day,test,433,lag10:isolation_forest_flag,0.09997134130837099,0.09997134130837099,False,False,0.010096202385588393,0.03388611237316371,0.0,1.0,0.23796729818991938,9.901875724173395,0.47026098002683264
YULARA_COMBINED,Ridge+day,test,434,lag9:historical_ac_active_power,0.2885631000981099,0.2885631000981099,False,False,0.9999855768537349,0.2398473688414071,-5.2547013183357194e-05,0.9831675887107849,0.10435643618647218,2.6802929284706654,2.1391573987792425
YULARA_COMBINED,Ridge+day,test,435,lag9:ambient_temperature,0.2069328886142752,0.2069328886142752,False,False,0.9999855768537349,0.6547140868677708,0.13423457741737366,1.0510023832321167,0.5608266953996774,2.47588378960103,1.760013612182136
YULARA_COMBINED,Ridge+day,test,436,lag9:global_horizontal_irradiance,0.23720553767045394,0.23720553767045394,False,False,0.9999855768537349,0.22376389750677905,-0.0026840653736144304,1.0152027606964111,0.2027865730116052,3.539297478120263,1.4813700618795287
YULARA_COMBINED,Ridge+day,test,437,lag9:power_missing,0.006577808643541031,0.006577808643541031,False,False,4.3269438795378825e-05,0.0,0.0,0.0,-0.006578093273945651,0.006578093273945651,0.12322871662025982
YULARA_COMBINED,Ridge+day,test,438,lag9:temperature_missing,0.007595344404710619,0.007595344404710619,False,False,5.76925850605051e-05,0.05497501135847342,0.0,1.0,7.230392178049662,131.652003402871,0.3165591337057618
YULARA_COMBINED,Ridge+day,test,439,lag9:ghi_missing,0.007595344404710619,0.007595344404710619,False,False,5.76925850605051e-05,0.05497501135847342,0.0,1.0,7.230392178049662,131.652003402871,0.31655913370586086
YULARA_COMBINED,Ridge+day,test,440,lag9:isolation_forest_flag,0.09997134130837099,0.09997134130837099,False,False,0.010096202385588393,0.03388611237316371,0.0,1.0,0.23796729818991938,9.901875724173395,0.4692573400684996
YULARA_COMBINED,Ridge+day,test,441,lag8:historical_ac_active_power,0.28855241338836357,0.28855241338836357,False,False,0.9999855768537349,0.23984736932254355,-5.2547013183357194e-05,0.9831675887107849,0.10438725570994839,2.680419147662293,2.4467470900122006
YULARA_COMBINED,Ridge+day,test,442,lag8:ambient_temperature,0.20692357856052418,0.20692357856052418,False,False,0.9999855768537349,0.6547284678107642,0.13423457741737366,1.0510023832321167,0.5609304058626039,2.4760041648709046,1.6213316299365568
YULARA_COMBINED,Ridge+day,test,443,lag8:global_horizontal_irradiance,0.23720052909151262,0.23720052909151262,False,False,0.9999855768537349,0.2237638565164559,-0.0026840653736144304,1.0152027606964111,0.20280807989638394,3.539389609504254,1.5354734944804616
YULARA_COMBINED,Ridge+day,test,444,lag8:power_missing,0.0065778086435410305,0.0065778086435410305,False,False,4.3269438795378825e-05,0.0,0.0,0.0,-0.006578093273945652,0.006578093273945652,0.1332499105990197
YULARA_COMBINED,Ridge+day,test,445,lag8:temperature_missing,0.007595344404710619,0.007595344404710619,False,False,5.76925850605051e-05,0.05497501135847342,0.0,1.0,7.230392178049662,131.652003402871,0.3437761410814884
YULARA_COMBINED,Ridge+day,test,446,lag8:ghi_missing,0.007595344404710619,0.007595344404710619,False,False,5.76925850605051e-05,0.05497501135847342,0.0,1.0,7.230392178049662,131.652003402871,0.34377614108162197
YULARA_COMBINED,Ridge+day,test,447,lag8:isolation_forest_flag,0.09997134130837099,0.09997134130837099,False,False,0.010096202385588393,0.03388611237316371,0.0,1.0,0.23796729818991938,9.901875724173395,0.5722753462383298
YULARA_COMBINED,Ridge+day,test,448,lag7:historical_ac_active_power,0.28854623841406957,0.28854623841406957,False,False,0.9999855768537349,0.2398473699066514,-5.2547013183357194e-05,0.9831675887107849,0.10440852200230076,2.680495539769811,2.734177119582184
YULARA_COMBINED,Ridge+day,test,449,lag7:ambient_temperature,0.206914439528442,0.206914439528442,False,False,0.9999855768537349,0.6547427760488189,0.13423457741737366,1.0510023832321167,0.5610335515045879,2.476122745310363,1.4661270848236951
YULARA_COMBINED,Ridge+day,test,450,lag7:global_horizontal_irradiance,0.23719509962252677,0.23719509962252677,False,False,0.9999855768537349,0.22376381199689546,-0.0026840653736144304,1.0152027606964111,0.2028324826878371,3.539490575367723,1.5541575574672422
YULARA_COMBINED,Ridge+day,test,451,lag7:power_missing,0.0065778086435410305,0.0065778086435410305,False,False,4.3269438795378825e-05,0.0,0.0,0.0,-0.006578093273945652,0.006578093273945652,0.17544609920850956
YULARA_COMBINED,Ridge+day,test,452,lag7:temperature_missing,0.007595344404710619,0.007595344404710619,False,False,5.76925850605051e-05,0.05497501135847342,0.0,1.0,7.230392178049662,131.652003402871,0.34977633930290153
YULARA_COMBINED,Ridge+day,test,453,lag7:ghi_missing,0.007595344404710619,0.007595344404710619,False,False,5.76925850605051e-05,0.05497501135847342,0.0,1.0,7.230392178049662,131.652003402871,0.3497763393032593
YULARA_COMBINED,Ridge+day,test,454,lag7:isolation_forest_flag,0.09997134130837099,0.09997134130837099,False,False,0.010096202385588393,0.03388611237316371,0.0,1.0,0.2379672981899194,9.901875724173395,0.5739532108745143
YULARA_COMBINED,Ridge+day,test,455,lag6:historical_ac_active_power,0.28853952376725084,0.28853952376725084,False,False,0.9999855768537349,0.23984737048160784,-5.2547013183357194e-05,0.9831675887107849,0.10443216511280969,2.6805791293975814,3.548214408684459
YULARA_COMBINED,Ridge+day,test,456,lag6:ambient_temperature,0.20690552111932797,0.20690552111932797,False,False,0.9999855768537349,0.6547570697456603,0.13423457741737366,1.0510023832321167,0.5611355503968813,2.4762382085706625,1.3932388141545438
YULARA_COMBINED,Ridge+day,test,457,lag6:global_horizontal_irradiance,0.23719235174010275,0.23719235174010275,False,False,0.9999855768537349,0.2237637631691924,-0.0026840653736144304,1.0152027606964111,0.20284378709548473,3.5395407409433775,1.917817683170718
YULARA_COMBINED,Ridge+day,test,458,lag6:power_missing,0.0065778086435410305,0.0065778086435410305,False,False,4.3269438795378825e-05,0.0,0.0,0.0,-0.006578093273945652,0.006578093273945652,0.16770108385040694
YULARA_COMBINED,Ridge+day,test,459,lag6:temperature_missing,0.007595344404710619,0.007595344404710619,False,False,5.76925850605051e-05,0.05497501135847342,0.0,1.0,7.230392178049664,131.652003402871,0.34350053709088957
YULARA_COMBINED,Ridge+day,test,460,lag6:ghi_missing,0.007595344404710619,0.007595344404710619,False,False,5.76925850605051e-05,0.05497501135847342,0.0,1.0,7.230392178049664,131.652003402871,0.3435005370905025
YULARA_COMBINED,Ridge+day,test,461,lag6:isolation_forest_flag,0.099971341308371,0.099971341308371,False,False,0.010096202385588393,0.03388611237316371,0.0,1.0,0.23796729818991932,9.901875724173394,0.6273837894568648
YULARA_COMBINED,Ridge+day,test,462,lag5:historical_ac_active_power,0.28853512232842143,0.28853512232842143,False,False,0.9999855768537349,0.23984737093133102,-5.2547013183357194e-05,0.9831675887107849,0.10445040967944948,2.6806366700591444,4.337870555306426
YULARA_COMBINED,Ridge+day,test,463,lag5:ambient_temperature,0.20689633856521647,0.20689633856521647,False,False,0.9999855768537349,0.6547713314522835,0.13423457741737366,1.0510023832321167,0.5612385001691297,2.4763572235240914,1.531576808212011
YULARA_COMBINED,Ridge+day,test,464,lag5:global_horizontal_irradiance,0.23718803150558215,0.23718803150558215,False,False,0.9999855768537349,0.22376372147831447,-0.0026840653736144304,1.0152027606964111,0.20286579379151662,3.5396236992993684,2.2991412731673826
YULARA_COMBINED,Ridge+day,test,465,lag5:power_missing,0.00657780864354103,0.00657780864354103,False,False,4.3269438795378825e-05,0.0,0.0,0.0,-0.006578093273945652,0.006578093273945653,0.15894050285263847
YULARA_COMBINED,Ridge+day,test,466,lag5:temperature_missing,0.007595344404710619,0.007595344404710619,False,False,5.76925850605051e-05,0.05497501135847342,0.0,1.0,7.230392178049662,131.652003402871,0.34270812098245307
YULARA_COMBINED,Ridge+day,test,467,lag5:ghi_missing,0.007595344404710619,0.007595344404710619,False,False,5.76925850605051e-05,0.05497501135847342,0.0,1.0,7.230392178049662,131.652003402871,0.342708120981736
YULARA_COMBINED,Ridge+day,test,468,lag5:isolation_forest_flag,0.099971341308371,0.099971341308371,False,False,0.010096202385588393,0.03388611237316371,0.0,1.0,0.23796729818991932,9.901875724173394,0.6250032686222075
YULARA_COMBINED,Ridge+day,test,469,lag4:historical_ac_active_power,0.28853169158053654,0.28853169158053654,False,False,0.9999855768537349,0.2398473713372531,-5.2547013183357194e-05,0.9831675887107849,0.10446736132220408,2.6806842520967558,5.631522265766313
YULARA_COMBINED,Ridge+day,test,470,lag4:ambient_temperature,0.20688722629969156,0.20688722629969156,False,False,0.9999855768537349,0.6547854855570868,0.13423457741737366,1.0510023832321167,0.5613404912343798,2.47647515064095,2.0081982839429786
YULARA_COMBINED,Ridge+day,test,471,lag4:global_horizontal_irradiance,0.2371849604060231,0.2371849604060231,False,False,0.9999855768537349,0.2237636748368146,-0.0026840653736144304,1.0152027606964111,0.20288323739053585,3.539684544289498,3.1220726838922035
YULARA_COMBINED,Ridge+day,test,472,lag4:power_missing,0.00657780864354103,0.00657780864354103,False,False,4.3269438795378825e-05,0.0,0.0,0.0,-0.006578093273945652,0.006578093273945653,0.1529611198434079
YULARA_COMBINED,Ridge+day,test,473,lag4:temperature_missing,0.007595344404710619,0.007595344404710619,False,False,5.76925850605051e-05,0.05497501135847342,0.0,1.0,7.230392178049662,131.652003402871,0.34232186674182824
YULARA_COMBINED,Ridge+day,test,474,lag4:ghi_missing,0.007595344404710619,0.007595344404710619,False,False,5.76925850605051e-05,0.05497501135847342,0.0,1.0,7.230392178049662,131.652003402871,0.34232186674157883
YULARA_COMBINED,Ridge+day,test,475,lag4:isolation_forest_flag,0.099971341308371,0.099971341308371,False,False,0.010096202385588393,0.03388611237316371,0.0,1.0,0.23796729818991932,9.901875724173394,0.5670722688983572
YULARA_COMBINED,Ridge+day,test,476,lag3:historical_ac_active_power,0.28853223333021744,0.28853223333021744,False,False,0.9999855768537349,0.23984737186160537,-5.2547013183357194e-05,0.9831675887107849,0.10446853803722002,2.6806805898757036,7.62472297293588
YULARA_COMBINED,Ridge+day,test,477,lag3:ambient_temperature,0.20687808931663398,0.20687808931663398,False,False,0.9999855768537349,0.6547995466012838,0.13423457741737366,1.0510023832321167,0.5614427725602701,2.4765940480751505,2.851341745576749
YULARA_COMBINED,Ridge+day,test,478,lag3:global_horizontal_irradiance,0.2371832393520981,0.2371832393520981,False,False,0.9999855768537349,0.22376362609447925,-0.0026840653736144304,1.0152027606964111,0.20289449574251162,3.539720220713077,3.9213835868481666
YULARA_COMBINED,Ridge+day,test,479,lag3:power_missing,0.00657780864354103,0.00657780864354103,False,False,4.3269438795378825e-05,0.0,0.0,0.0,-0.006578093273945652,0.006578093273945653,0.14610278472866417
YULARA_COMBINED,Ridge+day,test,480,lag3:temperature_missing,0.007595344404710619,0.007595344404710619,False,False,5.76925850605051e-05,0.05497501135847342,0.0,1.0,7.230392178049662,131.652003402871,0.3486447617249022
YULARA_COMBINED,Ridge+day,test,481,lag3:ghi_missing,0.007595344404710619,0.007595344404710619,False,False,5.76925850605051e-05,0.05497501135847342,0.0,1.0,7.230392178049662,131.652003402871,0.348644761725445
YULARA_COMBINED,Ridge+day,test,482,lag3:isolation_forest_flag,0.099971341308371,0.099971341308371,False,False,0.010096202385588393,0.03388611237316371,0.0,1.0,0.23796729818991932,9.901875724173394,0.5975610175799697
YULARA_COMBINED,Ridge+day,test,483,lag2:historical_ac_active_power,0.2885221571795092,0.2885221571795092,False,False,0.9999855768537349,0.23984737250962057,-5.2547013183357194e-05,0.9831675887107849,0.10450194551588635,2.680803964978102,10.010245489074086
YULARA_COMBINED,Ridge+day,test,484,lag2:ambient_temperature,0.2068689594569544,0.2068689594569544,False,False,0.9999855768537349,0.6548135669296318,0.13423457741737366,1.0510023832321167,0.5615447825171282,2.4767128064802613,4.043425353402262
YULARA_COMBINED,Ridge+day,test,485,lag2:global_horizontal_irradiance,0.2371823709898272,0.2371823709898272,False,False,0.9999855768537349,0.22376358543508376,-0.0026840653736144304,1.0152027606964111,0.2029013000430512,3.5397394130884443,5.432423598381265
YULARA_COMBINED,Ridge+day,test,486,lag2:power_missing,0.00657780864354103,0.00657780864354103,False,False,4.3269438795378825e-05,0.0,0.0,0.0,-0.006578093273945652,0.006578093273945653,0.14507148603404063
YULARA_COMBINED,Ridge+day,test,487,lag2:temperature_missing,0.007595344404710619,0.007595344404710619,False,False,5.76925850605051e-05,0.05497501135847342,0.0,1.0,7.230392178049662,131.652003402871,0.34217739993512303
YULARA_COMBINED,Ridge+day,test,488,lag2:ghi_missing,0.007595344404710619,0.007595344404710619,False,False,5.76925850605051e-05,0.05497501135847342,0.0,1.0,7.230392178049662,131.652003402871,0.3421773999343543
YULARA_COMBINED,Ridge+day,test,489,lag2:isolation_forest_flag,0.099971341308371,0.099971341308371,False,False,0.010096202385588393,0.03388611237316371,0.0,1.0,0.23796729818991932,9.901875724173394,0.5922538072137451
YULARA_COMBINED,Ridge+day,test,490,lag1:historical_ac_active_power,0.288522741047449,0.288522741047449,False,False,0.9999855768537349,0.2398473730977409,-5.2547013183357194e-05,0.9831675887107849,0.10450759524645471,2.6808043991465715,12.099302671480096
YULARA_COMBINED,Ridge+day,test,491,lag1:ambient_temperature,0.20686000091563855,0.20686000091563855,False,False,0.9999855768537349,0.6548274534815246,0.13423457741737366,1.0510023832321167,0.561646600063549,2.4768304345263545,5.632899269072306
YULARA_COMBINED,Ridge+day,test,492,lag1:global_horizontal_irradiance,0.23717934888424352,0.23717934888424352,False,False,0.9999855768537349,0.22376353706680072,-0.0026840653736144304,1.0152027606964111,0.20292266669740894,3.539803501191461,7.768296715089482
YULARA_COMBINED,Ridge+day,test,493,lag1:power_missing,0.006577808643541029,0.006577808643541029,False,False,4.3269438795378825e-05,0.0,0.0,0.0,-0.006578093273945652,0.006578093273945654,0.1974710609842329
YULARA_COMBINED,Ridge+day,test,494,lag1:temperature_missing,0.007595344404710619,0.007595344404710619,False,False,5.76925850605051e-05,0.05497501135847342,0.0,1.0,7.230392178049664,131.652003402871,0.3484930631137381
YULARA_COMBINED,Ridge+day,test,495,lag1:ghi_missing,0.007595344404710619,0.007595344404710619,False,False,5.76925850605051e-05,0.05497501135847342,0.0,1.0,7.230392178049664,131.652003402871,0.3484930631137702
YULARA_COMBINED,Ridge+day,test,496,lag1:isolation_forest_flag,0.099971341308371,0.099971341308371,False,False,0.010096202385588393,0.03388611237316371,0.0,1.0,0.23796729818991932,9.901875724173394,0.8122689206961418
YULARA_COMBINED,Ridge+day,test,497,lag0:historical_ac_active_power,0.288524607577755,0.288524607577755,False,False,0.9999855768537349,0.23984737360593467,-5.2547013183357194e-05,0.9831675887107849,0.10450543502012857,2.6807855705178665,30.353632799484473
YULARA_COMBINED,Ridge+day,test,498,lag0:ambient_temperature,0.20685087947491576,0.20685087947491576,False,False,0.9999855768537349,0.6548413254933323,0.13423457741737366,1.0510023832321167,0.5617496608150558,2.476950885699506,7.615469773085634
YULARA_COMBINED,Ridge+day,test,499,lag0:global_horizontal_irradiance,0.2371794204501368,0.2371794204501368,False,False,0.9999855768537349,0.2237634930709065,-0.0026840653736144304,1.0152027606964111,0.2029251849587358,3.5398051980874135,16.672566254083645
YULARA_COMBINED,Ridge+day,test,500,lag0:power_missing,0.0,1.0,True,False,0.0,0.0,0.0,0.0,0.0,0.0,1.5986087774609967e-13
YULARA_COMBINED,Ridge+day,test,501,lag0:temperature_missing,0.007595344404710619,0.007595344404710619,False,False,5.76925850605051e-05,0.05497501135847342,0.0,1.0,7.230392178049662,131.652003402871,0.34290151085505194
YULARA_COMBINED,Ridge+day,test,502,lag0:ghi_missing,0.007595344404710619,0.007595344404710619,False,False,5.76925850605051e-05,0.05497501135847342,0.0,1.0,7.230392178049662,131.652003402871,0.34290151085601633
YULARA_COMBINED,Ridge+day,test,503,lag0:isolation_forest_flag,0.099971341308371,0.099971341308371,False,False,0.010096202385588393,0.03388611237316371,0.0,1.0,0.23796729818991932,9.901875724173394,1.1234626417382627
YULARA_COMBINED,Ridge+day,test,504,day_power_lead1,31.678241586345244,31.678241586345244,False,False,1.0,26.1550108941878,-0.055568993091583,108.05237960815,0.10299551269491108,2.6882832247901325,11.97005796935452
YULARA_COMBINED,Ridge+day,test,505,day_power_lead2,31.677926988676827,31.677926988676827,False,False,1.0,26.15501095524445,-0.055568993091583,108.05237960815,0.1030183373734284,2.6883317223742687,6.850095701525211
YULARA_COMBINED,Ridge+day,test,506,day_power_lead3,31.677655615638805,31.677655615638805,False,False,1.0,26.15501101045969,-0.055568993091583,108.05237960815,0.10304125750432619,2.688376788371666,5.416033692978117
YULARA_COMBINED,Ridge+day,test,507,day_power_lead4,31.67744430377957,31.67744430377957,False,False,1.0,26.155011082339136,-0.055568993091583,108.05237960815,0.10306450651957395,2.6884172812078826,4.371463804866744
YULARA_COMBINED,Ridge+day,test,508,day_power_lead5,31.677315495855197,31.677315495855197,False,False,1.0,26.15501113873363,-0.055568993091583,108.05237960815,0.10308652144958956,2.6884498070516223,3.6168321042613187
YULARA_COMBINED,Ridge+day,test,509,day_power_lead6,31.67722894956611,31.67722894956611,False,False,1.0,26.15501111959073,-0.055568993091583,108.05237960815,0.10310878933356375,2.6884791390869958,3.133999238723312
YULARA_COMBINED,Ridge+day,test,510,day_power_lead7,31.67719685555885,31.67719685555885,False,False,1.0,26.155011127692962,-0.055568993091583,108.05237960815,0.1031302679336322,2.6885032368200927,2.880073087429218
YULARA_COMBINED,Ridge+day,test,511,day_power_lead8,31.677219552722935,31.677219552722935,False,False,1.0,26.15501113801524,-0.055568993091583,108.05237960815,0.10315175313496486,2.688522869240228,2.873891785441881
YULARA_COMBINED,Ridge+day,test,512,day_power_lead9,31.677268950136256,31.677268950136256,False,False,1.0,26.15501114655067,-0.055568993091583,108.05237960815,0.1031729574312653,2.6885400416491443,2.9880889963810526
YULARA_COMBINED,Ridge+day,test,513,day_power_lead10,31.677395197201907,31.677395197201907,False,False,1.0,26.155011021392784,-0.055568993091583,108.05237960815,0.10319322775988403,2.688550012208856,3.127906483266746
YULARA_COMBINED,Ridge+day,test,514,day_power_lead11,31.677570365290542,31.677570365290542,False,False,1.0,26.15501086115173,-0.055568993091583,108.05237960815,0.10321268581001569,2.688555179018842,3.5770955116954966
YULARA_COMBINED,Ridge+day,test,515,day_power_lead12,31.677881469275242,31.677881469275242,False,False,1.0,26.155009682810604,-0.055568993091583,108.05237960815,0.10322900957643076,2.6885461497006102,3.6470550497942384
YULARA_COMBINED,Ridge+day,test,516,day_power_lead13,31.678179269765874,31.678179269765874,False,False,1.0,26.154989973987718,-0.055568993091583,108.05237960815,0.10324517717558795,2.6885386353866276,3.8442715017197853
YULARA_COMBINED,Ridge+day,test,517,day_power_lead14,31.67852042583469,31.67852042583469,False,False,1.0,26.154883328887486,-0.055568993091583,108.05237960815,0.1032573232158923,2.688526306058692,3.945561217576116
YULARA_COMBINED,Ridge+day,test,518,day_power_lead15,31.678820736554055,31.678820736554055,False,False,1.0,26.154790660557207,-0.055568993091583,108.05237960815,0.10327039708382137,2.688517797189581,3.9477328729563435
YULARA_COMBINED,Ridge+day,test,519,day_power_lead16,31.679210114805862,31.679210114805862,False,False,1.0,26.15468964265314,-0.055568993091583,108.05237960815,0.10328075239926959,2.6884995652641925,4.075764274657134
YULARA_COMBINED,Ridge+day,test,520,day_power_lead17,31.679655319525423,31.679655319525423,False,False,1.0,26.154625696118472,-0.055568993091583,108.05237960815,0.10329064902223885,2.688475149484739,4.502101006713856
YULARA_COMBINED,Ridge+day,test,521,day_power_lead18,31.680145333578373,31.680145333578373,False,False,1.0,26.154581464368484,-0.055568993091583,108.05237960815,0.1032993888590519,2.6884452990634635,4.591750909732724
YULARA_COMBINED,Ridge+day,test,522,day_power_lead19,31.680676264630552,31.680676264630552,False,False,1.0,26.154539767848906,-0.055568993091583,108.05237960815,0.10330676082683463,2.6884106631616085,4.718851796146347
YULARA_COMBINED,Ridge+day,test,523,day_power_lead20,31.68123230335234,31.68123230335234,False,False,1.0,26.154491240875608,-0.055568993091583,108.05237960815,0.10331257226855331,2.6883726350555808,4.944235124371974
YULARA_COMBINED,Ridge+day,test,524,day_power_lead21,31.681801498351202,31.681801498351202,False,False,1.0,26.154440738936874,-0.055568993091583,108.05237960815,0.10331753631220747,2.6883327499664973,5.0097074559335
YULARA_COMBINED,Ridge+day,test,525,day_power_lead22,31.682396267667333,31.682396267667333,False,False,1.0,26.154363508085726,-0.055568993091583,108.05237960815,0.10331997649070124,2.688289099664103,4.714758294345497
YULARA_COMBINED,Ridge+day,test,526,day_power_lead23,31.682988058661824,31.682988058661824,False,False,1.0,26.154259460602425,-0.055568993091583,108.05237960815,0.1033210179870179,2.6882451418073856,5.185977228236661
YULARA_COMBINED,Ridge+day,test,527,day_power_lead24,31.68360062526278,31.68360062526278,False,False,1.0,26.15418051743904,-0.055568993091583,108.05237960815,0.10332117741728723,2.688197816261478,5.446786449512896
YULARA_COMBINED,Ridge+day,test,528,day_power_lead25,31.684237779828884,31.684237779828884,False,False,1.0,26.154068567083442,-0.055568993091583,108.05237960815,0.10331926347850219,2.6881474550282274,5.363409511437459
YULARA_COMBINED,Ridge+day,test,529,day_power_lead26,31.684893509567424,31.684893509567424,False,False,1.0,26.153951828900762,-0.055568993091583,108.05237960815,0.10331575111393873,2.688094133105962,5.189644792521126
YULARA_COMBINED,Ridge+day,test,530,day_power_lead27,31.685578879382817,31.685578879382817,False,False,1.0,26.153839012700868,-0.055568993091583,108.05237960815,0.10331135550115847,2.688037388350724,5.516306100712346
YULARA_COMBINED,Ridge+day,test,531,day_power_lead28,31.68627912930729,31.68627912930729,False,False,1.0,26.153554914883017,-0.055568993091583,108.05237960815,0.1032997022015947,2.6879775799369163,5.806349252300281
YULARA_COMBINED,Ridge+day,test,532,day_power_lead29,31.68696632934961,31.68696632934961,False,False,1.0,26.153321227190105,-0.055568993091583,108.05237960815,0.10329006949379878,2.6879192678119113,5.368841870491348
YULARA_COMBINED,Ridge+day,test,533,day_power_lead30,31.687685348421205,31.687685348421205,False,False,1.0,26.15318784010278,-0.055568993091583,108.05237960815,0.10328129976640935,2.6878560601986266,5.259422151461074
YULARA_COMBINED,Ridge+day,test,534,day_power_lead31,31.68840410026209,31.68840410026209,False,False,1.0,26.1529955119804,-0.055568993091583,108.05237960815,0.10327145589623811,2.6877936627274814,5.293485973682839
YULARA_COMBINED,Ridge+day,test,535,day_power_lead32,31.68912980205275,31.68912980205275,False,False,1.0,26.15290737680616,-0.055568993091583,108.05237960815,0.10326301631646746,2.687728817142547,5.3231357289527885
YULARA_COMBINED,Ridge+day,test,536,day_power_lead33,31.68984785898018,31.68984785898018,False,False,1.0,26.15278085162502,-0.055568993091583,108.05237960815,0.10325447816653636,2.687665710463333,5.241362378961879
YULARA_COMBINED,Ridge+day,test,537,day_power_lead34,31.690566856741345,31.690566856741345,False,False,1.0,26.15264936820382,-0.055568993091583,108.05237960815,0.1032438797571995,2.6876006257307776,5.169297543487726
YULARA_COMBINED,Ridge+day,test,538,day_power_lead35,31.691259806873113,31.691259806873113,False,False,1.0,26.15246981048852,-0.055568993091583,108.05237960815,0.10323395839248084,2.6875398615582253,4.989699849939883
YULARA_COMBINED,Ridge+day,test,539,day_power_lead36,31.691941164469128,31.691941164469128,False,False,1.0,26.15216370172634,-0.055568993091583,108.05237960815,0.10321881789820485,2.687478818931044,4.828255074904855
YULARA_COMBINED,Ridge+day,test,540,day_power_lead37,31.692613183986925,31.692613183986925,False,False,1.0,26.15175836158365,-0.055568993091583,108.05237960815,0.10320189132692725,2.6874198846840556,4.972373979245411
YULARA_COMBINED,Ridge+day,test,541,day_power_lead38,31.693272351659434,31.693272351659434,False,False,1.0,26.151348731102043,-0.055568993091583,108.05237960815,0.10318322947771105,2.687360400212802,5.021629675557457
YULARA_COMBINED,Ridge+day,test,542,day_power_lead39,31.693896712926175,31.693896712926175,False,False,1.0,26.15102479982335,-0.055568993091583,108.05237960815,0.1031689365839014,2.687305420341787,5.044107546069745
YULARA_COMBINED,Ridge+day,test,543,day_power_lead40,31.694500464902134,31.694500464902134,False,False,1.0,26.1507748961042,-0.055568993091583,108.05237960815,0.10315569602841278,2.687250839056208,5.024989836381653
YULARA_COMBINED,Ridge+day,test,544,day_power_lead41,31.69504622245254,31.69504622245254,False,False,1.0,26.15052476014925,-0.055568993091583,108.05237960815,0.10314435887340913,2.6872028982795477,5.060329320285714
YULARA_COMBINED,Ridge+day,test,545,day_power_lead42,31.6955712405883,31.6955712405883,False,False,1.0,26.150021645004298,-0.055568993091583,108.05237960815,0.10312395927221886,2.687155568655686,5.04696300900055
YULARA_COMBINED,Ridge+day,test,546,day_power_lead43,31.69603744551843,31.69603744551843,False,False,1.0,26.14969011576417,-0.055568993091583,108.05237960815,0.1031107134112555,2.6871147749021103,5.048728067328835
YULARA_COMBINED,Ridge+day,test,547,day_power_lead44,31.696472915571576,31.696472915571576,False,False,1.0,26.149344131887958,-0.055568993091583,108.05237960815,0.10309573398727255,2.687075210013623,5.131682055075396
YULARA_COMBINED,Ridge+day,test,548,day_power_lead45,31.696852449844627,31.696852449844627,False,False,1.0,26.149058893844494,-0.055568993091583,108.05237960815,0.10308432945661555,2.687041864164671,5.215713987443442
YULARA_COMBINED,Ridge+day,test,549,day_power_lead46,31.69719673088295,31.69719673088295,False,False,1.0,26.148697486770192,-0.055568993091583,108.05237960815,0.1030685058659948,2.6870093766238208,5.153921313060219
YULARA_COMBINED,Ridge+day,test,550,day_power_lead47,31.69745170748632,31.69745170748632,False,False,1.0,26.14833708023852,-0.055568993091583,108.05237960815,0.10305425394851928,2.6869857095035834,5.129905871824659
YULARA_COMBINED,Ridge+day,test,551,day_power_lead48,31.69767172555828,31.69767172555828,False,False,1.0,26.14788606293304,-0.055568993091583,108.05237960815,0.10303605529292885,2.686963804130589,5.054467242408039
YULARA_COMBINED,Ridge+day,test,552,day_power_lead49,31.697803316877213,31.697803316877213,False,False,1.0,26.14747793444114,-0.055568993091583,108.05237960815,0.10302023424399981,2.686950131685799,5.059697181604371
YULARA_COMBINED,Ridge+day,test,553,day_power_lead50,31.697895314630802,31.697895314630802,False,False,1.0,26.14712727830889,-0.055568993091583,108.05237960815,0.10300588789360506,2.6869393483601773,5.056470156911286
YULARA_COMBINED,Ridge+day,test,554,day_power_lead51,31.697907470636153,31.697907470636153,False,False,1.0,26.146921992505284,-0.055568993091583,108.05237960815,0.10299703568901049,2.6869359815490523,5.126529137055265
YULARA_COMBINED,Ridge+day,test,555,day_power_lead52,31.697875940269313,31.697875940269313,False,False,1.0,26.146783029682126,-0.055568993091583,108.05237960815,0.1029895103000741,2.6869354104231213,5.102180374782806
YULARA_COMBINED,Ridge+day,test,556,day_power_lead53,31.697750583535587,31.697750583535587,False,False,1.0,26.14658583705054,-0.055568993091583,108.05237960815,0.10298008200170829,2.686942422018444,5.164119775053408
YULARA_COMBINED,Ridge+day,test,557,day_power_lead54,31.697590652416626,31.697590652416626,False,False,1.0,26.14629633541334,-0.055568993091583,108.05237960815,0.1029674537338782,2.686951964445961,5.132308785799273
YULARA_COMBINED,Ridge+day,test,558,day_power_lead55,31.697354577372053,31.697354577372053,False,False,1.0,26.145953789861256,-0.055568993091583,108.05237960815,0.10295377721383883,2.686968339639174,5.181118158942229
YULARA_COMBINED,Ridge+day,test,559,day_power_lead56,31.69708761783196,31.69708761783196,False,False,1.0,26.14561032989962,-0.055568993091583,108.05237960815,0.1029401071847453,2.686987268418945,5.179552346394829
YULARA_COMBINED,Ridge+day,test,560,day_power_lead57,31.69675964017284,31.69675964017284,False,False,1.0,26.14519311033344,-0.055568993091583,108.05237960815,0.10292561103995097,2.6870126731763104,5.1861864292800925
YULARA_COMBINED,Ridge+day,test,561,day_power_lead58,31.696410615371207,31.696410615371207,False,False,1.0,26.144514759327176,-0.055568993091583,108.05237960815,0.10290212504772837,2.687039043349182,5.137077103024995
YULARA_COMBINED,Ridge+day,test,562,day_power_lead59,31.696009292809546,31.696009292809546,False,False,1.0,26.14381902820635,-0.055568993091583,108.05237960815,0.10287886290134421,2.687070450658266,5.148809445116415
YULARA_COMBINED,Ridge+day,test,563,day_power_lead60,31.69558908638955,31.69558908638955,False,False,1.0,26.143057986210465,-0.055568993091583,108.05237960815,0.10285345810462833,2.6871033169315885,5.144651283333809
YULARA_COMBINED,Ridge+day,test,564,day_power_lead61,31.695135419466844,31.695135419466844,False,False,1.0,26.142272032757425,-0.055568993091583,108.05237960815,0.1028277619099478,2.687139407572903,5.12522917125109
YULARA_COMBINED,Ridge+day,test,565,day_power_lead62,31.694679932114735,31.694679932114735,False,False,1.0,26.141499446148277,-0.055568993091583,108.05237960815,0.1028024306162419,2.687175591583401,5.126450520570087
YULARA_COMBINED,Ridge+day,test,566,day_power_lead63,31.694213439793078,31.694213439793078,False,False,1.0,26.14078685480653,-0.055568993091583,108.05237960815,0.10277937787887736,2.687213060353575,5.104432421769956
YULARA_COMBINED,Ridge+day,test,567,day_power_lead64,31.693747539287884,31.693747539287884,False,False,1.0,26.14006837388406,-0.055568993091583,108.05237960815,0.1027563500090212,2.687250693340514,5.136814182474557
YULARA_COMBINED,Ridge+day,test,568,day_power_lead65,31.69328662622432,31.69328662622432,False,False,1.0,26.139421362525436,-0.055568993091583,108.05237960815,0.10273598160121822,2.6872883258142806,5.121560861688662
YULARA_COMBINED,Ridge+day,test,569,day_power_lead66,31.692824118190522,31.692824118190522,False,False,1.0,26.138766257888786,-0.055568993091583,108.05237960815,0.10271572993154059,2.687326462152334,5.1155269340323075
YULARA_COMBINED,Ridge+day,test,570,day_power_lead67,31.692368929759294,31.692368929759294,False,False,1.0,26.13794736070577,-0.055568993091583,108.05237960815,0.1026910183705873,2.687364711555011,5.128078775672046
YULARA_COMBINED,Ridge+day,test,571,day_power_lead68,31.691923530903313,31.691923530903313,False,False,1.0,26.137163078523166,-0.055568993091583,108.05237960815,0.10266758630604719,2.6874023516083163,5.146899254356204
YULARA_COMBINED,Ridge+day,test,572,day_power_lead69,31.691496836444866,31.691496836444866,False,False,1.0,26.136304120802137,-0.055568993091583,108.05237960815,0.10264247736834713,2.6874391472796684,5.17998415752773
YULARA_COMBINED,Ridge+day,test,573,day_power_lead70,31.691074443226505,31.691074443226505,False,False,1.0,26.135253626183204,-0.055568993091583,108.05237960815,0.10261165878617917,2.6874759280213096,5.184912064839328
YULARA_COMBINED,Ridge+day,test,574,day_power_lead71,31.69068123752747,31.69068123752747,False,False,1.0,26.13422609963666,-0.055568993091583,108.05237960815,0.10258211003460621,2.687510874882599,5.199786916122581
YULARA_COMBINED,Ridge+day,test,575,day_power_lead72,31.69030370783831,31.69030370783831,False,False,1.0,26.133149826354984,-0.055568993091583,108.05237960815,0.102551151238481,2.687544672822594,5.17655862355416
YULARA_COMBINED,Ridge+day,test,576,day_power_lead73,31.689966638603362,31.689966638603362,False,False,1.0,26.132045735698203,-0.055568993091583,108.05237960815,0.1025198008092726,2.687575657973223,5.1926291936866456
YULARA_COMBINED,Ridge+day,test,577,day_power_lead74,31.689647183203373,31.689647183203373,False,False,1.0,26.1308424061569,-0.055568993091583,108.05237960815,0.10248542037675629,2.6876053091653698,5.219830076778377
YULARA_COMBINED,Ridge+day,test,578,day_power_lead75,31.68938237576147,31.68938237576147,False,False,1.0,26.129570863511745,-0.055568993091583,108.05237960815,0.10244892010234624,2.6876305362419926,5.20368606094013
YULARA_COMBINED,Ridge+day,test,579,day_power_lead76,31.689129382842257,31.689129382842257,False,False,1.0,26.1284508118564,-0.055568993091583,108.05237960815,0.10241727539579853,2.687654875537961,5.211899565241973
YULARA_COMBINED,Ridge+day,test,580,day_power_lead77,31.688926174009126,31.688926174009126,False,False,1.0,26.127117241381054,-0.055568993091583,108.05237960815,0.10237857207616326,2.6876748335178986,5.21328256778641
YULARA_COMBINED,Ridge+day,test,581,day_power_lead78,31.68873157018336,31.68873157018336,False,False,1.0,26.12539441391174,-0.055568993091583,108.05237960815,0.10232709631734771,2.687693601530362,5.20762645067154
YULARA_COMBINED,Ridge+day,test,582,day_power_lead79,31.688587707559222,31.688587707559222,False,False,1.0,26.12363568319554,-0.055568993091583,108.05237960815,0.10227367046846111,2.6877074133995347,5.219528132533411
YULARA_COMBINED,Ridge+day,test,583,day_power_lead80,31.688453602332416,31.688453602332416,False,False,1.0,26.122078043893005,-0.055568993091583,108.05237960815,0.10222594496168479,2.687719784213801,5.2358908726346005
YULARA_COMBINED,Ridge+day,test,584,day_power_lead81,31.688328418691977,31.688328418691977,False,False,1.0,26.12058396033384,-0.055568993091583,108.05237960815,0.10217994327667516,2.6877311457656994,5.244166977464329
YULARA_COMBINED,Ridge+day,test,585,day_power_lead82,31.688201966362378,31.688201966362378,False,False,1.0,26.11945651116903,-0.055568993091583,108.05237960815,0.1021445850487269,2.6877416846870816,5.2422053241762985
YULARA_COMBINED,Ridge+day,test,586,day_power_lead83,31.68812375649358,31.68812375649358,False,False,1.0,26.118499450994523,-0.055568993091583,108.05237960815,0.1021132554780755,2.6877469391500366,5.257886098287978
YULARA_COMBINED,Ridge+day,test,587,day_power_lead84,31.688022501581038,31.688022501581038,False,False,1.0,26.117798065258356,-0.055568993091583,108.05237960815,0.10208884983696387,2.6877529296577736,5.263222703150981
YULARA_COMBINED,Ridge+day,test,588,day_power_lead85,31.687960639010903,31.687960639010903,False,False,1.0,26.117268651773603,-0.055568993091583,108.05237960815,0.10206857218337696,2.687754406932441,5.26689763086586
YULARA_COMBINED,Ridge+day,test,589,day_power_lead86,31.68789502999999,31.68789502999999,False,False,1.0,26.11682116714209,-0.055568993091583,108.05237960815,0.10204952647214838,2.6877548364473545,5.259558220493215
YULARA_COMBINED,Ridge+day,test,590,day_power_lead87,31.687880560932214,31.687880560932214,False,False,1.0,26.116353716695425,-0.055568993091583,108.05237960815,0.10202837485698009,2.6877496172070594,5.261979845398072
YULARA_COMBINED,Ridge+day,test,591,day_power_lead88,31.68786185840902,31.68786185840902,False,False,1.0,26.11592021861374,-0.055568993091583,108.05237960815,0.10200669154408828,2.687743140271782,5.298519921110608
YULARA_COMBINED,Ridge+day,test,592,day_power_lead89,31.687868310158077,31.687868310158077,False,False,1.0,26.11549273823628,-0.055568993091583,108.05237960815,0.1019841693024651,2.6877335819143413,5.320109998258141
YULARA_COMBINED,Ridge+day,test,593,day_power_lead90,31.687862647197328,31.687862647197328,False,False,1.0,26.11484574134531,-0.055568993091583,108.05237960815,0.10195256929265986,2.6877228618198448,5.309413315249462
YULARA_COMBINED,Ridge+day,test,594,day_power_lead91,31.687922682497096,31.687922682497096,False,False,1.0,26.114063710491283,-0.055568993091583,108.05237960815,0.10191478674051688,2.687704859464898,5.316136049216449
YULARA_COMBINED,Ridge+day,test,595,day_power_lead92,31.687984572412486,31.687984572412486,False,False,1.0,26.113287670176106,-0.055568993091583,108.05237960815,0.10187569891905333,2.687685211377285,5.324998124470462
YULARA_COMBINED,Ridge+day,test,596,day_power_lead93,31.688086854293797,31.688086854293797,False,False,1.0,26.112650830331884,-0.055568993091583,108.05237960815,0.10183982756796667,2.6876610907634486,5.315471256876817
YULARA_COMBINED,Ridge+day,test,597,day_power_lead94,31.688213655614447,31.688213655614447,False,False,1.0,26.111894343767876,-0.055568993091583,108.05237960815,0.10179846557490105,2.687633254335993,5.314333503360972
YULARA_COMBINED,Ridge+day,test,598,day_power_lead95,31.688395088577828,31.688395088577828,False,False,1.0,26.111005227144197,-0.055568993091583,108.05237960815,0.10175156907921222,2.687599610671631,5.268830013393105
YULARA_COMBINED,Ridge+day,test,599,day_power_lead96,31.68859472153998,31.68859472153998,False,False,1.0,26.110102805085365,-0.055568993091583,108.05237960815,0.10170263856813905,2.6875628675597785,5.262827124030021
YULARA_COMBINED,Ridge+day,test,600,day_power_lead97,31.688810933900573,31.688810933900573,False,False,1.0,26.109057507996255,-0.055568993091583,108.05237960815,0.10164861138810675,2.687524183402426,5.2647703138894455
YULARA_COMBINED,Ridge+day,test,601,day_power_lead98,31.68906956620248,31.68906956620248,False,False,1.0,26.108226294776927,-0.055568993091583,108.05237960815,0.1015995158801726,2.6874802133926496,5.302800688905043
YULARA_COMBINED,Ridge+day,test,602,day_power_lead99,31.689359244649854,31.689359244649854,False,False,1.0,26.107083133740925,-0.055568993091583,108.05237960815,0.10153972434499436,2.687432857802528,5.307832981234077
YULARA_COMBINED,Ridge+day,test,603,day_power_lead100,31.6896763211493,31.6896763211493,False,False,1.0,26.104732087617215,-0.055568993091583,108.05237960815,0.10144033877632097,2.687381788290021,5.32116202087789
YULARA_COMBINED,Ridge+day,test,604,day_power_lead101,31.690023067596186,31.690023067596186,False,False,1.0,26.102944316016835,-0.055568993091583,108.05237960815,0.10135799672250491,2.687327565672691,5.2812138266939215
YULARA_COMBINED,Ridge+day,test,605,day_power_lead102,31.690414243595264,31.690414243595264,False,False,1.0,26.102298470324804,-0.055568993091583,108.05237960815,0.101309928412534,2.6872679568528715,5.2805197005579085
YULARA_COMBINED,Ridge+day,test,606,day_power_lead103,31.690891570953724,31.690891570953724,False,False,1.0,26.10177530156642,-0.055568993091583,108.05237960815,0.10126390878305247,2.6871994960826973,5.257964680682823
YULARA_COMBINED,Ridge+day,test,607,day_power_lead104,31.691403629690814,31.691403629690814,False,False,1.0,26.101455689343254,-0.055568993091583,108.05237960815,0.10122293141223891,2.6871268211985893,5.243600060471412
YULARA_COMBINED,Ridge+day,test,608,day_power_lead105,31.691958093010346,31.691958093010346,False,False,1.0,26.101236193233508,-0.055568993091583,108.05237960815,0.10118399225494655,2.687049566556296,5.236101502208827
YULARA_COMBINED,Ridge+day,test,609,day_power_lead106,31.69256576879787,31.69256576879787,False,False,1.0,26.100905382657672,-0.055568993091583,108.05237960815,0.10113987841838538,2.6869663092394465,5.20406800409261
YULARA_COMBINED,Ridge+day,test,610,day_power_lead107,31.69322077684165,31.69322077684165,False,False,1.0,26.100625665997512,-0.055568993091583,108.05237960815,0.10109636736404676,2.6868781823203522,5.208156564659923
YULARA_COMBINED,Ridge+day,test,611,day_power_lead108,31.693924003421575,31.693924003421575,False,False,1.0,26.100414887516884,-0.055568993091583,108.05237960815,0.10105351297387258,2.6867846048950197,5.189058318306058
YULARA_COMBINED,Ridge+day,test,612,day_power_lead109,31.694638933064976,31.694638933064976,False,False,1.0,26.100294621445734,-0.055568993091583,108.05237960815,0.10101309600562612,2.686689656630803,5.209932506300259
YULARA_COMBINED,Ridge+day,test,613,day_power_lead110,31.69540653138163,31.69540653138163,False,False,1.0,26.100283779735726,-0.055568993091583,108.05237960815,0.10097463640474082,2.686588919259056,5.179134231269967
YULARA_COMBINED,Ridge+day,test,614,day_power_lead111,31.69625107279429,31.69625107279429,False,False,1.0,26.100232607168216,-0.055568993091583,108.05237960815,0.10093332853252147,2.6864803325857367,5.160846232637041
YULARA_COMBINED,Ridge+day,test,615,day_power_lead112,31.69715369649487,31.69715369649487,False,False,1.0,26.100138691140756,-0.055568993091583,108.05237960815,0.10088909507948214,2.6863654347443804,5.1618673359637945
YULARA_COMBINED,Ridge+day,test,616,day_power_lead113,31.698073734678566,31.698073734678566,False,False,1.0,26.099828537832792,-0.055568993091583,108.05237960815,0.10083726596613725,2.686248346660888,5.158793539840951
YULARA_COMBINED,Ridge+day,test,617,day_power_lead114,31.69903250812535,31.69903250812535,False,False,1.0,26.09950951114114,-0.055568993091583,108.05237960815,0.10078404639500903,2.686126992619063,5.143622557167046
YULARA_COMBINED,Ridge+day,test,618,day_power_lead115,31.700022203871207,31.700022203871207,False,False,1.0,26.099160052222416,-0.055568993091583,108.05237960815,0.10072909419087764,2.686002348224102,5.132292928897079
YULARA_COMBINED,Ridge+day,test,619,day_power_lead116,31.70106028449321,31.70106028449321,False,False,1.0,26.09896722467378,-0.055568993091583,108.05237960815,0.10067776851473474,2.6858724480619136,5.127293317936469
YULARA_COMBINED,Ridge+day,test,620,day_power_lead117,31.702142813314445,31.702142813314445,False,False,1.0,26.098833058141352,-0.055568993091583,108.05237960815,0.10062707340541203,2.685737708753044,5.1278640454730136
YULARA_COMBINED,Ridge+day,test,621,day_power_lead118,31.703247851417565,31.703247851417565,False,False,1.0,26.09886196956881,-0.055568993091583,108.05237960815,0.10058083151394762,2.6856004491464915,5.10887923662892
YULARA_COMBINED,Ridge+day,test,622,day_power_lead119,31.704359130334254,31.704359130334254,False,False,1.0,26.098930455764858,-0.055568993091583,108.05237960815,0.10053539468669058,2.685462243877385,5.127466999940977
YULARA_COMBINED,Ridge+day,test,623,day_power_lead120,31.705519770748275,31.705519770748275,False,False,1.0,26.09878809370314,-0.055568993091583,108.05237960815,0.10048212818228136,2.685318841380019,5.09034614475232
YULARA_COMBINED,Ridge+day,test,624,day_power_lead121,31.70679087139856,31.70679087139856,False,False,1.0,26.098804050965946,-0.055568993091583,108.05237960815,0.10043096395792739,2.685163549781084,5.066711265676208
YULARA_COMBINED,Ridge+day,test,625,day_power_lead122,31.708054811066685,31.708054811066685,False,False,1.0,26.09888112055008,-0.055568993091583,108.05237960815,0.10038194812623762,2.685009071294849,5.035435900634932
YULARA_COMBINED,Ridge+day,test,626,day_power_lead123,31.709292421170748,31.709292421170748,False,False,1.0,26.099075901879495,-0.055568993091583,108.05237960815,0.10033664816447554,2.684856750907427,4.995935824342769
YULARA_COMBINED,Ridge+day,test,627,day_power_lead124,31.710564537423082,31.710564537423082,False,False,1.0,26.09922648480973,-0.055568993091583,108.05237960815,0.100288959286937,2.684700631511303,4.966680337606451
YULARA_COMBINED,Ridge+day,test,628,day_power_lead125,31.71183623090889,31.71183623090889,False,False,1.0,26.099404513484174,-0.055568993091583,108.05237960815,0.1002415756355747,2.6845439950201677,4.975281800425786
YULARA_COMBINED,Ridge+day,test,629,day_power_lead126,31.713116928041018,31.713116928041018,False,False,1.0,26.099718461878364,-0.055568993091583,108.05237960815,0.10019802133954377,2.684386177055275,4.98501059109136
YULARA_COMBINED,Ridge+day,test,630,day_power_lead127,31.71446455295518,31.71446455295518,False,False,1.0,26.100023486078562,-0.055568993091583,108.05237960815,0.10015235430376751,2.6842210837389318,4.992728883242409
YULARA_COMBINED,Ridge+day,test,631,day_power_lead128,31.71581267262635,31.71581267262635,False,False,1.0,26.10043398665539,-0.055568993091583,108.05237960815,0.10010968394498479,2.6840556312681842,4.99055738290991
YULARA_COMBINED,Ridge+day,test,632,day_power_lead129,31.717187258794592,31.717187258794592,False,False,1.0,26.100698385946203,-0.055568993091583,108.05237960815,0.1000613267536322,2.683886952699707,5.016081085089509
YULARA_COMBINED,Ridge+day,test,633,day_power_lead130,31.718563496384686,31.718563496384686,False,False,1.0,26.10087603095702,-0.055568993091583,108.05237960815,0.10000983902522517,2.6837177546290927,4.956345438689712
YULARA_COMBINED,Ridge+day,test,634,day_power_lead131,31.719929279882493,31.719929279882493,False,False,1.0,26.101249955372527,-0.055568993091583,108.05237960815,0.09996398606002514,2.6835488651332824,4.8683598493511155
YULARA_COMBINED,Ridge+day,test,635,day_power_lead132,31.721309908470953,31.721309908470953,False,False,1.0,26.101828829228673,-0.055568993091583,108.05237960815,0.09992393974716986,2.6833781229250535,4.784551202606596
YULARA_COMBINED,Ridge+day,test,636,day_power_lead133,31.722709120928823,31.722709120928823,False,False,1.0,26.102511967991703,-0.055568993091583,108.05237960815,0.09988602648315706,2.6832047250142503,4.8513410220501045
YULARA_COMBINED,Ridge+day,test,637,day_power_lead134,31.72412410720068,31.72412410720068,False,False,1.0,26.10315471590193,-0.055568993091583,108.05237960815,0.09984610815114978,2.6830293227713256,4.93013859172895
YULARA_COMBINED,Ridge+day,test,638,day_power_lead135,31.72551346556895,31.72551346556895,False,False,1.0,26.103480805274557,-0.055568993091583,108.05237960815,0.09979573277060842,2.6828555433490218,5.010645014166916
YULARA_COMBINED,Ridge+day,test,639,day_power_lead136,31.726914249614275,31.726914249614275,False,False,1.0,26.10380592669638,-0.055568993091583,108.05237960815,0.09974467440155294,2.6826801920732697,5.185246812681057
YULARA_COMBINED,Ridge+day,test,640,day_power_lead137,31.7282739255101,31.7282739255101,False,False,1.0,26.104092418587978,-0.055568993091583,108.05237960815,0.0996921210752912,2.6825079206979154,5.3072330444084646
YULARA_COMBINED,Ridge+day,test,641,day_power_lead138,31.72962176036484,31.72962176036484,False,False,1.0,26.104366059801162,-0.055568993091583,108.05237960815,0.09963904087878267,2.6823365015435825,5.627975156154017
YULARA_COMBINED,Ridge+day,test,642,day_power_lead139,31.73092483665749,31.73092483665749,False,False,1.0,26.104783806161933,-0.055568993091583,108.05237960815,0.09959015677837443,2.6821683899635995,5.898873928202689
YULARA_COMBINED,Ridge+day,test,643,day_power_lead140,31.732247885683808,31.732247885683808,False,False,1.0,26.105321435904855,-0.055568993091583,108.05237960815,0.09954414813886352,2.681997760232826,6.343888740473676
YULARA_COMBINED,Ridge+day,test,644,day_power_lead141,31.733547427080723,31.733547427080723,False,False,1.0,26.10612496108038,-0.055568993091583,108.05237960815,0.09950577368192612,2.6818283090168338,6.946931599771429
YULARA_COMBINED,Ridge+day,test,645,day_power_lead142,31.734825672412217,31.734825672412217,False,False,1.0,26.107001433846936,-0.055568993091583,108.05237960815,0.09946960544285349,2.6816605089063628,7.876548402927443
YULARA_COMBINED,Ridge+day,test,646,day_power_lead143,31.73603486035941,31.73603486035941,False,False,1.0,26.108173394645725,-0.055568993091583,108.05237960815,0.09944263516008911,2.6814982250932378,9.0148722180678
YULARA_COMBINED,Ridge+day,test,647,day_power_lead144,31.73722056312108,31.73722056312108,False,False,1.0,26.10937284329493,-0.055568993091583,108.05237960815,0.09941649369477473,2.6813378248926787,14.023741676492207
YULARA_COMBINED,Ridge+day,test,648,day_missing_lead1,0.056113205593701664,0.056113205593701664,False,False,0.003158669032062654,0.0,0.0,0.0,-0.05629101026474227,0.05629101026474227,2.9527657663310873
YULARA_COMBINED,Ridge+day,test,649,day_missing_lead2,0.055985351687764126,0.055985351687764126,False,False,0.0031442458857975277,0.0,0.0,0.0,-0.05616193863232832,0.05616193863232832,1.9318447718022227
YULARA_COMBINED,Ridge+day,test,650,day_missing_lead3,0.05585720140824258,0.05585720140824258,False,False,0.0031298227395324014,0.0,0.0,0.0,-0.056032573430550486,0.05603257343055051,1.3830263954357813
YULARA_COMBINED,Ridge+day,test,651,day_missing_lead4,0.05572875271031814,0.05572875271031814,False,False,0.003115399593267275,0.0,0.0,0.0,-0.055902912621449405,0.055902912621449384,1.1922365561512733
YULARA_COMBINED,Ridge+day,test,652,day_missing_lead5,0.055600003526001286,0.055600003526001286,False,False,0.003100976447002149,0.0,0.0,0.0,-0.05577295414292518,0.05577295414292519,1.1078184510971039
YULARA_COMBINED,Ridge+day,test,653,day_missing_lead6,0.05547095176273261,0.05547095176273261,False,False,0.0030865533007370227,0.0,0.0,0.0,-0.055642695909369294,0.05564269590936928,1.045771350370279
YULARA_COMBINED,Ridge+day,test,654,day_missing_lead7,0.05534159530400433,0.05534159530400433,False,False,0.0030721301544718964,0.0,0.0,0.0,-0.05551213581025206,0.05551213581025207,1.009053258072666
YULARA_COMBINED,Ridge+day,test,655,day_missing_lead8,0.055211932007940584,0.055211932007940584,False,False,0.00305770700820677,0.0,0.0,0.0,-0.055381271710742,0.05538127171074199,1.0225664736685371
YULARA_COMBINED,Ridge+day,test,656,day_missing_lead9,0.05508195970790692,0.05508195970790692,False,False,0.003043283861941644,0.0,0.0,0.0,-0.055250101450271864,0.05525010145027185,1.0515078674624396
YULARA_COMBINED,Ridge+day,test,657,day_missing_lead10,0.05495167621132464,0.05495167621132464,False,False,0.0030288607156765176,0.0,0.0,0.0,-0.05511862284288825,0.05511862284288826,1.0609549425620852
YULARA_COMBINED,Ridge+day,test,658,day_missing_lead11,0.05482107929949787,0.05482107929949787,False,False,0.0030144375694113913,0.0,0.0,0.0,-0.05498683367656721,0.05498683367656721,1.0624502275646124
YULARA_COMBINED,Ridge+day,test,659,day_missing_lead12,0.054690166726916005,0.054690166726916005,False,False,0.003000014423146265,0.0,0.0,0.0,-0.05485473171303745,0.05485473171303745,1.055459223863232
YULARA_COMBINED,Ridge+day,test,660,day_missing_lead13,0.05455893622132238,0.05455893622132238,False,False,0.002985591276881139,0.0,0.0,0.0,-0.054722314686816216,0.054722314686816216,1.0639237186656214
YULARA_COMBINED,Ridge+day,test,661,day_missing_lead14,0.054427385483261696,0.054427385483261696,False,False,0.0029711681306160125,0.0,0.0,0.0,-0.05458958030474839,0.05458958030474841,1.0579360062682952
YULARA_COMBINED,Ridge+day,test,662,day_missing_lead15,0.054295512185093125,0.054295512185093125,False,False,0.0029567449843508863,0.0,0.0,0.0,-0.05445652624606168,0.05445652624606169,1.0619093356554963
YULARA_COMBINED,Ridge+day,test,663,day_missing_lead16,0.054163313970771614,0.054163313970771614,False,False,0.00294232183808576,0.0,0.0,0.0,-0.05432315016163039,0.0543231501616304,1.0629981180523618
YULARA_COMBINED,Ridge+day,test,664,day_missing_lead17,0.05403078845509877,0.05403078845509877,False,False,0.0029278986918206337,0.0,0.0,0.0,-0.054189449673750494,0.054189449673750494,1.0883715939702794
YULARA_COMBINED,Ridge+day,test,665,day_missing_lead18,0.05389793322374528,0.05389793322374528,False,False,0.0029134755455555075,0.0,0.0,0.0,-0.05405542237511894,0.05405542237511895,1.0655345463738213
YULARA_COMBINED,Ridge+day,test,666,day_missing_lead19,0.05376474583300941,0.05376474583300941,False,False,0.002899052399290381,0.0,0.0,0.0,-0.05392106582805566,0.053921065828055656,1.0451528718571557
YULARA_COMBINED,Ridge+day,test,667,day_missing_lead20,0.05363122380745204,0.05363122380745204,False,False,0.002884629253025255,0.0,0.0,0.0,-0.05378637756583204,0.05378637756583202,1.0316198031217072
YULARA_COMBINED,Ridge+day,test,668,day_missing_lead21,0.0534973646422608,0.0534973646422608,False,False,0.0028702061067601287,0.0,0.0,0.0,-0.05365135508923333,0.053651355089233306,1.0071127819574746
YULARA_COMBINED,Ridge+day,test,669,day_missing_lead22,0.053363165799805025,0.053363165799805025,False,False,0.0028557829604950024,0.0,0.0,0.0,-0.053515995868922674,0.053515995868922694,0.9742760296535004
YULARA_COMBINED,Ridge+day,test,670,day_missing_lead23,0.05322862471119002,0.05322862471119002,False,False,0.002841359814229876,0.0,0.0,0.0,-0.053380297342766954,0.053380297342766954,0.9491451588910317
YULARA_COMBINED,Ridge+day,test,671,day_missing_lead24,0.05309373877436405,0.05309373877436405,False,False,0.00282693666796475,0.0,0.0,0.0,-0.05324425691659365,0.05324425691659366,0.9308364033359863
YULARA_COMBINED,Ridge+day,test,672,day_missing_lead25,0.05295850535459667,0.05295850535459667,False,False,0.0028125135216996236,0.0,0.0,0.0,-0.053107871962544066,0.05310787196254405,0.9255484853644035
YULARA_COMBINED,Ridge+day,test,673,day_missing_lead26,0.05282292178281827,0.05282292178281827,False,False,0.0027980903754344973,0.0,0.0,0.0,-0.052971139819543905,0.05297113981954389,0.928150470670051
YULARA_COMBINED,Ridge+day,test,674,day_missing_lead27,0.052686985356345445,0.052686985356345445,False,False,0.002783667229169371,0.0,0.0,0.0,-0.05283405779135387,0.05283405779135388,0.9387829247672119
YULARA_COMBINED,Ridge+day,test,675,day_missing_lead28,0.0525506933361101,0.0525506933361101,False,False,0.002769244082904245,0.0,0.0,0.0,-0.05269662314809775,0.05269662314809773,0.9260900339638972
YULARA_COMBINED,Ridge+day,test,676,day_missing_lead29,0.05241404294897618,0.05241404294897618,False,False,0.0027548209366391185,0.0,0.0,0.0,-0.05255883312265896,0.05255883312265896,0.9280660443246246
YULARA_COMBINED,Ridge+day,test,677,day_missing_lead30,0.052277031384125074,0.052277031384125074,False,False,0.0027403977903739923,0.0,0.0,0.0,-0.05242068491299538,0.0524206849129954,0.9301916187207915
YULARA_COMBINED,Ridge+day,test,678,day_missing_lead31,0.05213965579426954,0.05213965579426954,False,False,0.002725974644108866,0.0,0.0,0.0,-0.05228217567958068,0.05228217567958066,0.9306640606897387
YULARA_COMBINED,Ridge+day,test,679,day_missing_lead32,0.052001913294702946,0.052001913294702946,False,False,0.0027115514978437397,0.0,0.0,0.0,-0.052143302544984345,0.05214330254498435,0.9198678673361597
YULARA_COMBINED,Ridge+day,test,680,day_missing_lead33,0.05186380096205336,0.05186380096205336,False,False,0.0026971283515786135,0.0,0.0,0.0,-0.05200406259371527,0.052004062593715275,0.8913498001901129
YULARA_COMBINED,Ridge+day,test,681,day_missing_lead34,0.051725315833560576,0.051725315833560576,False,False,0.002682705205313487,0.0,0.0,0.0,-0.051864452871506414,0.05186445287150642,0.8339605252926813
YULARA_COMBINED,Ridge+day,test,682,day_missing_lead35,0.05158645490716022,0.05158645490716022,False,False,0.002668282059048361,0.0,0.0,0.0,-0.051724470383755744,0.051724470383755765,0.8167631009039257
YULARA_COMBINED,Ridge+day,test,683,day_missing_lead36,0.05144721513990982,0.05144721513990982,False,False,0.0026538589127832347,0.0,0.0,0.0,-0.05158411209559374,0.05158411209559373,0.8037151557903739
YULARA_COMBINED,Ridge+day,test,684,day_missing_lead37,0.05130759344721089,0.05130759344721089,False,False,0.0026394357665181084,0.0,0.0,0.0,-0.051443374931115386,0.05144337493111538,0.7727089369122008
YULARA_COMBINED,Ridge+day,test,685,day_missing_lead38,0.051167586702844985,0.051167586702844985,False,False,0.002625012620252982,0.0,0.0,0.0,-0.051302255771758495,0.05130225577175849,0.7633889445477725
YULARA_COMBINED,Ridge+day,test,686,day_missing_lead39,0.051027191737335935,0.051027191737335935,False,False,0.002610589473987856,0.0,0.0,0.0,-0.05116075145632051,0.05116075145632052,0.7524388658406561
YULARA_COMBINED,Ridge+day,test,687,day_missing_lead40,0.05088640533711285,0.05088640533711285,False,False,0.0025961663277227296,0.0,0.0,0.0,-0.051018858780132265,0.05101885878013227,0.7069522897055784
YULARA_COMBINED,Ridge+day,test,688,day_missing_lead41,0.05074522424421342,0.05074522424421342,False,False,0.0025817431814576033,0.0,0.0,0.0,-0.05087657449364814,0.05087657449364814,0.6974536102178109
YULARA_COMBINED,Ridge+day,test,689,day_missing_lead42,0.05060364515569191,0.05060364515569191,False,False,0.002567320035192477,0.0,0.0,0.0,-0.05073389530128946,0.05073389530128946,0.6780667610992909
YULARA_COMBINED,Ridge+day,test,690,day_missing_lead43,0.0504616647207655,0.0504616647207655,False,False,0.002552896888927351,0.0,0.0,0.0,-0.05059081786251114,0.05059081786251113,0.6630523687455457
YULARA_COMBINED,Ridge+day,test,691,day_missing_lead44,0.050319279542972856,0.050319279542972856,False,False,0.0025384737426622245,0.0,0.0,0.0,-0.05044733878779718,0.0504473387877972,0.6025387721874619
YULARA_COMBINED,Ridge+day,test,692,day_missing_lead45,0.05017648617614797,0.05017648617614797,False,False,0.0025240505963970983,0.0,0.0,0.0,-0.05030345464081018,0.05030345464081017,0.5936237649109545
YULARA_COMBINED,Ridge+day,test,693,day_missing_lead46,0.050033281125699464,0.050033281125699464,False,False,0.0025096274501319716,0.0,0.0,0.0,-0.05015916193517255,0.050159161935172544,0.5915441659549693
YULARA_COMBINED,Ridge+day,test,694,day_missing_lead47,0.049889660846209605,0.049889660846209605,False,False,0.0024952043038668453,0.0,0.0,0.0,-0.05001445713488792,0.0500144571348879,0.5889652982982695
YULARA_COMBINED,Ridge+day,test,695,day_missing_lead48,0.04974562174154788,0.04974562174154788,False,False,0.002480781157601719,0.0,0.0,0.0,-0.049869336652189296,0.04986933665218931,0.580350398639065
YULARA_COMBINED,Ridge+day,test,696,day_missing_lead49,0.049601160162690894,0.049601160162690894,False,False,0.0024663580113365928,0.0,0.0,0.0,-0.049723796847633873,0.04972379684763388,0.5789655821886067
YULARA_COMBINED,Ridge+day,test,697,day_missing_lead50,0.049456272408075964,0.049456272408075964,False,False,0.0024519348650714665,0.0,0.0,0.0,-0.04957783402760208,0.04957783402760208,0.5582106693153744
YULARA_COMBINED,Ridge+day,test,698,day_missing_lead51,0.04931095472021205,0.04931095472021205,False,False,0.0024375117188063402,0.0,0.0,0.0,-0.04943144444549215,0.04943144444549214,0.5545032356330316
YULARA_COMBINED,Ridge+day,test,699,day_missing_lead52,0.04916520328770049,0.04916520328770049,False,False,0.002423088572541214,0.0,0.0,0.0,-0.04928462429743253,0.04928462429743254,0.5424458991310955
YULARA_COMBINED,Ridge+day,test,700,day_missing_lead53,0.0490190142409194,0.0490190142409194,False,False,0.0024086654262760877,0.0,0.0,0.0,-0.04913736972428582,0.049137369724285805,0.5404414064965803
YULARA_COMBINED,Ridge+day,test,701,day_missing_lead54,0.048872383652840586,0.048872383652840586,False,False,0.0023942422800109615,0.0,0.0,0.0,-0.048989676808444384,0.0489896768084444,0.5341821741667799
YULARA_COMBINED,Ridge+day,test,702,day_missing_lead55,0.04872530753752312,0.04872530753752312,False,False,0.002379819133745835,0.0,0.0,0.0,-0.04884154157289101,0.048841541572891015,0.5302802434521086
YULARA_COMBINED,Ridge+day,test,703,day_missing_lead56,0.04857778184827655,0.04857778184827655,False,False,0.002365395987480709,0.0,0.0,0.0,-0.04869295998052304,0.04869295998052305,0.5251816778241383
YULARA_COMBINED,Ridge+day,test,704,day_missing_lead57,0.04842980247665779,0.04842980247665779,False,False,0.0023509728412155827,0.0,0.0,0.0,-0.04854392793257222,0.04854392793257221,0.5186150638791338
YULARA_COMBINED,Ridge+day,test,705,day_missing_lead58,0.048281365250848605,0.048281365250848605,False,False,0.0023365496949504564,0.0,0.0,0.0,-0.048394441267573494,0.04839444126757349,0.521611020095381
YULARA_COMBINED,Ridge+day,test,706,day_missing_lead59,0.04813246593487661,0.04813246593487661,False,False,0.00232212654868533,0.0,0.0,0.0,-0.048244495759414766,0.04824449575941476,0.5238945517582257
YULARA_COMBINED,Ridge+day,test,707,day_missing_lead60,0.04798310022721582,0.04798310022721582,False,False,0.002307703402420204,0.0,0.0,0.0,-0.048094087115931786,0.04809408711593178,0.527252347373339
YULARA_COMBINED,Ridge+day,test,708,day_missing_lead61,0.04783326375875681,0.04783326375875681,False,False,0.0022932802561550776,0.0,0.0,0.0,-0.047943210978056,0.047943210978056,0.5222053734805372
YULARA_COMBINED,Ridge+day,test,709,day_missing_lead62,0.04768295209161611,0.04768295209161611,False,False,0.0022788571098899513,0.0,0.0,0.0,-0.047791862918039274,0.047791862918039274,0.5574793107622592
YULARA_COMBINED,Ridge+day,test,710,day_missing_lead63,0.04753216071731155,0.04753216071731155,False,False,0.002264433963624825,0.0,0.0,0.0,-0.04764003843822952,0.04764003843822951,0.5611745375937309
YULARA_COMBINED,Ridge+day,test,711,day_missing_lead64,0.047380885055787594,0.047380885055787594,False,False,0.002250010817359699,0.0,0.0,0.0,-0.04748773296890662,0.047487732968906606,0.6014049253809474
YULARA_COMBINED,Ridge+day,test,712,day_missing_lead65,0.047229120454104496,0.047229120454104496,False,False,0.0022355876710945725,0.0,0.0,0.0,-0.0473349418663647,0.04733494186636471,0.6116164682997489
YULARA_COMBINED,Ridge+day,test,713,day_missing_lead66,0.04707686218298006,0.04707686218298006,False,False,0.0022211645248294463,0.0,0.0,0.0,-0.04718166041305265,0.04718166041305266,0.6118232586351059
YULARA_COMBINED,Ridge+day,test,714,day_missing_lead67,0.046924105436872345,0.046924105436872345,False,False,0.00220674137856432,0.0,0.0,0.0,-0.04702788381406822,0.04702788381406823,0.589780165154629
YULARA_COMBINED,Ridge+day,test,715,day_missing_lead68,0.04677084533192564,0.04677084533192564,False,False,0.0021923182322991937,0.0,0.0,0.0,-0.046873607195692994,0.046873607195692994,0.5775022249011876
YULARA_COMBINED,Ridge+day,test,716,day_missing_lead69,0.04661707690355439,0.04661707690355439,False,False,0.0021778950860340675,0.0,0.0,0.0,-0.046718825604185624,0.04671882560418563,0.5577282829382749
YULARA_COMBINED,Ridge+day,test,717,day_missing_lead70,0.04646279510457067,0.04646279510457067,False,False,0.002163471939768941,0.0,0.0,0.0,-0.046563534003922095,0.04656353400392209,0.5588280399465223
YULARA_COMBINED,Ridge+day,test,718,day_missing_lead71,0.04630799480417521,0.04630799480417521,False,False,0.002149048793503815,0.0,0.0,0.0,-0.046407727274558074,0.04640772727455806,0.5671565203911161
YULARA_COMBINED,Ridge+day,test,719,day_missing_lead72,0.04615267078506412,0.04615267078506412,False,False,0.0021346256472386887,0.0,0.0,0.0,-0.04625140020996344,0.046251400209963454,0.5762818279022872
YULARA_COMBINED,Ridge+day,test,720,day_missing_lead73,0.045996817741382215,0.045996817741382215,False,False,0.0021202025009735624,0.0,0.0,0.0,-0.04609454751618758,0.04609454751618758,0.5824394521869841
YULARA_COMBINED,Ridge+day,test,721,day_missing_lead74,0.045840430277541415,0.045840430277541415,False,False,0.002105779354708436,0.0,0.0,0.0,-0.045937163808432234,0.04593716380843222,0.6066142709731439
YULARA_COMBINED,Ridge+day,test,722,day_missing_lead75,0.04568350290482078,0.04568350290482078,False,False,0.00209135620844331,0.0,0.0,0.0,-0.04577924361011768,0.0457792436101177,0.6867086499040911
YULARA_COMBINED,Ridge+day,test,723,day_missing_lead76,0.045526030040364734,0.045526030040364734,False,False,0.0020769330621781836,0.0,0.0,0.0,-0.04562078134941072,0.04562078134941072,0.6556459815062478
YULARA_COMBINED,Ridge+day,test,724,day_missing_lead77,0.04536800600363692,0.04536800600363692,False,False,0.0020625099159130573,0.0,0.0,0.0,-0.04546177135816188,0.04546177135816189,0.612697233339981
YULARA_COMBINED,Ridge+day,test,725,day_missing_lead78,0.04520942501559864,0.04520942501559864,False,False,0.002048086769647931,0.0,0.0,0.0,-0.04530220786796733,0.04530220786796732,0.6133984659781181
YULARA_COMBINED,Ridge+day,test,726,day_missing_lead79,0.045050281193751616,0.045050281193751616,False,False,0.002033663623382805,0.0,0.0,0.0,-0.04514208501022342,0.04514208501022342,0.6769417799254908
YULARA_COMBINED,Ridge+day,test,727,day_missing_lead80,0.04489056855305257,0.04489056855305257,False,False,0.0020192404771176785,0.0,0.0,0.0,-0.04498139681014065,0.04498139681014064,0.7649390141075495
YULARA_COMBINED,Ridge+day,test,728,day_missing_lead81,0.044730280999843317,0.044730280999843317,False,False,0.0020048173308525523,0.0,0.0,0.0,-0.0448201371875928,0.044820137187592785,0.784264392749065
YULARA_COMBINED,Ridge+day,test,729,day_missing_lead82,0.04456941233166952,0.04456941233166952,False,False,0.001990394184587426,0.0,0.0,0.0,-0.04465829995189593,0.044658299951895915,0.7125758733842823
YULARA_COMBINED,Ridge+day,test,730,day_missing_lead83,0.044407956232911994,0.044407956232911994,False,False,0.0019759710383222997,0.0,0.0,0.0,-0.044495878800606715,0.044495878800606715,0.6602077297296155
YULARA_COMBINED,Ridge+day,test,731,day_missing_lead84,0.04424590627317815,0.04424590627317815,False,False,0.0019615478920571735,0.0,0.0,0.0,-0.04433286731537157,0.044332867315371574,0.6784947008283161
YULARA_COMBINED,Ridge+day,test,732,day_missing_lead85,0.04408325590305165,0.04408325590305165,False,False,0.001947124745792047,0.0,0.0,0.0,-0.044169258960231605,0.044169258960231605,0.6968786166798726
YULARA_COMBINED,Ridge+day,test,733,day_missing_lead86,0.04391999845229729,0.04391999845229729,False,False,0.0019327015995269207,0.0,0.0,0.0,-0.04400504707726892,0.044005047077268926,0.7184465371836132
YULARA_COMBINED,Ridge+day,test,734,day_missing_lead87,0.043756127125723014,0.043756127125723014,False,False,0.0019182784532617945,0.0,0.0,0.0,-0.0438402248843932,0.0438402248843932,0.7279006617605203
YULARA_COMBINED,Ridge+day,test,735,day_missing_lead88,0.04359163499988859,0.04359163499988859,False,False,0.0019038553069966682,0.0,0.0,0.0,-0.043674785472064395,0.043674785472064395,0.6991907822912523
YULARA_COMBINED,Ridge+day,test,736,day_missing_lead89,0.04342651502068026,0.04342651502068026,False,False,0.001889432160731542,0.0,0.0,0.0,-0.043508721798923296,0.04350872179892331,0.7499899405289094
YULARA_COMBINED,Ridge+day,test,737,day_missing_lead90,0.043260759998728616,0.043260759998728616,False,False,0.0018750090144664157,0.0,0.0,0.0,-0.04334202668934895,0.04334202668934896,0.864108503840103
YULARA_COMBINED,Ridge+day,test,738,day_missing_lead91,0.04309436260610306,0.04309436260610306,False,False,0.0018605858682012894,0.0,0.0,0.0,-0.04317469282949301,0.04317469282949301,0.8971944675869431
YULARA_COMBINED,Ridge+day,test,739,day_missing_lead92,0.04292731537313701,0.04292731537313701,False,False,0.0018461627219361631,0.0,0.0,0.0,-0.043006712762928855,0.04300671276292885,0.7711630401258391
YULARA_COMBINED,Ridge+day,test,740,day_missing_lead93,0.04275961068336625,0.04275961068336625,False,False,0.0018317395756710369,0.0,0.0,0.0,-0.04283807888792578,0.04283807888792577,0.7635418233346558
YULARA_COMBINED,Ridge+day,test,741,day_missing_lead94,0.04259124077082204,0.04259124077082204,False,False,0.0018173164294059106,0.0,0.0,0.0,-0.04266878345208714,0.04266878345208714,0.7623442249201529
YULARA_COMBINED,Ridge+day,test,742,day_missing_lead95,0.04242219771470837,0.04242219771470837,False,False,0.0018028932831407843,0.0,0.0,0.0,-0.04249881854932037,0.04249881854932037,0.7643076957025386
YULARA_COMBINED,Ridge+day,test,743,day_missing_lead96,0.042252473435886354,0.042252473435886354,False,False,0.001788470136875658,0.0,0.0,0.0,-0.042328176114694735,0.04232817611469472,0.7629842106367878
YULARA_COMBINED,Ridge+day,test,744,day_missing_lead97,0.042082059691550024,0.042082059691550024,False,False,0.0017740469906105318,0.0,0.0,0.0,-0.04215684792079595,0.04215684792079595,0.7674052719359397
YULARA_COMBINED,Ridge+day,test,745,day_missing_lead98,0.04191094807174938,0.04191094807174938,False,False,0.0017596238443454055,0.0,0.0,0.0,-0.04198482557190118,0.041984825571901176,0.7689300251932052
YULARA_COMBINED,Ridge+day,test,746,day_missing_lead99,0.04173912999339062,0.04173912999339062,False,False,0.0017452006980802793,0.0,0.0,0.0,-0.041812100500337,0.041812100500337006,0.8134648609562649
YULARA_COMBINED,Ridge+day,test,747,day_missing_lead100,0.04156659669590553,0.04156659669590553,False,False,0.001730777551815153,0.0,0.0,0.0,-0.041638663960805844,0.041638663960805844,0.8317589498015726
YULARA_COMBINED,Ridge+day,test,748,day_missing_lead101,0.041393339235891224,0.041393339235891224,False,False,0.0017163544055500267,0.0,0.0,0.0,-0.04146450702536738,0.04146450702536738,0.8395802186308244
YULARA_COMBINED,Ridge+day,test,749,day_missing_lead102,0.04121934848189461,0.04121934848189461,False,False,0.0017019312592849005,0.0,0.0,0.0,-0.04128962057788142,0.04128962057788141,0.8156093261918467
YULARA_COMBINED,Ridge+day,test,750,day_missing_lead103,0.04104461510830341,0.04104461510830341,False,False,0.0016875081130197742,0.0,0.0,0.0,-0.04111399530893366,0.041113995308933664,0.7837486693903734
YULARA_COMBINED,Ridge+day,test,751,day_missing_lead104,0.04086912959004978,0.04086912959004978,False,False,0.001673084966754648,0.0,0.0,0.0,-0.04093762170951608,0.040937621709516085,0.7729724313973987
YULARA_COMBINED,Ridge+day,test,752,day_missing_lead105,0.04069288219640381,0.04069288219640381,False,False,0.0016586618204895217,0.0,0.0,0.0,-0.040760490065166834,0.040760490065166834,0.7935036126622829
YULARA_COMBINED,Ridge+day,test,753,day_missing_lead106,0.040515862984876805,0.040515862984876805,False,False,0.0016442386742243954,0.0,0.0,0.0,-0.04058259044952674,0.040582590449526744,0.8306167690094836
YULARA_COMBINED,Ridge+day,test,754,day_missing_lead107,0.04033806179417675,0.04033806179417675,False,False,0.0016298155279592691,0.0,0.0,0.0,-0.0404039127183486,0.04040391271834859,0.7850422147957998
YULARA_COMBINED,Ridge+day,test,755,day_missing_lead108,0.04015946823777365,0.04015946823777365,False,False,0.0016153923816941427,0.0,0.0,0.0,-0.04022444650237471,0.04022444650237471,0.7916435521875792
YULARA_COMBINED,Ridge+day,test,756,day_missing_lead109,0.039980071697555374,0.039980071697555374,False,False,0.0016009692354290164,0.0,0.0,0.0,-0.04004418119957774,0.04004418119957773,0.7862764762091426
YULARA_COMBINED,Ridge+day,test,757,day_missing_lead110,0.0397998613147207,0.0397998613147207,False,False,0.0015865460891638901,0.0,0.0,0.0,-0.03986310596959486,0.03986310596959486,0.8714730781073062
YULARA_COMBINED,Ridge+day,test,758,day_missing_lead111,0.039618825984083963,0.039618825984083963,False,False,0.0015721229428987639,0.0,0.0,0.0,-0.03968120972414303,0.039681209724143046,0.9608441450281638
YULARA_COMBINED,Ridge+day,test,759,day_missing_lead112,0.03943695434451901,0.03943695434451901,False,False,0.0015576997966336376,0.0,0.0,0.0,-0.039498481120668213,0.0394984811206682,0.8422320954750513
YULARA_COMBINED,Ridge+day,test,760,day_missing_lead113,0.03925423477209829,0.03925423477209829,False,False,0.0015432766503685113,0.0,0.0,0.0,-0.039314908552629965,0.03931490855262996,0.8271822901670718
YULARA_COMBINED,Ridge+day,test,761,day_missing_lead114,0.03907065537038182,0.03907065537038182,False,False,0.001528853504103385,0.0,0.0,0.0,-0.03913048014194199,0.039130480141941995,0.9357235028236189
YULARA_COMBINED,Ridge+day,test,762,day_missing_lead115,0.0388862039614012,0.0388862039614012,False,False,0.0015144303578382588,0.0,0.0,0.0,-0.038945183729980334,0.03894518372998033,0.9681213466690405
YULARA_COMBINED,Ridge+day,test,763,day_missing_lead116,0.03870086807735757,0.03870086807735757,False,False,0.0015000072115731325,0.0,0.0,0.0,-0.038759006867102555,0.03875900686710256,0.9029452765762618
YULARA_COMBINED,Ridge+day,test,764,day_missing_lead117,0.03851463494954858,0.03851463494954858,False,False,0.0014855840653080063,0.0,0.0,0.0,-0.03857193680412695,0.03857193680412693,0.8683775896321704
YULARA_COMBINED,Ridge+day,test,765,day_missing_lead118,0.038327491498864594,0.038327491498864594,False,False,0.00147116091904288,0.0,0.0,0.0,-0.038383960481380874,0.038383960481380874,0.8621588051883978
YULARA_COMBINED,Ridge+day,test,766,day_missing_lead119,0.03813942432492523,0.03813942432492523,False,False,0.0014567377727777537,0.0,0.0,0.0,-0.03819506451820598,0.03819506451820598,0.859824162709526
YULARA_COMBINED,Ridge+day,test,767,day_missing_lead120,0.03795041969510552,0.03795041969510552,False,False,0.0014423146265126275,0.0,0.0,0.0,-0.038005235201618685,0.038005235201618685,0.8570412444133209
YULARA_COMBINED,Ridge+day,test,768,day_missing_lead121,0.03776046353231397,0.03776046353231397,False,False,0.0014278914802475012,0.0,0.0,0.0,-0.03781445847521352,0.037814458475213523,0.8622729422054198
YULARA_COMBINED,Ridge+day,test,769,day_missing_lead122,0.03756954140316582,0.03756954140316582,False,False,0.001413468333982375,0.0,0.0,0.0,-0.03762271992660704,0.03762271992660704,0.8712758481159847
YULARA_COMBINED,Ridge+day,test,770,day_missing_lead123,0.03737763850598585,0.03737763850598585,False,False,0.0013990451877172487,0.0,0.0,0.0,-0.03743000477392916,0.03743000477392916,0.8805258610275724
YULARA_COMBINED,Ridge+day,test,771,day_missing_lead124,0.03718473965557012,0.03718473965557012,False,False,0.0013846220414521224,0.0,0.0,0.0,-0.03723629785437295,0.03723629785437295,0.8784675541053213
YULARA_COMBINED,Ridge+day,test,772,day_missing_lead125,0.03699082927128969,0.03699082927128969,False,False,0.0013701988951869961,0.0,0.0,0.0,-0.037041583608142345,0.037041583608142345,0.886133277001961
YULARA_COMBINED,Ridge+day,test,773,day_missing_lead126,0.03679589136093155,0.03679589136093155,False,False,0.0013557757489218699,0.0,0.0,0.0,-0.036845846065340325,0.036845846065340325,0.8860416019524305
YULARA_COMBINED,Ridge+day,test,774,day_missing_lead127,0.03659990950611574,0.03659990950611574,False,False,0.0013413526026567436,0.0,0.0,0.0,-0.03664906882987258,0.03664906882987258,0.906491756722418
YULARA_COMBINED,Ridge+day,test,775,day_missing_lead128,0.03640286684601708,0.03640286684601708,False,False,0.0013269294563916173,0.0,0.0,0.0,-0.03645123506355928,0.036451235063559274,0.9784858150045793
YULARA_COMBINED,Ridge+day,test,776,day_missing_lead129,0.03620474606068427,0.03620474606068427,False,False,0.001312506310126491,0.0,0.0,0.0,-0.036252327469071186,0.03625232746907118,0.9956219992154278
YULARA_COMBINED,Ridge+day,test,777,day_missing_lead130,0.03600552935254287,0.03600552935254287,False,False,0.0012980831638613648,0.0,0.0,0.0,-0.03605232827300976,0.036052328273009776,0.923009578211074
YULARA_COMBINED,Ridge+day,test,778,day_missing_lead131,0.0358051984291642,0.0358051984291642,False,False,0.0012836600175962385,0.0,0.0,0.0,-0.03585121920594263,0.035851219205942635,0.9205415132929792
YULARA_COMBINED,Ridge+day,test,779,day_missing_lead132,0.03560373448234636,0.03560373448234636,False,False,0.0012692368713311123,0.0,0.0,0.0,-0.03564898148424421,0.035648981484244203,0.93172999523263
YULARA_COMBINED,Ridge+day,test,780,day_missing_lead133,0.03540111816855243,0.03540111816855243,False,False,0.0012548137250659858,0.0,0.0,0.0,-0.03544559578857211,0.035445595788572114,0.9532688916690366
YULARA_COMBINED,Ridge+day,test,781,day_missing_lead134,0.0351973295862999,0.0351973295862999,False,False,0.0012403905788008595,0.0,0.0,0.0,-0.0352410422432634,0.0352410422432634,1.0263884324652912
YULARA_COMBINED,Ridge+day,test,782,day_missing_lead135,0.03499234825481466,0.03499234825481466,False,False,0.0012259674325357333,0.0,0.0,0.0,-0.03503530039219504,0.03503530039219503,1.0854184766217008
YULARA_COMBINED,Ridge+day,test,783,day_missing_lead136,0.034786153088670745,0.034786153088670745,False,False,0.001211544286270607,0.0,0.0,0.0,-0.034828349176246984,0.03482834917624698,1.0733915611466585
YULARA_COMBINED,Ridge+day,test,784,day_missing_lead137,0.03457872237355575,0.03457872237355575,False,False,0.0011971211400054807,0.0,0.0,0.0,-0.03462016690706261,0.03462016690706263,1.0408699427804005
YULARA_COMBINED,Ridge+day,test,785,day_missing_lead138,0.03437003373863435,0.03437003373863435,False,False,0.0011826979937403545,0.0,0.0,0.0,-0.03441073124146859,0.03441073124146859,1.0408438070250037
YULARA_COMBINED,Ridge+day,test,786,day_missing_lead139,0.03416006412990294,0.03416006412990294,False,False,0.0011682748474752282,0.0,0.0,0.0,-0.0342000191519707,0.03420001915197071,1.1313810075160056
YULARA_COMBINED,Ridge+day,test,787,day_missing_lead140,0.03394878977910561,0.03394878977910561,False,False,0.001153851701210102,0.0,0.0,0.0,-0.03398800689856286,0.033988006898562864,1.249671284323673
YULARA_COMBINED,Ridge+day,test,788,day_missing_lead141,0.03373618617323734,0.03373618617323734,False,False,0.0011394285549449757,0.0,0.0,0.0,-0.03377466999660073,0.03377466999660073,1.4593498161436356
YULARA_COMBINED,Ridge+day,test,789,day_missing_lead142,0.033522228021230324,0.033522228021230324,False,False,0.0011250054086798494,0.0,0.0,0.0,-0.03355998318391486,0.033559983183914864,1.893585928381349
YULARA_COMBINED,Ridge+day,test,790,day_missing_lead143,0.033306889219141884,0.033306889219141884,False,False,0.0011105822624147231,0.0,0.0,0.0,-0.033343920385589705,0.033343920385589705,2.6769473089321454
YULARA_COMBINED,Ridge+day,test,791,day_missing_lead144,0.033090142812439244,0.033090142812439244,False,False,0.0010961591161495969,0.0,0.0,0.0,-0.03312645467754006,0.033126454677540065,4.1581812945818255
