site,model,seed,neural_source,h,hours,support,analysis,scope,points,origins,SSE,SAE,signed_error,RMSE,MAE,bias,weighted_MSE_contribution
Hanwha,TCN,42,TCN,12,1.0,horizon_specific,primary,full,79500,6625,2561.453909220075,10186.400152320712,-1924.06866170638,0.1794980390642902,0.1281308195260466,-0.0242021215308978,0.0322195460279254
Hanwha,TCN,42,TCN,48,4.0,horizon_specific,primary,full,290352,6049,96959.6390400886,96229.10751514204,-56694.705607088246,0.5778739057535609,0.3314222306550051,-0.1952619772107243,0.3339382509508754
Hanwha,TCN,42,TCN,96,8.0,horizon_specific,primary,full,506976,5281,322195.57504360075,240477.61464363133,-135122.89631898535,0.7971977890376162,0.4743372756178425,-0.2665272050727951,0.6355243148464637
Hanwha,TCN,42,TCN,144,12.0,horizon_specific,primary,full,651024,4521,342718.3983392079,292831.91984038474,-116753.96834284582,0.7255547843178934,0.4498020347028446,-0.1793389619166817,0.5264297450465849
Hanwha,TCN,42,TCN,12,1.0,common_H144,primary,full,54252,4521,1523.80849964058,6107.626788162583,-914.9715673835782,0.1675935573060641,0.1125788318985951,-0.0168652135844499,0.0280876004505009
Hanwha,TCN,42,TCN,48,4.0,common_H144,primary,full,217008,4521,63222.762581689385,64991.93053285674,-30158.674494952167,0.5397577194771107,0.2994909428816299,-0.1389749432968008,0.2913383957351314
Hanwha,TCN,42,TCN,96,8.0,common_H144,primary,full,434016,4521,242110.5835976252,189455.4315358,-87798.4497854203,0.7468854812478165,0.4365171595881258,-0.2022931177316511,0.5578379220987825
Hanwha,TCN,42,TCN,144,12.0,common_H144,primary,full,651024,4521,342718.3983392079,292831.91984038474,-116753.96834284582,0.7255547843178934,0.4498020347028446,-0.1793389619166817,0.5264297450465849
Hanwha,TCN,43,TCN,12,1.0,horizon_specific,primary,full,79500,6625,2233.574875924445,9004.687844375718,1031.8471108473668,0.1676164713211954,0.1132665137657323,0.0129792089414763,0.0280952814581691
Hanwha,TCN,43,TCN,48,4.0,horizon_specific,primary,full,290352,6049,99619.68146117762,97771.55057204694,-47006.97984187718,0.5857471219996995,0.3367345517580279,-0.1618965250519272,0.3430996909309308
Hanwha,TCN,43,TCN,96,8.0,horizon_specific,primary,full,506976,5281,323391.8020717122,244322.73910284505,-112013.9604470971,0.7986763103326339,0.4819217065558232,-0.2209452921777304,0.6378838486865497
Hanwha,TCN,43,TCN,144,12.0,horizon_specific,primary,full,651024,4521,366477.3371395721,311539.22683080897,-125212.60043816367,0.7502829235459614,0.4785372379986129,-0.192331773388022,0.5629244653646749
Hanwha,TCN,43,TCN,12,1.0,common_H144,primary,full,54252,4521,1412.9203433828245,5476.044070131014,1358.009682918689,0.1613804650192843,0.1009371833320617,0.0250315137307138,0.0260436544898404
Hanwha,TCN,43,TCN,48,4.0,common_H144,primary,full,217008,4521,63531.64699467107,65006.19300506688,-17659.1375723647,0.5410746471005053,0.2995566661370404,-0.0813755141394082,0.2927617737349364
Hanwha,TCN,43,TCN,96,8.0,common_H144,primary,full,434016,4521,243607.86212930328,192375.02766442025,-63356.54258142831,0.7491913944047778,0.4432440916104941,-0.1459774353512965,0.5612877454501752
Hanwha,TCN,43,TCN,144,12.0,common_H144,primary,full,651024,4521,366477.3371395721,311539.22683080897,-125212.60043816367,0.7502829235459614,0.4785372379986129,-0.192331773388022,0.5629244653646749
Hanwha,TCN,44,TCN,12,1.0,horizon_specific,primary,full,79500,6625,2564.2941579623403,10061.432573720744,2908.836376789652,0.1795975290119528,0.1265589002983741,0.0365891368149641,0.0322552724271992
Hanwha,TCN,44,TCN,48,4.0,horizon_specific,primary,full,290352,6049,103665.743277596,99361.22055752264,-53737.15288056484,0.5975238187671139,0.3422095269105177,-0.1850758833435445,0.3570347139940348
Hanwha,TCN,44,TCN,96,8.0,horizon_specific,primary,full,506976,5281,337426.59087965835,250085.48215417285,-133825.44148211667,0.8158230128817724,0.4932886017369123,-0.2639680014085808,0.6655671883474925
Hanwha,TCN,44,TCN,144,12.0,horizon_specific,primary,full,651024,4521,369731.86853671074,309080.182227995,-122820.90183387217,0.7536070337026756,0.4747600429907269,-0.1886580246409843,0.5679235612461456
Hanwha,TCN,44,TCN,12,1.0,common_H144,primary,full,54252,4521,1516.7756942131475,6032.715979979263,1660.659015121572,0.1672063643022104,0.1111980384129481,0.0306100976023293,0.0279579682631635
Hanwha,TCN,44,TCN,48,4.0,common_H144,primary,full,217008,4521,67006.61661958625,66833.29896134052,-27974.94329563962,0.5556751463741019,0.3079761988559892,-0.1289120368633396,0.3087748682978795
Hanwha,TCN,44,TCN,96,8.0,common_H144,primary,full,434016,4521,260398.7796702097,199436.0860747277,-86842.5607601621,0.7745805763661023,0.4595132116666844,-0.2000906896523679,0.5999750692836433
Hanwha,TCN,44,TCN,144,12.0,common_H144,primary,full,651024,4521,369731.86853671074,309080.182227995,-122820.90183387217,0.7536070337026756,0.4747600429907269,-0.1886580246409843,0.5679235612461456
Qcells,TCN,42,TCN,12,1.0,horizon_specific,primary,full,77556,6463,21456.00198597024,26270.807142862905,-14844.089203217754,0.5259769342273878,0.3387333944873756,-0.1913983341484573,0.2766517353392418
Qcells,TCN,42,TCN,48,4.0,horizon_specific,primary,full,263568,5491,383681.7390978519,186851.66759464872,-156218.7504175516,1.206533054412223,0.7089315379509225,-0.5927075761001017,1.455722011389288
Qcells,TCN,42,TCN,96,8.0,horizon_specific,primary,full,405792,4227,752388.4041760582,317284.18615129404,-241697.79235550985,1.3616619642862826,0.7818887167595567,-0.595619904669165,1.8541233049839776
Qcells,TCN,42,TCN,144,12.0,horizon_specific,primary,full,431424,2996,275881.37564449274,215516.58718998387,-111225.06288549624,0.799666754361301,0.4995470516011716,-0.2578091689045956,0.6394669180307372
Qcells,TCN,42,TCN,12,1.0,common_H144,primary,full,35952,2996,332.69383016800293,2903.9149230533867,1661.4201839006328,0.0961968488434751,0.0807719994173728,0.0462121768997728,0.0092538337274144
Qcells,TCN,42,TCN,48,4.0,common_H144,primary,full,143808,2996,32936.90556359544,31019.15819553633,-6201.945997152137,0.4785748524290339,0.2156984186939275,-0.0431265715200276,0.2290338893774716
Qcells,TCN,42,TCN,96,8.0,common_H144,primary,full,287616,2996,185162.0276730559,127324.75260580398,-58672.44187023355,0.8023603201238143,0.4426900888886709,-0.2039957508283042,0.6437820833091897
Qcells,TCN,42,TCN,144,12.0,common_H144,primary,full,431424,2996,275881.37564449274,215516.58718998387,-111225.06288549624,0.799666754361301,0.4995470516011716,-0.2578091689045956,0.6394669180307372
Qcells,TCN,43,TCN,12,1.0,horizon_specific,primary,full,77556,6463,7250.842568860846,14451.44807886302,-6973.206823663881,0.3057641307568582,0.1863356552537911,-0.0899118936467053,0.0934917036574971
Qcells,TCN,43,TCN,48,4.0,horizon_specific,primary,full,263568,5491,289217.7151249361,157448.15415863908,-136724.90243395214,1.047529120482808,0.5973720412138009,-0.5187462151473325,1.0973172582594857
Qcells,TCN,43,TCN,96,8.0,horizon_specific,primary,full,405792,4227,838086.877662756,333975.76699334173,-266420.0983167379,1.4371191613329932,0.8230220580823223,-0.6565434959701963,2.065311483870446
Qcells,TCN,43,TCN,144,12.0,horizon_specific,primary,full,431424,2996,271214.65770287724,205658.5645945196,-97531.66649287904,0.7928744588661218,0.4766970882345895,-0.2260691720740595,0.6286499075222455
Qcells,TCN,43,TCN,12,1.0,common_H144,primary,full,35952,2996,259.31023047894666,2425.927856717912,-1341.578599252331,0.0849274917968207,0.0674768540475609,-0.0373158266369696,0.007212678862899
Qcells,TCN,43,TCN,48,4.0,common_H144,primary,full,143808,2996,37704.78292866996,32613.4282835052,-17373.14645896638,0.512043313413101,0.2267845202179656,-0.1208079276463505,0.2621883548110672
Qcells,TCN,43,TCN,96,8.0,common_H144,primary,full,287616,2996,196837.36028881543,130302.23984669008,-66511.70881075467,0.8272699422204675,0.4530423893201007,-0.2312517690627596,0.6843755573014556
Qcells,TCN,43,TCN,144,12.0,common_H144,primary,full,431424,2996,271214.65770287724,205658.5645945196,-97531.66649287904,0.7928744588661218,0.4766970882345895,-0.2260691720740595,0.6286499075222455
Qcells,TCN,44,TCN,12,1.0,horizon_specific,primary,full,77556,6463,13452.323798369824,17987.854382323814,825.5279382479478,0.4164769354765298,0.2319337560256306,0.0106442820445606,0.1734530377839216
Qcells,TCN,44,TCN,48,4.0,horizon_specific,primary,full,263568,5491,285929.8042572022,150495.52650212834,-111669.58491192642,1.0415577936011169,0.5709931649598143,-0.4236841532808475,1.0848426374112268
Qcells,TCN,44,TCN,96,8.0,horizon_specific,primary,full,405792,4227,664139.1163090726,296952.2835724924,-219669.78519181168,1.2793158764105874,0.7317844698084054,-0.5413359188742304,1.6366491116361894
Qcells,TCN,44,TCN,144,12.0,horizon_specific,primary,full,431424,2996,258380.94714746845,206257.74673596784,-111200.9670095282,0.7738879641767538,0.4780859357290458,-0.2577533169446488,0.5989025810976405
Qcells,TCN,44,TCN,12,1.0,common_H144,primary,full,35952,2996,95.98121305320832,1465.2172234788793,-81.55239442741708,0.05166918242935,0.0407548181875522,-0.0022683687813589,0.0026697044129174
Qcells,TCN,44,TCN,48,4.0,common_H144,primary,full,143808,2996,34699.45388828432,28822.884950808333,-13089.139051563598,0.4912129375125671,0.2004261581470316,-0.0910181565112066,0.2412901499797251
Qcells,TCN,44,TCN,96,8.0,common_H144,primary,full,287616,2996,177854.11078845462,122990.01546818312,-65162.26115266469,0.7863672766493774,0.4276188232510817,-0.2265599311327071,0.6183734937849585
Qcells,TCN,44,TCN,144,12.0,common_H144,primary,full,431424,2996,258380.94714746845,206257.74673596784,-111200.9670095282,0.7738879641767538,0.4780859357290458,-0.2577533169446488,0.5989025810976405
Sanyo,TCN,42,TCN,12,1.0,horizon_specific,primary,full,79068,6589,4310.986587594775,13629.947869958673,-5291.605733485218,0.2335005775141318,0.1723826057312525,-0.0669247449472001,0.054522519699433
Sanyo,TCN,42,TCN,48,4.0,horizon_specific,primary,full,283440,5905,129948.24548593906,116158.67147831911,-55679.49484341746,0.677102847876854,0.4098174974538495,-0.1964419095519949,0.4584682666029461
Sanyo,TCN,42,TCN,96,8.0,horizon_specific,primary,full,482304,5024,447871.69140803296,297135.4428204388,-170741.38489725965,0.9636434516962948,0.616075012482664,-0.3540119611225693,0.9286087019971492
Sanyo,TCN,42,TCN,144,12.0,horizon_specific,primary,full,599040,4160,440790.9641839125,338428.61498411023,-150291.04882897867,0.8578047174423872,0.5649516142229404,-0.2508864997812812,0.7358289332664137
Sanyo,TCN,42,TCN,12,1.0,common_H144,primary,full,49920,4160,1752.118050732303,6727.631357088959,305.81729363946465,0.1873459864648219,0.1347682563519422,0.0061261477091238,0.0350985186444772
Sanyo,TCN,42,TCN,48,4.0,common_H144,primary,full,199680,4160,69775.10159966344,70072.66558812329,-14319.149436625976,0.591129937800226,0.3509248076328289,-0.0717104839574618,0.3494346033636991
Sanyo,TCN,42,TCN,96,8.0,common_H144,primary,full,399360,4160,304000.0936381264,215342.1858311582,-91654.34336736237,0.8724781849355417,0.5392182137198472,-0.2295030633197174,0.7612181831884174
Sanyo,TCN,42,TCN,144,12.0,common_H144,primary,full,599040,4160,440790.9641839125,338428.61498411023,-150291.04882897867,0.8578047174423872,0.5649516142229404,-0.2508864997812812,0.7358289332664137
Sanyo,TCN,43,TCN,12,1.0,horizon_specific,primary,full,79068,6589,2435.248317603277,9034.43057296494,3077.1225499801926,0.1754976272779497,0.114261528974616,0.0389174198156042,0.0307994171801901
Sanyo,TCN,43,TCN,48,4.0,horizon_specific,primary,full,283440,5905,117863.82233376076,105185.13452686027,-40426.80796954008,0.6448514651675277,0.3711019423047568,-0.1426291559749509,0.4158334121287071
Sanyo,TCN,43,TCN,96,8.0,horizon_specific,primary,full,482304,5024,354698.9220662083,253518.31718626732,-93365.39766304714,0.8575698470872761,0.5256400883804974,-0.1935820512851793,0.7354260426332943
Sanyo,TCN,43,TCN,144,12.0,horizon_specific,primary,full,599040,4160,379835.32223576447,311070.40152756067,-106732.78169551148,0.7962872520726689,0.5192815196440316,-0.1781730463667058,0.6340733878134422
Sanyo,TCN,43,TCN,12,1.0,common_H144,primary,full,49920,4160,598.2435906764433,3692.9642514155607,296.7582153125235,0.1094716688809895,0.0739776492671386,0.0059446757875104,0.011984046287589
Sanyo,TCN,43,TCN,48,4.0,common_H144,primary,full,199680,4160,65472.173468088055,63647.14320369159,-15482.552582969498,0.5726128570989516,0.3187457091531029,-0.0775368218297751,0.3278854841150243
Sanyo,TCN,43,TCN,96,8.0,common_H144,primary,full,399360,4160,249942.71753355028,190386.5019809756,-50861.60348347056,0.7911119812649263,0.4767290213866576,-0.12735778115853,0.6258581669009172
Sanyo,TCN,43,TCN,144,12.0,common_H144,primary,full,599040,4160,379835.32223576447,311070.40152756067,-106732.78169551148,0.7962872520726689,0.5192815196440316,-0.1781730463667058,0.6340733878134422
Sanyo,TCN,44,TCN,12,1.0,horizon_specific,primary,full,79068,6589,5116.627297815898,15840.098890656707,13128.661528789957,0.254385009210671,0.20033514052027,0.1660426661707638,0.0647117329111131
Sanyo,TCN,44,TCN,48,4.0,horizon_specific,primary,full,283440,5905,114185.70847045706,107110.1676604205,-21822.61323576207,0.6347099488198381,0.3778936200268857,-0.0769920026663917,0.4028567191308815
Sanyo,TCN,44,TCN,96,8.0,horizon_specific,primary,full,482304,5024,378130.6734195561,263036.6495919188,-97151.37765162284,0.8854428231815694,0.5453752189322891,-0.2014318306537429,0.7840089931237479
Sanyo,TCN,44,TCN,144,12.0,horizon_specific,primary,full,599040,4160,379785.57794479455,310267.460099602,-98053.76197053272,0.796235108368,0.5179411393222523,-0.1636848323493134,0.6339903477978007
Sanyo,TCN,44,TCN,12,1.0,common_H144,primary,full,49920,4160,1691.4777360137791,7566.42534294138,6526.599361458,0.184075443094064,0.1515710204916142,0.1307411731061298,0.033883768750276
Sanyo,TCN,44,TCN,48,4.0,common_H144,primary,full,199680,4160,63091.26703636578,66993.04020716494,662.9306943143638,0.5621048604846944,0.3355020042426129,0.0033199654162377,0.3159618741805177
Sanyo,TCN,44,TCN,96,8.0,common_H144,primary,full,399360,4160,258023.3412080104,196607.38788726265,-40942.45168573054,0.8037985446494881,0.4923061595734741,-0.1025201614726826,0.646092100380635
Sanyo,TCN,44,TCN,144,12.0,common_H144,primary,full,599040,4160,379785.57794479455,310267.460099602,-98053.76197053272,0.796235108368,0.5179411393222523,-0.1636848323493134,0.6339903477978007
Hanwha,Recurrent,42,Recurrent,12,1.0,horizon_specific,primary,full,79500,6625,2955.987023048768,9847.334266283971,-5741.997409330341,0.192826934594252,0.1238658398274713,-0.0722263825072998,0.0371822267050159
Hanwha,Recurrent,42,Recurrent,48,4.0,horizon_specific,primary,full,290352,6049,97666.78710486765,80455.96396643408,-62223.53423956827,0.5799773585047494,0.277098018840697,-0.2143037907077212,0.3363737363781466
Hanwha,Recurrent,42,Recurrent,96,8.0,horizon_specific,primary,full,506976,5281,331186.20746544783,206716.91511110743,-166638.43786488505,0.8082438723075601,0.4077449723677402,-0.3286909791881371,0.6532581571227195
Hanwha,Recurrent,42,Recurrent,144,12.0,horizon_specific,primary,full,651024,4521,376672.95677443873,260870.1718972571,-180888.35225206523,0.7606479882954558,0.4007074576317572,-0.2778520488523698,0.5785853620979238
Hanwha,Recurrent,42,Recurrent,12,1.0,common_H144,primary,full,54252,4521,1458.922571215628,5096.088429064215,-2050.795439617805,0.1639865560430121,0.0939336509080626,-0.037801287318768,0.0268915905628479
Hanwha,Recurrent,42,Recurrent,48,4.0,common_H144,primary,full,217008,4521,57803.18044669666,48419.65159281784,-31502.919066303424,0.5161049152639189,0.2231238092273918,-0.1451693903741033,0.2663642835595769
Hanwha,Recurrent,42,Recurrent,96,8.0,common_H144,primary,full,434016,4521,246049.62324701663,155961.93825219007,-117149.14024919414,0.7529367275752435,0.3593460569476472,-0.2699189436545983,0.5669137157317164
Hanwha,Recurrent,42,Recurrent,144,12.0,common_H144,primary,full,651024,4521,376672.95677443873,260870.1718972571,-180888.35225206523,0.7606479882954558,0.4007074576317572,-0.2778520488523698,0.5785853620979238
Hanwha,Recurrent,43,Recurrent,12,1.0,horizon_specific,primary,full,79500,6625,3500.458175943223,10204.86340208372,-5029.923594080445,0.2098354604258203,0.1283630616614304,-0.0632694791708232,0.044030920452116
Hanwha,Recurrent,43,Recurrent,48,4.0,horizon_specific,primary,full,290352,6049,95651.62163272365,68580.44076379566,-51263.14995007534,0.5739628160073631,0.2361975834979461,-0.1765551811252388,0.3294333141591021
Hanwha,Recurrent,43,Recurrent,96,8.0,horizon_specific,primary,full,506976,5281,374527.1490097419,203833.0655211201,-169069.3518073766,0.8595040987390293,0.402056636844979,-0.3334859082232228,0.7387472957491911
Hanwha,Recurrent,43,Recurrent,144,12.0,horizon_specific,primary,full,651024,4521,400422.0148869322,253312.9180470624,-170614.1481244471,0.7842607380633033,0.3890992007161985,-0.2620704430626936,0.6150649052675973
Hanwha,Recurrent,43,Recurrent,12,1.0,common_H144,primary,full,54252,4521,1780.107205692736,5267.587980757553,-1825.952265166695,0.1811403499970385,0.0970948164262617,-0.0336568654642537,0.0328118263970496
Hanwha,Recurrent,43,Recurrent,48,4.0,common_H144,primary,full,217008,4521,61738.22396982692,44531.20113547941,-30071.66855301896,0.5333830295162504,0.2052053432844844,-0.1385740090366206,0.2844974561759332
Hanwha,Recurrent,43,Recurrent,96,8.0,common_H144,primary,full,434016,4521,294917.7049518736,160453.11203069947,-127967.3578345928,0.8243232565934098,0.3696940021351735,-0.2948447933592144,0.6795088313607646
Hanwha,Recurrent,43,Recurrent,144,12.0,common_H144,primary,full,651024,4521,400422.0148869322,253312.9180470624,-170614.1481244471,0.7842607380633033,0.3890992007161985,-0.2620704430626936,0.6150649052675973
Hanwha,Recurrent,44,Recurrent,12,1.0,horizon_specific,primary,full,79500,6625,4492.819456707495,12880.276406210913,-9735.709113032724,0.2377255818914508,0.1620160554240366,-0.1224617498494682,0.0565134522856288
Hanwha,Recurrent,44,Recurrent,48,4.0,horizon_specific,primary,full,290352,6049,118147.56976730716,93153.50194084564,-79795.72065177756,0.6378961566040958,0.3208295515128039,-0.2748240778495673,0.4069115066102771
Hanwha,Recurrent,44,Recurrent,96,8.0,horizon_specific,primary,full,506976,5281,415052.5420900422,230081.5649007883,-202179.223199338,0.9048109313304864,0.4538312758410424,-0.3987944660089196,0.8186828214551423
Hanwha,Recurrent,44,Recurrent,144,12.0,horizon_specific,primary,full,651024,4521,429008.0016425302,277596.0018092108,-203928.99589598243,0.8117722417316756,0.4263990295430134,-0.313243437870159,0.6589741724460699
Hanwha,Recurrent,44,Recurrent,12,1.0,common_H144,primary,full,54252,4521,2081.679651032022,6471.959909049719,-4295.096506691921,0.195884048741477,0.1192944022165029,-0.0791693671512925,0.0383705605513533
Hanwha,Recurrent,44,Recurrent,48,4.0,common_H144,primary,full,217008,4521,68018.4169266786,53788.91654626917,-42196.82378580162,0.5598547763792183,0.2478660535384372,-0.1944482405524295,0.3134373706346245
Hanwha,Recurrent,44,Recurrent,96,8.0,common_H144,primary,full,434016,4521,304348.44057752914,173102.52078389953,-147028.04284374524,0.8373994482208247,0.3988390307820438,-0.3387618033522848,0.7012378358805416
Hanwha,Recurrent,44,Recurrent,144,12.0,common_H144,primary,full,651024,4521,429008.0016425302,277596.0018092108,-203928.99589598243,0.8117722417316756,0.4263990295430134,-0.313243437870159,0.6589741724460699
Qcells,Recurrent,42,Recurrent,12,1.0,horizon_specific,primary,full,77556,6463,15193.953819752409,20718.73121130035,-10584.55289021683,0.4426166023179494,0.2671454331231671,-0.1364762608981488,0.1959094566474857
Qcells,Recurrent,42,Recurrent,48,4.0,horizon_specific,primary,full,263568,5491,157922.06300285953,100307.06021525383,-71113.28620146956,0.7740607810361811,0.380573742697345,-0.2698100156372153,0.5991700927383428
Qcells,Recurrent,42,Recurrent,96,8.0,horizon_specific,primary,full,405792,4227,444057.00717346265,219935.3136223256,-167860.071505974,1.046086562376083,0.5419902650183483,-0.4136603765130263,1.094297095983811
Qcells,Recurrent,42,Recurrent,144,12.0,horizon_specific,primary,full,431424,2996,355415.0245745382,214159.88735331656,-153484.97243504704,0.907644417605996,0.4964023497842414,-0.3557636395635083,0.8238183888113276
Qcells,Recurrent,42,Recurrent,12,1.0,common_H144,primary,full,35952,2996,93.91305435329429,1482.1221641353088,518.1890348796521,0.0511094791541065,0.0412250268172927,0.0144133576679921,0.002612178859404
Qcells,Recurrent,42,Recurrent,48,4.0,common_H144,primary,full,143808,2996,37525.09888293214,25509.412719738742,-13402.519793898076,0.510821772221428,0.1773852130600435,-0.0931973172139107,0.2609388829754405
Qcells,Recurrent,42,Recurrent,96,8.0,common_H144,primary,full,287616,2996,232626.88515218484,117636.10367615311,-85635.36735450714,0.899339009671831,0.4090040320293485,-0.2977420148896693,0.8088106543175096
Qcells,Recurrent,42,Recurrent,144,12.0,common_H144,primary,full,431424,2996,355415.0245745382,214159.88735331656,-153484.97243504704,0.907644417605996,0.4964023497842414,-0.3557636395635083,0.8238183888113276
Qcells,Recurrent,43,Recurrent,12,1.0,horizon_specific,primary,full,77556,6463,41905.30863047204,34207.97982246468,-23403.768394672374,0.7350668218862766,0.4410745760800542,-0.3017660580054718,0.5403232326379911
Qcells,Recurrent,43,Recurrent,48,4.0,horizon_specific,primary,full,263568,5491,235463.166196134,142421.11142802058,-111392.99783494954,0.9451813620436236,0.5403581293177494,-0.4226347577663052,0.8933678071546393
Qcells,Recurrent,43,Recurrent,96,8.0,horizon_specific,primary,full,405792,4227,544445.3772643494,264893.8504140531,-201848.8815517868,1.1583116300499787,0.6527823377840201,-0.4974195685271931,1.3416858323090386
Qcells,Recurrent,43,Recurrent,144,12.0,horizon_specific,primary,full,431424,2996,371632.4224912675,220808.6824204237,-117674.38760613411,0.9281211032464242,0.511813627476505,-0.2727580932125568,0.8614087822913595
Qcells,Recurrent,43,Recurrent,12,1.0,common_H144,primary,full,35952,2996,206.4797638767625,2021.111791972465,1472.6543333240104,0.0757839468844419,0.0562169501549973,0.040961680388407,0.0057432066053839
Qcells,Recurrent,43,Recurrent,48,4.0,common_H144,primary,full,143808,2996,37728.5331368132,29607.438971666143,-8347.786691606996,0.5122045558319456,0.2058817240464101,-0.0580481384318466,0.2623535070150006
Qcells,Recurrent,43,Recurrent,96,8.0,common_H144,primary,full,287616,2996,257365.1412731796,132126.0051812213,-81844.65283218358,0.9459503469170774,0.4593833624736499,-0.2845622386521736,0.8948220588325391
Qcells,Recurrent,43,Recurrent,144,12.0,common_H144,primary,full,431424,2996,371632.4224912675,220808.6824204237,-117674.38760613411,0.9281211032464242,0.511813627476505,-0.2727580932125568,0.8614087822913595
Qcells,Recurrent,44,Recurrent,12,1.0,horizon_specific,primary,full,77556,6463,196407.795605084,71939.88779763103,-63792.62485223497,1.591371806714148,0.927586360792602,-0.8225362944483338,2.532464227204652
Qcells,Recurrent,44,Recurrent,48,4.0,horizon_specific,primary,full,263568,5491,885219.4316972375,291225.8336833617,-270389.2986895585,1.832648301918152,1.1049362353675776,-1.0258806026890916,3.358599798523484
Qcells,Recurrent,44,Recurrent,96,8.0,horizon_specific,primary,full,405792,4227,986687.4735858928,366644.79382114985,-311849.5266006616,1.5593301168071687,0.9035288862795468,-0.7684959945012755,2.4315104131818583
Qcells,Recurrent,44,Recurrent,144,12.0,horizon_specific,primary,full,431424,2996,341317.9573100309,211117.7135135936,-114780.1758456332,0.8894620402833746,0.4893508787494288,-0.2660495842735527,0.7911427211050635
Qcells,Recurrent,44,Recurrent,12,1.0,common_H144,primary,full,35952,2996,539.5103744207744,3545.2269237354967,-2316.420595971181,0.1225006442156269,0.0986100056668751,-0.064430924454027,0.0150064078332436
Qcells,Recurrent,44,Recurrent,48,4.0,common_H144,primary,full,143808,2996,38199.10511891286,30133.00227631408,-17863.82407923012,0.5153889123439436,0.2095363420415698,-0.1242199604975392,0.2656257309670732
Qcells,Recurrent,44,Recurrent,96,8.0,common_H144,primary,full,287616,2996,243417.1398116352,129637.20877344084,-86335.44948537387,0.9199602371339808,0.4507301706909241,-0.3001761010700861,0.8463268379076101
Qcells,Recurrent,44,Recurrent,144,12.0,common_H144,primary,full,431424,2996,341317.9573100309,211117.7135135936,-114780.1758456332,0.8894620402833746,0.4893508787494288,-0.2660495842735527,0.7911427211050635
Sanyo,Recurrent,42,Recurrent,12,1.0,horizon_specific,primary,full,79068,6589,3387.5355070424284,10740.147819134048,-1174.5171186931552,0.2069862761115778,0.1358343175384991,-0.0148545191315469,0.0428433184985383
Sanyo,Recurrent,42,Recurrent,48,4.0,horizon_specific,primary,full,283440,5905,118588.59130420252,88012.97461952157,-55765.02936377414,0.6468310889306904,0.3105171275032514,-0.1967436824857964,0.4183904576072627
Sanyo,Recurrent,42,Recurrent,96,8.0,horizon_specific,primary,full,482304,5024,397994.9248672214,219635.0003291221,-160049.2891983057,0.9084025301159814,0.4553870594668966,-0.3318431719378352,0.8251951567211165
Sanyo,Recurrent,42,Recurrent,144,12.0,horizon_specific,primary,full,599040,4160,462018.3304182193,274368.02697163366,-180607.70923432897,0.8782167010570096,0.4580128655375829,-0.3014952411096571,0.7712645740154569
Sanyo,Recurrent,42,Recurrent,12,1.0,common_H144,primary,full,49920,4160,1165.0484224493823,4827.929048740538,587.6851705649642,0.1527688114262167,0.0967133222904755,0.0117725394744584,0.0233383097445789
Sanyo,Recurrent,42,Recurrent,48,4.0,common_H144,primary,full,199680,4160,68411.92000207971,49967.05013730031,-28305.336817574185,0.5853270645086495,0.2502356276908068,-0.141753489671345,0.3426077724463127
Sanyo,Recurrent,42,Recurrent,96,8.0,common_H144,primary,full,399360,4160,306922.62048671884,167345.30327021494,-122267.68169834818,0.8766619697189102,0.4190337121149212,-0.3061590587398542,0.7685362091514394
Sanyo,Recurrent,42,Recurrent,144,12.0,common_H144,primary,full,599040,4160,462018.3304182193,274368.02697163366,-180607.70923432897,0.8782167010570096,0.4580128655375829,-0.3014952411096571,0.7712645740154569
Sanyo,Recurrent,43,Recurrent,12,1.0,horizon_specific,primary,full,79068,6589,3544.207674453612,9579.553085660846,1993.9727886798723,0.2117186928635413,0.1211558795677245,0.0252184548575893,0.0448248049078465
Sanyo,Recurrent,43,Recurrent,48,4.0,horizon_specific,primary,full,283440,5905,117552.96756698356,75123.70862432188,-40167.06895709745,0.64400053613421,0.2650427202382228,-0.1417127750391527,0.41473669054115
Sanyo,Recurrent,43,Recurrent,96,8.0,horizon_specific,primary,full,482304,5024,390762.7536876695,205461.9382617128,-145899.27491113357,0.9001111651658891,0.4260009003900294,-0.3025047996930018,0.8102001096562945
Sanyo,Recurrent,43,Recurrent,144,12.0,horizon_specific,primary,full,599040,4160,408617.2930023854,243913.64824146376,-148130.27526452864,0.8259056931714802,0.4071742258304349,-0.2472794392102842,0.6821202140130632
Sanyo,Recurrent,43,Recurrent,12,1.0,common_H144,primary,full,49920,4160,877.8165855730908,3442.329429937913,-169.97609011575048,0.1326064359615901,0.0689569196702306,-0.0034049697539212,0.0175844668584353
Sanyo,Recurrent,43,Recurrent,48,4.0,common_H144,primary,full,199680,4160,65797.39983792201,41718.62828611859,-27680.04627397418,0.5740332934113853,0.2089274253110907,-0.1386220266124508,0.3295142219447216
Sanyo,Recurrent,43,Recurrent,96,8.0,common_H144,primary,full,399360,4160,291436.32744670624,151508.7829283559,-109237.14442294062,0.8542589959187662,0.3793789636627502,-0.2735305098731486,0.7297584321081386
Sanyo,Recurrent,43,Recurrent,144,12.0,common_H144,primary,full,599040,4160,408617.2930023854,243913.64824146376,-148130.27526452864,0.8259056931714802,0.4071742258304349,-0.2472794392102842,0.6821202140130632
Sanyo,Recurrent,44,Recurrent,12,1.0,horizon_specific,primary,full,79068,6589,3252.4591020692224,9637.387349098804,-1522.8816834458055,0.2028175561246073,0.1218873292494916,-0.0192604047585092,0.0411349610723582
Sanyo,Recurrent,44,Recurrent,48,4.0,horizon_specific,primary,full,283440,5905,125831.62176664008,81848.41847559082,-51461.68303911737,0.6662915834661692,0.2887680584095075,-0.1815611171292597,0.4439444741978552
Sanyo,Recurrent,44,Recurrent,96,8.0,horizon_specific,primary,full,482304,5024,450961.4005923894,223797.0339610472,-171130.84622093025,0.9669616572734174,0.464016541353684,-0.35481946287182,0.935014846636954
Sanyo,Recurrent,44,Recurrent,144,12.0,horizon_specific,primary,full,599040,4160,484812.02427685785,277051.3282657581,-170384.07544514156,0.8996193330361602,0.4624922012983408,-0.2844285447468309,0.8093149443724256
Sanyo,Recurrent,44,Recurrent,12,1.0,common_H144,primary,full,49920,4160,868.8234037670555,4064.659506654929,-514.7154275344808,0.1319254144556992,0.0814234676813888,-0.0103108058400336,0.017404314979308
Sanyo,Recurrent,44,Recurrent,48,4.0,common_H144,primary,full,199680,4160,67445.59009328861,45947.66125554553,-26587.28522352795,0.5811784406481729,0.2301064766403522,-0.133149465262059,0.3377683798742418
Sanyo,Recurrent,44,Recurrent,96,8.0,common_H144,primary,full,399360,4160,336546.6281662008,167288.25250910607,-128731.27229334918,0.917995051336524,0.4188908566433946,-0.3223439310230097,0.8427149142783473
Sanyo,Recurrent,44,Recurrent,144,12.0,common_H144,primary,full,599040,4160,484812.02427685785,277051.3282657581,-170384.07544514156,0.8996193330361602,0.4624922012983408,-0.2844285447468309,0.8093149443724256
Hanwha,Inverted,42,Inverted,12,1.0,horizon_specific,primary,full,79500,6625,2969.251695111608,11108.069682731772,-672.089961748554,0.1932590953252451,0.1397241469526009,-0.0084539617830006,0.0373490779259321
Hanwha,Inverted,42,Inverted,48,4.0,horizon_specific,primary,full,290352,6049,87005.36262369598,82570.94985469314,-39114.77149057999,0.5474073190130689,0.2843822320999791,-0.1347150062358103,0.2996547729090758
Hanwha,Inverted,42,Inverted,96,8.0,horizon_specific,primary,full,506976,5281,358750.0761195453,249701.060474226,-163872.9160386502,0.8412058818458612,0.4925303376771799,-0.3232360428080426,0.7076273356520729
Hanwha,Inverted,42,Inverted,144,12.0,horizon_specific,primary,full,651024,4521,402027.0561817639,315018.55640843546,-176494.8162522016,0.785830971391325,0.4838816332553569,-0.2711033944250928,0.6175303155978333
Hanwha,Inverted,42,Inverted,12,1.0,common_H144,primary,full,54252,4521,1723.510825208637,6698.795546291449,-209.0092125766224,0.1782375201896176,0.1234755501417726,-0.0038525623493442,0.0317686136033443
Hanwha,Inverted,42,Inverted,48,4.0,common_H144,primary,full,217008,4521,55344.89982889976,55310.96545954524,-18065.250899416715,0.505011107872303,0.2548798452570653,-0.083246935133344,0.2550362190744109
Hanwha,Inverted,42,Inverted,96,8.0,common_H144,primary,full,434016,4521,272859.7955364952,196505.50611766588,-116006.10472044618,0.7928972373139953,0.4527609722168442,-0.2672853183303062,0.6286860289401662
Hanwha,Inverted,42,Inverted,144,12.0,common_H144,primary,full,651024,4521,402027.0561817639,315018.55640843546,-176494.8162522016,0.785830971391325,0.4838816332553569,-0.2711033944250928,0.6175303155978333
Hanwha,Inverted,43,Inverted,12,1.0,horizon_specific,primary,full,79500,6625,3584.225022608409,12255.278719279177,-1198.8387720972933,0.2123313247718081,0.1541544492991091,-0.0150797329823558,0.045084591479351
Hanwha,Inverted,43,Inverted,48,4.0,horizon_specific,primary,full,290352,6049,100915.87393461524,94925.79639837547,-53070.73848172211,0.5895455041993398,0.3269335027772341,-0.182780688549492,0.3475639015216538
Hanwha,Inverted,43,Inverted,96,8.0,horizon_specific,primary,full,506976,5281,370912.8412101728,266742.23638892744,-172374.4924078014,0.8553467987002126,0.5261437156570083,-0.3400052318212329,0.731618146046702
Hanwha,Inverted,43,Inverted,144,12.0,horizon_specific,primary,full,651024,4521,419879.594465774,339825.33401107567,-197359.38867871003,0.8030893838994868,0.5219858776497881,-0.3031522473498827,0.6449525585320572
Hanwha,Inverted,43,Inverted,12,1.0,common_H144,primary,full,54252,4521,1889.790085087437,6954.25257636145,1103.8008753556603,0.1866374991573498,0.128184261895625,0.0203458098384513,0.0348335560917097
Hanwha,Inverted,43,Inverted,48,4.0,common_H144,primary,full,217008,4521,63136.69101341143,62441.31639218107,-25098.698013770976,0.5393901808390603,0.2877373939770933,-0.1156579389412877,0.2909417671855942
Hanwha,Inverted,43,Inverted,96,8.0,common_H144,primary,full,434016,4521,281283.27391505823,209471.039795749,-119182.56294390136,0.8050430111403094,0.4826343724557366,-0.2746040766789735,0.6480942497858564
Hanwha,Inverted,43,Inverted,144,12.0,common_H144,primary,full,651024,4521,419879.594465774,339825.33401107567,-197359.38867871003,0.8030893838994868,0.5219858776497881,-0.3031522473498827,0.6449525585320572
Hanwha,Inverted,44,Inverted,12,1.0,horizon_specific,primary,full,79500,6625,3591.32401281629,12238.888796608151,-1251.6492091813325,0.2125414946631928,0.153948286749788,-0.015744015209828,0.045173886953664
Hanwha,Inverted,44,Inverted,48,4.0,horizon_specific,primary,full,290352,6049,99862.36844001398,96792.25281403345,-40662.47238578777,0.5864601674868989,0.333361756812536,-0.1400454358357709,0.3439355280487614
Hanwha,Inverted,44,Inverted,96,8.0,horizon_specific,primary,full,506976,5281,401246.5736148511,281429.353714874,-174898.6638570769,0.889635220365577,0.5551137602467849,-0.3449841094195325,0.7914508253149086
Hanwha,Inverted,44,Inverted,144,12.0,horizon_specific,primary,full,651024,4521,445411.0852052048,349086.6645979561,-185424.1864340164,0.8271456900160403,0.5362116674622689,-0.2848192792186099,0.6841699925121114
Hanwha,Inverted,44,Inverted,12,1.0,common_H144,primary,full,54252,4521,1900.425674137495,7041.903446915363,876.3847637397577,0.1871619528345313,0.1297998865832663,0.0161539623191727,0.0350295965888353
Hanwha,Inverted,44,Inverted,48,4.0,common_H144,primary,full,217008,4521,63682.0810918635,65440.53113158111,-15964.34400010517,0.5417148630654262,0.3015581505362987,-0.0735656934311415,0.2934549928659934
Hanwha,Inverted,44,Inverted,96,8.0,common_H144,primary,full,434016,4521,308038.72384974075,223332.9376307244,-122811.55844660572,0.8424609660200573,0.5145730517555213,-0.2829655092130376,0.7097404792674481
Hanwha,Inverted,44,Inverted,144,12.0,common_H144,primary,full,651024,4521,445411.0852052048,349086.6645979561,-185424.1864340164,0.8271456900160403,0.5362116674622689,-0.2848192792186099,0.6841699925121114
Qcells,Inverted,42,Inverted,12,1.0,horizon_specific,primary,full,77556,6463,7062.271769724215,13456.47919884764,-1508.0779738047174,0.3017619739943104,0.173506617139198,-0.0194450200346165,0.0910602889489429
Qcells,Inverted,42,Inverted,48,4.0,horizon_specific,primary,full,263568,5491,164986.15954145812,111909.10272627955,-74313.95870620364,0.7911838545253407,0.4245929047770577,-0.2819536465208357,0.6259718916615755
Qcells,Inverted,42,Inverted,96,8.0,horizon_specific,primary,full,405792,4227,536674.1139512443,270123.4526446348,-178701.1490211705,1.1500152078955344,0.6656697338652187,-0.4403762248175679,1.322534978391009
Qcells,Inverted,42,Inverted,144,12.0,horizon_specific,primary,full,431424,2996,309016.34913889406,225163.40773861183,-125041.74651528394,0.846327744163426,0.5219074686123439,-0.2898349338824079,0.7162706505407536
Qcells,Inverted,42,Inverted,12,1.0,common_H144,primary,full,35952,2996,293.3825518172268,2661.3649186931752,-890.0684989583885,0.0903349093986615,0.0740255039689913,-0.0247571344837112,0.0081603958560643
Qcells,Inverted,42,Inverted,48,4.0,common_H144,primary,full,143808,2996,34100.76397884097,32129.920982233376,-14566.972017645065,0.4869569080914218,0.2234223477291484,-0.1012945873501131,0.2371270303379573
Qcells,Inverted,42,Inverted,96,8.0,common_H144,primary,full,287616,2996,213170.6591325873,137317.77889121533,-75211.1950148895,0.8609088909929528,0.477434422602412,-0.2614986475539939,0.7411641185907158
Qcells,Inverted,42,Inverted,144,12.0,common_H144,primary,full,431424,2996,309016.34913889406,225163.40773861183,-125041.74651528394,0.846327744163426,0.5219074686123439,-0.2898349338824079,0.7162706505407536
Qcells,Inverted,43,Inverted,12,1.0,horizon_specific,primary,full,77556,6463,9465.146262549468,18022.166798260896,-6933.296718292565,0.3493461518314482,0.2323761771914603,-0.0893972963831626,0.1220427337994412
Qcells,Inverted,43,Inverted,48,4.0,horizon_specific,primary,full,263568,5491,177618.46653760847,122720.5434685558,-89441.35314408533,0.8209141046017728,0.4656124547310591,-0.3393483015543819,0.6738999671341304
Qcells,Inverted,43,Inverted,96,8.0,horizon_specific,primary,full,405792,4227,533161.4551429016,277116.9392163758,-184604.44202842025,1.146245468758043,0.6829038995750922,-0.4549238083264831,1.313878674648346
Qcells,Inverted,43,Inverted,144,12.0,horizon_specific,primary,full,431424,2996,325383.30013869616,243785.3971927169,-146337.9720697687,0.8684513192533821,0.5650714776941406,-0.3391975691425806,0.7542076939129398
Qcells,Inverted,43,Inverted,12,1.0,common_H144,primary,full,35952,2996,1064.27136702893,4904.423355385492,-2876.051492116383,0.1720539555296514,0.1364158699206022,-0.0799969818679456,0.0296025636133992
Qcells,Inverted,43,Inverted,48,4.0,common_H144,primary,full,143808,2996,38326.247773463765,38655.17779482486,-24039.743542497108,0.516245915128324,0.2687971308607647,-0.1671655508907509,0.2665098448866806
Qcells,Inverted,43,Inverted,96,8.0,common_H144,primary,full,287616,2996,214028.9722049156,143130.4607516845,-78786.1287950138,0.8626403371573877,0.497644292221867,-0.2739281847846219,0.7441483512910115
Qcells,Inverted,43,Inverted,144,12.0,common_H144,primary,full,431424,2996,325383.30013869616,243785.3971927169,-146337.9720697687,0.8684513192533821,0.5650714776941406,-0.3391975691425806,0.7542076939129398
Qcells,Inverted,44,Inverted,12,1.0,horizon_specific,primary,full,77556,6463,8492.450662974494,15902.75529701739,-4531.115766804905,0.3309091798879854,0.2050486783358784,-0.0584237939915016,0.1095008853341391
Qcells,Inverted,44,Inverted,48,4.0,horizon_specific,primary,full,263568,5491,173105.64190886493,118382.66614338288,-76833.10163913156,0.8104183589656255,0.4491541694871262,-0.2915114947153355,0.6567779165485375
Qcells,Inverted,44,Inverted,96,8.0,horizon_specific,primary,full,405792,4227,503273.9112850925,268332.2724538623,-152416.97232962656,1.1136544802446176,0.6612556986186576,-0.3756036894015322,1.2402263013689094
Qcells,Inverted,44,Inverted,144,12.0,horizon_specific,primary,full,431424,2996,287033.89327038423,221145.91186669943,-87241.24155139277,0.8156699077204828,0.5125952934159886,-0.2022169409939937,0.6653173983607408
Qcells,Inverted,44,Inverted,12,1.0,common_H144,primary,full,35952,2996,454.50277394783393,3110.170533169133,-1076.2698449989102,0.1124363507266494,0.0865089712163199,-0.0299362996495024,0.0126419329647261
Qcells,Inverted,44,Inverted,48,4.0,common_H144,primary,full,143808,2996,35729.4614874156,36189.73963448321,-15870.03009154314,0.4984501282673804,0.2516531739157989,-0.110355683213334,0.248452530369768
Qcells,Inverted,44,Inverted,96,8.0,common_H144,primary,full,287616,2996,199446.99728939388,137928.90056889568,-49119.27554716028,0.832735789233269,0.4795592059165543,-0.1707807477579838,0.6934488946699554
Qcells,Inverted,44,Inverted,144,12.0,common_H144,primary,full,431424,2996,287033.89327038423,221145.91186669943,-87241.24155139277,0.8156699077204828,0.5125952934159886,-0.2022169409939937,0.6653173983607408
Sanyo,Inverted,42,Inverted,12,1.0,horizon_specific,primary,full,79068,6589,5557.83847358771,16292.86085881266,4744.730992532292,0.2651261611712948,0.2060613757627948,0.0600082333248885,0.0702918813374274
Sanyo,Inverted,42,Inverted,48,4.0,horizon_specific,primary,full,283440,5905,131222.65235973807,117609.2731437427,-44188.71036621416,0.6804149326139564,0.4149353413200067,-0.1559014619186217,0.4629644805240547
Sanyo,Inverted,42,Inverted,96,8.0,horizon_specific,primary,full,482304,5024,354464.9397039353,264350.6638094452,-103082.65369621955,0.8572869461415356,0.5480996711813403,-0.2137296263274191,0.7349409080246802
Sanyo,Inverted,42,Inverted,144,12.0,horizon_specific,primary,full,599040,4160,365362.6426793105,303958.5360375078,-74372.34040015642,0.7809696534169199,0.5074094151267158,-0.1241525447385089,0.609913599558144
Sanyo,Inverted,42,Inverted,12,1.0,common_H144,primary,full,49920,4160,2829.624204481271,9532.429144004294,5245.846698800728,0.2380822907591037,0.1909541094552142,0.1050850700881556,0.0566831771731023
Sanyo,Inverted,42,Inverted,48,4.0,common_H144,primary,full,199680,4160,70490.21094877366,71949.59828070599,-7902.304461448523,0.5941513949761557,0.3603245106205228,-0.0395748420545298,0.3530158801521116
Sanyo,Inverted,42,Inverted,96,8.0,common_H144,primary,full,399360,4160,243428.8876087082,196029.49213503188,-44382.81282401969,0.780735227214574,0.4908591049054284,-0.1111348478165557,0.6095474950137926
Sanyo,Inverted,42,Inverted,144,12.0,common_H144,primary,full,599040,4160,365362.6426793105,303958.5360375078,-74372.34040015642,0.7809696534169199,0.5074094151267158,-0.1241525447385089,0.609913599558144
Sanyo,Inverted,43,Inverted,12,1.0,horizon_specific,primary,full,79068,6589,6015.907697761824,16530.340155084385,6561.189552383543,0.2758355293637764,0.2090648575287649,0.0829816051042589,0.0760852392593947
Sanyo,Inverted,43,Inverted,48,4.0,horizon_specific,primary,full,283440,5905,110022.62458346404,114214.18489561736,2563.7357611544016,0.6230321110285171,0.4029571863379105,0.0090450739527039,0.3881690113726505
Sanyo,Inverted,43,Inverted,96,8.0,horizon_specific,primary,full,482304,5024,315522.31183356344,257579.810851048,-46814.60588084944,0.8088250733359003,0.5340611125992072,-0.0970645192261508,0.6541979992568244
Sanyo,Inverted,43,Inverted,144,12.0,horizon_specific,primary,full,599040,4160,349521.0519908078,306417.13851235894,-47319.27456637647,0.7638511873851462,0.5115136526982488,-0.0789918445619265,0.5834686364696978
Sanyo,Inverted,43,Inverted,12,1.0,common_H144,primary,full,49920,4160,2872.7625313148665,9010.351192559709,4524.848519647445,0.2398902381266375,0.1804958171586479,0.0906419975890914,0.0575473263484548
Sanyo,Inverted,43,Inverted,48,4.0,common_H144,primary,full,199680,4160,65486.68375731944,75419.66683052201,19565.40235568356,0.5726763063280377,0.3777026584060597,0.097983785835755,0.3279581518295244
Sanyo,Inverted,43,Inverted,96,8.0,common_H144,primary,full,399360,4160,227700.25423540152,196746.91741677595,415.0736973199464,0.7550913164793115,0.4926555424097955,0.0010393471988179,0.5701628962224597
Sanyo,Inverted,43,Inverted,144,12.0,common_H144,primary,full,599040,4160,349521.0519908078,306417.13851235894,-47319.27456637647,0.7638511873851462,0.5115136526982488,-0.0789918445619265,0.5834686364696978
Sanyo,Inverted,44,Inverted,12,1.0,horizon_specific,primary,full,79068,6589,4080.18011413516,12617.51826428085,-355.8638172584251,0.2271638866601136,0.159578062734366,-0.0045007312346135,0.0516034314025289
Sanyo,Inverted,44,Inverted,48,4.0,horizon_specific,primary,full,283440,5905,109336.7884744993,103775.99366386048,-39632.67450874737,0.6210872114945152,0.3661303756133943,-0.1398273867793796,0.3857493242820325
Sanyo,Inverted,44,Inverted,96,8.0,horizon_specific,primary,full,482304,5024,316647.00215340627,243237.98291385768,-99853.21999144672,0.8102653336493402,0.5043250375569303,-0.2070337795072127,0.6565299109138765
Sanyo,Inverted,44,Inverted,144,12.0,horizon_specific,primary,full,599040,4160,366296.2962533471,301908.26445964153,-116575.65466808,0.78196686795608,0.5039868196775533,-0.19460412437914,0.6114721825810414
Sanyo,Inverted,44,Inverted,12,1.0,common_H144,primary,full,49920,4160,1475.2267338615463,5857.163935449947,-505.9212339466712,0.1719064210126181,0.1173310083223146,-0.0101346401030983,0.0295518175853675
Sanyo,Inverted,44,Inverted,48,4.0,common_H144,primary,full,199680,4160,61864.643207072295,62883.71461057981,-9138.221315342003,0.5566138035635385,0.314922448971253,-0.0457643295039162,0.3098189263174694
Sanyo,Inverted,44,Inverted,96,8.0,common_H144,primary,full,399360,4160,228510.2087111485,183072.3433293074,-48767.58327528132,0.756433095139118,0.458414321237248,-0.1221143411340177,0.5721910274217461
Sanyo,Inverted,44,Inverted,144,12.0,common_H144,primary,full,599040,4160,366296.2962533471,301908.26445964153,-116575.65466808,0.78196686795608,0.5039868196775533,-0.19460412437914,0.6114721825810414
Hanwha,Joint-patch,42,Joint-patch,12,1.0,horizon_specific,primary,full,79500,6625,4986.784380534942,15491.283078704288,7355.413110440883,0.2504532841747112,0.1948589066503684,0.0925209196281872,0.0627268475538986
Hanwha,Joint-patch,42,Joint-patch,48,4.0,horizon_specific,primary,full,290352,6049,111079.51401777408,106420.58343950775,-44050.07091712526,0.6185211783068105,0.3665226464412429,-0.1517126484994946,0.3825684480140453
Hanwha,Joint-patch,42,Joint-patch,96,8.0,horizon_specific,primary,full,506976,5281,391510.1534370793,264967.05842882325,-168544.39900006237,0.8787752452339411,0.5226422127059728,-0.3324504493310578,0.7722459316359734
Hanwha,Joint-patch,42,Joint-patch,144,12.0,horizon_specific,primary,full,651024,4521,411528.3932413634,308001.6853240653,-133256.8332449725,0.7950627430312446,0.4731034267923538,-0.2046880502792101,0.6321247653563669
Hanwha,Joint-patch,42,Joint-patch,12,1.0,common_H144,primary,full,54252,4521,2844.1657042206625,9559.288205724271,5960.762606062202,0.2289652481650833,0.1762015816140284,0.1098717578349591,0.0524250848672982
Hanwha,Joint-patch,42,Joint-patch,48,4.0,common_H144,primary,full,217008,4521,70239.46718682905,70386.43304614889,-16499.96170260253,0.5689220051703301,0.3243494850242797,-0.0760338867811441,0.3236722479670291
Hanwha,Joint-patch,42,Joint-patch,96,8.0,common_H144,primary,full,434016,4521,302303.8749324744,210535.1699660366,-121007.55460541112,0.834581948523855,0.4850861949007331,-0.2788089715711198,0.6965270288018746
Hanwha,Joint-patch,42,Joint-patch,144,12.0,common_H144,primary,full,651024,4521,411528.3932413634,308001.6853240653,-133256.8332449725,0.7950627430312446,0.4731034267923538,-0.2046880502792101,0.6321247653563669
Hanwha,Joint-patch,43,Joint-patch,12,1.0,horizon_specific,primary,full,79500,6625,6887.431181817,19486.127427938987,-15809.180879267704,0.2943371442551282,0.2451085211061507,-0.1988576211228642,0.0866343544882641
Hanwha,Joint-patch,43,Joint-patch,48,4.0,horizon_specific,primary,full,290352,6049,95558.75762660216,100248.1133590664,-67768.46804732198,0.5736841305621253,0.3452640703665426,-0.2334010719654832,0.3291134816588216
Hanwha,Joint-patch,43,Joint-patch,96,8.0,horizon_specific,primary,full,506976,5281,298080.3278921874,236889.60487384783,-151175.01200741096,0.7667838503251179,0.4672599982520826,-0.2981896815774533,0.5879574731194127
Hanwha,Joint-patch,43,Joint-patch,144,12.0,horizon_specific,primary,full,651024,4521,329665.3959166084,291962.187657912,-157236.06201231037,0.7116036742807555,0.4484660898183661,-0.241521145168704,0.5063797892498716
Hanwha,Joint-patch,43,Joint-patch,12,1.0,common_H144,primary,full,54252,4521,4436.83187850658,13062.97063265726,-11063.247396918943,0.2859753563130774,0.240783208594287,-0.2039233096829415,0.0817819044183915
Hanwha,Joint-patch,43,Joint-patch,48,4.0,common_H144,primary,full,217008,4521,63273.55173359666,69876.57367108426,-41975.92691869449,0.5399744794877851,0.321999989268065,-0.1934303201665122,0.2915724384981045
Hanwha,Joint-patch,43,Joint-patch,96,8.0,common_H144,primary,full,434016,4521,232524.6892207232,191516.8843812354,-115967.77839531782,0.7319504232631721,0.4412668758323089,-0.267197012080932,0.5357514221151367
Hanwha,Joint-patch,43,Joint-patch,144,12.0,common_H144,primary,full,651024,4521,329665.3959166084,291962.187657912,-157236.06201231037,0.7116036742807555,0.4484660898183661,-0.241521145168704,0.5063797892498716
Hanwha,Joint-patch,44,Joint-patch,12,1.0,horizon_specific,primary,full,79500,6625,4296.774394579401,14279.781199444107,-4450.823731651192,0.2324811318395024,0.1796198893011837,-0.0559852041717131,0.0540474766613761
Hanwha,Joint-patch,44,Joint-patch,48,4.0,horizon_specific,primary,full,290352,6049,93034.00286941916,96996.80165153144,-56359.616277780806,0.566054754688527,0.3340662425315873,-0.1941078975787347,0.3204179853054884
Hanwha,Joint-patch,44,Joint-patch,96,8.0,horizon_specific,primary,full,506976,5281,309730.26291689544,237007.98243949583,-144077.73430055875,0.7816244216286576,0.46749349562799,-0.2841904435329458,0.6109367364863335
Hanwha,Joint-patch,44,Joint-patch,144,12.0,horizon_specific,primary,full,651024,4521,348396.8549686481,290561.2130706114,-140037.91876058298,0.731540901876982,0.4463141344568117,-0.2151040802805779,0.5351520911189881
Hanwha,Joint-patch,44,Joint-patch,12,1.0,common_H144,primary,full,54252,4521,2583.2282768803148,9077.592144957202,-3755.481124725543,0.2182094307992896,0.1673227188851508,-0.0692229065237326,0.0476153556897499
Hanwha,Joint-patch,44,Joint-patch,48,4.0,common_H144,primary,full,217008,4521,60690.54726483826,65777.94730459528,-32511.697933842806,0.5288380006310809,0.3031130064541181,-0.149817969539569,0.2796696309114791
Hanwha,Joint-patch,44,Joint-patch,96,8.0,common_H144,primary,full,434016,4521,243393.22300593264,190287.36295696688,-106508.85250075604,0.7488612711911591,0.4384339815973763,-0.2454030554190537,0.5607932034900387
Hanwha,Joint-patch,44,Joint-patch,144,12.0,common_H144,primary,full,651024,4521,348396.8549686481,290561.2130706114,-140037.91876058298,0.731540901876982,0.4463141344568117,-0.2151040802805779,0.5351520911189881
Qcells,Joint-patch,42,Joint-patch,12,1.0,horizon_specific,primary,full,77556,6463,21775.92349315034,30057.829878801047,-3198.9866770653853,0.5298837364116284,0.3875629207127888,-0.0412474428421448,0.2807767741135482
Qcells,Joint-patch,42,Joint-patch,48,4.0,horizon_specific,primary,full,263568,5491,231798.770756556,160153.768457575,-85327.03981182497,0.937797830545488,0.6076373780488337,-0.323738237615435,0.879464770975824
Qcells,Joint-patch,42,Joint-patch,96,8.0,horizon_specific,primary,full,405792,4227,566853.1735011301,301664.88598523283,-184976.3214224224,1.18190766926062,0.7433978146075645,-0.4558402369253765,1.396905738657071
Qcells,Joint-patch,42,Joint-patch,144,12.0,horizon_specific,primary,full,431424,2996,326742.96744857,245310.5348283293,-109945.8699654788,0.8702639105765028,0.5686066023872788,-0.25484412078484,0.7573592740519072
Qcells,Joint-patch,42,Joint-patch,12,1.0,common_H144,primary,full,35952,2996,1945.373165683328,7223.804696663789,6826.051461638749,0.2326161871952678,0.2009291471034654,0.1898656948608909,0.0541102905452638
Qcells,Joint-patch,42,Joint-patch,48,4.0,common_H144,primary,full,143808,2996,39344.78235092633,46227.57822522296,13147.894592266006,0.5230606514942809,0.3214534533907915,0.0914267258585475,0.2735924451416217
Qcells,Joint-patch,42,Joint-patch,96,8.0,common_H144,primary,full,287616,2996,230063.13412229344,154645.46719975414,-56344.21855198423,0.8943695298671528,0.5376803348901109,-0.1959008488817876,0.799896855954792
Qcells,Joint-patch,42,Joint-patch,144,12.0,common_H144,primary,full,431424,2996,326742.96744857,245310.5348283293,-109945.8699654788,0.8702639105765028,0.5686066023872788,-0.25484412078484,0.7573592740519072
Qcells,Joint-patch,43,Joint-patch,12,1.0,horizon_specific,primary,full,77556,6463,25620.20939674812,29737.475528825424,-11434.771016140912,0.5747561625655596,0.3834323009029014,-0.1474388959737597,0.330344646407088
Qcells,Joint-patch,43,Joint-patch,48,4.0,horizon_specific,primary,full,263568,5491,281010.6422279524,166592.56271617673,-123467.49493904212,1.0325593964790354,0.6320667255363956,-0.4684464538147351,1.0661789072571497
Qcells,Joint-patch,43,Joint-patch,96,8.0,horizon_specific,primary,full,405792,4227,616951.2967141779,304484.44395433425,-219599.42652463884,1.2330301618542956,0.7503460983812748,-0.5411625328361299,1.5203633800424303
Qcells,Joint-patch,43,Joint-patch,144,12.0,horizon_specific,primary,full,431424,2996,315405.8770068758,230061.11150247048,-121685.9312802918,0.8550327311885281,0.5332598823952086,-0.2820564717778607,0.7310809714037138
Qcells,Joint-patch,43,Joint-patch,12,1.0,common_H144,primary,full,35952,2996,835.0210405423859,4448.49454655979,3437.921748425128,0.1524007772284039,0.1237342719893132,0.0956253267808502,0.0232259968998215
Qcells,Joint-patch,43,Joint-patch,48,4.0,common_H144,primary,full,143808,2996,37059.02693085165,36462.577331602304,-3928.520387207599,0.5076395876548725,0.2535504097936297,-0.027317815331606,0.257697950954409
Qcells,Joint-patch,43,Joint-patch,96,8.0,common_H144,primary,full,287616,2996,222023.86332965217,142410.0695245281,-69539.858916412,0.8786042640008499,0.495139594196874,-0.2417802170825406,0.7719454527204751
Qcells,Joint-patch,43,Joint-patch,144,12.0,common_H144,primary,full,431424,2996,315405.8770068758,230061.11150247048,-121685.9312802918,0.8550327311885281,0.5332598823952086,-0.2820564717778607,0.7310809714037138
Qcells,Joint-patch,44,Joint-patch,12,1.0,horizon_specific,primary,full,77556,6463,18779.53041518285,25618.850388662187,-15716.702888057269,0.4920788094253047,0.33032712348061,-0.2026497355208787,0.2421415546854253
Qcells,Joint-patch,44,Joint-patch,48,4.0,horizon_specific,primary,full,263568,5491,256699.47047772247,159548.3404489112,-137618.89447163086,0.9868840861056516,0.6053403313335124,-0.5221380989787487,0.973940199408587
Qcells,Joint-patch,44,Joint-patch,96,8.0,horizon_specific,primary,full,405792,4227,555868.3948890131,288894.64893011464,-227145.53182523607,1.170399831399682,0.7119279062428896,-0.5597585261050885,1.369835765340404
Qcells,Joint-patch,44,Joint-patch,144,12.0,horizon_specific,primary,full,431424,2996,293581.33801845746,218097.38820758407,-126633.58991236908,0.824920454108004,0.5055291041008014,-0.2935246762172922,0.6804937556057555
Qcells,Joint-patch,44,Joint-patch,12,1.0,common_H144,primary,full,35952,2996,728.1412326275617,4208.442714508204,-2766.4317139347486,0.1423135606685667,0.1170572628646029,-0.0769479226172326,0.0202531495501658
Qcells,Joint-patch,44,Joint-patch,48,4.0,common_H144,primary,full,143808,2996,36994.73883771095,35845.15414296575,-21736.33793213269,0.5071990830120778,0.2492570242473697,-0.1511483222917549,0.2572509098082926
Qcells,Joint-patch,44,Joint-patch,96,8.0,common_H144,primary,full,287616,2996,211503.5339096012,139536.29398200454,-90984.41219293675,0.8575358656448555,0.4851478846170051,-0.3163398844046811,0.7353677608672716
Qcells,Joint-patch,44,Joint-patch,144,12.0,common_H144,primary,full,431424,2996,293581.33801845746,218097.38820758407,-126633.58991236908,0.824920454108004,0.5055291041008014,-0.2935246762172922,0.6804937556057555
Sanyo,Joint-patch,42,Joint-patch,12,1.0,horizon_specific,primary,full,79068,6589,6799.800915200328,16853.729235392035,4217.615320922109,0.2932565506556635,0.2131548696741037,0.0533416214008462,0.0859994045024577
Sanyo,Joint-patch,42,Joint-patch,48,4.0,horizon_specific,primary,full,283440,5905,126699.97640678598,105998.95082265296,-54010.50430886297,0.6685866450318869,0.3739731541866107,-0.1905535715102419,0.4470081019149943
Sanyo,Joint-patch,42,Joint-patch,96,8.0,horizon_specific,primary,full,482304,5024,448724.71490857657,269203.44919322705,-177799.4323637894,0.9645607004250552,0.5581613446980059,-0.3686459833710469,0.9303773448044732
Sanyo,Joint-patch,42,Joint-patch,144,12.0,horizon_specific,primary,full,599040,4160,429115.9550952106,294749.4774546141,-137147.2665465835,0.8463683604285269,0.4920363873107207,-0.228945089721193,0.7163394015344728
Sanyo,Joint-patch,42,Joint-patch,12,1.0,common_H144,primary,full,49920,4160,2408.9685166704303,7981.411441210048,543.9433839246904,0.2196738055909012,0.1598840432934705,0.0108963017613119,0.048256580862789
Sanyo,Joint-patch,42,Joint-patch,48,4.0,common_H144,primary,full,199680,4160,68429.09914906748,62020.99984822003,-28315.65179401151,0.5854005516180121,0.3106019623809096,-0.1418051472055864,0.3426938058346728
Sanyo,Joint-patch,42,Joint-patch,96,8.0,common_H144,primary,full,399360,4160,315246.08460186026,197387.1082840588,-120311.87194264607,0.8884695924179357,0.4942585844452594,-0.3012616985743341,0.7893782166512927
Sanyo,Joint-patch,42,Joint-patch,144,12.0,common_H144,primary,full,599040,4160,429115.9550952106,294749.4774546141,-137147.2665465835,0.8463683604285269,0.4920363873107207,-0.228945089721193,0.7163394015344728
Sanyo,Joint-patch,43,Joint-patch,12,1.0,horizon_specific,primary,full,79068,6589,4869.515254043932,13808.388061142368,6303.957385915011,0.2481661187544479,0.1746393997716189,0.0797283020427355,0.0615864224976467
Sanyo,Joint-patch,43,Joint-patch,48,4.0,horizon_specific,primary,full,283440,5905,96452.53506600363,95398.75095149004,-12284.966724511924,0.5833460395354308,0.3365747634472553,-0.0433423889518484,0.3402926018416725
Sanyo,Joint-patch,43,Joint-patch,96,8.0,horizon_specific,primary,full,482304,5024,348167.59480256523,247996.571709834,-106822.44622812603,0.8496376357604427,0.5141914056483753,-0.2214836414960813,0.7218841121005947
Sanyo,Joint-patch,43,Joint-patch,144,12.0,horizon_specific,primary,full,599040,4160,366472.509941353,286247.7580916905,-98616.54697123516,0.7821549352380699,0.4778441474554128,-0.1646243105155501,0.6117663427172693
Sanyo,Joint-patch,43,Joint-patch,12,1.0,common_H144,primary,full,49920,4160,1577.1805488853622,6304.978067905017,2232.2052483441366,0.1777474659069022,0.1263016439884819,0.0447156500068937,0.0315941616363253
Sanyo,Joint-patch,43,Joint-patch,48,4.0,common_H144,primary,full,199680,4160,56498.10170556472,59967.91540026116,-1329.5842442697572,0.5319240713448729,0.3003200891439361,-0.0066585749412547,0.2829432176761053
Sanyo,Joint-patch,43,Joint-patch,96,8.0,common_H144,primary,full,399360,4160,255119.1069139764,186898.5351454841,-67718.61688121672,0.7992620841072641,0.4679951300718251,-0.1695678507642646,0.6388198790914873
Sanyo,Joint-patch,43,Joint-patch,144,12.0,common_H144,primary,full,599040,4160,366472.509941353,286247.7580916905,-98616.54697123516,0.7821549352380699,0.4778441474554128,-0.1646243105155501,0.6117663427172693
Sanyo,Joint-patch,44,Joint-patch,12,1.0,horizon_specific,primary,full,79068,6589,3807.0716127976266,12799.716761835352,4176.034476663477,0.2194295670863239,0.1618823893589739,0.052815734262451,0.0481493349116915
Sanyo,Joint-patch,44,Joint-patch,48,4.0,horizon_specific,primary,full,283440,5905,99896.9490874387,91175.0600915732,-35929.54757725124,0.5936706008157453,0.3216732292251382,-0.1267624455872538,0.3524447822729279
Sanyo,Joint-patch,44,Joint-patch,96,8.0,horizon_specific,primary,full,482304,5024,316987.105212115,225876.2283030837,-108739.58728824902,0.8107003602868492,0.4683275036140769,-0.225458605543908,0.6572350741692272
Sanyo,Joint-patch,44,Joint-patch,144,12.0,horizon_specific,primary,full,599040,4160,337004.31459821423,267584.9069126244,-109602.05296732052,0.7500493157288598,0.4466895481313842,-0.1829628288049554,0.5625739760253309
Sanyo,Joint-patch,44,Joint-patch,12,1.0,common_H144,primary,full,49920,4160,1462.5513777974436,6549.908619424732,1586.609168889754,0.171166305687402,0.1312081053570659,0.0317830362357723,0.0292979042026731
Sanyo,Joint-patch,44,Joint-patch,48,4.0,common_H144,primary,full,199680,4160,56359.2589119821,55417.35455000188,-16696.599544544086,0.5312700736779814,0.2775308220653139,-0.0836167845780453,0.2822478911858078
Sanyo,Joint-patch,44,Joint-patch,96,8.0,common_H144,primary,full,399360,4160,229272.96758965327,169159.9285272753,-69844.3617892047,0.7576945166378083,0.4235775453908135,-0.1748907296404364,0.574100980543002
Sanyo,Joint-patch,44,Joint-patch,144,12.0,common_H144,primary,full,599040,4160,337004.31459821423,267584.9069126244,-109602.05296732052,0.7500493157288598,0.4466895481313842,-0.1829628288049554,0.5625739760253309
NIST_GROUND,TCN,42,TCN,12,1.0,horizon_specific,primary,full,302628,25219,95506710.1039458,3109663.141448812,323553.0175396586,17.76488452303429,10.27553016062232,1.0691443539251444,315.5911221167433
NIST_GROUND,TCN,42,TCN,48,4.0,horizon_specific,primary,full,1163520,24240,963620926.2533832,22017474.43049481,4335973.056218508,28.778369532589867,18.923159404646945,3.726599505138294,828.1945529542967
NIST_GROUND,TCN,42,TCN,96,8.0,horizon_specific,primary,full,2211552,23037,3738625072.9028335,61308378.692819074,25133687.86550836,41.11567073302893,27.72187978976713,11.364728419457627,1690.4983798268518
NIST_GROUND,TCN,42,TCN,144,12.0,horizon_specific,primary,full,3151440,21885,6639879121.98485,98145698.9790987,52616567.558272,45.90136124010188,31.143127896802323,16.696039765399945,2106.934963694327
NIST_GROUND,TCN,42,TCN,12,1.0,common_H144,primary,full,262620,21885,80587096.59930244,2675157.614236253,263893.4781917682,17.51736810162743,10.186419976529788,1.00484912874788,306.85818520791423
NIST_GROUND,TCN,42,TCN,48,4.0,common_H144,primary,full,1050480,21885,853876410.8919284,19693710.20380523,3872613.369782937,28.510419912242504,18.74734426529323,3.686517943971268,812.844043572394
NIST_GROUND,TCN,42,TCN,96,8.0,common_H144,primary,full,2100960,21885,3502457388.6811466,57816122.60815797,24151727.288965423,40.82982684795358,27.51890688454705,11.495567402028325,1667.0747604338717
NIST_GROUND,TCN,42,TCN,144,12.0,common_H144,primary,full,3151440,21885,6639879121.98485,98145698.9790987,52616567.558272,45.90136124010188,31.143127896802323,16.696039765399945,2106.934963694327
NIST_GROUND,TCN,43,TCN,12,1.0,horizon_specific,primary,full,302628,25219,95851719.6692481,2995481.5773808165,93235.28696175132,17.796942636478366,9.898230095631655,0.3080854612321111,316.7311672061016
NIST_GROUND,TCN,43,TCN,48,4.0,horizon_specific,primary,full,1163520,24240,1047538451.8161106,23560174.84149516,5381449.255960388,30.00530601190991,20.249050159425845,4.625145468887848,900.3183888683569
NIST_GROUND,TCN,43,TCN,96,8.0,horizon_specific,primary,full,2211552,23037,4086390511.763277,65262970.83056992,29420375.79458184,42.98543795865367,29.51003224458205,13.30304500847452,1847.747876497264
NIST_GROUND,TCN,43,TCN,144,12.0,horizon_specific,primary,full,3151440,21885,7084654754.350292,103073492.0287522,58323930.167406246,47.4138066252884,32.70679182492835,18.50707301024492,2248.0690587002423
NIST_GROUND,TCN,43,TCN,12,1.0,common_H144,primary,full,262620,21885,81660487.44690639,2584257.646452181,56651.82384842909,17.633644681302442,9.840292614622577,0.2157178579256305,310.94542474642594
NIST_GROUND,TCN,43,TCN,48,4.0,common_H144,primary,full,1050480,21885,930958497.0773418,21094523.15438728,4833095.196038296,29.76948118479627,20.0808422382028,4.600844562522176,886.2220100119391
NIST_GROUND,TCN,43,TCN,96,8.0,common_H144,primary,full,2100960,21885,3834987627.0841007,61537084.22141193,28120430.207755696,42.72411659178151,29.289983731918703,13.384562394217737,1825.35013854814
NIST_GROUND,TCN,43,TCN,144,12.0,common_H144,primary,full,3151440,21885,7084654754.350292,103073492.0287522,58323930.167406246,47.4138066252884,32.70679182492835,18.50707301024492,2248.0690587002423
NIST_GROUND,TCN,44,TCN,12,1.0,horizon_specific,primary,full,302628,25219,94234274.34466106,2922891.282765012,-593081.7872215839,17.646146946501183,9.65836367674178,-1.959771690727837,311.38650205751304
NIST_GROUND,TCN,44,TCN,48,4.0,horizon_specific,primary,full,1163520,24240,949266509.2877914,21616338.77440487,2439008.1951586977,28.563219219275908,18.5783989741516,2.0962322909436,815.8574921684126
NIST_GROUND,TCN,44,TCN,96,8.0,horizon_specific,primary,full,2211552,23037,3428718304.7191515,58442963.11242571,16911618.048157364,39.37470611475572,26.426221545966683,7.6469456961253295,1550.367481623381
NIST_GROUND,TCN,44,TCN,144,12.0,horizon_specific,primary,full,3151440,21885,5703641745.13947,91407822.66633616,34665918.179202795,42.54236192223652,29.00509692912959,11.000024807453988,1809.8525579225595
NIST_GROUND,TCN,44,TCN,12,1.0,common_H144,primary,full,262620,21885,79939853.63096976,2517068.0991083733,-527118.4549943681,17.446880075414313,9.584449391167364,-2.00715274919796,304.39362436588897
NIST_GROUND,TCN,44,TCN,48,4.0,common_H144,primary,full,1050480,21885,839701396.4982347,19351397.80482833,2330985.79282682,28.272781937386604,18.421481422614743,2.218972082121335,799.3501984790141
NIST_GROUND,TCN,44,TCN,96,8.0,common_H144,primary,full,2100960,21885,3195346803.273237,55061920.314238966,16539432.04454071,38.99869802932483,26.20798126296501,7.872321245783218,1520.898447982464
NIST_GROUND,TCN,44,TCN,144,12.0,common_H144,primary,full,3151440,21885,5703641745.13947,91407822.66633616,34665918.179202795,42.54236192223652,29.00509692912959,11.000024807453988,1809.8525579225595
NIST_GROUND,Recurrent,42,Recurrent,12,1.0,horizon_specific,primary,full,302628,25219,96187766.33924922,2701890.90354265,-426909.49265720544,17.828112503055507,8.928092917848481,-1.410674136752731,317.8415954216041
NIST_GROUND,Recurrent,42,Recurrent,48,4.0,horizon_specific,primary,full,1163520,24240,897110897.1996479,18103806.52341445,1423698.3495690243,27.767459020569262,15.559514682527553,1.2236131304739275,771.0317804589934
NIST_GROUND,Recurrent,42,Recurrent,96,8.0,horizon_specific,primary,full,2211552,23037,3538630305.4602294,50213880.05159494,16809288.95988287,40.000831451913385,22.70526763630018,7.600675435116547,1600.0665168443832
NIST_GROUND,Recurrent,42,Recurrent,144,12.0,horizon_specific,primary,full,3151440,21885,6152590539.188916,79981204.44103703,37440492.732043415,44.184961930608445,25.37925660683276,11.880439650459287,1952.310860809317
NIST_GROUND,Recurrent,42,Recurrent,12,1.0,common_H144,primary,full,262620,21885,81723036.7984705,2318653.437866226,-372827.0409210498,17.640396795729124,8.828929395576216,-1.419644508876132,311.1835991107704
NIST_GROUND,Recurrent,42,Recurrent,48,4.0,common_H144,primary,full,1050480,21885,779821646.163443,16013555.770608217,1388760.9589142697,27.246062523049144,15.244036793283277,1.3220251303349608,742.3479230099031
NIST_GROUND,Recurrent,42,Recurrent,96,8.0,common_H144,primary,full,2100960,21885,3278932348.9684105,47074911.30827922,16056434.44019689,39.5054793871798,22.4063815152498,7.64242748086441,1560.6829016108877
NIST_GROUND,Recurrent,42,Recurrent,144,12.0,common_H144,primary,full,3151440,21885,6152590539.188916,79981204.44103703,37440492.732043415,44.184961930608445,25.37925660683276,11.880439650459287,1952.310860809317
NIST_GROUND,Recurrent,43,Recurrent,12,1.0,horizon_specific,primary,full,302628,25219,87017536.34291601,2595315.2471174654,-154329.48368275777,16.956992879474804,8.57592571446616,-0.5099643247906928,287.5396075145592
NIST_GROUND,Recurrent,43,Recurrent,48,4.0,horizon_specific,primary,full,1163520,24240,872471061.9615772,17087217.44265458,-245833.58809856404,27.383476849254656,14.685796069388218,-0.2112843682090243,749.8548043536657
NIST_GROUND,Recurrent,43,Recurrent,96,8.0,horizon_specific,primary,full,2211552,23037,3282123880.712386,48090021.87473954,10466617.89857274,38.52378113677408,21.744920252718245,4.732702599157849,1484.0817130740702
NIST_GROUND,Recurrent,43,Recurrent,144,12.0,horizon_specific,primary,full,3151440,21885,5897261700.824608,78761091.61021873,33100964.72019709,43.25842258242011,24.992096187843885,10.50344119519873,1871.2911243192343
NIST_GROUND,Recurrent,43,Recurrent,12,1.0,common_H144,primary,full,262620,21885,74071939.07060805,2229298.880497732,-105987.2296734978,16.794340666420958,8.48868662134541,-0.4035763828859104,282.0498784198007
NIST_GROUND,Recurrent,43,Recurrent,48,4.0,common_H144,primary,full,1050480,21885,765233341.3874798,15157701.639382148,121964.2114136454,26.9900101497272,14.42931006719038,0.1161033160209098,728.4606478823773
NIST_GROUND,Recurrent,43,Recurrent,96,8.0,common_H144,primary,full,2100960,21885,3032952255.155415,45042179.986901626,10465973.243516624,37.99477655973894,21.438856516498,4.9815195165622494,1443.6030458244877
NIST_GROUND,Recurrent,43,Recurrent,144,12.0,common_H144,primary,full,3151440,21885,5897261700.824608,78761091.61021873,33100964.72019709,43.25842258242011,24.992096187843885,10.50344119519873,1871.2911243192343
NIST_GROUND,Recurrent,44,Recurrent,12,1.0,horizon_specific,primary,full,302628,25219,88736927.23060192,2438945.949462642,100467.75888507855,17.12370112583077,8.059221055099469,0.3319843467394905,293.221140246778
NIST_GROUND,Recurrent,44,Recurrent,48,4.0,horizon_specific,primary,full,1163520,24240,902517916.2132294,17691306.339244682,2398484.3053306565,27.85101258726436,15.204986883976796,2.0614035902525583,775.6789021359576
NIST_GROUND,Recurrent,44,Recurrent,96,8.0,horizon_specific,primary,full,2211552,23037,3720702057.097909,51172847.52743457,19774303.007403627,41.01699780882347,23.13888505783928,8.941369231835212,1682.394109249029
NIST_GROUND,Recurrent,44,Recurrent,144,12.0,horizon_specific,primary,full,3151440,21885,6583251321.917517,82207951.722527,42977131.140725456,45.70520865991293,26.08583749731139,13.637299501410611,2088.96609864618
NIST_GROUND,Recurrent,44,Recurrent,12,1.0,common_H144,primary,full,262620,21885,75356556.50353183,2098998.3015740523,91941.8606719824,16.939345411850958,7.992530277869363,0.3500946640468448,286.94142298199614
NIST_GROUND,Recurrent,44,Recurrent,48,4.0,common_H144,primary,full,1050480,21885,790550430.9634506,15697279.126956128,2270104.370610946,27.432847908928817,14.942958577941631,2.16101626933492,752.5611443944202
NIST_GROUND,Recurrent,44,Recurrent,96,8.0,common_H144,primary,full,2100960,21885,3463927627.6405487,48008233.27762216,19004650.25031173,40.60462582976128,22.85061746897712,9.045698276174573,1648.7356387749169
NIST_GROUND,Recurrent,44,Recurrent,144,12.0,common_H144,primary,full,3151440,21885,6583251321.917517,82207951.722527,42977131.140725456,45.70520865991293,26.08583749731139,13.637299501410611,2088.96609864618
NIST_GROUND,Inverted,42,Inverted,12,1.0,horizon_specific,primary,full,302628,25219,97075941.15950207,3216454.30496776,-986763.7403990472,17.91023362958055,10.628409482823002,-3.2606491811697764,320.7764686661581
NIST_GROUND,Inverted,42,Inverted,48,4.0,horizon_specific,primary,full,1163520,24240,951296992.9842046,20597445.7120543,2014039.865347267,28.59375130351318,17.702700178814545,1.7309886081436217,817.6026136071616
NIST_GROUND,Inverted,42,Inverted,96,8.0,horizon_specific,primary,full,2211552,23037,3683748242.584731,57404833.529320695,19956579.53563282,40.81280020569047,25.956809303747185,9.023789418305704,1665.684660629608
NIST_GROUND,Inverted,42,Inverted,144,12.0,horizon_specific,primary,full,3151440,21885,6256800483.444554,91332320.16466738,40763068.0188136,44.557583712169865,28.981138833253173,12.93474348831442,1985.3782662670253
NIST_GROUND,Inverted,42,Inverted,12,1.0,common_H144,primary,full,262620,21885,83312034.60791893,2777091.6734441924,-855179.3097388085,17.81106841627723,10.574562765380367,-3.256337330511037,317.23415812930824
NIST_GROUND,Inverted,42,Inverted,48,4.0,common_H144,primary,full,1050480,21885,842874527.0447836,18407575.71499341,2071277.2487749392,28.326151286456227,17.523013969798008,1.9717436303165592,802.3708467032058
NIST_GROUND,Inverted,42,Inverted,96,8.0,common_H144,primary,full,2100960,21885,3454492135.643269,54114550.87859531,19493734.66832693,40.5492860651548,25.75705909612525,9.27848919937882,1644.2446003937575
NIST_GROUND,Inverted,42,Inverted,144,12.0,common_H144,primary,full,3151440,21885,6256800483.444554,91332320.16466738,40763068.0188136,44.557583712169865,28.981138833253173,12.93474348831442,1985.3782662670253
NIST_GROUND,Inverted,43,Inverted,12,1.0,horizon_specific,primary,full,302628,25219,96557567.11033615,3093046.116293761,-408706.3688563334,17.862350356173536,10.220621080315638,-1.350523972852259,319.0635602466928
NIST_GROUND,Inverted,43,Inverted,48,4.0,horizon_specific,primary,full,1163520,24240,958014633.8056126,19653557.651150048,-2179871.37076891,28.69453194500744,16.89146525298237,-1.8735143106856005,823.3761635430526
NIST_GROUND,Inverted,43,Inverted,96,8.0,horizon_specific,primary,full,2211552,23037,3430838158.323511,54120804.04527244,11318133.02924291,39.38687621854305,24.47186593183088,5.117733170751992,1551.3260182548324
NIST_GROUND,Inverted,43,Inverted,144,12.0,horizon_specific,primary,full,3151440,21885,6091430429.937926,88474383.53799996,35072066.81335983,43.964802113718605,28.074271932196066,11.12890196651684,1932.903824898436
NIST_GROUND,Inverted,43,Inverted,12,1.0,common_H144,primary,full,262620,21885,82552338.22257248,2669900.3308830326,-349986.0928628643,17.729675661598133,10.166401381779885,-1.33267113267407,314.3413990654652
NIST_GROUND,Inverted,43,Inverted,48,4.0,common_H144,primary,full,1050480,21885,843462165.7526181,17554046.589405045,-1653840.106590081,28.33602383697525,16.710500523003812,-1.5743661055803833,802.9302468896295
NIST_GROUND,Inverted,43,Inverted,96,8.0,common_H144,primary,full,2100960,21885,3201758453.726453,50977813.8147807,11384168.521441847,39.03780500706044,24.26405729513208,5.418555575280752,1523.9502197692734
NIST_GROUND,Inverted,43,Inverted,144,12.0,common_H144,primary,full,3151440,21885,6091430429.937926,88474383.53799996,35072066.81335983,43.964802113718605,28.074271932196066,11.12890196651684,1932.903824898436
NIST_GROUND,Inverted,44,Inverted,12,1.0,horizon_specific,primary,full,302628,25219,94754091.64168584,3005439.284404272,-527867.3127556408,17.694750055491102,9.931134212314364,-1.7442778353478223,313.1041795263024
NIST_GROUND,Inverted,44,Inverted,48,4.0,horizon_specific,primary,full,1163520,24240,926897520.8841556,19140974.530364063,-282043.0957801048,28.22467396147995,16.450920079039523,-0.2424050259386214,796.6322202318444
NIST_GROUND,Inverted,44,Inverted,96,8.0,horizon_specific,primary,full,2211552,23037,3617997348.289208,54960126.073979616,17149827.799449462,40.44692823284879,24.85138313454968,7.754657272110021,1635.9540034732208
NIST_GROUND,Inverted,44,Inverted,144,12.0,horizon_specific,primary,full,3151440,21885,6475453821.692895,90187731.07795665,43933800.81044288,45.32946400451692,28.617943250690683,13.940865385488182,2054.760306936796
NIST_GROUND,Inverted,44,Inverted,12,1.0,common_H144,primary,full,262620,21885,80982534.07801232,2588269.247045394,-462508.5234910512,17.560293999813396,9.85556791960016,-1.7611321433670366,308.3639253598824
NIST_GROUND,Inverted,44,Inverted,48,4.0,common_H144,primary,full,1050480,21885,822317236.2724063,17141090.51055074,-6495.90630154527,27.97858860919213,16.317388727582383,-0.0061837505726384,782.8014205624156
NIST_GROUND,Inverted,44,Inverted,96,8.0,common_H144,primary,full,2100960,21885,3388909614.057734,51783108.462863125,16920479.441308104,40.16253351264149,24.647355714941323,8.05368947591011,1613.0290981540506
NIST_GROUND,Inverted,44,Inverted,144,12.0,common_H144,primary,full,3151440,21885,6475453821.692895,90187731.07795665,43933800.81044288,45.32946400451692,28.617943250690683,13.940865385488182,2054.760306936796
NIST_GROUND,Joint-patch,42,Joint-patch,12,1.0,horizon_specific,primary,full,302628,25219,114140783.36031292,3568043.0669656885,-658440.2635640821,19.42074431514565,11.790194783581455,-2.1757413840229,377.1653097542624
NIST_GROUND,Joint-patch,42,Joint-patch,48,4.0,horizon_specific,primary,full,1163520,24240,981583835.5613118,21007393.68239665,1371367.9486009898,29.04536059309129,18.055034449254546,1.1786371945484304,843.6329719827006
NIST_GROUND,Joint-patch,42,Joint-patch,96,8.0,horizon_specific,primary,full,2211552,23037,3744742033.336361,56707160.77090848,20212432.68268166,41.14929273790516,25.641341813761773,9.139478828750878,1693.264292829814
NIST_GROUND,Joint-patch,42,Joint-patch,144,12.0,horizon_specific,primary,full,3151440,21885,6881911340.504732,91954772.6616878,48213908.53618988,46.73045559176483,29.17865250859537,15.299008877271936,2183.735479813905
NIST_GROUND,Joint-patch,42,Joint-patch,12,1.0,common_H144,primary,full,262620,21885,96209985.01169243,3078371.8926107464,-622486.0377698003,19.14018693255929,11.721772494900414,-2.370291820005332,366.3467558133137
NIST_GROUND,Joint-patch,42,Joint-patch,48,4.0,common_H144,primary,full,1050480,21885,864758970.3477327,18761978.104475297,1361308.554370007,28.69152575397712,17.860385827883725,1.2958919297559277,823.2036500911323
NIST_GROUND,Joint-patch,42,Joint-patch,96,8.0,common_H144,primary,full,2100960,21885,3505412068.436921,53422438.96096055,19653989.602099314,40.84704527737678,25.42763258746504,9.354766203116345,1668.4811078920688
NIST_GROUND,Joint-patch,42,Joint-patch,144,12.0,common_H144,primary,full,3151440,21885,6881911340.504732,91954772.6616878,48213908.53618988,46.73045559176483,29.17865250859537,15.299008877271936,2183.735479813905
NIST_GROUND,Joint-patch,43,Joint-patch,12,1.0,horizon_specific,primary,full,302628,25219,118960374.0043299,3561727.3324616635,-1210582.9992467556,19.82652521147497,11.769325153196874,-4.000234608981177,393.0911019612524
NIST_GROUND,Joint-patch,43,Joint-patch,48,4.0,horizon_specific,primary,full,1163520,24240,1030630658.6813654,21556719.06230622,-3467032.585210507,29.762170636302667,18.527158159985408,-2.979779105825862,885.7868009843968
NIST_GROUND,Joint-patch,43,Joint-patch,96,8.0,horizon_specific,primary,full,2211552,23037,3820865080.269418,57587846.83213845,14730631.43399873,41.56542960345912,26.03956263842697,6.66076648163766,1727.6849381201157
NIST_GROUND,Joint-patch,43,Joint-patch,144,12.0,horizon_specific,primary,full,3151440,21885,6514766089.6597,90099341.51724076,37511260.18876594,45.466852644874905,28.589895894334266,11.902895244321943,2067.2346894307684
NIST_GROUND,Joint-patch,43,Joint-patch,12,1.0,common_H144,primary,full,262620,21885,101319148.14346348,3076408.47692003,-1053834.7120512517,19.641826312385824,11.714296233797995,-4.012774015883221,385.8013408859321
NIST_GROUND,Joint-patch,43,Joint-patch,48,4.0,common_H144,primary,full,1050480,21885,903874486.86396,19184666.17482134,-2897072.2103754445,29.33324906757724,18.26276195150916,-2.7578556568192107,860.439500860521
NIST_GROUND,Joint-patch,43,Joint-patch,96,8.0,common_H144,primary,full,2100960,21885,3575538107.069809,54256621.42050576,14383671.142095614,41.25359621978593,25.8246808223411,6.8462375019494015,1701.8592010651364
NIST_GROUND,Joint-patch,43,Joint-patch,144,12.0,common_H144,primary,full,3151440,21885,6514766089.6597,90099341.51724076,37511260.18876594,45.466852644874905,28.589895894334266,11.902895244321943,2067.2346894307684
NIST_GROUND,Joint-patch,44,Joint-patch,12,1.0,horizon_specific,primary,full,302628,25219,109211635.38021292,3221080.61932086,-817002.6140758776,18.996775982273327,10.643696615385425,-2.6996927385300684,360.8774977206767
NIST_GROUND,Joint-patch,44,Joint-patch,48,4.0,horizon_specific,primary,full,1163520,24240,1031875586.9987124,21814858.30032258,4161411.013665373,29.780140500908384,18.749018753715088,3.576570246893369,886.8567682538439
NIST_GROUND,Joint-patch,44,Joint-patch,96,8.0,horizon_specific,primary,full,2211552,23037,4003730263.89906,60273126.16624139,28199298.89475079,42.54845822796665,27.25376846949174,12.75090926858188,1810.371297577023
NIST_GROUND,Joint-patch,44,Joint-patch,144,12.0,horizon_specific,primary,full,3151440,21885,7038330731.737322,94953812.5597157,54844288.12960763,47.25854144452919,30.130293630757908,17.402929495598087,2233.369739464284
NIST_GROUND,Joint-patch,44,Joint-patch,12,1.0,common_H144,primary,full,262620,21885,92972714.73790354,2785393.287544833,-764439.5917684321,18.81541742153406,10.60617351132752,-2.910820165137583,354.0199327465674
NIST_GROUND,Joint-patch,44,Joint-patch,48,4.0,common_H144,primary,full,1050480,21885,905052936.351268,19440801.343076825,3853740.9698755913,29.35236482591429,18.50658874331432,3.668552442574434,861.5613208735703
NIST_GROUND,Joint-patch,44,Joint-patch,96,8.0,common_H144,primary,full,2100960,21885,3763278862.195036,56819047.63308439,27147395.301576905,42.32279185719064,27.04432622852619,12.921424159230495,1791.218710587082
NIST_GROUND,Joint-patch,44,Joint-patch,144,12.0,common_H144,primary,full,3151440,21885,7038330731.737322,94953812.5597157,54844288.12960763,47.25854144452919,30.130293630757908,17.402929495598087,2233.369739464284
YULARA_COMBINED,TCN,42,TCN,12,1.0,horizon_specific,primary,full,316944,26412,42881290.56075851,2204022.310645073,767323.1594565541,11.631685641431933,6.953980231981275,2.4210054755936508,135.29611086109378
YULARA_COMBINED,TCN,42,TCN,48,4.0,horizon_specific,primary,full,1266048,26376,357070724.2243831,14994660.402318344,-563682.2894851681,16.793918314285094,11.843674491266006,-0.4452297934084395,282.0356923468803
YULARA_COMBINED,TCN,42,TCN,96,8.0,horizon_specific,primary,full,2527488,26328,1018601621.345887,35970335.272413604,-7110416.646973465,20.075095982783125,14.231654224436912,-2.8132345819143216,403.0094787179551
YULARA_COMBINED,TCN,42,TCN,144,12.0,horizon_specific,primary,full,3784320,26280,1660910368.8176055,55810601.99516957,-15809557.992343811,20.94976577014725,14.747854831295866,-4.177648294104043,438.89268582403326
YULARA_COMBINED,TCN,42,TCN,12,1.0,common_H144,primary,full,315360,26280,42512237.10812496,2187794.646527684,758920.8863940146,11.61057360970215,6.937451314458661,2.406522343968844,134.80541954631204
YULARA_COMBINED,TCN,42,TCN,48,4.0,common_H144,primary,full,1261440,26280,356057082.5495068,14945721.889123963,-587307.9625824521,16.80066666980135,11.848143303782953,-0.4655853330974538,282.2624005497739
YULARA_COMBINED,TCN,42,TCN,96,8.0,common_H144,primary,full,2522880,26280,1017304910.2913474,35909758.81500283,-7124366.157304654,20.080627196816128,14.233637277636204,-2.823902110803785,403.2315886175115
YULARA_COMBINED,TCN,42,TCN,144,12.0,common_H144,primary,full,3784320,26280,1660910368.8176055,55810601.99516957,-15809557.992343811,20.94976577014725,14.747854831295866,-4.177648294104043,438.89268582403326
YULARA_COMBINED,TCN,43,TCN,12,1.0,horizon_specific,primary,full,316944,26412,32269870.53342185,1734097.4700581538,272937.6071574116,10.09037587063562,5.471305562049301,0.8611540434821658,101.81568521070552
YULARA_COMBINED,TCN,43,TCN,48,4.0,horizon_specific,primary,full,1266048,26376,277198446.60351,12488542.650239756,-190376.6141707273,14.796885402714375,9.864193656354068,-0.1503707712272577,218.9478176210617
YULARA_COMBINED,TCN,43,TCN,96,8.0,horizon_specific,primary,full,2527488,26328,789314446.3536439,30693963.592413746,-5464381.930153881,17.671787256252156,12.144059078584643,-2.1619813546706776,312.29206483023614
YULARA_COMBINED,TCN,43,TCN,144,12.0,horizon_specific,primary,full,3784320,26280,1214462557.8485065,47363711.5233912,-12275981.683696598,17.914229698167972,12.515778666548073,-3.2439068798876938,320.9196256787234
YULARA_COMBINED,TCN,43,TCN,12,1.0,common_H144,primary,full,315360,26280,32015402.499020368,1721115.4093859652,267360.42598637415,10.07572207596276,5.457621161168079,0.8477943492718611,101.52017535204328
YULARA_COMBINED,TCN,43,TCN,48,4.0,common_H144,primary,full,1261440,26280,276322567.88287526,12440321.610803114,-219182.5737096197,14.800448597918953,9.862000262242448,-0.1737558454699547,219.05327869964108
YULARA_COMBINED,TCN,43,TCN,96,8.0,common_H144,primary,full,2522880,26280,788000990.5800754,30630730.98450836,-5473554.320455842,17.673195627239654,12.141176347867658,-2.1695658614186333,312.34184367868284
YULARA_COMBINED,TCN,43,TCN,144,12.0,common_H144,primary,full,3784320,26280,1214462557.8485065,47363711.5233912,-12275981.683696598,17.914229698167972,12.515778666548073,-3.2439068798876938,320.9196256787234
YULARA_COMBINED,TCN,44,TCN,12,1.0,horizon_specific,primary,full,316944,26412,31458780.41880831,1687440.5677988748,53928.861613685134,9.962760121370964,5.324096899764232,0.1701526503536433,99.25658923597958
YULARA_COMBINED,TCN,44,TCN,48,4.0,horizon_specific,primary,full,1266048,26376,268289693.91869447,12456927.372700429,-1555480.7422269117,14.55716850775169,9.83922203004975,-1.228611191856005,211.9111549630776
YULARA_COMBINED,TCN,44,TCN,96,8.0,horizon_specific,primary,full,2527488,26328,779178140.8183706,30774807.173871417,-9240168.08357184,17.557950850271364,12.176044821526911,-3.6558702093034032,308.28163806054494
YULARA_COMBINED,TCN,44,TCN,144,12.0,horizon_specific,primary,full,3784320,26280,1193815601.570888,47418041.210062,-17943743.34823768,17.76129790508604,12.530135192072024,-4.741603074855635,315.4637032732137
YULARA_COMBINED,TCN,44,TCN,12,1.0,common_H144,primary,full,315360,26280,31213028.437548254,1675632.0022132937,49208.265082702754,9.948661412159847,5.31339422315225,0.156038384965445,98.97586389379838
YULARA_COMBINED,TCN,44,TCN,48,4.0,common_H144,primary,full,1261440,26280,267540376.88267064,12413154.382486394,-1571494.9107088195,14.563352720276558,9.840463583274982,-1.2457944180530345,212.09124245518663
YULARA_COMBINED,TCN,44,TCN,96,8.0,common_H144,primary,full,2522880,26280,778010519.7111547,30717851.804109573,-9241528.396068182,17.560805698067107,12.17570863620528,-3.6630867881421953,308.38189676526616
YULARA_COMBINED,TCN,44,TCN,144,12.0,common_H144,primary,full,3784320,26280,1193815601.570888,47418041.210062,-17943743.34823768,17.76129790508604,12.530135192072024,-4.741603074855635,315.4637032732137
YULARA_COMBINED,Recurrent,42,Recurrent,12,1.0,horizon_specific,primary,full,316944,26412,49399676.6159772,1860411.841219487,-249841.3041659741,12.48448941973242,5.86984401414599,-0.7882821702445041,155.86247607141073
YULARA_COMBINED,Recurrent,42,Recurrent,48,4.0,horizon_specific,primary,full,1266048,26376,321358245.5964744,10394225.115117127,-2101011.700296402,15.931975802442537,8.209977121813017,-1.6595039842852737,253.82785296961444
YULARA_COMBINED,Recurrent,42,Recurrent,96,8.0,horizon_specific,primary,full,2527488,26328,837690216.4055984,24432229.352451995,-7391168.827778381,18.2052719355348,9.666605480402676,-2.924314112580705,331.43192624677084
YULARA_COMBINED,Recurrent,42,Recurrent,144,12.0,horizon_specific,primary,full,3784320,26280,1292297987.5811288,37842955.46881122,-13769741.106621146,18.47938048367134,9.999935383057252,-3.638630218010408,341.4875030602932
YULARA_COMBINED,Recurrent,42,Recurrent,12,1.0,common_H144,primary,full,315360,26280,49161025.79448071,1848631.541064779,-250970.48063185893,12.485535237431629,5.861972162179031,-0.7958221734901667,155.8885901651469
YULARA_COMBINED,Recurrent,42,Recurrent,48,4.0,common_H144,primary,full,1261440,26280,320565686.45047593,10352394.865375292,-2105534.0579785737,15.941354423697264,8.206807192871077,-1.6691511748308074,254.1267808619324
YULARA_COMBINED,Recurrent,42,Recurrent,96,8.0,common_H144,primary,full,2522880,26280,836942091.9457083,24392149.127929963,-7384180.948835194,18.21375154864285,9.6683746860453,-2.926885523225517,331.7407454756898
YULARA_COMBINED,Recurrent,42,Recurrent,144,12.0,common_H144,primary,full,3784320,26280,1292297987.5811288,37842955.46881122,-13769741.106621146,18.47938048367134,9.999935383057252,-3.638630218010408,341.4875030602932
YULARA_COMBINED,Recurrent,43,Recurrent,12,1.0,horizon_specific,primary,full,316944,26412,44863971.1695938,1793021.009265314,-40809.85077216195,11.897551383210317,5.657217077039836,-0.1287604459215569,141.55172891612966
YULARA_COMBINED,Recurrent,43,Recurrent,48,4.0,horizon_specific,primary,full,1266048,26376,307449001.89769256,10112688.019371169,-966949.4215057774,15.583372713844163,7.987602381087578,-0.7637541558501553,242.84150513858287
YULARA_COMBINED,Recurrent,43,Recurrent,96,8.0,horizon_specific,primary,full,2527488,26328,760650146.724022,23496236.389794394,-5946297.708907871,17.347940563503954,9.296280096995275,-2.3526512129465584,300.9510417948659
YULARA_COMBINED,Recurrent,43,Recurrent,144,12.0,horizon_specific,primary,full,3784320,26280,1097306650.8132863,35204786.340239905,-10570496.386373185,17.02825241564019,9.302803764015705,-2.793235346475241,289.961380330756
YULARA_COMBINED,Recurrent,43,Recurrent,12,1.0,common_H144,primary,full,315360,26280,44578859.69914256,1781485.0801157868,-37637.376822770864,11.889433829805508,5.6490521312651785,-0.1193473389864626,141.35863679332368
YULARA_COMBINED,Recurrent,43,Recurrent,48,4.0,common_H144,primary,full,1261440,26280,306363849.1349814,10069117.586723292,-952422.3712907908,15.584233962097477,7.982240603376532,-0.7550278818578694,242.8683481853924
YULARA_COMBINED,Recurrent,43,Recurrent,96,8.0,common_H144,primary,full,2522880,26280,759358928.8815031,23447474.939331014,-5916049.691975691,17.349032276991256,9.293931910883996,-2.3449588137270467,300.9889209480844
YULARA_COMBINED,Recurrent,43,Recurrent,144,12.0,common_H144,primary,full,3784320,26280,1097306650.8132863,35204786.340239905,-10570496.386373185,17.02825241564019,9.302803764015705,-2.793235346475241,289.961380330756
YULARA_COMBINED,Recurrent,44,Recurrent,12,1.0,horizon_specific,primary,full,316944,26412,50149365.67095444,1953070.5420225288,-391667.1983524706,12.57886495787214,6.162194400343684,-1.2357615173420875,158.22784362838368
YULARA_COMBINED,Recurrent,44,Recurrent,48,4.0,horizon_specific,primary,full,1266048,26376,321348644.01006866,10575927.645895146,-3007632.908427678,15.931737791769049,8.353496586144558,-2.375607329601783,253.82026906568208
YULARA_COMBINED,Recurrent,44,Recurrent,96,8.0,horizon_specific,primary,full,2527488,26328,822914055.7609122,24908081.622400865,-9014701.375347923,18.04399462298821,9.854876312924478,-3.566664362144518,325.58574195442753
YULARA_COMBINED,Recurrent,44,Recurrent,144,12.0,horizon_specific,primary,full,3784320,26280,1245314683.783507,37532713.1796007,-14044230.04312694,18.14034857647049,9.917954395928648,-3.711163443664104,329.0722464758549
YULARA_COMBINED,Recurrent,44,Recurrent,12,1.0,common_H144,primary,full,315360,26280,49892505.41498321,1941572.619371069,-386681.0660415657,12.57808001349159,6.156686388162952,-1.2261576168238386,158.2080968257966
YULARA_COMBINED,Recurrent,44,Recurrent,48,4.0,common_H144,primary,full,1261440,26280,320599876.5196572,10537752.657552505,-2996601.9601066355,15.94220451698803,8.353748618683808,-2.375540620328066,254.1538848614736
YULARA_COMBINED,Recurrent,44,Recurrent,96,8.0,common_H144,primary,full,2522880,26280,822111421.9414188,24868842.61463303,-8993938.118345909,18.05165580259859,9.85732282733742,-3.5649488355949983,325.8622772154913
YULARA_COMBINED,Recurrent,44,Recurrent,144,12.0,common_H144,primary,full,3784320,26280,1245314683.783507,37532713.1796007,-14044230.04312694,18.14034857647049,9.917954395928648,-3.711163443664104,329.0722464758549
YULARA_COMBINED,Inverted,42,Inverted,12,1.0,horizon_specific,primary,full,316944,26412,33763739.418732814,1965385.4024213527,-632666.6111045051,10.32129051991105,6.201049404378543,-1.9961463574148908,106.52903799640572
YULARA_COMBINED,Inverted,42,Inverted,48,4.0,horizon_specific,primary,full,1266048,26376,223792541.3862724,10672942.77170689,-1143162.8915778943,13.295287049449229,8.430124901825911,-0.9029380336115964,176.76465772725234
YULARA_COMBINED,Inverted,42,Inverted,96,8.0,horizon_specific,primary,full,2527488,26328,620279304.4630717,25487654.076279435,-3211007.5167527413,15.665674351510036,10.084184010479747,-1.2704343271868122,245.4133528875594
YULARA_COMBINED,Inverted,42,Inverted,144,12.0,horizon_specific,primary,full,3784320,26280,966734021.8102504,39008579.24233158,-9873492.099174224,15.983046939187156,10.307949444637764,-2.609053171817981,255.45778946025985
YULARA_COMBINED,Inverted,42,Inverted,12,1.0,common_H144,primary,full,315360,26280,33507019.867517624,1953445.6756823787,-629705.5511650444,10.3077671199676,6.194335602747269,-1.9967832038465387,106.25006299948512
YULARA_COMBINED,Inverted,42,Inverted,48,4.0,common_H144,primary,full,1261440,26280,223111078.497484,10634101.571306638,-1148875.732599995,13.299253633595937,8.430128719008941,-0.9107652623985248,176.87014721071472
YULARA_COMBINED,Inverted,42,Inverted,96,8.0,common_H144,primary,full,2522880,26280,619475570.0477159,25442504.509679925,-3221882.82441866,15.669812325470373,10.084706569349285,-1.2770654269797452,245.54301831546323
YULARA_COMBINED,Inverted,42,Inverted,144,12.0,common_H144,primary,full,3784320,26280,966734021.8102504,39008579.24233158,-9873492.099174224,15.983046939187156,10.307949444637764,-2.609053171817981,255.45778946025985
YULARA_COMBINED,Inverted,43,Inverted,12,1.0,horizon_specific,primary,full,316944,26412,33345905.153605714,1841041.012448228,331745.5285811168,10.257227497831298,5.808726501994762,1.0467007691614822,105.2107159422665
YULARA_COMBINED,Inverted,43,Inverted,48,4.0,horizon_specific,primary,full,1266048,26376,223245921.2832372,10370515.453636048,-885001.0295718743,13.27904005052171,8.19124982120429,-0.6990264425771173,176.3329046633596
YULARA_COMBINED,Inverted,43,Inverted,96,8.0,horizon_specific,primary,full,2527488,26328,620471762.0038438,25158060.79049696,-4707779.034060516,15.668104501368608,9.953780508748984,-1.8626316065835,245.4894986658072
YULARA_COMBINED,Inverted,43,Inverted,144,12.0,horizon_specific,primary,full,3784320,26280,936999957.7656348,38374776.42462337,-9816488.633202985,15.73533013887975,10.14046814873567,-2.593990104748801,247.6006145795374
YULARA_COMBINED,Inverted,43,Inverted,12,1.0,common_H144,primary,full,315360,26280,33064127.740711577,1827135.177189963,325187.6405676712,10.239417038008485,5.793807639491257,1.0311632438092058,104.84566127825843
YULARA_COMBINED,Inverted,43,Inverted,48,4.0,common_H144,primary,full,1261440,26280,222235364.4608956,10319096.039671415,-919735.0024540856,13.2731280963561,8.18040972196174,-0.7291151402001566,176.1759294622777
YULARA_COMBINED,Inverted,43,Inverted,96,8.0,common_H144,primary,full,2522880,26280,619228326.2584689,25096057.269623533,-4754778.361610562,15.66668496209024,9.947384445405064,-1.8846629096946987,245.44501770138447
YULARA_COMBINED,Inverted,43,Inverted,144,12.0,common_H144,primary,full,3784320,26280,936999957.7656348,38374776.42462337,-9816488.633202985,15.73533013887975,10.14046814873567,-2.593990104748801,247.6006145795374
YULARA_COMBINED,Inverted,44,Inverted,12,1.0,horizon_specific,primary,full,316944,26412,33557797.35155332,1792372.686780601,25242.34127570928,10.289764996921038,5.655171534342347,0.0796429062411949,105.8792636918614
YULARA_COMBINED,Inverted,44,Inverted,48,4.0,horizon_specific,primary,full,1266048,26376,231715857.3957848,10708221.048090328,-507185.5973992625,13.528598001897072,8.457989782449266,-0.4006053462422139,183.02296389693345
YULARA_COMBINED,Inverted,44,Inverted,96,8.0,horizon_specific,primary,full,2527488,26328,628029111.9341373,25391831.68836025,-4102315.991728484,15.763234512318846,10.046271906477994,-1.623080304131408,248.47956229036
YULARA_COMBINED,Inverted,44,Inverted,144,12.0,horizon_specific,primary,full,3784320,26280,932432806.9721112,38708671.63657857,-4512968.3369532265,15.696934506436644,10.228699379697956,-1.1925440599508568,246.39375289936137
YULARA_COMBINED,Inverted,44,Inverted,12,1.0,common_H144,primary,full,315360,26280,33289155.67427518,1779098.1365889525,18805.66601515893,10.274201680648586,5.641483182993888,0.059632375745684,105.55922017464223
YULARA_COMBINED,Inverted,44,Inverted,48,4.0,common_H144,primary,full,1261440,26280,230666636.516809,10655650.413198613,-544679.455505145,13.522565456989522,8.447211451356079,-0.4317918057974577,182.85977653856625
YULARA_COMBINED,Inverted,44,Inverted,96,8.0,common_H144,primary,full,2522880,26280,626637744.6857176,25325541.36690237,-4155890.61845647,15.760136632164508,10.03834560775874,-1.6472803377316678,248.3819066644936
YULARA_COMBINED,Inverted,44,Inverted,144,12.0,common_H144,primary,full,3784320,26280,932432806.9721112,38708671.63657857,-4512968.3369532265,15.696934506436644,10.228699379697956,-1.1925440599508568,246.39375289936137
YULARA_COMBINED,Joint-patch,42,Joint-patch,12,1.0,horizon_specific,primary,full,316944,26412,52478328.87424743,2188242.3843982024,-362572.9178796756,12.867634934483156,6.904192489519292,-1.1439652363814288,165.57602880713134
YULARA_COMBINED,Joint-patch,42,Joint-patch,48,4.0,horizon_specific,primary,full,1266048,26376,273827827.0902103,11577593.81538882,-411013.1066733856,14.706648220609983,9.144672094098183,-0.3246425938616747,216.2855018847708
YULARA_COMBINED,Joint-patch,42,Joint-patch,96,8.0,horizon_specific,primary,full,2527488,26328,742795752.3328905,27888492.6803201,-997801.4111893747,17.143131425868784,11.034075208396676,-0.3947798807311349,293.8869550846099
YULARA_COMBINED,Joint-patch,42,Joint-patch,144,12.0,horizon_specific,primary,full,3784320,26280,1139936535.754035,42222681.86983984,-6566361.837857562,17.355870866331674,11.157270492410747,-1.735149733071612,301.2262535287806
YULARA_COMBINED,Joint-patch,42,Joint-patch,12,1.0,common_H144,primary,full,315360,26280,52205024.17585638,2174512.894966623,-365920.3265499047,12.866275518283476,6.895335156540534,-1.160325743752869,165.5410457123807
YULARA_COMBINED,Joint-patch,42,Joint-patch,48,4.0,common_H144,primary,full,1261440,26280,272859996.03723204,11528259.219511036,-428012.9864748118,14.70742475336136,9.13896754464028,-0.3393050691866532,216.3083428757864
YULARA_COMBINED,Joint-patch,42,Joint-patch,96,8.0,common_H144,primary,full,2522880,26280,741970499.5726501,27841829.12222068,-1007103.035305018,17.149245682951562,11.035732623914209,-0.3991878469467505,294.0966274942328
YULARA_COMBINED,Joint-patch,42,Joint-patch,144,12.0,common_H144,primary,full,3784320,26280,1139936535.754035,42222681.86983984,-6566361.837857562,17.355870866331674,11.157270492410747,-1.735149733071612,301.2262535287806
YULARA_COMBINED,Joint-patch,43,Joint-patch,12,1.0,horizon_specific,primary,full,316944,26412,50120006.56349298,2527727.779038058,661951.2250737005,12.575182375752943,7.975313553934002,2.088543165586666,158.1352117834475
YULARA_COMBINED,Joint-patch,43,Joint-patch,48,4.0,horizon_specific,primary,full,1266048,26376,267669649.5333109,11601893.954867115,511538.8722224413,14.540337239368831,9.163865789343784,0.4040438215789932,211.42140703457605
YULARA_COMBINED,Joint-patch,43,Joint-patch,96,8.0,horizon_specific,primary,full,2527488,26328,685530043.3441156,26463408.997595325,-1190044.8078611027,16.469055575040546,10.470241202963308,-0.4708409329188122,271.2297915337741
YULARA_COMBINED,Joint-patch,43,Joint-patch,144,12.0,horizon_specific,primary,full,3784320,26280,1041601743.985952,39478965.04705359,-4122655.897375807,16.59040250459106,10.43224807813652,-1.089404674386893,275.2414552643413
YULARA_COMBINED,Joint-patch,43,Joint-patch,12,1.0,common_H144,primary,full,315360,26280,49853881.3924741,2512923.6676974185,659089.7788329754,12.573210443393627,7.968428677376391,2.0899599785419056,158.08562085386257
YULARA_COMBINED,Joint-patch,43,Joint-patch,48,4.0,common_H144,primary,full,1261440,26280,266744549.71041995,11554374.820134789,505929.0993852612,14.54167647154238,9.159670551223035,0.4010726625009998,211.4603546030092
YULARA_COMBINED,Joint-patch,43,Joint-patch,96,8.0,common_H144,primary,full,2522880,26280,684792085.3002591,26421331.43944356,-1181272.6840997704,16.475214178046212,10.472686548485685,-0.4682238886113372,271.4326822124949
YULARA_COMBINED,Joint-patch,43,Joint-patch,144,12.0,common_H144,primary,full,3784320,26280,1041601743.985952,39478965.04705359,-4122655.897375807,16.59040250459106,10.43224807813652,-1.089404674386893,275.2414552643413
YULARA_COMBINED,Joint-patch,44,Joint-patch,12,1.0,horizon_specific,primary,full,316944,26412,48354709.97909105,2149876.8202691865,245976.9175693285,12.351739509590402,6.78314408939493,0.7760895223425227,152.56546891277654
YULARA_COMBINED,Joint-patch,44,Joint-patch,48,4.0,horizon_specific,primary,full,1266048,26376,271822585.897018,11450147.04698705,390690.7423008331,14.652700882168324,9.04400705738412,0.3085907819457343,214.70164314229635
YULARA_COMBINED,Joint-patch,44,Joint-patch,96,8.0,horizon_specific,primary,full,2527488,26328,711158413.8545682,26745699.695932336,-1609663.2555173044,16.77407672471172,10.58192944770948,-0.636862867605031,281.36964996651545
YULARA_COMBINED,Joint-patch,44,Joint-patch,144,12.0,horizon_specific,primary,full,3784320,26280,1105120040.822814,40089625.100263774,-5464548.588108758,17.088769853225454,10.593613938637263,-1.4439974917841931,292.02605509650715
YULARA_COMBINED,Joint-patch,44,Joint-patch,12,1.0,common_H144,primary,full,315360,26280,48053618.80286732,2135591.6185178864,240777.2268975424,12.344108944375211,6.771916598547331,0.7634995779348758,152.37702563060412
YULARA_COMBINED,Joint-patch,44,Joint-patch,48,4.0,common_H144,primary,full,1261440,26280,270698856.63124794,11397530.806329828,374158.1422008258,14.649065186915328,9.035333274931688,0.2966119214554999,214.59511085049465
YULARA_COMBINED,Joint-patch,44,Joint-patch,96,8.0,common_H144,primary,full,2522880,26280,710323710.1850185,26701253.821639325,-1606034.6297605042,16.77953258105795,10.583640054873529,-0.6365878003553496,281.55271363878524
YULARA_COMBINED,Joint-patch,44,Joint-patch,144,12.0,common_H144,primary,full,3784320,26280,1105120040.822814,40089625.100263774,-5464548.588108758,17.088769853225454,10.593613938637263,-1.4439974917841931,292.02605509650715
Hanwha,Last-value,0,deterministic,12,1.0,horizon_specific,primary,full,79500,6625,14976.853970957942,17877.447776797533,-694.3778626366257,0.4340369802950227,0.2248735569408494,-0.0087343127375676,0.1883881002636219
Hanwha,Last-value,0,deterministic,48,4.0,horizon_specific,primary,full,290352,6049,530981.1564566253,215904.7373066464,-50303.744398169845,1.3523127527131262,0.7435965218309031,-0.17325089683615,1.8287497811505529
Hanwha,Last-value,0,deterministic,96,8.0,horizon_specific,primary,full,506976,5281,2397165.8814574773,684309.0993267875,-262728.1198816765,2.174479629939172,1.3497859845964848,-0.5182259512909418,4.728361661020398
Hanwha,Last-value,0,deterministic,144,12.0,horizon_specific,primary,full,651024,4521,4270035.744742664,1124264.9396544327,-380598.631796859,2.561045272475731,1.7269178089508723,-0.5846153625624538,6.558952887670291
Hanwha,Last-value,0,deterministic,12,1.0,common_H144,primary,full,54252,4521,6448.280978496099,7459.839764856501,-398.5525427542161,0.344757799512511,0.1375034978407524,-0.0073463198177802,0.1188579403247087
Hanwha,Last-value,0,deterministic,48,4.0,common_H144,primary,full,217008,4521,295858.46916472644,120236.42647212348,-18836.95123152039,1.1676270045923198,0.5540644882774989,-0.0868030267617801,1.3633528218532331
Hanwha,Last-value,0,deterministic,96,8.0,common_H144,primary,full,434016,4521,1853690.803918096,521920.8862928412,-144887.83429842032,2.066644505136946,1.202538354099483,-0.3338306290515103,4.271019510612733
Hanwha,Last-value,0,deterministic,144,12.0,common_H144,primary,full,651024,4521,4270035.744742664,1124264.9396544327,-380598.631796859,2.561045272475731,1.7269178089508723,-0.5846153625624538,6.558952887670291
Qcells,Last-value,0,deterministic,12,1.0,horizon_specific,primary,full,77556,6463,17188.087798332854,18709.66813865387,-1312.3341313294222,0.4707670746095665,0.2412407568550965,-0.0169211167585927,0.2216216385364492
Qcells,Last-value,0,deterministic,48,4.0,horizon_specific,primary,full,263568,5491,450612.5760827577,182447.3167761386,-86943.61290104232,1.3075409934662203,0.6922210464705071,-0.3298716570336396,1.7096634495946308
Qcells,Last-value,0,deterministic,96,8.0,horizon_specific,primary,full,405792,4227,1712747.8066149778,482246.6991931767,-451196.6262388482,2.054447130716802,1.188408591576908,-1.1118913784373476,4.2207530129105
Qcells,Last-value,0,deterministic,144,12.0,horizon_specific,primary,full,431424,2996,2521919.960318663,623338.2001389574,-623338.2001389574,2.4177617297061498,1.4448389522580043,-1.4448389522580043,5.845571781631674
Qcells,Last-value,0,deterministic,12,1.0,common_H144,primary,full,35952,2996,0.5704067588303413,6.470999395707622,-6.470999395707622,0.0039831879910227,0.0001799899698405,-0.0001799899698405,1.5865786571827472e-05
Qcells,Last-value,0,deterministic,48,4.0,common_H144,primary,full,143808,2996,56373.13103496709,23922.2245105037,-23922.2245105037,0.6261012274073556,0.1663483569099333,-0.1663483569099333,0.3920027469609972
Qcells,Last-value,0,deterministic,96,8.0,common_H144,primary,full,287616,2996,865436.0983454897,226479.0539752764,-226479.0539752764,1.7346464915142037,0.7874355181049608,-0.7874355181049608,3.008998450522536
Qcells,Last-value,0,deterministic,144,12.0,common_H144,primary,full,431424,2996,2521919.960318663,623338.2001389574,-623338.2001389574,2.4177617297061498,1.4448389522580043,-1.4448389522580043,5.845571781631674
Sanyo,Last-value,0,deterministic,12,1.0,horizon_specific,primary,full,79068,6589,17015.641950630095,19272.366368380288,-872.5224983422959,0.463899380341876,0.2437441995292696,-0.0110350900281061,0.2152026350815765
Sanyo,Last-value,0,deterministic,48,4.0,horizon_specific,primary,full,283440,5905,587131.3389703021,222398.94199225013,-70505.42460748841,1.4392527282536975,0.7846420476723476,-0.2487490283922114,2.071448415785712
Sanyo,Last-value,0,deterministic,96,8.0,horizon_specific,primary,full,482304,5024,2557648.045702639,675757.6556789549,-377336.2599014967,2.3028198211604103,1.401103154191039,-0.7823618711466144,5.302979128729264
Sanyo,Last-value,0,deterministic,144,12.0,horizon_specific,primary,full,599040,4160,4462672.38687727,1069187.512372788,-536010.2834734311,2.7294151099475457,1.7848349231650442,-0.8947821238538848,7.449706842409974
Sanyo,Last-value,0,deterministic,12,1.0,common_H144,primary,full,49920,4160,4408.495389525005,5056.5336345508695,-3.934399969875813,0.2971720136884554,0.1012927410767401,-7.88141019606533e-05,0.0883112057196515
Sanyo,Last-value,0,deterministic,48,4.0,common_H144,primary,full,199680,4160,252716.29499720823,95461.45064308868,-21074.38861515745,1.1249917534357836,0.4780721686853398,-0.1055408083691779,1.265606445298519
Sanyo,Last-value,0,deterministic,96,8.0,common_H144,primary,full,399360,4160,1835896.816947464,469452.105309736,-196270.0143439881,2.144084279641495,1.1755110810039462,-0.4914613740584639,4.597097398205789
Sanyo,Last-value,0,deterministic,144,12.0,common_H144,primary,full,599040,4160,4462672.38687727,1069187.512372788,-536010.2834734311,2.7294151099475457,1.7848349231650442,-0.8947821238538848,7.449706842409974
NIST_GROUND,Last-value,0,deterministic,12,1.0,horizon_specific,primary,full,302628,25219,142713347.85431755,2776750.4264,367.128000000007,21.715895507288767,9.175457744822026,0.0012131329553114,471.5801176834845
NIST_GROUND,Last-value,0,deterministic,48,4.0,horizon_specific,primary,full,1163520,24240,2730329766.038411,27577359.56,179808.72000000012,48.44183939395413,23.70166353822882,0.1545385726072608,2346.6118038696463
NIST_GROUND,Last-value,0,deterministic,96,8.0,horizon_specific,primary,full,2211552,23037,10699425197.204378,85166294.0054,1417223.8929999997,69.55552704090033,38.50974067324666,0.6408277503762062,4837.971341937417
NIST_GROUND,Last-value,0,deterministic,144,12.0,horizon_specific,primary,full,3151440,21885,19475521008.15973,148540905.7694,6032622.538600001,78.6122127532245,47.13429599465641,1.9142431836239944,6179.879993958231
NIST_GROUND,Last-value,0,deterministic,12,1.0,common_H144,primary,full,262620,21885,123619268.8542906,2421218.2658,77732.7054,21.69597575242961,9.21947401492651,0.2959892826136623,470.7153638500137
NIST_GROUND,Last-value,0,deterministic,48,4.0,common_H144,primary,full,1050480,21885,2463989447.8385,24916506.4854,1263312.407,48.43123320603848,23.71916313056888,1.2026049110882644,2345.584349857684
NIST_GROUND,Last-value,0,deterministic,96,8.0,common_H144,primary,full,2100960,21885,10191315829.01604,81221959.99520001,4086375.5488,69.64761326572017,38.65945091539106,1.9450039738024525,4850.790033611321
NIST_GROUND,Last-value,0,deterministic,144,12.0,common_H144,primary,full,3151440,21885,19475521008.15973,148540905.7694,6032622.538600001,78.6122127532245,47.13429599465641,1.9142431836239944,6179.879993958231
YULARA_COMBINED,Last-value,0,deterministic,12,1.0,horizon_specific,primary,full,316944,26412,49115785.49572228,1911168.5210122075,0.4864723367049919,12.4485646664045,6.029988013693925,1.5348841962775502e-06,154.96676225365454
YULARA_COMBINED,Last-value,0,deterministic,48,4.0,horizon_specific,primary,full,1266048,26376,878090334.9276769,19725832.88248464,10007.555343136126,26.335678555536315,15.5806358704288,0.0079045623413457,693.5679649805354
YULARA_COMBINED,Last-value,0,deterministic,96,8.0,horizon_specific,primary,full,2527488,26328,4163881162.685805,67750831.5482967,-3017.1406186230306,40.58865049177148,26.805599689611466,-0.0011937309370501,1647.4385487431807
YULARA_COMBINED,Last-value,0,deterministic,144,12.0,horizon_specific,primary,full,3784320,26280,8733808303.74543,131036892.44876283,-206495.43046145496,48.040542300041,34.62627168124335,-0.0545660595460888,2307.8937044820286
YULARA_COMBINED,Last-value,0,deterministic,12,1.0,common_H144,primary,full,315360,26280,48662203.20678298,1894687.417624252,-5779.839230934062,12.422030193002955,6.0080143887121125,-0.018327749971252,154.30683411587702
YULARA_COMBINED,Last-value,0,deterministic,48,4.0,common_H144,primary,full,1261440,26280,873173849.690196,19608547.265178204,-82862.03033521489,26.30977058971583,15.54457387206542,-0.0656884436320513,692.204028483476
YULARA_COMBINED,Last-value,0,deterministic,96,8.0,common_H144,primary,full,2522880,26280,4147904395.489926,67515912.3781943,-212939.24909785145,40.54768574615701,26.761444213832725,-0.0844032411758987,1644.1148193691042
YULARA_COMBINED,Last-value,0,deterministic,144,12.0,common_H144,primary,full,3784320,26280,8733808303.74543,131036892.44876283,-206495.43046145496,48.040542300041,34.62627168124335,-0.0545660595460888,2307.8937044820286
