section,model,seed,split,scope,horizon,n,rmse_kw,mae_kw,bias_kw,r2,diff_mae_kw,change_amplitude_ratio,total_variation_ratio,peak_rate_ratio,direction_accuracy,true_change_predicted_flat_rate,true_flat_predicted_change_rate,baseline_parameters,inference_ms_per_sample,artifact_source,sse_share,actual_epochs,best_epoch,best_validation_total_loss,stop_reason,numerically_finite,training_seconds,mean_epoch_seconds,backbone_parameters,delta_head_parameters,anchor_head_parameters,total_parameters,parameter_increase_pct,anchor_rmse_kw,anchor_bias_kw,constraint_max_abs_scaled,preprojection_rmse_kw,postprojection_rmse_kw,mean_correction_norm_scaled,correction_to_raw_increment_norm_ratio,projection_tv_ratio,preprojection_tv_ratio
lead_time,TRAJECTORY_ONLY,42,validation,full_timeline,1,17485,0.31326818466186523,0.14244848489761353,-0.021779512986540794,0.9751095188924401,0.14244848489761353,0.8938736915588379,0.8938736915588379,0.8938736915588379,0.33920503288533027,0.06988847583643122,0.3302259079210752,74444,0.020657689448100824,C:\Users\Zhujiangkun-Yohkoh\Desktop\光伏项目_最新\PVforecast16\GFNODE_experiments\asoc_multirate_information_screen\results\MEAN_ONLY\42\best_validation.pt,,,,,,,,,,,,,,,,,,,,,,
lead_time,TRAJECTORY_ONLY,42,validation,full_timeline,2,17485,0.37157872319221497,0.16428901255130768,-0.012564420700073242,0.9649811098830476,0.12734846770763397,0.6981867551803589,0.6981867551803589,0.7364257574081421,0.3540463254217901,0.0678009722619388,0.19170717758078354,74444,0.020657689448100824,C:\Users\Zhujiangkun-Yohkoh\Desktop\光伏项目_最新\PVforecast16\GFNODE_experiments\asoc_multirate_information_screen\results\MEAN_ONLY\42\best_validation.pt,,,,,,,,,,,,,,,,,,,,,,
lead_time,TRAJECTORY_ONLY,42,validation,full_timeline,3,17485,0.4018230140209198,0.1752537339925766,-0.008375306613743305,0.9590484601876297,0.12531951069831848,0.6073159575462341,0.6073158979415894,0.6357054710388184,0.351081879706415,0.07564579163092175,0.15895529501477457,74444,0.020657689448100824,C:\Users\Zhujiangkun-Yohkoh\Desktop\光伏项目_最新\PVforecast16\GFNODE_experiments\asoc_multirate_information_screen\results\MEAN_ONLY\42\best_validation.pt,,,,,,,,,,,,,,,,,,,,,,
lead_time,TRAJECTORY_ONLY,42,validation,full_timeline,4,17485,0.4167636036872864,0.18188674747943878,-0.00713302893564105,0.9559465139637163,0.12281735241413116,0.5740639567375183,0.5740638971328735,0.5916914939880371,0.3602802402058908,0.06908778953388618,0.13936231055190162,74444,0.020657689448100824,C:\Users\Zhujiangkun-Yohkoh\Desktop\光伏项目_最新\PVforecast16\GFNODE_experiments\asoc_multirate_information_screen\results\MEAN_ONLY\42\best_validation.pt,,,,,,,,,,,,,,,,,,,,,,
lead_time,TRAJECTORY_ONLY,42,validation,full_timeline,5,17485,0.43061360716819763,0.1879073530435562,-0.005731543060392141,0.9529698671526943,0.1199122816324234,0.5176267027854919,0.5176267027854919,0.5428032279014587,0.3633285673434372,0.0721990277380612,0.12217329139262224,74444,0.020657689448100824,C:\Users\Zhujiangkun-Yohkoh\Desktop\光伏项目_最新\PVforecast16\GFNODE_experiments\asoc_multirate_information_screen\results\MEAN_ONLY\42\best_validation.pt,,,,,,,,,,,,,,,,,,,,,,
lead_time,TRAJECTORY_ONLY,42,validation,full_timeline,6,17485,0.44394925236701965,0.19339017570018768,-0.014433242380619049,0.9500118219039205,0.11926202476024628,0.48775815963745117,0.4877581298351288,0.5095254778862,0.36257744733581165,0.07992565055762081,0.11533695548565437,74444,0.020657689448100824,C:\Users\Zhujiangkun-Yohkoh\Desktop\光伏项目_最新\PVforecast16\GFNODE_experiments\asoc_multirate_information_screen\results\MEAN_ONLY\42\best_validation.pt,,,,,,,,,,,,,,,,,,,,,,
lead_time,TRAJECTORY_ONLY,42,validation,full_timeline,7,17485,0.45667800307273865,0.2020745724439621,-0.008511297404766083,0.9471042433686846,0.11826148629188538,0.45823854207992554,0.45823851227760315,0.4805344343185425,0.36123207647371214,0.08910494709751215,0.10794558601250051,74444,0.020657689448100824,C:\Users\Zhujiangkun-Yohkoh\Desktop\光伏项目_最新\PVforecast16\GFNODE_experiments\asoc_multirate_information_screen\results\MEAN_ONLY\42\best_validation.pt,,,,,,,,,,,,,,,,,,,,,,
lead_time,TRAJECTORY_ONLY,42,validation,full_timeline,8,17485,0.46624916791915894,0.2078520655632019,-0.004994176793843508,0.9448637982790717,0.11769348382949829,0.44786182045936584,0.44786182045936584,0.4582546353340149,0.3626108092650844,0.08763225621961682,0.1055404632542179,74444,0.020657689448100824,C:\Users\Zhujiangkun-Yohkoh\Desktop\光伏项目_最新\PVforecast16\GFNODE_experiments\asoc_multirate_information_screen\results\MEAN_ONLY\42\best_validation.pt,,,,,,,,,,,,,,,,,,,,,,
lead_time,TRAJECTORY_ONLY,42,validation,full_timeline,9,17485,0.4753878712654114,0.21534767746925354,0.0026256663259118795,0.9426812221369641,0.1174454316496849,0.44934841990470886,0.44934841990470886,0.44198283553123474,0.3651256632669272,0.08359546277761891,0.10318685857719315,74444,0.020657689448100824,C:\Users\Zhujiangkun-Yohkoh\Desktop\光伏项目_最新\PVforecast16\GFNODE_experiments\asoc_multirate_information_screen\results\MEAN_ONLY\42\best_validation.pt,,,,,,,,,,,,,,,,,,,,,,
lead_time,TRAJECTORY_ONLY,42,validation,full_timeline,10,17485,0.4863935708999634,0.21862193942070007,-0.004858547821640968,0.9399965387765815,0.11810264736413956,0.44195303320884705,0.44195297360420227,0.4304283559322357,0.36380325993708895,0.08697169002001716,0.11465827852444953,74444,0.020657689448100824,C:\Users\Zhujiangkun-Yohkoh\Desktop\光伏项目_最新\PVforecast16\GFNODE_experiments\asoc_multirate_information_screen\results\MEAN_ONLY\42\best_validation.pt,,,,,,,,,,,,,,,,,,,,,,
lead_time,TRAJECTORY_ONLY,42,validation,full_timeline,11,17485,0.4941036105155945,0.22556781768798828,0.010749259032309055,0.9380791678239966,0.11837255954742432,0.44896841049194336,0.44896844029426575,0.4189448058605194,0.364972573894507,0.08354173707333559,0.11328671328671329,74444,0.020657689448100824,C:\Users\Zhujiangkun-Yohkoh\Desktop\光伏项目_最新\PVforecast16\GFNODE_experiments\asoc_multirate_information_screen\results\MEAN_ONLY\42\best_validation.pt,,,,,,,,,,,,,,,,,,,,,,
lead_time,TRAJECTORY_ONLY,42,validation,full_timeline,12,17485,0.5011023879051208,0.23328496515750885,0.010383239947259426,0.9363125895832729,0.11858777701854706,0.4468023180961609,0.4468022882938385,0.4085172116756439,0.3636688590220189,0.0859069678772281,0.1117672290534744,74444,0.020657689448100824,C:\Users\Zhujiangkun-Yohkoh\Desktop\光伏项目_最新\PVforecast16\GFNODE_experiments\asoc_multirate_information_screen\results\MEAN_ONLY\42\best_validation.pt,,,,,,,,,,,,,,,,,,,,,,
scenario,TRAJECTORY_ONLY,42,validation,full_timeline,12,17485,0.4413650929927826,0.19566038250923157,-0.005385241471230984,0.9505920768723074,0.11858777701854706,0.4468023180961609,0.4468022882938385,0.4085172116756439,0.3636688590220189,0.0859069678772281,0.1117672290534744,74444,0.020657689448100824,C:\Users\Zhujiangkun-Yohkoh\Desktop\光伏项目_最新\PVforecast16\GFNODE_experiments\asoc_multirate_information_screen\results\MEAN_ONLY\42\best_validation.pt,1.0,,,,,,,,,,,,,,,,,,,,,
scenario,TRAJECTORY_ONLY,42,validation,daylight,12,9032,0.6132375001907349,0.35557740926742554,-0.009225262328982353,0.903622333789303,0.21151843667030334,0.367336630821228,0.3673366606235504,0.33722248673439026,0.6952133156185415,0.16600236197224683,0.1251291703572483,74444,0.020657689448100824,C:\Users\Zhujiangkun-Yohkoh\Desktop\光伏项目_最新\PVforecast16\GFNODE_experiments\asoc_multirate_information_screen\results\MEAN_ONLY\42\best_validation.pt,0.9971941709518433,,,,,,,,,,,,,,,,,,,,,
scenario,TRAJECTORY_ONLY,42,validation,high_change_daylight,12,6623,0.7088217735290527,0.4439793527126312,-0.02077120542526245,0.8301097566131713,0.2729738652706146,0.3180883824825287,0.3180884122848511,0.2925551235675812,0.7028914389249584,0.17037847903769693,0.07892948814736524,74444,0.020657689448100824,C:\Users\Zhujiangkun-Yohkoh\Desktop\光伏项目_最新\PVforecast16\GFNODE_experiments\asoc_multirate_information_screen\results\MEAN_ONLY\42\best_validation.pt,0.9769386053085327,,,,,,,,,,,,,,,,,,,,,
scenario,TRAJECTORY_ONLY,42,validation,midday,12,3660,0.7747815847396851,0.4703299403190613,-0.023668991401791573,0.721477900945773,0.2869430184364319,0.2577727138996124,0.2577727437019348,0.2945628762245178,0.6356785063752277,0.23652094717668487,0.16514116575591986,74444,0.020657689448100824,C:\Users\Zhujiangkun-Yohkoh\Desktop\光伏项目_最新\PVforecast16\GFNODE_experiments\asoc_multirate_information_screen\results\MEAN_ONLY\42\best_validation.pt,0.6450272798538208,,,,,,,,,,,,,,,,,,,,,
scenario,TRAJECTORY_ONLY,42,validation,sunrise,12,2917,0.4017311930656433,0.2263595014810562,-0.009719761088490486,0.9074657664581801,0.11796160042285919,0.540347158908844,0.540347158908844,0.3851628303527832,0.5844474917152326,0.08399040109701748,0.10521654668037939,74444,0.020657689448100824,C:\Users\Zhujiangkun-Yohkoh\Desktop\光伏项目_最新\PVforecast16\GFNODE_experiments\asoc_multirate_information_screen\results\MEAN_ONLY\42\best_validation.pt,0.13821205496788025,,,,,,,,,,,,,,,,,,,,,
scenario,TRAJECTORY_ONLY,42,validation,sunset,12,2928,0.20196384191513062,0.10388561338186264,-8.559031266486272e-05,0.9153744291010445,0.0626281127333641,0.8398482799530029,0.8398482203483582,0.7603133320808411,0.41310906193078323,0.052709471766848814,0.15126935336976322,74444,0.020657689448100824,C:\Users\Zhujiangkun-Yohkoh\Desktop\光伏项目_最新\PVforecast16\GFNODE_experiments\asoc_multirate_information_screen\results\MEAN_ONLY\42\best_validation.pt,0.035063616931438446,,,,,,,,,,,,,,,,,,,,,
scenario,TRAJECTORY_ONLY,42,validation,stable_low_change,12,7947,0.030758194625377655,0.023725513368844986,-0.0008179043070413172,nan,0.0189960990101099,18996099072.0,1811543788355584.0,47901593600.0,0.0,0.0,0.09141814521202969,74444,0.020657689448100824,C:\Users\Zhujiangkun-Yohkoh\Desktop\光伏项目_最新\PVforecast16\GFNODE_experiments\asoc_multirate_information_screen\results\MEAN_ONLY\42\best_validation.pt,0.0022073101717978716,,,,,,,,,,,,,,,,,,,,,
scenario,TRAJECTORY_ONLY,42,validation,h9_h12,9-12,17485,0.4893399178981781,0.22320561110973358,0.004724903032183647,0.9392673856144562,0.14534804224967957,0.7783191204071045,0.7783191800117493,1.0671488046646118,0.3442951100943666,0.08358593079782671,0.16338289962825278,74444,0.020657689448100824,C:\Users\Zhujiangkun-Yohkoh\Desktop\光伏项目_最新\PVforecast16\GFNODE_experiments\asoc_multirate_information_screen\results\MEAN_ONLY\42\best_validation.pt,0.4097360074520111,,,,,,,,,,,,,,,,,,,,,
scenario,TRAJECTORY_ONLY,42,validation,high_hf_irradiance_volatility,12,9346,0.6025038957595825,0.3433600068092346,-0.010712194256484509,0.9100098607408235,0.20493966341018677,0.37157294154167175,0.37157300114631653,0.34219369292259216,0.6672105713674299,0.15619873029460019,0.12912832584349812,74444,0.020657689448100824,C:\Users\Zhujiangkun-Yohkoh\Desktop\光伏项目_最新\PVforecast16\GFNODE_experiments\asoc_multirate_information_screen\results\MEAN_ONLY\42\best_validation.pt,0.996056318283081,,,,,,,,,,,,,,,,,,,,,
scenario,TRAJECTORY_ONLY,42,validation,low_hf_irradiance_volatility,12,8139,0.04062547907233238,0.026057159528136253,0.0007316894480027258,-0.43755069825987847,0.019430065527558327,18.03862190246582,18.038619995117188,10.375299453735352,0.015112421673424253,0.005191055412212803,0.09183151083261662,74444,0.020657689448100824,C:\Users\Zhujiangkun-Yohkoh\Desktop\光伏项目_最新\PVforecast16\GFNODE_experiments\asoc_multirate_information_screen\results\MEAN_ONLY\42\best_validation.pt,0.00394372409209609,,,,,,,,,,,,,,,,,,,,,
lead_time,ALICD,42,validation,full_timeline,1,17485,0.30881673097610474,0.1207287609577179,0.008992300368845463,0.9758118672720253,0.1207287609577179,0.5530895590782166,0.5530896186828613,0.5530895590782166,0.3094652559336574,0.10340291678581641,0.09144981412639405,74444,0.0300107921075175,C:\Users\Zhujiangkun-Yohkoh\Desktop\光伏项目_最新\PVforecast16\GFNODE_experiments\asoc_alicd_screen\results\ALICD\42\best_validation.pt,,14,9,0.06450561877758498,early_stopping,True,66.27260550000005,4.7223184142857235,19136,55308,13827,88271,18.573692977271516,,,,,,,,,
lead_time,ALICD,42,validation,full_timeline,2,17485,0.3784348666667938,0.16748672723770142,0.02197425067424774,0.963676889756806,0.12074635177850723,0.5143624544143677,0.5143624544143677,0.43856653571128845,0.31186731484129254,0.10820703460108665,0.07929653989133544,74444,0.0300107921075175,C:\Users\Zhujiangkun-Yohkoh\Desktop\光伏项目_最新\PVforecast16\GFNODE_experiments\asoc_alicd_screen\results\ALICD\42\best_validation.pt,,14,9,0.06450561877758498,early_stopping,True,66.27260550000005,4.7223184142857235,19136,55308,13827,88271,18.573692977271516,,,,,,,,,
lead_time,ALICD,42,validation,full_timeline,3,17485,0.4099862277507782,0.1835414618253708,0.0014196137199178338,0.9573676582796475,0.12262091785669327,0.5571860074996948,0.55718594789505,0.5070043206214905,0.3275569535792584,0.08912401105709655,0.07961109522447812,74444,0.0300107921075175,C:\Users\Zhujiangkun-Yohkoh\Desktop\光伏项目_最新\PVforecast16\GFNODE_experiments\asoc_alicd_screen\results\ALICD\42\best_validation.pt,,14,9,0.06450561877758498,early_stopping,True,66.27260550000005,4.7223184142857235,19136,55308,13827,88271,18.573692977271516,,,,,,,,,
lead_time,ALICD,42,validation,full_timeline,4,17485,0.4213918149471283,0.18642257153987885,0.0014601395232602954,0.9549626419011102,0.11973647773265839,0.5172321796417236,0.5172321200370789,0.4735182523727417,0.34139262224764083,0.08299971404060623,0.07619388046897341,74444,0.0300107921075175,C:\Users\Zhujiangkun-Yohkoh\Desktop\光伏项目_最新\PVforecast16\GFNODE_experiments\asoc_alicd_screen\results\ALICD\42\best_validation.pt,,14,9,0.06450561877758498,early_stopping,True,66.27260550000005,4.7223184142857235,19136,55308,13827,88271,18.573692977271516,,,,,,,,,
lead_time,ALICD,42,validation,full_timeline,5,17485,0.43392422795295715,0.1886260211467743,0.021241052076220512,0.9522439401243695,0.11872842162847519,0.4941060543060303,0.4941060245037079,0.4536149799823761,0.34802402058907633,0.08188733199885616,0.07289676865885045,74444,0.0300107921075175,C:\Users\Zhujiangkun-Yohkoh\Desktop\光伏项目_最新\PVforecast16\GFNODE_experiments\asoc_alicd_screen\results\ALICD\42\best_validation.pt,,14,9,0.06450561877758498,early_stopping,True,66.27260550000005,4.7223184142857235,19136,55308,13827,88271,18.573692977271516,,,,,,,,,
lead_time,ALICD,42,validation,full_timeline,6,17485,0.44615116715431213,0.1923176348209381,0.016645431518554688,0.9495147261075009,0.1182335764169693,0.4633646309375763,0.4633646607398987,0.4248678386211395,0.3478124106376895,0.09004861309694023,0.07287198551139072,74444,0.0300107921075175,C:\Users\Zhujiangkun-Yohkoh\Desktop\光伏项目_最新\PVforecast16\GFNODE_experiments\asoc_alicd_screen\results\ALICD\42\best_validation.pt,,14,9,0.06450561877758498,early_stopping,True,66.27260550000005,4.7223184142857235,19136,55308,13827,88271,18.573692977271516,,,,,,,,,
lead_time,ALICD,42,validation,full_timeline,7,17485,0.4553813338279724,0.19978003203868866,0.01317244116216898,0.9474041964692065,0.11681439727544785,0.4481566846370697,0.4481566846370697,0.40163272619247437,0.3528820621757425,0.08851668777319335,0.07008456227787083,74444,0.0300107921075175,C:\Users\Zhujiangkun-Yohkoh\Desktop\光伏项目_最新\PVforecast16\GFNODE_experiments\asoc_alicd_screen\results\ALICD\42\best_validation.pt,,14,9,0.06450561877758498,early_stopping,True,66.27260550000005,4.7223184142857235,19136,55308,13827,88271,18.573692977271516,,,,,,,,,
lead_time,ALICD,42,validation,full_timeline,8,17485,0.46462246775627136,0.20706285536289215,0.016796262934803963,0.9452478561490792,0.116781085729599,0.4506870210170746,0.4506869912147522,0.3860648572444916,0.35584786960251646,0.0843794681155276,0.07339862739490992,74444,0.0300107921075175,C:\Users\Zhujiangkun-Yohkoh\Desktop\光伏项目_最新\PVforecast16\GFNODE_experiments\asoc_alicd_screen\results\ALICD\42\best_validation.pt,,14,9,0.06450561877758498,early_stopping,True,66.27260550000005,4.7223184142857235,19136,55308,13827,88271,18.573692977271516,,,,,,,,,
lead_time,ALICD,42,validation,full_timeline,9,17485,0.4766662120819092,0.21623070538043976,0.011335172690451145,0.9423725429900599,0.11638303846120834,0.4400787353515625,0.4400787353515625,0.3688149154186249,0.35581609633654243,0.08530486448702063,0.07440027960474058,74444,0.0300107921075175,C:\Users\Zhujiangkun-Yohkoh\Desktop\光伏项目_最新\PVforecast16\GFNODE_experiments\asoc_alicd_screen\results\ALICD\42\best_validation.pt,,14,9,0.06450561877758498,early_stopping,True,66.27260550000005,4.7223184142857235,19136,55308,13827,88271,18.573692977271516,,,,,,,,,
lead_time,ALICD,42,validation,full_timeline,10,17485,0.4858720004558563,0.22536203265190125,-0.009634026326239109,0.9401251553683329,0.1164691373705864,0.4380892813205719,0.4380892217159271,0.35656365752220154,0.3585987989705462,0.08403774663997712,0.07556191020875036,74444,0.0300107921075175,C:\Users\Zhujiangkun-Yohkoh\Desktop\光伏项目_最新\PVforecast16\GFNODE_experiments\asoc_alicd_screen\results\ALICD\42\best_validation.pt,,14,9,0.06450561877758498,early_stopping,True,66.27260550000005,4.7223184142857235,19136,55308,13827,88271,18.573692977271516,,,,,,,,,
lead_time,ALICD,42,validation,full_timeline,11,17485,0.49443522095680237,0.2292516678571701,-0.004266712814569473,0.9379960298910122,0.11586883664131165,0.42388635873794556,0.42388638854026794,0.34722161293029785,0.3589258325317805,0.08698364832193828,0.07335118413185328,74444,0.0300107921075175,C:\Users\Zhujiangkun-Yohkoh\Desktop\光伏项目_最新\PVforecast16\GFNODE_experiments\asoc_alicd_screen\results\ALICD\42\best_validation.pt,,14,9,0.06450561877758498,early_stopping,True,66.27260550000005,4.7223184142857235,19136,55308,13827,88271,18.573692977271516,,,,,,,,,
lead_time,ALICD,42,validation,full_timeline,12,17485,0.5032350420951843,0.23206715285778046,0.017886126413941383,0.9357693316283235,0.11625348776578903,0.4196956753730774,0.4196956753730774,0.34516969323158264,0.3583357163282814,0.08850919836049947,0.07619388046897341,74444,0.0300107921075175,C:\Users\Zhujiangkun-Yohkoh\Desktop\光伏项目_最新\PVforecast16\GFNODE_experiments\asoc_alicd_screen\results\ALICD\42\best_validation.pt,,14,9,0.06450561877758498,early_stopping,True,66.27260550000005,4.7223184142857235,19136,55308,13827,88271,18.573692977271516,,,,,,,,,
scenario,ALICD,42,validation,full_timeline,12,17485,0.4430783987045288,0.19573980569839478,0.009751838631927967,0.9502077404556323,0.11625348776578903,0.4196956753730774,0.4196956753730774,0.34516969323158264,0.3583357163282814,0.08850919836049947,0.07619388046897341,74444,0.0300107921075175,C:\Users\Zhujiangkun-Yohkoh\Desktop\光伏项目_最新\PVforecast16\GFNODE_experiments\asoc_alicd_screen\results\ALICD\42\best_validation.pt,1.0,14,9,0.06450561877758498,early_stopping,True,66.27260550000005,4.7223184142857235,19136,55308,13827,88271,18.573692977271516,,,,,,,,,
scenario,ALICD,42,validation,daylight,12,9032,0.6157485246658325,0.3584534227848053,0.03034570999443531,0.9028314467440632,0.2113751620054245,0.3595891296863556,0.3595890998840332,0.29442885518074036,0.6849258193091231,0.17107691172128728,0.11608724534986714,74444,0.0300107921075175,C:\Users\Zhujiangkun-Yohkoh\Desktop\光伏项目_最新\PVforecast16\GFNODE_experiments\asoc_alicd_screen\results\ALICD\42\best_validation.pt,0.9976170063018799,14,9,0.06450561877758498,early_stopping,True,66.27260550000005,4.7223184142857235,19136,55308,13827,88271,18.573692977271516,,,,,,,,,
scenario,ALICD,42,validation,high_change_daylight,12,6623,0.7129852175712585,0.45313748717308044,0.04581044241786003,0.8281081021071153,0.2740917503833771,0.3173618018627167,0.3173618018627167,0.2508407235145569,0.694498968241985,0.17531078564598118,0.07843877396950023,74444,0.0300107921075175,C:\Users\Zhujiangkun-Yohkoh\Desktop\光伏项目_最新\PVforecast16\GFNODE_experiments\asoc_alicd_screen\results\ALICD\42\best_validation.pt,0.9808192849159241,14,9,0.06450561877758498,early_stopping,True,66.27260550000005,4.7223184142857235,19136,55308,13827,88271,18.573692977271516,,,,,,,,,
scenario,ALICD,42,validation,midday,12,3660,0.7729970216751099,0.46283450722694397,0.03917979076504707,0.7227594561819983,0.2869696319103241,0.2476324439048767,0.2476324439048767,0.25245538353919983,0.6211293260473588,0.2579007285974499,0.14385245901639343,74444,0.0300107921075175,C:\Users\Zhujiangkun-Yohkoh\Desktop\光伏项目_最新\PVforecast16\GFNODE_experiments\asoc_alicd_screen\results\ALICD\42\best_validation.pt,0.6371033787727356,14,9,0.06450561877758498,early_stopping,True,66.27260550000005,4.7223184142857235,19136,55308,13827,88271,18.573692977271516,,,,,,,,,
scenario,ALICD,42,validation,sunrise,12,2917,0.4044869542121887,0.23095381259918213,-0.018937107175588608,0.9061918862225334,0.11710377782583237,0.5391276478767395,0.5391276478767395,0.3721188008785248,0.5755913609873158,0.07956233573305908,0.09364644040681065,74444,0.0300107921075175,C:\Users\Zhujiangkun-Yohkoh\Desktop\光伏项目_最新\PVforecast16\GFNODE_experiments\asoc_alicd_screen\results\ALICD\42\best_validation.pt,0.1390332579612732,14,9,0.06450561877758498,early_stopping,True,66.27260550000005,4.7223184142857235,19136,55308,13827,88271,18.573692977271516,,,,,,,,,
scenario,ALICD,42,validation,sunset,12,2928,0.21567906439304352,0.11438697576522827,0.030757863074541092,0.9034904340042998,0.06194043532013893,0.8005577325820923,0.8005576729774475,0.6265552043914795,0.4144182604735883,0.05894239526411658,0.12323542805100182,74444,0.0300107921075175,C:\Users\Zhujiangkun-Yohkoh\Desktop\光伏项目_最新\PVforecast16\GFNODE_experiments\asoc_alicd_screen\results\ALICD\42\best_validation.pt,0.03967895358800888,14,9,0.06450561877758498,early_stopping,True,66.27260550000005,4.7223184142857235,19136,55308,13827,88271,18.573692977271516,,,,,,,,,
scenario,ALICD,42,validation,stable_low_change,12,7947,0.028725387528538704,0.020791931077837944,-0.01253143884241581,nan,0.014241842553019524,14241842176.0,1358159121743872.0,33724416000.0,0.0,0.0,0.02728492932343442,74444,0.0300107921075175,C:\Users\Zhujiangkun-Yohkoh\Desktop\光伏项目_最新\PVforecast16\GFNODE_experiments\asoc_alicd_screen\results\ALICD\42\best_validation.pt,0.0019103289814665914,14,9,0.06450561877758498,early_stopping,True,66.27260550000005,4.7223184142857235,19136,55308,13827,88271,18.573692977271516,,,,,,,,,
scenario,ALICD,42,validation,h9_h12,9-12,17485,0.4901514947414398,0.2257278859615326,0.00383014022372663,0.9390657665880343,0.14095628261566162,0.7167414426803589,0.7167414426803589,1.0526281595230103,0.3480697740920789,0.08801830140120102,0.10487560766371175,74444,0.0300107921075175,C:\Users\Zhujiangkun-Yohkoh\Desktop\光伏项目_最新\PVforecast16\GFNODE_experiments\asoc_alicd_screen\results\ALICD\42\best_validation.pt,0.4079230725765228,14,9,0.06450561877758498,early_stopping,True,66.27260550000005,4.7223184142857235,19136,55308,13827,88271,18.573692977271516,,,,,,,,,
scenario,ALICD,42,validation,high_hf_irradiance_volatility,12,9346,0.6048734784126282,0.3456718623638153,0.030860889703035355,0.9093006289170896,0.20438696444034576,0.36184215545654297,0.36184218525886536,0.2960248291492462,0.6588469220343819,0.16109387260146943,0.11504921891718382,74444,0.0300107921075175,C:\Users\Zhujiangkun-Yohkoh\Desktop\光伏项目_最新\PVforecast16\GFNODE_experiments\asoc_alicd_screen\results\ALICD\42\best_validation.pt,0.9961575269699097,14,9,0.06450561877758498,early_stopping,True,66.27260550000005,4.7223184142857235,19136,55308,13827,88271,18.573692977271516,,,,,,,,,
scenario,ALICD,42,validation,low_hf_irradiance_volatility,12,8139,0.040256597101688385,0.023573093116283417,-0.01448764931410551,-0.41156284338906945,0.015049982815980911,13.948299407958984,13.948298454284668,7.730435371398926,0.013259204652496212,0.005160339107998526,0.031576360732276695,74444,0.0300107921075175,C:\Users\Zhujiangkun-Yohkoh\Desktop\光伏项目_最新\PVforecast16\GFNODE_experiments\asoc_alicd_screen\results\ALICD\42\best_validation.pt,0.0038425391539931297,14,9,0.06450561877758498,early_stopping,True,66.27260550000005,4.7223184142857235,19136,55308,13827,88271,18.573692977271516,,,,,,,,,
projection,ALICD,42,validation,anchor_h3,3,17485,,,,,,,,,,,,74444,0.0300107921075175,C:\Users\Zhujiangkun-Yohkoh\Desktop\光伏项目_最新\PVforecast16\GFNODE_experiments\asoc_alicd_screen\results\ALICD\42\best_validation.pt,,14,9,0.06450561877758498,early_stopping,True,66.27260550000005,4.7223184142857235,19136,55308,13827,88271,18.573692977271516,0.4099862277507782,0.0014196127885952592,2.384185791015625e-07,,,,,,
projection,ALICD,42,validation,anchor_h6,6,17485,,,,,,,,,,,,74444,0.0300107921075175,C:\Users\Zhujiangkun-Yohkoh\Desktop\光伏项目_最新\PVforecast16\GFNODE_experiments\asoc_alicd_screen\results\ALICD\42\best_validation.pt,,14,9,0.06450561877758498,early_stopping,True,66.27260550000005,4.7223184142857235,19136,55308,13827,88271,18.573692977271516,0.44615116715431213,0.01664542965590954,2.086162567138672e-07,,,,,,
projection,ALICD,42,validation,anchor_h12,12,17485,,,,,,,,,,,,74444,0.0300107921075175,C:\Users\Zhujiangkun-Yohkoh\Desktop\光伏项目_最新\PVforecast16\GFNODE_experiments\asoc_alicd_screen\results\ALICD\42\best_validation.pt,,14,9,0.06450561877758498,early_stopping,True,66.27260550000005,4.7223184142857235,19136,55308,13827,88271,18.573692977271516,0.5032350420951843,0.017886124551296234,2.4586915969848633e-07,,,,,,
projection,ALICD,42,validation,projection_summary,12,17485,,,,,,,,,,,,74444,0.0300107921075175,C:\Users\Zhujiangkun-Yohkoh\Desktop\光伏项目_最新\PVforecast16\GFNODE_experiments\asoc_alicd_screen\results\ALICD\42\best_validation.pt,,14,9,0.06450561877758498,early_stopping,True,66.27260550000005,4.7223184142857235,19136,55308,13827,88271,18.573692977271516,,,,0.6104273200035095,0.4430783987045288,0.10974698513746262,1.468936562538147,0.4196956753730774,0.27775031328201294
lead_time,TRAJECTORY_ONLY,42,test,full_timeline,1,17401,0.34324586391448975,0.17417776584625244,-0.043885860592126846,0.9646778218159354,0.17417776584625244,0.9713162779808044,0.9713162779808044,0.9713162779808044,0.3277397850698236,0.06539854031377507,0.390897074880754,74444,0.017228797195564645,C:\Users\Zhujiangkun-Yohkoh\Desktop\光伏项目_最新\PVforecast16\GFNODE_experiments\asoc_multirate_information_screen\results\MEAN_ONLY\42\best_validation.pt,,,,,,,,,,,,,,,,,,,,,,
lead_time,TRAJECTORY_ONLY,42,test,full_timeline,2,17401,0.41375020146369934,0.2000407576560974,-0.040499281138181686,0.9486780454388157,0.15248677134513855,0.7096360325813293,0.7096360921859741,0.7572908401489258,0.35216366875466926,0.07174875007183495,0.22590655709441987,74444,0.017228797195564645,C:\Users\Zhujiangkun-Yohkoh\Desktop\光伏项目_最新\PVforecast16\GFNODE_experiments\asoc_multirate_information_screen\results\MEAN_ONLY\42\best_validation.pt,,,,,,,,,,,,,,,,,,,,,,
lead_time,TRAJECTORY_ONLY,42,test,full_timeline,3,17401,0.44544053077697754,0.2108684480190277,-0.03298330679535866,0.9405168513136446,0.1481400430202484,0.5921136736869812,0.592113733291626,0.6445381045341492,0.3520104208570389,0.09177633469340843,0.18039193149818977,74444,0.017228797195564645,C:\Users\Zhujiangkun-Yohkoh\Desktop\光伏项目_最新\PVforecast16\GFNODE_experiments\asoc_multirate_information_screen\results\MEAN_ONLY\42\best_validation.pt,,,,,,,,,,,,,,,,,,,,,,
lead_time,TRAJECTORY_ONLY,42,test,full_timeline,4,17401,0.4605828821659088,0.21589849889278412,-0.030895525589585304,0.9364055776813606,0.1440964937210083,0.5409436225891113,0.5409436821937561,0.5899488925933838,0.3626372047583472,0.08635997931153382,0.15402850410895927,74444,0.017228797195564645,C:\Users\Zhujiangkun-Yohkoh\Desktop\光伏项目_最新\PVforecast16\GFNODE_experiments\asoc_multirate_information_screen\results\MEAN_ONLY\42\best_validation.pt,,,,,,,,,,,,,,,,,,,,,,
lead_time,TRAJECTORY_ONLY,42,test,full_timeline,5,17401,0.47499948740005493,0.22333207726478577,-0.03436969965696335,0.9323597617690915,0.14067870378494263,0.4820268452167511,0.48202696442604065,0.5424606800079346,0.36705936440434456,0.0916154244008965,0.1346704212401586,74444,0.017228797195564645,C:\Users\Zhujiangkun-Yohkoh\Desktop\光伏项目_最新\PVforecast16\GFNODE_experiments\asoc_multirate_information_screen\results\MEAN_ONLY\42\best_validation.pt,,,,,,,,,,,,,,,,,,,,,,
lead_time,TRAJECTORY_ONLY,42,test,full_timeline,6,17401,0.4863501787185669,0.23255322873592377,-0.04005512595176697,0.9290723647312018,0.13954158127307892,0.44679778814315796,0.44679784774780273,0.5097242593765259,0.36524720801486504,0.101421374250522,0.12410206309982184,74444,0.017228797195564645,C:\Users\Zhujiangkun-Yohkoh\Desktop\光伏项目_最新\PVforecast16\GFNODE_experiments\asoc_multirate_information_screen\results\MEAN_ONLY\42\best_validation.pt,,,,,,,,,,,,,,,,,,,,,,
lead_time,TRAJECTORY_ONLY,42,test,full_timeline,7,17401,0.49642854928970337,0.23649626970291138,-0.027701890096068382,0.9260771843789722,0.1381189376115799,0.41690608859062195,0.41690608859062195,0.48255082964897156,0.3648230397267809,0.10878685133038331,0.11531356982767821,74444,0.017228797195564645,C:\Users\Zhujiangkun-Yohkoh\Desktop\光伏项目_最新\PVforecast16\GFNODE_experiments\asoc_multirate_information_screen\results\MEAN_ONLY\42\best_validation.pt,,,,,,,,,,,,,,,,,,,,,,
lead_time,TRAJECTORY_ONLY,42,test,full_timeline,8,17401,0.5068742632865906,0.24351930618286133,-0.021617118269205093,0.922910936471238,0.13737203180789948,0.4044792354106903,0.4044792652130127,0.46064236760139465,0.36587696109419,0.10863599793115339,0.11072639503476811,74444,0.017228797195564645,C:\Users\Zhujiangkun-Yohkoh\Desktop\光伏项目_最新\PVforecast16\GFNODE_experiments\asoc_multirate_information_screen\results\MEAN_ONLY\42\best_validation.pt,,,,,,,,,,,,,,,,,,,,,,
lead_time,TRAJECTORY_ONLY,42,test,full_timeline,9,17401,0.516761064529419,0.25066936016082764,-0.017015939578413963,0.9198533752425796,0.1368311643600464,0.40089163184165955,0.4008916914463043,0.444945365190506,0.36885491893824746,0.10513444310352534,0.107279913670351,74444,0.017228797195564645,C:\Users\Zhujiangkun-Yohkoh\Desktop\光伏项目_最新\PVforecast16\GFNODE_experiments\asoc_multirate_information_screen\results\MEAN_ONLY\42\best_validation.pt,,,,,,,,,,,,,,,,,,,,,,
lead_time,TRAJECTORY_ONLY,42,test,full_timeline,10,17401,0.5272361636161804,0.25670647621154785,-0.02407093532383442,0.9165516043934302,0.13718478381633759,0.3907945156097412,0.3907945156097412,0.4292249381542206,0.36581230963737715,0.11029825872076317,0.10443652663640021,74444,0.017228797195564645,C:\Users\Zhujiangkun-Yohkoh\Desktop\光伏项目_最新\PVforecast16\GFNODE_experiments\asoc_multirate_information_screen\results\MEAN_ONLY\42\best_validation.pt,,,,,,,,,,,,,,,,,,,,,,
lead_time,TRAJECTORY_ONLY,42,test,full_timeline,11,17401,0.5333210825920105,0.2592962682247162,-0.007018410600721836,0.9145956321125988,0.13720032572746277,0.3932570219039917,0.3932570219039917,0.4183202087879181,0.3674501465433021,0.10655082518768513,0.10318633725334489,74444,0.017228797195564645,C:\Users\Zhujiangkun-Yohkoh\Desktop\光伏项目_最新\PVforecast16\GFNODE_experiments\asoc_multirate_information_screen\results\MEAN_ONLY\42\best_validation.pt,,,,,,,,,,,,,,,,,,,,,,
lead_time,TRAJECTORY_ONLY,42,test,full_timeline,12,17401,0.5391315221786499,0.27145111560821533,-0.0056910733692348,0.9127062939787967,0.13729938864707947,0.38972923159599304,0.38972923159599304,0.4070338010787964,0.36741662356569543,0.10848514453192346,0.10233128364270253,74444,0.017228797195564645,C:\Users\Zhujiangkun-Yohkoh\Desktop\光伏项目_最新\PVforecast16\GFNODE_experiments\asoc_multirate_information_screen\results\MEAN_ONLY\42\best_validation.pt,,,,,,,,,,,,,,,,,,,,,,
scenario,TRAJECTORY_ONLY,42,test,full_timeline,12,17401,0.481767475605011,0.2312507927417755,-0.02715034782886505,0.9303750158137819,0.13729938864707947,0.38972923159599304,0.38972923159599304,0.4070338010787964,0.36741662356569543,0.10848514453192346,0.10233128364270253,74444,0.017228797195564645,C:\Users\Zhujiangkun-Yohkoh\Desktop\光伏项目_最新\PVforecast16\GFNODE_experiments\asoc_multirate_information_screen\results\MEAN_ONLY\42\best_validation.pt,1.0,,,,,,,,,,,,,,,,,,,,,
scenario,TRAJECTORY_ONLY,42,test,daylight,12,9655,0.64602130651474,0.39609628915786743,-0.04011810943484306,0.8794250230542803,0.2310740202665329,0.32122528553009033,0.32122528553009033,0.3417623043060303,0.6531244605558433,0.19504574486449164,0.11625237355428966,74444,0.017228797195564645,C:\Users\Zhujiangkun-Yohkoh\Desktop\光伏项目_最新\PVforecast16\GFNODE_experiments\asoc_multirate_information_screen\results\MEAN_ONLY\42\best_validation.pt,0.9976927638053894,,,,,,,,,,,,,,,,,,,,,
scenario,TRAJECTORY_ONLY,42,test,high_change_daylight,12,7366,0.7349473237991333,0.4866434335708618,-0.0342349037528038,0.7876676670875564,0.2903655469417572,0.2843579053878784,0.2843579053878784,0.3052588403224945,0.6623902615621323,0.20977011494252873,0.08375192325097294,74444,0.017228797195564645,C:\Users\Zhujiangkun-Yohkoh\Desktop\光伏项目_最新\PVforecast16\GFNODE_experiments\asoc_multirate_information_screen\results\MEAN_ONLY\42\best_validation.pt,0.9851333498954773,,,,,,,,,,,,,,,,,,,,,
scenario,TRAJECTORY_ONLY,42,test,midday,12,3630,0.86454838514328,0.5795214772224426,-0.03843648359179497,0.6803890143300484,0.35936617851257324,0.21789030730724335,0.21789032220840454,0.2937438189983368,0.5872359963269054,0.2684113865932048,0.13941689623507805,74444,0.017228797195564645,C:\Users\Zhujiangkun-Yohkoh\Desktop\光伏项目_最新\PVforecast16\GFNODE_experiments\asoc_multirate_information_screen\results\MEAN_ONLY\42\best_validation.pt,0.6717939376831055,,,,,,,,,,,,,,,,,,,,,
scenario,TRAJECTORY_ONLY,42,test,sunrise,12,2875,0.42820191383361816,0.2541980445384979,-0.10009540617465973,0.8876413599865898,0.10859955102205276,0.5563924312591553,0.5563923120498657,0.4621155858039856,0.6545507246376812,0.12173913043478261,0.09791304347826087,74444,0.017228797195564645,C:\Users\Zhujiangkun-Yohkoh\Desktop\光伏项目_最新\PVforecast16\GFNODE_experiments\asoc_multirate_information_screen\results\MEAN_ONLY\42\best_validation.pt,0.13052266836166382,,,,,,,,,,,,,,,,,,,,,
scenario,TRAJECTORY_ONLY,42,test,sunset,12,2928,0.23714140057563782,0.13264362514019012,0.01698981784284115,0.8731383215847198,0.07600759714841843,0.7024996876716614,0.7024996876716614,0.6543806791305542,0.47054303278688525,0.10891962659380693,0.1579007285974499,74444,0.017228797195564645,C:\Users\Zhujiangkun-Yohkoh\Desktop\光伏项目_最新\PVforecast16\GFNODE_experiments\asoc_multirate_information_screen\results\MEAN_ONLY\42\best_validation.pt,0.04076962545514107,,,,,,,,,,,,,,,,,,,,,
scenario,TRAJECTORY_ONLY,42,test,stable_low_change,12,7229,0.033057812601327896,0.02479064092040062,-0.010577692650258541,nan,0.02011197805404663,20111978496.0,1744674100346880.0,53172768768.0,0.0,0.0,0.07750034582929866,74444,0.017228797195564645,C:\Users\Zhujiangkun-Yohkoh\Desktop\光伏项目_最新\PVforecast16\GFNODE_experiments\asoc_multirate_information_screen\results\MEAN_ONLY\42\best_validation.pt,0.001956038177013397,,,,,,,,,,,,,,,,,,,,,
scenario,TRAJECTORY_ONLY,42,test,h9_h12,9-12,17401,0.529177188873291,0.25953081250190735,-0.013449090532958508,0.9159273762264333,0.16669538617134094,0.7242352962493896,0.7242353558540344,1.0374442338943481,0.34559795414056665,0.0962157347278892,0.10598528820182748,74444,0.017228797195564645,C:\Users\Zhujiangkun-Yohkoh\Desktop\光伏项目_最新\PVforecast16\GFNODE_experiments\asoc_multirate_information_screen\results\MEAN_ONLY\42\best_validation.pt,0.4021666646003723,,,,,,,,,,,,,,,,,,,,,
scenario,TRAJECTORY_ONLY,42,test,high_hf_irradiance_volatility,12,10061,0.6328815817832947,0.3815092146396637,-0.03913490101695061,0.887072716748225,0.22260470688343048,0.32545334100723267,0.3254533112049103,0.3459933400154114,0.6265281781135076,0.18425106848225822,0.11998475963290595,74444,0.017228797195564645,C:\Users\Zhujiangkun-Yohkoh\Desktop\光伏项目_最新\PVforecast16\GFNODE_experiments\asoc_multirate_information_screen\results\MEAN_ONLY\42\best_validation.pt,0.9977849721908569,,,,,,,,,,,,,,,,,,,,,
scenario,TRAJECTORY_ONLY,42,test,low_hf_irradiance_volatility,12,7340,0.03491123020648956,0.025290315970778465,-0.010723020881414413,-2.016845394917394,0.020370645448565483,43.26728439331055,43.26728439331055,21.714052200317383,0.012250227066303361,0.004632152588555858,0.07813351498637602,74444,0.017228797195564645,C:\Users\Zhujiangkun-Yohkoh\Desktop\光伏项目_最新\PVforecast16\GFNODE_experiments\asoc_multirate_information_screen\results\MEAN_ONLY\42\best_validation.pt,0.0022150177974253893,,,,,,,,,,,,,,,,,,,,,
lead_time,ALICD,42,test,full_timeline,1,17401,0.3324759900569916,0.13653205335140228,0.005291645880788565,0.9668596211320073,0.13653205335140228,0.5219491124153137,0.5219491124153137,0.5219491124153137,0.33590023561864263,0.11447617952991207,0.06264007815642779,74444,0.030206792713060145,C:\Users\Zhujiangkun-Yohkoh\Desktop\光伏项目_最新\PVforecast16\GFNODE_experiments\asoc_alicd_screen\results\ALICD\42\test_predictions.npz,,14,9,0.06450561877758498,early_stopping,True,66.27260550000005,4.7223184142857235,19136,55308,13827,88271,18.573692977271516,,,,,,,,,
lead_time,ALICD,42,test,full_timeline,2,17401,0.4201866686344147,0.19160737097263336,0.016930129379034042,0.947068856961802,0.13585178554058075,0.4945250451564789,0.4945250153541565,0.408778578042984,0.34282512499281653,0.11660249410953394,0.06143325096258836,74444,0.030206792713060145,C:\Users\Zhujiangkun-Yohkoh\Desktop\光伏项目_最新\PVforecast16\GFNODE_experiments\asoc_alicd_screen\results\ALICD\42\test_predictions.npz,,14,9,0.06450561877758498,early_stopping,True,66.27260550000005,4.7223184142857235,19136,55308,13827,88271,18.573692977271516,,,,,,,,,
lead_time,ALICD,42,test,full_timeline,3,17401,0.45782536268234253,0.21705754101276398,0.005294494330883026,0.937163183359483,0.13755761086940765,0.515949547290802,0.5159496068954468,0.43934744596481323,0.3536003677949543,0.10166082409056951,0.0665862115204107,74444,0.030206792713060145,C:\Users\Zhujiangkun-Yohkoh\Desktop\光伏项目_最新\PVforecast16\GFNODE_experiments\asoc_alicd_screen\results\ALICD\42\test_predictions.npz,,14,9,0.06450561877758498,early_stopping,True,66.27260550000005,4.7223184142857235,19136,55308,13827,88271,18.573692977271516,,,,,,,,,
lead_time,ALICD,42,test,full_timeline,4,17401,0.4689270853996277,0.220424085855484,0.0053703440353274345,0.9340804670450452,0.13586114346981049,0.47057467699050903,0.4705747067928314,0.415303111076355,0.35983564162979137,0.09953450951094765,0.06447905292799265,74444,0.030206792713060145,C:\Users\Zhujiangkun-Yohkoh\Desktop\光伏项目_最新\PVforecast16\GFNODE_experiments\asoc_alicd_screen\results\ALICD\42\test_predictions.npz,,14,9,0.06450561877758498,early_stopping,True,66.27260550000005,4.7223184142857235,19136,55308,13827,88271,18.573692977271516,,,,,,,,,
lead_time,ALICD,42,test,full_timeline,5,17401,0.4819847047328949,0.22386859357357025,0.024587905034422874,0.9303557335567999,0.13497711718082428,0.44025880098342896,0.44025883078575134,0.39609211683273315,0.364289408654675,0.10043100971208552,0.06507671972875122,74444,0.030206792713060145,C:\Users\Zhujiangkun-Yohkoh\Desktop\光伏项目_最新\PVforecast16\GFNODE_experiments\asoc_alicd_screen\results\ALICD\42\test_predictions.npz,,14,9,0.06450561877758498,early_stopping,True,66.27260550000005,4.7223184142857235,19136,55308,13827,88271,18.573692977271516,,,,,,,,,
lead_time,ALICD,42,test,full_timeline,6,17401,0.49477899074554443,0.22914880514144897,0.023110995069146156,0.926592605609058,0.13503941893577576,0.41248199343681335,0.41248202323913574,0.37365394830703735,0.35703886749803654,0.1082025937206674,0.06491006264007816,74444,0.030206792713060145,C:\Users\Zhujiangkun-Yohkoh\Desktop\光伏项目_最新\PVforecast16\GFNODE_experiments\asoc_alicd_screen\results\ALICD\42\test_predictions.npz,,14,9,0.06450561877758498,early_stopping,True,66.27260550000005,4.7223184142857235,19136,55308,13827,88271,18.573692977271516,,,,,,,,,
lead_time,ALICD,42,test,full_timeline,7,17401,0.5026968717575073,0.23673567175865173,0.020667029544711113,0.9241985705529078,0.13383419811725616,0.39611151814460754,0.39611154794692993,0.35484588146209717,0.36138317173889845,0.10707923189964452,0.0629274179644848,74444,0.030206792713060145,C:\Users\Zhujiangkun-Yohkoh\Desktop\光伏项目_最新\PVforecast16\GFNODE_experiments\asoc_alicd_screen\results\ALICD\42\test_predictions.npz,,14,9,0.06450561877758498,early_stopping,True,66.27260550000005,4.7223184142857235,19136,55308,13827,88271,18.573692977271516,,,,,,,,,
lead_time,ALICD,42,test,full_timeline,8,17401,0.5122409462928772,0.2466951161623001,0.027459898963570595,0.9212698932571309,0.13400015234947205,0.39549630880355835,0.39549633860588074,0.34410375356674194,0.3636572610769496,0.10341359691971726,0.06758232285500833,74444,0.030206792713060145,C:\Users\Zhujiangkun-Yohkoh\Desktop\光伏项目_最新\PVforecast16\GFNODE_experiments\asoc_alicd_screen\results\ALICD\42\test_predictions.npz,,14,9,0.06450561877758498,early_stopping,True,66.27260550000005,4.7223184142857235,19136,55308,13827,88271,18.573692977271516,,,,,,,,,
lead_time,ALICD,42,test,full_timeline,9,17401,0.524773895740509,0.25541049242019653,0.022384120151400566,0.9173486166256629,0.1335451602935791,0.3820912837982178,0.3820912539958954,0.32971423864364624,0.36259729645167266,0.10593899456608497,0.06685439534126392,74444,0.030206792713060145,C:\Users\Zhujiangkun-Yohkoh\Desktop\光伏项目_最新\PVforecast16\GFNODE_experiments\asoc_alicd_screen\results\ALICD\42\test_predictions.npz,,14,9,0.06450561877758498,early_stopping,True,66.27260550000005,4.7223184142857235,19136,55308,13827,88271,18.573692977271516,,,,,,,,,
lead_time,ALICD,42,test,full_timeline,10,17401,0.5342854857444763,0.26565295457839966,0.0009523112094029784,0.9143052197490058,0.1337784081697464,0.3799504041671753,0.3799504041671753,0.32032039761543274,0.36343888282282627,0.10467214527900695,0.06697316246192747,74444,0.030206792713060145,C:\Users\Zhujiangkun-Yohkoh\Desktop\光伏项目_最新\PVforecast16\GFNODE_experiments\asoc_alicd_screen\results\ALICD\42\test_predictions.npz,,14,9,0.06450561877758498,early_stopping,True,66.27260550000005,4.7223184142857235,19136,55308,13827,88271,18.573692977271516,,,,,,,,,
lead_time,ALICD,42,test,full_timeline,11,17401,0.542730450630188,0.27032551169395447,0.006165850907564163,0.9115554736367153,0.13328973948955536,0.36692437529563904,0.36692431569099426,0.3102358877658844,0.3637199533987075,0.10764271645830177,0.06547690571597244,74444,0.030206792713060145,C:\Users\Zhujiangkun-Yohkoh\Desktop\光伏项目_最新\PVforecast16\GFNODE_experiments\asoc_alicd_screen\results\ALICD\42\test_predictions.npz,,14,9,0.06450561877758498,early_stopping,True,66.27260550000005,4.7223184142857235,19136,55308,13827,88271,18.573692977271516,,,,,,,,,
lead_time,ALICD,42,test,full_timeline,12,17401,0.551146924495697,0.27193111181259155,0.028029372915625572,0.9087719841733638,0.13384975492954254,0.3626956641674042,0.3626956641674042,0.30909591913223267,0.3631687834032527,0.11007030247303795,0.07495737792847154,74444,0.030206792713060145,C:\Users\Zhujiangkun-Yohkoh\Desktop\光伏项目_最新\PVforecast16\GFNODE_experiments\asoc_alicd_screen\results\ALICD\42\test_predictions.npz,,14,9,0.06450561877758498,early_stopping,True,66.27260550000005,4.7223184142857235,19136,55308,13827,88271,18.573692977271516,,,,,,,,,
scenario,ALICD,42,test,full_timeline,12,17401,0.4888738691806793,0.2304491102695465,0.015520342625677586,0.9283058290251159,0.13384975492954254,0.3626956641674042,0.3626956641674042,0.30909591913223267,0.3631687834032527,0.11007030247303795,0.07495737792847154,74444,0.030206792713060145,C:\Users\Zhujiangkun-Yohkoh\Desktop\光伏项目_最新\PVforecast16\GFNODE_experiments\asoc_alicd_screen\results\ALICD\42\test_predictions.npz,1.0,14,9,0.06450561877758498,early_stopping,True,66.27260550000005,4.7223184142857235,19136,55308,13827,88271,18.573692977271516,,,,,,,,,
scenario,ALICD,42,test,daylight,12,9655,0.6558571457862854,0.39911624789237976,0.03491216152906418,0.8757254968105843,0.22949619591236115,0.3136249780654907,0.3136250078678131,0.26754385232925415,0.6445365095805282,0.1978249611600207,0.10620576557914725,74444,0.030206792713060145,C:\Users\Zhujiangkun-Yohkoh\Desktop\光伏项目_最新\PVforecast16\GFNODE_experiments\asoc_alicd_screen\results\ALICD\42\test_predictions.npz,0.998626172542572,14,9,0.06450561877758498,early_stopping,True,66.27260550000005,4.7223184142857235,19136,55308,13827,88271,18.573692977271516,,,,,,,,,
scenario,ALICD,42,test,high_change_daylight,12,7366,0.746695339679718,0.4922369122505188,0.05841383337974548,0.7808252384850666,0.28995952010154724,0.283164381980896,0.283164381980896,0.23743361234664917,0.6585324463752376,0.21153498054122544,0.0816702869037922,74444,0.030206792713060145,C:\Users\Zhujiangkun-Yohkoh\Desktop\光伏项目_最新\PVforecast16\GFNODE_experiments\asoc_alicd_screen\results\ALICD\42\test_predictions.npz,0.9875308871269226,14,9,0.06450561877758498,early_stopping,True,66.27260550000005,4.7223184142857235,19136,55308,13827,88271,18.573692977271516,,,,,,,,,
scenario,ALICD,42,test,midday,12,3630,0.8807988166809082,0.5911063551902771,0.07529845833778381,0.6682609990065429,0.3604119122028351,0.21634595096111298,0.21634596586227417,0.22528612613677979,0.5717630853994491,0.2825757575757576,0.12601010101010102,74444,0.030206792713060145,C:\Users\Zhujiangkun-Yohkoh\Desktop\光伏项目_最新\PVforecast16\GFNODE_experiments\asoc_alicd_screen\results\ALICD\42\test_predictions.npz,0.6771613955497742,14,9,0.06450561877758498,early_stopping,True,66.27260550000005,4.7223184142857235,19136,55308,13827,88271,18.573692977271516,,,,,,,,,
scenario,ALICD,42,test,sunrise,12,2875,0.4191189706325531,0.23720777034759521,-0.06620313972234726,0.8923574820188209,0.10397835075855255,0.5192837715148926,0.5192837119102478,0.37439656257629395,0.6338840579710145,0.13431884057971014,0.07840579710144928,74444,0.030206792713060145,C:\Users\Zhujiangkun-Yohkoh\Desktop\光伏项目_最新\PVforecast16\GFNODE_experiments\asoc_alicd_screen\results\ALICD\42\test_predictions.npz,0.12143519520759583,14,9,0.06450561877758498,early_stopping,True,66.27260550000005,4.7223184142857235,19136,55308,13827,88271,18.573692977271516,,,,,,,,,
scenario,ALICD,42,test,sunset,12,2928,0.24995994567871094,0.1397002786397934,0.04735022410750389,0.8590527838658895,0.07251132279634476,0.651336133480072,0.651336133480072,0.496914803981781,0.48229735883424407,0.106841985428051,0.1168032786885246,74444,0.030206792713060145,C:\Users\Zhujiangkun-Yohkoh\Desktop\光伏项目_最新\PVforecast16\GFNODE_experiments\asoc_alicd_screen\results\ALICD\42\test_predictions.npz,0.043988995254039764,14,9,0.06450561877758498,early_stopping,True,66.27260550000005,4.7223184142857235,19136,55308,13827,88271,18.573692977271516,,,,,,,,,
scenario,ALICD,42,test,stable_low_change,12,7229,0.02508595958352089,0.019195035099983215,-0.008551409468054771,nan,0.01444372907280922,14443728896.0,1252964635246592.0,34344441856.0,0.0,0.0,0.03204684834232489,74444,0.030206792713060145,C:\Users\Zhujiangkun-Yohkoh\Desktop\光伏项目_最新\PVforecast16\GFNODE_experiments\asoc_alicd_screen\results\ALICD\42\test_predictions.npz,0.0010938852792605758,14,9,0.06450561877758498,early_stopping,True,66.27260550000005,4.7223184142857235,19136,55308,13827,88271,18.573692977271516,,,,,,,,,
scenario,ALICD,42,test,h9_h12,9-12,17401,0.5383232831954956,0.26583001017570496,0.014382912777364254,0.912996111619057,0.1649252325296402,0.694076418876648,0.6940764784812927,1.056812047958374,0.34750876386414575,0.10181886098500086,0.1169329348887995,74444,0.030206792713060145,C:\Users\Zhujiangkun-Yohkoh\Desktop\光伏项目_最新\PVforecast16\GFNODE_experiments\asoc_alicd_screen\results\ALICD\42\test_predictions.npz,0.40417683124542236,14,9,0.06450561877758498,early_stopping,True,66.27260550000005,4.7223184142857235,19136,55308,13827,88271,18.573692977271516,,,,,,,,,
scenario,ALICD,42,test,high_hf_irradiance_volatility,12,10061,0.6424550414085388,0.3838362693786621,0.03406580165028572,0.8836304451960025,0.22082668542861938,0.3171561062335968,0.3171561062335968,0.2706717848777771,0.6208710201106583,0.1870837888877845,0.10704701321936189,74444,0.030206792713060145,C:\Users\Zhujiangkun-Yohkoh\Desktop\光伏项目_最新\PVforecast16\GFNODE_experiments\asoc_alicd_screen\results\ALICD\42\test_predictions.npz,0.9985244870185852,14,9,0.06450561877758498,early_stopping,True,66.27260550000005,4.7223184142857235,19136,55308,13827,88271,18.573692977271516,,,,,,,,,
scenario,ALICD,42,test,low_hf_irradiance_volatility,12,7340,0.028913745656609535,0.020200090482831,-0.009900078177452087,-1.0693380279515892,0.014629703015089035,30.741491317749023,30.74148941040039,13.721578598022461,0.00993415077202543,0.004507266121707538,0.030971843778383287,74444,0.030206792713060145,C:\Users\Zhujiangkun-Yohkoh\Desktop\光伏项目_最新\PVforecast16\GFNODE_experiments\asoc_alicd_screen\results\ALICD\42\test_predictions.npz,0.001475492143072188,14,9,0.06450561877758498,early_stopping,True,66.27260550000005,4.7223184142857235,19136,55308,13827,88271,18.573692977271516,,,,,,,,,
projection,ALICD,42,test,anchor_h3,3,17401,,,,,,,,,,,,74444,0.030206792713060145,C:\Users\Zhujiangkun-Yohkoh\Desktop\光伏项目_最新\PVforecast16\GFNODE_experiments\asoc_alicd_screen\results\ALICD\42\test_predictions.npz,,14,9,0.06450561877758498,early_stopping,True,66.27260550000005,4.7223184142857235,19136,55308,13827,88271,18.573692977271516,0.45782536268234253,0.005294494796544313,1.7881393432617188e-07,,,,,,
projection,ALICD,42,test,anchor_h6,6,17401,,,,,,,,,,,,74444,0.030206792713060145,C:\Users\Zhujiangkun-Yohkoh\Desktop\光伏项目_最新\PVforecast16\GFNODE_experiments\asoc_alicd_screen\results\ALICD\42\test_predictions.npz,,14,9,0.06450561877758498,early_stopping,True,66.27260550000005,4.7223184142857235,19136,55308,13827,88271,18.573692977271516,0.49477899074554443,0.023110995069146156,2.384185791015625e-07,,,,,,
projection,ALICD,42,test,anchor_h12,12,17401,,,,,,,,,,,,74444,0.030206792713060145,C:\Users\Zhujiangkun-Yohkoh\Desktop\光伏项目_最新\PVforecast16\GFNODE_experiments\asoc_alicd_screen\results\ALICD\42\test_predictions.npz,,14,9,0.06450561877758498,early_stopping,True,66.27260550000005,4.7223184142857235,19136,55308,13827,88271,18.573692977271516,0.551146924495697,0.028029371052980423,3.5762786865234375e-07,,,,,,
projection,ALICD,42,test,projection_summary,12,17401,,,,,,,,,,,,74444,0.030206792713060145,C:\Users\Zhujiangkun-Yohkoh\Desktop\光伏项目_最新\PVforecast16\GFNODE_experiments\asoc_alicd_screen\results\ALICD\42\test_predictions.npz,,14,9,0.06450561877758498,early_stopping,True,66.27260550000005,4.7223184142857235,19136,55308,13827,88271,18.573692977271516,,,,0.6393526792526245,0.4888738691806793,0.11197742819786072,1.6202392578125,0.3626956641674042,0.24030549824237823
lead_time,TRAJECTORY_ONLY,43,validation,full_timeline,1,17485,0.3313816487789154,0.15217600762844086,-0.024905920028686523,0.9721479212655302,0.15217600762844086,1.0246727466583252,1.0246727466583252,1.0246727466583252,0.3122104661138118,0.04220760651987418,0.16785816414069202,74444,0.017436442665133157,C:\Users\Zhujiangkun-Yohkoh\Desktop\光伏项目_最新\PVforecast16\GFNODE_experiments\asoc_multirate_information_screen\results\MEAN_ONLY\43\best_validation.pt,,,,,,,,,,,,,,,,,,,,,,
lead_time,TRAJECTORY_ONLY,43,validation,full_timeline,2,17485,0.38084676861763,0.16772572696208954,-0.017540816217660904,0.963212420832686,0.13304567337036133,0.7152113914489746,0.7152113914489746,0.7983269691467285,0.3326279668287103,0.06379754074921361,0.11647126108092651,74444,0.017436442665133157,C:\Users\Zhujiangkun-Yohkoh\Desktop\光伏项目_最新\PVforecast16\GFNODE_experiments\asoc_multirate_information_screen\results\MEAN_ONLY\43\best_validation.pt,,,,,,,,,,,,,,,,,,,,,,
lead_time,TRAJECTORY_ONLY,43,validation,full_timeline,3,17485,0.403835654258728,0.17776791751384735,-0.020532146096229553,0.9586371973207292,0.12966491281986237,0.6370182633399963,0.6370181441307068,0.7224613428115845,0.34389476694309407,0.06935468496806786,0.1271947383471547,74444,0.017436442665133157,C:\Users\Zhujiangkun-Yohkoh\Desktop\光伏项目_最新\PVforecast16\GFNODE_experiments\asoc_multirate_information_screen\results\MEAN_ONLY\43\best_validation.pt,,,,,,,,,,,,,,,,,,,,,,
lead_time,TRAJECTORY_ONLY,43,validation,full_timeline,4,17485,0.4207583963871002,0.18295830488204956,-0.016932062804698944,0.9550979375899729,0.12509161233901978,0.563847005367279,0.5638469457626343,0.649342954158783,0.3481126680011438,0.07533600228767515,0.10923648841864456,74444,0.017436442665133157,C:\Users\Zhujiangkun-Yohkoh\Desktop\光伏项目_最新\PVforecast16\GFNODE_experiments\asoc_multirate_information_screen\results\MEAN_ONLY\43\best_validation.pt,,,,,,,,,,,,,,,,,,,,,,
lead_time,TRAJECTORY_ONLY,43,validation,full_timeline,5,17485,0.4356178343296051,0.1991182267665863,-0.02378079481422901,0.9518704285469343,0.12443212419748306,0.526386559009552,0.5263866186141968,0.6033996939659119,0.3485501858736059,0.08490706319702603,0.10387189019159279,74444,0.017436442665133157,C:\Users\Zhujiangkun-Yohkoh\Desktop\光伏项目_最新\PVforecast16\GFNODE_experiments\asoc_multirate_information_screen\results\MEAN_ONLY\43\best_validation.pt,,,,,,,,,,,,,,,,,,,,,,
lead_time,TRAJECTORY_ONLY,43,validation,full_timeline,6,17485,0.4477013945579529,0.20612184703350067,-0.030685747042298317,0.9491632774989484,0.12197398394346237,0.5019415616989136,0.5019415020942688,0.5665760040283203,0.3551425030978934,0.08182251453626918,0.09755981317319608,74444,0.017436442665133157,C:\Users\Zhujiangkun-Yohkoh\Desktop\光伏项目_最新\PVforecast16\GFNODE_experiments\asoc_multirate_information_screen\results\MEAN_ONLY\43\best_validation.pt,,,,,,,,,,,,,,,,,,,,,,
lead_time,TRAJECTORY_ONLY,43,validation,full_timeline,7,17485,0.46006304025650024,0.21341808140277863,-0.023513073101639748,0.946317177680404,0.12088484317064285,0.46965497732162476,0.46965494751930237,0.5346042513847351,0.35351934311042116,0.09217696801339924,0.09305118673148413,74444,0.017436442665133157,C:\Users\Zhujiangkun-Yohkoh\Desktop\光伏项目_最新\PVforecast16\GFNODE_experiments\asoc_multirate_information_screen\results\MEAN_ONLY\43\best_validation.pt,,,,,,,,,,,,,,,,,,,,,,
lead_time,TRAJECTORY_ONLY,43,validation,full_timeline,8,17485,0.4690064787864685,0.218235582113266,-0.02465386502444744,0.944209736903927,0.11947529017925262,0.4579240679740906,0.457923948764801,0.5088797211647034,0.35687017443523017,0.08900486130969402,0.09039176436945953,74444,0.017436442665133157,C:\Users\Zhujiangkun-Yohkoh\Desktop\光伏项目_最新\PVforecast16\GFNODE_experiments\asoc_multirate_information_screen\results\MEAN_ONLY\43\best_validation.pt,,,,,,,,,,,,,,,,,,,,,,
lead_time,TRAJECTORY_ONLY,43,validation,full_timeline,9,17485,0.4813871383666992,0.22254571318626404,-0.02872462198138237,0.9412253981696452,0.11847361922264099,0.44388720393180847,0.44388720393180847,0.4866259694099426,0.35744924220760654,0.0923140469608871,0.08643599275569536,74444,0.017436442665133157,C:\Users\Zhujiangkun-Yohkoh\Desktop\光伏项目_最新\PVforecast16\GFNODE_experiments\asoc_multirate_information_screen\results\MEAN_ONLY\43\best_validation.pt,,,,,,,,,,,,,,,,,,,,,,
lead_time,TRAJECTORY_ONLY,43,validation,full_timeline,10,17485,0.4906294643878937,0.22748765349388123,-0.03782301023602486,0.9389468746826904,0.11771637946367264,0.43791112303733826,0.4379110634326935,0.46738144755363464,0.36071489848441524,0.08986559908492994,0.08712610809265084,74444,0.017436442665133157,C:\Users\Zhujiangkun-Yohkoh\Desktop\光伏项目_最新\PVforecast16\GFNODE_experiments\asoc_multirate_information_screen\results\MEAN_ONLY\43\best_validation.pt,,,,,,,,,,,,,,,,,,,,,,
lead_time,TRAJECTORY_ONLY,43,validation,full_timeline,11,17485,0.4974353015422821,0.22476829588413239,-0.031376756727695465,0.9372413006472775,0.11721964180469513,0.43593817949295044,0.43593817949295044,0.45191490650177,0.36265370317414924,0.08726960771570437,0.08599058933631425,74444,0.017436442665133157,C:\Users\Zhujiangkun-Yohkoh\Desktop\光伏项目_最新\PVforecast16\GFNODE_experiments\asoc_multirate_information_screen\results\MEAN_ONLY\43\best_validation.pt,,,,,,,,,,,,,,,,,,,,,,
lead_time,TRAJECTORY_ONLY,43,validation,full_timeline,12,17485,0.5056779980659485,0.23661960661411285,-0.036360252648591995,0.9351442035712731,0.11691220849752426,0.42873284220695496,0.4287327826023102,0.4372106194496155,0.3637546468401487,0.08718425316938327,0.0858974358974359,74444,0.017436442665133157,C:\Users\Zhujiangkun-Yohkoh\Desktop\光伏项目_最新\PVforecast16\GFNODE_experiments\asoc_multirate_information_screen\results\MEAN_ONLY\43\best_validation.pt,,,,,,,,,,,,,,,,,,,,,,
scenario,TRAJECTORY_ONLY,43,validation,full_timeline,12,17485,0.4465055465698242,0.20241190493106842,-0.026402423158288002,0.9494344921325375,0.11691220849752426,0.42873284220695496,0.4287327826023102,0.4372106194496155,0.3637546468401487,0.08718425316938327,0.0858974358974359,74444,0.017436442665133157,C:\Users\Zhujiangkun-Yohkoh\Desktop\光伏项目_最新\PVforecast16\GFNODE_experiments\asoc_multirate_information_screen\results\MEAN_ONLY\43\best_validation.pt,1.0,,,,,,,,,,,,,,,,,,,,,
scenario,TRAJECTORY_ONLY,43,validation,daylight,12,9032,0.6199480295181274,0.3596361577510834,-0.02619822882115841,0.9015015095620622,0.21334971487522125,0.3719237148761749,0.3719237148761749,0.38568153977394104,0.696532698553292,0.16846582521405373,0.11818165042810747,74444,0.017436442665133157,C:\Users\Zhujiangkun-Yohkoh\Desktop\光伏项目_最新\PVforecast16\GFNODE_experiments\asoc_multirate_information_screen\results\MEAN_ONLY\43\best_validation.pt,0.9958069324493408,,,,,,,,,,,,,,,,,,,,,
scenario,TRAJECTORY_ONLY,43,validation,high_change_daylight,12,6623,0.7167671322822571,0.45262446999549866,-0.027565475553274155,0.8262797226747901,0.2757141888141632,0.32375258207321167,0.32375261187553406,0.3367767930030823,0.7036715486436157,0.17677034576475917,0.08014998238461926,74444,0.017436442665133157,C:\Users\Zhujiangkun-Yohkoh\Desktop\光伏项目_最新\PVforecast16\GFNODE_experiments\asoc_multirate_information_screen\results\MEAN_ONLY\43\best_validation.pt,0.9760938286781311,,,,,,,,,,,,,,,,,,,,,
scenario,TRAJECTORY_ONLY,43,validation,midday,12,3660,0.7781553268432617,0.47111815214157104,-0.05272088572382927,0.7190470086947924,0.28869765996932983,0.2602899968624115,0.2602899968624115,0.35815903544425964,0.635200364298725,0.24414845173041894,0.14435336976320584,74444,0.017436442665133157,C:\Users\Zhujiangkun-Yohkoh\Desktop\光伏项目_最新\PVforecast16\GFNODE_experiments\asoc_multirate_information_screen\results\MEAN_ONLY\43\best_validation.pt,0.6357616186141968,,,,,,,,,,,,,,,,,,,,,
scenario,TRAJECTORY_ONLY,43,validation,sunrise,12,2917,0.41071370244026184,0.23376385867595673,-0.02694542519748211,0.9032814625079917,0.12125927209854126,0.5514196753501892,0.551419734954834,0.42753875255584717,0.5693635013141355,0.09924580047994515,0.09518912124328648,74444,0.017436442665133157,C:\Users\Zhujiangkun-Yohkoh\Desktop\光伏项目_最新\PVforecast16\GFNODE_experiments\asoc_multirate_information_screen\results\MEAN_ONLY\43\best_validation.pt,0.14115473628044128,,,,,,,,,,,,,,,,,,,,,
scenario,TRAJECTORY_ONLY,43,validation,sunset,12,2928,0.2107602208852768,0.11024215072393417,0.029415884986519814,0.907842287959807,0.0615512989461422,0.8340378403663635,0.834037721157074,0.7375317215919495,0.42916097449908924,0.03864981785063752,0.17139116575591987,74444,0.017436442665133157,C:\Users\Zhujiangkun-Yohkoh\Desktop\光伏项目_最新\PVforecast16\GFNODE_experiments\asoc_multirate_information_screen\results\MEAN_ONLY\43\best_validation.pt,0.03731032460927963,,,,,,,,,,,,,,,,,,,,,
scenario,TRAJECTORY_ONLY,43,validation,stable_low_change,12,7947,0.039568956941366196,0.0336930975317955,-0.02967553399503231,nan,0.013333029113709927,13333028864.0,1271490976677888.0,33833834496.0,0.0,0.0,0.04338115011954197,74444,0.017436442665133157,C:\Users\Zhujiangkun-Yohkoh\Desktop\光伏项目_最新\PVforecast16\GFNODE_experiments\asoc_multirate_information_screen\results\MEAN_ONLY\43\best_validation.pt,0.0035693824756890535,,,,,,,,,,,,,,,,,,,,,
scenario,TRAJECTORY_ONLY,43,validation,h9_h12,9-12,17485,0.4938630759716034,0.22785532474517822,-0.033571161329746246,0.9381394494816069,0.13980735838413239,0.7479903697967529,0.7479904294013977,1.0677121877670288,0.35889333714612526,0.06861595653417214,0.15591935945095797,74444,0.017436442665133157,C:\Users\Zhujiangkun-Yohkoh\Desktop\光伏项目_最新\PVforecast16\GFNODE_experiments\asoc_multirate_information_screen\results\MEAN_ONLY\43\best_validation.pt,0.40779149532318115,,,,,,,,,,,,,,,,,,,,,
scenario,TRAJECTORY_ONLY,43,validation,high_hf_irradiance_volatility,12,9346,0.6091277003288269,0.34780174493789673,-0.024745631963014603,0.9080203144177907,0.2062882035970688,0.37469482421875,0.37469482421875,0.38932812213897705,0.667157072544404,0.15747378557671732,0.11926670946572508,74444,0.017436442665133157,C:\Users\Zhujiangkun-Yohkoh\Desktop\光伏项目_最新\PVforecast16\GFNODE_experiments\asoc_multirate_information_screen\results\MEAN_ONLY\43\best_validation.pt,0.9947710037231445,,,,,,,,,,,,,,,,,,,,,
scenario,TRAJECTORY_ONLY,43,validation,low_hf_irradiance_volatility,12,8139,0.04732396453619003,0.03546103090047836,-0.02830490842461586,-0.9506903672455731,0.014281890355050564,13.065109252929688,13.065109252929688,7.63276481628418,0.01535815210713847,0.006470901421141009,0.047579555227914974,74444,0.017436442665133157,C:\Users\Zhujiangkun-Yohkoh\Desktop\光伏项目_最新\PVforecast16\GFNODE_experiments\asoc_multirate_information_screen\results\MEAN_ONLY\43\best_validation.pt,0.005228942725807428,,,,,,,,,,,,,,,,,,,,,
lead_time,ALICD,43,validation,full_timeline,1,17485,0.30887097120285034,0.12176933139562607,0.005811331328004599,0.975803369680008,0.12176933139562607,0.545744776725769,0.545744776725769,0.545744776725769,0.33811838718901915,0.11775807835287389,0.09133543036888762,74444,0.030008944809837786,C:\Users\Zhujiangkun-Yohkoh\Desktop\光伏项目_最新\PVforecast16\GFNODE_experiments\asoc_alicd_screen\results\ALICD\43\best_validation.pt,,13,8,0.06581164750884679,early_stopping,True,61.25680160000002,4.699981600000036,19136,55308,13827,88271,18.573692977271516,,,,,,,,,
lead_time,ALICD,43,validation,full_timeline,2,17485,0.3753356337547302,0.16917429864406586,-0.006064421497285366,0.9642694015802695,0.12170781195163727,0.5493561029434204,0.5493561029434204,0.4871779680252075,0.3364598227051759,0.09416642836717186,0.09473834715470403,74444,0.030008944809837786,C:\Users\Zhujiangkun-Yohkoh\Desktop\光伏项目_最新\PVforecast16\GFNODE_experiments\asoc_alicd_screen\results\ALICD\43\best_validation.pt,,13,8,0.06581164750884679,early_stopping,True,61.25680160000002,4.699981600000036,19136,55308,13827,88271,18.573692977271516,,,,,,,,,
lead_time,ALICD,43,validation,full_timeline,3,17485,0.41652897000312805,0.19741946458816528,0.005977808032184839,0.9559961091905071,0.1267288476228714,0.6165375113487244,0.6165374517440796,0.5406889319419861,0.3479553903345725,0.07570298350967496,0.17142312458297587,74444,0.030008944809837786,C:\Users\Zhujiangkun-Yohkoh\Desktop\光伏项目_最新\PVforecast16\GFNODE_experiments\asoc_alicd_screen\results\ALICD\43\best_validation.pt,,13,8,0.06581164750884679,early_stopping,True,61.25680160000002,4.699981600000036,19136,55308,13827,88271,18.573692977271516,,,,,,,,,
lead_time,ALICD,43,validation,full_timeline,4,17485,0.4275973439216614,0.19927409291267395,-0.005595318041741848,0.9536264075086317,0.12497828900814056,0.5543268322944641,0.5543267726898193,0.4946802258491516,0.3522733771804404,0.08145553331426937,0.14438089791249642,74444,0.030008944809837786,C:\Users\Zhujiangkun-Yohkoh\Desktop\光伏项目_最新\PVforecast16\GFNODE_experiments\asoc_alicd_screen\results\ALICD\43\best_validation.pt,,13,8,0.06581164750884679,early_stopping,True,61.25680160000002,4.699981600000036,19136,55308,13827,88271,18.573692977271516,,,,,,,,,
lead_time,ALICD,43,validation,full_timeline,5,17485,0.4415574371814728,0.20739789307117462,0.005645092111080885,0.950548993669788,0.12225069850683212,0.49617454409599304,0.49617454409599304,0.4560999572277069,0.352782384901344,0.09046611381183872,0.12788104089219332,74444,0.030008944809837786,C:\Users\Zhujiangkun-Yohkoh\Desktop\光伏项目_最新\PVforecast16\GFNODE_experiments\asoc_alicd_screen\results\ALICD\43\best_validation.pt,,13,8,0.06581164750884679,early_stopping,True,61.25680160000002,4.699981600000036,19136,55308,13827,88271,18.573692977271516,,,,,,,,,
lead_time,ALICD,43,validation,full_timeline,6,17485,0.45211029052734375,0.21254153549671173,0.021331338211894035,0.9481570805576307,0.12172234058380127,0.4853516221046448,0.4853515625,0.4346885681152344,0.3570679630159184,0.08907635115813554,0.14720236393098846,74444,0.030008944809837786,C:\Users\Zhujiangkun-Yohkoh\Desktop\光伏项目_最新\PVforecast16\GFNODE_experiments\asoc_alicd_screen\results\ALICD\43\best_validation.pt,,13,8,0.06581164750884679,early_stopping,True,61.25680160000002,4.699981600000036,19136,55308,13827,88271,18.573692977271516,,,,,,,,,
lead_time,ALICD,43,validation,full_timeline,7,17485,0.45995205640792847,0.21431811153888702,0.014737623743712902,0.9463430759439504,0.11989437788724899,0.46705466508865356,0.4670546352863312,0.41076380014419556,0.3619265492871441,0.08544466685730626,0.13522611217778505,74444,0.030008944809837786,C:\Users\Zhujiangkun-Yohkoh\Desktop\光伏项目_最新\PVforecast16\GFNODE_experiments\asoc_alicd_screen\results\ALICD\43\best_validation.pt,,13,8,0.06581164750884679,early_stopping,True,61.25680160000002,4.699981600000036,19136,55308,13827,88271,18.573692977271516,,,,,,,,,
lead_time,ALICD,43,validation,full_timeline,8,17485,0.46910470724105835,0.21804139018058777,0.01110863033682108,0.9441863671978542,0.11828260868787766,0.449342280626297,0.4493422508239746,0.39034152030944824,0.36484844152130397,0.08445810694881327,0.12577923934801258,74444,0.030008944809837786,C:\Users\Zhujiangkun-Yohkoh\Desktop\光伏项目_最新\PVforecast16\GFNODE_experiments\asoc_alicd_screen\results\ALICD\43\best_validation.pt,,13,8,0.06581164750884679,early_stopping,True,61.25680160000002,4.699981600000036,19136,55308,13827,88271,18.573692977271516,,,,,,,,,
lead_time,ALICD,43,validation,full_timeline,9,17485,0.48010915517807007,0.23312968015670776,0.01705542765557766,0.9415370556349019,0.11897610872983932,0.4607599973678589,0.46076008677482605,0.3870363235473633,0.3668223556699393,0.08100911892733455,0.1271439011215963,74444,0.030008944809837786,C:\Users\Zhujiangkun-Yohkoh\Desktop\光伏项目_最新\PVforecast16\GFNODE_experiments\asoc_alicd_screen\results\ALICD\43\best_validation.pt,,13,8,0.06581164750884679,early_stopping,True,61.25680160000002,4.699981600000036,19136,55308,13827,88271,18.573692977271516,,,,,,,,,
lead_time,ALICD,43,validation,full_timeline,10,17485,0.4906478226184845,0.23531405627727509,0.016539746895432472,0.9389423062757474,0.11864116042852402,0.43553367257118225,0.43553367257118225,0.3710421323776245,0.36462682299113525,0.09205032885330283,0.11755218758936231,74444,0.030008944809837786,C:\Users\Zhujiangkun-Yohkoh\Desktop\光伏项目_最新\PVforecast16\GFNODE_experiments\asoc_alicd_screen\results\ALICD\43\best_validation.pt,,13,8,0.06581164750884679,early_stopping,True,61.25680160000002,4.699981600000036,19136,55308,13827,88271,18.573692977271516,,,,,,,,,
lead_time,ALICD,43,validation,full_timeline,11,17485,0.5006412863731384,0.23899279534816742,0.013072515837848186,0.93642973899817,0.11821269243955612,0.4164263606071472,0.4164263606071472,0.35745057463645935,0.3644214521537942,0.09815166246393012,0.10952244781241063,74444,0.030008944809837786,C:\Users\Zhujiangkun-Yohkoh\Desktop\光伏项目_最新\PVforecast16\GFNODE_experiments\asoc_alicd_screen\results\ALICD\43\best_validation.pt,,13,8,0.06581164750884679,early_stopping,True,61.25680160000002,4.699981600000036,19136,55308,13827,88271,18.573692977271516,,,,,,,,,
lead_time,ALICD,43,validation,full_timeline,12,17485,0.5091293454170227,0.24806824326515198,0.010766181163489819,0.9342558786118887,0.11766404658555984,0.4079104959964752,0.40791040658950806,0.3455764353275299,0.3657087026975503,0.09758364312267657,0.1053712706129063,74444,0.030008944809837786,C:\Users\Zhujiangkun-Yohkoh\Desktop\光伏项目_最新\PVforecast16\GFNODE_experiments\asoc_alicd_screen\results\ALICD\43\best_validation.pt,,13,8,0.06581164750884679,early_stopping,True,61.25680160000002,4.699981600000036,19136,55308,13827,88271,18.573692977271516,,,,,,,,,
scenario,ALICD,43,validation,full_timeline,12,17485,0.44765129685401917,0.20795339345932007,0.009198830462992191,0.9491746524780966,0.11766404658555984,0.4079104959964752,0.40791040658950806,0.3455764353275299,0.3657087026975503,0.09758364312267657,0.1053712706129063,74444,0.030008944809837786,C:\Users\Zhujiangkun-Yohkoh\Desktop\光伏项目_最新\PVforecast16\GFNODE_experiments\asoc_alicd_screen\results\ALICD\43\best_validation.pt,1.0,13,8,0.06581164750884679,early_stopping,True,61.25680160000002,4.699981600000036,19136,55308,13827,88271,18.573692977271516,,,,,,,,,
scenario,ALICD,43,validation,daylight,12,9032,0.6207252740859985,0.3682352304458618,-0.005092026200145483,0.9012543648651924,0.21144242584705353,0.33636537194252014,0.33636540174484253,0.27777305245399475,0.7020962503690582,0.1885887215825214,0.11101269560082669,74444,0.030008944809837786,C:\Users\Zhujiangkun-Yohkoh\Desktop\光伏项目_最新\PVforecast16\GFNODE_experiments\asoc_alicd_screen\results\ALICD\43\best_validation.pt,0.9932017922401428,13,8,0.06581164750884679,early_stopping,True,61.25680160000002,4.699981600000036,19136,55308,13827,88271,18.573692977271516,,,,,,,,,
scenario,ALICD,43,validation,high_change_daylight,12,6623,0.7181286215782166,0.462003231048584,0.0008198536816053092,0.8256191467726628,0.2751539647579193,0.2980901598930359,0.2980901896953583,0.24206313490867615,0.7096230308520811,0.18672303588504705,0.08173536665156778,74444,0.030008944809837786,C:\Users\Zhujiangkun-Yohkoh\Desktop\光伏项目_最新\PVforecast16\GFNODE_experiments\asoc_alicd_screen\results\ALICD\43\best_validation.pt,0.9747962951660156,13,8,0.06581164750884679,early_stopping,True,61.25680160000002,4.699981600000036,19136,55308,13827,88271,18.573692977271516,,,,,,,,,
scenario,ALICD,43,validation,midday,12,3660,0.7761104702949524,0.46481847763061523,-0.05305995047092438,0.7205216297703274,0.2840218245983124,0.23948992788791656,0.23948995769023895,0.22896751761436462,0.6462659380692167,0.2803051001821494,0.11479963570127505,74444,0.030008944809837786,C:\Users\Zhujiangkun-Yohkoh\Desktop\光伏项目_最新\PVforecast16\GFNODE_experiments\asoc_alicd_screen\results\ALICD\43\best_validation.pt,0.629191517829895,13,8,0.06581164750884679,early_stopping,True,61.25680160000002,4.699981600000036,19136,55308,13827,88271,18.573692977271516,,,,,,,,,
scenario,ALICD,43,validation,sunrise,12,2917,0.4071807563304901,0.25252410769462585,0.0032807670067995787,0.9049382410346422,0.12101906538009644,0.49339619278907776,0.4933961033821106,0.37237465381622314,0.589532624842875,0.09270369100674208,0.1267855102274026,74444,0.030008944809837786,C:\Users\Zhujiangkun-Yohkoh\Desktop\光伏项目_最新\PVforecast16\GFNODE_experiments\asoc_alicd_screen\results\ALICD\43\best_validation.pt,0.13802748918533325,13,8,0.06581164750884679,early_stopping,True,61.25680160000002,4.699981600000036,19136,55308,13827,88271,18.573692977271516,,,,,,,,,
scenario,ALICD,43,validation,sunset,12,2928,0.23204107582569122,0.13469664752483368,0.10013439506292343,0.8882920332825355,0.06212073937058449,0.7276846766471863,0.7276846170425415,0.6044929623603821,0.40568078324225865,0.06286999089253188,0.13325364298724954,74444,0.030008944809837786,C:\Users\Zhujiangkun-Yohkoh\Desktop\光伏项目_最新\PVforecast16\GFNODE_experiments\asoc_alicd_screen\results\ALICD\43\best_validation.pt,0.044994089752435684,13,8,0.06581164750884679,early_stopping,True,61.25680160000002,4.699981600000036,19136,55308,13827,88271,18.573692977271516,,,,,,,,,
scenario,ALICD,43,validation,stable_low_change,12,7947,0.04792668670415878,0.03363284841179848,0.02073456533253193,nan,0.01707742176949978,17077422080.0,1628571336441856.0,45858922496.0,0.0,0.0,0.09437523593808984,74444,0.030008944809837786,C:\Users\Zhujiangkun-Yohkoh\Desktop\光伏项目_最新\PVforecast16\GFNODE_experiments\asoc_alicd_screen\results\ALICD\43\best_validation.pt,0.005209699273109436,13,8,0.06581164750884679,early_stopping,True,61.25680160000002,4.699981600000036,19136,55308,13827,88271,18.573692977271516,,,,,,,,,
scenario,ALICD,43,validation,h9_h12,9-12,17485,0.4952510893344879,0.23887617886066437,0.014358468353748322,0.9377912447961241,0.14357830584049225,0.6793969869613647,0.6793971061706543,1.0958986282348633,0.3500714898484415,0.1198169859879897,0.11382613668859022,74444,0.030008944809837786,C:\Users\Zhujiangkun-Yohkoh\Desktop\光伏项目_最新\PVforecast16\GFNODE_experiments\asoc_alicd_screen\results\ALICD\43\best_validation.pt,0.40799036622047424,13,8,0.06581164750884679,early_stopping,True,61.25680160000002,4.699981600000036,19136,55308,13827,88271,18.573692977271516,,,,,,,,,
scenario,ALICD,43,validation,high_hf_irradiance_volatility,12,9346,0.6097999811172485,0.3550807535648346,-0.0055441660806536674,0.9078171660954084,0.2044185847043991,0.3390953242778778,0.3390953242778778,0.2806800603866577,0.6710803195663029,0.1767601112775519,0.10878094015264997,74444,0.030008944809837786,C:\Users\Zhujiangkun-Yohkoh\Desktop\光伏项目_最新\PVforecast16\GFNODE_experiments\asoc_alicd_screen\results\ALICD\43\best_validation.pt,0.991871178150177,13,8,0.06581164750884679,early_stopping,True,61.25680160000002,4.699981600000036,19136,55308,13827,88271,18.573692977271516,,,,,,,,,
scenario,ALICD,43,validation,low_hf_irradiance_volatility,12,8139,0.05915600433945656,0.03900733217597008,0.026128185912966728,-2.048062188504652,0.018043944612145424,16.499818801879883,16.49981689453125,10.097896575927734,0.0150509890649957,0.0066654380144980955,0.10145595281975672,74444,0.030008944809837786,C:\Users\Zhujiangkun-Yohkoh\Desktop\光伏项目_最新\PVforecast16\GFNODE_experiments\asoc_alicd_screen\results\ALICD\43\best_validation.pt,0.008128742687404156,13,8,0.06581164750884679,early_stopping,True,61.25680160000002,4.699981600000036,19136,55308,13827,88271,18.573692977271516,,,,,,,,,
projection,ALICD,43,validation,anchor_h3,3,17485,,,,,,,,,,,,74444,0.030008944809837786,C:\Users\Zhujiangkun-Yohkoh\Desktop\光伏项目_最新\PVforecast16\GFNODE_experiments\asoc_alicd_screen\results\ALICD\43\best_validation.pt,,13,8,0.06581164750884679,early_stopping,True,61.25680160000002,4.699981600000036,19136,55308,13827,88271,18.573692977271516,0.41652897000312805,0.00597780616953969,1.7881393432617188e-07,,,,,,
projection,ALICD,43,validation,anchor_h6,6,17485,,,,,,,,,,,,74444,0.030008944809837786,C:\Users\Zhujiangkun-Yohkoh\Desktop\光伏项目_最新\PVforecast16\GFNODE_experiments\asoc_alicd_screen\results\ALICD\43\best_validation.pt,,13,8,0.06581164750884679,early_stopping,True,61.25680160000002,4.699981600000036,19136,55308,13827,88271,18.573692977271516,0.45211029052734375,0.021331336349248886,2.384185791015625e-07,,,,,,
projection,ALICD,43,validation,anchor_h12,12,17485,,,,,,,,,,,,74444,0.030008944809837786,C:\Users\Zhujiangkun-Yohkoh\Desktop\光伏项目_最新\PVforecast16\GFNODE_experiments\asoc_alicd_screen\results\ALICD\43\best_validation.pt,,13,8,0.06581164750884679,early_stopping,True,61.25680160000002,4.699981600000036,19136,55308,13827,88271,18.573692977271516,0.5091293454170227,0.010766182094812393,2.682209014892578e-07,,,,,,
projection,ALICD,43,validation,projection_summary,12,17485,,,,,,,,,,,,74444,0.030008944809837786,C:\Users\Zhujiangkun-Yohkoh\Desktop\光伏项目_最新\PVforecast16\GFNODE_experiments\asoc_alicd_screen\results\ALICD\43\best_validation.pt,,13,8,0.06581164750884679,early_stopping,True,61.25680160000002,4.699981600000036,19136,55308,13827,88271,18.573692977271516,,,,0.6734539270401001,0.44765129685401917,0.10177584737539291,1.47622811794281,0.40791040658950806,0.23837962746620178
lead_time,TRAJECTORY_ONLY,43,test,full_timeline,1,17401,0.3598082363605499,0.17526261508464813,-0.013887662440538406,0.9611868293394678,0.17526261508464813,1.0264338254928589,1.0264337062835693,1.0264338254928589,0.313775070398253,0.04344577897821964,0.13723349232802712,74444,0.02012440089650019,C:\Users\Zhujiangkun-Yohkoh\Desktop\光伏项目_最新\PVforecast16\GFNODE_experiments\asoc_multirate_information_screen\results\MEAN_ONLY\43\best_validation.pt,,,,,,,,,,,,,,,,,,,,,,
lead_time,TRAJECTORY_ONLY,43,test,full_timeline,2,17401,0.4233603775501251,0.20003455877304077,-0.01606050319969654,0.9462662459588264,0.15194790065288544,0.6864463686943054,0.6864464282989502,0.76817387342453,0.33420493075110624,0.0730705131888972,0.097867938624217,74444,0.02012440089650019,C:\Users\Zhujiangkun-Yohkoh\Desktop\光伏项目_最新\PVforecast16\GFNODE_experiments\asoc_multirate_information_screen\results\MEAN_ONLY\43\best_validation.pt,,,,,,,,,,,,,,,,,,,,,,
lead_time,TRAJECTORY_ONLY,43,test,full_timeline,3,17401,0.44886454939842224,0.21242740750312805,-0.024936560541391373,0.9395988642434197,0.14745578169822693,0.5890310406684875,0.5890311002731323,0.6856977343559265,0.3440798421546654,0.08223665306591575,0.12037622358868265,74444,0.02012440089650019,C:\Users\Zhujiangkun-Yohkoh\Desktop\光伏项目_最新\PVforecast16\GFNODE_experiments\asoc_multirate_information_screen\results\MEAN_ONLY\43\best_validation.pt,,,,,,,,,,,,,,,,,,,,,,
lead_time,TRAJECTORY_ONLY,43,test,full_timeline,4,17401,0.4663357734680176,0.21693408489227295,-0.016945166513323784,0.9348070031318888,0.14331954717636108,0.5154349207878113,0.515434980392456,0.6179125308990479,0.34762369978736857,0.09430492500431009,0.10338486293891155,74444,0.02012440089650019,C:\Users\Zhujiangkun-Yohkoh\Desktop\光伏项目_最新\PVforecast16\GFNODE_experiments\asoc_multirate_information_screen\results\MEAN_ONLY\43\best_validation.pt,,,,,,,,,,,,,,,,,,,,,,
lead_time,TRAJECTORY_ONLY,43,test,full_timeline,5,17401,0.4815576374530792,0.23216360807418823,-0.023467496037483215,0.9304790999136764,0.14225704967975616,0.4747973382472992,0.47479742765426636,0.5738253593444824,0.34627894948566174,0.10553416470317797,0.09852307338658697,74444,0.02012440089650019,C:\Users\Zhujiangkun-Yohkoh\Desktop\光伏项目_最新\PVforecast16\GFNODE_experiments\asoc_multirate_information_screen\results\MEAN_ONLY\43\best_validation.pt,,,,,,,,,,,,,,,,,,,,,,
lead_time,TRAJECTORY_ONLY,43,test,full_timeline,6,17401,0.49205562472343445,0.2385825663805008,-0.03603774309158325,0.9273984762074521,0.14000746607780457,0.4501180648803711,0.45011812448501587,0.5416144132614136,0.3502768040150949,0.10331781698369825,0.09298316188724785,74444,0.02012440089650019,C:\Users\Zhujiangkun-Yohkoh\Desktop\光伏项目_最新\PVforecast16\GFNODE_experiments\asoc_multirate_information_screen\results\MEAN_ONLY\43\best_validation.pt,,,,,,,,,,,,,,,,,,,,,,
lead_time,TRAJECTORY_ONLY,43,test,full_timeline,7,17401,0.5031148791313171,0.24298863112926483,-0.02778572402894497,0.9240724660399924,0.13864196836948395,0.4209420084953308,0.4209420084953308,0.5134105682373047,0.3511702939896722,0.11037132512909767,0.08987168225143054,74444,0.02012440089650019,C:\Users\Zhujiangkun-Yohkoh\Desktop\光伏项目_最新\PVforecast16\GFNODE_experiments\asoc_multirate_information_screen\results\MEAN_ONLY\43\best_validation.pt,,,,,,,,,,,,,,,,,,,,,,
lead_time,TRAJECTORY_ONLY,43,test,full_timeline,8,17401,0.5115834474563599,0.24876844882965088,-0.02392267994582653,0.9214718694904666,0.13727915287017822,0.40713736414909363,0.40713736414909363,0.49074169993400574,0.35257312798115054,0.10845641055111775,0.08670478708120223,74444,0.02012440089650019,C:\Users\Zhujiangkun-Yohkoh\Desktop\光伏项目_最新\PVforecast16\GFNODE_experiments\asoc_multirate_information_screen\results\MEAN_ONLY\43\best_validation.pt,,,,,,,,,,,,,,,,,,,,,,
lead_time,TRAJECTORY_ONLY,43,test,full_timeline,9,17401,0.5222486257553101,0.254738986492157,-0.027429062873125076,0.9181421461463355,0.13637647032737732,0.39357656240463257,0.3935765027999878,0.4709322452545166,0.35496044288642414,0.1117560293469724,0.08299650722499984,74444,0.02012440089650019,C:\Users\Zhujiangkun-Yohkoh\Desktop\光伏项目_最新\PVforecast16\GFNODE_experiments\asoc_multirate_information_screen\results\MEAN_ONLY\43\best_validation.pt,,,,,,,,,,,,,,,,,,,,,,
lead_time,TRAJECTORY_ONLY,43,test,full_timeline,10,17401,0.5306902527809143,0.26122209429740906,-0.034734755754470825,0.9154546266591173,0.13567714393138885,0.3867185413837433,0.3867185413837433,0.45362424850463867,0.3588069651169473,0.10941899890810873,0.08303545773231423,74444,0.02012440089650019,C:\Users\Zhujiangkun-Yohkoh\Desktop\光伏项目_最新\PVforecast16\GFNODE_experiments\asoc_multirate_information_screen\results\MEAN_ONLY\43\best_validation.pt,,,,,,,,,,,,,,,,,,,,,,
lead_time,TRAJECTORY_ONLY,43,test,full_timeline,11,17401,0.5360465049743652,0.2593660354614258,-0.025803998112678528,0.9137205205077279,0.13527247309684753,0.3836127519607544,0.383612722158432,0.4398762583732605,0.36099283740223914,0.10750165873434651,0.08145822340408858,74444,0.02012440089650019,C:\Users\Zhujiangkun-Yohkoh\Desktop\光伏项目_最新\PVforecast16\GFNODE_experiments\asoc_multirate_information_screen\results\MEAN_ONLY\43\best_validation.pt,,,,,,,,,,,,,,,,,,,,,,
lead_time,TRAJECTORY_ONLY,43,test,full_timeline,12,17401,0.5432069897651672,0.2717599868774414,-0.031219905242323875,0.9113815534525167,0.1350717395544052,0.3754291236400604,0.37542909383773804,0.42612186074256897,0.3609371108940099,0.10915081508725552,0.08129322069612857,74444,0.02012440089650019,C:\Users\Zhujiangkun-Yohkoh\Desktop\光伏项目_最新\PVforecast16\GFNODE_experiments\asoc_multirate_information_screen\results\MEAN_ONLY\43\best_validation.pt,,,,,,,,,,,,,,,,,,,,,,
scenario,TRAJECTORY_ONLY,43,test,full_timeline,12,17401,0.4876216650009155,0.23452073335647583,-0.02518593706190586,0.9286726380584689,0.1350717395544052,0.3754291236400604,0.37542909383773804,0.42612186074256897,0.3609371108940099,0.10915081508725552,0.08129322069612857,74444,0.02012440089650019,C:\Users\Zhujiangkun-Yohkoh\Desktop\光伏项目_最新\PVforecast16\GFNODE_experiments\asoc_multirate_information_screen\results\MEAN_ONLY\43\best_validation.pt,1.0,,,,,,,,,,,,,,,,,,,,,
scenario,TRAJECTORY_ONLY,43,test,daylight,12,9655,0.6538770794868469,0.3995906412601471,-0.026651982218027115,0.8764747609204506,0.23255060613155365,0.3301998972892761,0.3301998972892761,0.38725903630256653,0.6427326083203867,0.19622820645606767,0.10733644053167617,74444,0.02012440089650019,C:\Users\Zhujiangkun-Yohkoh\Desktop\光伏项目_最新\PVforecast16\GFNODE_experiments\asoc_multirate_information_screen\results\MEAN_ONLY\43\best_validation.pt,0.9977099299430847,,,,,,,,,,,,,,,,,,,,,
scenario,TRAJECTORY_ONLY,43,test,high_change_daylight,12,7366,0.7442495226860046,0.4920158088207245,-0.01914927549660206,0.7822586747789912,0.2931917905807495,0.29606756567955017,0.29606756567955017,0.351168692111969,0.6475812290705041,0.2144537967236854,0.08676124536157118,74444,0.02012440089650019,C:\Users\Zhujiangkun-Yohkoh\Desktop\光伏项目_最新\PVforecast16\GFNODE_experiments\asoc_multirate_information_screen\results\MEAN_ONLY\43\best_validation.pt,0.9861176013946533,,,,,,,,,,,,,,,,,,,,,
scenario,TRAJECTORY_ONLY,43,test,midday,12,3630,0.8731045126914978,0.5872312188148499,-0.013889987021684647,0.6740315479786743,0.36117881536483765,0.2212861180305481,0.2212861180305481,0.34510698914527893,0.5880394857667585,0.2707759412304867,0.11861799816345271,74444,0.02012440089650019,C:\Users\Zhujiangkun-Yohkoh\Desktop\光伏项目_最新\PVforecast16\GFNODE_experiments\asoc_multirate_information_screen\results\MEAN_ONLY\43\best_validation.pt,0.6688040494918823,,,,,,,,,,,,,,,,,,,,,
scenario,TRAJECTORY_ONLY,43,test,sunrise,12,2875,0.43083634972572327,0.24763457477092743,-0.08998333662748337,0.8862545764723253,0.11038309335708618,0.5703116059303284,0.5703115463256836,0.5106639862060547,0.5980579710144928,0.14704347826086955,0.07947826086956522,74444,0.02012440089650019,C:\Users\Zhujiangkun-Yohkoh\Desktop\光伏项目_最新\PVforecast16\GFNODE_experiments\asoc_multirate_information_screen\results\MEAN_ONLY\43\best_validation.pt,0.12897999584674835,,,,,,,,,,,,,,,,,,,,,
scenario,TRAJECTORY_ONLY,43,test,sunset,12,2928,0.2500605881214142,0.13779400289058685,0.018444780260324478,0.858939266602613,0.07487278431653976,0.7174795866012573,0.7174795866012573,0.6487507820129395,0.4919455828779599,0.0900785519125683,0.1654143897996357,74444,0.02012440089650019,C:\Users\Zhujiangkun-Yohkoh\Desktop\光伏项目_最新\PVforecast16\GFNODE_experiments\asoc_multirate_information_screen\results\MEAN_ONLY\43\best_validation.pt,0.04425082355737686,,,,,,,,,,,,,,,,,,,,,
scenario,TRAJECTORY_ONLY,43,test,stable_low_change,12,7229,0.03396821394562721,0.0282281581312418,-0.02499047853052616,nan,0.013007384724915028,13007384576.0,1128364681199616.0,31163928576.0,0.0,0.0,0.040957716604417396,74444,0.02012440089650019,C:\Users\Zhujiangkun-Yohkoh\Desktop\光伏项目_最新\PVforecast16\GFNODE_experiments\asoc_multirate_information_screen\results\MEAN_ONLY\43\best_validation.pt,0.0020159671548753977,,,,,,,,,,,,,,,,,,,,,
scenario,TRAJECTORY_ONLY,43,test,h9_h12,9-12,17401,0.5331030488014221,0.2617717981338501,-0.029796931892633438,0.9146753154061004,0.1620529443025589,0.7008846998214722,0.7008847594261169,1.0353437662124634,0.35390207459341416,0.0873225676685248,0.12089822423998621,74444,0.02012440089650019,C:\Users\Zhujiangkun-Yohkoh\Desktop\光伏项目_最新\PVforecast16\GFNODE_experiments\asoc_multirate_information_screen\results\MEAN_ONLY\43\best_validation.pt,0.3984144926071167,,,,,,,,,,,,,,,,,,,,,
scenario,TRAJECTORY_ONLY,43,test,high_hf_irradiance_volatility,12,10061,0.6405446529388428,0.3848472237586975,-0.02534744143486023,0.8843214846901661,0.22398419678211212,0.3346317410469055,0.33463171124458313,0.39194294810295105,0.6169284034058907,0.18532783354868634,0.11244740416790909,74444,0.02012440089650019,C:\Users\Zhujiangkun-Yohkoh\Desktop\光伏项目_最新\PVforecast16\GFNODE_experiments\asoc_multirate_information_screen\results\MEAN_ONLY\43\best_validation.pt,0.9976994395256042,,,,,,,,,,,,,,,,,,,,,
scenario,TRAJECTORY_ONLY,43,test,low_hf_irradiance_volatility,12,7340,0.03601086512207985,0.028466952964663506,-0.02496456168591976,-2.2098879860996763,0.013198704458773136,27.590787887573242,27.590787887573242,12.356742858886719,0.010047683923705721,0.0047343324250681195,0.03858991825613079,74444,0.02012440089650019,C:\Users\Zhujiangkun-Yohkoh\Desktop\光伏项目_最新\PVforecast16\GFNODE_experiments\asoc_multirate_information_screen\results\MEAN_ONLY\43\best_validation.pt,0.0023005041293799877,,,,,,,,,,,,,,,,,,,,,
lead_time,ALICD,43,test,full_timeline,1,17401,0.3330634534358978,0.13830432295799255,-0.005171502009034157,0.9667424013931615,0.13830432295799255,0.5230280756950378,0.5230280160903931,0.5230280756950378,0.327797253031435,0.12292396988678811,0.0770645365208896,74444,0.02908808689155638,C:\Users\Zhujiangkun-Yohkoh\Desktop\光伏项目_最新\PVforecast16\GFNODE_experiments\asoc_alicd_screen\results\ALICD\43\test_predictions.npz,,13,8,0.06581164750884679,early_stopping,True,61.25680160000002,4.699981600000036,19136,55308,13827,88271,18.573692977271516,,,,,,,,,
lead_time,ALICD,43,test,full_timeline,2,17401,0.4194943606853485,0.19757796823978424,-0.02716789022088051,0.9472431335212249,0.1384345293045044,0.5251956582069397,0.5251956582069397,0.447937935590744,0.33831389000632145,0.10947646686972014,0.07499568990287915,74444,0.02908808689155638,C:\Users\Zhujiangkun-Yohkoh\Desktop\光伏项目_最新\PVforecast16\GFNODE_experiments\asoc_alicd_screen\results\ALICD\43\test_predictions.npz,,13,8,0.06581164750884679,early_stopping,True,61.25680160000002,4.699981600000036,19136,55308,13827,88271,18.573692977271516,,,,,,,,,
lead_time,ALICD,43,test,full_timeline,3,17401,0.462140291929245,0.22686541080474854,-0.02558731473982334,0.935973149491236,0.14264194667339325,0.5697291493415833,0.569729208946228,0.47717905044555664,0.3538302396413999,0.09160393080857422,0.1397046146773174,74444,0.02908808689155638,C:\Users\Zhujiangkun-Yohkoh\Desktop\光伏项目_最新\PVforecast16\GFNODE_experiments\asoc_alicd_screen\results\ALICD\43\test_predictions.npz,,13,8,0.06581164750884679,early_stopping,True,61.25680160000002,4.699981600000036,19136,55308,13827,88271,18.573692977271516,,,,,,,,,
lead_time,ALICD,43,test,full_timeline,4,17401,0.4740293323993683,0.23208652436733246,-0.03525116294622421,0.9326381706442307,0.14093661308288574,0.4987630248069763,0.4987630248069763,0.43383723497390747,0.3556548474225619,0.10144531923452675,0.11676053100396529,74444,0.02908808689155638,C:\Users\Zhujiangkun-Yohkoh\Desktop\光伏项目_最新\PVforecast16\GFNODE_experiments\asoc_alicd_screen\results\ALICD\43\test_predictions.npz,,13,8,0.06581164750884679,early_stopping,True,61.25680160000002,4.699981600000036,19136,55308,13827,88271,18.573692977271516,,,,,,,,,
lead_time,ALICD,43,test,full_timeline,5,17401,0.4847688674926758,0.23712484538555145,-0.021428648382425308,0.929548817476476,0.13866691291332245,0.44303756952285767,0.44303759932518005,0.4036918878555298,0.35435894488822484,0.11305097408194931,0.10551117751853342,74444,0.02908808689155638,C:\Users\Zhujiangkun-Yohkoh\Desktop\光伏项目_最新\PVforecast16\GFNODE_experiments\asoc_alicd_screen\results\ALICD\43\test_predictions.npz,,13,8,0.06581164750884679,early_stopping,True,61.25680160000002,4.699981600000036,19136,55308,13827,88271,18.573692977271516,,,,,,,,,
lead_time,ALICD,43,test,full_timeline,6,17401,0.4932009279727936,0.2419697791337967,-0.0026142660062760115,0.927060115733704,0.13824589550495148,0.4288484752178192,0.4288485050201416,0.388766348361969,0.3568856196004061,0.11334597628488784,0.10803976782943508,74444,0.02908808689155638,C:\Users\Zhujiangkun-Yohkoh\Desktop\光伏项目_最新\PVforecast16\GFNODE_experiments\asoc_alicd_screen\results\ALICD\43\test_predictions.npz,,13,8,0.06581164750884679,early_stopping,True,61.25680160000002,4.699981600000036,19136,55308,13827,88271,18.573692977271516,,,,,,,,,
lead_time,ALICD,43,test,full_timeline,7,17401,0.501406192779541,0.24598100781440735,-0.007639264687895775,0.9245873128389175,0.1365332305431366,0.40834078192710876,0.40834081172943115,0.36964812874794006,0.362409385339102,0.10955856395773642,0.10076596583119196,74444,0.02908808689155638,C:\Users\Zhujiangkun-Yohkoh\Desktop\光伏项目_最新\PVforecast16\GFNODE_experiments\asoc_alicd_screen\results\ALICD\43\test_predictions.npz,,13,8,0.06581164750884679,early_stopping,True,61.25680160000002,4.699981600000036,19136,55308,13827,88271,18.573692977271516,,,,,,,,,
lead_time,ALICD,43,test,full_timeline,8,17401,0.5120177865028381,0.252431720495224,-0.00793661642819643,0.9213384619529618,0.135095477104187,0.3895221948623657,0.3895221948623657,0.35231757164001465,0.36502212516522037,0.10889460375840469,0.09455634733635998,74444,0.02908808689155638,C:\Users\Zhujiangkun-Yohkoh\Desktop\光伏项目_最新\PVforecast16\GFNODE_experiments\asoc_alicd_screen\results\ALICD\43\test_predictions.npz,,13,8,0.06581164750884679,early_stopping,True,61.25680160000002,4.699981600000036,19136,55308,13827,88271,18.573692977271516,,,,,,,,,
lead_time,ALICD,43,test,full_timeline,9,17401,0.524067759513855,0.2720004916191101,0.006376898847520351,0.9175708914668829,0.1357879340648651,0.39662909507751465,0.39662909507751465,0.34827375411987305,0.36635825527268545,0.10579213199752249,0.10106060315818376,74444,0.02908808689155638,C:\Users\Zhujiangkun-Yohkoh\Desktop\光伏项目_最新\PVforecast16\GFNODE_experiments\asoc_alicd_screen\results\ALICD\43\test_predictions.npz,,13,8,0.06581164750884679,early_stopping,True,61.25680160000002,4.699981600000036,19136,55308,13827,88271,18.573692977271516,,,,,,,,,
lead_time,ALICD,43,test,full_timeline,10,17401,0.532990574836731,0.27469635009765625,0.007700290996581316,0.9147201043515811,0.1355382800102234,0.3747851550579071,0.3747852146625519,0.3350704610347748,0.3624676742715936,0.11847020286190449,0.09360956266881214,74444,0.02908808689155638,C:\Users\Zhujiangkun-Yohkoh\Desktop\光伏项目_最新\PVforecast16\GFNODE_experiments\asoc_alicd_screen\results\ALICD\43\test_predictions.npz,,13,8,0.06581164750884679,early_stopping,True,61.25680160000002,4.699981600000036,19136,55308,13827,88271,18.573692977271516,,,,,,,,,
lead_time,ALICD,43,test,full_timeline,11,17401,0.5408276319503784,0.2776043713092804,0.003630475839599967,0.9121745663974669,0.1352572739124298,0.3586694300174713,0.3586694300174713,0.32366061210632324,0.36153617085747425,0.12535329735490647,0.08756550041533663,74444,0.02908808689155638,C:\Users\Zhujiangkun-Yohkoh\Desktop\光伏项目_最新\PVforecast16\GFNODE_experiments\asoc_alicd_screen\results\ALICD\43\test_predictions.npz,,13,8,0.06581164750884679,early_stopping,True,61.25680160000002,4.699981600000036,19136,55308,13827,88271,18.573692977271516,,,,,,,,,
lead_time,ALICD,43,test,full_timeline,12,17401,0.5490832924842834,0.2893545627593994,0.002743130549788475,0.9094538552480881,0.1348082721233368,0.35076725482940674,0.35076725482940674,0.3134823739528656,0.36317357240005366,0.12539030323927744,0.08445874758155661,74444,0.02908808689155638,C:\Users\Zhujiangkun-Yohkoh\Desktop\光伏项目_最新\PVforecast16\GFNODE_experiments\asoc_alicd_screen\results\ALICD\43\test_predictions.npz,,13,8,0.06581164750884679,early_stopping,True,61.25680160000002,4.699981600000036,19136,55308,13827,88271,18.573692977271516,,,,,,,,,
scenario,ALICD,43,test,full_timeline,12,17401,0.48902246356010437,0.24049979448318481,-0.009362155571579933,0.9282622429199824,0.1348082721233368,0.35076725482940674,0.35076725482940674,0.3134823739528656,0.36317357240005366,0.12539030323927744,0.08445874758155661,74444,0.02908808689155638,C:\Users\Zhujiangkun-Yohkoh\Desktop\光伏项目_最新\PVforecast16\GFNODE_experiments\asoc_alicd_screen\results\ALICD\43\test_predictions.npz,1.0,13,8,0.06581164750884679,early_stopping,True,61.25680160000002,4.699981600000036,19136,55308,13827,88271,18.573692977271516,,,,,,,,,
scenario,ALICD,43,test,daylight,12,9655,0.6555012464523315,0.40952542424201965,-0.0306763406842947,0.8758603372712241,0.23000173270702362,0.2968515455722809,0.2968515455722809,0.2640952169895172,0.6473588814085965,0.22541860866563093,0.09987053340238218,74444,0.02908808689155638,C:\Users\Zhujiangkun-Yohkoh\Desktop\光伏项目_最新\PVforecast16\GFNODE_experiments\asoc_alicd_screen\results\ALICD\43\test_predictions.npz,0.996936559677124,13,8,0.06581164750884679,early_stopping,True,61.25680160000002,4.699981600000036,19136,55308,13827,88271,18.573692977271516,,,,,,,,,
scenario,ALICD,43,test,high_change_daylight,12,7366,0.7445425987243652,0.4970583915710449,-0.02608063817024231,0.7820871606537528,0.29040440917015076,0.26819053292274475,0.26819053292274475,0.23598913848400116,0.6619716716444927,0.23820028961897005,0.07747307448637886,74444,0.02908808689155638,C:\Users\Zhujiangkun-Yohkoh\Desktop\光伏项目_最新\PVforecast16\GFNODE_experiments\asoc_alicd_screen\results\ALICD\43\test_predictions.npz,0.9812485575675964,13,8,0.06581164750884679,early_stopping,True,61.25680160000002,4.699981600000036,19136,55308,13827,88271,18.573692977271516,,,,,,,,,
scenario,ALICD,43,test,midday,12,3630,0.8778671622276306,0.5961877107620239,-0.07229940593242645,0.670465639526742,0.35806652903556824,0.2089785635471344,0.2089785635471344,0.21062828600406647,0.5887970615243342,0.3007575757575758,0.10858585858585859,74444,0.02908808689155638,C:\Users\Zhujiangkun-Yohkoh\Desktop\光伏项目_最新\PVforecast16\GFNODE_experiments\asoc_alicd_screen\results\ALICD\43\test_predictions.npz,0.6722524762153625,13,8,0.06581164750884679,early_stopping,True,61.25680160000002,4.699981600000036,19136,55308,13827,88271,18.573692977271516,,,,,,,,,
scenario,ALICD,43,test,sunrise,12,2875,0.4246828556060791,0.2537260949611664,-0.06256113201379776,0.889480552351624,0.10711067914962769,0.5002022385597229,0.5002021789550781,0.4047592878341675,0.652840579710145,0.14171014492753622,0.10171014492753623,74444,0.02908808689155638,C:\Users\Zhujiangkun-Yohkoh\Desktop\光伏项目_最新\PVforecast16\GFNODE_experiments\asoc_alicd_screen\results\ALICD\43\test_predictions.npz,0.12460500001907349,13,8,0.06581164750884679,early_stopping,True,61.25680160000002,4.699981600000036,19136,55308,13827,88271,18.573692977271516,,,,,,,,,
scenario,ALICD,43,test,sunset,12,2928,0.25325241684913635,0.15435659885406494,0.08253678679466248,0.8553152256212821,0.0738377794623375,0.5969532132148743,0.5969531536102295,0.5242092609405518,0.44652208561020035,0.13393670309653916,0.11927937158469945,74444,0.02908808689155638,C:\Users\Zhujiangkun-Yohkoh\Desktop\光伏项目_最新\PVforecast16\GFNODE_experiments\asoc_alicd_screen\results\ALICD\43\test_predictions.npz,0.04512803629040718,13,8,0.06581164750884679,early_stopping,True,61.25680160000002,4.699981600000036,19136,55308,13827,88271,18.573692977271516,,,,,,,,,
scenario,ALICD,43,test,stable_low_change,12,7229,0.036957185715436935,0.027415527030825615,0.014209500513970852,nan,0.0158457700163126,15845770240.0,1374588848046080.0,40284106752.0,1.1527643288606077e-05,0.0,0.05892931249135427,74444,0.02908808689155638,C:\Users\Zhujiangkun-Yohkoh\Desktop\光伏项目_最新\PVforecast16\GFNODE_experiments\asoc_alicd_screen\results\ALICD\43\test_predictions.npz,0.0023727072402834892,13,8,0.06581164750884679,early_stopping,True,61.25680160000002,4.699981600000036,19136,55308,13827,88271,18.573692977271516,,,,,,,,,
scenario,ALICD,43,test,h9_h12,9-12,17401,0.5368223786354065,0.27841395139694214,0.005112697836011648,0.9134805922653745,0.16690205037593842,0.6601312160491943,0.6601312160491943,1.09042489528656,0.3387017987471984,0.14616976035860008,0.11620021837825412,74444,0.02908808689155638,C:\Users\Zhujiangkun-Yohkoh\Desktop\光伏项目_最新\PVforecast16\GFNODE_experiments\asoc_alicd_screen\results\ALICD\43\test_predictions.npz,0.40168195962905884,13,8,0.06581164750884679,early_stopping,True,61.25680160000002,4.699981600000036,19136,55308,13827,88271,18.573692977271516,,,,,,,,,
scenario,ALICD,43,test,high_hf_irradiance_volatility,12,10061,0.642212450504303,0.3947978913784027,-0.027813615277409554,0.8837183086031412,0.22138066589832306,0.30042141675949097,0.30042144656181335,0.2674364149570465,0.6209869794255044,0.21367160322035583,0.10216015637941887,74444,0.02908808689155638,C:\Users\Zhujiangkun-Yohkoh\Desktop\光伏项目_最新\PVforecast16\GFNODE_experiments\asoc_alicd_screen\results\ALICD\43\test_predictions.npz,0.9971643090248108,13,8,0.06581164750884679,early_stopping,True,61.25680160000002,4.699981600000036,19136,55308,13827,88271,18.573692977271516,,,,,,,,,
scenario,ALICD,43,test,low_hf_irradiance_volatility,12,7340,0.040095388889312744,0.029002081602811813,0.015929415822029114,-2.9793446230583456,0.01614275388419628,33.93576431274414,33.935768127441406,16.386478424072266,0.009786557674841054,0.0043823796548592185,0.0601952770208901,74444,0.02908808689155638,C:\Users\Zhujiangkun-Yohkoh\Desktop\光伏项目_最新\PVforecast16\GFNODE_experiments\asoc_alicd_screen\results\ALICD\43\test_predictions.npz,0.0028356527909636497,13,8,0.06581164750884679,early_stopping,True,61.25680160000002,4.699981600000036,19136,55308,13827,88271,18.573692977271516,,,,,,,,,
projection,ALICD,43,test,anchor_h3,3,17401,,,,,,,,,,,,74444,0.02908808689155638,C:\Users\Zhujiangkun-Yohkoh\Desktop\光伏项目_最新\PVforecast16\GFNODE_experiments\asoc_alicd_screen\results\ALICD\43\test_predictions.npz,,13,8,0.06581164750884679,early_stopping,True,61.25680160000002,4.699981600000036,19136,55308,13827,88271,18.573692977271516,0.462140291929245,-0.02558731473982334,2.384185791015625e-07,,,,,,
projection,ALICD,43,test,anchor_h6,6,17401,,,,,,,,,,,,74444,0.02908808689155638,C:\Users\Zhujiangkun-Yohkoh\Desktop\光伏项目_最新\PVforecast16\GFNODE_experiments\asoc_alicd_screen\results\ALICD\43\test_predictions.npz,,13,8,0.06581164750884679,early_stopping,True,61.25680160000002,4.699981600000036,19136,55308,13827,88271,18.573692977271516,0.4932009279727936,-0.0026142674032598734,2.384185791015625e-07,,,,,,
projection,ALICD,43,test,anchor_h12,12,17401,,,,,,,,,,,,74444,0.02908808689155638,C:\Users\Zhujiangkun-Yohkoh\Desktop\光伏项目_最新\PVforecast16\GFNODE_experiments\asoc_alicd_screen\results\ALICD\43\test_predictions.npz,,13,8,0.06581164750884679,early_stopping,True,61.25680160000002,4.699981600000036,19136,55308,13827,88271,18.573692977271516,0.5490832924842834,0.0027431300841271877,2.980232238769531e-07,,,,,,
projection,ALICD,43,test,projection_summary,12,17401,,,,,,,,,,,,74444,0.02908808689155638,C:\Users\Zhujiangkun-Yohkoh\Desktop\光伏项目_最新\PVforecast16\GFNODE_experiments\asoc_alicd_screen\results\ALICD\43\test_predictions.npz,,13,8,0.06581164750884679,early_stopping,True,61.25680160000002,4.699981600000036,19136,55308,13827,88271,18.573692977271516,,,,0.6885873675346375,0.48902246356010437,0.10030617564916611,1.5438607931137085,0.35076725482940674,0.2022649198770523
lead_time,TRAJECTORY_ONLY,44,validation,full_timeline,1,17485,0.3318958282470703,0.15334917604923248,0.0032936555799096823,0.9720614225428711,0.15334917604923248,1.1601779460906982,1.1601779460906982,1.1601779460906982,0.3725478981984558,0.029511009436659994,0.2530740634829854,74444,0.017604260794977806,C:\Users\Zhujiangkun-Yohkoh\Desktop\光伏项目_最新\PVforecast16\GFNODE_experiments\asoc_multirate_information_screen\results\MEAN_ONLY\44\best_validation.pt,,,,,,,,,,,,,,,,,,,,,,
lead_time,TRAJECTORY_ONLY,44,validation,full_timeline,2,17485,0.3793328106403351,0.16636288166046143,0.00435314467176795,0.9635043172796237,0.13454246520996094,0.7889977097511292,0.7889976501464844,0.8800642490386963,0.36854446668573065,0.051100943665999425,0.172462110380326,74444,0.017604260794977806,C:\Users\Zhujiangkun-Yohkoh\Desktop\光伏项目_最新\PVforecast16\GFNODE_experiments\asoc_multirate_information_screen\results\MEAN_ONLY\44\best_validation.pt,,,,,,,,,,,,,,,,,,,,,,
lead_time,TRAJECTORY_ONLY,44,validation,full_timeline,3,17485,0.405262291431427,0.17917771637439728,0.004594514146447182,0.9583444368050922,0.1266888976097107,0.6548930406570435,0.6548929810523987,0.7541334629058838,0.36997426365456104,0.058106948813268514,0.1371842531693833,74444,0.017604260794977806,C:\Users\Zhujiangkun-Yohkoh\Desktop\光伏项目_最新\PVforecast16\GFNODE_experiments\asoc_multirate_information_screen\results\MEAN_ONLY\44\best_validation.pt,,,,,,,,,,,,,,,,,,,,,,
lead_time,TRAJECTORY_ONLY,44,validation,full_timeline,4,17485,0.42240002751350403,0.19111023843288422,0.021181747317314148,0.954746874954316,0.12584857642650604,0.602812647819519,0.6028125882148743,0.6954085230827332,0.36338289962825276,0.0607234772662282,0.12881040892193307,74444,0.017604260794977806,C:\Users\Zhujiangkun-Yohkoh\Desktop\光伏项目_最新\PVforecast16\GFNODE_experiments\asoc_multirate_information_screen\results\MEAN_ONLY\44\best_validation.pt,,,,,,,,,,,,,,,,,,,,,,
lead_time,TRAJECTORY_ONLY,44,validation,full_timeline,5,17485,0.43872034549713135,0.20338523387908936,0.018905052915215492,0.9511824193005342,0.12327910214662552,0.5592088103294373,0.5592088103294373,0.6418421864509583,0.36343151272519303,0.06545038604518158,0.11744924220760652,74444,0.017604260794977806,C:\Users\Zhujiangkun-Yohkoh\Desktop\光伏项目_最新\PVforecast16\GFNODE_experiments\asoc_multirate_information_screen\results\MEAN_ONLY\44\best_validation.pt,,,,,,,,,,,,,,,,,,,,,,
lead_time,TRAJECTORY_ONLY,44,validation,full_timeline,6,17485,0.4524339735507965,0.20780707895755768,0.022125018760561943,0.9480828209257006,0.12130510807037354,0.5230042934417725,0.5230042934417725,0.5990603566169739,0.3644075874559146,0.06723858545419883,0.11073300924602039,74444,0.017604260794977806,C:\Users\Zhujiangkun-Yohkoh\Desktop\光伏项目_最新\PVforecast16\GFNODE_experiments\asoc_multirate_information_screen\results\MEAN_ONLY\44\best_validation.pt,,,,,,,,,,,,,,,,,,,,,,
lead_time,TRAJECTORY_ONLY,44,validation,full_timeline,7,17485,0.46258580684661865,0.21713927388191223,0.024874933063983917,0.9457268190957314,0.12014631927013397,0.5030940771102905,0.5030940771102905,0.5668248534202576,0.366722496834021,0.06778871685934883,0.10408921933085502,74444,0.017604260794977806,C:\Users\Zhujiangkun-Yohkoh\Desktop\光伏项目_最新\PVforecast16\GFNODE_experiments\asoc_multirate_information_screen\results\MEAN_ONLY\44\best_validation.pt,,,,,,,,,,,,,,,,,,,,,,
lead_time,TRAJECTORY_ONLY,44,validation,full_timeline,8,17485,0.47262436151504517,0.2237159013748169,0.02293417416512966,0.9433456916900371,0.11882704496383667,0.4809172749519348,0.4809172451496124,0.5396808981895447,0.3672647983986274,0.07192593651701458,0.0985201601372605,74444,0.017604260794977806,C:\Users\Zhujiangkun-Yohkoh\Desktop\光伏项目_最新\PVforecast16\GFNODE_experiments\asoc_multirate_information_screen\results\MEAN_ONLY\44\best_validation.pt,,,,,,,,,,,,,,,,,,,,,,
lead_time,TRAJECTORY_ONLY,44,validation,full_timeline,9,17485,0.48290589451789856,0.22782231867313385,0.013768039643764496,0.9408539547704713,0.11847497522830963,0.4645923376083374,0.4645923376083374,0.5157222747802734,0.36340990690433067,0.07511835541575318,0.09614590283735265,74444,0.017604260794977806,C:\Users\Zhujiangkun-Yohkoh\Desktop\光伏项目_最新\PVforecast16\GFNODE_experiments\asoc_multirate_information_screen\results\MEAN_ONLY\44\best_validation.pt,,,,,,,,,,,,,,,,,,,,,,
lead_time,TRAJECTORY_ONLY,44,validation,full_timeline,10,17485,0.4914286136627197,0.23423072695732117,0.013811777345836163,0.9387478196303979,0.11768291145563126,0.45698675513267517,0.45698675513267517,0.49637287855148315,0.36548470117243353,0.07519588218472976,0.09377180440377467,74444,0.017604260794977806,C:\Users\Zhujiangkun-Yohkoh\Desktop\光伏项目_最新\PVforecast16\GFNODE_experiments\asoc_multirate_information_screen\results\MEAN_ONLY\44\best_validation.pt,,,,,,,,,,,,,,,,,,,,,,
lead_time,TRAJECTORY_ONLY,44,validation,full_timeline,11,17485,0.501586377620697,0.24503971636295319,0.022414332255721092,0.9361894903453473,0.11725226789712906,0.44317445158958435,0.44317445158958435,0.4794021248817444,0.36591364026308265,0.08009982582473289,0.09007720903631684,74444,0.017604260794977806,C:\Users\Zhujiangkun-Yohkoh\Desktop\光伏项目_最新\PVforecast16\GFNODE_experiments\asoc_multirate_information_screen\results\MEAN_ONLY\44\best_validation.pt,,,,,,,,,,,,,,,,,,,,,,
lead_time,TRAJECTORY_ONLY,44,validation,full_timeline,12,17485,0.5121769309043884,0.2602323889732361,0.03045002557337284,0.933466457892122,0.11719881743192673,0.4360279142856598,0.4360278844833374,0.46825286746025085,0.365413211323992,0.08362405871699552,0.08846630445143457,74444,0.017604260794977806,C:\Users\Zhujiangkun-Yohkoh\Desktop\光伏项目_最新\PVforecast16\GFNODE_experiments\asoc_multirate_information_screen\results\MEAN_ONLY\44\best_validation.pt,,,,,,,,,,,,,,,,,,,,,,
scenario,TRAJECTORY_ONLY,44,validation,full_timeline,12,17485,0.44905948638916016,0.20911440253257751,0.016892200335860252,0.9488543823615805,0.11719881743192673,0.4360279142856598,0.4360278844833374,0.46825286746025085,0.365413211323992,0.08362405871699552,0.08846630445143457,74444,0.017604260794977806,C:\Users\Zhujiangkun-Yohkoh\Desktop\光伏项目_最新\PVforecast16\GFNODE_experiments\asoc_multirate_information_screen\results\MEAN_ONLY\44\best_validation.pt,1.0,,,,,,,,,,,,,,,,,,,,,
scenario,TRAJECTORY_ONLY,44,validation,daylight,12,9032,0.622893214225769,0.36686626076698303,0.00904069747775793,0.9005634089959229,0.21300263702869415,0.37501752376556396,0.37501752376556396,0.4105151891708374,0.6982857248302332,0.16158289046353705,0.11857838795394154,74444,0.017604260794977806,C:\Users\Zhujiangkun-Yohkoh\Desktop\光伏项目_最新\PVforecast16\GFNODE_experiments\asoc_multirate_information_screen\results\MEAN_ONLY\44\best_validation.pt,0.9938886761665344,,,,,,,,,,,,,,,,,,,,,
scenario,TRAJECTORY_ONLY,44,validation,high_change_daylight,12,6623,0.7205625772476196,0.46100956201553345,0.0037316628731787205,0.8244350893558249,0.2746783494949341,0.32612624764442444,0.32612624764442444,0.3608773946762085,0.7101137450299462,0.16569782072575368,0.07739443353968493,74444,0.017604260794977806,C:\Users\Zhujiangkun-Yohkoh\Desktop\光伏项目_最新\PVforecast16\GFNODE_experiments\asoc_multirate_information_screen\results\MEAN_ONLY\44\best_validation.pt,0.9752696752548218,,,,,,,,,,,,,,,,,,,,,
scenario,TRAJECTORY_ONLY,44,validation,midday,12,3660,0.7823195457458496,0.47454097867012024,-0.047694217413663864,0.7160319462992639,0.290375292301178,0.2682061195373535,0.2682061493396759,0.3566751480102539,0.6232923497267759,0.24002732240437158,0.15478142076502732,74444,0.017604260794977806,C:\Users\Zhujiangkun-Yohkoh\Desktop\光伏项目_最新\PVforecast16\GFNODE_experiments\asoc_multirate_information_screen\results\MEAN_ONLY\44\best_validation.pt,0.6352959275245667,,,,,,,,,,,,,,,,,,,,,
scenario,TRAJECTORY_ONLY,44,validation,sunrise,12,2917,0.4122900664806366,0.2570357620716095,0.08026992529630661,0.9025376045568112,0.11869513988494873,0.5692481398582458,0.5692481398582458,0.5255663394927979,0.5981316420980459,0.07573420180550794,0.09676037024340076,74444,0.017604260794977806,C:\Users\Zhujiangkun-Yohkoh\Desktop\光伏项目_最新\PVforecast16\GFNODE_experiments\asoc_multirate_information_screen\results\MEAN_ONLY\44\best_validation.pt,0.14062701165676117,,,,,,,,,,,,,,,,,,,,,
scenario,TRAJECTORY_ONLY,44,validation,sunset,12,2928,0.2139815241098404,0.11177634447813034,0.016615983098745346,0.905003636269697,0.06257209926843643,0.8301044702529907,0.830104410648346,0.7950055599212646,0.4234118852459016,0.04357354280510018,0.15391621129326047,74444,0.017604260794977806,C:\Users\Zhujiangkun-Yohkoh\Desktop\光伏项目_最新\PVforecast16\GFNODE_experiments\asoc_multirate_information_screen\results\MEAN_ONLY\44\best_validation.pt,0.038023337721824646,,,,,,,,,,,,,,,,,,,,,
scenario,TRAJECTORY_ONLY,44,validation,stable_low_change,12,7947,0.04800175502896309,0.03900877758860588,0.02664334513247013,nan,0.014326593838632107,14326593536.0,1366241176453120.0,38166896640.0,0.0,0.0,0.04902269200117445,74444,0.017604260794977806,C:\Users\Zhujiangkun-Yohkoh\Desktop\光伏项目_最新\PVforecast16\GFNODE_experiments\asoc_multirate_information_screen\results\MEAN_ONLY\44\best_validation.pt,0.005193307064473629,,,,,,,,,,,,,,,,,,,,,
scenario,TRAJECTORY_ONLY,44,validation,h9_h12,9-12,17485,0.4971454441547394,0.24183127284049988,0.020111044868826866,0.9373144306016914,0.14198331534862518,0.7482997179031372,0.7482998371124268,1.104212760925293,0.35712038890477554,0.09102087503574492,0.16196740062911066,74444,0.017604260794977806,C:\Users\Zhujiangkun-Yohkoh\Desktop\光伏项目_最新\PVforecast16\GFNODE_experiments\asoc_multirate_information_screen\results\MEAN_ONLY\44\best_validation.pt,0.40854310989379883,,,,,,,,,,,,,,,,,,,,,
scenario,TRAJECTORY_ONLY,44,validation,high_hf_irradiance_volatility,12,9346,0.612079381942749,0.3551081120967865,0.007985426113009453,0.9071267311901473,0.20629189908504486,0.3797546923160553,0.3797546923160553,0.415473610162735,0.6694931878165347,0.15043869034881233,0.12097867180255367,74444,0.017604260794977806,C:\Users\Zhujiangkun-Yohkoh\Desktop\光伏项目_最新\PVforecast16\GFNODE_experiments\asoc_multirate_information_screen\results\MEAN_ONLY\44\best_validation.pt,0.9930425882339478,,,,,,,,,,,,,,,,,,,,,
scenario,TRAJECTORY_ONLY,44,validation,low_hf_irradiance_volatility,12,8139,0.05490078404545784,0.04147003963589668,0.027119839563965797,-1.6253259623398937,0.014893381856381893,13.595100402832031,13.595100402832031,8.399678230285645,0.016238686161281074,0.0069009296801408855,0.051132407748699676,74444,0.017604260794977806,C:\Users\Zhujiangkun-Yohkoh\Desktop\光伏项目_最新\PVforecast16\GFNODE_experiments\asoc_multirate_information_screen\results\MEAN_ONLY\44\best_validation.pt,0.006957524456083775,,,,,,,,,,,,,,,,,,,,,
lead_time,ALICD,44,validation,full_timeline,1,17485,0.3087642788887024,0.1223139613866806,-0.0057843574322760105,0.9758200833226525,0.1223139613866806,0.6040850281715393,0.6040850281715393,0.6040850281715393,0.363625965112954,0.08578781812982557,0.21126680011438376,74444,0.030472547898190653,C:\Users\Zhujiangkun-Yohkoh\Desktop\光伏项目_最新\PVforecast16\GFNODE_experiments\asoc_alicd_screen\results\ALICD\44\best_validation.pt,,13,8,0.06514958945352692,early_stopping,True,61.21247519999997,4.697103930769274,19136,55308,13827,88271,18.573692977271516,,,,,,,,,
lead_time,ALICD,44,validation,full_timeline,2,17485,0.3753756582736969,0.16716720163822174,-0.002046016976237297,0.9642617804850325,0.12107841670513153,0.5389007329940796,0.5389007329940796,0.4741542935371399,0.35350300257363454,0.09919931369745497,0.13411495567629397,74444,0.030472547898190653,C:\Users\Zhujiangkun-Yohkoh\Desktop\光伏项目_最新\PVforecast16\GFNODE_experiments\asoc_alicd_screen\results\ALICD\44\best_validation.pt,,13,8,0.06514958945352692,early_stopping,True,61.21247519999997,4.697103930769274,19136,55308,13827,88271,18.573692977271516,,,,,,,,,
lead_time,ALICD,44,validation,full_timeline,3,17485,0.4134432375431061,0.1893080770969391,-0.010888351127505302,0.9566456764540028,0.12267079204320908,0.5619361400604248,0.56193608045578,0.49300897121429443,0.3486798207987799,0.08462491659517682,0.1217805738251835,74444,0.030472547898190653,C:\Users\Zhujiangkun-Yohkoh\Desktop\光伏项目_最新\PVforecast16\GFNODE_experiments\asoc_alicd_screen\results\ALICD\44\best_validation.pt,,13,8,0.06514958945352692,early_stopping,True,61.21247519999997,4.697103930769274,19136,55308,13827,88271,18.573692977271516,,,,,,,,,
lead_time,ALICD,44,validation,full_timeline,4,17485,0.42891252040863037,0.1992027461528778,0.0004907884285785258,0.9533407085136757,0.12337031215429306,0.5319847464561462,0.5319846868515015,0.4833897352218628,0.34887046039462394,0.08375750643408636,0.12693737489276521,74444,0.030472547898190653,C:\Users\Zhujiangkun-Yohkoh\Desktop\光伏项目_最新\PVforecast16\GFNODE_experiments\asoc_alicd_screen\results\ALICD\44\best_validation.pt,,13,8,0.06514958945352692,early_stopping,True,61.21247519999997,4.697103930769274,19136,55308,13827,88271,18.573692977271516,,,,,,,,,
lead_time,ALICD,44,validation,full_timeline,5,17485,0.43692752718925476,0.19128091633319855,-0.0009582109632901847,0.9515805825712521,0.12403431534767151,0.538470983505249,0.538470983505249,0.48140838742256165,0.35559622533600227,0.07614526737203317,0.15016299685444667,74444,0.030472547898190653,C:\Users\Zhujiangkun-Yohkoh\Desktop\光伏项目_最新\PVforecast16\GFNODE_experiments\asoc_alicd_screen\results\ALICD\44\best_validation.pt,,13,8,0.06514958945352692,early_stopping,True,61.21247519999997,4.697103930769274,19136,55308,13827,88271,18.573692977271516,,,,,,,,,
lead_time,ALICD,44,validation,full_timeline,6,17485,0.44784680008888245,0.19333906471729279,-0.009032241068780422,0.9491302468543296,0.12315339595079422,0.5078220963478088,0.5078220963478088,0.45410415530204773,0.35300733962444,0.08268992469735964,0.1456677151844438,74444,0.030472547898190653,C:\Users\Zhujiangkun-Yohkoh\Desktop\光伏项目_最新\PVforecast16\GFNODE_experiments\asoc_alicd_screen\results\ALICD\44\best_validation.pt,,13,8,0.06514958945352692,early_stopping,True,61.21247519999997,4.697103930769274,19136,55308,13827,88271,18.573692977271516,,,,,,,,,
lead_time,ALICD,44,validation,full_timeline,7,17485,0.45912840962409973,0.20077770948410034,-0.008492311462759972,0.9465350694431853,0.12256991118192673,0.49816566705703735,0.49816563725471497,0.43219414353370667,0.35809469341067857,0.08294456472895134,0.1425385023898035,74444,0.030472547898190653,C:\Users\Zhujiangkun-Yohkoh\Desktop\光伏项目_最新\PVforecast16\GFNODE_experiments\asoc_alicd_screen\results\ALICD\44\best_validation.pt,,13,8,0.06514958945352692,early_stopping,True,61.21247519999997,4.697103930769274,19136,55308,13827,88271,18.573692977271516,,,,,,,,,
lead_time,ALICD,44,validation,full_timeline,8,17485,0.4703754782676697,0.21269117295742035,-0.008649451658129692,0.9438835667768297,0.12132346630096436,0.4852235019207001,0.4852234423160553,0.41043493151664734,0.36198884758364314,0.08072633686016585,0.1328281384043466,74444,0.030472547898190653,C:\Users\Zhujiangkun-Yohkoh\Desktop\光伏项目_最新\PVforecast16\GFNODE_experiments\asoc_alicd_screen\results\ALICD\44\best_validation.pt,,13,8,0.06514958945352692,early_stopping,True,61.21247519999997,4.697103930769274,19136,55308,13827,88271,18.573692977271516,,,,,,,,,
lead_time,ALICD,44,validation,full_timeline,9,17485,0.48162373900413513,0.21415477991104126,-0.019842984154820442,0.9411676131273677,0.12043989449739456,0.4739863872528076,0.47398641705513,0.3917334973812103,0.36355606392781115,0.079839862739491,0.12415085946684459,74444,0.030472547898190653,C:\Users\Zhujiangkun-Yohkoh\Desktop\光伏项目_最新\PVforecast16\GFNODE_experiments\asoc_alicd_screen\results\ALICD\44\best_validation.pt,,13,8,0.06514958945352692,early_stopping,True,61.21247519999997,4.697103930769274,19136,55308,13827,88271,18.573692977271516,,,,,,,,,
lead_time,ALICD,44,validation,full_timeline,10,17485,0.49062225222587585,0.2194204181432724,-0.01995808817446232,0.9389486666314604,0.11954376101493835,0.46505749225616455,0.46505749225616455,0.3757545053958893,0.3655990849299399,0.07808979124964255,0.11875321704317987,74444,0.030472547898190653,C:\Users\Zhujiangkun-Yohkoh\Desktop\光伏项目_最新\PVforecast16\GFNODE_experiments\asoc_alicd_screen\results\ALICD\44\best_validation.pt,,13,8,0.06514958945352692,early_stopping,True,61.21247519999997,4.697103930769274,19136,55308,13827,88271,18.573692977271516,,,,,,,,,
lead_time,ALICD,44,validation,full_timeline,11,17485,0.4960636794567108,0.2245703488588333,-0.014057183638215065,0.9375869272321962,0.11885043233633041,0.4582338333129883,0.4582338333129883,0.3668695390224457,0.3677021862895469,0.07722983336366236,0.11445654717030182,74444,0.030472547898190653,C:\Users\Zhujiangkun-Yohkoh\Desktop\光伏项目_最新\PVforecast16\GFNODE_experiments\asoc_alicd_screen\results\ALICD\44\best_validation.pt,,13,8,0.06514958945352692,early_stopping,True,61.21247519999997,4.697103930769274,19136,55308,13827,88271,18.573692977271516,,,,,,,,,
lead_time,ALICD,44,validation,full_timeline,12,17485,0.5008125901222229,0.22330881655216217,-0.012632430531084538,0.936386229470075,0.11856266856193542,0.4486801028251648,0.4486800730228424,0.3553522229194641,0.3687351062815747,0.07873415308359547,0.11092841483176055,74444,0.030472547898190653,C:\Users\Zhujiangkun-Yohkoh\Desktop\光伏项目_最新\PVforecast16\GFNODE_experiments\asoc_alicd_screen\results\ALICD\44\best_validation.pt,,13,8,0.06514958945352692,early_stopping,True,61.21247519999997,4.697103930769274,19136,55308,13827,88271,18.573692977271516,,,,,,,,,
scenario,ALICD,44,validation,full_timeline,12,17485,0.44574207067489624,0.1964612454175949,-0.00932090450078249,0.9496072652695378,0.11856266856193542,0.4486801028251648,0.4486800730228424,0.3553522229194641,0.3687351062815747,0.07873415308359547,0.11092841483176055,74444,0.030472547898190653,C:\Users\Zhujiangkun-Yohkoh\Desktop\光伏项目_最新\PVforecast16\GFNODE_experiments\asoc_alicd_screen\results\ALICD\44\best_validation.pt,1.0,13,8,0.06514958945352692,early_stopping,True,61.21247519999997,4.697103930769274,19136,55308,13827,88271,18.573692977271516,,,,,,,,,
scenario,ALICD,44,validation,daylight,12,9032,0.6192243695259094,0.3548286259174347,-0.011622108519077301,0.9017313355645107,0.21213765442371368,0.37214863300323486,0.3721486032009125,0.29640623927116394,0.705002583407145,0.1522549453793918,0.12287791555949218,74444,0.030472547898190653,C:\Users\Zhujiangkun-Yohkoh\Desktop\光伏项目_最新\PVforecast16\GFNODE_experiments\asoc_alicd_screen\results\ALICD\44\best_validation.pt,0.996889591217041,13,8,0.06514958945352692,early_stopping,True,61.21247519999997,4.697103930769274,19136,55308,13827,88271,18.573692977271516,,,,,,,,,
scenario,ALICD,44,validation,high_change_daylight,12,6623,0.7171388268470764,0.4501614570617676,-0.010791979730129242,0.8260995006433747,0.2742181122303009,0.32168763875961304,0.3216876685619354,0.24484242498874664,0.7135739091046354,0.16286677739191704,0.08262871810357844,74444,0.030472547898190653,C:\Users\Zhujiangkun-Yohkoh\Desktop\光伏项目_最新\PVforecast16\GFNODE_experiments\asoc_alicd_screen\results\ALICD\44\best_validation.pt,0.980456531047821,13,8,0.06514958945352692,early_stopping,True,61.21247519999997,4.697103930769274,19136,55308,13827,88271,18.573692977271516,,,,,,,,,
scenario,ALICD,44,validation,midday,12,3660,0.776597797870636,0.4605998396873474,-0.018311087042093277,0.720170574711012,0.287920743227005,0.267399400472641,0.2673994302749634,0.2580234408378601,0.6370673952641166,0.22290528233151183,0.1496584699453552,74444,0.030472547898190653,C:\Users\Zhujiangkun-Yohkoh\Desktop\光伏项目_最新\PVforecast16\GFNODE_experiments\asoc_alicd_screen\results\ALICD\44\best_validation.pt,0.6353901028633118,13,8,0.06514958945352692,early_stopping,True,61.21247519999997,4.697103930769274,19136,55308,13827,88271,18.573692977271516,,,,,,,,,
scenario,ALICD,44,validation,sunrise,12,2917,0.41241100430488586,0.2331342101097107,-0.020320769399404526,0.9024804185522852,0.11732468008995056,0.5272849798202515,0.5272849798202515,0.3364787995815277,0.596388984116101,0.07173465889612615,0.08567592275168552,74444,0.030472547898190653,C:\Users\Zhujiangkun-Yohkoh\Desktop\光伏项目_最新\PVforecast16\GFNODE_experiments\asoc_alicd_screen\results\ALICD\44\best_validation.pt,0.14281177520751953,13,8,0.06514958945352692,early_stopping,True,61.21247519999997,4.697103930769274,19136,55308,13827,88271,18.573692977271516,,,,,,,,,
scenario,ALICD,44,validation,sunset,12,2928,0.20447151362895966,0.10651864856481552,0.01557712722569704,0.913259874265567,0.06284446269273758,0.8233534097671509,0.8233532905578613,0.6681315898895264,0.4249203096539162,0.05450250455373406,0.1572176684881603,74444,0.030472547898190653,C:\Users\Zhujiangkun-Yohkoh\Desktop\光伏项目_最新\PVforecast16\GFNODE_experiments\asoc_alicd_screen\results\ALICD\44\best_validation.pt,0.035237397998571396,13,8,0.06514958945352692,early_stopping,True,61.21247519999997,4.697103930769274,19136,55308,13827,88271,18.573692977271516,,,,,,,,,
scenario,ALICD,44,validation,stable_low_change,12,7947,0.03420877084136009,0.026612812653183937,-0.007278059143573046,nan,0.01834319531917572,18343194624.0,1749280586989568.0,39675715584.0,1.0486137326454427e-05,0.0,0.09380898452246131,74444,0.030472547898190653,C:\Users\Zhujiangkun-Yohkoh\Desktop\光伏项目_最新\PVforecast16\GFNODE_experiments\asoc_alicd_screen\results\ALICD\44\best_validation.pt,0.002676980337128043,13,8,0.06514958945352692,early_stopping,True,61.21247519999997,4.697103930769274,19136,55308,13827,88271,18.573692977271516,,,,,,,,,
scenario,ALICD,44,validation,h9_h12,9-12,17485,0.49233222007751465,0.220363587141037,-0.016622669994831085,0.9385223598942544,0.13823692500591278,0.7348598837852478,0.7348600625991821,1.0483652353286743,0.3666142407778096,0.06531312553617387,0.09322276236774378,74444,0.030472547898190653,C:\Users\Zhujiangkun-Yohkoh\Desktop\光伏项目_最新\PVforecast16\GFNODE_experiments\asoc_alicd_screen\results\ALICD\44\best_validation.pt,0.40665677189826965,13,8,0.06514958945352692,early_stopping,True,61.21247519999997,4.697103930769274,19136,55308,13827,88271,18.573692977271516,,,,,,,,,
scenario,ALICD,44,validation,high_hf_irradiance_volatility,12,9346,0.6084962487220764,0.3429400622844696,-0.011012643575668335,0.9082109257049769,0.20555174350738525,0.3761250674724579,0.3761250972747803,0.30003494024276733,0.675690134817034,0.1441971609957914,0.1260878094015265,74444,0.030472547898190653,C:\Users\Zhujiangkun-Yohkoh\Desktop\光伏项目_最新\PVforecast16\GFNODE_experiments\asoc_alicd_screen\results\ALICD\44\best_validation.pt,0.9961130619049072,13,8,0.06514958945352692,early_stopping,True,61.21247519999997,4.697103930769274,19136,55308,13827,88271,18.573692977271516,,,,,,,,,
scenario,ALICD,44,validation,low_hf_irradiance_volatility,12,8139,0.040731899440288544,0.02825990691781044,-0.007378281559795141,-0.44509183690826526,0.018673233687877655,17.415119171142578,17.415117263793945,8.668173789978027,0.016259163697423924,0.003563091288856125,0.09352090756440185,74444,0.030472547898190653,C:\Users\Zhujiangkun-Yohkoh\Desktop\光伏项目_最新\PVforecast16\GFNODE_experiments\asoc_alicd_screen\results\ALICD\44\best_validation.pt,0.003886936465278268,13,8,0.06514958945352692,early_stopping,True,61.21247519999997,4.697103930769274,19136,55308,13827,88271,18.573692977271516,,,,,,,,,
projection,ALICD,44,validation,anchor_h3,3,17485,,,,,,,,,,,,74444,0.030472547898190653,C:\Users\Zhujiangkun-Yohkoh\Desktop\光伏项目_最新\PVforecast16\GFNODE_experiments\asoc_alicd_screen\results\ALICD\44\best_validation.pt,,13,8,0.06514958945352692,early_stopping,True,61.21247519999997,4.697103930769274,19136,55308,13827,88271,18.573692977271516,0.4134432375431061,-0.010888351127505302,1.7881393432617188e-07,,,,,,
projection,ALICD,44,validation,anchor_h6,6,17485,,,,,,,,,,,,74444,0.030472547898190653,C:\Users\Zhujiangkun-Yohkoh\Desktop\光伏项目_最新\PVforecast16\GFNODE_experiments\asoc_alicd_screen\results\ALICD\44\best_validation.pt,,13,8,0.06514958945352692,early_stopping,True,61.21247519999997,4.697103930769274,19136,55308,13827,88271,18.573692977271516,0.44784680008888245,-0.009032243862748146,2.384185791015625e-07,,,,,,
projection,ALICD,44,validation,anchor_h12,12,17485,,,,,,,,,,,,74444,0.030472547898190653,C:\Users\Zhujiangkun-Yohkoh\Desktop\光伏项目_最新\PVforecast16\GFNODE_experiments\asoc_alicd_screen\results\ALICD\44\best_validation.pt,,13,8,0.06514958945352692,early_stopping,True,61.21247519999997,4.697103930769274,19136,55308,13827,88271,18.573692977271516,0.5008125901222229,-0.012632430531084538,2.7101486921310425e-07,,,,,,
projection,ALICD,44,validation,projection_summary,12,17485,,,,,,,,,,,,74444,0.030472547898190653,C:\Users\Zhujiangkun-Yohkoh\Desktop\光伏项目_最新\PVforecast16\GFNODE_experiments\asoc_alicd_screen\results\ALICD\44\best_validation.pt,,13,8,0.06514958945352692,early_stopping,True,61.21247519999997,4.697103930769274,19136,55308,13827,88271,18.573692977271516,,,,0.6983566880226135,0.44574207067489624,0.11191314458847046,1.397854208946228,0.4486800730228424,0.27795735001564026
lead_time,TRAJECTORY_ONLY,44,test,full_timeline,1,17401,0.351491779088974,0.16659745573997498,-0.003505552653223276,0.9629603207682242,0.16659745573997498,0.9913522601127625,0.9913522005081177,0.9913522601127625,0.35722084937647264,0.04965231883225102,0.21814838227688063,74444,0.016568570771788964,C:\Users\Zhujiangkun-Yohkoh\Desktop\光伏项目_最新\PVforecast16\GFNODE_experiments\asoc_multirate_information_screen\results\MEAN_ONLY\44\best_validation.pt,,,,,,,,,,,,,,,,,,,,,,
lead_time,TRAJECTORY_ONLY,44,test,full_timeline,2,17401,0.4175422191619873,0.19074596464633942,0.0030164155177772045,0.9477329990067923,0.14894112944602966,0.6749129295349121,0.6749128699302673,0.7530425786972046,0.35908855812884316,0.08522498706970864,0.1401068904085972,74444,0.016568570771788964,C:\Users\Zhujiangkun-Yohkoh\Desktop\光伏项目_最新\PVforecast16\GFNODE_experiments\asoc_multirate_information_screen\results\MEAN_ONLY\44\best_validation.pt,,,,,,,,,,,,,,,,,,,,,,
lead_time,TRAJECTORY_ONLY,44,test,full_timeline,3,17401,0.4469192624092102,0.2058626413345337,0.005282885394990444,0.9401212669453959,0.1425212174654007,0.5636165738105774,0.5636166930198669,0.6480181813240051,0.36151179051012394,0.08896040457444974,0.1156063827749363,74444,0.016568570771788964,C:\Users\Zhujiangkun-Yohkoh\Desktop\光伏项目_最新\PVforecast16\GFNODE_experiments\asoc_multirate_information_screen\results\MEAN_ONLY\44\best_validation.pt,,,,,,,,,,,,,,,,,,,,,,
lead_time,TRAJECTORY_ONLY,44,test,full_timeline,4,17401,0.46761441230773926,0.21544304490089417,0.017536498606204987,0.9344490136188945,0.14196817576885223,0.5218123197555542,0.5218123197555542,0.6031236052513123,0.36253663582552725,0.08739440262053905,0.11302511349922419,74444,0.016568570771788964,C:\Users\Zhujiangkun-Yohkoh\Desktop\光伏项目_最新\PVforecast16\GFNODE_experiments\asoc_multirate_information_screen\results\MEAN_ONLY\44\best_validation.pt,,,,,,,,,,,,,,,,,,,,,,
lead_time,TRAJECTORY_ONLY,44,test,full_timeline,5,17401,0.4834730327129364,0.22981631755828857,0.014616950415074825,0.9299249649896962,0.14030607044696808,0.4887252151966095,0.4887252748012543,0.5621558427810669,0.3652893511867134,0.0906269754611804,0.10723521636687547,74444,0.016568570771788964,C:\Users\Zhujiangkun-Yohkoh\Desktop\光伏项目_最新\PVforecast16\GFNODE_experiments\asoc_multirate_information_screen\results\MEAN_ONLY\44\best_validation.pt,,,,,,,,,,,,,,,,,,,,,,
lead_time,TRAJECTORY_ONLY,44,test,full_timeline,6,17401,0.49586451053619385,0.23276767134666443,0.017183817923069,0.9262701479850197,0.1385502815246582,0.4554881751537323,0.4554881453514099,0.5266208052635193,0.363140049422447,0.09257130816236615,0.10305921115644695,74444,0.016568570771788964,C:\Users\Zhujiangkun-Yohkoh\Desktop\光伏项目_最新\PVforecast16\GFNODE_experiments\asoc_multirate_information_screen\results\MEAN_ONLY\44\best_validation.pt,,,,,,,,,,,,,,,,,,,,,,
lead_time,TRAJECTORY_ONLY,44,test,full_timeline,7,17401,0.5051823258399963,0.24234497547149658,0.01997886225581169,0.9234471620575813,0.137679323554039,0.43671056628227234,0.43671056628227234,0.49980512261390686,0.36578357565657144,0.09389443956422866,0.09807318134425771,74444,0.016568570771788964,C:\Users\Zhujiangkun-Yohkoh\Desktop\光伏项目_最新\PVforecast16\GFNODE_experiments\asoc_multirate_information_screen\results\MEAN_ONLY\44\best_validation.pt,,,,,,,,,,,,,,,,,,,,,,
lead_time,TRAJECTORY_ONLY,44,test,full_timeline,8,17401,0.5160325765609741,0.2489408552646637,0.023832062259316444,0.9201000493384771,0.13642321527004242,0.4128626585006714,0.412862628698349,0.47681111097335815,0.3671053387736337,0.10017384058387449,0.09240848227113384,74444,0.016568570771788964,C:\Users\Zhujiangkun-Yohkoh\Desktop\光伏项目_最新\PVforecast16\GFNODE_experiments\asoc_multirate_information_screen\results\MEAN_ONLY\44\best_validation.pt,,,,,,,,,,,,,,,,,,,,,,
lead_time,TRAJECTORY_ONLY,44,test,full_timeline,9,17401,0.527292013168335,0.25757455825805664,0.01583794504404068,0.9165534953971515,0.1361193060874939,0.39961346983909607,0.39961346983909607,0.45722782611846924,0.36206731413903415,0.10275910069025407,0.09082492066228633,74444,0.016568570771788964,C:\Users\Zhujiangkun-Yohkoh\Desktop\光伏项目_最新\PVforecast16\GFNODE_experiments\asoc_multirate_information_screen\results\MEAN_ONLY\44\best_validation.pt,,,,,,,,,,,,,,,,,,,,,,
lead_time,TRAJECTORY_ONLY,44,test,full_timeline,10,17401,0.5372594594955444,0.26501303911209106,0.01147415116429329,0.9133485726123194,0.13568976521492004,0.39589276909828186,0.39589282870292664,0.4433788061141968,0.3655019826446756,0.1014309522441239,0.09107522556174932,74444,0.016568570771788964,C:\Users\Zhujiangkun-Yohkoh\Desktop\光伏项目_最新\PVforecast16\GFNODE_experiments\asoc_multirate_information_screen\results\MEAN_ONLY\44\best_validation.pt,,,,,,,,,,,,,,,,,,,,,,
lead_time,TRAJECTORY_ONLY,44,test,full_timeline,11,17401,0.5452914237976074,0.27386030554771423,0.018843404948711395,0.9107188246798863,0.1352030336856842,0.3843110203742981,0.3843109607696533,0.4300078749656677,0.36689636436777406,0.10584553656790885,0.08784239150310066,74444,0.016568570771788964,C:\Users\Zhujiangkun-Yohkoh\Desktop\光伏项目_最新\PVforecast16\GFNODE_experiments\asoc_multirate_information_screen\results\MEAN_ONLY\44\best_validation.pt,,,,,,,,,,,,,,,,,,,,,,
lead_time,TRAJECTORY_ONLY,44,test,full_timeline,12,17401,0.5534092783927917,0.2856694459915161,0.027783138677477837,0.9080214978834624,0.13497856259346008,0.37545379996299744,0.37545379996299744,0.4179309606552124,0.3668946229143919,0.11049173419152156,0.0853447119897324,74444,0.016568570771788964,C:\Users\Zhujiangkun-Yohkoh\Desktop\光伏项目_最新\PVforecast16\GFNODE_experiments\asoc_multirate_information_screen\results\MEAN_ONLY\44\best_validation.pt,,,,,,,,,,,,,,,,,,,,,,
scenario,TRAJECTORY_ONLY,44,test,full_timeline,12,17401,0.49055272340774536,0.2345530092716217,0.014323383569717407,0.9278125714650507,0.13497856259346008,0.37545379996299744,0.37545379996299744,0.4179309606552124,0.3668946229143919,0.11049173419152156,0.0853447119897324,74444,0.016568570771788964,C:\Users\Zhujiangkun-Yohkoh\Desktop\光伏项目_最新\PVforecast16\GFNODE_experiments\asoc_multirate_information_screen\results\MEAN_ONLY\44\best_validation.pt,1.0,,,,,,,,,,,,,,,,,,,,,
scenario,TRAJECTORY_ONLY,44,test,daylight,12,9655,0.6574004292488098,0.3948676586151123,0.0111289257183671,0.8751399640669605,0.23159578442573547,0.32679587602615356,0.32679587602615356,0.37416893243789673,0.6519937856033143,0.1986190229587433,0.11069394096323149,74444,0.016568570771788964,C:\Users\Zhujiangkun-Yohkoh\Desktop\光伏项目_最新\PVforecast16\GFNODE_experiments\asoc_multirate_information_screen\results\MEAN_ONLY\44\best_validation.pt,0.9964755177497864,,,,,,,,,,,,,,,,,,,,,
scenario,TRAJECTORY_ONLY,44,test,high_change_daylight,12,7366,0.7488235831260681,0.4884456396102905,0.015214969404041767,0.7795740522354928,0.2912413477897644,0.2918679416179657,0.2918679118156433,0.3366345465183258,0.6593583129694995,0.2104036564394968,0.08203231061634537,74444,0.016568570771788964,C:\Users\Zhujiangkun-Yohkoh\Desktop\光伏项目_最新\PVforecast16\GFNODE_experiments\asoc_multirate_information_screen\results\MEAN_ONLY\44\best_validation.pt,0.986382007598877,,,,,,,,,,,,,,,,,,,,,
scenario,TRAJECTORY_ONLY,44,test,midday,12,3630,0.8789571523666382,0.5822300314903259,-0.011143534444272518,0.6696468081066228,0.36201727390289307,0.22034084796905518,0.22034084796905518,0.31745538115501404,0.583425160697888,0.2820707070707071,0.1227961432506887,74444,0.016568570771788964,C:\Users\Zhujiangkun-Yohkoh\Desktop\光伏项目_最新\PVforecast16\GFNODE_experiments\asoc_multirate_information_screen\results\MEAN_ONLY\44\best_validation.pt,0.6697248816490173,,,,,,,,,,,,,,,,,,,,,
scenario,TRAJECTORY_ONLY,44,test,sunrise,12,2875,0.42022669315338135,0.2291761040687561,-0.010615786537528038,0.8917877299476134,0.1031116247177124,0.5602136850357056,0.560213565826416,0.4795514941215515,0.6520579710144927,0.11544927536231885,0.08944927536231884,74444,0.016568570771788964,C:\Users\Zhujiangkun-Yohkoh\Desktop\光伏项目_最新\PVforecast16\GFNODE_experiments\asoc_multirate_information_screen\results\MEAN_ONLY\44\best_validation.pt,0.12124378979206085,,,,,,,,,,,,,,,,,,,,,
scenario,TRAJECTORY_ONLY,44,test,sunset,12,2928,0.2683975398540497,0.15229491889476776,0.03466535359621048,0.837492748814417,0.07874277234077454,0.7415730357170105,0.7415729761123657,0.7208945751190186,0.4766905737704918,0.09725068306010928,0.1670651183970856,74444,0.016568570771788964,C:\Users\Zhujiangkun-Yohkoh\Desktop\光伏项目_最新\PVforecast16\GFNODE_experiments\asoc_multirate_information_screen\results\MEAN_ONLY\44\best_validation.pt,0.05037122964859009,,,,,,,,,,,,,,,,,,,,,
scenario,TRAJECTORY_ONLY,44,test,stable_low_change,12,7229,0.041867587715387344,0.033491481095552444,0.018593179062008858,nan,0.013969363644719124,13969363968.0,1211814150930432.0,35167334400.0,1.1527643288606077e-05,0.0,0.04408170793562964,74444,0.016568570771788964,C:\Users\Zhujiangkun-Yohkoh\Desktop\光伏项目_最新\PVforecast16\GFNODE_experiments\asoc_multirate_information_screen\results\MEAN_ONLY\44\best_validation.pt,0.0030261361971497536,,,,,,,,,,,,,,,,,,,,,
scenario,TRAJECTORY_ONLY,44,test,h9_h12,9-12,17401,0.5408995151519775,0.2705293297767639,0.01848466321825981,0.912161379131767,0.16306090354919434,0.7033717632293701,0.7033717632293701,1.0681146383285522,0.36671743003275675,0.10967760473536003,0.1273059019596575,74444,0.016568570771788964,C:\Users\Zhujiangkun-Yohkoh\Desktop\光伏项目_最新\PVforecast16\GFNODE_experiments\asoc_multirate_information_screen\results\MEAN_ONLY\44\best_validation.pt,0.40526634454727173,,,,,,,,,,,,,,,,,,,,,
scenario,TRAJECTORY_ONLY,44,test,high_hf_irradiance_volatility,12,10061,0.6440014839172363,0.37993764877319336,0.009649001061916351,0.8830695406028188,0.22311070561408997,0.33134210109710693,0.33134207129478455,0.3774504065513611,0.6254431302388762,0.18777126196865784,0.11455952025974886,74444,0.016568570771788964,C:\Users\Zhujiangkun-Yohkoh\Desktop\光伏项目_最新\PVforecast16\GFNODE_experiments\asoc_multirate_information_screen\results\MEAN_ONLY\44\best_validation.pt,0.9964815974235535,,,,,,,,,,,,,,,,,,,,,
scenario,TRAJECTORY_ONLY,44,test,low_hf_irradiance_volatility,12,7340,0.04480236396193504,0.03527309000492096,0.02073059417307377,-3.96849185602942,0.014175096526741982,29.801786422729492,29.801782608032227,14.548249244689941,0.0125,0.004564032697547684,0.04529972752043597,74444,0.016568570771788964,C:\Users\Zhujiangkun-Yohkoh\Desktop\光伏项目_最新\PVforecast16\GFNODE_experiments\asoc_multirate_information_screen\results\MEAN_ONLY\44\best_validation.pt,0.0035184575244784355,,,,,,,,,,,,,,,,,,,,,
lead_time,ALICD,44,test,full_timeline,1,17401,0.3339652419090271,0.1406250298023224,-0.013469893485307693,0.9665620657601242,0.1406250298023224,0.5860227346420288,0.586022675037384,0.5860227346420288,0.3676225504281363,0.08947761622895235,0.1646457100166657,74444,0.028944577897814235,C:\Users\Zhujiangkun-Yohkoh\Desktop\光伏项目_最新\PVforecast16\GFNODE_experiments\asoc_alicd_screen\results\ALICD\44\test_predictions.npz,,13,8,0.06514958945352692,early_stopping,True,61.21247519999997,4.697103930769274,19136,55308,13827,88271,18.573692977271516,,,,,,,,,
lead_time,ALICD,44,test,full_timeline,2,17401,0.4182852506637573,0.19206564128398895,-0.01924443617463112,0.9475468146217297,0.1364179402589798,0.5175597667694092,0.5175597667694092,0.446781188249588,0.36299637951841845,0.10226423768748923,0.11416010574104936,74444,0.028944577897814235,C:\Users\Zhujiangkun-Yohkoh\Desktop\光伏项目_最新\PVforecast16\GFNODE_experiments\asoc_alicd_screen\results\ALICD\44\test_predictions.npz,,13,8,0.06514958945352692,early_stopping,True,61.21247519999997,4.697103930769274,19136,55308,13827,88271,18.573692977271516,,,,,,,,,
lead_time,ALICD,44,test,full_timeline,3,17401,0.4560830593109131,0.2152605652809143,-0.031245272606611252,0.9376405428610385,0.13796904683113098,0.5208324790000916,0.5208325386047363,0.4404175579547882,0.35927054000727926,0.09616305576307875,0.104783250004789,74444,0.028944577897814235,C:\Users\Zhujiangkun-Yohkoh\Desktop\光伏项目_最新\PVforecast16\GFNODE_experiments\asoc_alicd_screen\results\ALICD\44\test_predictions.npz,,13,8,0.06514958945352692,early_stopping,True,61.21247519999997,4.697103930769274,19136,55308,13827,88271,18.573692977271516,,,,,,,,,
lead_time,ALICD,44,test,full_timeline,4,17401,0.47229617834091187,0.2267836630344391,-0.024208053946495056,0.9331298478780526,0.13833168148994446,0.47852450609207153,0.47852450609207153,0.42590853571891785,0.3581116027814493,0.09848571921153956,0.10709154646284696,74444,0.028944577897814235,C:\Users\Zhujiangkun-Yohkoh\Desktop\光伏项目_最新\PVforecast16\GFNODE_experiments\asoc_alicd_screen\results\ALICD\44\test_predictions.npz,,13,8,0.06514958945352692,early_stopping,True,61.21247519999997,4.697103930769274,19136,55308,13827,88271,18.573692977271516,,,,,,,,,
lead_time,ALICD,44,test,full_timeline,5,17401,0.48032963275909424,0.22480666637420654,-0.01761699467897415,0.930833215617237,0.13954782485961914,0.47822147607803345,0.478221595287323,0.42526358366012573,0.36264582495258896,0.09456927762772255,0.14873857824262973,74444,0.028944577897814235,C:\Users\Zhujiangkun-Yohkoh\Desktop\光伏项目_最新\PVforecast16\GFNODE_experiments\asoc_alicd_screen\results\ALICD\44\test_predictions.npz,,13,8,0.06514958945352692,early_stopping,True,61.21247519999997,4.697103930769274,19136,55308,13827,88271,18.573692977271516,,,,,,,,,
lead_time,ALICD,44,test,full_timeline,6,17401,0.49026745557785034,0.22657310962677002,-0.01615450158715248,0.9279252055153034,0.13868291676044464,0.4467797577381134,0.4467798173427582,0.3995284140110016,0.3601996053866636,0.10305921115644695,0.135997931153382,74444,0.028944577897814235,C:\Users\Zhujiangkun-Yohkoh\Desktop\光伏项目_最新\PVforecast16\GFNODE_experiments\asoc_alicd_screen\results\ALICD\44\test_predictions.npz,,13,8,0.06514958945352692,early_stopping,True,61.21247519999997,4.697103930769274,19136,55308,13827,88271,18.573692977271516,,,,,,,,,
lead_time,ALICD,44,test,full_timeline,7,17401,0.4997659921646118,0.24035543203353882,-0.01748025044798851,0.9250798964929579,0.13824796676635742,0.4347381889820099,0.4347381591796875,0.3802258372306824,0.3639692300114115,0.1034259114829197,0.12489429999917903,74444,0.028944577897814235,C:\Users\Zhujiangkun-Yohkoh\Desktop\光伏项目_最新\PVforecast16\GFNODE_experiments\asoc_alicd_screen\results\ALICD\44\test_predictions.npz,,13,8,0.06514958945352692,early_stopping,True,61.21247519999997,4.697103930769274,19136,55308,13827,88271,18.573692977271516,,,,,,,,,
lead_time,ALICD,44,test,full_timeline,8,17401,0.5108729600906372,0.2534277141094208,-0.014551760628819466,0.9216898428409532,0.13723021745681763,0.4221998155117035,0.4221998453140259,0.3624463379383087,0.3669975863456123,0.1021708522498707,0.11591287857019711,74444,0.028944577897814235,C:\Users\Zhujiangkun-Yohkoh\Desktop\光伏项目_最新\PVforecast16\GFNODE_experiments\asoc_alicd_screen\results\ALICD\44\test_predictions.npz,,13,8,0.06514958945352692,early_stopping,True,61.21247519999997,4.697103930769274,19136,55308,13827,88271,18.573692977271516,,,,,,,,,
lead_time,ALICD,44,test,full_timeline,9,17401,0.5235087275505066,0.25722140073776245,-0.023877281695604324,0.9177466530679234,0.13687162101268768,0.4121084213256836,0.4121083915233612,0.3483924865722656,0.36473638168943034,0.10240790759151773,0.1116794053981572,74444,0.028944577897814235,C:\Users\Zhujiangkun-Yohkoh\Desktop\光伏项目_最新\PVforecast16\GFNODE_experiments\asoc_alicd_screen\results\ALICD\44\test_predictions.npz,,13,8,0.06514958945352692,early_stopping,True,61.21247519999997,4.697103930769274,19136,55308,13827,88271,18.573692977271516,,,,,,,,,
lead_time,ALICD,44,test,full_timeline,10,17401,0.5338311791419983,0.26554885506629944,-0.021416446194052696,0.9144508994029679,0.1360565423965454,0.4015417993068695,0.4015418291091919,0.33553463220596313,0.36647893799206943,0.10156312855583012,0.10682144704327337,74444,0.028944577897814235,C:\Users\Zhujiangkun-Yohkoh\Desktop\光伏项目_最新\PVforecast16\GFNODE_experiments\asoc_alicd_screen\results\ALICD\44\test_predictions.npz,,13,8,0.06514958945352692,early_stopping,True,61.21247519999997,4.697103930769274,19136,55308,13827,88271,18.573692977271516,,,,,,,,,
lead_time,ALICD,44,test,full_timeline,11,17401,0.5405561923980713,0.27452707290649414,-0.011956823989748955,0.9122626976786321,0.13574941456317902,0.39683297276496887,0.3968329429626465,0.32987385988235474,0.3691062687097398,0.09997335576325289,0.1041789656811782,74444,0.028944577897814235,C:\Users\Zhujiangkun-Yohkoh\Desktop\光伏项目_最新\PVforecast16\GFNODE_experiments\asoc_alicd_screen\results\ALICD\44\test_predictions.npz,,13,8,0.06514958945352692,early_stopping,True,61.21247519999997,4.697103930769274,19136,55308,13827,88271,18.573692977271516,,,,,,,,,
lead_time,ALICD,44,test,full_timeline,12,17401,0.5470253229141235,0.2753511369228363,-0.004808792378753424,0.9101313272633279,0.13561852276325226,0.3887706995010376,0.3887706995010376,0.3204575777053833,0.3701894527134456,0.10260425646035669,0.10378234967339042,74444,0.028944577897814235,C:\Users\Zhujiangkun-Yohkoh\Desktop\光伏项目_最新\PVforecast16\GFNODE_experiments\asoc_alicd_screen\results\ALICD\44\test_predictions.npz,,13,8,0.06514958945352692,early_stopping,True,61.21247519999997,4.697103930769274,19136,55308,13827,88271,18.573692977271516,,,,,,,,,
scenario,ALICD,44,test,full_timeline,12,17401,0.4873296022415161,0.23271216452121735,-0.018002543598413467,0.9287580594170813,0.13561852276325226,0.3887706995010376,0.3887706995010376,0.3204575777053833,0.3701894527134456,0.10260425646035669,0.10378234967339042,74444,0.028944577897814235,C:\Users\Zhujiangkun-Yohkoh\Desktop\光伏项目_最新\PVforecast16\GFNODE_experiments\asoc_alicd_screen\results\ALICD\44\test_predictions.npz,1.0,13,8,0.06514958945352692,early_stopping,True,61.21247519999997,4.697103930769274,19136,55308,13827,88271,18.573692977271516,,,,,,,,,
scenario,ALICD,44,test,daylight,12,9655,0.6533896923065186,0.3951317071914673,-0.029659992083907127,0.8766588211201365,0.2296440452337265,0.3268049657344818,0.3268049657344818,0.27134934067726135,0.6560417745554981,0.18444674607284653,0.1091058173657863,74444,0.028944577897814235,C:\Users\Zhujiangkun-Yohkoh\Desktop\光伏项目_最新\PVforecast16\GFNODE_experiments\asoc_alicd_screen\results\ALICD\44\test_predictions.npz,0.9974177479743958,13,8,0.06514958945352692,early_stopping,True,61.21247519999997,4.697103930769274,19136,55308,13827,88271,18.573692977271516,,,,,,,,,
scenario,ALICD,44,test,high_change_daylight,12,7366,0.7441591620445251,0.4880967438220978,-0.0241005290299654,0.7823115552608332,0.28938788175582886,0.2902013063430786,0.2902013063430786,0.23571236431598663,0.6617340935831297,0.20145488279482307,0.0803126979817178,74444,0.028944577897814235,C:\Users\Zhujiangkun-Yohkoh\Desktop\光伏项目_最新\PVforecast16\GFNODE_experiments\asoc_alicd_screen\results\ALICD\44\test_predictions.npz,0.9870601892471313,13,8,0.06514958945352692,early_stopping,True,61.21247519999997,4.697103930769274,19136,55308,13827,88271,18.573692977271516,,,,,,,,,
scenario,ALICD,44,test,midday,12,3630,0.8756792545318604,0.5785214304924011,0.007474576123058796,0.6721062166307215,0.3591400384902954,0.21971017122268677,0.21971018612384796,0.219270259141922,0.5933654729109274,0.2588154269972452,0.12722681359044996,74444,0.028944577897814235,C:\Users\Zhujiangkun-Yohkoh\Desktop\光伏项目_最新\PVforecast16\GFNODE_experiments\asoc_alicd_screen\results\ALICD\44\test_predictions.npz,0.6735610365867615,13,8,0.06514958945352692,early_stopping,True,61.21247519999997,4.697103930769274,19136,55308,13827,88271,18.573692977271516,,,,,,,,,
scenario,ALICD,44,test,sunrise,12,2875,0.4312702715396881,0.2522013485431671,-0.08862452954053879,0.886025336560824,0.10523092746734619,0.551592230796814,0.5515921711921692,0.37319937348365784,0.640927536231884,0.1228695652173913,0.07997101449275362,74444,0.028944577897814235,C:\Users\Zhujiangkun-Yohkoh\Desktop\光伏项目_最新\PVforecast16\GFNODE_experiments\asoc_alicd_screen\results\ALICD\44\test_predictions.npz,0.12939488887786865,13,8,0.06514958945352692,early_stopping,True,61.21247519999997,4.697103930769274,19136,55308,13827,88271,18.573692977271516,,,,,,,,,
scenario,ALICD,44,test,sunset,12,2928,0.24319270253181458,0.13656041026115417,-0.025377286598086357,0.8665812888940052,0.07378851622343063,0.7037675976753235,0.7037675976753235,0.5693216323852539,0.4880464480874317,0.09747836976320583,0.14520719489981784,74444,0.028944577897814235,C:\Users\Zhujiangkun-Yohkoh\Desktop\光伏项目_最新\PVforecast16\GFNODE_experiments\asoc_alicd_screen\results\ALICD\44\test_predictions.npz,0.041903700679540634,13,8,0.06514958945352692,early_stopping,True,61.21247519999997,4.697103930769274,19136,55308,13827,88271,18.573692977271516,,,,,,,,,
scenario,ALICD,44,test,stable_low_change,12,7229,0.035886552184820175,0.029671404510736465,-0.001667842618189752,nan,0.01835728995501995,18357291008.0,1592458311892992.0,40688640000.0,0.0,0.0,0.09525291649375202,74444,0.028944577897814235,C:\Users\Zhujiangkun-Yohkoh\Desktop\光伏项目_最新\PVforecast16\GFNODE_experiments\asoc_alicd_screen\results\ALICD\44\test_predictions.npz,0.002252796199172735,13,8,0.06514958945352692,early_stopping,True,61.21247519999997,4.697103930769274,19136,55308,13827,88271,18.573692977271516,,,,,,,,,
scenario,ALICD,44,test,h9_h12,9-12,17401,0.5363009572029114,0.2681621313095093,-0.015514835715293884,0.9136485867803674,0.163199782371521,0.7125955820083618,0.7125955820083618,1.0515692234039307,0.36473478535716336,0.08446353657835756,0.10910292511924602,74444,0.028944577897814235,C:\Users\Zhujiangkun-Yohkoh\Desktop\光伏项目_最新\PVforecast16\GFNODE_experiments\asoc_alicd_screen\results\ALICD\44\test_predictions.npz,0.4036921560764313,13,8,0.06514958945352692,early_stopping,True,61.21247519999997,4.697103930769274,19136,55308,13827,88271,18.573692977271516,,,,,,,,,
scenario,ALICD,44,test,high_hf_irradiance_volatility,12,10061,0.6400705575942993,0.3804674446582794,-0.028823615983128548,0.8844926596107389,0.2211141139268875,0.33073171973228455,0.33073171973228455,0.2749797999858856,0.6314730146108737,0.17463472815823478,0.11186760759367856,74444,0.028944577897814235,C:\Users\Zhujiangkun-Yohkoh\Desktop\光伏项目_最新\PVforecast16\GFNODE_experiments\asoc_alicd_screen\results\ALICD\44\test_predictions.npz,0.9974176287651062,13,8,0.06514958945352692,early_stopping,True,61.21247519999997,4.697103930769274,19136,55308,13827,88271,18.573692977271516,,,,,,,,,
scenario,ALICD,44,test,low_hf_irradiance_volatility,12,7340,0.038130421191453934,0.030182823538780212,-0.0031700036488473415,-2.5988678543004555,0.018429003655910492,39.10576248168945,39.10576248168945,16.19510841369629,0.012045867393278837,0.003871480472297911,0.09269981834695731,74444,0.028944577897814235,C:\Users\Zhujiangkun-Yohkoh\Desktop\光伏项目_最新\PVforecast16\GFNODE_experiments\asoc_alicd_screen\results\ALICD\44\test_predictions.npz,0.002582375891506672,13,8,0.06514958945352692,early_stopping,True,61.21247519999997,4.697103930769274,19136,55308,13827,88271,18.573692977271516,,,,,,,,,
projection,ALICD,44,test,anchor_h3,3,17401,,,,,,,,,,,,74444,0.028944577897814235,C:\Users\Zhujiangkun-Yohkoh\Desktop\光伏项目_最新\PVforecast16\GFNODE_experiments\asoc_alicd_screen\results\ALICD\44\test_predictions.npz,,13,8,0.06514958945352692,early_stopping,True,61.21247519999997,4.697103930769274,19136,55308,13827,88271,18.573692977271516,0.4560830593109131,-0.031245272606611252,1.7881393432617188e-07,,,,,,
projection,ALICD,44,test,anchor_h6,6,17401,,,,,,,,,,,,74444,0.028944577897814235,C:\Users\Zhujiangkun-Yohkoh\Desktop\光伏项目_最新\PVforecast16\GFNODE_experiments\asoc_alicd_screen\results\ALICD\44\test_predictions.npz,,13,8,0.06514958945352692,early_stopping,True,61.21247519999997,4.697103930769274,19136,55308,13827,88271,18.573692977271516,0.49026745557785034,-0.01615450344979763,2.384185791015625e-07,,,,,,
projection,ALICD,44,test,anchor_h12,12,17401,,,,,,,,,,,,74444,0.028944577897814235,C:\Users\Zhujiangkun-Yohkoh\Desktop\光伏项目_最新\PVforecast16\GFNODE_experiments\asoc_alicd_screen\results\ALICD\44\test_predictions.npz,,13,8,0.06514958945352692,early_stopping,True,61.21247519999997,4.697103930769274,19136,55308,13827,88271,18.573692977271516,0.5470252633094788,-0.004808790981769562,3.5762786865234375e-07,,,,,,
projection,ALICD,44,test,projection_summary,12,17401,,,,,,,,,,,,74444,0.028944577897814235,C:\Users\Zhujiangkun-Yohkoh\Desktop\光伏项目_最新\PVforecast16\GFNODE_experiments\asoc_alicd_screen\results\ALICD\44\test_predictions.npz,,13,8,0.06514958945352692,early_stopping,True,61.21247519999997,4.697103930769274,19136,55308,13827,88271,18.573692977271516,,,,0.7119782567024231,0.4873296022415161,0.11049560457468033,1.4630725383758545,0.3887706995010376,0.23587900400161743
