site,period,support,horizon,scope,method,status,RMSE,MAE,bias,SSE,points
Sanyo,Alice2018Test,Original,12,full,Original A,accepted,0.2058401515472465,0.1148351756390262,0.0090416404699072,3347.4551219704244,79005
Sanyo,Alice2018Test,Original,12,full,Original B,accepted,0.1365654485543728,0.0799809462392736,0.0102801967016989,1473.452867978402,79005
Sanyo,Alice2018Test,Original,12,full,Expanded A,accepted,0.2058401515472465,0.1148351756390262,0.0090416404699072,3347.4551219704244,79005
Sanyo,Alice2018Test,Original,12,full,Expanded B,accepted,0.1365654485543728,0.0799809462392736,0.0102801967016989,1473.452867978402,79005
Sanyo,Alice2018Test,Original,12,full,Daily,accepted,0.1752187229333811,0.0441210997111909,-0.0045086904719738,2425.579976450325,79005
Sanyo,Alice2018Test,Original,12,full,Last-value,accepted,0.463695033817162,0.2435597937094624,-0.0114226614101196,16987.10873197116,79005
Sanyo,Alice2018Test,Original,12,full,Inverted42,accepted,0.2650887684009845,0.2060021174914025,0.0598326025946299,5551.843715731375,79005
Sanyo,Alice2018Test,Original,12,full,Joint-patch Transformer42,accepted,0.2930856489204099,0.213010275739018,0.0530694754187605,6786.466106632737,79005
Sanyo,Alice2018Test,Original,12,full,Joint-patch Transformer43,accepted,0.2480341601947534,0.1745494141417316,0.0796011940743048,4860.462229980931,79005
Sanyo,Alice2018Test,Original,12,full,Joint-patch Transformer44,accepted,0.2193893036902073,0.1618183595853273,0.0526647290037217,3802.642317653115,79005
Sanyo,Alice2018Test,Original,12,power-active,Original A,accepted,0.2849356833769854,0.1867721225185817,-0.0089394656355199,2938.206157110036,36190
Sanyo,Alice2018Test,Original,12,power-active,Original B,accepted,0.1837608775869035,0.1257749543724357,0.0134561937719453,1222.0660961593085,36190
Sanyo,Alice2018Test,Original,12,power-active,Expanded A,accepted,0.2849356833769854,0.1867721225185817,-0.0089394656355199,2938.206157110036,36190
Sanyo,Alice2018Test,Original,12,power-active,Expanded B,accepted,0.1837608775869035,0.1257749543724357,0.0134561937719453,1222.0660961593085,36190
Sanyo,Alice2018Test,Original,12,power-active,Daily,accepted,0.2588756697513815,0.0961187109633353,-0.0098505394939181,2425.331202366101,36190
Sanyo,Alice2018Test,Original,12,power-active,Last-value,accepted,0.6671094245200004,0.5124928517285636,-0.0439796784288438,16105.81608121647,36190
Sanyo,Alice2018Test,Original,12,power-active,Inverted42,accepted,0.3178919072713162,0.2467198940541441,-0.0661469797732553,3657.190029804057,36190
Sanyo,Alice2018Test,Original,12,power-active,Joint-patch Transformer42,accepted,0.3781545612544951,0.2994781899938509,0.0852706564052875,5175.201564830409,36190
Sanyo,Alice2018Test,Original,12,power-active,Joint-patch Transformer43,accepted,0.3229613761114057,0.2520265032188357,0.1068941448946379,3774.76358613918,36190
Sanyo,Alice2018Test,Original,12,power-active,Joint-patch Transformer44,accepted,0.2767727630233609,0.2101097292405288,0.064513578267367,2772.26844550388,36190
Sanyo,Alice2018Test,Original,12,low-power,Original A,accepted,0.0977677950356153,0.0540294274766739,0.0242404313131961,409.2489648603885,42815
Sanyo,Alice2018Test,Original,12,low-power,Original B,accepted,0.0766254849879986,0.0412728963890076,0.0075956390940329,251.38677181909352,42815
Sanyo,Alice2018Test,Original,12,low-power,Expanded A,accepted,0.0977677950356153,0.0540294274766739,0.0242404313131961,409.2489648603885,42815
Sanyo,Alice2018Test,Original,12,low-power,Expanded B,accepted,0.0766254849879986,0.0412728963890076,0.0075956390940329,251.38677181909352,42815
Sanyo,Alice2018Test,Original,12,low-power,Daily,accepted,0.0024104858915607,0.0001693643096935,6.584924596706678e-06,0.2487740842235883,42815
Sanyo,Alice2018Test,Original,12,low-power,Last-value,accepted,0.1434703309324605,0.0162402241728217,0.0160966296305816,881.2926507546925,42815
Sanyo,Alice2018Test,Original,12,low-power,Inverted42,accepted,0.2103618324947085,0.1715848260326703,0.1663186725676246,1894.6536859273183,42815
Sanyo,Alice2018Test,Original,12,low-power,Joint-patch Transformer42,accepted,0.1939927282168381,0.1399220165568994,0.0258509599474909,1611.2645418023294,42815
Sanyo,Alice2018Test,Original,12,low-power,Joint-patch Transformer43,accepted,0.1592416516750833,0.1090607803988752,0.0565314313699289,1085.6986438417505,42815
Sanyo,Alice2018Test,Original,12,low-power,Joint-patch Transformer44,accepted,0.1551313045232905,0.1209993786715882,0.0426493172356189,1030.373872149236,42815
Sanyo,Alice2018Test,S1,12,full,Original A,accepted,0.2100543521073131,0.1194033903195496,0.0072255657591141,3588.8186919698865,81337
Sanyo,Alice2018Test,S1,12,full,Original B,accepted,0.1385432677949241,0.0819128586815405,0.0118088569380805,1561.2016590412688,81337
Sanyo,Alice2018Test,S1,12,full,Expanded A,accepted,0.2100543521073131,0.1194033903195496,0.0072255657591141,3588.8186919698865,81337
Sanyo,Alice2018Test,S1,12,full,Expanded B,accepted,0.1385432677949241,0.0819128586815405,0.0118088569380805,1561.2016590412688,81337
Sanyo,Alice2018Test,S1,12,full,Daily,accepted,0.1728765886443505,0.0431052023570663,-0.0043655506385425,2430.863195127687,81337
Sanyo,Alice2018Test,S1,12,full,Last-value,accepted,0.4644844228457247,0.2457242280188989,-0.0019595927946102,17548.11443191776,81337
Sanyo,Alice2018Test,S1,12,full,Inverted42,accepted,0.2687315590247271,0.2087981258317859,0.0663824267102705,5873.885727409637,81337
Sanyo,Alice2018Test,S1,12,full,Joint-patch Transformer42,accepted,0.3012489464637197,0.2182767783254159,0.062013664559374,7381.408210035822,81337
Sanyo,Alice2018Test,S1,12,full,Joint-patch Transformer43,accepted,0.2513959456608139,0.1767494566369576,0.0834034985464865,5140.492014613998,81337
Sanyo,Alice2018Test,S1,12,full,Joint-patch Transformer44,accepted,0.2247408989460132,0.1654018700446237,0.0576303120850274,4108.207559333136,81337
Sanyo,Alice2018Test,S1,12,power-active,Original A,accepted,0.2853077697889353,0.1876294874457657,-0.005885448289654,2980.2359664528854,36612
Sanyo,Alice2018Test,S1,12,power-active,Original B,accepted,0.1848008442056486,0.1266499560674253,0.0154415864741005,1250.3493001240363,36612
Sanyo,Alice2018Test,S1,12,power-active,Expanded A,accepted,0.2853077697889353,0.1876294874457657,-0.005885448289654,2980.2359664528854,36612
Sanyo,Alice2018Test,S1,12,power-active,Expanded B,accepted,0.1848008442056486,0.1266499560674253,0.0154415864741005,1250.3493001240363,36612
Sanyo,Alice2018Test,S1,12,power-active,Daily,accepted,0.2576582180613447,0.0954991108167391,-0.0096967768130479,2430.588571532452,36612
Sanyo,Alice2018Test,S1,12,power-active,Last-value,accepted,0.6660350890908577,0.512080669493685,-0.0380043008215774,16241.183513228569,36612
Sanyo,Alice2018Test,S1,12,power-active,Inverted42,accepted,0.319766239401752,0.2482027920357838,-0.0611550932363091,3743.5933970920046,36612
Sanyo,Alice2018Test,S1,12,power-active,Joint-patch Transformer42,accepted,0.3849508593302833,0.304596855925877,0.0928583373917868,5425.428451997112,36612
Sanyo,Alice2018Test,S1,12,power-active,Joint-patch Transformer43,accepted,0.3251915118380217,0.2537059991779091,0.1101538788242164,3871.701403229292,36612
Sanyo,Alice2018Test,S1,12,power-active,Joint-patch Transformer44,accepted,0.2810195672646015,0.2134128974730695,0.0694949278533075,2891.322760958597,36612
Sanyo,Alice2018Test,S1,12,low-power,Original A,accepted,0.1166499711725452,0.0635533317843898,0.017958275571378,608.5827255170013,44725
Sanyo,Alice2018Test,S1,12,low-power,Original B,accepted,0.0833684849320835,0.0452909557303495,0.0088350951991701,310.8523589172325,44725
Sanyo,Alice2018Test,S1,12,low-power,Expanded A,accepted,0.1166499711725452,0.0635533317843898,0.017958275571378,608.5827255170013,44725
Sanyo,Alice2018Test,S1,12,low-power,Expanded B,accepted,0.0833684849320835,0.0452909557303495,0.0088350951991701,310.8523589172325,44725
Sanyo,Alice2018Test,S1,12,low-power,Daily,accepted,0.0024779569075468,0.0002154141731527,-1.395184076515482e-06,0.2746235952348613,44725
Sanyo,Alice2018Test,S1,12,low-power,Last-value,accepted,0.1709429292078292,0.0276841601536139,0.0275466978769005,1306.930918689189,44725
Sanyo,Alice2018Test,S1,12,low-power,Inverted42,accepted,0.2182450625549831,0.1765413647572018,0.1707849684717948,2130.292330317634,44725
Sanyo,Alice2018Test,S1,12,low-power,Joint-patch Transformer42,accepted,0.2091255053369135,0.1476149408495504,0.036764136068814,1955.9797580387096,44725
Sanyo,Alice2018Test,S1,12,low-power,Joint-patch Transformer43,accepted,0.1684301376425474,0.1137526330369729,0.0615055684687168,1268.7906113847073,44725
Sanyo,Alice2018Test,S1,12,low-power,Joint-patch Transformer44,accepted,0.1649489511202614,0.1260999195424378,0.0479179071099962,1216.884798374538,44725
Sanyo,Alice2018Test,S2,12,full,Original A,accepted,0.2100903855235234,0.119518640775942,0.0071388814811062,3594.6845600227625,81442
Sanyo,Alice2018Test,S2,12,full,Original B,accepted,0.138600586656918,0.0819887180593108,0.0118875975914654,1564.510806551756,81442
Sanyo,Alice2018Test,S2,12,full,Expanded A,accepted,0.2100903855235234,0.119518640775942,0.0071388814811062,3594.6845600227625,81442
Sanyo,Alice2018Test,S2,12,full,Expanded B,accepted,0.138600586656918,0.0819887180593108,0.0118875975914654,1564.510806551756,81442
Sanyo,Alice2018Test,S2,12,full,Daily,accepted,0.1727651115389138,0.0430499866305767,-0.004359564171268,2430.8632053934743,81442
Sanyo,Alice2018Test,S2,12,full,Last-value,accepted,0.4646444367875852,0.2459144229572727,-0.0014500687485841,17582.876011715678,81442
Sanyo,Alice2018Test,S2,12,full,Inverted42,accepted,0.2687034996097251,0.2088121484437868,0.066568868758029,5880.240321154109,81442
Sanyo,Alice2018Test,S2,12,full,Joint-patch Transformer42,accepted,0.3014066577908234,0.2184424540278218,0.0623784969263834,7398.677762436797,81442
Sanyo,Alice2018Test,S2,12,full,Joint-patch Transformer43,accepted,0.2515004374172223,0.1768418022983575,0.0835671354376141,5151.407663454694,81442
Sanyo,Alice2018Test,S2,12,full,Joint-patch Transformer44,accepted,0.2247757028402266,0.1654842678282486,0.0578510257728471,4114.785103104341,81442
Sanyo,Alice2018Test,S2,12,power-active,Original A,accepted,0.2853077697889353,0.1876294874457657,-0.005885448289654,2980.2359664528854,36612
Sanyo,Alice2018Test,S2,12,power-active,Original B,accepted,0.1848008442056486,0.1266499560674253,0.0154415864741005,1250.3493001240363,36612
Sanyo,Alice2018Test,S2,12,power-active,Expanded A,accepted,0.2853077697889353,0.1876294874457657,-0.005885448289654,2980.2359664528854,36612
Sanyo,Alice2018Test,S2,12,power-active,Expanded B,accepted,0.1848008442056486,0.1266499560674253,0.0154415864741005,1250.3493001240363,36612
Sanyo,Alice2018Test,S2,12,power-active,Daily,accepted,0.2576582180613447,0.0954991108167391,-0.0096967768130479,2430.588571532452,36612
Sanyo,Alice2018Test,S2,12,power-active,Last-value,accepted,0.6660350890908577,0.512080669493685,-0.0380043008215774,16241.183513228569,36612
Sanyo,Alice2018Test,S2,12,power-active,Inverted42,accepted,0.319766239401752,0.2482027920357838,-0.0611550932363091,3743.5933970920046,36612
Sanyo,Alice2018Test,S2,12,power-active,Joint-patch Transformer42,accepted,0.3849508593302833,0.304596855925877,0.0928583373917868,5425.428451997112,36612
Sanyo,Alice2018Test,S2,12,power-active,Joint-patch Transformer43,accepted,0.3251915118380217,0.2537059991779091,0.1101538788242164,3871.701403229292,36612
Sanyo,Alice2018Test,S2,12,power-active,Joint-patch Transformer44,accepted,0.2810195672646015,0.2134128974730695,0.0694949278533075,2891.322760958597,36612
Sanyo,Alice2018Test,S2,12,low-power,Original A,accepted,0.1170734476237911,0.0638935165672517,0.0177756595664748,614.4485935698771,44830
Sanyo,Alice2018Test,S2,12,low-power,Original B,accepted,0.0837128477298005,0.0455145434897572,0.0089851072731286,314.1615064277192,44830
Sanyo,Alice2018Test,S2,12,low-power,Expanded A,accepted,0.1170734476237911,0.0638935165672517,0.0177756595664748,614.4485935698771,44830
Sanyo,Alice2018Test,S2,12,low-power,Expanded B,accepted,0.0837128477298005,0.0455145434897572,0.0089851072731286,314.1615064277192,44830
Sanyo,Alice2018Test,S2,12,low-power,Daily,accepted,0.0024750995537687,0.0002155602486052,-7.413017421941857e-07,0.2746338610218002,44830
Sanyo,Alice2018Test,S2,12,low-power,Last-value,accepted,0.1729984158764591,0.0285403739233417,0.02840323360824,1341.6924984871137,44830
Sanyo,Alice2018Test,S2,12,low-power,Inverted42,accepted,0.2183142134297685,0.1766423906211191,0.170879145281266,2136.6469240621054,44830
Sanyo,Alice2018Test,S2,12,low-power,Joint-patch Transformer42,accepted,0.2098005442245011,0.148081424309071,0.03748606063106,1973.2493104396865,44830
Sanyo,Alice2018Test,S2,12,low-power,Joint-patch Transformer43,accepted,0.1689548946261817,0.1140679460379483,0.0618541341244247,1279.7062602254034,44830
Sanyo,Alice2018Test,S2,12,low-power,Joint-patch Transformer44,accepted,0.1652003388467137,0.1263416626853492,0.0483416226283052,1223.4623421457443,44830
Sanyo,Alice2018Test,S1_new_origins,12,full,Original A,accepted,0.321715205176289,0.274168313490541,-0.0543005845522961,241.3635699994619,2332
Sanyo,Alice2018Test,S1_new_origins,12,full,Original B,accepted,0.1939797064845087,0.1473634343682023,0.0635977943202974,87.74879106286727,2332
Sanyo,Alice2018Test,S1_new_origins,12,full,Expanded A,accepted,0.321715205176289,0.274168313490541,-0.0543005845522961,241.3635699994619,2332
Sanyo,Alice2018Test,S1_new_origins,12,full,Expanded B,accepted,0.1939797064845087,0.1473634343682023,0.0635977943202974,87.74879106286727,2332
Sanyo,Alice2018Test,S1_new_origins,12,full,Daily,accepted,0.0475975962129349,0.0086879766012311,0.0004838329550406,5.283218677362062,2332
Sanyo,Alice2018Test,S1_new_origins,12,full,Last-value,accepted,0.4904778098617788,0.3190523294841763,0.3186363488727645,561.0056999465944,2332
Sanyo,Alice2018Test,S1_new_origins,12,full,Inverted42,accepted,0.3716139361343594,0.3035230996448164,0.2882815923432838,322.0420116782618,2332
Sanyo,Alice2018Test,S1_new_origins,12,full,Joint-patch Transformer42,accepted,0.5050950114429096,0.3966987495254025,0.3650306727301148,594.9421034030843,2332
Sanyo,Alice2018Test,S1_new_origins,12,full,Joint-patch Transformer43,accepted,0.3465276075232077,0.2512839151855544,0.2122204217131725,280.02978463306835,2332
Sanyo,Alice2018Test,S1_new_origins,12,full,Joint-patch Transformer44,accepted,0.3619826062650395,0.2868063485337771,0.2258575382164847,305.5652416800203,2332
Sanyo,Alice2018Test,S1_new_origins,12,power-active,Original A,accepted,0.3155894557869576,0.2611556407983521,0.2560218686461009,42.02980934284922,422
Sanyo,Alice2018Test,S1_new_origins,12,power-active,Original B,accepted,0.2588857090357786,0.2016886085358515,0.1857054772110656,28.283203964728205,422
Sanyo,Alice2018Test,S1_new_origins,12,power-active,Expanded A,accepted,0.3155894557869576,0.2611556407983521,0.2560218686461009,42.02980934284922,422
Sanyo,Alice2018Test,S1_new_origins,12,power-active,Expanded B,accepted,0.2588857090357786,0.2016886085358515,0.1857054772110656,28.283203964728205,422
Sanyo,Alice2018Test,S1_new_origins,12,power-active,Daily,accepted,0.1116164001092272,0.0423632593823392,0.0034896483544668,5.25736916635079,422
Sanyo,Alice2018Test,S1_new_origins,12,power-active,Last-value,accepted,0.5663708195537077,0.476732624279803,0.474433887820532,135.36743201209808,422
Sanyo,Alice2018Test,S1_new_origins,12,power-active,Inverted42,accepted,0.4524901279013883,0.375373592878299,0.3669405792093884,86.40336728794662,422
Sanyo,Alice2018Test,S1_new_origins,12,power-active,Joint-patch Transformer42,accepted,0.7700355244570467,0.7435649129875463,0.7435649129875463,250.22688716670407,422
Sanyo,Alice2018Test,S1_new_origins,12,power-active,Joint-patch Transformer43,accepted,0.4792811982940488,0.3977367071373061,0.3897030989935189,96.93781709011168,422
Sanyo,Alice2018Test,S1_new_origins,12,power-active,Joint-patch Transformer44,accepted,0.5311489724506219,0.4966869693584916,0.4966869693584916,119.0543154547183,422
Sanyo,Alice2018Test,S1_new_origins,12,low-power,Original A,accepted,0.3230529762665348,0.2770433647345744,-0.1228639747353975,199.3337606566127,1910
Sanyo,Alice2018Test,S1_new_origins,12,low-power,Original B,accepted,0.1764477691404109,0.135360699552104,0.0366190287810806,59.46558709813902,1910
Sanyo,Alice2018Test,S1_new_origins,12,low-power,Expanded A,accepted,0.3230529762665348,0.2770433647345744,-0.1228639747353975,199.3337606566127,1910
Sanyo,Alice2018Test,S1_new_origins,12,low-power,Expanded B,accepted,0.1764477691404109,0.135360699552104,0.0366190287810806,59.46558709813902,1910
Sanyo,Alice2018Test,S1_new_origins,12,low-power,Daily,accepted,0.0036788279925231,0.0012476785207978,-0.0001802791384451,0.0258495110112729,1910
Sanyo,Alice2018Test,S1_new_origins,12,low-power,Last-value,accepted,0.4720670086954702,0.2842140653984409,0.2842140653984409,425.6382679344962,1910
Sanyo,Alice2018Test,S1_new_origins,12,low-power,Inverted42,accepted,0.3512421073923237,0.2876482786267381,0.2709024863445947,235.6386443903152,1910
Sanyo,Alice2018Test,S1_new_origins,12,low-power,Joint-patch Transformer42,accepted,0.4248284015980894,0.320061303985599,0.2813964060344939,344.71521623638023,1910
Sanyo,Alice2018Test,S1_new_origins,12,low-power,Joint-patch Transformer43,accepted,0.309612126491612,0.2189262826182039,0.1730069715496614,183.09196754295672,1910
Sanyo,Alice2018Test,S1_new_origins,12,low-power,Joint-patch Transformer44,accepted,0.312489519175282,0.2404348186971124,0.1660198314406067,186.5109262253021,1910
Sanyo,Alice2018Test,S2_new_origins,12,full,Original A,accepted,0.3185094530260319,0.2713516991025861,-0.0545465817565736,247.22943805233768,2437
Sanyo,Alice2018Test,S2_new_origins,12,full,Original B,accepted,0.1932996833214167,0.1470785878344611,0.0639978590998789,91.05793857335394,2437
Sanyo,Alice2018Test,S2_new_origins,12,full,Expanded A,accepted,0.3185094530260319,0.2713516991025861,-0.0545465817565736,247.22943805233768,2437
Sanyo,Alice2018Test,S2_new_origins,12,full,Expanded B,accepted,0.1932996833214167,0.1470785878344611,0.0639978590998789,91.05793857335394,2437
Sanyo,Alice2018Test,S2_new_origins,12,full,Daily,accepted,0.0465609626509457,0.008325616940825,0.0004749550684753,5.283228943149002,2437
Sanyo,Alice2018Test,S2_new_origins,12,full,Last-value,accepted,0.4944365406340895,0.3222490490234402,0.3218509912533079,595.7672797445191,2437
Sanyo,Alice2018Test,S2_new_origins,12,full,Inverted42,accepted,0.3670891641284032,0.2999104231229514,0.2849515968004385,328.3966054227336,2437
Sanyo,Alice2018Test,S2_new_origins,12,full,Joint-patch Transformer42,accepted,0.5012138142233779,0.3945480123811033,0.3641672717354691,612.2116558040611,2437
Sanyo,Alice2018Test,S2_new_origins,12,full,Joint-patch Transformer43,accepted,0.345523832319516,0.251158637060042,0.2121388208739102,290.94543347376447,2437
Sanyo,Alice2018Test,S2_new_origins,12,full,Joint-patch Transformer44,accepted,0.3578894416751448,0.2843291922156087,0.2259853615318771,312.1427854512268,2437
Sanyo,Alice2018Test,S2_new_origins,12,power-active,Original A,accepted,0.3155894557869576,0.2611556407983521,0.2560218686461009,42.02980934284922,422
Sanyo,Alice2018Test,S2_new_origins,12,power-active,Original B,accepted,0.2588857090357786,0.2016886085358515,0.1857054772110656,28.283203964728205,422
Sanyo,Alice2018Test,S2_new_origins,12,power-active,Expanded A,accepted,0.3155894557869576,0.2611556407983521,0.2560218686461009,42.02980934284922,422
Sanyo,Alice2018Test,S2_new_origins,12,power-active,Expanded B,accepted,0.2588857090357786,0.2016886085358515,0.1857054772110656,28.283203964728205,422
Sanyo,Alice2018Test,S2_new_origins,12,power-active,Daily,accepted,0.1116164001092272,0.0423632593823392,0.0034896483544668,5.25736916635079,422
Sanyo,Alice2018Test,S2_new_origins,12,power-active,Last-value,accepted,0.5663708195537077,0.476732624279803,0.474433887820532,135.36743201209808,422
Sanyo,Alice2018Test,S2_new_origins,12,power-active,Inverted42,accepted,0.4524901279013883,0.375373592878299,0.3669405792093884,86.40336728794662,422
Sanyo,Alice2018Test,S2_new_origins,12,power-active,Joint-patch Transformer42,accepted,0.7700355244570467,0.7435649129875463,0.7435649129875463,250.22688716670407,422
Sanyo,Alice2018Test,S2_new_origins,12,power-active,Joint-patch Transformer43,accepted,0.4792811982940488,0.3977367071373061,0.3897030989935189,96.93781709011168,422
Sanyo,Alice2018Test,S2_new_origins,12,power-active,Joint-patch Transformer44,accepted,0.5311489724506219,0.4966869693584916,0.4966869693584916,119.0543154547183,422
Sanyo,Alice2018Test,S2_new_origins,12,low-power,Original A,accepted,0.3191176021854013,0.2734870522561279,-0.119588708838424,205.1996287094885,2015
Sanyo,Alice2018Test,S2_new_origins,12,low-power,Original B,accepted,0.1765041485233933,0.1356416504965024,0.0385087202200174,62.77473460862571,2015
Sanyo,Alice2018Test,S2_new_origins,12,low-power,Expanded A,accepted,0.3191176021854013,0.2734870522561279,-0.119588708838424,205.1996287094885,2015
Sanyo,Alice2018Test,S2_new_origins,12,low-power,Expanded B,accepted,0.1765041485233933,0.1356416504965024,0.0385087202200174,62.77473460862571,2015
Sanyo,Alice2018Test,S2_new_origins,12,low-power,Daily,accepted,0.0035824064716535,0.0011971379778875,-0.0001564099770275,0.0258597767982119,2015
Sanyo,Alice2018Test,S2_new_origins,12,low-power,Last-value,accepted,0.4780023815738614,0.2898956650243409,0.2898956650243409,460.399847732421,2015
Sanyo,Alice2018Test,S2_new_origins,12,low-power,Inverted42,accepted,0.3465485533352473,0.2841062257846106,0.267780703214048,241.9932381347869,2015
Sanyo,Alice2018Test,S2_new_origins,12,low-power,Joint-patch Transformer42,accepted,0.4238455455353428,0.3214536540406968,0.2847102967437189,361.984768637357,2015
Sanyo,Alice2018Test,S2_new_origins,12,low-power,Joint-patch Transformer43,accepted,0.3102929188295444,0.2204608973217762,0.1749516618831039,194.00761638365285,2015
Sanyo,Alice2018Test,S2_new_origins,12,low-power,Joint-patch Transformer44,accepted,0.3095570115868559,0.2398552557618635,0.1692925186024322,193.0884699965084,2015
Sanyo,Alice2018Test,Original,144,full,Original A,accepted,0.9137155813137656,0.6192592830143065,-0.2110193468969993,499520.60153810144,598317
Sanyo,Alice2018Test,Original,144,full,Original B,accepted,0.2119271373577942,0.1515776804404297,-0.1031333552481965,26872.27816246521,598317
Sanyo,Alice2018Test,Original,144,full,Expanded A,accepted,0.9137155813137656,0.6192592830143065,-0.2110193468969993,499520.60153810144,598317
Sanyo,Alice2018Test,Original,144,full,Expanded B,accepted,0.2119271373577942,0.1515776804404297,-0.1031333552481965,26872.27816246521,598317
Sanyo,Alice2018Test,Original,144,full,Daily,accepted,0.1181415952926916,0.0342705661669163,-0.0097920170337861,8350.971557287321,598317
Sanyo,Alice2018Test,Original,144,full,Last-value,accepted,2.728050208504772,1.7831623733651525,-0.8996926851510308,4452829.44396053,598317
Sanyo,Alice2018Test,Original,144,full,Inverted42,accepted,0.7806552101766312,0.5073427011549927,-0.1249137782571287,364627.87614182505,598317
Sanyo,Alice2018Test,Original,144,full,Joint-patch Transformer42,accepted,0.8460167757477854,0.4919055681752791,-0.2299078344850241,428242.0331083103,598317
Sanyo,Alice2018Test,Original,144,full,Joint-patch Transformer43,accepted,0.7818768923438162,0.4777655372404261,-0.1653607403950456,365770.0139966773,598317
Sanyo,Alice2018Test,Original,144,full,Joint-patch Transformer44,accepted,0.7497807140907005,0.4466198992736039,-0.1837115971841176,336356.5375397652,598317
Sanyo,Alice2018Test,Original,144,power-active,Original A,accepted,1.249770541477441,0.9822350436730012,-0.6814383822810249,405077.8038534962,259345
Sanyo,Alice2018Test,Original,144,power-active,Original B,accepted,0.2989062394061102,0.2471973849120482,-0.2191674052562255,23171.163452863628,259345
Sanyo,Alice2018Test,Original,144,power-active,Expanded A,accepted,1.249770541477441,0.9822350436730012,-0.6814383822810249,405077.8038534962,259345
Sanyo,Alice2018Test,Original,144,power-active,Expanded B,accepted,0.2989062394061102,0.2471973849120482,-0.2191674052562255,23171.163452863628,259345
Sanyo,Alice2018Test,Original,144,power-active,Daily,accepted,0.1794165424969868,0.0787913376992741,-0.0225973476401415,8348.392243911376,259345
Sanyo,Alice2018Test,Original,144,power-active,Last-value,accepted,3.668757740530178,3.2550036719703965,-2.934009912441145,3490727.515162077,259345
Sanyo,Alice2018Test,Original,144,power-active,Inverted42,accepted,1.0700470713383816,0.8101492898466716,-0.4555285104865777,296950.2155874141,259345
Sanyo,Alice2018Test,Original,144,power-active,Joint-patch Transformer42,accepted,1.221564613637293,0.8753448995043506,-0.5768930228101936,386999.8232066501,259345
Sanyo,Alice2018Test,Original,144,power-active,Joint-patch Transformer43,accepted,1.1051602469835564,0.8014199958433105,-0.4977206284445366,316758.58123597555,259345
Sanyo,Alice2018Test,Original,144,power-active,Joint-patch Transformer44,accepted,1.0610275462690526,0.765740659419112,-0.4464220934263466,291965.2724825171,259345
Sanyo,Alice2018Test,Original,144,low-power,Original A,accepted,0.5278402561661436,0.3415491811532998,0.1488948192632442,94442.79768460528,338972
Sanyo,Alice2018Test,Original,144,low-power,Original B,accepted,0.1044923171392528,0.0784197433359139,-0.0143565515613661,3701.1147096015857,338972
Sanyo,Alice2018Test,Original,144,low-power,Expanded A,accepted,0.5278402561661436,0.3415491811532998,0.1488948192632442,94442.79768460528,338972
Sanyo,Alice2018Test,Original,144,low-power,Expanded B,accepted,0.1044923171392528,0.0784197433359139,-0.0143565515613661,3701.1147096015857,338972
Sanyo,Alice2018Test,Original,144,low-power,Daily,accepted,0.0027584819230325,0.0002080492243389,5.2478320589074535e-06,2.579313375946871,338972
Sanyo,Alice2018Test,Original,144,low-power,Last-value,accepted,1.684723484229495,0.6570673519864633,0.6567485587026052,962101.9287984584,338972
Sanyo,Alice2018Test,Original,144,low-power,Inverted42,accepted,0.4468283869768271,0.2756675930509504,0.1280371372463536,67677.66055441073,338972
Sanyo,Alice2018Test,Original,144,low-power,Joint-patch Transformer42,accepted,0.348810099628046,0.198538937941696,0.0355679973423572,41242.20990165992,338972
Sanyo,Alice2018Test,Original,144,low-power,Joint-patch Transformer43,accepted,0.3802478668279688,0.2301398762231,0.0889253810727902,49011.43276070144,338972
Sanyo,Alice2018Test,Original,144,low-power,Joint-patch Transformer44,accepted,0.3618818884194385,0.2024629378138468,0.0172862836082216,44391.26505724777,338972
Sanyo,Alice2018Test,S1,144,full,Original A,accepted,0.9258002389652312,0.6180274367053077,-0.1757176958454224,828429.0271608621,966542
Sanyo,Alice2018Test,S1,144,full,Original B,accepted,0.227866967143774,0.1565388826948567,-0.0792293944108541,50186.103113237215,966542
Sanyo,Alice2018Test,S1,144,full,Expanded A,accepted,0.9258002389652312,0.6180274367053077,-0.1757176958454224,828429.0271608621,966542
Sanyo,Alice2018Test,S1,144,full,Expanded B,accepted,0.227866967143774,0.1565388826948567,-0.0792293944108541,50186.103113237215,966542
Sanyo,Alice2018Test,S1,144,full,Daily,accepted,0.1736444161865158,0.0431930154449697,-0.0047008905022429,29143.544833216067,966542
Sanyo,Alice2018Test,S1,144,full,Last-value,accepted,2.9287821819618305,2.1277288352390014,0.0048787989792465,8290770.205685882,966542
Sanyo,Alice2018Test,S1,144,full,Inverted42,accepted,0.7674970125289513,0.493552801189538,-0.1483469974283093,569343.1736586944,966542
Sanyo,Alice2018Test,S1,144,full,Joint-patch Transformer42,accepted,0.811666675926928,0.4661962572277008,-0.1876846175818876,636760.5689684227,966542
Sanyo,Alice2018Test,S1,144,full,Joint-patch Transformer43,accepted,0.7328400369186088,0.4394340872245822,-0.1212600085774653,519085.7495903816,966542
Sanyo,Alice2018Test,S1,144,full,Joint-patch Transformer44,accepted,0.7020220170082986,0.4104026098360986,-0.1600801640418122,476345.64186651184,966542
Sanyo,Alice2018Test,S1,144,power-active,Original A,accepted,1.21330915282698,0.8929930540037877,-0.5795580222660952,635357.7709894332,431594
Sanyo,Alice2018Test,S1,144,power-active,Original B,accepted,0.3098109079347831,0.2342066761136517,-0.1741366713984777,41425.60001149965,431594
Sanyo,Alice2018Test,S1,144,power-active,Expanded A,accepted,1.21330915282698,0.8929930540037877,-0.5795580222660952,635357.7709894332,431594
Sanyo,Alice2018Test,S1,144,power-active,Expanded B,accepted,0.3098109079347831,0.2342066761136517,-0.1741366713984777,41425.60001149965,431594
Sanyo,Alice2018Test,S1,144,power-active,Daily,accepted,0.2598417500530456,0.0964616068515338,-0.01052577031313,29140.24935007323,431594
Sanyo,Alice2018Test,S1,144,power-active,Last-value,accepted,3.2739725959140134,2.776176443135573,-1.9775118423574936,4626211.441396976,431594
Sanyo,Alice2018Test,S1,144,power-active,Inverted42,accepted,1.0300755205104533,0.7545821960159044,-0.4441875224868417,457945.221111859,431594
Sanyo,Alice2018Test,S1,144,power-active,Joint-patch Transformer42,accepted,1.1469457648317518,0.8000945552195359,-0.491629834745225,567755.2550425815,431594
Sanyo,Alice2018Test,S1,144,power-active,Joint-patch Transformer43,accepted,1.0189463987306906,0.7165396822164627,-0.3936560984940614,448103.23161008174,431594
Sanyo,Alice2018Test,S1,144,power-active,Joint-patch Transformer44,accepted,0.9779131888836649,0.6748979357314925,-0.3592945740050127,412739.472989584,431594
Sanyo,Alice2018Test,S1,144,low-power,Original A,accepted,0.6007627920704487,0.3961862285274659,0.1500991346525022,193071.25617142895,534948
Sanyo,Alice2018Test,S1,144,low-power,Original B,accepted,0.1279701679069345,0.0938768040763902,-0.0026585663972969,8760.503101737573,534948
Sanyo,Alice2018Test,S1,144,low-power,Expanded A,accepted,0.6007627920704487,0.3961862285274659,0.1500991346525022,193071.25617142895,534948
Sanyo,Alice2018Test,S1,144,low-power,Expanded B,accepted,0.1279701679069345,0.0938768040763902,-0.0026585663972969,8760.503101737573,534948
Sanyo,Alice2018Test,S1,144,low-power,Daily,accepted,0.0024820113499541,0.0002161196728112,-1.3997534225118213e-06,3.2954831428183358,534948
Sanyo,Alice2018Test,S1,144,low-power,Last-value,accepted,2.6173093769056264,1.6045637857715518,1.6042639849358051,3664558.7642889214,534948
Sanyo,Alice2018Test,S1,144,low-power,Inverted42,accepted,0.4563339920156306,0.2829552839903136,0.0903360064750834,111397.95254683506,534948
Sanyo,Alice2018Test,S1,144,low-power,Joint-patch Transformer42,accepted,0.3591579498843782,0.1968083877086296,0.0575372209078225,69005.31392584083,534948
Sanyo,Alice2018Test,S1,144,low-power,Joint-patch Transformer43,accepted,0.3642670733433439,0.2158663532300151,0.0985081147381903,70982.5179802994,534948
Sanyo,Alice2018Test,S1,144,low-power,Joint-patch Transformer44,accepted,0.3448211015501141,0.1970087927090197,0.0006452598379994,63606.16887692741,534948
Sanyo,Alice2018Test,S2,144,full,Original A,accepted,0.92607067913468,0.6182413092511548,-0.1749009466925289,830021.9767259184,967835
Sanyo,Alice2018Test,S2,144,full,Original B,accepted,0.2278773655371029,0.1565422417026766,-0.0790913764045838,50257.82658949376,967835
Sanyo,Alice2018Test,S2,144,full,Expanded A,accepted,0.92607067913468,0.6182413092511548,-0.1749009466925289,830021.9767259184,967835
Sanyo,Alice2018Test,S2,144,full,Expanded B,accepted,0.2278773655371029,0.1565422417026766,-0.0790913764045838,50257.82658949376,967835
Sanyo,Alice2018Test,S2,144,full,Daily,accepted,0.1735283858001487,0.0431356819142554,-0.0046942391384352,29143.544960084368,967835
Sanyo,Alice2018Test,S2,144,full,Last-value,accepted,2.929945137396703,2.1291274522429,0.0091134831814626,8308455.540439792,967835
Sanyo,Alice2018Test,S2,144,full,Inverted42,accepted,0.7674706256046023,0.4934929017090537,-0.1478716370747484,570065.6171670179,967835
Sanyo,Alice2018Test,S2,144,full,Joint-patch Transformer42,accepted,0.8116271957567778,0.4661545949899354,-0.1869770722106278,637550.3744491594,967835
Sanyo,Alice2018Test,S2,144,full,Joint-patch Transformer43,accepted,0.7327702554819663,0.4394369124609041,-0.1208076231133266,519681.178284087,967835
Sanyo,Alice2018Test,S2,144,full,Joint-patch Transformer44,accepted,0.7019113592242123,0.4103702530907411,-0.1596025047548847,476832.5182825516,967835
Sanyo,Alice2018Test,S2,144,power-active,Original A,accepted,1.21330915282698,0.8929930540037877,-0.5795580222660952,635357.7709894332,431594
Sanyo,Alice2018Test,S2,144,power-active,Original B,accepted,0.3098109079347831,0.2342066761136517,-0.1741366713984777,41425.60001149965,431594
Sanyo,Alice2018Test,S2,144,power-active,Expanded A,accepted,1.21330915282698,0.8929930540037877,-0.5795580222660952,635357.7709894332,431594
Sanyo,Alice2018Test,S2,144,power-active,Expanded B,accepted,0.3098109079347831,0.2342066761136517,-0.1741366713984777,41425.60001149965,431594
Sanyo,Alice2018Test,S2,144,power-active,Daily,accepted,0.2598417500530456,0.0964616068515338,-0.01052577031313,29140.24935007323,431594
Sanyo,Alice2018Test,S2,144,power-active,Last-value,accepted,3.2739725959140134,2.776176443135573,-1.9775118423574936,4626211.441396976,431594
Sanyo,Alice2018Test,S2,144,power-active,Inverted42,accepted,1.0300755205104533,0.7545821960159044,-0.4441875224868417,457945.221111859,431594
Sanyo,Alice2018Test,S2,144,power-active,Joint-patch Transformer42,accepted,1.1469457648317518,0.8000945552195359,-0.491629834745225,567755.2550425815,431594
Sanyo,Alice2018Test,S2,144,power-active,Joint-patch Transformer43,accepted,1.0189463987306906,0.7165396822164627,-0.3936560984940614,448103.23161008174,431594
Sanyo,Alice2018Test,S2,144,power-active,Joint-patch Transformer44,accepted,0.9779131888836649,0.6748979357314925,-0.3592945740050127,412739.472989584,431594
Sanyo,Alice2018Test,S2,144,low-power,Original A,accepted,0.602508312347861,0.3971071465803261,0.1507876259363781,194664.20573648543,536241
Sanyo,Alice2018Test,S2,144,low-power,Original B,accepted,0.128337948491993,0.0940339592230259,-0.0025940943101623,8832.226577994112,536241
Sanyo,Alice2018Test,S2,144,low-power,Expanded A,accepted,0.602508312347861,0.3971071465803261,0.1507876259363781,194664.20573648543,536241
Sanyo,Alice2018Test,S2,144,low-power,Expanded B,accepted,0.128337948491993,0.0940339592230259,-0.0025940943101623,8832.226577994112,536241
Sanyo,Alice2018Test,S2,144,low-power,Daily,accepted,0.0024790649124449,0.0002162683532264,-7.265837980011955e-07,3.2956100111464357,536241
Sanyo,Alice2018Test,S2,144,low-power,Last-value,accepted,2.6204524244976293,1.6083495516807782,1.6080504737335843,3682244.099042832,536241
Sanyo,Alice2018Test,S2,144,low-power,Inverted42,accepted,0.4572590434084831,0.2833549732644349,0.0906184415439079,112120.39605515848,536241
Sanyo,Alice2018Test,S2,144,low-power,Joint-patch Transformer42,accepted,0.3607717467652764,0.1973827495037936,0.0582229486631154,69795.11940657749,536241
Sanyo,Alice2018Test,S2,144,low-power,Joint-patch Transformer43,accepted,0.3653504190167776,0.216410525426193,0.0987946916732578,71577.94667400482,536241
Sanyo,Alice2018Test,S2,144,low-power,Joint-patch Transformer44,accepted,0.3457207491037075,0.1974649350310395,0.0011198177380609,64093.04529296713,536241
Sanyo,Alice2018Test,S1_new_origins,144,full,Original A,accepted,0.9451067480549404,0.6160258491214631,-0.1183571745548358,328908.42562276067,368225
Sanyo,Alice2018Test,S1_new_origins,144,full,Original B,accepted,0.2516228807989237,0.1646001812195686,-0.040388614625896,23313.82495077201,368225
Sanyo,Alice2018Test,S1_new_origins,144,full,Expanded A,accepted,0.9451067480549404,0.6160258491214631,-0.1183571745548358,328908.42562276067,368225
Sanyo,Alice2018Test,S1_new_origins,144,full,Expanded B,accepted,0.2516228807989237,0.1646001812195686,-0.040388614625896,23313.82495077201,368225
Sanyo,Alice2018Test,S1_new_origins,144,full,Daily,accepted,0.2376279300386189,0.0576908172908441,0.0035715178159682,20792.57327592872,368225
Sanyo,Alice2018Test,S1_new_origins,144,full,Last-value,accepted,3.228438354368577,2.687603834951067,1.474688009843189,3837940.761725365,368225
Sanyo,Alice2018Test,S1_new_origins,144,full,Inverted42,accepted,0.7456216555646583,0.4711460347352481,-0.1864228841683277,204715.29751687,368225
Sanyo,Alice2018Test,S1_new_origins,144,full,Joint-patch Transformer42,accepted,0.7525159300810628,0.4244220219144491,-0.1190774657919931,208518.535860113,368225
Sanyo,Alice2018Test,S1_new_origins,144,full,Joint-patch Transformer43,accepted,0.6452629511855869,0.3771505427093276,-0.0496021429819756,153315.73559370462,368225
Sanyo,Alice2018Test,S1_new_origins,144,full,Joint-patch Transformer44,accepted,0.6165814887212238,0.3515542970806372,-0.1216822057733494,139989.104326747,368225
Sanyo,Alice2018Test,S1_new_origins,144,power-active,Original A,accepted,1.1562446194282543,0.7586267365751689,-0.4261628677626036,230279.9671359369,172249
Sanyo,Alice2018Test,S1_new_origins,144,power-active,Original B,accepted,0.3255411262505395,0.2146473441388933,-0.1063365931841623,18254.43655863602,172249
Sanyo,Alice2018Test,S1_new_origins,144,power-active,Expanded A,accepted,1.1562446194282543,0.7586267365751689,-0.4261628677626036,230279.9671359369,172249
Sanyo,Alice2018Test,S1_new_origins,144,power-active,Expanded B,accepted,0.3255411262505395,0.2146473441388933,-0.1063365931841623,18254.43655863602,172249
Sanyo,Alice2018Test,S1_new_origins,144,power-active,Daily,accepted,0.3474307759249763,0.1230666725023811,0.0076496804695961,20791.85710616185,172249
Sanyo,Alice2018Test,S1_new_origins,144,power-active,Last-value,accepted,2.567509982165418,2.055234970835779,-0.5373700012678815,1135483.9262349005,172249
Sanyo,Alice2018Test,S1_new_origins,144,power-active,Inverted42,accepted,0.9667804219471248,0.6709181518151235,-0.4271120762851711,160995.0055244456,172249
Sanyo,Alice2018Test,S1_new_origins,144,power-active,Joint-patch Transformer42,accepted,1.0243947024265525,0.6867946200179079,-0.3632541605252918,180755.43183593208,172249
Sanyo,Alice2018Test,S1_new_origins,144,power-active,Joint-patch Transformer43,accepted,0.8732283757628713,0.5887404791003062,-0.2369723701704951,131344.65037410666,172249
Sanyo,Alice2018Test,S1_new_origins,144,power-active,Joint-patch Transformer44,accepted,0.8373532899425703,0.5381214889900562,-0.2281118877524026,120774.20050706738,172249
Sanyo,Alice2018Test,S1_new_origins,144,low-power,Original A,accepted,0.7094138746245209,0.4906897862208356,0.152182191741776,98628.45848682376,195976
Sanyo,Alice2018Test,S1_new_origins,144,low-power,Original B,accepted,0.1606747250508164,0.1206122757327193,0.0175749796850543,5059.388392135988,195976
Sanyo,Alice2018Test,S1_new_origins,144,low-power,Expanded A,accepted,0.7094138746245209,0.4906897862208356,0.152182191741776,98628.45848682376,195976
Sanyo,Alice2018Test,S1_new_origins,144,low-power,Expanded B,accepted,0.1606747250508164,0.1206122757327193,0.0175749796850543,5059.388392135988,195976
Sanyo,Alice2018Test,S1_new_origins,144,low-power,Daily,accepted,0.0019116419268444,0.0002300788109688,-1.2897821276777935e-05,0.7161697668714642,195976
Sanyo,Alice2018Test,S1_new_origins,144,low-power,Last-value,accepted,3.713453058521589,3.2434112015418446,3.243144251198613,2702456.835490467,195976
Sanyo,Alice2018Test,S1_new_origins,144,low-power,Inverted42,accepted,0.4723240745439133,0.2955605171469137,0.0251258394148363,43720.291992424325,195976
Sanyo,Alice2018Test,S1_new_origins,144,low-power,Joint-patch Transformer42,accepted,0.3763852238816557,0.1938151228516931,0.0955365251615724,27763.10402418089,195976
Sanyo,Alice2018Test,S1_new_origins,144,low-power,Joint-patch Transformer43,accepted,0.3348299590230118,0.191178000390831,0.1150829932744806,21971.085219597924,195976
Sanyo,Alice2018Test,S1_new_origins,144,low-power,Joint-patch Transformer44,accepted,0.3131249420806012,0.1875749718611944,-0.0281380662296811,19214.903819679592,195976
Sanyo,Alice2018Test,S2_new_origins,144,full,Original A,accepted,0.9457336374709666,0.6165930241661316,-0.1164186728787008,330501.3751878171,369518
Sanyo,Alice2018Test,S2_new_origins,144,full,Original B,accepted,0.2515683378329578,0.1645807713568309,-0.0401630301378962,23385.548427028545,369518
Sanyo,Alice2018Test,S2_new_origins,144,full,Expanded A,accepted,0.9457336374709666,0.6165930241661316,-0.1164186728787008,330501.3751878171,369518
Sanyo,Alice2018Test,S2_new_origins,144,full,Expanded B,accepted,0.2515683378329578,0.1645807713568309,-0.0401630301378962,23385.548427028545,369518
Sanyo,Alice2018Test,S2_new_origins,144,full,Daily,accepted,0.2372118181966686,0.0574899202966905,0.0035599925282567,20792.573402797047,369518
Sanyo,Alice2018Test,S2_new_origins,144,full,Last-value,accepted,3.2302018105645223,2.6893079795755246,1.4806363324559029,3855626.096479276,369518
Sanyo,Alice2018Test,S2_new_origins,144,full,Inverted42,accepted,0.7456281850303711,0.4710675517799682,-0.1850445953993274,205437.74102519336,369518
Sanyo,Alice2018Test,S2_new_origins,144,full,Joint-patch Transformer42,accepted,0.7526195039338088,0.4244590753580498,-0.1174643424065859,209308.34134084964,369518
Sanyo,Alice2018Test,S2_new_origins,144,full,Joint-patch Transformer43,accepted,0.6453826150103964,0.3773758821668204,-0.0486680048196406,153911.1642874101,369518
Sanyo,Alice2018Test,S2_new_origins,144,full,Joint-patch Transformer44,accepted,0.6165712029772196,0.3516754681135765,-0.1205654893592035,140475.98074278675,369518
Sanyo,Alice2018Test,S2_new_origins,144,power-active,Original A,accepted,1.1562446194282543,0.7586267365751689,-0.4261628677626036,230279.9671359369,172249
Sanyo,Alice2018Test,S2_new_origins,144,power-active,Original B,accepted,0.3255411262505395,0.2146473441388933,-0.1063365931841623,18254.43655863602,172249
Sanyo,Alice2018Test,S2_new_origins,144,power-active,Expanded A,accepted,1.1562446194282543,0.7586267365751689,-0.4261628677626036,230279.9671359369,172249
Sanyo,Alice2018Test,S2_new_origins,144,power-active,Expanded B,accepted,0.3255411262505395,0.2146473441388933,-0.1063365931841623,18254.43655863602,172249
Sanyo,Alice2018Test,S2_new_origins,144,power-active,Daily,accepted,0.3474307759249763,0.1230666725023811,0.0076496804695961,20791.85710616185,172249
Sanyo,Alice2018Test,S2_new_origins,144,power-active,Last-value,accepted,2.567509982165418,2.055234970835779,-0.5373700012678815,1135483.9262349005,172249
Sanyo,Alice2018Test,S2_new_origins,144,power-active,Inverted42,accepted,0.9667804219471248,0.6709181518151235,-0.4271120762851711,160995.0055244456,172249
Sanyo,Alice2018Test,S2_new_origins,144,power-active,Joint-patch Transformer42,accepted,1.0243947024265525,0.6867946200179079,-0.3632541605252918,180755.43183593208,172249
Sanyo,Alice2018Test,S2_new_origins,144,power-active,Joint-patch Transformer43,accepted,0.8732283757628713,0.5887404791003062,-0.2369723701704951,131344.65037410666,172249
Sanyo,Alice2018Test,S2_new_origins,144,power-active,Joint-patch Transformer44,accepted,0.8373532899425703,0.5381214889900562,-0.2281118877524026,120774.20050706738,172249
Sanyo,Alice2018Test,S2_new_origins,144,low-power,Original A,accepted,0.7127723243470382,0.4925737158675936,0.1540400805217694,100221.40805188016,197269
Sanyo,Alice2018Test,S2_new_origins,144,low-power,Original B,accepted,0.1612784422706279,0.1208642365990258,0.0176176148755437,5131.111868392525,197269
Sanyo,Alice2018Test,S2_new_origins,144,low-power,Expanded A,accepted,0.7127723243470382,0.4925737158675936,0.1540400805217694,100221.40805188016,197269
Sanyo,Alice2018Test,S2_new_origins,144,low-power,Expanded B,accepted,0.1612784422706279,0.1208642365990258,0.0176176148755437,5131.111868392525,197269
Sanyo,Alice2018Test,S2_new_origins,144,low-power,Daily,accepted,0.0019055354558956,0.0002303914772714,-1.0992564219902449e-05,0.7162966351995652,197269
Sanyo,Alice2018Test,S2_new_origins,144,low-power,Last-value,accepted,3.713354230520456,3.2429603105672795,3.242695109950533,2720142.170244377,197269
Sanyo,Alice2018Test,S2_new_origins,144,low-power,Inverted42,accepted,0.4746472507306333,0.296564380955077,0.0263210095112549,44442.73550074772,197269
Sanyo,Alice2018Test,S2_new_origins,144,low-power,Joint-patch Transformer42,accepted,0.3804484008168572,0.1953960434974131,0.097151488672443,28552.909504917527,197269
Sanyo,Alice2018Test,S2_new_origins,144,low-power,Joint-patch Transformer43,accepted,0.3382227494045746,0.1928190564253404,0.1157533620819978,22566.513913303344,197269
Sanyo,Alice2018Test,S2_new_origins,144,low-power,Joint-patch Transformer44,accepted,0.3160263634310317,0.1888767483453781,-0.0266594038778042,19701.78023571933,197269
Hanwha,Alice2018Test,Original,12,full,Original A,accepted,0.1768113926020671,0.1081517771854243,-0.0111874717682739,2481.974025029826,79392
Hanwha,Alice2018Test,Original,12,full,Original B,accepted,0.1214373878689766,0.0697571407061032,-0.0046737684581896,1170.796933978379,79392
Hanwha,Alice2018Test,Original,12,full,Expanded A,accepted,0.1768113926020671,0.1081517771854243,-0.0111874717682739,2481.974025029826,79392
Hanwha,Alice2018Test,Original,12,full,Expanded B,accepted,0.1214373878689766,0.0697571407061032,-0.0046737684581896,1170.796933978379,79392
Hanwha,Alice2018Test,Original,12,full,Daily,accepted,0.1851966516577388,0.0499581438221991,-0.0045715543670801,2722.9709205496038,79392
Hanwha,Alice2018Test,Original,12,full,Last-value,accepted,0.4339292434436954,0.2247218029182162,-0.0092028247449372,14949.083955553531,79392
Hanwha,Alice2018Test,Original,12,full,Inverted42,accepted,0.1933486316831843,0.1398079567952512,-0.0084583205161986,2967.9661843295285,79392
Hanwha,Alice2018Test,Original,12,full,Inverted43,accepted,0.2123732061099809,0.1541750494265819,-0.0152314435452893,3580.768047641147,79392
Hanwha,Alice2018Test,Original,12,full,Inverted44,accepted,0.21256464058724,0.1539518493621217,-0.0158372436697162,3587.2264085703905,79392
Hanwha,Alice2018Test,Original,12,full,Joint-patch Transformer42,accepted,0.2504662834041726,0.1948536384209263,0.092421113140591,4980.526847437587,79392
Hanwha,Alice2018Test,Original,12,full,Joint-patch Transformer43,accepted,0.294379836812248,0.2451378852092494,-0.1988755213658211,6880.070096828928,79392
Hanwha,Alice2018Test,Original,12,full,Joint-patch Transformer44,accepted,0.2325182983762772,0.1796425266926908,-0.0560941557231874,4292.309352863442,79392
Hanwha,Alice2018Test,Original,12,power-active,Original A,accepted,0.2370695855992227,0.1569889303935308,-0.0486650175222882,2046.9326201059544,36421
Hanwha,Alice2018Test,Original,12,power-active,Original B,accepted,0.1674640126835216,0.1083635102954505,-0.0126870237720844,1021.3976459104532,36421
Hanwha,Alice2018Test,Original,12,power-active,Expanded A,accepted,0.2370695855992227,0.1569889303935308,-0.0486650175222882,2046.9326201059544,36421
Hanwha,Alice2018Test,Original,12,power-active,Expanded B,accepted,0.1674640126835216,0.1083635102954505,-0.0126870237720844,1021.3976459104532,36421
Hanwha,Alice2018Test,Original,12,power-active,Daily,accepted,0.2734245827033721,0.1086682295872199,-0.0098533193854904,2722.8704693760374,36421
Hanwha,Alice2018Test,Original,12,power-active,Last-value,accepted,0.6286051853090959,0.4738429554028943,-0.0346654375934722,14391.557069567323,36421
Hanwha,Alice2018Test,Original,12,power-active,Inverted42,accepted,0.2572887389565286,0.1970207106460602,0.0050646424089606,2410.9789724548737,36421
Hanwha,Alice2018Test,Original,12,power-active,Inverted43,accepted,0.2855965259125622,0.2276986787344882,-0.0845222224126964,2970.6925452129035,36421
Hanwha,Alice2018Test,Original,12,power-active,Inverted44,accepted,0.2844133532309025,0.2242478224332968,-0.0740096887517468,2946.129490121497,36421
Hanwha,Alice2018Test,Original,12,power-active,Joint-patch Transformer42,accepted,0.3134108714832505,0.251581838129063,0.0676270444406113,3577.5027807072597,36421
Hanwha,Alice2018Test,Original,12,power-active,Joint-patch Transformer43,accepted,0.313898781144888,0.2499234035540949,-0.1585907347909424,3588.650172215456,36421
Hanwha,Alice2018Test,Original,12,power-active,Joint-patch Transformer44,accepted,0.2821661350193592,0.2213525464560169,0.0003764185595042,2899.757262446969,36421
Hanwha,Alice2018Test,Original,12,low-power,Original A,accepted,0.1006184368593845,0.0667587922189946,0.0205774323276734,435.0414049238713,42971
Hanwha,Alice2018Test,Original,12,low-power,Original B,accepted,0.0589639451770119,0.0370354775655289,0.0021180393142,149.39928806792554,42971
Hanwha,Alice2018Test,Original,12,low-power,Expanded A,accepted,0.1006184368593845,0.0667587922189946,0.0205774323276734,435.0414049238713,42971
Hanwha,Alice2018Test,Original,12,low-power,Expanded B,accepted,0.0589639451770119,0.0370354775655289,0.0021180393142,149.39928806792554,42971
Hanwha,Alice2018Test,Original,12,low-power,Daily,accepted,0.0015289376569212,0.0001971414334294,-9.488024417117276e-05,0.1004511735659191,42971
Hanwha,Alice2018Test,Original,12,low-power,Last-value,accepted,0.1139056266090517,0.0135737846118128,0.0123785632273346,557.5268859862081,42971
Hanwha,Alice2018Test,Original,12,low-power,Inverted42,accepted,0.1138504841554172,0.0913160504397949,-0.0199200000837494,556.987211874655,42971
Hanwha,Alice2018Test,Original,12,low-power,Inverted43,accepted,0.1191527480064111,0.0918585079678481,0.0434974540165508,610.0755024282437,42971
Hanwha,Alice2018Test,Original,12,low-power,Inverted44,accepted,0.1221445557936954,0.0943709777225213,0.0334680697354323,641.0969184488936,42971
Hanwha,Alice2018Test,Original,12,low-power,Joint-patch Transformer42,accepted,0.1806944569262479,0.1467724264042164,0.113435862067122,1403.0240667303292,42971
Hanwha,Alice2018Test,Original,12,low-power,Joint-patch Transformer43,accepted,0.2767603790002523,0.2410818156824146,-0.233019763106615,3291.419924613476,42971
Hanwha,Alice2018Test,Original,12,low-power,Joint-patch Transformer44,accepted,0.1800188547793322,0.1442902977522403,-0.1039570117411975,1392.5520904164723,42971
Hanwha,Alice2018Test,S1,12,full,Original A,accepted,0.177199048204077,0.1092725552576666,-0.0116850538092271,2554.0041488489187,81339
Hanwha,Alice2018Test,S1,12,full,Original B,accepted,0.1223493882210563,0.0711140305614669,-0.0043068551917545,1217.593814021952,81339
Hanwha,Alice2018Test,S1,12,full,Expanded A,accepted,0.177199048204077,0.1092725552576666,-0.0116850538092271,2554.0041488489187,81339
Hanwha,Alice2018Test,S1,12,full,Expanded B,accepted,0.1223493882210563,0.0711140305614669,-0.0043068551917545,1217.593814021952,81339
Hanwha,Alice2018Test,S1,12,full,Daily,accepted,0.1829846786172437,0.0489227871948434,-0.0044827271477595,2723.505671395468,81339
Hanwha,Alice2018Test,S1,12,full,Last-value,accepted,0.4344693140495156,0.2268710480083406,-0.0017945667513893,15353.841228167565,81339
Hanwha,Alice2018Test,S1,12,full,Inverted42,accepted,0.1924991391767432,0.1394348162195339,-0.0087775800146731,3014.0913616866656,81339
Hanwha,Alice2018Test,S1,12,full,Inverted43,accepted,0.2118652295784798,0.1540532800569325,-0.0132245413121706,3651.05356664767,81339
Hanwha,Alice2018Test,S1,12,full,Inverted44,accepted,0.2125414236059674,0.1543324805648421,-0.0146041194582616,3674.396334062279,81339
Hanwha,Alice2018Test,S1,12,full,Joint-patch Transformer42,accepted,0.2522985072371526,0.1963384754408068,0.0942773585969846,5177.596365041376,81339
Hanwha,Alice2018Test,S1,12,full,Joint-patch Transformer43,accepted,0.2950126164061316,0.2457231948465093,-0.199064438415509,7079.131949403449,81339
Hanwha,Alice2018Test,S1,12,full,Joint-patch Transformer44,accepted,0.2333607916524492,0.1804780795077265,-0.0546897937132503,4429.498996361625,81339
Hanwha,Alice2018Test,S1,12,power-active,Original A,accepted,0.2361710447847393,0.1563970396909861,-0.0471494445125827,2060.282049335995,36938
Hanwha,Alice2018Test,S1,12,power-active,Original B,accepted,0.1673071012772749,0.1085796931160074,-0.0118348065288799,1033.9561637982165,36938
Hanwha,Alice2018Test,S1,12,power-active,Expanded A,accepted,0.2361710447847393,0.1563970396909861,-0.0471494445125827,2060.282049335995,36938
Hanwha,Alice2018Test,S1,12,power-active,Expanded B,accepted,0.1673071012772749,0.1085796931160074,-0.0118348065288799,1033.9561637982165,36938
Hanwha,Alice2018Test,S1,12,power-active,Daily,accepted,0.27153064745756,0.1074606021836779,-0.0097449801824248,2723.3978314871647,36938
Hanwha,Alice2018Test,S1,12,power-active,Last-value,accepted,0.6272087619118298,0.4733398174907879,-0.0287610086100526,14531.070516178732,36938
Hanwha,Alice2018Test,S1,12,power-active,Inverted42,accepted,0.256411956268125,0.1962484109756621,0.0056366227342337,2428.5660590764646,36938
Hanwha,Alice2018Test,S1,12,power-active,Inverted43,accepted,0.2848003880893774,0.2269296482941079,-0.0818850158026871,2996.0877608813566,36938
Hanwha,Alice2018Test,S1,12,power-active,Inverted44,accepted,0.2838244427694805,0.2237596055414771,-0.0711447157795317,2975.589138108595,36938
Hanwha,Alice2018Test,S1,12,power-active,Joint-patch Transformer42,accepted,0.3155867447698675,0.2537692228437686,0.0719131772257155,3678.83986895892,36938
Hanwha,Alice2018Test,S1,12,power-active,Joint-patch Transformer43,accepted,0.3127125260411395,0.2488144209314959,-0.1568857858587613,3612.134660207656,36938
Hanwha,Alice2018Test,S1,12,power-active,Joint-patch Transformer44,accepted,0.2823958986013342,0.2214991012730349,0.0026853057729871,2945.7110697337325,36938
Hanwha,Alice2018Test,S1,12,low-power,Original A,accepted,0.1054495930022025,0.0700688389900611,0.0178184182702429,493.7220995129238,44401
Hanwha,Alice2018Test,S1,12,low-power,Original B,accepted,0.0643108852564817,0.0399456640057674,0.0019557845346196,183.63765022373556,44401
Hanwha,Alice2018Test,S1,12,low-power,Expanded A,accepted,0.1054495930022025,0.0700688389900611,0.0178184182702429,493.7220995129238,44401
Hanwha,Alice2018Test,S1,12,low-power,Expanded B,accepted,0.0643108852564817,0.0399456640057674,0.0019557845346196,183.63765022373556,44401
Hanwha,Alice2018Test,S1,12,low-power,Daily,accepted,0.0015584518155926,0.0002241135150261,-0.0001049630750028,0.1078399083037349,44401
Hanwha,Alice2018Test,S1,12,low-power,Last-value,accepted,0.1361266121633113,0.0218291929342963,0.0206393070211677,822.7707119888289,44401
Hanwha,Alice2018Test,S1,12,low-power,Inverted42,accepted,0.1148355772673051,0.0921705527321831,-0.0207690176205632,585.5253026102018,44401
Hanwha,Alice2018Test,S1,12,low-power,Inverted43,accepted,0.1214543118985428,0.0934261029675699,0.0438953570399092,654.9658057663136,44401
Hanwha,Alice2018Test,S1,12,low-power,Inverted44,accepted,0.1254533631992514,0.0965747917202902,0.0324330316625481,698.8071959536843,44401
Hanwha,Alice2018Test,S1,12,low-power,Joint-patch Transformer42,accepted,0.1837253839039951,0.1485607914343519,0.1128825281087509,1498.756496082456,44401
Hanwha,Alice2018Test,S1,12,low-power,Joint-patch Transformer43,accepted,0.2794347256302641,0.2431515476059688,-0.2341536271306538,3466.9972891957964,44401
Hanwha,Alice2018Test,S1,12,low-power,Joint-patch Transformer44,accepted,0.182805619007857,0.1463519449169073,-0.1024211832049878,1483.7879266278935,44401
Hanwha,Alice2018Test,S2,12,full,Original A,accepted,0.177171990454578,0.1092932871723579,-0.0117108868720701,2556.551562152332,81445
Hanwha,Alice2018Test,S2,12,full,Original B,accepted,0.1223530562866234,0.0711664495837345,-0.0042996585500546,1219.2536713171808,81445
Hanwha,Alice2018Test,S2,12,full,Expanded A,accepted,0.177171990454578,0.1092932871723579,-0.0117108868720701,2556.551562152332,81445
Hanwha,Alice2018Test,S2,12,full,Expanded B,accepted,0.1223530562866234,0.0711664495837345,-0.0042996585500546,1219.2536713171808,81445
Hanwha,Alice2018Test,S2,12,full,Daily,accepted,0.182865573940355,0.0488609546847161,-0.0044750528186662,2723.50598780435,81445
Hanwha,Alice2018Test,S2,12,full,Last-value,accepted,0.4346315849441723,0.2270629820550253,-0.0013050262811729,15385.336338628576,81445
Hanwha,Alice2018Test,S2,12,full,Inverted42,accepted,0.1923939256389057,0.1393336064079695,-0.0087633320112218,3014.7210955097767,81445
Hanwha,Alice2018Test,S2,12,full,Inverted43,accepted,0.2118110758702458,0.1540278509307431,-0.0130531658145936,3653.942930444479,81445
Hanwha,Alice2018Test,S2,12,full,Inverted44,accepted,0.2124582253334957,0.1542719382717461,-0.0145058749683838,3676.3049298533097,81445
Hanwha,Alice2018Test,S2,12,full,Joint-patch Transformer42,accepted,0.2522772859812599,0.1963438830476082,0.0943834731563072,5183.471654702524,81445
Hanwha,Alice2018Test,S2,12,full,Joint-patch Transformer43,accepted,0.2949784332308319,0.245692544097136,-0.1990510415036684,7086.71482462836,81445
Hanwha,Alice2018Test,S2,12,full,Joint-patch Transformer44,accepted,0.2333251725298605,0.1804578800412162,-0.0546032961523083,4433.917610103784,81445
Hanwha,Alice2018Test,S2,12,power-active,Original A,accepted,0.2361710447847393,0.1563970396909861,-0.0471494445125827,2060.282049335995,36938
Hanwha,Alice2018Test,S2,12,power-active,Original B,accepted,0.1673071012772749,0.1085796931160074,-0.0118348065288799,1033.9561637982165,36938
Hanwha,Alice2018Test,S2,12,power-active,Expanded A,accepted,0.2361710447847393,0.1563970396909861,-0.0471494445125827,2060.282049335995,36938
Hanwha,Alice2018Test,S2,12,power-active,Expanded B,accepted,0.1673071012772749,0.1085796931160074,-0.0118348065288799,1033.9561637982165,36938
Hanwha,Alice2018Test,S2,12,power-active,Daily,accepted,0.27153064745756,0.1074606021836779,-0.0097449801824248,2723.3978314871647,36938
Hanwha,Alice2018Test,S2,12,power-active,Last-value,accepted,0.6272087619118298,0.4733398174907879,-0.0287610086100526,14531.070516178732,36938
Hanwha,Alice2018Test,S2,12,power-active,Inverted42,accepted,0.256411956268125,0.1962484109756621,0.0056366227342337,2428.5660590764646,36938
Hanwha,Alice2018Test,S2,12,power-active,Inverted43,accepted,0.2848003880893774,0.2269296482941079,-0.0818850158026871,2996.0877608813566,36938
Hanwha,Alice2018Test,S2,12,power-active,Inverted44,accepted,0.2838244427694805,0.2237596055414771,-0.0711447157795317,2975.589138108595,36938
Hanwha,Alice2018Test,S2,12,power-active,Joint-patch Transformer42,accepted,0.3155867447698675,0.2537692228437686,0.0719131772257155,3678.83986895892,36938
Hanwha,Alice2018Test,S2,12,power-active,Joint-patch Transformer43,accepted,0.3127125260411395,0.2488144209314959,-0.1568857858587613,3612.134660207656,36938
Hanwha,Alice2018Test,S2,12,power-active,Joint-patch Transformer44,accepted,0.2823958986013342,0.2214991012730349,0.0026853057729871,2945.7110697337325,36938
Hanwha,Alice2018Test,S2,12,low-power,Original A,accepted,0.1055953118880925,0.0702001465308165,0.0177008785159644,496.2695128163368,44507
Hanwha,Alice2018Test,S2,12,low-power,Original B,accepted,0.064523902753432,0.0401158195795756,0.0019540385322435,185.29750751896435,44507
Hanwha,Alice2018Test,S2,12,low-power,Expanded A,accepted,0.1055953118880925,0.0702001465308165,0.0177008785159644,496.2695128163368,44507
Hanwha,Alice2018Test,S2,12,low-power,Expanded B,accepted,0.064523902753432,0.0401158195795756,0.0019540385322435,185.29750751896435,44507
Hanwha,Alice2018Test,S2,12,low-power,Daily,accepted,0.0015588767672493,0.0002269470158853,-0.0001013458295968,0.1081563171858318,44507
Hanwha,Alice2018Test,S2,12,low-power,Last-value,accepted,0.1385422877632746,0.0226687576110907,0.0214817055871658,854.2658224498397,44507
Hanwha,Alice2018Test,S2,12,low-power,Inverted42,accepted,0.1147604096056407,0.09209791199762,-0.0207143852924504,586.1550364333121,44507
Hanwha,Alice2018Test,S2,12,low-power,Inverted43,accepted,0.1215768775143409,0.0935239618569353,0.0440729238984896,657.8551695631216,44507
Hanwha,Alice2018Test,S2,12,low-power,Inverted44,accepted,0.1254748807955932,0.0966015616206728,0.0325007869473188,700.7157917447156,44507
Hanwha,Alice2018Test,S2,12,low-power,Joint-patch Transformer42,accepted,0.1838657998220621,0.1486844766308519,0.1130324000910409,1504.6317857436036,44507
Hanwha,Alice2018Test,S2,12,low-power,Joint-patch Transformer43,accepted,0.2794068230131925,0.2431015834278573,-0.2340455415376311,3474.580164420708,44507
Hanwha,Alice2018Test,S2,12,low-power,Joint-patch Transformer44,accepted,0.1828594645053547,0.1463962576029275,-0.1021492187693476,1488.2065403700517,44507
Hanwha,Alice2018Test,S1_new_origins,12,full,Original A,accepted,0.1923419899519106,0.154974051257392,-0.0319747473867072,72.03012381909272,1947
Hanwha,Alice2018Test,S1_new_origins,12,full,Original B,accepted,0.1550334722768982,0.1264433574217845,0.0106546127326534,46.796880043573246,1947
Hanwha,Alice2018Test,S1_new_origins,12,full,Expanded A,accepted,0.1923419899519106,0.154974051257392,-0.0319747473867072,72.03012381909272,1947
Hanwha,Alice2018Test,S1_new_origins,12,full,Expanded B,accepted,0.1550334722768982,0.1264433574217845,0.0106546127326534,46.796880043573246,1947
Hanwha,Alice2018Test,S1_new_origins,12,full,Daily,accepted,0.0165726807497766,0.0067044855209745,-0.0008606569904387,0.5347508458646326,1947
Hanwha,Alice2018Test,S1_new_origins,12,full,Last-value,accepted,0.4559469917412311,0.3145099109745214,0.3002888531889049,404.757272614029,1947
Hanwha,Alice2018Test,S1_new_origins,12,full,Inverted42,accepted,0.1539168082134311,0.1242194199240289,-0.0217958902883734,46.12517735713797,1947
Hanwha,Alice2018Test,S1_new_origins,12,full,Inverted43,accepted,0.1899984037541728,0.1490879416926741,0.0686100668500074,70.28551900652329,1947
Hanwha,Alice2018Test,S1_new_origins,12,full,Inverted44,accepted,0.2115925447123721,0.1698533190067389,0.0356784678020363,87.169925491888,1947
Hanwha,Alice2018Test,S1_new_origins,12,full,Joint-patch Transformer42,accepted,0.3181462078276346,0.2568850500080106,0.1699686987479844,197.06951760378843,1947
Hanwha,Alice2018Test,S1_new_origins,12,full,Joint-patch Transformer43,accepted,0.3197503621270674,0.2695901197162239,-0.206767829483215,199.0618525745208,1947
Hanwha,Alice2018Test,S1_new_origins,12,full,Joint-patch Transformer44,accepted,0.2654469184444429,0.2145490651735246,0.0025752852250789,137.189643498184,1947
Hanwha,Alice2018Test,S1_new_origins,12,power-active,Original A,accepted,0.1606889737547178,0.1147002287095919,0.059617837086033,13.34942923004006,517
Hanwha,Alice2018Test,S1_new_origins,12,power-active,Original B,accepted,0.1558561423674473,0.1238090828790644,0.0482011784126121,12.558517887763252,517
Hanwha,Alice2018Test,S1_new_origins,12,power-active,Expanded A,accepted,0.1606889737547178,0.1147002287095919,0.059617837086033,13.34942923004006,517
Hanwha,Alice2018Test,S1_new_origins,12,power-active,Expanded B,accepted,0.1558561423674473,0.1238090828790644,0.0482011784126121,12.558517887763252,517
Hanwha,Alice2018Test,S1_new_origins,12,power-active,Daily,accepted,0.0319381083994806,0.0223871057341531,-0.0021128290898665,0.5273621111268167,517
Hanwha,Alice2018Test,S1_new_origins,12,power-active,Last-value,accepted,0.5194727400755892,0.4378953573421883,0.387187169349574,139.5134466114082,517
Hanwha,Alice2018Test,S1_new_origins,12,power-active,Inverted42,accepted,0.1844385417161758,0.1418423639822974,0.045930811180598,17.58708662159138,517
Hanwha,Alice2018Test,S1_new_origins,12,power-active,Inverted43,accepted,0.2216310893900999,0.1727539081217872,0.1038977732556301,25.39521566845336,517
Hanwha,Alice2018Test,S1_new_origins,12,power-active,Inverted44,accepted,0.2387088414788783,0.1893662836517944,0.1306834865822609,29.459647987097338,517
Hanwha,Alice2018Test,S1_new_origins,12,power-active,Joint-patch Transformer42,accepted,0.4427299875538392,0.4078634949797328,0.3738575527891228,101.33708825166148,517
Hanwha,Alice2018Test,S1_new_origins,12,power-active,Joint-patch Transformer43,accepted,0.2131303393958406,0.1706901344756398,-0.0367775749129834,23.48448799219988,517
Hanwha,Alice2018Test,S1_new_origins,12,power-active,Joint-patch Transformer44,accepted,0.2981367258901408,0.2318234204038134,0.1653390411738796,45.95380728676285,517
Hanwha,Alice2018Test,S1_new_origins,12,low-power,Original A,accepted,0.2025720878146229,0.1695345871015967,-0.0650889894653133,58.68069458905266,1430
Hanwha,Alice2018Test,S1_new_origins,12,low-power,Original B,accepted,0.1547349688934874,0.1273957489872295,-0.0029199148593315,34.23836215580999,1430
Hanwha,Alice2018Test,S1_new_origins,12,low-power,Expanded A,accepted,0.2025720878146229,0.1695345871015967,-0.0650889894653133,58.68069458905266,1430
Hanwha,Alice2018Test,S1_new_origins,12,low-power,Expanded B,accepted,0.1547349688934874,0.1273957489872295,-0.0029199148593315,34.23836215580999,1430
Hanwha,Alice2018Test,S1_new_origins,12,low-power,Daily,accepted,0.0022730920282958,0.00103461513621,-0.0004079486160303,0.0073887347378158,1430
Hanwha,Alice2018Test,S1_new_origins,12,low-power,Last-value,accepted,0.4306799194399778,0.2699013265185188,0.2688717696538937,265.2438260026209,1430
Hanwha,Alice2018Test,S1_new_origins,12,low-power,Inverted42,accepted,0.141268208766426,0.1178480478414242,-0.04628169774254,28.538090735546582,1430
Hanwha,Alice2018Test,S1_new_origins,12,low-power,Inverted43,accepted,0.1771773702145192,0.1405317845990717,0.0558522037648977,44.89030333806992,1430
Hanwha,Alice2018Test,S1_new_origins,12,low-power,Inverted44,accepted,0.2008901127879058,0.1627986317889112,0.0013304994738013,57.71027750479067,1430
Hanwha,Alice2018Test,S1_new_origins,12,low-power,Joint-patch Transformer42,accepted,0.2587387771318732,0.2023005352874648,0.0962550361331112,95.73242935212691,1430
Hanwha,Alice2018Test,S1_new_origins,12,low-power,Joint-patch Transformer43,accepted,0.3504017320644846,0.3053462682262812,-0.268225844597068,175.5773645823209,1430
Hanwha,Alice2018Test,S1_new_origins,12,low-power,Joint-patch Transformer44,accepted,0.2525891606224045,0.2083037213594971,-0.056270072694872,91.23583621142114,1430
Hanwha,Alice2018Test,S2_new_origins,12,full,Original A,accepted,0.1905941400371879,0.1534368628580079,-0.0319519837647097,74.57753712250572,2053
Hanwha,Alice2018Test,S2_new_origins,12,full,Original B,accepted,0.1536323274268485,0.125666133175015,0.0101676253401815,48.45673733880207,2053
Hanwha,Alice2018Test,S2_new_origins,12,full,Expanded A,accepted,0.1905941400371879,0.1534368628580079,-0.0319519837647097,74.57753712250572,2053
Hanwha,Alice2018Test,S2_new_origins,12,full,Expanded B,accepted,0.1536323274268485,0.125666133175015,0.0101676253401815,48.45673733880207,2053
Hanwha,Alice2018Test,S2_new_origins,12,full,Daily,accepted,0.0161439465920463,0.0064313200022765,-0.0007432208987083,0.5350672547467294,2053
Hanwha,Alice2018Test,S2_new_origins,12,full,Last-value,accepted,0.460971877804033,0.3175992187961599,0.304112419230356,436.25238307504,2053
Hanwha,Alice2018Test,S2_new_origins,12,full,Inverted42,accepted,0.1509103906978538,0.1209899016115421,-0.0205584964597786,46.75491118024846,2053
Hanwha,Alice2018Test,S2_new_origins,12,full,Inverted43,accepted,0.1887932849286766,0.1483355065656028,0.071183475975662,73.1748828033315,2053
Hanwha,Alice2018Test,S2_new_origins,12,full,Inverted44,accepted,0.2083013213328959,0.1666501646297115,0.0369797674749579,89.07852128291934,2053
Hanwha,Alice2018Test,S2_new_origins,12,full,Joint-patch Transformer42,accepted,0.3144086581473861,0.2539734502183465,0.1702703150305095,202.94480726493592,2053
Hanwha,Alice2018Test,S2_new_origins,12,full,Joint-patch Transformer43,accepted,0.3172617314371551,0.2671418760148606,-0.2058386181154448,206.6447277994316,2053
Hanwha,Alice2018Test,S2_new_origins,12,full,Joint-patch Transformer44,accepted,0.2626333143163079,0.2119885829375283,0.0030500516563771,141.6082572403419,2053
Hanwha,Alice2018Test,S2_new_origins,12,power-active,Original A,accepted,0.1606889737547178,0.1147002287095919,0.059617837086033,13.34942923004006,517
Hanwha,Alice2018Test,S2_new_origins,12,power-active,Original B,accepted,0.1558561423674473,0.1238090828790644,0.0482011784126121,12.558517887763252,517
Hanwha,Alice2018Test,S2_new_origins,12,power-active,Expanded A,accepted,0.1606889737547178,0.1147002287095919,0.059617837086033,13.34942923004006,517
Hanwha,Alice2018Test,S2_new_origins,12,power-active,Expanded B,accepted,0.1558561423674473,0.1238090828790644,0.0482011784126121,12.558517887763252,517
Hanwha,Alice2018Test,S2_new_origins,12,power-active,Daily,accepted,0.0319381083994806,0.0223871057341531,-0.0021128290898665,0.5273621111268167,517
Hanwha,Alice2018Test,S2_new_origins,12,power-active,Last-value,accepted,0.5194727400755892,0.4378953573421883,0.387187169349574,139.5134466114082,517
Hanwha,Alice2018Test,S2_new_origins,12,power-active,Inverted42,accepted,0.1844385417161758,0.1418423639822974,0.045930811180598,17.58708662159138,517
Hanwha,Alice2018Test,S2_new_origins,12,power-active,Inverted43,accepted,0.2216310893900999,0.1727539081217872,0.1038977732556301,25.39521566845336,517
Hanwha,Alice2018Test,S2_new_origins,12,power-active,Inverted44,accepted,0.2387088414788783,0.1893662836517944,0.1306834865822609,29.459647987097338,517
Hanwha,Alice2018Test,S2_new_origins,12,power-active,Joint-patch Transformer42,accepted,0.4427299875538392,0.4078634949797328,0.3738575527891228,101.33708825166148,517
Hanwha,Alice2018Test,S2_new_origins,12,power-active,Joint-patch Transformer43,accepted,0.2131303393958406,0.1706901344756398,-0.0367775749129834,23.48448799219988,517
Hanwha,Alice2018Test,S2_new_origins,12,power-active,Joint-patch Transformer44,accepted,0.2981367258901408,0.2318234204038134,0.1653390411738796,45.95380728676285,517
Hanwha,Alice2018Test,S2_new_origins,12,low-power,Original A,accepted,0.1996548256595801,0.1664751700550984,-0.0627733362255391,61.22810789246566,1536
Hanwha,Alice2018Test,S2_new_origins,12,low-power,Original B,accepted,0.1528765404559184,0.1262911950259307,-0.0026340328228695,35.89821945103883,1536
Hanwha,Alice2018Test,S2_new_origins,12,low-power,Expanded A,accepted,0.1996548256595801,0.1664751700550984,-0.0627733362255391,61.22810789246566,1536
Hanwha,Alice2018Test,S2_new_origins,12,low-power,Expanded B,accepted,0.1528765404559184,0.1262911950259307,-0.0026340328228695,35.89821945103883,1536
Hanwha,Alice2018Test,S2_new_origins,12,low-power,Daily,accepted,0.0022397253278502,0.0010607853516383,-0.0002822264749916,0.0077051436199126,1536
Hanwha,Alice2018Test,S2_new_origins,12,low-power,Last-value,accepted,0.4395331748118416,0.2771089169548209,0.2761504102384056,296.7389364636318,1536
Hanwha,Alice2018Test,S2_new_origins,12,low-power,Inverted42,accepted,0.1378022826868591,0.1139712017120106,-0.0429380355548794,29.16782455865708,1536
Hanwha,Alice2018Test,S2_new_origins,12,low-power,Inverted43,accepted,0.1763705024210954,0.1401165523959756,0.0601722183625478,47.77966713487814,1536
Hanwha,Alice2018Test,S2_new_origins,12,low-power,Inverted44,accepted,0.1970136305825076,0.1590041792557421,0.0054401693118878,59.61887329582201,1536
Hanwha,Alice2018Test,S2_new_origins,12,low-power,Joint-patch Transformer42,accepted,0.2571980923968926,0.2021758244750933,0.1017451835713929,101.6077190132744,1536
Hanwha,Alice2018Test,S2_new_origins,12,low-power,Joint-patch Transformer43,accepted,0.3453186177882196,0.2996064270407572,-0.2627426280996066,183.1602398072318,1536
Hanwha,Alice2018Test,S2_new_origins,12,low-power,Joint-patch Transformer44,accepted,0.2495496594304655,0.2053124039205561,-0.0515745626538759,95.65444995357902,1536
Hanwha,Alice2018Test,Original,144,full,Original A,accepted,0.844085434509359,0.5713743822713789,-0.1900534266370806,462923.3362295558,649735
Hanwha,Alice2018Test,Original,144,full,Original B,accepted,0.2480242169977098,0.1662451237855041,-0.0987809192472361,39969.10619802498,649735
Hanwha,Alice2018Test,Original,144,full,Expanded A,accepted,0.844085434509359,0.5713743822713789,-0.1900534266370806,462923.3362295558,649735
Hanwha,Alice2018Test,Original,144,full,Expanded B,accepted,0.2480242169977098,0.1662451237855041,-0.0987809192472361,39969.10619802498,649735
Hanwha,Alice2018Test,Original,144,full,Daily,accepted,0.2030694361600664,0.053088450850752,-0.0026523253931581,26793.249479624625,649735
Hanwha,Alice2018Test,Original,144,full,Last-value,accepted,2.559745429211405,1.7253270461705237,-0.5907905013187654,4257256.471924115,649735
Hanwha,Alice2018Test,Original,144,full,Inverted42,accepted,0.7859824177878312,0.4840108077234398,-0.2718393286337846,401385.7260808591,649735
Hanwha,Alice2018Test,Original,144,full,Inverted43,accepted,0.803192481372599,0.5221284964478056,-0.3039484699726056,419155.849073792,649735
Hanwha,Alice2018Test,Original,144,full,Inverted44,accepted,0.8271519214048754,0.5362631757468962,-0.2854502789189013,444535.8879246679,649735
Hanwha,Alice2018Test,Original,144,full,Joint-patch Transformer42,accepted,0.7949383094268964,0.4731515443514502,-0.2057571210773944,410585.0346337343,649735
Hanwha,Alice2018Test,Original,144,full,Joint-patch Transformer43,accepted,0.7115815727464341,0.4485629569746474,-0.242296450834672,328992.2352282995,649735
Hanwha,Alice2018Test,Original,144,full,Joint-patch Transformer44,accepted,0.7315191297735202,0.4464170508446546,-0.2159505576994259,347686.34733313083,649735
Hanwha,Alice2018Test,Original,144,power-active,Original A,accepted,1.1308417677632705,0.8670451783661499,-0.5775633770339751,367487.09030922217,287368
Hanwha,Alice2018Test,Original,144,power-active,Original B,accepted,0.3496953335070539,0.265966918375393,-0.1988605328018218,35141.320693456764,287368
Hanwha,Alice2018Test,Original,144,power-active,Expanded A,accepted,1.1308417677632705,0.8670451783661499,-0.5775633770339751,367487.09030922217,287368
Hanwha,Alice2018Test,Original,144,power-active,Expanded B,accepted,0.3496953335070539,0.265966918375393,-0.1988605328018218,35141.320693456764,287368
Hanwha,Alice2018Test,Original,144,power-active,Daily,accepted,0.3053413591480325,0.1197347770160871,-0.0058708086787669,26792.2800602107,287368
Hanwha,Alice2018Test,Original,144,power-active,Last-value,accepted,3.272491390245588,2.848871140840159,-2.385689742139085,3077481.356642357,287368
Hanwha,Alice2018Test,Original,144,power-active,Inverted42,accepted,1.1243452449700857,0.8402803930447966,-0.602749473793688,363276.8979981218,287368
Hanwha,Alice2018Test,Original,144,power-active,Inverted43,accepted,1.1379532726729975,0.8871345176488843,-0.6584904708011547,372123.6428314119,287368
Hanwha,Alice2018Test,Original,144,power-active,Inverted44,accepted,1.1605991698241402,0.8923061411046124,-0.6494231751603745,387081.9467493335,287368
Hanwha,Alice2018Test,Original,144,power-active,Joint-patch Transformer42,accepted,1.1410635704412777,0.827941864320712,-0.5285504446050621,374160.62819763046,287368
Hanwha,Alice2018Test,Original,144,power-active,Joint-patch Transformer43,accepted,1.003093483560472,0.7347712306076737,-0.4332714551513084,289148.6863760739,287368
Hanwha,Alice2018Test,Original,144,power-active,Joint-patch Transformer44,accepted,1.0386682138105945,0.76446342230869,-0.4814488732984183,310021.6960054849,287368
Hanwha,Alice2018Test,Original,144,low-power,Original A,accepted,0.5131949256651154,0.3368984908900937,0.117253694115236,95436.24592033356,362367
Hanwha,Alice2018Test,Original,144,low-power,Original B,accepted,0.1154249414574941,0.0871627220554701,-0.0194147562468685,4827.785504568213,362367
Hanwha,Alice2018Test,Original,144,low-power,Expanded A,accepted,0.5131949256651154,0.3368984908900937,0.117253694115236,95436.24592033356,362367
Hanwha,Alice2018Test,Original,144,low-power,Expanded B,accepted,0.1154249414574941,0.0871627220554701,-0.0194147562468685,4827.785504568213,362367
Hanwha,Alice2018Test,Original,144,low-power,Daily,accepted,0.0016356166999813,0.000235896789593,-9.997072284097964e-05,0.9694194139214436,362367
Hanwha,Alice2018Test,Original,144,low-power,Last-value,accepted,1.8043687440055949,0.8343225689498501,0.8326189289992647,1179775.115281761,362367
Hanwha,Alice2018Test,Original,144,low-power,Inverted42,accepted,0.3242936736851667,0.2014782421348855,-0.0094175667340777,38108.82808273689,362367
Hanwha,Alice2018Test,Original,144,low-power,Inverted43,accepted,0.3602660646307593,0.2326676727510794,-0.0227859311815498,47032.20624237959,362367
Hanwha,Alice2018Test,Original,144,low-power,Inverted44,accepted,0.3981856387895919,0.2539103266493897,0.0031912454117348,57453.94117533403,362367
Hanwha,Alice2018Test,Original,144,low-power,Joint-patch Transformer42,accepted,0.3170457394619346,0.1917920809650854,0.0502277555683783,36424.406436103614,362367
Hanwha,Alice2018Test,Original,144,low-power,Joint-patch Transformer43,accepted,0.3315924905698478,0.2215911323400213,-0.0908474915186659,39843.54885222533,362367
Hanwha,Alice2018Test,Original,144,low-power,Joint-patch Transformer44,accepted,0.3223982349158295,0.1941966508775581,-0.0054023566848433,37664.65132764574,362367
Hanwha,Alice2018Test,S1,144,full,Original A,accepted,0.8353855875248034,0.5679515258302181,-0.1765539568656624,674467.4359897468,966467
Hanwha,Alice2018Test,S1,144,full,Original B,accepted,0.2296003637186288,0.1592266012397701,-0.0826241052390327,50948.590425774186,966467
Hanwha,Alice2018Test,S1,144,full,Expanded A,accepted,0.8353855875248034,0.5679515258302181,-0.1765539568656624,674467.4359897468,966467
Hanwha,Alice2018Test,S1,144,full,Expanded B,accepted,0.2296003637186288,0.1592266012397701,-0.0826241052390327,50948.590425774186,966467
Hanwha,Alice2018Test,S1,144,full,Daily,accepted,0.1837697678260572,0.0489915825184627,-0.0048612282442643,32638.87363954404,966467
Hanwha,Alice2018Test,S1,144,full,Last-value,accepted,2.7060954615328185,1.9641296572615807,0.0054421168084451,7077392.075819064,966467
Hanwha,Alice2018Test,S1,144,full,Inverted42,accepted,0.7496489383708383,0.4581564465495362,-0.2705506537595934,543128.872392191,966467
Hanwha,Alice2018Test,S1,144,full,Inverted43,accepted,0.7683831050811795,0.4971324411489846,-0.3063420131122406,570614.2905866855,966467
Hanwha,Alice2018Test,S1,144,full,Inverted44,accepted,0.7902482603028846,0.5101219579711794,-0.2925117911747666,603551.2121828665,966467
Hanwha,Alice2018Test,S1,144,full,Joint-patch Transformer42,accepted,0.7656306292609095,0.4517282516374086,-0.2044788076485133,566533.5424583688,966467
Hanwha,Alice2018Test,S1,144,full,Joint-patch Transformer43,accepted,0.6803630473196033,0.4267475001911994,-0.2419608489183931,447371.65580881,966467
Hanwha,Alice2018Test,S1,144,full,Joint-patch Transformer44,accepted,0.6939062855997883,0.41947115244477,-0.2011474653106409,465359.5947370705,966467
Hanwha,Alice2018Test,S1,144,power-active,Original A,accepted,1.08962638755701,0.8097752472442487,-0.5555760411572425,517204.1938666359,435619
Hanwha,Alice2018Test,S1,144,power-active,Original B,accepted,0.3136083161573155,0.2386888489980989,-0.1810447840031037,42843.20530283775,435619
Hanwha,Alice2018Test,S1,144,power-active,Expanded A,accepted,1.08962638755701,0.8097752472442487,-0.5555760411572425,517204.1938666359,435619
Hanwha,Alice2018Test,S1,144,power-active,Expanded B,accepted,0.3136083161573155,0.2386888489980989,-0.1810447840031037,42843.20530283775,435619
Hanwha,Alice2018Test,S1,144,power-active,Daily,accepted,0.27372009951512,0.108437117395354,-0.0106749758908007,32637.74854906858,435619
Hanwha,Alice2018Test,S1,144,power-active,Last-value,accepted,3.029642394799168,2.5604750397743223,-1.7835038913725147,3998430.508310516,435619
Hanwha,Alice2018Test,S1,144,power-active,Inverted42,accepted,1.055474252559285,0.7642214756180105,-0.5549856474334104,485290.8475805257,435619
Hanwha,Alice2018Test,S1,144,power-active,Inverted43,accepted,1.073405602963747,0.8125679020131993,-0.6177470858328646,501920.03253144026,435619
Hanwha,Alice2018Test,S1,144,power-active,Inverted44,accepted,1.094837921940084,0.819706618490276,-0.6073391440410388,522163.4595399874,435619
Hanwha,Alice2018Test,S1,144,power-active,Joint-patch Transformer42,accepted,1.084685395684461,0.7793530718499204,-0.5114368267283051,512524.22706116416,435619
Hanwha,Alice2018Test,S1,144,power-active,Joint-patch Transformer43,accepted,0.9481906565876416,0.6816776753118329,-0.4162157770727991,391650.0232970923,435619
Hanwha,Alice2018Test,S1,144,power-active,Joint-patch Transformer44,accepted,0.9764379254522416,0.7087740473527319,-0.4583272243741026,415332.66848652245,435619
Hanwha,Alice2018Test,S1,144,low-power,Original A,accepted,0.5442876994621826,0.3695086425591903,0.1344752291480623,157263.242123111,530848
Hanwha,Alice2018Test,S1,144,low-power,Original B,accepted,0.1235667814506538,0.0940191126437211,-0.0018591449066479,8105.3851229364445,530848
Hanwha,Alice2018Test,S1,144,low-power,Expanded A,accepted,0.5442876994621826,0.3695086425591903,0.1344752291480623,157263.242123111,530848
Hanwha,Alice2018Test,S1,144,low-power,Expanded B,accepted,0.1235667814506538,0.0940191126437211,-0.0018591449066479,8105.3851229364445,530848
Hanwha,Alice2018Test,S1,144,low-power,Daily,accepted,0.0014558231843196,0.000210001995344,-9.04107295774078e-05,1.1250904754514832,530848
Hanwha,Alice2018Test,S1,144,low-power,Last-value,accepted,2.408335798434373,1.4747628720710602,1.473468503152147,3078961.567508561,530848
Hanwha,Alice2018Test,S1,144,low-power,Inverted42,accepted,0.3300818417690211,0.2069965252579805,-0.0371405485897623,57838.02481166469,530848
Hanwha,Alice2018Test,S1,144,low-power,Inverted43,accepted,0.3597287311785767,0.2382830529508405,-0.0508000003826354,68694.25805524478,530848
Hanwha,Alice2018Test,S1,144,low-power,Inverted44,accepted,0.3915564979076551,0.2560737930903314,-0.0341614222777327,81387.75264287852,530848
Hanwha,Alice2018Test,S1,144,low-power,Joint-patch Transformer42,accepted,0.3189695630346915,0.182876157335171,0.04741390987801,54009.31539720416,530848
Hanwha,Alice2018Test,S1,144,low-power,Joint-patch Transformer43,accepted,0.3239864320453044,0.217549334320978,-0.0989655705191259,55721.63251171745,530848
Hanwha,Alice2018Test,S1,144,low-power,Joint-patch Transformer44,accepted,0.306984760954502,0.1820664004688533,0.0098967308876421,50026.9262505478,530848
Hanwha,Alice2018Test,S2,144,full,Original A,accepted,0.8355010566575772,0.5679903626470189,-0.1760941408619884,675557.1943525518,967761
Hanwha,Alice2018Test,S2,144,full,Original B,accepted,0.229486164815687,0.1591380963676298,-0.0825033688251262,50966.06837481249,967761
Hanwha,Alice2018Test,S2,144,full,Expanded A,accepted,0.8355010566575772,0.5679903626470189,-0.1760941408619884,675557.1943525518,967761
Hanwha,Alice2018Test,S2,144,full,Expanded B,accepted,0.229486164815687,0.1591380963676298,-0.0825033688251262,50966.06837481249,967761
Hanwha,Alice2018Test,S2,144,full,Daily,accepted,0.1836468775785129,0.0489279580892364,-0.0048528457036633,32638.87746773951,967761
Hanwha,Alice2018Test,S2,144,full,Last-value,accepted,2.706777149577248,1.9649504892265204,0.0088819235795052,7090438.908707922,967761
Hanwha,Alice2018Test,S2,144,full,Inverted42,accepted,0.7495802033541145,0.4580421667539227,-0.2700258455870308,543756.3388150417,967761
Hanwha,Alice2018Test,S2,144,full,Inverted43,accepted,0.768338269455631,0.4970219331113255,-0.3057085083187932,571311.6058847334,967761
Hanwha,Alice2018Test,S2,144,full,Inverted44,accepted,0.7901709151069194,0.509999449515357,-0.2919478508950415,604241.0082303731,967761
Hanwha,Alice2018Test,S2,144,full,Joint-patch Transformer42,accepted,0.7657118448160912,0.4517030246669032,-0.2037269073240806,567412.4319579279,967761
Hanwha,Alice2018Test,S2,144,full,Joint-patch Transformer43,accepted,0.6803344747972748,0.426611048454254,-0.2414447762417961,447933.0153301321,967761
Hanwha,Alice2018Test,S2,144,full,Joint-patch Transformer44,accepted,0.6938900946461949,0.4193618055652713,-0.2005856701726467,465960.9180700019,967761
Hanwha,Alice2018Test,S2,144,power-active,Original A,accepted,1.08962638755701,0.8097752472442487,-0.5555760411572425,517204.1938666359,435619
Hanwha,Alice2018Test,S2,144,power-active,Original B,accepted,0.3136083161573155,0.2386888489980989,-0.1810447840031037,42843.20530283775,435619
Hanwha,Alice2018Test,S2,144,power-active,Expanded A,accepted,1.08962638755701,0.8097752472442487,-0.5555760411572425,517204.1938666359,435619
Hanwha,Alice2018Test,S2,144,power-active,Expanded B,accepted,0.3136083161573155,0.2386888489980989,-0.1810447840031037,42843.20530283775,435619
Hanwha,Alice2018Test,S2,144,power-active,Daily,accepted,0.27372009951512,0.108437117395354,-0.0106749758908007,32637.74854906858,435619
Hanwha,Alice2018Test,S2,144,power-active,Last-value,accepted,3.029642394799168,2.5604750397743223,-1.7835038913725147,3998430.508310516,435619
Hanwha,Alice2018Test,S2,144,power-active,Inverted42,accepted,1.055474252559285,0.7642214756180105,-0.5549856474334104,485290.8475805257,435619
Hanwha,Alice2018Test,S2,144,power-active,Inverted43,accepted,1.073405602963747,0.8125679020131993,-0.6177470858328646,501920.03253144026,435619
Hanwha,Alice2018Test,S2,144,power-active,Inverted44,accepted,1.094837921940084,0.819706618490276,-0.6073391440410388,522163.4595399874,435619
Hanwha,Alice2018Test,S2,144,power-active,Joint-patch Transformer42,accepted,1.084685395684461,0.7793530718499204,-0.5114368267283051,512524.22706116416,435619
Hanwha,Alice2018Test,S2,144,power-active,Joint-patch Transformer43,accepted,0.9481906565876416,0.6816776753118329,-0.4162157770727991,391650.0232970923,435619
Hanwha,Alice2018Test,S2,144,power-active,Joint-patch Transformer44,accepted,0.9764379254522416,0.7087740473527319,-0.4583272243741026,415332.66848652245,435619
Hanwha,Alice2018Test,S2,144,low-power,Original A,accepted,0.545505808964189,0.3700618216873489,0.1345551330624871,158353.0004859159,532142
Hanwha,Alice2018Test,S2,144,low-power,Original B,accepted,0.123549444592946,0.0940167202873124,-0.0018359666309461,8122.86307197475,532142
Hanwha,Alice2018Test,S2,144,low-power,Expanded A,accepted,0.545505808964189,0.3700618216873489,0.1345551330624871,158353.0004859159,532142
Hanwha,Alice2018Test,S2,144,low-power,Expanded B,accepted,0.123549444592946,0.0940167202873124,-0.0018359666309461,8122.86307197475,532142
Hanwha,Alice2018Test,S2,144,low-power,Daily,accepted,0.0014565237115143,0.0002129149846297,-8.676723214523204e-05,1.1289186709200831,532142
Hanwha,Alice2018Test,S2,144,low-power,Last-value,accepted,2.410496825101815,1.4774456330319654,1.476154411606355,3092008.400397419,532142
Hanwha,Alice2018Test,S2,144,low-power,Inverted42,accepted,0.3314637449075831,0.2073994354001392,-0.0367537040899904,58465.49123451549,532142
Hanwha,Alice2018Test,S2,144,low-power,Inverted43,accepted,0.3611100692508396,0.2387115208020823,-0.0502692964202732,69391.57335329242,532142
Hanwha,Alice2018Test,S2,144,low-power,Inverted44,accepted,0.3927339267930821,0.2564687617634312,-0.0337640583566471,82077.54869038516,532142
Hanwha,Alice2018Test,S2,144,low-power,Joint-patch Transformer42,accepted,0.3211631767203232,0.1834840419445872,0.0481688035593844,54888.20489676315,532142
Hanwha,Alice2018Test,S2,144,low-power,Joint-patch Transformer43,accepted,0.3252181833795043,0.21780988462003,-0.0983747524304813,56282.99203303941,532142
Hanwha,Alice2018Test,S2,144,low-power,Joint-patch Transformer44,accepted,0.308448517639767,0.1824448334878715,0.0104052271812251,50628.24958347911,532142
Hanwha,Alice2018Test,S1_new_origins,144,full,Original A,accepted,0.8172491674578607,0.5609299756559458,-0.1488615292235788,211544.09976019117,316732
Hanwha,Alice2018Test,S1_new_origins,144,full,Original B,accepted,0.1861851324330422,0.1448290040716517,-0.049480477346619,10979.48422774922,316732
Hanwha,Alice2018Test,S1_new_origins,144,full,Expanded A,accepted,0.8172491674578607,0.5609299756559458,-0.1488615292235788,211544.09976019117,316732
Hanwha,Alice2018Test,S1_new_origins,144,full,Expanded B,accepted,0.1861851324330422,0.1448290040716517,-0.049480477346619,10979.48422774922,316732
Hanwha,Alice2018Test,S1_new_origins,144,full,Daily,accepted,0.1358530750185334,0.0405873835556802,-0.0093925086136728,5845.62415991938,316732
Hanwha,Alice2018Test,S1_new_origins,144,full,Last-value,accepted,2.983932702822936,2.454002529334022,1.2285367208866032,2820135.6038949587,316732
Hanwha,Alice2018Test,S1_new_origins,144,full,Inverted42,accepted,0.6689675670552785,0.4051195467183657,-0.2679071028415218,141743.1463113323,316732
Hanwha,Alice2018Test,S1_new_origins,144,full,Inverted43,accepted,0.6915136708105037,0.445856245533829,-0.3112520593084912,151458.44151289423,316732
Hanwha,Alice2018Test,S1_new_origins,144,full,Inverted44,accepted,0.7085549200271574,0.4564966086805953,-0.3069975762093215,159015.324258199,316732
Hanwha,Alice2018Test,S1_new_origins,144,full,Joint-patch Transformer42,accepted,0.7016889545313083,0.4077811193881954,-0.201856511904117,155948.50782463502,316732
Hanwha,Alice2018Test,S1_new_origins,144,full,Joint-patch Transformer43,accepted,0.611353120652058,0.3819958937441287,-0.2412724047098084,118379.420580511,316732
Hanwha,Alice2018Test,S1_new_origins,144,full,Joint-patch Transformer44,accepted,0.6095269293205721,0.3641951042499267,-0.1707808233760487,117673.24740394016,316732
Hanwha,Alice2018Test,S1_new_origins,144,power-active,Original A,accepted,1.0049325018840167,0.6987638843081571,-0.5129560471185857,149717.1035574137,148251
Hanwha,Alice2018Test,S1_new_origins,144,power-active,Original B,accepted,0.2279290540447967,0.1858133591814079,-0.1465109454401935,7701.884609380986,148251
Hanwha,Alice2018Test,S1_new_origins,144,power-active,Expanded A,accepted,1.0049325018840167,0.6987638843081571,-0.5129560471185857,149717.1035574137,148251
Hanwha,Alice2018Test,S1_new_origins,144,power-active,Expanded B,accepted,0.2279290540447967,0.1858133591814079,-0.1465109454401935,7701.884609380986,148251
Hanwha,Alice2018Test,S1_new_origins,144,power-active,Daily,accepted,0.1985687244829759,0.0865378664635503,-0.019987317280658,5845.468488857851,148251
Hanwha,Alice2018Test,S1_new_origins,144,power-active,Last-value,accepted,2.492407275603548,2.001451419218054,-0.61623389951352,920949.15166816,148251
Hanwha,Alice2018Test,S1_new_origins,144,power-active,Inverted42,accepted,0.9072060273823744,0.6167897619492955,-0.4624008064981031,122013.9495824044,148251
Hanwha,Alice2018Test,S1_new_origins,144,power-active,Inverted43,accepted,0.9356910826982322,0.6680288486375358,-0.5387705861696747,129796.389700029,148251
Hanwha,Alice2018Test,S1_new_origins,144,power-active,Inverted44,accepted,0.9545510113176578,0.678980555160946,-0.5257639515991586,135081.5127906545,148251
Hanwha,Alice2018Test,S1_new_origins,144,power-active,Joint-patch Transformer42,accepted,0.9660778148779002,0.6851691262795943,-0.4782639905112958,138363.59886353443,148251
Hanwha,Alice2018Test,S1_new_origins,144,power-active,Joint-patch Transformer43,accepted,0.8315070757234061,0.5787617503045465,-0.3831552506813074,102501.33692101888,148251
Hanwha,Alice2018Test,S1_new_origins,144,power-active,Joint-patch Transformer44,accepted,0.8428261384554145,0.600826415955009,-0.4135084912250329,105310.97248103809,148251
Hanwha,Alice2018Test,S1_new_origins,144,low-power,Original A,accepted,0.6057781545879666,0.4396461822810313,0.1715151089282166,61826.99620277745,168481
Hanwha,Alice2018Test,S1_new_origins,144,low-power,Original B,accepted,0.1394769636491952,0.1087657587835987,0.0358992623589888,3277.599618368231,168481
Hanwha,Alice2018Test,S1_new_origins,144,low-power,Expanded A,accepted,0.6057781545879666,0.4396461822810313,0.1715151089282166,61826.99620277745,168481
Hanwha,Alice2018Test,S1_new_origins,144,low-power,Expanded B,accepted,0.1394769636491952,0.1087657587835987,0.0358992623589888,3277.599618368231,168481
Hanwha,Alice2018Test,S1_new_origins,144,low-power,Daily,accepted,0.0009612325696499,0.0001543077692435,-6.984920585104853e-05,0.1556710615300399,168481
Hanwha,Alice2018Test,S1_new_origins,144,low-power,Last-value,accepted,3.357440585867112,2.852214521343818,2.8518004078598445,1899186.4522268015,168481
Hanwha,Alice2018Test,S1_new_origins,144,low-power,Inverted42,accepted,0.3421993938414174,0.2188651852283427,-0.0967668196001365,19729.196728927775,168481
Hanwha,Alice2018Test,S1_new_origins,144,low-power,Inverted43,accepted,0.3585703122186556,0.2503605481986539,-0.1110523387127129,21662.05181286515,168481
Hanwha,Alice2018Test,S1_new_origins,144,low-power,Inverted44,accepted,0.3769037574415887,0.2607269518667203,-0.1144991109941417,23933.81146754448,168481
Hanwha,Alice2018Test,S1_new_origins,144,low-power,Joint-patch Transformer42,accepted,0.3230684859345942,0.1636998911805234,0.0413619228807717,17584.908961100507,168481
Hanwha,Alice2018Test,S1_new_origins,144,low-power,Joint-patch Transformer43,accepted,0.3069895393346332,0.2088562815567693,-0.1164258416070213,15878.083659492062,168481
Hanwha,Alice2018Test,S1_new_origins,144,low-power,Joint-patch Transformer44,accepted,0.2708779992536321,0.155976797191029,0.0428018327470735,12362.27492290203,168481
Hanwha,Alice2018Test,S2_new_origins,144,full,Original A,accepted,0.817682863563303,0.5610767266844446,-0.1475749740546218,212633.858122996,318026
Hanwha,Alice2018Test,S2_new_origins,144,full,Original B,accepted,0.1859537976667047,0.1446182632113705,-0.0492479298877136,10996.962176787523,318026
Hanwha,Alice2018Test,S2_new_origins,144,full,Expanded A,accepted,0.817682863563303,0.5610767266844446,-0.1475749740546218,212633.858122996,318026
Hanwha,Alice2018Test,S2_new_origins,144,full,Expanded B,accepted,0.1859537976667047,0.1446182632113705,-0.0492479298877136,10996.962176787523,318026
Hanwha,Alice2018Test,S2_new_origins,144,full,Daily,accepted,0.1355764548254072,0.0404279682632369,-0.0093485632360226,5845.627988114848,318026
Hanwha,Alice2018Test,S2_new_origins,144,full,Last-value,accepted,2.9847362281794907,2.454507122250198,1.2340275500102935,2833182.4367838157,318026
Hanwha,Alice2018Test,S2_new_origins,144,full,Inverted42,accepted,0.6690812562203319,0.4049875896428399,-0.2663208547769001,142370.61273418306,318026
Hanwha,Alice2018Test,S2_new_origins,144,full,Inverted43,accepted,0.6916922040149058,0.4457286019703879,-0.3093043102810863,152155.75681094185,318026
Hanwha,Alice2018Test,S2_new_origins,144,full,Inverted44,accepted,0.7086439874945665,0.4563420059005295,-0.3052225514790108,159705.12030570567,318026
Hanwha,Alice2018Test,S2_new_origins,144,full,Joint-patch Transformer42,accepted,0.7022304447296603,0.4078831673683206,-0.1995791303089643,156827.397324194,318026
Hanwha,Alice2018Test,S2_new_origins,144,full,Joint-patch Transformer43,accepted,0.6115529674602489,0.3817627552879791,-0.2397047839405309,118940.78010183298,318026
Hanwha,Alice2018Test,S2_new_origins,144,full,Joint-patch Transformer44,accepted,0.6098378516307051,0.3640872689185817,-0.1691948241499569,118274.5707368715,318026
Hanwha,Alice2018Test,S2_new_origins,144,power-active,Original A,accepted,1.0049325018840167,0.6987638843081571,-0.5129560471185857,149717.1035574137,148251
Hanwha,Alice2018Test,S2_new_origins,144,power-active,Original B,accepted,0.2279290540447967,0.1858133591814079,-0.1465109454401935,7701.884609380986,148251
Hanwha,Alice2018Test,S2_new_origins,144,power-active,Expanded A,accepted,1.0049325018840167,0.6987638843081571,-0.5129560471185857,149717.1035574137,148251
Hanwha,Alice2018Test,S2_new_origins,144,power-active,Expanded B,accepted,0.2279290540447967,0.1858133591814079,-0.1465109454401935,7701.884609380986,148251
Hanwha,Alice2018Test,S2_new_origins,144,power-active,Daily,accepted,0.1985687244829759,0.0865378664635503,-0.019987317280658,5845.468488857851,148251
Hanwha,Alice2018Test,S2_new_origins,144,power-active,Last-value,accepted,2.492407275603548,2.001451419218054,-0.61623389951352,920949.15166816,148251
Hanwha,Alice2018Test,S2_new_origins,144,power-active,Inverted42,accepted,0.9072060273823744,0.6167897619492955,-0.4624008064981031,122013.9495824044,148251
Hanwha,Alice2018Test,S2_new_origins,144,power-active,Inverted43,accepted,0.9356910826982322,0.6680288486375358,-0.5387705861696747,129796.389700029,148251
Hanwha,Alice2018Test,S2_new_origins,144,power-active,Inverted44,accepted,0.9545510113176578,0.678980555160946,-0.5257639515991586,135081.5127906545,148251
Hanwha,Alice2018Test,S2_new_origins,144,power-active,Joint-patch Transformer42,accepted,0.9660778148779002,0.6851691262795943,-0.4782639905112958,138363.59886353443,148251
Hanwha,Alice2018Test,S2_new_origins,144,power-active,Joint-patch Transformer43,accepted,0.8315070757234061,0.5787617503045465,-0.3831552506813074,102501.33692101888,148251
Hanwha,Alice2018Test,S2_new_origins,144,power-active,Joint-patch Transformer44,accepted,0.8428261384554145,0.600826415955009,-0.4135084912250329,105310.97248103809,148251
Hanwha,Alice2018Test,S2_new_origins,144,low-power,Original A,accepted,0.6087602498230189,0.4408454864849276,0.1714832469013829,62916.75456558231,169775
Hanwha,Alice2018Test,S2_new_origins,144,low-power,Original B,accepted,0.1393143816573585,0.108645863431344,0.035684123233598,3295.077567406537,169775
Hanwha,Alice2018Test,S2_new_origins,144,low-power,Expanded A,accepted,0.6087602498230189,0.4408454864849276,0.1714832469013829,62916.75456558231,169775
Hanwha,Alice2018Test,S2_new_origins,144,low-power,Expanded B,accepted,0.1393143816573585,0.108645863431344,0.035684123233598,3295.077567406537,169775
Hanwha,Alice2018Test,S2_new_origins,144,low-power,Daily,accepted,0.0009692648479384,0.0001638627229945,-5.858576070982653e-05,0.1594992569986398,169775
Hanwha,Alice2018Test,S2_new_origins,144,low-power,Last-value,accepted,3.356089755746567,2.8501246220600547,2.8497136648879544,1912233.2851156576,169775
Hanwha,Alice2018Test,S2_new_origins,144,low-power,Inverted42,accepted,0.3462712427191399,0.2200376037991978,-0.0950998332918755,20356.66315177857,169775
Hanwha,Alice2018Test,S2_new_origins,144,low-power,Inverted43,accepted,0.3629049430749304,0.2516114830267783,-0.1089296681561615,22359.367110912783,169775
Hanwha,Alice2018Test,S2_new_origins,144,low-power,Inverted44,accepted,0.3808368554126419,0.2619294742179733,-0.1126412932889828,24623.60751505109,169775
Hanwha,Alice2018Test,S2_new_origins,144,low-power,Joint-patch Transformer42,accepted,0.3297795005528524,0.1657514006502807,0.0437741856083134,18463.79846065949,169775
Hanwha,Alice2018Test,S2_new_origins,144,low-power,Joint-patch Transformer43,accepted,0.311176421522934,0.2097392064132854,-0.1144409044247786,16439.44318081403,169775
Hanwha,Alice2018Test,S2_new_origins,144,low-power,Joint-patch Transformer44,accepted,0.2763286480882549,0.1573618070584881,0.0441448634221065,12963.598255833336,169775
Qcells,Alice2018Test,Original,12,full,Original A,accepted,0.3971419530322667,0.1793132726616227,0.0959221301436419,12228.165793442691,77530
Qcells,Alice2018Test,Original,12,full,Original B,accepted,0.2637422726273416,0.1226081510373289,0.0964694610119086,5392.985743315331,77530
Qcells,Alice2018Test,Original,12,full,Expanded A,accepted,0.3971419530322667,0.1793132726616227,0.0959221301436419,12228.165793442691,77530
Qcells,Alice2018Test,Original,12,full,Expanded B,accepted,0.269131694842962,0.1139611232078796,0.0735174390966825,5615.642816676077,77530
Qcells,Alice2018Test,Original,12,full,Daily,accepted,0.2805451981772975,0.0698181364319994,-0.005368575681465,6102.045805322894,77530
Qcells,Alice2018Test,Original,12,full,Last-value,accepted,0.4707947975337586,0.2412849289159398,-0.0169605898513311,17184.349389567633,77530
Qcells,Alice2018Test,Original,12,full,Inverted42,accepted,0.3017776641316996,0.1735072512659209,-0.0194546627495004,7060.638381837895,77530
Qcells,Alice2018Test,Original,12,full,Inverted43,accepted,0.3493843686061705,0.232398744204447,-0.0894139354356387,9464.043452651553,77530
Qcells,Alice2018Test,Original,12,full,Inverted44,accepted,0.3309443563120476,0.2050711500915066,-0.0584427704766785,8491.408665555899,77530
Qcells,Alice2018Test,Original,12,full,Joint-patch Transformer42,accepted,0.5298753978870163,0.3875520120043123,-0.0413950997369038,21767.93817777768,77530
Qcells,Alice2018Test,Original,12,full,Joint-patch Transformer43,accepted,0.5747967725705062,0.3834615519627115,-0.1475628407659567,25615.23979609667,77530
Qcells,Alice2018Test,Original,12,full,Joint-patch Transformer44,accepted,0.4921087062429618,0.3303601913636015,-0.2027465796040292,18775.515983272235,77530
Qcells,Alice2018Test,Original,12,power-active,Original A,accepted,0.5743057111035696,0.356984412718609,0.2155198254326701,12040.00662612468,36504
Qcells,Alice2018Test,Original,12,power-active,Original B,accepted,0.3820926395515632,0.242969989988286,0.2017058958807563,5329.393638921847,36504
Qcells,Alice2018Test,Original,12,power-active,Expanded A,accepted,0.5743057111035696,0.356984412718609,0.2155198254326701,12040.00662612468,36504
Qcells,Alice2018Test,Original,12,power-active,Expanded B,accepted,0.3855525259201033,0.2107222791870265,0.1480220715050637,5426.346986884051,36504
Qcells,Alice2018Test,Original,12,power-active,Daily,accepted,0.4088524076050109,0.1482015409755352,-0.0113333645666005,6102.019270125928,36504
Qcells,Alice2018Test,Original,12,power-active,Last-value,accepted,0.6817066340855725,0.5078061437972211,-0.0400546168598948,16964.28252164407,36504
Qcells,Alice2018Test,Original,12,power-active,Inverted42,accepted,0.4277814238085629,0.2835352700313634,-0.0150963969115331,6680.120537068592,36504
Qcells,Alice2018Test,Original,12,power-active,Inverted43,accepted,0.475062560567936,0.3403126025270882,-0.1034103719060117,8238.384668293595,36504
Qcells,Alice2018Test,Original,12,power-active,Inverted44,accepted,0.4666811984184929,0.3380127430911189,-0.0945387515786569,7950.255110306038,36504
Qcells,Alice2018Test,Original,12,power-active,Joint-patch Transformer42,accepted,0.7285784159506172,0.5960902511930392,-0.3027030967018956,19377.29085493529,36504
Qcells,Alice2018Test,Original,12,power-active,Joint-patch Transformer43,accepted,0.8190237149127716,0.6719492355838167,-0.424710736245039,24486.87756339973,36504
Qcells,Alice2018Test,Original,12,power-active,Joint-patch Transformer44,accepted,0.6975544952412144,0.5672679497832858,-0.3491660511676354,17762.199323935052,36504
Qcells,Alice2018Test,Original,12,low-power,Original A,accepted,0.0677225189497951,0.0212255405736729,-0.0104931740251946,188.1591673180156,41026
Qcells,Alice2018Test,Original,12,low-power,Original B,accepted,0.0393705979343259,0.0155129292495422,0.0028324791357223,63.592104393484654,41026
Qcells,Alice2018Test,Original,12,low-power,Expanded A,accepted,0.0677225189497951,0.0212255405736729,-0.0104931740251946,188.1591673180156,41026
Qcells,Alice2018Test,Original,12,low-power,Expanded B,accepted,0.0679267655514578,0.0278652513738529,0.0072249148087786,189.29582979202692,41026
Qcells,Alice2018Test,Original,12,low-power,Daily,accepted,0.0008042324083558,7.436907819380829e-05,-6.124244247053678e-05,0.0265351969665787,41026
Qcells,Alice2018Test,Original,12,low-power,Last-value,accepted,0.0732399001222072,0.0041404247472104,0.0035879491707672,220.06686792356453,41026
Qcells,Alice2018Test,Original,12,low-power,Inverted42,accepted,0.0963070158900183,0.075606827217422,-0.0233325483866367,380.5178447693005,41026
Qcells,Alice2018Test,Original,12,low-power,Inverted43,accepted,0.1728443561733359,0.136379451945643,-0.0769602251808127,1225.658784357961,41026
Qcells,Alice2018Test,Original,12,low-power,Inverted44,accepted,0.1148499128964344,0.0867827497878493,-0.0263253889589429,541.1535552498616,41026
Qcells,Alice2018Test,Original,12,low-power,Joint-patch Transformer42,accepted,0.2413949432330662,0.2019994384327898,0.1911108019159518,2390.647322842386,41026
Qcells,Alice2018Test,Original,12,low-power,Joint-patch Transformer43,accepted,0.1658420597001438,0.1267717844273722,0.0990370416639273,1128.3622326969344,41026
Qcells,Alice2018Test,Original,12,low-power,Joint-patch Transformer44,accepted,0.1571603558528395,0.1195650659954897,-0.0724658700550145,1013.3166593371844,41026
Qcells,Alice2018Test,S1,12,full,Original A,accepted,0.3984442905018446,0.1849928877760396,0.1024514998318759,12810.488644703864,80692
Qcells,Alice2018Test,S1,12,full,Original B,accepted,0.2616797432481594,0.1249633356585513,0.099722662152471,5525.488633428096,80692
Qcells,Alice2018Test,S1,12,full,Expanded A,accepted,0.3984442905018446,0.1849928877760396,0.1024514998318759,12810.488644703864,80692
Qcells,Alice2018Test,S1,12,full,Expanded B,accepted,0.27714073528035,0.1249428793304309,0.0859945421212726,6197.709407247643,80692
Qcells,Alice2018Test,S1,12,full,Daily,accepted,0.2751877164353881,0.067680689268738,-0.0052720716501385,6110.666311413515,80692
Qcells,Alice2018Test,S1,12,full,Last-value,accepted,0.4710002703904554,0.2454916456304114,-0.0036950924347125,17900.814524888425,80692
Qcells,Alice2018Test,S1,12,full,Inverted42,accepted,0.3036285229564873,0.1783063503462817,-0.0086740036901641,7439.018069946348,80692
Qcells,Alice2018Test,S1,12,full,Inverted43,accepted,0.3516112624930692,0.2366450776584379,-0.0754863302424267,9975.990685056686,80692
Qcells,Alice2018Test,S1,12,full,Inverted44,accepted,0.3317080981837922,0.2084081250388913,-0.0465428476001121,8878.56193363796,80692
Qcells,Alice2018Test,S1,12,full,Joint-patch Transformer42,accepted,0.54731002652215,0.4043913469531748,-0.0083654526680029,24171.14861000524,80692
Qcells,Alice2018Test,S1,12,full,Joint-patch Transformer43,accepted,0.5884443975122425,0.3996227715558089,-0.1114148441714429,27940.961348886463,80692
Qcells,Alice2018Test,S1,12,full,Joint-patch Transformer44,accepted,0.5044067408709139,0.3440733289456793,-0.1696838284131624,20530.155721764702,80692
Qcells,Alice2018Test,S1,12,power-active,Original A,accepted,0.572608206551131,0.3598823458036301,0.2205214753272708,12319.76906457137,37574
Qcells,Alice2018Test,S1,12,power-active,Original B,accepted,0.3785467675651657,0.2421115081866977,0.2017880557726905,5384.266097763654,37574
Qcells,Alice2018Test,S1,12,power-active,Expanded A,accepted,0.572608206551131,0.3598823458036301,0.2205214753272708,12319.76906457137,37574
Qcells,Alice2018Test,S1,12,power-active,Expanded B,accepted,0.3886447534337091,0.2179766725951496,0.1568859038867939,5675.355225016564,37574
Qcells,Alice2018Test,S1,12,power-active,Daily,accepted,0.4032726980202299,0.1451880993937574,-0.0112239493674931,6110.617122623004,37574
Qcells,Alice2018Test,S1,12,power-active,Last-value,accepted,0.6773128534002107,0.505343205567617,-0.0291499476390149,17237.17400169478,37574
Qcells,Alice2018Test,S1,12,power-active,Inverted42,accepted,0.4258763993950145,0.2838217047947172,-0.0087743320903303,6814.822965921887,37574
Qcells,Alice2018Test,S1,12,power-active,Inverted43,accepted,0.4742696879257389,0.3418519634215424,-0.0923877600971206,8451.585081723671,37574
Qcells,Alice2018Test,S1,12,power-active,Inverted44,accepted,0.4642648082218961,0.3373949791682984,-0.0852714864773708,8098.768049848622,37574
Qcells,Alice2018Test,S1,12,power-active,Joint-patch Transformer42,accepted,0.7344633629339892,0.6039028423998166,-0.270448261267888,20268.78447689186,37574
Qcells,Alice2018Test,S1,12,power-active,Joint-patch Transformer43,accepted,0.8204150362893793,0.6758140109585967,-0.391093047091376,25290.33917291484,37574
Qcells,Alice2018Test,S1,12,power-active,Joint-patch Transformer44,accepted,0.700979138833244,0.573247473752281,-0.3190748369027962,18462.80225020524,37574
Qcells,Alice2018Test,S1,12,low-power,Original A,accepted,0.1066810765009919,0.0325902601975646,-0.0004373461086584,490.7195801324937,43118
Qcells,Alice2018Test,S1,12,low-power,Original B,accepted,0.0572298619657423,0.0228777696635476,0.0107805706851922,141.22253566444334,43118
Qcells,Alice2018Test,S1,12,low-power,Expanded A,accepted,0.1066810765009919,0.0325902601975646,-0.0004373461086584,490.7195801324937,43118
Qcells,Alice2018Test,S1,12,low-power,Expanded B,accepted,0.1100660127532139,0.0438711285968965,0.0242182067861991,522.3541822310782,43118
Qcells,Alice2018Test,S1,12,low-power,Daily,accepted,0.0010680799630844,0.0001389798193786,-8.547084880547855e-05,0.0491887905116196,43118
Qcells,Alice2018Test,S1,12,low-power,Last-value,accepted,0.1240615333104914,0.0190511216478388,0.01848684386675,663.6405231936446,43118
Qcells,Alice2018Test,S1,12,low-power,Inverted42,accepted,0.1203180749825418,0.0863578850175207,-0.0085865752540621,624.1951040244614,43118
Qcells,Alice2018Test,S1,12,low-power,Inverted43,accepted,0.1880273235311571,0.1449654189158505,-0.0607580421641236,1524.4056033330146,43118
Qcells,Alice2018Test,S1,12,low-power,Inverted44,accepted,0.1344809003907581,0.0960060642508598,-0.0127938361159496,779.7938837893369,43118
Qcells,Alice2018Test,S1,12,low-power,Joint-patch Transformer42,accepted,0.3008393153141692,0.2305325193194228,0.2200194318426905,3902.3641331133854,43118
Qcells,Alice2018Test,S1,12,low-power,Joint-patch Transformer43,accepted,0.2479388653838819,0.158943481483905,0.1323030647416226,2650.622175971615,43118
Qcells,Alice2018Test,S1,12,low-power,Joint-patch Transformer44,accepted,0.218966695711631,0.1443657980545606,-0.0395011262240651,2067.353471559454,43118
Qcells,Alice2018Test,S2,12,full,Original A,accepted,0.3983516775394664,0.1849673734312985,0.1024811366719552,12813.103027893449,80746
Qcells,Alice2018Test,S2,12,full,Original B,accepted,0.2616417355093837,0.1250106057587651,0.0997868123008522,5527.580293558217,80746
Qcells,Alice2018Test,S2,12,full,Expanded A,accepted,0.3983516775394664,0.1849673734312985,0.1024811366719552,12813.103027893449,80746
Qcells,Alice2018Test,S2,12,full,Expanded B,accepted,0.2772229381215246,0.1251089920669463,0.0861867020949179,6205.536601494317,80746
Qcells,Alice2018Test,S2,12,full,Daily,accepted,0.2750956843123247,0.0676358710664909,-0.0052681016883945,6110.666358284636,80746
Qcells,Alice2018Test,S2,12,full,Last-value,accepted,0.4709698830476164,0.2454989977100825,-0.0035210932907222,17910.4826815613,80746
Qcells,Alice2018Test,S2,12,full,Inverted42,accepted,0.3036120134387312,0.1783356049021785,-0.0085399949009781,7443.186846355045,80746
Qcells,Alice2018Test,S2,12,full,Inverted43,accepted,0.3515787477170914,0.2366523094397331,-0.0753350683395006,9980.82054912681,80746
Qcells,Alice2018Test,S2,12,full,Inverted44,accepted,0.3316672944370943,0.2084165936058178,-0.046394281979315,8882.317918810395,80746
Qcells,Alice2018Test,S2,12,full,Joint-patch Transformer42,accepted,0.547470876586856,0.4045480557278788,-0.0079387061640645,24201.543229952687,80746
Qcells,Alice2018Test,S2,12,full,Joint-patch Transformer43,accepted,0.5885607351463689,0.3997663354186193,-0.1109354615406566,27970.71630574394,80746
Qcells,Alice2018Test,S2,12,full,Joint-patch Transformer44,accepted,0.5044901706504741,0.3441626483027929,-0.1692874865639275,20550.691290518636,80746
Qcells,Alice2018Test,S2,12,power-active,Original A,accepted,0.572608206551131,0.3598823458036301,0.2205214753272708,12319.76906457137,37574
Qcells,Alice2018Test,S2,12,power-active,Original B,accepted,0.3785467675651657,0.2421115081866977,0.2017880557726905,5384.266097763654,37574
Qcells,Alice2018Test,S2,12,power-active,Expanded A,accepted,0.572608206551131,0.3598823458036301,0.2205214753272708,12319.76906457137,37574
Qcells,Alice2018Test,S2,12,power-active,Expanded B,accepted,0.3886447534337091,0.2179766725951496,0.1568859038867939,5675.355225016564,37574
Qcells,Alice2018Test,S2,12,power-active,Daily,accepted,0.4032726980202299,0.1451880993937574,-0.0112239493674931,6110.617122623004,37574
Qcells,Alice2018Test,S2,12,power-active,Last-value,accepted,0.6773128534002107,0.505343205567617,-0.0291499476390149,17237.17400169478,37574
Qcells,Alice2018Test,S2,12,power-active,Inverted42,accepted,0.4258763993950145,0.2838217047947172,-0.0087743320903303,6814.822965921887,37574
Qcells,Alice2018Test,S2,12,power-active,Inverted43,accepted,0.4742696879257389,0.3418519634215424,-0.0923877600971206,8451.585081723671,37574
Qcells,Alice2018Test,S2,12,power-active,Inverted44,accepted,0.4642648082218961,0.3373949791682984,-0.0852714864773708,8098.768049848622,37574
Qcells,Alice2018Test,S2,12,power-active,Joint-patch Transformer42,accepted,0.7344633629339892,0.6039028423998166,-0.270448261267888,20268.78447689186,37574
Qcells,Alice2018Test,S2,12,power-active,Joint-patch Transformer43,accepted,0.8204150362893793,0.6758140109585967,-0.391093047091376,25290.33917291484,37574
Qcells,Alice2018Test,S2,12,power-active,Joint-patch Transformer44,accepted,0.700979138833244,0.573247473752281,-0.3190748369027962,18462.80225020524,37574
Qcells,Alice2018Test,S2,12,low-power,Original A,accepted,0.106897961492585,0.0327331667251466,-0.0002532208893072,493.3339633220767,43172
Qcells,Alice2018Test,S2,12,low-power,Original B,accepted,0.0576160553574467,0.0230938701934185,0.0110118025211141,143.31419579456372,43172
Qcells,Alice2018Test,S2,12,low-power,Expanded A,accepted,0.106897961492585,0.0327331667251466,-0.0002532208893072,493.3339633220767,43172
Qcells,Alice2018Test,S2,12,low-power,Expanded B,accepted,0.1108182148655492,0.0442832200812446,0.0246548803556436,530.1813764777526,43172
Qcells,Alice2018Test,S2,12,low-power,Daily,accepted,0.0010679202088644,0.0001396367672064,-8.453315567785225e-05,0.0492356616320209,43172
Qcells,Alice2018Test,S2,12,low-power,Last-value,accepted,0.1248837762161145,0.0193481067150161,0.0187845347386196,673.3086798665164,43172
Qcells,Alice2018Test,S2,12,low-power,Inverted42,accepted,0.1206436650751067,0.0865276108930464,-0.0083360436003035,628.3638804331582,43172
Qcells,Alice2018Test,S2,12,low-power,Inverted43,accepted,0.1882071406981259,0.1450936186514328,-0.0604935543929423,1529.235467403139,43172
Qcells,Alice2018Test,S2,12,low-power,Inverted44,accepted,0.1347200505040873,0.0961624969893847,-0.0125581826137551,783.549868961771,43172
Qcells,Alice2018Test,S2,12,low-power,Joint-patch Transformer42,accepted,0.3018196901853843,0.231043081336806,0.2205319234910605,3932.75875306084,43172
Qcells,Alice2018Test,S2,12,low-power,Joint-patch Transformer43,accepted,0.2491706401137164,0.1595130378938553,0.1328948247440354,2680.377132829091,43172
Qcells,Alice2018Test,S2,12,low-power,Joint-patch Transformer44,accepted,0.2199138709461444,0.1447826512806705,-0.0389226690518213,2087.8890403133883,43172
Qcells,Alice2018Test,S1_new_origins,12,full,Original A,accepted,0.4291419631785914,0.3242530268717836,0.2625470191009429,582.322851261172,3162
Qcells,Alice2018Test,S1_new_origins,12,full,Original B,accepted,0.2047065517556235,0.1827107941289426,0.1794888495110428,132.50289011276516,3162
Qcells,Alice2018Test,S1_new_origins,12,full,Expanded A,accepted,0.4291419631785914,0.3242530268717836,0.2625470191009429,582.322851261172,3162
Qcells,Alice2018Test,S1_new_origins,12,full,Expanded B,accepted,0.4290475273200158,0.3942077598432089,0.3919242693497572,582.0665905715653,3162
Qcells,Alice2018Test,S1_new_origins,12,full,Daily,accepted,0.0522138177220126,0.015271999019637,-0.002905861166666,8.620506090622122,3162
Qcells,Alice2018Test,S1_new_origins,12,full,Last-value,accepted,0.4760105716276976,0.3486373593789835,0.321565506777951,716.4651353207973,3162
Qcells,Alice2018Test,S1_new_origins,12,full,Inverted42,accepted,0.3459258164636355,0.2959768600554436,0.2556601192922333,378.3796881084559,3162
Qcells,Alice2018Test,S1_new_origins,12,full,Inverted43,accepted,0.4023756274995682,0.3407621657950345,0.2660086826069497,511.94723240513247,3162
Qcells,Alice2018Test,S1_new_origins,12,full,Inverted44,accepted,0.349913366020529,0.2902283867943424,0.2452348312804038,387.1532680820605,3162
Qcells,Alice2018Test,S1_new_origins,12,full,Joint-patch Transformer42,accepted,0.8717961916024078,0.8172799107056443,0.8014980948499884,2403.210432227565,3162
Qcells,Alice2018Test,S1_new_origins,12,full,Joint-patch Transformer43,accepted,0.8576259748341607,0.795884427170244,0.7749084246371124,2325.721552789793,3162
Qcells,Alice2018Test,S1_new_origins,12,full,Joint-patch Transformer44,accepted,0.7449258542314708,0.6803097479015578,0.6409914087240621,1754.6397384924626,3162
Qcells,Alice2018Test,S1_new_origins,12,power-active,Original A,accepted,0.5113318128645796,0.458747905930371,0.3911572021987666,279.76243844669386,1070
Qcells,Alice2018Test,S1_new_origins,12,power-active,Original B,accepted,0.226456776923925,0.2128236393220463,0.204591013431724,54.87245884180639,1070
Qcells,Alice2018Test,S1_new_origins,12,power-active,Expanded A,accepted,0.5113318128645796,0.458747905930371,0.3911572021987666,279.76243844669386,1070
Qcells,Alice2018Test,S1_new_origins,12,power-active,Expanded B,accepted,0.4824085193724269,0.4654667445298449,0.4592834153472441,249.00823813251404,1070
Qcells,Alice2018Test,S1_new_origins,12,power-active,Daily,accepted,0.0896402597357493,0.0423818643458918,-0.0074911527056071,8.597852497077083,1070
Qcells,Alice2018Test,S1_new_origins,12,power-active,Last-value,accepted,0.5050136299175889,0.4213178811438173,0.3428725245469641,272.89148005071723,1070
Qcells,Alice2018Test,S1_new_origins,12,power-active,Inverted42,accepted,0.3548099779087958,0.2935936810577693,0.2069085223332078,134.70242885329498,1070
Qcells,Alice2018Test,S1_new_origins,12,power-active,Inverted43,accepted,0.4463773323454602,0.394368627058137,0.2836584281942412,213.20041343007887,1070
Qcells,Alice2018Test,S1_new_origins,12,power-active,Inverted44,accepted,0.3725548815401907,0.3163194144592908,0.2308894903986567,148.51293954258534,1070
Qcells,Alice2018Test,S1_new_origins,12,power-active,Joint-patch Transformer42,accepted,0.9127823449789118,0.8704363278317848,0.8299540870339897,891.4936219565651,1070
Qcells,Alice2018Test,S1_new_origins,12,power-active,Joint-patch Transformer43,accepted,0.866544113407629,0.8076642542118403,0.7558042658668633,803.4616095151127,1070
Qcells,Alice2018Test,S1_new_origins,12,power-active,Joint-patch Transformer44,accepted,0.8091780335452406,0.7772442428777038,0.7075136542408379,700.6029262701926,1070
Qcells,Alice2018Test,S1_new_origins,12,low-power,Original A,accepted,0.3802990249549448,0.255462625058835,0.1967664761206986,302.5604128144781,2092
Qcells,Alice2018Test,S1_new_origins,12,low-power,Original B,accepted,0.1926349831811453,0.167308908681227,0.1666497886147097,77.6304312709587,2092
Qcells,Alice2018Test,S1_new_origins,12,low-power,Expanded A,accepted,0.3802990249549448,0.255462625058835,0.1967664761206986,302.5604128144781,2092
Qcells,Alice2018Test,S1_new_origins,12,low-power,Expanded B,accepted,0.3990059064763179,0.3577607648075011,0.3574719336818266,333.0583524390512,2092
Qcells,Alice2018Test,S1_new_origins,12,low-power,Daily,accepted,0.0032906956107777,0.0014060545172027,-0.0005606116701713,0.0226535935450408,2092
Qcells,Alice2018Test,S1_new_origins,12,low-power,Last-value,accepted,0.4604707330745384,0.3114632875394175,0.3106675579190388,443.5736552700803,2092
Qcells,Alice2018Test,S1_new_origins,12,low-power,Inverted42,accepted,0.3412924339281166,0.2971957900399137,0.2805952095150619,243.6772592551609,2092
Qcells,Alice2018Test,S1_new_origins,12,low-power,Inverted43,accepted,0.3778947032915892,0.3133439470801589,0.2569813270723408,298.74681897505366,2092
Qcells,Alice2018Test,S1_new_origins,12,low-power,Inverted44,accepted,0.3377466725068125,0.276883549508733,0.2525720754216417,238.64032853947523,2092
Qcells,Alice2018Test,S1_new_origins,12,low-power,Joint-patch Transformer42,accepted,0.8500693960736463,0.7900918770895018,0.7869436437807333,1511.716810271001,2092
Qcells,Alice2018Test,S1_new_origins,12,low-power,Joint-patch Transformer43,accepted,0.8530285556008645,0.7898593722302307,0.7846796721916853,1522.2599432746804,2092
Qcells,Alice2018Test,S1_new_origins,12,low-power,Joint-patch Transformer44,accepted,0.709818067143101,0.6307304411976974,0.6069671244492295,1054.0368122222703,2092
Qcells,Alice2018Test,S2_new_origins,12,full,Original A,accepted,0.4264779811710591,0.321274100008713,0.2606029576110517,584.9372344507551,3216
Qcells,Alice2018Test,S2_new_origins,12,full,Original B,accepted,0.2045764875410382,0.1829279921247315,0.1797601473231771,134.59455024288545,3216
Qcells,Alice2018Test,S2_new_origins,12,full,Expanded A,accepted,0.4264779811710591,0.321274100008713,0.2606029576110517,584.9372344507551,3216
Qcells,Alice2018Test,S2_new_origins,12,full,Expanded B,accepted,0.4282810809900779,0.393857211172493,0.3916120628701627,589.8937848182396,3216
Qcells,Alice2018Test,S2_new_origins,12,full,Daily,accepted,0.0517737404438466,0.015026718769267,-0.0028459161527138,8.620552961742524,3216
Qcells,Alice2018Test,S2_new_origins,12,full,Last-value,accepted,0.4751712482591521,0.3470900280614131,0.320472740149577,726.1332919936689,3216
Qcells,Alice2018Test,S2_new_origins,12,full,Inverted42,accepted,0.3448936603892953,0.2947355605673064,0.2545863105393002,382.5484645171528,3216
Qcells,Alice2018Test,S2_new_origins,12,full,Inverted43,accepted,0.4008608183274674,0.3391955036846746,0.26407244595266,516.7770964752566,3216
Qcells,Alice2018Test,S2_new_origins,12,full,Inverted44,accepted,0.348642201574103,0.2890671643970312,0.2440657034686303,390.9092532544949,3216
Qcells,Alice2018Test,S2_new_origins,12,full,Joint-patch Transformer42,accepted,0.8698953896075041,0.8142816595488073,0.7986142147632455,2433.6050521750185,3216
Qcells,Alice2018Test,S2_new_origins,12,full,Joint-patch Transformer43,accepted,0.8558179057636288,0.7928353221526171,0.7720622720841914,2355.4765096472693,3216
Qcells,Alice2018Test,S2_new_origins,12,full,Joint-patch Transformer44,accepted,0.7429551612689812,0.6769065806707993,0.6373305120054401,1775.1753072463966,3216
Qcells,Alice2018Test,S2_new_origins,12,power-active,Original A,accepted,0.5113318128645796,0.458747905930371,0.3911572021987666,279.76243844669386,1070
Qcells,Alice2018Test,S2_new_origins,12,power-active,Original B,accepted,0.226456776923925,0.2128236393220463,0.204591013431724,54.87245884180639,1070
Qcells,Alice2018Test,S2_new_origins,12,power-active,Expanded A,accepted,0.5113318128645796,0.458747905930371,0.3911572021987666,279.76243844669386,1070
Qcells,Alice2018Test,S2_new_origins,12,power-active,Expanded B,accepted,0.4824085193724269,0.4654667445298449,0.4592834153472441,249.00823813251404,1070
Qcells,Alice2018Test,S2_new_origins,12,power-active,Daily,accepted,0.0896402597357493,0.0423818643458918,-0.0074911527056071,8.597852497077083,1070
Qcells,Alice2018Test,S2_new_origins,12,power-active,Last-value,accepted,0.5050136299175889,0.4213178811438173,0.3428725245469641,272.89148005071723,1070
Qcells,Alice2018Test,S2_new_origins,12,power-active,Inverted42,accepted,0.3548099779087958,0.2935936810577693,0.2069085223332078,134.70242885329498,1070
Qcells,Alice2018Test,S2_new_origins,12,power-active,Inverted43,accepted,0.4463773323454602,0.394368627058137,0.2836584281942412,213.20041343007887,1070
Qcells,Alice2018Test,S2_new_origins,12,power-active,Inverted44,accepted,0.3725548815401907,0.3163194144592908,0.2308894903986567,148.51293954258534,1070
Qcells,Alice2018Test,S2_new_origins,12,power-active,Joint-patch Transformer42,accepted,0.9127823449789118,0.8704363278317848,0.8299540870339897,891.4936219565651,1070
Qcells,Alice2018Test,S2_new_origins,12,power-active,Joint-patch Transformer43,accepted,0.866544113407629,0.8076642542118403,0.7558042658668633,803.4616095151127,1070
Qcells,Alice2018Test,S2_new_origins,12,power-active,Joint-patch Transformer44,accepted,0.8091780335452406,0.7772442428777038,0.7075136542408379,700.6029262701926,1070
Qcells,Alice2018Test,S2_new_origins,12,low-power,Original A,accepted,0.3771025530407002,0.2527293785100298,0.1955083435808305,305.17479600406114,2146
Qcells,Alice2018Test,S2_new_origins,12,low-power,Original B,accepted,0.1927411663948384,0.1680219611363219,0.1673794265700806,79.72209140107906,2146
Qcells,Alice2018Test,S2_new_origins,12,low-power,Expanded A,accepted,0.3771025530407002,0.2527293785100298,0.1955083435808305,305.17479600406114,2146
Qcells,Alice2018Test,S2_new_origins,12,low-power,Expanded B,accepted,0.398556076688692,0.3581525510176159,0.3578709877767438,340.8855466857256,2146
Qcells,Alice2018Test,S2_new_origins,12,low-power,Daily,accepted,0.0032523892332883,0.0013873870977905,-0.000529791683191,0.0227004646654422,2146
Qcells,Alice2018Test,S2_new_origins,12,low-power,Last-value,accepted,0.4595683638529719,0.3100798683232154,0.3093041617221753,453.2418119429518,2146
Qcells,Alice2018Test,S2_new_origins,12,low-power,Inverted42,accepted,0.3398412789876197,0.295304904031987,0.2783585534938757,247.84603566385772,2146
Qcells,Alice2018Test,S2_new_origins,12,low-power,Inverted43,accepted,0.3761138679707946,0.3116860712477665,0.2543068350493553,303.57668304517773,2146
Qcells,Alice2018Test,S2_new_origins,12,low-power,Inverted44,accepted,0.3360842392847031,0.2754791366399866,0.2506353903208539,242.3963137119096,2146
Qcells,Alice2018Test,S2_new_origins,12,low-power,Joint-patch Transformer42,accepted,0.847701632033199,0.7862828268075277,0.7829880901920915,1542.1114302184535,2146
Qcells,Alice2018Test,S2_new_origins,12,low-power,Joint-patch Transformer43,accepted,0.8504192541311045,0.7854415862237406,0.7801685473183672,1552.014900132156,2146
Qcells,Alice2018Test,S2_new_origins,12,low-power,Joint-patch Transformer44,accepted,0.7076246908903034,0.6268780165695003,0.6023370533885363,1074.5723809762042,2146
Qcells,Alice2018Test,Original,144,full,Original A,accepted,0.8390629137713769,0.5487771433757759,-0.1004221165611998,303541.0570638571,431150
Qcells,Alice2018Test,Original,144,full,Original B,accepted,0.2365203074245268,0.1315505161861473,-0.0677129898771737,24119.331138600668,431150
Qcells,Alice2018Test,Original,144,full,Expanded A,accepted,0.8390629137713769,0.5487771433757759,-0.1004221165611998,303541.0570638571,431150
Qcells,Alice2018Test,Original,144,full,Expanded B,accepted,0.2594590412879559,0.1573885535237184,-0.0899656565767327,29024.584308830017,431150
Qcells,Alice2018Test,Original,144,full,Daily,accepted,0.243616175576338,0.0568435464770583,-0.0091310903201409,25588.252798202517,431150
Qcells,Alice2018Test,Original,144,full,Last-value,accepted,2.418529860212848,1.4457541612104134,-1.4457541612104134,2521919.9541261587,431150
Qcells,Alice2018Test,Original,144,full,Inverted42,accepted,0.8464913417507257,0.5219818491929046,-0.2901245714689321,308939.4941437537,431150
Qcells,Alice2018Test,Original,144,full,Inverted43,accepted,0.868573261100442,0.5650946975289093,-0.3394785424793474,325267.97169280576,431150
Qcells,Alice2018Test,Original,144,full,Inverted44,accepted,0.8157764768808223,0.5126299673957475,-0.2025500889121478,286926.5568490643,431150
Qcells,Alice2018Test,Original,144,full,Joint-patch Transformer42,accepted,0.8703777532433964,0.5686283884837794,-0.2551839451273529,326620.88738498185,431150
Qcells,Alice2018Test,Original,144,full,Joint-patch Transformer43,accepted,0.8551775388531573,0.5333137417023112,-0.2823896524035802,315312.3357887484,431150
Qcells,Alice2018Test,Original,144,full,Joint-patch Transformer44,accepted,0.8250361885119389,0.5055698638765848,-0.2938506022721633,293477.2137315597,431150
Qcells,Alice2018Test,Original,144,power-active,Original A,accepted,1.1683194382786222,0.9043867415459548,-0.4803935782611102,256546.169738126,187950
Qcells,Alice2018Test,Original,144,power-active,Original B,accepted,0.3508946553140599,0.2527483778051815,-0.1633090457598439,23141.730763102503,187950
Qcells,Alice2018Test,Original,144,power-active,Expanded A,accepted,1.1683194382786222,0.9043867415459548,-0.4803935782611102,256546.169738126,187950
Qcells,Alice2018Test,Original,144,power-active,Expanded B,accepted,0.382537461248614,0.2981484895849421,-0.1989244758416275,27503.64619514163,187950
Qcells,Alice2018Test,Original,144,power-active,Daily,accepted,0.3689751735852707,0.1302549663955002,-0.020815400529607,25588.01646585265,187950
Qcells,Alice2018Test,Original,144,power-active,Last-value,accepted,3.663060085332229,3.3158274560269683,-3.3158274560269683,2521914.827026344,187950
Qcells,Alice2018Test,Original,144,power-active,Inverted42,accepted,1.234441514940007,0.9439158381088314,-0.6370871060836013,286406.82822309696,187950
Qcells,Alice2018Test,Original,144,power-active,Inverted43,accepted,1.2563346814394023,0.9897142280541282,-0.7115857518751714,296655.9255344502,187950
Qcells,Alice2018Test,Original,144,power-active,Inverted44,accepted,1.1740995704594628,0.9003670933474426,-0.5423269822508979,259090.9171643142,187950
Qcells,Alice2018Test,Original,144,power-active,Joint-patch Transformer42,accepted,1.2629926167573515,0.9784894603895166,-0.6937050140302016,299808.50827941427,187950
Qcells,Alice2018Test,Original,144,power-active,Joint-patch Transformer43,accepted,1.2525315112410715,0.9791295870768848,-0.7013053482268795,294862.5733312138,187950
Qcells,Alice2018Test,Original,144,power-active,Joint-patch Transformer44,accepted,1.2065335617737356,0.9204038971205144,-0.6255511787569519,273603.182147262,187950
Qcells,Alice2018Test,Original,144,low-power,Original A,accepted,0.4395856645047002,0.2739546763688467,0.193227703449072,46994.88732573106,243200
Qcells,Alice2018Test,Original,144,low-power,Original B,accepted,0.0634014068147893,0.0378862970607465,0.0061656232114277,977.6003754981608,243200
Qcells,Alice2018Test,Original,144,low-power,Expanded A,accepted,0.4395856645047002,0.2739546763688467,0.193227703449072,46994.88732573106,243200
Qcells,Alice2018Test,Original,144,low-power,Expanded B,accepted,0.0790813339250384,0.0486063578711403,-0.0057600230206595,1520.938113688387,243200
Qcells,Alice2018Test,Original,144,low-power,Daily,accepted,0.0009857795428,0.0001096798090025,-0.0001012132483105,0.2363323498631521,243200
Qcells,Alice2018Test,Original,144,low-power,Last-value,accepted,0.0045914948431122,0.0005227641677677,-0.0005227641677677,5.127099814300098,243200
Qcells,Alice2018Test,Original,144,low-power,Inverted42,accepted,0.3043858808755479,0.1959025185319323,-0.0219847343767156,22532.665920656404,243200
Qcells,Alice2018Test,Original,144,low-power,Inverted43,accepted,0.3429988573037199,0.2369399246579597,-0.0519063796259545,28612.04615835513,243200
Qcells,Alice2018Test,Original,144,low-power,Inverted44,accepted,0.3383131024401637,0.2129786811185226,0.0600365356890778,27835.639684749895,243200
Qcells,Alice2018Test,Original,144,low-power,Joint-patch Transformer42,accepted,0.3320365482120148,0.2518792582836014,0.0837142246929203,26812.379105567263,243200
Qcells,Alice2018Test,Original,144,low-power,Joint-patch Transformer43,accepted,0.2899761961187834,0.1887780174500447,0.0413570788052564,20449.76245753425,243200
Qcells,Alice2018Test,Original,144,low-power,Joint-patch Transformer44,accepted,0.2858651428027638,0.1849775260961712,-0.0375055227067191,19874.031584297554,243200
Qcells,Alice2018Test,S1,144,full,Original A,accepted,1.4187959689069398,0.8934655764311354,-0.3756023003244775,1929781.429305272,958668
Qcells,Alice2018Test,S1,144,full,Original B,accepted,0.2976154981552679,0.1695257862636359,-0.0439490527334445,84914.00347284335,958668
Qcells,Alice2018Test,S1,144,full,Expanded A,accepted,1.4187959689069398,0.8934655764311354,-0.3756023003244775,1929781.429305272,958668
Qcells,Alice2018Test,S1,144,full,Expanded B,accepted,0.2930300270595455,0.1769639529273246,-0.0615738032693815,82317.5585812949,958668
Qcells,Alice2018Test,S1,144,full,Daily,accepted,0.2748960407280022,0.0671358930419624,-0.0052876385390825,72444.46352578123,958668
Qcells,Alice2018Test,S1,144,full,Last-value,accepted,2.770479478647487,2.0194776735082725,-0.004685742741212,7358310.438629156,958668
Qcells,Alice2018Test,S1,144,full,Inverted42,accepted,1.0768328795569548,0.6862955959374999,-0.3034345332115748,1111641.7424998672,958668
Qcells,Alice2018Test,S1,144,full,Inverted43,accepted,1.0974180100441886,0.7229584139439598,-0.3982386719035244,1154549.0746019322,958668
Qcells,Alice2018Test,S1,144,full,Inverted44,accepted,1.0647532421967576,0.6852150217290828,-0.2887862693412964,1086841.4004080312,958668
Qcells,Alice2018Test,S1,144,full,Joint-patch Transformer42,accepted,1.0365734885044162,0.7114912342711078,-0.2988410959255323,1030073.9997041088,958668
Qcells,Alice2018Test,S1,144,full,Joint-patch Transformer43,accepted,1.0863789279168052,0.7259994386018134,-0.3534333421915507,1131438.3560796718,958668
Qcells,Alice2018Test,S1,144,full,Joint-patch Transformer44,accepted,1.0163014827964545,0.6530297740356177,-0.2886383550890955,990178.1746632608,958668
Qcells,Alice2018Test,S1,144,power-active,Original A,accepted,1.56328319569449,1.1197855807856982,-0.7308326129783236,1082351.321482221,442887
Qcells,Alice2018Test,S1,144,power-active,Original B,accepted,0.3682415679817499,0.235343640472608,-0.0573245000115919,60056.29759929834,442887
Qcells,Alice2018Test,S1,144,power-active,Expanded A,accepted,1.56328319569449,1.1197855807856982,-0.7308326129783236,1082351.321482221,442887
Qcells,Alice2018Test,S1,144,power-active,Expanded B,accepted,0.3876454468523446,0.2535610095286429,-0.0771338807999251,66552.18326600322,442887
Qcells,Alice2018Test,S1,144,power-active,Daily,accepted,0.4044402657351776,0.1451615129614822,-0.0113480088767334,72443.880718812,442887
Qcells,Alice2018Test,S1,144,power-active,Last-value,accepted,3.0762956911180788,2.59389781832046,-1.7868494277802656,4191303.278126655,442887
Qcells,Alice2018Test,S1,144,power-active,Inverted42,accepted,1.3373789933524545,0.9533880173111884,-0.6273580936562762,792139.9695035478,442887
Qcells,Alice2018Test,S1,144,power-active,Inverted43,accepted,1.345727440320307,0.9804247440588264,-0.681346395241445,802060.5372237228,442887
Qcells,Alice2018Test,S1,144,power-active,Inverted44,accepted,1.3109316947294885,0.9406720241284195,-0.5960460066939707,761119.8701174917,442887
Qcells,Alice2018Test,S1,144,power-active,Joint-patch Transformer42,accepted,1.3708216085395268,1.0554363198125127,-0.7187315859531846,832251.9397577152,442887
Qcells,Alice2018Test,S1,144,power-active,Joint-patch Transformer43,accepted,1.4558723030014846,1.1291731757704762,-0.8216966254738319,938727.413302174,442887
Qcells,Alice2018Test,S1,144,power-active,Joint-patch Transformer44,accepted,1.3621663272433768,1.0432846791329686,-0.7417253580397057,821775.5454898922,442887
Qcells,Alice2018Test,S1,144,low-power,Original A,accepted,1.281797071248449,0.6991307952573828,-0.0705757726308945,847430.1078230507,515781
Qcells,Alice2018Test,S1,144,low-power,Original B,accepted,0.2195320093996249,0.1130097998332536,-0.0324639229619389,24857.70587354501,515781
Qcells,Alice2018Test,S1,144,low-power,Expanded A,accepted,1.281797071248449,0.6991307952573828,-0.0705757726308945,847430.1078230507,515781
Qcells,Alice2018Test,S1,144,low-power,Expanded B,accepted,0.1748314208790868,0.1111921610098478,-0.0482127914111125,15765.37531529168,515781
Qcells,Alice2018Test,S1,144,low-power,Daily,accepted,0.0010629912711828,0.0001374329798501,-8.376472881957662e-05,0.5828069692403317,515781
Qcells,Alice2018Test,S1,144,low-power,Last-value,accepted,2.4779460846462147,1.5262388479690705,1.5256093398149335,3167007.160502516,515781
Qcells,Alice2018Test,S1,144,low-power,Inverted42,accepted,0.7870529776767745,0.4569506584060111,-0.025290255088355,319501.772996319,515781
Qcells,Alice2018Test,S1,144,low-power,Inverted43,accepted,0.826684565782706,0.501879136991953,-0.1551418337765642,352488.5373782086,515781
Qcells,Alice2018Test,S1,144,low-power,Inverted44,accepted,0.7946768531308864,0.4658610993829026,-0.0249507591210405,325721.5302905388,515781
Qcells,Alice2018Test,S1,144,low-power,Joint-patch Transformer42,accepted,0.6193051478857975,0.4161550216146197,0.0617073528480302,197822.05994639295,515781
Qcells,Alice2018Test,S1,144,low-power,Joint-patch Transformer43,accepted,0.6112523166439107,0.3798052070705676,0.0486514975816081,192710.94277749665,515781
Qcells,Alice2018Test,S1,144,low-power,Joint-patch Transformer44,accepted,0.5714020101715626,0.3179285893199137,0.10041502895527,168402.62917336792,515781
Qcells,Alice2018Test,S2,144,full,Original A,accepted,1.4187400571619735,0.8935112766316193,-0.3753678073234587,1931066.4909739485,959382
Qcells,Alice2018Test,S2,144,full,Original B,accepted,0.2975418723361205,0.1695110534248617,-0.0438659820721351,84935.20690109264,959382
Qcells,Alice2018Test,S2,144,full,Expanded A,accepted,1.4187400571619735,0.8935112766316193,-0.3753678073234587,1931066.4909739485,959382
Qcells,Alice2018Test,S2,144,full,Expanded B,accepted,0.2929917481691632,0.1769792099166816,-0.0614193589263793,82357.34622175542,959382
Qcells,Alice2018Test,S2,144,full,Daily,accepted,0.2747937301329757,0.0670864520882903,-0.0052831797932095,72444.46419041247,959382
Qcells,Alice2018Test,S2,144,full,Last-value,accepted,2.770472051769763,2.0193601119983016,-0.0032968629387526,7363751.305541071,959382
Qcells,Alice2018Test,S2,144,full,Inverted42,accepted,1.0768411607672992,0.686301693435966,-0.3031285334358317,1112486.785406505,959382
Qcells,Alice2018Test,S2,144,full,Inverted43,accepted,1.0974048866548065,0.7229361780842443,-0.3979455324200103,1155381.3299978075,959382
Qcells,Alice2018Test,S2,144,full,Inverted44,accepted,1.064783526797591,0.6852127184237549,-0.288473818815006,1087712.7344553107,959382
Qcells,Alice2018Test,S2,144,full,Joint-patch Transformer42,accepted,1.0366246458169353,0.7115152339809366,-0.2981956991098017,1030942.9330368805,959382
Qcells,Alice2018Test,S2,144,full,Joint-patch Transformer43,accepted,1.086378783650505,0.7259913661131027,-0.3528444176681528,1132280.731846865,959382
Qcells,Alice2018Test,S2,144,full,Joint-patch Transformer44,accepted,1.01630594179586,0.6530255114963626,-0.2880571243912847,990924.3381761776,959382
Qcells,Alice2018Test,S2,144,power-active,Original A,accepted,1.56328319569449,1.1197855807856982,-0.7308326129783236,1082351.321482221,442887
Qcells,Alice2018Test,S2,144,power-active,Original B,accepted,0.3682415679817499,0.235343640472608,-0.0573245000115919,60056.29759929834,442887
Qcells,Alice2018Test,S2,144,power-active,Expanded A,accepted,1.56328319569449,1.1197855807856982,-0.7308326129783236,1082351.321482221,442887
Qcells,Alice2018Test,S2,144,power-active,Expanded B,accepted,0.3876454468523446,0.2535610095286429,-0.0771338807999251,66552.18326600322,442887
Qcells,Alice2018Test,S2,144,power-active,Daily,accepted,0.4044402657351776,0.1451615129614822,-0.0113480088767334,72443.880718812,442887
Qcells,Alice2018Test,S2,144,power-active,Last-value,accepted,3.0762956911180788,2.59389781832046,-1.7868494277802656,4191303.278126655,442887
Qcells,Alice2018Test,S2,144,power-active,Inverted42,accepted,1.3373789933524545,0.9533880173111884,-0.6273580936562762,792139.9695035478,442887
Qcells,Alice2018Test,S2,144,power-active,Inverted43,accepted,1.345727440320307,0.9804247440588264,-0.681346395241445,802060.5372237228,442887
Qcells,Alice2018Test,S2,144,power-active,Inverted44,accepted,1.3109316947294885,0.9406720241284195,-0.5960460066939707,761119.8701174917,442887
Qcells,Alice2018Test,S2,144,power-active,Joint-patch Transformer42,accepted,1.3708216085395268,1.0554363198125127,-0.7187315859531846,832251.9397577152,442887
Qcells,Alice2018Test,S2,144,power-active,Joint-patch Transformer43,accepted,1.4558723030014846,1.1291731757704762,-0.8216966254738319,938727.413302174,442887
Qcells,Alice2018Test,S2,144,power-active,Joint-patch Transformer44,accepted,1.3621663272433768,1.0432846791329686,-0.7417253580397057,821775.5454898922,442887
Qcells,Alice2018Test,S2,144,low-power,Original A,accepted,1.281881622794432,0.6994843301096052,-0.0705618723539696,848715.1694917274,516495
Qcells,Alice2018Test,S2,144,low-power,Original B,accepted,0.2194737618272401,0.1130605612036102,-0.0323254973924146,24878.90930179431,516495
Qcells,Alice2018Test,S2,144,low-power,Expanded A,accepted,1.281881622794432,0.6994843301096052,-0.0705618723539696,848715.1694917274,516495
Qcells,Alice2018Test,S2,144,low-power,Expanded B,accepted,0.1749308587506252,0.1113114232299902,-0.0479443834687097,15805.162955752192,516495
Qcells,Alice2018Test,S2,144,low-power,Daily,accepted,0.0010628618045696,0.0001382154452535,-8.267648085487175e-05,0.5834716004880557,516495
Qcells,Alice2018Test,S2,144,low-power,Last-value,accepted,2.4783588934807974,1.5267023299483264,1.5260736920229858,3172448.0274144304,516495
Qcells,Alice2018Test,S2,144,low-power,Inverted42,accepted,0.787548203246766,0.4572790296693748,-0.0251063701286323,320346.81590295647,516495
Qcells,Alice2018Test,S2,144,low-power,Inverted43,accepted,0.8270876524226127,0.5021434530456964,-0.1549333872251937,353320.7927740845,516495
Qcells,Alice2018Test,S2,144,low-power,Inverted44,accepted,0.7951888558605452,0.4661600547472005,-0.024735111619097,326592.8643378183,516495
Qcells,Alice2018Test,S2,144,low-power,Joint-patch Transformer42,accepted,0.6202346567995692,0.4166078719722254,0.0624077478091525,198690.9932791644,516495
Qcells,Alice2018Test,S2,144,low-power,Joint-patch Transformer43,accepted,0.6121632444681658,0.3802687896433881,0.0491895763849044,193553.31854468983,516495
Qcells,Alice2018Test,S2,144,low-power,Joint-patch Transformer44,accepted,0.5722705412813802,0.3183839138486147,0.1009568312052809,169148.79268628487,516495
Qcells,Alice2018Test,S1_new_origins,144,full,Original A,accepted,1.7557946751740678,1.1751856654362849,-0.600512040332472,1626240.3722414142,527518
Qcells,Alice2018Test,S1_new_origins,144,full,Original B,accepted,0.3394799420884058,0.2005636611682064,-0.0245263572054836,60794.67233424268,527518
Qcells,Alice2018Test,S1_new_origins,144,full,Expanded A,accepted,1.7557946751740678,1.1751856654362849,-0.600512040332472,1626240.3722414142,527518
Qcells,Alice2018Test,S1_new_origins,144,full,Expanded B,accepted,0.3178456980750333,0.1929632808229884,-0.0383686281787411,53292.97427246488,527518
Qcells,Alice2018Test,S1_new_origins,144,full,Daily,accepted,0.2980334021714612,0.0755480139960501,-0.002146315900986,46856.21072757867,527518
Qcells,Alice2018Test,S1_new_origins,144,full,Last-value,accepted,3.027903551684289,2.488392274199096,1.1731255331261443,4836390.48450301,527518
Qcells,Alice2018Test,S1_new_origins,144,full,Inverted42,accepted,1.23355522759704,0.8205921922791076,-0.3143130056150575,802702.2483561137,527518
Qcells,Alice2018Test,S1_new_origins,144,full,Inverted43,accepted,1.253811482788138,0.8519832838675435,-0.4462643881847394,829281.1029091267,527518
Qcells,Alice2018Test,S1_new_origins,144,full,Inverted44,accepted,1.2314115884337142,0.8262719073250578,-0.3592686589318458,799914.8435589671,527518
Qcells,Alice2018Test,S1_new_origins,144,full,Joint-patch Transformer42,accepted,1.1547791558020042,0.8282556213843564,-0.3345228746831009,703453.1123191277,527518
Qcells,Alice2018Test,S1_new_origins,144,full,Joint-patch Transformer43,accepted,1.2438269735289187,0.8834849428276795,-0.4114986344698871,816126.020290924,527518
Qcells,Alice2018Test,S1_new_origins,144,full,Joint-patch Transformer44,accepted,1.1492236720745657,0.7735514249841483,-0.2843782912183277,696700.9609317017,527518
Qcells,Alice2018Test,S1_new_origins,144,power-active,Original A,accepted,1.7997921716745484,1.278586428976074,-0.915466528710839,825805.1517440947,254937
Qcells,Alice2018Test,S1_new_origins,144,power-active,Original B,accepted,0.3805243500976706,0.2225121551187474,0.0208116488149179,36914.56683619584,254937
Qcells,Alice2018Test,S1_new_origins,144,power-active,Expanded A,accepted,1.7997921716745484,1.278586428976074,-0.915466528710839,825805.1517440947,254937
Qcells,Alice2018Test,S1_new_origins,144,power-active,Expanded B,accepted,0.3913685727888381,0.2206892926865155,0.012655135067085,39048.53707086158,254937
Qcells,Alice2018Test,S1_new_origins,144,power-active,Daily,accepted,0.4287119022957255,0.1561512297427901,-0.0043682599146071,46855.86425295931,254937
Qcells,Alice2018Test,S1_new_origins,144,power-active,Last-value,accepted,2.5589527500779026,2.061661715256024,-0.6596241901373667,1669388.451100312,254937
Qcells,Alice2018Test,S1_new_origins,144,power-active,Inverted42,accepted,1.4084592026248577,0.9603712958509176,-0.6201854671418205,505733.1412804517,254937
Qcells,Alice2018Test,S1_new_origins,144,power-active,Inverted43,accepted,1.408001653317024,0.9735761559099232,-0.6590527027632689,505404.6116892738,254937
Qcells,Alice2018Test,S1_new_origins,144,power-active,Inverted44,accepted,1.4032916685437822,0.9703864702083712,-0.6356498721355328,502028.9529531789,254937
Qcells,Alice2018Test,S1_new_origins,144,power-active,Joint-patch Transformer42,accepted,1.4451745383882153,1.1121646967391734,-0.7371821999987122,532443.4314783021,254937
Qcells,Alice2018Test,S1_new_origins,144,power-active,Joint-patch Transformer43,accepted,1.589208647280594,1.239791455953268,-0.9104540069389184,643864.8399709617,254937
Qcells,Alice2018Test,S1_new_origins,144,power-active,Joint-patch Transformer44,accepted,1.4663651574616332,1.133877425494779,-0.8273737221304166,548172.3633426314,254937
Qcells,Alice2018Test,S1_new_origins,144,low-power,Original A,accepted,1.7136230877438454,1.0784779695420612,-0.3059443617205518,800435.2204973195,272581
Qcells,Alice2018Test,S1_new_origins,144,low-power,Original B,accepted,0.295985427987374,0.1800358796930886,-0.066929662061006,23880.105498046847,272581
Qcells,Alice2018Test,S1_new_origins,144,low-power,Expanded A,accepted,1.7136230877438454,1.0784779695420612,-0.3059443617205518,800435.2204973195,272581
Qcells,Alice2018Test,S1_new_origins,144,low-power,Expanded B,accepted,0.228599279486501,0.1670319566057759,-0.0860896547015038,14244.437201603292,272581
Qcells,Alice2018Test,S1_new_origins,144,low-power,Daily,accepted,0.0011274256804494,0.0001621946879301,-6.819695285498065e-05,0.3464746193771795,272581
Qcells,Alice2018Test,S1_new_origins,144,low-power,Last-value,accepted,3.40860267803521,2.887500827272385,2.8872424972565485,3167002.0334027032,272581
Qcells,Alice2018Test,S1_new_origins,144,low-power,Inverted42,accepted,1.0437772969276264,0.6898609038647041,-0.0282394798584993,296969.1070756624,272581
Qcells,Alice2018Test,S1_new_origins,144,low-power,Inverted43,accepted,1.090038713702982,0.7382610434330739,-0.247249729959454,323876.4912198532,272581
Qcells,Alice2018Test,S1_new_origins,144,low-power,Inverted44,accepted,1.0453871957629992,0.6914857912062402,-0.1007774311848336,297885.8906057886,272581
Qcells,Alice2018Test,S1_new_origins,144,low-power,Joint-patch Transformer42,accepted,0.7920681643141465,0.5627238053600151,0.042072560868115,171009.68084082555,272581
Qcells,Alice2018Test,S1_new_origins,144,low-power,Joint-patch Transformer43,accepted,0.7949611756604457,0.5502419305241874,0.05515966449863,172261.18031996224,272581
Qcells,Alice2018Test,S1_new_origins,144,low-power,Joint-patch Transformer44,accepted,0.7381714599650054,0.4365491042347983,0.2234693803744656,148528.59758907027,272581
Qcells,Alice2018Test,S2_new_origins,144,full,Original A,accepted,1.7553007507897216,1.1748878716755713,-0.5997821452888751,1627525.4339100907,528232
Qcells,Alice2018Test,S2_new_origins,144,full,Original B,accepted,0.3393095858092701,0.2004949499522808,-0.024401736408975,60815.87576249197,528232
Qcells,Alice2018Test,S2_new_origins,144,full,Expanded A,accepted,1.7553007507897216,1.1748878716755713,-0.5997821452888751,1627525.4339100907,528232
Qcells,Alice2018Test,S2_new_origins,144,full,Expanded B,accepted,0.3177493595851184,0.1929693648179866,-0.0381194902475605,53332.7619129254,528232
Qcells,Alice2018Test,S2_new_origins,144,full,Daily,accepted,0.2978319134561479,0.0754468481912957,-0.0021424639265326,46856.21139220992,528232
Qcells,Alice2018Test,S2_new_origins,144,full,Last-value,accepted,3.027558026384778,2.487544935489112,1.1740560125966684,4841831.351414924,528232
Qcells,Alice2018Test,S2_new_origins,144,full,Inverted42,accepted,1.2333699619791008,0.8204217407738706,-0.3137425405426119,803547.2912627514,528232
Qcells,Alice2018Test,S2_new_origins,144,full,Inverted43,accepted,1.2535923922232213,0.8517684986203586,-0.4456670690041567,830113.3583050026,528232
Qcells,Alice2018Test,S2_new_origins,144,full,Inverted44,accepted,1.2312491128673664,0.826077060428263,-0.358605912568541,800786.1776062467,528232
Qcells,Alice2018Test,S2_new_origins,144,full,Joint-patch Transformer42,accepted,1.154710959123491,0.8281413820297092,-0.3333024660787336,704322.0456518991,528232
Qcells,Alice2018Test,S2_new_origins,144,full,Joint-patch Transformer43,accepted,1.243627379182021,0.8832574116474753,-0.4103505362747887,816968.3960581174,528232
Qcells,Alice2018Test,S2_new_origins,144,full,Joint-patch Transformer44,accepted,1.1490615447886663,0.773380776742064,-0.2833284105149183,697447.1244446186,528232
Qcells,Alice2018Test,S2_new_origins,144,power-active,Original A,accepted,1.7997921716745484,1.278586428976074,-0.915466528710839,825805.1517440947,254937
Qcells,Alice2018Test,S2_new_origins,144,power-active,Original B,accepted,0.3805243500976706,0.2225121551187474,0.0208116488149179,36914.56683619584,254937
Qcells,Alice2018Test,S2_new_origins,144,power-active,Expanded A,accepted,1.7997921716745484,1.278586428976074,-0.915466528710839,825805.1517440947,254937
Qcells,Alice2018Test,S2_new_origins,144,power-active,Expanded B,accepted,0.3913685727888381,0.2206892926865155,0.012655135067085,39048.53707086158,254937
Qcells,Alice2018Test,S2_new_origins,144,power-active,Daily,accepted,0.4287119022957255,0.1561512297427901,-0.0043682599146071,46855.86425295931,254937
Qcells,Alice2018Test,S2_new_origins,144,power-active,Last-value,accepted,2.5589527500779026,2.061661715256024,-0.6596241901373667,1669388.451100312,254937
Qcells,Alice2018Test,S2_new_origins,144,power-active,Inverted42,accepted,1.4084592026248577,0.9603712958509176,-0.6201854671418205,505733.1412804517,254937
Qcells,Alice2018Test,S2_new_origins,144,power-active,Inverted43,accepted,1.408001653317024,0.9735761559099232,-0.6590527027632689,505404.6116892738,254937
Qcells,Alice2018Test,S2_new_origins,144,power-active,Inverted44,accepted,1.4032916685437822,0.9703864702083712,-0.6356498721355328,502028.9529531789,254937
Qcells,Alice2018Test,S2_new_origins,144,power-active,Joint-patch Transformer42,accepted,1.4451745383882153,1.1121646967391734,-0.7371821999987122,532443.4314783021,254937
Qcells,Alice2018Test,S2_new_origins,144,power-active,Joint-patch Transformer43,accepted,1.589208647280594,1.239791455953268,-0.9104540069389184,643864.8399709617,254937
Qcells,Alice2018Test,S2_new_origins,144,power-active,Joint-patch Transformer44,accepted,1.4663651574616332,1.133877425494779,-0.8273737221304166,548172.3633426314,254937
Qcells,Alice2018Test,S2_new_origins,144,low-power,Original A,accepted,1.7127563731732147,1.078155040476617,-0.3053031769343672,801720.2821659963,273295
Qcells,Alice2018Test,S2_new_origins,144,low-power,Original B,accepted,0.2957297386579551,0.1799567028803494,-0.066578010357725,23901.308926296144,273295
Qcells,Alice2018Test,S2_new_origins,144,low-power,Expanded A,accepted,1.7127563731732147,1.078155040476617,-0.3053031769343672,801720.2821659963,273295
Qcells,Alice2018Test,S2_new_origins,144,low-power,Expanded B,accepted,0.2286190920784001,0.1671114630963336,-0.0854834400228574,14284.224842063806,273295
Qcells,Alice2018Test,S2_new_origins,144,low-power,Daily,accepted,0.001127031404355,0.0001636087628636,-6.618096558667525e-05,0.3471392506249035,273295
Qcells,Alice2018Test,S2_new_origins,144,low-power,Last-value,accepted,3.407070058676426,2.88482037234878,2.884562717236002,3172442.900314617,273295
Qcells,Alice2018Test,S2_new_origins,144,low-power,Inverted42,accepted,1.04389500884188,0.6898729940983839,-0.0278842541545608,297814.1499823,273295
Qcells,Alice2018Test,S2_new_origins,144,low-power,Inverted43,accepted,1.0900116772000807,0.7381430070217939,-0.2466151532587288,324708.7466157292,273295
Qcells,Alice2018Test,S2_new_origins,144,low-power,Inverted44,accepted,1.0455465301068014,0.6914613228512434,-0.1001717812447694,298757.2246530682,273295
Qcells,Alice2018Test,S2_new_origins,144,low-power,Joint-patch Transformer42,accepted,0.7930399733464006,0.5631967186363552,0.0434475210280833,171878.6141735969,273295
Qcells,Alice2018Test,S2_new_origins,144,low-power,Joint-patch Transformer43,accepted,0.7958608689472288,0.5506727699482641,0.0561595663641224,173103.55608715548,273295
Qcells,Alice2018Test,S2_new_origins,144,low-power,Joint-patch Transformer44,accepted,0.7390560036374192,0.4370997099714647,0.2241718350341048,149274.7611019872,273295
