block,count,Original A_SSE,Original B_SSE,Expanded A_SSE,Expanded B_SSE,Inverted42_SSE,Inverted43_SSE,Inverted44_SSE,Daily_SSE,Last-value_SSE,site,period,support,horizon,scope,block_hours
0,41472.0,140648341.63466397,57234907.15044348,140648129.8771259,57234907.15044348,45253189.47455364,51104244.37902271,46771385.97067479,75207642.68852983,586733284.2351406,NIST_GROUND,2017,complete_H144,144,full,24
1,15840.0,16808742.956133343,2389642.114124084,16808932.54852246,2389642.114124084,9014060.412024291,6932892.056404358,6912435.341623503,81900.59659544006,130658852.73763895,NIST_GROUND,2017,complete_H144,144,full,24
2,13778.0,8580425.178842898,3143439.0849675694,8580771.161767526,3143439.0849675694,4067101.579896887,4571999.123506553,3764823.8379822657,311548.24799344,249698237.35211986,NIST_GROUND,2017,complete_H144,144,full,24
3,31986.0,68267928.44455838,9887211.932832018,68268430.15871426,9887211.932832018,42182129.36782753,44860050.71452997,41211178.52856193,3946249.04516636,362713106.60617185,NIST_GROUND,2017,complete_H144,144,full,24
4,41408.0,84240360.82283467,39626404.332553394,84240264.53489338,39626404.332553394,51418872.16849365,52252372.36025175,57598209.583496265,70713275.81038158,276323808.0111563,NIST_GROUND,2017,complete_H144,144,full,24
5,41472.0,83528217.32820868,31984530.364118025,83528152.27378426,31984530.364118025,48092077.74801382,51110192.886084095,50257648.866571076,36480576.621051565,366746854.9561072,NIST_GROUND,2017,complete_H144,144,full,24
6,41472.0,96905661.69988734,34500436.76545638,96905494.81775577,34500436.76545638,54933968.07060656,58398111.515214585,57576257.85750661,38286731.72152695,409280930.02751297,NIST_GROUND,2017,complete_H144,144,full,24
7,41472.0,101284984.28417107,73076209.91876172,101284867.33391598,73076209.91876172,64734992.889884055,60069191.770631514,82576617.4116492,140060155.68598786,60281929.35546925,NIST_GROUND,2017,complete_H144,144,full,24
8,41472.0,98235875.07192229,39700365.888805285,98235577.49945094,39700365.888805285,55389928.71135808,52184625.366421916,63625582.98421028,43014742.00292573,141106468.11303833,NIST_GROUND,2017,complete_H144,144,full,24
9,41472.0,91986246.23922116,58350854.41823694,91986578.70069753,58350854.41823694,75142569.03206006,74168344.30652714,81280304.42267817,86232849.2554297,242176241.21801248,NIST_GROUND,2017,complete_H144,144,full,24
10,31968.0,112643247.65499389,81522478.49804421,112643055.99330258,81522478.49804421,93075339.25454397,84821441.18998325,108585606.07557555,140945223.71862566,5429289.596268838,NIST_GROUND,2017,complete_H144,144,full,24
11,16782.0,44316748.80854465,7064267.1109915245,44316648.75703443,7064267.1109915245,11555072.538203169,11160228.071903236,13036425.95197453,243494.13697004007,1416990.3699879993,NIST_GROUND,2017,complete_H144,144,full,24
12,41250.0,81489357.57370073,12504745.04828071,81489084.91289958,12504745.04828071,44520591.08738146,41367685.383949906,52680457.40762382,3280307.40007084,20013754.395571206,NIST_GROUND,2017,complete_H144,144,full,24
13,20592.0,46426113.327289306,10167418.953011017,46426369.82458867,10167418.953011017,28530284.654799793,25886193.213202488,28481670.134634458,7383147.105976,88887491.74246746,NIST_GROUND,2017,complete_H144,144,full,24
14,41328.0,84757814.37970412,17748620.839571718,84757873.0383988,17748620.839571718,55815844.658733524,52065931.849993765,57470788.90451814,12596628.241482638,178782486.80932486,NIST_GROUND,2017,complete_H144,144,full,24
15,41472.0,95871437.9832287,41715050.24693375,95871592.30400386,41715050.24693375,58815413.49373614,54731771.038896374,58089550.64352151,42410828.7921932,338354084.0497847,NIST_GROUND,2017,complete_H144,144,full,24
16,41472.0,136988290.7615311,64728080.769428425,136987722.31827447,64728080.769428425,63540684.74584223,65324075.10912376,64303157.44766819,86438669.47756341,569189490.3350219,NIST_GROUND,2017,complete_H144,144,full,24
17,41472.0,132797859.06366621,11990474.295534713,132797387.07446064,11990474.295534713,55015005.955709055,57869241.883676685,54812789.31222403,1267362.4835948003,512325457.29057175,NIST_GROUND,2017,complete_H144,144,full,24
18,41472.0,128804936.35745254,14888321.052214509,128804568.81530581,14888321.052214509,62152098.31872538,64720229.45868089,62495923.52570439,692519.8432877596,510282292.46444744,NIST_GROUND,2017,complete_H144,144,full,24
19,5328.0,22952959.265543483,2472987.935945304,22953078.08291704,2472987.935945304,14165165.470781874,10739792.948849913,10934958.556572571,282286.62347051984,73490089.65759645,NIST_GROUND,2017,complete_H144,144,full,24
20,0.0,0.0,0.0,0.0,0.0,0.0,0.0,0.0,0.0,0.0,NIST_GROUND,2017,complete_H144,144,full,24
21,0.0,0.0,0.0,0.0,0.0,0.0,0.0,0.0,0.0,0.0,NIST_GROUND,2017,complete_H144,144,full,24
22,7618.0,13848174.45696937,13515224.998424884,13848263.678934146,13515224.998424884,8797102.80537728,8440996.865600768,9665855.260470523,5671550.240158441,14040443.265253041,NIST_GROUND,2017,complete_H144,144,full,24
23,34639.0,87881052.23630504,84466521.71326901,87881189.50551358,84466521.71326901,58740969.00929557,58598203.135967515,57299361.49146655,104047686.03201507,328187819.785983,NIST_GROUND,2017,complete_H144,144,full,24
24,41472.0,125099315.61867887,31781246.578184746,125099563.85273074,31781246.578184746,100636243.11729231,100099700.0426048,102882844.60760304,40043990.71286829,423257831.0506121,NIST_GROUND,2017,complete_H144,144,full,24
25,31680.0,102225393.47582388,33102731.026141398,102225264.10738473,33102731.026141398,62204914.086887516,61209570.000403285,57768343.90100679,35436221.183037184,370094379.9910091,NIST_GROUND,2017,complete_H144,144,full,24
26,30316.0,52400641.37009869,11567516.51413257,52401919.2400126,11567516.51413257,26544703.008697756,26431887.46415032,26534308.977888547,17637519.57861952,303754210.73820555,NIST_GROUND,2017,complete_H144,144,full,24
27,41396.0,104267928.79869974,34267373.95434162,104267713.5024109,34267373.95434162,89847993.72771025,90200362.13568158,100168682.57153235,47039181.706777,335706582.3270852,NIST_GROUND,2017,complete_H144,144,full,24
28,41472.0,134832992.9764867,115216964.97700496,134832940.42292398,115216964.97700496,96710361.51746698,86926291.45162413,109993533.77983105,191622373.4701661,21258570.0917628,NIST_GROUND,2017,complete_H144,144,full,24
29,41472.0,156708523.3250872,192306777.60993704,156708498.57565644,192306777.60993704,131126167.96816057,135260941.5986577,126230645.24895313,292616126.03616583,517876011.2123684,NIST_GROUND,2017,complete_H144,144,full,24
30,41472.0,129146739.54375884,27267549.749834493,129146131.48611437,27267549.749834493,79023611.37497136,82586491.10426228,77102794.0108776,34841166.08848862,498927594.5983297,NIST_GROUND,2017,complete_H144,144,full,24
31,41472.0,62854334.14312534,96916947.62712167,62854457.620768905,96916947.62712167,90640108.93349887,80687592.54456553,94678562.58329658,211236572.7130126,53922518.39497187,NIST_GROUND,2017,complete_H144,144,full,24
32,41472.0,116421044.81178677,96803161.79818419,116421031.1546835,96803161.79818419,69082807.51129429,72104052.58034828,69435295.33265127,140218121.19299093,394855571.01566786,NIST_GROUND,2017,complete_H144,144,full,24
33,41472.0,80271359.92222016,58405999.31331192,80271506.0491151,58405999.31331192,118483423.87644455,112195116.66797212,133385094.46208653,99078694.83483185,136947367.30404568,NIST_GROUND,2017,complete_H144,144,full,24
34,41472.0,129960589.00402991,73893380.34811147,129961071.02889371,73893380.34811147,123998070.56442852,121384990.75287223,128307359.8814349,87178560.30482051,333704081.8928318,NIST_GROUND,2017,complete_H144,144,full,24
35,41472.0,92990025.2257,91594259.13994375,92989884.07241245,91594259.13994375,55214724.06295272,49785051.25363673,63574636.40741136,174960153.0268714,12927565.434369955,NIST_GROUND,2017,complete_H144,144,full,24
36,41472.0,93938534.68036646,50645366.30215799,93938905.37028858,50645366.30215799,68414632.61351407,68276138.51917776,75878284.67284898,72093537.66556545,139041860.4029029,NIST_GROUND,2017,complete_H144,144,full,24
37,41472.0,113649599.00704141,58088099.914431885,113649840.69813383,58088099.914431885,148008188.69634667,139820757.3260257,157241435.52284715,76372395.95205747,4238398.774709162,NIST_GROUND,2017,complete_H144,144,full,24
38,41472.0,51105419.33877588,11378636.365256527,51105313.1934065,11378636.365256527,38678935.29424455,35622313.263013594,41516385.37275785,11951788.913975889,28630869.38308746,NIST_GROUND,2017,complete_H144,144,full,24
39,20880.0,27068196.86418125,6736387.659948645,27068213.32523316,6736387.659948645,38546524.84045391,33283071.872716855,40954368.54990476,3144210.798814482,13747540.128951164,NIST_GROUND,2017,complete_H144,144,full,24
40,41041.0,124806491.0737702,116295279.1788046,124806575.50034429,116295279.1788046,83012281.16835222,82756832.73630081,85501071.57289797,169198501.20667055,378053738.86441076,NIST_GROUND,2017,complete_H144,144,full,24
41,41471.0,112264806.02123293,38131802.092338525,112264615.57927923,38131802.092338525,89808875.21947587,90663331.28022255,95431617.78899585,57289578.0709233,398590362.3205617,NIST_GROUND,2017,complete_H144,144,full,24
42,40464.0,52700494.604461476,23749875.389364026,52700502.13881558,23749875.389364026,43662776.799528256,41377255.97951884,44632074.078498855,56212387.975181,158778397.73323706,NIST_GROUND,2017,complete_H144,144,full,24
43,21593.0,22091939.77779224,7034672.424382727,22092150.028978884,7034672.424382727,23745212.973194126,22794982.3396371,22887866.644877322,7923794.957207681,108507820.51407528,NIST_GROUND,2017,complete_H144,144,full,24
44,12342.0,24111909.471223574,17839971.796903368,24111532.66307868,17839971.796903368,47039298.506900616,39615469.76934804,45478098.8492512,29261803.431948755,34392556.90744065,NIST_GROUND,2017,complete_H144,144,full,24
45,34704.0,89514732.60242534,72529299.45184399,89514485.55506226,72529299.45184399,66099675.84539607,70650162.19356792,70901777.0786421,114248813.30871223,366780580.31746334,NIST_GROUND,2017,complete_H144,144,full,24
46,27027.0,49590636.91168218,17976490.88330345,49591694.726791434,17976490.88330345,21799932.54216072,20486035.399976548,20328148.821416467,11974959.215257438,204721623.2358769,NIST_GROUND,2017,complete_H144,144,full,24
47,20556.0,53888159.15858542,18741761.213224173,53888433.67346068,18741761.213224173,45936234.541743346,42010208.12106178,40508693.579585895,20291913.51923392,80535007.55813813,NIST_GROUND,2017,complete_H144,144,full,24
48,41328.0,65778071.54695345,75265075.02093251,65778446.87239709,75265075.02093251,95972773.38401112,88269901.01651125,104776980.29826148,161671728.00773066,75502306.1988493,NIST_GROUND,2017,complete_H144,144,full,24
49,41472.0,105748641.82899876,42934811.15878904,105749221.11956103,42934811.15878904,76069980.20264359,71652296.28274463,78567087.46942125,45966188.46148268,162660992.21785215,NIST_GROUND,2017,complete_H144,144,full,24
50,41472.0,138760308.71505782,80961558.29935269,138760192.29993752,80961558.29935269,91882714.38113695,95265848.73469086,90925521.86562009,118277455.01263602,463150135.47316456,NIST_GROUND,2017,complete_H144,144,full,24
51,41472.0,80232481.54781449,28473630.116145693,80232639.46746252,28473630.116145693,83203729.64252847,81353136.91114837,89781097.91901366,46578310.90350666,257143902.78750873,NIST_GROUND,2017,complete_H144,144,full,24
52,41472.0,138552799.497063,54842444.94435103,138553043.4246397,54842444.94435103,105993097.5029258,109126447.82842126,105886973.28736193,50010288.94892344,424413292.23932755,NIST_GROUND,2017,complete_H144,144,full,24
53,41472.0,134575616.387568,23630625.67597105,134575144.61227596,23630625.67597105,81250683.1238334,83112415.20141385,82923323.43883452,22401628.865636334,465016342.40278786,NIST_GROUND,2017,complete_H144,144,full,24
54,41472.0,129340788.15535526,13601762.726467438,129340481.51505078,13601762.726467438,74002078.47551632,75889107.13745691,73771399.84490992,1271372.0348498,418174644.3969627,NIST_GROUND,2017,complete_H144,144,full,24
55,41472.0,100968040.60630563,29281567.11188217,100968088.32175823,29281567.11188217,97491203.29500413,95760639.15086107,104901481.9897447,39092159.851398714,295200605.438425,NIST_GROUND,2017,complete_H144,144,full,24
56,41472.0,119374747.32731569,38367749.015874766,119374816.53217022,38367749.015874766,100937007.03555664,99938989.67486066,105344682.12775081,45778493.06173765,408208267.1366444,NIST_GROUND,2017,complete_H144,144,full,24
57,41472.0,103960963.22470069,26818549.914234094,103960787.21373639,26818549.914234094,98479682.74600574,95126530.4115215,97657066.02682984,20439464.120156456,343358938.9742251,NIST_GROUND,2017,complete_H144,144,full,24
58,41472.0,104191069.17967562,20802115.12121546,104190439.06844841,20802115.12121546,77510200.27800043,78024913.46642452,77850775.47310236,18556787.320938654,392489393.48179483,NIST_GROUND,2017,complete_H144,144,full,24
59,41472.0,111312623.62061656,13065718.602238592,111312461.19691242,13065718.602238592,92158031.30576524,92505815.67591411,91339645.00282043,2339014.805781361,358113602.0588873,NIST_GROUND,2017,complete_H144,144,full,24
60,41472.0,78143155.7939967,24838987.06181497,78143486.73543175,24838987.06181497,79174032.2820883,74657992.09330532,79711113.04184848,35356949.2329124,206900312.17990017,NIST_GROUND,2017,complete_H144,144,full,24
61,20592.0,70738380.0846964,21039744.085613012,70738436.86196856,21039744.085613012,71398471.98384021,70652426.65875454,73513507.39919364,20340255.109820355,143760119.57556564,NIST_GROUND,2017,complete_H144,144,full,24
62,41328.0,62687820.67902789,27809922.927814078,62688219.359785415,27809922.927814078,103591082.52796198,100375741.47012879,109678863.39028272,51717155.91949407,164793783.24137834,NIST_GROUND,2017,complete_H144,144,full,24
63,41472.0,101869335.77229571,49808426.284908965,101869068.52703083,49808426.284908965,92417460.77899955,94154288.70687933,90510282.03434396,52084523.93837515,361771924.90604156,NIST_GROUND,2017,complete_H144,144,full,24
64,33552.0,50719999.17056401,18684209.54020221,50720149.74959922,18684209.54020221,70059734.65607035,67055131.750565425,73444580.7790074,36723547.243662536,168058463.6002471,NIST_GROUND,2017,complete_H144,144,full,24
65,22968.0,44829671.91630771,8443435.502467792,44829440.97613082,8443435.502467792,24155745.583716694,22906428.19864665,26049585.15369605,10600674.581814189,19308100.702179678,NIST_GROUND,2017,complete_H144,144,full,24
66,41256.0,103117245.45191094,48942909.45783449,103117345.08976655,48942909.45783449,77796434.57614376,77633708.7644708,78714784.34862101,56012993.82245228,214868487.7749068,NIST_GROUND,2017,complete_H144,144,full,24
67,41472.0,120489645.65923606,43504627.98916006,120490075.90969118,43504627.98916006,122213941.18449102,123702079.70015901,129314761.86937839,42786939.69579769,322322644.50669265,NIST_GROUND,2017,complete_H144,144,full,24
68,41472.0,61146903.740064815,61093460.842167504,61146827.03154646,61093460.842167504,112523548.74816294,104313890.89541717,119025121.48776256,121552625.11033872,24636017.695775844,NIST_GROUND,2017,complete_H144,144,full,24
69,41472.0,84256019.73752226,26877593.862544753,84255869.97464123,26877593.862544753,78919806.07915835,69431886.42283872,69979957.97842789,15422949.552380607,8154.622898920004,NIST_GROUND,2017,complete_H144,144,full,24
70,24624.0,42814095.41195057,6661809.394954077,42814072.23716517,6661809.394954077,42733937.94133825,36715945.802657224,37835147.284262665,479676.70732312015,520519.80405360035,NIST_GROUND,2017,complete_H144,144,full,24
71,16493.0,50601509.20832484,53755196.925876446,50600035.14430383,53755196.925876446,49098753.91115146,51149676.9155475,55074734.55013847,68251102.28125119,67301975.19442591,NIST_GROUND,2017,complete_H144,144,full,24
72,37701.0,67375781.86429971,65630295.92758675,67376056.55999821,65630295.92758675,49379463.925063595,44872862.68004421,51345732.850707486,120374242.10975039,42102299.748058766,NIST_GROUND,2017,complete_H144,144,full,24
73,24167.0,20557248.056141805,9778465.350320773,20558054.76008526,9778465.350320773,9841127.436701067,9527552.390234856,8973470.605325703,40076841.58084647,219378358.89941347,NIST_GROUND,2017,complete_H144,144,full,24
74,20509.0,48439536.23744963,43087570.487208836,48439181.56732878,43087570.487208836,50939872.75706478,46951223.358655035,50823413.42849546,69436296.85507634,60607401.758577615,NIST_GROUND,2017,complete_H144,144,full,24
75,41328.0,76624874.8368828,64181963.43721493,76625077.46154062,64181963.43721493,128135584.13730183,118880000.2723673,126461109.45636673,122005118.95494017,10207048.08793184,NIST_GROUND,2017,complete_H144,144,full,24
76,41472.0,149873805.82856402,148051376.6506024,149874409.94878876,148051376.6506024,113326213.29028806,113071994.16278726,117064531.52869418,217483267.9731272,351800351.52232313,NIST_GROUND,2017,complete_H144,144,full,24
77,41472.0,66083072.58162963,51988803.8230953,66083532.13056254,51988803.8230953,91568703.21146774,87706349.25471662,97034173.20025711,104891454.03793487,84310890.39183603,NIST_GROUND,2017,complete_H144,144,full,24
78,41472.0,112847115.23790939,70638969.33487785,112847115.63581361,70638969.33487785,81947523.00093983,81268435.34872037,83100555.50032412,79027286.2625771,286640406.0264932,NIST_GROUND,2017,complete_H144,144,full,24
79,41472.0,100241712.73248038,32023233.600272994,100241244.78739402,32023233.600272994,108086910.02429654,109150238.4211018,113465181.47843117,41179185.05637693,309743359.49403936,NIST_GROUND,2017,complete_H144,144,full,24
80,16128.0,34803432.68411322,26384073.367387168,34803593.3276826,26384073.367387168,59055793.354997054,55884826.512003176,60638674.0553502,34240950.75220217,16019044.033046441,NIST_GROUND,2017,complete_H144,144,full,24
81,41184.0,97309293.12833482,99313675.2614461,97309055.44766343,99313675.2614461,96520223.16054897,95220039.6879531,97560657.28581499,146661328.6837051,358859477.5009478,NIST_GROUND,2017,complete_H144,144,full,24
82,41472.0,61136378.198469214,65011073.45217378,61136435.86531306,65011073.45217378,70862913.99126229,65307436.6241826,74845167.60998206,134857265.5280644,32236524.381656084,NIST_GROUND,2017,complete_H144,144,full,24
83,41472.0,109565620.56776376,30226562.499479905,109565682.76837699,30226562.499479905,77018215.42663623,72830432.19925876,86100698.86478819,18399344.03125056,2373607.052076241,NIST_GROUND,2017,complete_H144,144,full,24
84,20592.0,36129499.12894222,7741029.356873651,36128365.774397455,7741029.356873651,100384237.03720613,92922030.16841118,109395145.33077577,13405472.622205395,19703896.436847597,NIST_GROUND,2017,complete_H144,144,full,24
85,41328.0,146150822.08646554,120611638.24991356,146151823.24852723,120611638.24991356,98398508.68550198,103464493.59632537,99808904.76079257,162566281.8991915,378387729.0589291,NIST_GROUND,2017,complete_H144,144,full,24
86,41472.0,130322194.22629806,31995872.072910808,130322132.12106717,31995872.072910808,90829972.43511312,90533655.41255529,89737927.21499455,33647997.509270646,383511026.52486897,NIST_GROUND,2017,complete_H144,144,full,24
87,41472.0,82575495.46786052,51069765.31535838,82576025.53698799,51069765.31535838,67237706.05116026,63438436.24831458,65236600.23788364,88575580.30714247,179337425.83392614,NIST_GROUND,2017,complete_H144,144,full,24
88,16272.0,57355505.23767967,37922993.13308217,57355541.68907469,37922993.13308217,29783263.83394247,24780939.377279066,23671769.758931827,39225346.83153309,96189667.49962714,NIST_GROUND,2017,complete_H144,144,full,24
89,22969.0,43263930.92495577,17770142.73158969,43265169.99377385,17770142.73158969,41646758.78370611,40028432.09146142,41136504.18724112,9661033.966332838,121342215.7183701,NIST_GROUND,2017,complete_H144,144,full,24
90,20355.0,27885491.36875803,21068414.883421287,27885205.516908213,21068414.883421287,40000970.86461055,35066142.43347418,36810461.028384365,31170112.146659058,20337697.702120367,NIST_GROUND,2017,complete_H144,144,full,24
91,39888.0,33949877.0964832,19712826.959676746,33950209.05808517,19712826.959676746,82654796.30323225,78243929.35436273,88373116.98488893,38975608.70141903,67266135.89763649,NIST_GROUND,2017,complete_H144,144,full,24
0,57312.0,157457084.59079728,59624549.26456757,157457062.42564836,59624549.26456757,54267249.88657794,58037136.43542707,53683821.3122983,75289543.28512524,717392136.9727794,NIST_GROUND,2017,complete_H144,144,full,48
1,45764.0,76848353.62340125,13030651.01779959,76849201.32048175,13030651.01779959,46249230.94772441,49432049.83803652,44976002.36654419,4257797.293159801,612411343.9582916,NIST_GROUND,2017,complete_H144,144,full,48
2,82880.0,167768578.15104315,71610934.69667146,167768416.80867746,71610934.69667146,99510949.9165075,103362565.24633572,107855858.45006725,107193852.43143314,643070662.9672629,NIST_GROUND,2017,complete_H144,144,full,48
3,82944.0,198190645.98405853,107576646.684218,198190362.15167192,107576646.684218,119668960.9604906,118467303.28584608,140152875.26915577,178346887.40751478,469562859.38298243,NIST_GROUND,2017,complete_H144,144,full,48
4,82944.0,190222121.31114355,98051220.30704227,190222156.20014837,98051220.30704227,130532497.74341832,126352969.67294921,144905887.40688834,129247591.25835542,383282709.33105105,NIST_GROUND,2017,complete_H144,144,full,48
5,48750.0,156959996.46353862,88586745.60903575,156959704.75033697,88586745.60903575,104630411.79274717,95981669.26188658,121622032.02755,141188717.8555956,6846279.966256841,NIST_GROUND,2017,complete_H144,144,full,48
6,61842.0,127915470.90099004,22672164.001291715,127915454.73748818,22672164.001291715,73050875.74218126,67253878.59715241,81162127.54225832,10663454.50604685,108901246.13803865,NIST_GROUND,2017,complete_H144,144,full,48
7,82800.0,180629252.36293265,59463671.0865055,180629465.3424026,59463671.0865055,114631258.15246965,106797702.88889016,115560339.54803978,55007457.03367584,517136570.85910964,NIST_GROUND,2017,complete_H144,144,full,48
8,82944.0,269786149.8251973,76718555.06496318,269785109.3927349,76718555.06496318,118555690.70155112,123193316.99280053,119115946.75989221,87706031.96115841,1081514947.6255934,NIST_GROUND,2017,complete_H144,144,full,48
9,46800.0,151757895.6229961,17361308.988159806,151757646.89822277,17361308.988159806,76317263.78950723,75460022.40753081,73430882.08227699,974806.4667582795,583772382.1220438,NIST_GROUND,2017,complete_H144,144,full,48
10,0.0,0.0,0.0,0.0,0.0,0.0,0.0,0.0,0.0,0.0,NIST_GROUND,2017,complete_H144,144,full,48
11,42257.0,101729226.69327454,97981746.7116939,101729453.18444769,97981746.7116939,67538071.81467284,67039200.00156827,66965216.75193708,109719236.27217354,342228263.05123615,NIST_GROUND,2017,complete_H144,144,full,48
12,73152.0,227324709.09450266,64883977.604326114,227324827.96011537,64883977.604326114,162841157.20418,161309270.04300806,160651188.50860983,75480211.89590542,793352211.0416214,NIST_GROUND,2017,complete_H144,144,full,48
13,71712.0,156668570.16879848,45834890.4684742,156669632.74242356,45834890.4684742,116392696.73640792,116632249.59983194,126702991.54942097,64676701.28539648,639460793.0652908,NIST_GROUND,2017,complete_H144,144,full,48
14,82944.0,291541516.3015736,307523742.5869419,291541438.99858046,307523742.5869419,227836529.48562747,222187233.0502818,236224179.02878413,484238499.50633216,539134581.3041313,NIST_GROUND,2017,complete_H144,144,full,48
15,82944.0,192001073.68688422,124184497.37695621,192000589.1068833,124184497.37695621,169663720.30847055,163274083.6488279,171781356.59417415,246077738.80150124,552850112.9933017,NIST_GROUND,2017,complete_H144,144,full,48
16,82944.0,196692404.7340069,155209161.11149618,196692537.20379877,155209161.11149618,187566231.3877389,184299169.2483201,202820389.7947375,239296816.02782258,531802938.31971395,NIST_GROUND,2017,complete_H144,144,full,48
17,82944.0,222950614.2297299,165487639.48805502,222950955.1013061,165487639.48805502,179212794.6273813,171170042.00650904,191881996.28884634,262138713.33169165,346631647.3272014,NIST_GROUND,2017,complete_H144,144,full,48
18,82944.0,207588133.6874076,108733466.2165898,207588746.06842262,108733466.2165898,216422821.30986083,208096895.84520358,233119720.19569618,148465933.61762273,143280259.17761186,NIST_GROUND,2017,complete_H144,144,full,48
19,62352.0,78173616.20295714,18115024.02520517,78173526.5186397,18115024.02520517,77225460.13469847,68905385.13573046,82470753.92266259,15095999.71279038,42378409.51203871,NIST_GROUND,2017,complete_H144,144,full,48
20,82512.0,237071297.09500328,154427081.2711433,237071191.07962385,154427081.2711433,172821156.3878281,173420164.01652324,180932689.3618939,226488079.27759382,776644101.184973,NIST_GROUND,2017,complete_H144,144,full,48
21,62057.0,74792434.38225372,30784547.813746743,74792652.16779447,30784547.813746743,67407989.77272236,64172238.31915592,67519940.72337621,64136182.932388626,267286218.24731258,NIST_GROUND,2017,complete_H144,144,full,48
22,47046.0,113626642.0736489,90369271.24874732,113626018.21814096,90369271.24874732,113138974.3522966,110265631.96291594,116379875.92789331,143510616.7406611,401173137.2249038,NIST_GROUND,2017,complete_H144,144,full,48
23,47583.0,103478796.0702676,36718252.0965276,103480128.40025209,36718252.0965276,67736167.08390406,62496243.521038316,60836842.40100235,32266872.734491356,285256630.79401493,NIST_GROUND,2017,complete_H144,144,full,48
24,82800.0,171526713.37595206,118199886.17972147,171527667.991958,118199886.17972147,172042753.58665475,159922197.29925594,183344067.76768264,207637916.46921325,238163298.41670147,NIST_GROUND,2017,complete_H144,144,full,48
25,82944.0,218992790.26287252,109435188.4154984,218992831.76740032,109435188.4154984,175086444.02366555,176618985.6458393,180706619.7846338,164855765.91614246,720294038.2606741,NIST_GROUND,2017,complete_H144,144,full,48
26,82944.0,273128415.88463116,78473070.62032194,273128188.03691566,78473070.62032194,187243780.6267592,192238863.02983493,188810296.72619653,72411917.81455974,889429634.6421146,NIST_GROUND,2017,complete_H144,144,full,48
27,82944.0,230308828.76166058,42883329.838349566,230308569.83680886,42883329.838349566,171493281.77052078,171649746.28831822,178672881.83465478,40363531.88624851,713375249.8353872,NIST_GROUND,2017,complete_H144,144,full,48
28,82944.0,223335710.55201644,65186298.93010891,223335603.7459069,65186298.93010891,199416689.78156278,195065520.08638245,203001748.15458065,66217957.18189408,751567206.1108705,NIST_GROUND,2017,complete_H144,144,full,48
29,82944.0,215503692.80029228,33867833.72345407,215502900.26536125,33867833.72345407,169668231.58376566,170530729.14233866,169190420.47592282,20895802.12672002,750602995.5406826,NIST_GROUND,2017,complete_H144,144,full,48
30,62064.0,148881535.87869313,45878731.14742798,148881923.59740025,45878731.14742798,150572504.26592857,145310418.75205985,153224620.441042,55697204.3427328,350660431.7554654,NIST_GROUND,2017,complete_H144,144,full,48
31,82800.0,164557156.45132384,77618349.21272302,164557287.88681608,77618349.21272302,196008543.3069616,194530030.17700827,200189145.4246267,103801679.85786904,526565708.1474201,NIST_GROUND,2017,complete_H144,144,full,48
32,56520.0,95549671.08687179,27127645.042670015,95549590.72573003,27127645.042670015,94215480.239787,89961559.9492121,99494165.93270342,47324221.825476736,187366564.3024267,NIST_GROUND,2017,complete_H144,144,full,48
33,82728.0,223606891.11114708,92447537.44699457,223607420.9994576,92447537.44699457,200010375.760635,201335788.46462998,208029546.21799925,98799933.51825003,537191132.2816001,NIST_GROUND,2017,complete_H144,144,full,48
34,82944.0,145402923.47758713,87971054.70471233,145402697.0061877,87971054.70471233,191443354.8273213,173745777.318256,189005079.46619037,136975574.66271898,24644172.318674825,NIST_GROUND,2017,complete_H144,144,full,48
35,41117.0,93415604.6202755,60417006.32083052,93414107.38146901,60417006.32083052,91832691.85248974,87865622.7182046,92909881.8344011,68730778.98857431,67822494.99847949,NIST_GROUND,2017,complete_H144,144,full,48
36,61868.0,87933029.9204415,75408761.27790749,87934111.32008348,75408761.27790749,59220591.36176466,54400415.07027903,60319203.456033185,160451083.69059682,261480658.6474722,NIST_GROUND,2017,complete_H144,144,full,48
37,61837.0,125064411.07433231,107269533.9244238,125064259.02886942,107269533.9244238,179075456.8943664,165831223.6310221,177284522.88486204,191441415.8100166,70814449.84650944,NIST_GROUND,2017,complete_H144,144,full,48
38,82944.0,215956878.41019374,200040180.47369757,215957942.07935143,200040180.47369757,204894916.50175598,200778343.41750374,214098704.72895142,322374722.01106215,436111241.9141597,NIST_GROUND,2017,complete_H144,144,full,48
39,82944.0,213088827.97038978,102662202.9351509,213088360.42320755,102662202.9351509,190034433.0252366,190418673.76982233,196565736.97875535,120206471.3189541,596383765.5205318,NIST_GROUND,2017,complete_H144,144,full,48
40,57312.0,132112725.81244805,125697748.62883325,132112648.775346,125697748.62883325,155576016.5155461,151104866.19995612,158199331.34116516,180902279.4359073,374878521.53399414,NIST_GROUND,2017,complete_H144,144,full,48
41,82944.0,170701998.766233,95237635.95165385,170702118.6336902,95237635.95165385,147881129.4178986,138137868.82344133,160945866.4747702,153256609.5593151,34610131.43373237,NIST_GROUND,2017,complete_H144,144,full,48
42,61920.0,182280321.21540797,128352667.60678716,182280189.0229247,128352667.60678716,198782745.72270817,196386523.76473653,209204050.09156844,175971754.52139693,398091625.49577653,NIST_GROUND,2017,complete_H144,144,full,48
43,82944.0,212897689.6941585,83065637.38826907,212898157.6580552,83065637.38826907,158067678.4862734,153972091.66086978,154974527.4528782,122223577.81641294,562848452.3587942,NIST_GROUND,2017,complete_H144,144,full,48
44,39241.0,100619436.16263558,55693135.86467193,100620711.68284842,55693135.86467193,71430022.6176486,64809371.4687405,64808273.94617291,48886380.79786589,217531883.21799698,NIST_GROUND,2017,complete_H144,144,full,48
45,60243.0,61835368.46524123,40781241.84309801,61835414.574993424,40781241.84309801,122655767.16784276,113310071.787837,125183578.0132733,70145720.84807819,87603833.59975693,NIST_GROUND,2017,complete_H144,144,full,48
0,71090.0,166037509.76964027,62767988.34953509,166037833.58741593,62767988.34953509,58334351.466474846,62609135.55893361,57448645.15028059,75601091.53311867,967090374.3248988,NIST_GROUND,2017,complete_H144,144,full,72
1,114866.0,236036506.59560147,81498146.62950338,236036846.9673917,81498146.62950338,141693079.28433502,148222615.96086583,149067036.97862944,111140101.47659953,1005783769.573436,NIST_GROUND,2017,complete_H144,144,full,72
2,124416.0,296426521.0559809,147277012.57302308,296425939.6511228,147277012.57302308,175058889.67184868,170651928.65226802,203778458.25336593,221361629.41044062,610669327.4960216,NIST_GROUND,2017,complete_H144,144,full,72
3,90222.0,248946242.70275953,146937600.0272726,248946283.45103458,146937600.0272726,179772980.82480702,170150013.56841356,202902336.45022848,227421567.1110252,249022521.18426946,NIST_GROUND,2017,complete_H144,144,full,72
4,103170.0,212673285.28069404,40420784.84086343,212673327.7758871,40420784.84086343,128866720.40091486,119319810.4471462,138632916.44677648,23260082.74752947,287683732.94736385,NIST_GROUND,2017,complete_H144,144,full,72
5,124416.0,365657587.8084258,118433605.3118969,365656701.69673866,118433605.3118969,177371104.19528723,177925088.03169683,177205497.40341392,130116860.75335155,1419869031.6753783,NIST_GROUND,2017,complete_H144,144,full,72
6,46800.0,151757895.6229961,17361308.988159806,151757646.89822277,17361308.988159806,76317263.78950723,75460022.40753081,73430882.08227699,974806.4667582795,583772382.1220438,NIST_GROUND,2017,complete_H144,144,full,72
7,42257.0,101729226.69327454,97981746.7116939,101729453.18444769,97981746.7116939,67538071.81467284,67039200.00156827,66965216.75193708,109719236.27217354,342228263.05123615,NIST_GROUND,2017,complete_H144,144,full,72
8,103468.0,279725350.4646015,76451494.1184587,279726747.20012766,76451494.1184587,189385860.2128779,187741157.50715846,187185497.48649824,93117731.47452497,1097106421.7798266,NIST_GROUND,2017,complete_H144,144,full,72
9,124340.0,395809445.100274,341791116.54128355,395809152.500992,341791116.54128355,317684523.2133377,312387595.1859637,336392861.60031635,531277681.213109,874841163.6312163,NIST_GROUND,2017,complete_H144,144,full,72
10,124416.0,308422118.4986716,220987659.17514047,308421620.26156664,220987659.17514047,238746527.81976512,235378136.22917613,241216651.92682567,386295859.99449235,947705684.0089698,NIST_GROUND,2017,complete_H144,144,full,72
11,124416.0,303221974.15195036,223893638.80136684,303222461.1504214,223893638.80136684,297696218.50382566,283365158.6744814,325267090.7509329,361217408.1665235,483579014.6312475,NIST_GROUND,2017,complete_H144,144,full,72
12,124416.0,258693553.0261837,120112102.58184636,258694059.26182902,120112102.58184636,255101756.60410553,243719209.10821715,274636105.5684539,160417722.5315992,171911128.56069925,NIST_GROUND,2017,complete_H144,144,full,72
13,103392.0,264139493.9591848,161163468.9310919,264139404.40485695,161163468.9310919,211367681.2282821,206703235.88924015,221887057.91179863,229632290.0764083,790391641.3139241,NIST_GROUND,2017,complete_H144,144,full,72
14,74399.0,98904343.85347724,48624519.6106501,98904184.83087316,48624519.6106501,114447288.27962294,103787708.08850393,112998039.57262735,93397986.36433743,301678775.15475315,NIST_GROUND,2017,complete_H144,144,full,72
15,82287.0,192993528.67269278,109247551.54837152,192994613.9553144,109247551.54837152,133835842.9293001,133146405.71460615,131738619.47964443,146515686.04320362,652037211.1114783,NIST_GROUND,2017,complete_H144,144,full,72
16,124272.0,310287022.09100974,199161444.479074,310287860.291896,199161444.479074,263925467.96779168,255188046.03394648,274269589.6333027,325915371.48184973,701313433.8898666,NIST_GROUND,2017,complete_H144,144,full,72
17,124416.0,353360897.4324453,106946700.73646772,353360827.5043783,106946700.73646772,270447510.269288,273591999.94098336,278591394.6452104,118990228.71806638,1146573537.429623,NIST_GROUND,2017,complete_H144,144,full,72
18,124416.0,349683576.0889756,81251078.8542244,349683386.3689793,81251078.8542244,272430288.8060775,271588735.9631789,284017563.9624057,86142024.94798622,1121583516.9720316,NIST_GROUND,2017,complete_H144,144,full,72
19,124416.0,319464656.0249929,60686383.637688115,319463687.4790971,60686383.637688115,268147914.32977134,265657259.55386013,266847486.50275293,41335266.246876486,1093961934.5149078,NIST_GROUND,2017,complete_H144,144,full,72
20,103392.0,211569356.5577212,73688654.07524206,211570142.95718548,73688654.07524206,254163586.79389063,245686160.22218883,262903483.83132464,107414360.26222685,515454214.99684256,NIST_GROUND,2017,complete_H144,144,full,72
21,97992.0,197419006.85916743,76936071.32757908,197418659.25276083,76936071.32757908,186632941.01878676,184115848.65609127,190004447.9670477,99408745.76385207,549138489.2084681,NIST_GROUND,2017,complete_H144,144,full,72
22,124200.0,284753794.8512119,153540998.2891622,284754248.0310038,153540998.2891622,312533924.5087978,305649679.3600468,327054667.7057623,220352558.62858912,561827149.9773753,NIST_GROUND,2017,complete_H144,144,full,72
23,82589.0,177671624.35779777,87294600.18337536,177669977.3561103,87294600.18337536,170752497.93164796,157297509.14104328,162889839.81282917,84153728.5409549,67830649.6213784,NIST_GROUND,2017,complete_H144,144,full,72
24,82377.0,136372566.1578911,118496331.76511623,136373292.88741228,118496331.76511623,110160464.11882932,101351638.42893408,111142616.88452862,229887380.54567304,322088060.40604955,NIST_GROUND,2017,complete_H144,144,full,72
25,124272.0,292581753.2470768,264222143.91091257,292583019.5408921,264222143.91091257,333030500.6390568,319658343.68987054,340559814.1853179,444379840.9660015,446318290.0020916,NIST_GROUND,2017,complete_H144,144,full,72
26,99072.0,247892260.65450302,129046276.30253808,247891953.75089017,129046276.30253808,249090226.3802336,246303500.2818254,257204411.0341054,154447422.0711562,612402809.5535783,NIST_GROUND,2017,complete_H144,144,full,72
27,124128.0,268011291.8945681,194551311.21310002,268011174.0813535,194551311.21310002,244401352.5784474,233357908.51139417,258506523.76058504,299917938.2430205,393469608.93468016,NIST_GROUND,2017,complete_H144,144,full,72
28,103392.0,312602515.44170624,160348539.679698,312602321.1439921,160348539.679698,289612718.15782166,286920179.1772915,298941977.3065629,209619752.03066766,781602652.0206465,NIST_GROUND,2017,complete_H144,144,full,72
29,80713.0,183194931.63049608,106762901.18003024,183196737.21983644,106762901.18003024,138667728.66880894,128247807.71705504,130044874.18405649,137461961.10500845,396869309.05192375,NIST_GROUND,2017,complete_H144,144,full,72
30,60243.0,61835368.46524123,40781241.84309801,61835414.574993424,40781241.84309801,122655767.16784276,113310071.787837,125183578.0132733,70145720.84807819,87603833.59975693,NIST_GROUND,2017,complete_H144,144,full,72
0,18576.0,119593171.97579513,54524086.44096872,119592655.37790228,54524086.44096872,37321324.21061773,45215584.18706816,40623326.11964035,75207500.85416469,336181510.18556017,NIST_GROUND,2017,complete_H144,144,power-active,24
1,2744.0,8135662.976850252,1072086.483243307,8135620.271649337,1072086.483243307,4486220.303702066,3668280.054367702,3705057.2467570533,81765.17191924002,36759613.23364536,NIST_GROUND,2017,complete_H144,144,power-active,24
2,4706.0,3614126.5791605613,2411863.1158877653,3614308.968558068,2411863.1158877653,3070972.011179594,3645510.7308338764,2922165.93358325,311533.18637679995,33748810.37542431,NIST_GROUND,2017,complete_H144,144,power-active,24
3,12403.0,50983515.27354956,8104646.76242032,50983715.70123052,8104646.76242032,39093441.19951076,42086218.454691075,38384930.95773795,3945758.241018798,134149819.81447682,NIST_GROUND,2017,complete_H144,144,power-active,24
4,18642.0,57994643.600068554,36955446.28714897,57994594.87190227,36955446.28714897,44339386.87267955,46698612.25144768,50902426.61127385,70707283.09915529,171324474.9262574,NIST_GROUND,2017,complete_H144,144,power-active,24
5,18366.0,58656180.66443598,28919819.96344692,58656004.32218442,28919819.96344692,39415032.075785495,43945309.13447318,40990438.02865075,36473759.40948093,206419382.1950862,NIST_GROUND,2017,complete_H144,144,power-active,24
6,17856.0,70122081.05148853,30872640.939061835,70121831.86495654,30872640.939061835,44547641.29585731,49351139.59541149,46831593.584115624,37468711.323843665,226516400.2075721,NIST_GROUND,2017,complete_H144,144,power-active,24
7,15468.0,27404251.154738404,63824949.40106519,27404235.92564066,63824949.40106519,43299338.58992439,40578253.087893665,55887078.0963868,138146051.53261584,33998531.558836,NIST_GROUND,2017,complete_H144,144,power-active,24
8,17337.0,42817444.39103247,30375856.005916312,42817433.85549035,30375856.005916312,39325174.96605499,37861212.240513615,44465347.51133017,43005202.49814576,84619948.30084287,NIST_GROUND,2017,complete_H144,144,power-active,24
9,17722.0,55689676.2654571,52325639.54719687,55689945.399173595,52325639.54719687,61557552.674721405,62537481.30874257,67297954.02585353,84873338.95063208,133850923.85457288,NIST_GROUND,2017,complete_H144,144,power-active,24
10,13136.0,43224924.91191907,67622223.15355408,43224979.61710892,67622223.15355408,71774253.65305729,64161002.433361605,81509077.17734589,121717384.59031737,2777114.7261549593,NIST_GROUND,2017,complete_H144,144,power-active,24
11,1927.0,5102788.197106413,768779.505197303,5102763.899681998,768779.505197303,5985255.892016893,6439644.377369923,7360979.4350669,241486.05792307993,736575.16063284,NIST_GROUND,2017,complete_H144,144,power-active,24
12,15782.0,23264110.957262814,3241892.1939226086,23263806.447819322,3241892.1939226086,32631910.057744294,30351626.48995261,38868059.98072758,3278998.832604763,11274360.534243286,NIST_GROUND,2017,complete_H144,144,power-active,24
13,3541.0,14251934.111814888,3170228.941279143,14252030.194652705,3170228.941279143,17378065.612294003,16756943.537200736,18858330.01913199,7380807.3725260785,9923951.246408157,NIST_GROUND,2017,complete_H144,144,power-active,24
14,16930.0,37578936.86967589,11372201.416541398,37579009.01456302,11372201.416541398,40122158.91906169,38787115.46155944,40717210.697346695,12592758.30350607,92231978.91618706,NIST_GROUND,2017,complete_H144,144,power-active,24
15,17543.0,59181611.66796707,35848787.6473471,59181671.92331875,35848787.6473471,43116157.24734412,41483204.64288906,42565488.48234055,42410103.430217095,189017730.66631478,NIST_GROUND,2017,complete_H144,144,power-active,24
16,17652.0,115451400.45003459,61858572.16180138,115450628.64513953,61858572.16180138,42664395.13329651,47846167.76004941,47327084.97299795,86438501.05376615,321450462.5165405,NIST_GROUND,2017,complete_H144,144,power-active,24
17,17424.0,103978594.1837072,8513972.897734266,103977807.04720344,8513972.897734266,37705397.584532164,43598110.86527396,40334618.930650145,1266449.2807930408,288063988.58344483,NIST_GROUND,2017,complete_H144,144,power-active,24
18,17401.0,99508951.2620586,11405431.681590432,99508274.69394222,11405431.681590432,42112318.064761505,47858852.972266994,45333076.27079356,686990.4527664394,285913254.441987,NIST_GROUND,2017,complete_H144,144,power-active,24
19,2960.0,20321356.29934134,2254676.5218248134,20321415.01237443,2254676.5218248134,8512262.574479172,7016676.270071564,6994323.20639238,282195.02772387996,73489846.63550332,NIST_GROUND,2017,complete_H144,144,power-active,24
20,0.0,0.0,0.0,0.0,0.0,0.0,0.0,0.0,0.0,0.0,NIST_GROUND,2017,complete_H144,144,power-active,24
21,0.0,0.0,0.0,0.0,0.0,0.0,0.0,0.0,0.0,0.0,NIST_GROUND,2017,complete_H144,144,power-active,24
22,990.0,2275237.235001381,3485076.0972071574,2275285.1150371833,3485076.0972071574,2791372.5993332546,2897948.2764679044,2985061.074647911,5670913.97149,6088324.9165676,NIST_GROUND,2017,complete_H144,144,power-active,24
23,11978.0,52323651.84047072,79445804.47200802,52323670.43053643,79445804.47200802,42244475.74338811,44293843.80193562,41418309.353210054,104045611.60016535,156212340.03490487,NIST_GROUND,2017,complete_H144,144,power-active,24
24,16212.0,95511184.45251518,27452918.22780272,95511344.34723271,27452918.22780272,69994948.4124942,74166824.36276598,73359897.40231013,39914492.68592487,235659644.7019234,NIST_GROUND,2017,complete_H144,144,power-active,24
25,15108.0,83958308.8786269,30546648.451527935,83958182.89153428,30546648.451527935,49477347.39400945,50923503.8715582,46617232.81018944,35433309.527761325,196060963.73649457,NIST_GROUND,2017,complete_H144,144,power-active,24
26,9667.0,29976329.410042565,8858709.252172552,29976953.40784962,8858709.252172552,16912590.164263997,18241545.39108934,17584081.22508966,17637465.10134896,91343943.60024016,NIST_GROUND,2017,complete_H144,144,power-active,24
27,15952.0,72465285.58712798,28243550.376359012,72465108.87881912,28243550.376359012,63829197.215451755,66983563.5097456,72805161.19625181,45426277.72845782,193554440.81750742,NIST_GROUND,2017,complete_H144,144,power-active,24
28,12535.0,34585802.91511108,98304755.94790973,34585717.07096029,98304755.94790973,62833917.03046302,55378701.3424769,69606633.43879452,186767858.101317,18207134.72906048,NIST_GROUND,2017,complete_H144,144,power-active,24
29,17017.0,136089466.90309197,185900546.48507723,136089455.55513126,185900546.48507723,116990794.6404383,123635734.22853985,114498871.63940175,292614788.42237616,295969402.3415912,NIST_GROUND,2017,complete_H144,144,power-active,24
30,16733.0,108225861.71227895,24331082.45829547,108225090.53503782,24331082.45829547,57115614.36878327,64223625.71346791,59011301.9764747,34835767.62836846,267251928.44006115,NIST_GROUND,2017,complete_H144,144,power-active,24
31,15897.0,20677353.87148405,91336363.98077351,20677524.878252875,91336363.98077351,67885878.85279973,61496693.542843595,72787329.25946607,211025470.4713014,36632205.01817136,NIST_GROUND,2017,complete_H144,144,power-active,24
32,16618.0,83731183.77475101,92707734.5058785,83730921.53608288,92707734.5058785,51552376.370838486,56821967.56785605,52193375.14739149,140217255.4704136,219604377.37750295,NIST_GROUND,2017,complete_H144,144,power-active,24
33,15984.0,39204865.048195414,52984984.30612292,39205224.20441744,52984984.30612292,86996879.68813024,84067257.7056033,98928751.33921248,98932546.42523187,86237349.46889594,NIST_GROUND,2017,complete_H144,144,power-active,24
34,14744.0,81816235.67349626,65179279.32912157,81816392.43262076,65179279.32912157,84930422.21565604,84105566.40010642,89390087.63676713,86605257.56071797,187340865.9444468,NIST_GROUND,2017,complete_H144,144,power-active,24
35,12141.0,20608671.120505013,80170256.84344472,20608685.83414911,80170256.84344472,29680922.55290064,26005392.799372103,33086199.90073365,173210587.72036377,10330565.338904167,NIST_GROUND,2017,complete_H144,144,power-active,24
36,15023.0,41677716.56011101,40681388.71784307,41678093.841979206,40681388.71784307,43962941.777133256,45696758.40908404,48968825.16526316,71589364.01159528,75986567.2594934,NIST_GROUND,2017,complete_H144,144,power-active,24
37,13073.0,43893392.03382606,43070651.10371871,43893664.08505226,43070651.10371871,110166619.4974543,102611315.80784132,115780123.39183119,67032657.6028445,3221626.444291282,NIST_GROUND,2017,complete_H144,144,power-active,24
38,15194.0,12696994.669756785,4415531.979065512,12697032.586712684,4415531.979065512,28084978.832445692,25964209.267356038,31150087.181558814,11942087.506183414,16400464.89388829,NIST_GROUND,2017,complete_H144,144,power-active,24
39,12224.0,12786588.794598231,4272709.036767197,12786633.215795077,4272709.036767197,29901197.31554107,26071366.833956454,32249100.27667686,3129022.219705522,9232347.521670152,NIST_GROUND,2017,complete_H144,144,power-active,24
40,16042.0,94509403.56299078,108100209.68624473,94509666.38801312,108100209.68624473,51347883.54193566,52850478.80890787,54100464.68341003,169196270.1583072,203994078.79678407,NIST_GROUND,2017,complete_H144,144,power-active,24
41,16040.0,96307775.12635943,35302926.60432973,96307516.13677427,35302926.60432973,56619357.88296078,61573985.06758201,65522688.31334864,57287398.73271836,227406388.66436055,NIST_GROUND,2017,complete_H144,144,power-active,24
42,15469.0,30736164.86550689,20471547.543183565,30736120.81071504,20471547.543183565,27568332.90485382,27786117.44733994,30111341.169393644,56205649.938400656,88407142.58206916,NIST_GROUND,2017,complete_H144,144,power-active,24
43,2919.0,5877053.194599253,4087824.3740438013,5877130.014695275,4087824.3740438013,10477456.26825785,10834119.98861608,11229694.251392078,7559035.465476918,13531849.146715354,NIST_GROUND,2017,complete_H144,144,power-active,24
44,4225.0,11702443.408496961,16180659.570374878,11702544.970118204,16180659.570374878,26584831.20998004,25044464.674948238,28187272.02864128,28945747.67503748,34391879.31090824,NIST_GROUND,2017,complete_H144,144,power-active,24
45,13760.0,74756255.96696146,69764462.79623728,74755907.34844013,69764462.79623728,43856181.22879307,48235912.33176146,48467488.49071464,114246809.88149025,198384646.19393247,NIST_GROUND,2017,complete_H144,144,power-active,24
46,6390.0,22656700.673807774,14875322.510892222,22657181.741785806,14875322.510892222,15368282.198293766,15014390.41052442,14976829.019457348,11974750.668246081,51493114.31641666,NIST_GROUND,2017,complete_H144,144,power-active,24
47,4256.0,35169387.05533331,16421611.274703138,35169497.238729045,16421611.274703138,28178502.890939444,27723932.98593442,26397647.213570233,20278873.443560805,72216442.68365031,NIST_GROUND,2017,complete_H144,144,power-active,24
48,13913.0,23182554.665230274,69109311.35204428,23182748.188090477,69109311.35204428,62741325.561415106,57822145.76353237,68692675.29396543,158219712.6871246,45187788.6735569,NIST_GROUND,2017,complete_H144,144,power-active,24
49,15264.0,49074535.80943618,35478492.60716882,49074903.76270264,35478492.60716882,54384606.868088804,52622015.08813143,56648423.547119945,45965406.661658645,101151159.30867174,NIST_GROUND,2017,complete_H144,144,power-active,24
50,15696.0,114031887.50430416,76738739.45629473,114031769.92874242,76738739.45629473,62831448.26867116,69123878.88580126,63894551.66488938,118276559.08339927,253821593.5134584,NIST_GROUND,2017,complete_H144,144,power-active,24
51,15589.0,54068994.58731383,24736301.055500127,54069000.50512155,24736301.055500127,52840017.833252124,54511414.60355113,60082951.31940514,46571371.29708178,151337907.97222835,NIST_GROUND,2017,complete_H144,144,power-active,24
52,15356.0,102312445.85123913,48948249.89982535,102312438.96936774,48948249.89982535,74112245.85995014,80618868.71757887,75359506.47620773,49998435.35618532,247533383.1611791,NIST_GROUND,2017,complete_H144,144,power-active,24
53,15369.0,111617158.53488399,19602299.047757994,111616637.0661146,19602299.047757994,42069003.61046821,47445080.72686257,47056479.79847236,22401180.310546987,255073394.7936559,NIST_GROUND,2017,complete_H144,144,power-active,24
54,15661.0,99012990.68548565,9265028.220988799,99012400.00124142,9265028.220988799,45253446.66534811,50745470.1346104,47521824.27927043,1270991.1518627997,229162464.7216999,NIST_GROUND,2017,complete_H144,144,power-active,24
55,15731.0,71580166.9030519,24935113.88690393,71580063.03236027,24935113.88690393,63841383.517238006,66440365.90174568,71051695.07691674,39090765.232160084,182644623.2051817,NIST_GROUND,2017,complete_H144,144,power-active,24
56,15552.0,89326552.89777361,33680132.808943145,89326597.71117052,33680132.808943145,52143999.5128466,55135519.66396731,57673304.25022063,45776355.240228906,220476811.73133913,NIST_GROUND,2017,complete_H144,144,power-active,24
57,15355.0,75453464.92718352,22240838.28057323,75453342.67008293,22240838.28057323,55139446.44447171,57117405.57443168,57406018.42103268,20439093.13359871,187810231.5491616,NIST_GROUND,2017,complete_H144,144,power-active,24
58,15264.0,71969394.04653594,16409604.567574555,71968603.46677122,16409604.567574555,40276340.419343375,45162483.9799437,43451115.07761046,18556738.244499505,212596266.04898337,NIST_GROUND,2017,complete_H144,144,power-active,24
59,15212.0,68373494.77316152,7526870.406129762,68373163.47207814,7526870.406129762,44740878.10042451,49323835.82774649,48205274.44695964,2337612.2958328,191411368.60838607,NIST_GROUND,2017,complete_H144,144,power-active,24
60,14740.0,39569194.79237416,20276031.36962328,39569320.18233605,20276031.36962328,42521894.15966944,42215738.57966046,45544935.934244804,35298180.291336186,110713006.50369248,NIST_GROUND,2017,complete_H144,144,power-active,24
61,9645.0,51623804.88968447,18707983.0090457,51623902.84016783,18707983.0090457,36197268.13136066,37314398.358850494,39901480.598355874,20339996.06449346,143759278.41686288,NIST_GROUND,2017,complete_H144,144,power-active,24
62,15346.0,33101358.032126937,23870191.545969572,33101667.1427794,23870191.545969572,64905499.42422645,64178406.66803122,72098978.45564997,51682271.582443245,99830026.77346167,NIST_GROUND,2017,complete_H144,144,power-active,24
63,14985.0,76226695.10225321,44829383.51251559,76226418.42548144,44829383.51251559,57372902.85544586,64147904.3788238,60621218.65829554,52020761.210872725,194223542.86493504,NIST_GROUND,2017,complete_H144,144,power-active,24
64,13886.0,30029283.636967465,16138495.650967669,30029375.387458187,16138495.650967669,47549713.8727057,46509117.743864104,51721825.44403457,36723176.23263617,90166528.55018893,NIST_GROUND,2017,complete_H144,144,power-active,24
65,2755.0,6082893.17171381,3171517.6389268795,6082762.278512594,3171517.6389268795,8013914.304798064,8361494.985829207,9122539.136888959,10270512.29697704,6892033.983346241,NIST_GROUND,2017,complete_H144,144,power-active,24
66,14034.0,55564115.801130146,41456503.49411808,55564152.02818633,41456503.49411808,49435130.379135296,51411145.09994601,51085202.37249364,56011777.84043144,129727667.84614016,NIST_GROUND,2017,complete_H144,144,power-active,24
67,14351.0,88060046.84757756,39284083.15444795,88060269.98543824,39284083.15444795,79287971.96977349,82654942.30244927,85868989.30374485,42783758.72533563,183529392.32691255,NIST_GROUND,2017,complete_H144,144,power-active,24
68,11640.0,11412706.43363226,51585542.124867715,11412709.598413855,51585542.124867715,66058938.53545954,59544736.30301431,70495724.92380199,118502348.69962072,13661111.321911633,NIST_GROUND,2017,complete_H144,144,power-active,24
69,0.0,0.0,0.0,0.0,0.0,0.0,0.0,0.0,0.0,0.0,NIST_GROUND,2017,complete_H144,144,power-active,24
70,4472.0,6329151.859142998,379047.6326022437,6329144.285778373,379047.6326022437,11258036.64982414,9877475.68800983,10484916.74343545,466692.8971410008,404848.3985514801,NIST_GROUND,2017,complete_H144,144,power-active,24
71,5530.0,35685704.66013893,51500826.61021074,35684754.29988447,51500826.61021074,36162632.73841038,39210944.35777928,42155015.11643748,68250735.6740331,67301512.53798603,NIST_GROUND,2017,complete_H144,144,power-active,24
72,12780.0,15605506.602642786,58232574.71931663,15605741.45528956,58232574.71931663,30789028.442949783,26926278.24430959,32047415.819152936,120161160.13256936,21528195.845192287,NIST_GROUND,2017,complete_H144,144,power-active,24
73,4203.0,4938827.570704045,7177605.08127149,4939130.810446484,7177605.08127149,4592702.872977275,4945398.0966577185,4722155.158069212,40076390.110790856,26322228.6493102,NIST_GROUND,2017,complete_H144,144,power-active,24
74,7257.0,31641543.90726287,39075792.06801749,31641660.075876698,39075792.06801749,27008161.40735354,26492080.827132236,27544645.112103064,68158869.62914282,60605893.36711344,NIST_GROUND,2017,complete_H144,144,power-active,24
75,6224.0,16601049.974597557,30082514.723218318,16601307.841452107,30082514.723218318,42853230.14389854,40376380.30360298,43728398.25103244,59439165.17344525,9916629.380618118,NIST_GROUND,2017,complete_H144,144,power-active,24
76,14541.0,120392296.6609979,142323821.34148002,120392766.04715274,142323821.34148002,67932608.55672076,69934767.64857222,71348984.53005686,217481637.61781868,199763421.82273254,NIST_GROUND,2017,complete_H144,144,power-active,24
77,13731.0,28642835.095674366,45865620.61748564,28643249.403321095,45865620.61748564,58466463.476562746,57454685.96192568,64221266.248607986,103602005.50210823,51588523.27556311,NIST_GROUND,2017,complete_H144,144,power-active,24
78,13386.0,63895885.715217285,61663870.62510404,63895785.34332688,61663870.62510404,40652481.77036188,41991526.98738079,40509049.289945744,79014710.12987757,148519386.32546052,NIST_GROUND,2017,complete_H144,144,power-active,24
79,14502.0,67939901.3716474,27189141.382923372,67939703.29561485,27189141.382923372,69040202.8373412,74343914.48187587,74621764.531026,41140646.31257424,175957943.06337917,NIST_GROUND,2017,complete_H144,144,power-active,24
80,3316.0,9845411.809786828,22211205.710546415,9845432.821815684,22211205.710546415,29933710.850953046,30147929.17835458,33205914.90736254,34222292.942637995,16018496.539706718,NIST_GROUND,2017,complete_H144,144,power-active,24
81,14882.0,75237161.85540855,94359251.72902387,75236724.63914742,94359251.72902387,50118249.657768935,54406770.23705516,55309486.6410157,146660970.56265828,192578846.7907949,NIST_GROUND,2017,complete_H144,144,power-active,24
82,12379.0,10770317.235219456,56048106.956052676,10770410.880898302,56048106.956052676,26077889.243828136,23168360.283528548,27132601.20334553,131554418.21073544,17333397.61169274,NIST_GROUND,2017,complete_H144,144,power-active,24
83,8501.0,27699389.592962563,10149637.690986393,27699682.02359015,10149637.690986393,29372388.53186522,28754610.17961998,31923003.266639862,11237609.262679603,1973613.492811281,NIST_GROUND,2017,complete_H144,144,power-active,24
84,11275.0,14922640.934957083,3658078.165703668,14922287.085022742,3658078.165703668,68638552.6976224,61947547.237483405,74269258.27584526,13403575.118707962,14387905.113841526,NIST_GROUND,2017,complete_H144,144,power-active,24
85,14645.0,113390625.63447082,113007843.92812377,113391179.51975594,113007843.92812377,72645737.18296248,78887001.22986315,74146407.95504409,162528956.9243848,202136095.53905857,NIST_GROUND,2017,complete_H144,144,power-active,24
86,14496.0,108334186.49881609,27465203.003890406,108334097.84806426,27465203.003890406,61149090.866099805,64307936.47784709,61967855.24526508,33574786.310221575,212895223.79339296,NIST_GROUND,2017,complete_H144,144,power-active,24
87,14538.0,47826065.1968847,46152421.833055675,47826429.149163075,46152421.833055675,37613539.59519638,37301752.616791986,38135060.39299021,88574293.95118469,101197685.3592498,NIST_GROUND,2017,complete_H144,144,power-active,24
88,4228.0,48495153.30197902,36362718.030603655,48494882.718594536,36362718.030603655,17335705.672839545,15183922.093213925,14584186.678052112,39225258.94028304,96189478.77391644,NIST_GROUND,2017,complete_H144,144,power-active,24
89,2776.0,15649107.706329547,10624404.25319838,15649660.612034062,10624404.25319838,12804115.212999117,11831376.330375247,12310336.9473811,7061810.077622721,20657032.279000316,NIST_GROUND,2017,complete_H144,144,power-active,24
90,5587.0,9081761.244670015,14249032.199791534,9081785.895077573,14249032.199791534,13825224.784134684,13260214.144751025,15072722.269125871,25220892.866147928,20335637.419408157,NIST_GROUND,2017,complete_H144,144,power-active,24
91,14675.0,15793520.306678073,16110874.349002099,15793845.287511747,16110874.349002099,61140774.38578593,58282831.17891142,67771509.82121655,38974689.167564236,42042807.73458717,NIST_GROUND,2017,complete_H144,144,power-active,24
0,21320.0,127728834.95264544,55596172.92421202,127728275.6495516,55596172.92421202,41807544.51431978,48883864.241435856,44328383.36639742,75289266.02608393,372941123.4192055,NIST_GROUND,2017,complete_H144,144,power-active,48
1,17109.0,54597641.85271012,10516509.878308084,54598024.669788584,10516509.878308084,42164413.21069034,45731729.185524955,41307096.891321205,4257291.427395599,167898630.189901,NIST_GROUND,2017,complete_H144,144,power-active,48
2,37008.0,116650824.26450443,65875266.25059588,116650599.19408676,65875266.25059588,83754418.94846503,90643921.3859207,91892864.63992442,107181042.50863627,377743857.12134385,NIST_GROUND,2017,complete_H144,144,power-active,48
3,33324.0,97526332.20622687,94697590.34012704,97526067.79059725,94697590.34012704,87846979.88578176,89929392.68330517,102718671.68050247,175614762.85645953,260514931.76640847,NIST_GROUND,2017,complete_H144,144,power-active,48
4,35059.0,98507120.65648958,82701495.55311322,98507379.25466396,82701495.55311322,100882727.64077654,100398693.54925624,111763301.53718364,127878541.44877784,218470872.15541568,NIST_GROUND,2017,complete_H144,144,power-active,48
5,15063.0,48327713.10902546,68391002.65875135,48327743.516790904,68391002.65875135,77759509.54507415,70600646.81073153,88870056.61241278,121958870.64824045,3513689.8867877997,NIST_GROUND,2017,complete_H144,144,power-active,48
6,19323.0,37516045.06907769,6412121.135201755,37515836.642472036,6412121.135201755,50009975.670038305,47108570.02715335,57726389.99985956,10659806.20513084,21198311.780651446,NIST_GROUND,2017,complete_H144,144,power-active,48
7,34473.0,96760548.53764279,47220989.06388846,96760680.93788183,47220989.06388846,83238316.16640574,80270320.10444845,83282699.17968723,55002861.73372316,281249709.5825017,NIST_GROUND,2017,complete_H144,144,power-active,48
8,35076.0,219429994.63374183,70372545.05953567,219428435.692343,70372545.05953567,80369792.71782866,91444278.62532337,87661703.90364824,87704950.33455922,609514451.0999851,NIST_GROUND,2017,complete_H144,144,power-active,48
9,20361.0,119830307.56139994,13660108.203415247,119829689.70631666,13660108.203415247,50624580.63924068,54875529.24233856,52327399.47718594,969185.4804903191,359403101.0774902,NIST_GROUND,2017,complete_H144,144,power-active,48
10,0.0,0.0,0.0,0.0,0.0,0.0,0.0,0.0,0.0,0.0,NIST_GROUND,2017,complete_H144,144,power-active,48
11,12968.0,54598889.0754721,82930880.56921515,54598955.545573615,82930880.56921515,45035848.342721336,47191792.0784035,44403370.42785798,109716525.57165532,162300664.95147243,NIST_GROUND,2017,complete_H144,144,power-active,48
12,31320.0,179469493.33114213,57999566.67933066,179469527.238767,57999566.67933066,119472295.80650368,125090328.23432416,119977130.21249957,75347802.21368614,431720608.43841845,NIST_GROUND,2017,complete_H144,144,power-active,48
13,25619.0,102441614.99717061,37102259.62853157,102442062.28666873,37102259.62853157,80741787.37971583,85225108.90083489,90389242.42134146,63063742.82980682,284898384.4177482,NIST_GROUND,2017,complete_H144,144,power-active,48
14,29552.0,170675269.81820288,284205302.43298715,170675172.6260914,284205302.43298715,179824711.6709012,179014435.57101664,184105505.07819617,479382646.5236935,314176537.0706517,NIST_GROUND,2017,complete_H144,144,power-active,48
15,32630.0,128903215.583763,115667446.43906902,128902615.41329066,115667446.43906902,125001493.22158313,125720319.25631139,131798631.23594071,245861238.09966984,303884133.4582333,NIST_GROUND,2017,complete_H144,144,power-active,48
16,32602.0,122936048.82294652,145692718.81200156,122936145.74050039,145692718.81200156,138549256.05896878,140889225.2734593,151122126.4866041,239149801.8956448,305841726.846399,NIST_GROUND,2017,complete_H144,144,power-active,48
17,26885.0,102424906.79400124,145349536.17256618,102425078.2667699,145349536.17256618,114611344.76855667,110110959.19947857,122476287.53750077,259815845.2810816,197671431.28335145,NIST_GROUND,2017,complete_H144,144,power-active,48
18,28096.0,85571108.59393696,83752039.82156174,85571757.92703147,83752039.82156174,154129561.2745876,148308074.21692532,164748948.55709442,138622021.61443973,79208193.70378445,NIST_GROUND,2017,complete_H144,144,power-active,48
19,27418.0,25483583.464354996,8688241.015832713,25483665.80250774,8688241.015832713,57986176.147986755,52035576.10131244,63399187.45823562,15071109.725888941,25632812.415558394,NIST_GROUND,2017,complete_H144,144,power-active,48
20,32082.0,190817178.68935016,143403136.29057443,190817182.5247871,143403136.29057443,107967241.4248965,114424463.87648986,119623152.99675867,226483668.89102614,431400467.46114385,NIST_GROUND,2017,complete_H144,144,power-active,48
21,18388.0,36613218.06010611,24559371.917227358,36613250.82541027,24559371.917227358,38045789.17311168,38620237.43595601,41341035.42078572,63764685.40387756,101938991.72878455,NIST_GROUND,2017,complete_H144,144,power-active,48
22,17985.0,86458699.37545842,85945122.36661214,86458452.31855835,85945122.36661214,70441012.43877319,73280377.00670972,76654760.51935591,143192557.55652767,232776525.50484073,NIST_GROUND,2017,complete_H144,144,power-active,48
23,10646.0,57826087.72914111,31296933.78559535,57826678.98051482,31296933.78559535,43546785.089233205,42738323.39645884,41374476.233027585,32253624.1118069,123709557.00006694,NIST_GROUND,2017,complete_H144,144,power-active,48
24,29177.0,72257090.47466645,104587803.95921311,72257651.95079315,104587803.95921311,117125932.42950399,110444160.85166378,125341098.84108527,204185119.34878308,146338947.98222864,NIST_GROUND,2017,complete_H144,144,power-active,48
25,31285.0,168100882.09161782,101475040.51179498,168100770.4338641,101475040.51179498,115671466.10192327,123635293.48935233,123977502.9842945,164847930.3804812,405159501.485686,NIST_GROUND,2017,complete_H144,144,power-active,48
26,30725.0,213929604.386123,68550548.9475833,213929076.03548235,68550548.9475833,116181249.4704183,128063949.44444145,122415986.27468006,72399615.66673237,502606777.9548361,NIST_GROUND,2017,complete_H144,144,power-active,48
27,31392.0,170593157.58853745,34200142.10789269,170592463.03360152,34200142.10789269,109094830.18258615,117185836.03635603,118573519.35618727,40361756.38402287,411807087.92688155,NIST_GROUND,2017,complete_H144,144,power-active,48
28,30907.0,164780017.824957,55920971.089516416,164779940.38125342,55920971.089516416,107283445.95731814,112252925.23839886,115079322.67125323,66215448.373827465,408287043.28050095,NIST_GROUND,2017,complete_H144,144,power-active,48
29,30476.0,140342888.81969753,23936474.9737043,140341766.93884942,23936474.9737043,85017218.51976791,94486319.8076902,91656389.5245699,20894350.540332314,404007634.6573695,NIST_GROUND,2017,complete_H144,144,power-active,48
30,24385.0,91192999.68205866,38984014.37866899,91193223.02250394,38984014.37866899,78719162.29103018,79530136.93851098,85446416.53260067,55638176.35582959,254472284.92055532,NIST_GROUND,2017,complete_H144,144,power-active,48
31,30331.0,109328053.13438019,68699575.05848518,109328085.56826082,68699575.05848518,122278402.27967244,128326311.046855,132720197.1139455,103703032.79331613,294053569.6383971,NIST_GROUND,2017,complete_H144,144,power-active,48
32,16641.0,36112176.80868126,19310013.289894547,36112137.665970795,19310013.289894547,55563628.17750376,54870612.729693286,60844364.580923565,46993688.5296132,97058562.53353518,NIST_GROUND,2017,complete_H144,144,power-active,48
33,28385.0,143624162.64870793,80740586.64856598,143624422.0136247,80740586.64856598,128723102.34890884,134066087.40239531,136954191.67623848,98795536.56576711,313257060.1730528,NIST_GROUND,2017,complete_H144,144,power-active,48
34,11640.0,11412706.43363226,51585542.124867715,11412709.598413855,51585542.124867715,66058938.53545954,59544736.30301431,70495724.92380199,118502348.69962072,13661111.321911633,NIST_GROUND,2017,complete_H144,144,power-active,48
35,10002.0,42014856.51928192,51879874.24281298,42013898.585662834,51879874.24281298,47420669.388234526,49088420.045789085,52639931.85987294,68717428.57117409,67706360.93653747,NIST_GROUND,2017,complete_H144,144,power-active,48
36,16983.0,20544334.173346825,65410179.80058814,20544872.265736047,65410179.80058814,35381731.31592707,31871676.34096731,36769570.97722217,160237550.24336013,47850424.49450248,NIST_GROUND,2017,complete_H144,144,power-active,48
37,13481.0,48242593.88186043,69158306.7912358,48242967.917328805,69158306.7912358,69861391.5512521,66868461.13073519,71273043.36313552,127598034.80258806,70522522.74773148,NIST_GROUND,2017,complete_H144,144,power-active,48
38,28272.0,149035131.7566722,188189441.95896578,149036015.45047376,188189441.95896578,126399072.03328343,127389453.61049786,135570250.77866468,321083643.11992645,251351945.09829625,NIST_GROUND,2017,complete_H144,144,power-active,48
39,27888.0,131835787.08686468,88853012.00802746,131835488.63894156,88853012.00802746,109692684.60770305,116335441.46925676,115130813.82097176,120155356.442452,324477329.3888394,NIST_GROUND,2017,complete_H144,144,power-active,48
40,18198.0,85082573.6651954,116570457.43957031,85082157.46096314,116570457.43957031,80051960.50872195,84554699.41540968,88515401.54837833,180883263.5052961,208597343.33050162,NIST_GROUND,2017,complete_H144,144,power-active,48
41,20880.0,38469706.82818202,66197744.64703909,38470092.904488474,66197744.64703909,55450277.775693364,51922970.4631486,59055604.469985396,142792027.47341564,19307011.104504053,NIST_GROUND,2017,complete_H144,144,power-active,48
42,25920.0,128313266.56942788,116665922.09382743,128313466.60477872,116665922.09382743,141284289.88058493,140834548.46734667,148415666.23088926,175932532.0430927,216524000.65290007,NIST_GROUND,2017,complete_H144,144,power-active,48
43,29034.0,156160251.69570085,73617624.83694607,156160526.99722704,73617624.83694607,98762630.46129613,101609689.0946391,100102915.63825528,122149080.26140651,314092909.1526422,NIST_GROUND,2017,complete_H144,144,power-active,48
44,7004.0,64144261.0083086,46987122.28380203,64144543.330628596,46987122.28380203,30139820.885838646,27015298.42358919,26894523.62543321,46287069.01790579,116846511.05291668,NIST_GROUND,2017,complete_H144,144,power-active,48
45,20262.0,24875281.551348105,30359906.548793625,24875631.182589304,30359906.548793625,74965999.1699206,71543045.32366243,82844232.09034245,64195582.033712305,62378445.153995335,NIST_GROUND,2017,complete_H144,144,power-active,48
0,26026.0,131342961.53180602,58008036.040099785,131342584.61810975,58008036.040099785,44878516.52549934,52529374.97226971,47250549.2999807,75600799.21246079,406689933.79463005,NIST_GROUND,2017,complete_H144,144,power-active,72
1,49411.0,167634339.53805417,73979913.01301618,167634314.8953172,73979913.01301618,122847860.14797576,132730139.84061196,130277795.59766233,111126800.74965513,511893676.93582106,NIST_GROUND,2017,complete_H144,144,power-active,72
2,50661.0,140343776.59725943,125073446.34604342,140343501.6460875,125073446.34604342,127172154.85183673,127790604.92381893,147184019.19183257,218619965.354605,345134880.0672522,NIST_GROUND,2017,complete_H144,144,power-active,72
3,32785.0,104017389.37448257,120716642.20594811,104017688.91596454,120716642.20594811,139317062.21979564,133138128.11947423,156168010.63826644,206832209.59887257,137364613.74136087,NIST_GROUND,2017,complete_H144,144,power-active,72
4,36253.0,75094981.93875356,17784322.55174313,75094845.65703502,17784322.55174313,90132134.58909988,85895685.4887128,98443600.69720626,23252564.50863692,113430290.69683853,NIST_GROUND,2017,complete_H144,144,power-active,72
5,52619.0,278611606.3017089,106221332.70688273,278610107.6156619,106221332.70688273,123485949.96517286,132927483.26821245,130227192.38598882,130115053.76477632,798532181.7662988,NIST_GROUND,2017,complete_H144,144,power-active,72
6,20361.0,119830307.56139994,13660108.203415247,119829689.70631666,13660108.203415247,50624580.63924068,54875529.24233856,52327399.47718594,969185.4804903191,359403101.0774902,NIST_GROUND,2017,complete_H144,144,power-active,72
7,12968.0,54598889.0754721,82930880.56921515,54598955.545573615,82930880.56921515,45035848.342721336,47191792.0784035,44403370.42785798,109716525.57165532,162300664.95147243,NIST_GROUND,2017,complete_H144,144,power-active,72
8,40987.0,209445822.7411846,66858275.931503244,209446480.64661652,66858275.931503244,136384885.97076765,143331873.62541363,137561211.4375892,92985267.31503505,523064552.0386584,NIST_GROUND,2017,complete_H144,144,power-active,72
9,45504.0,243140555.4053306,312448852.8093462,243140281.5049105,312448852.8093462,243653908.8863532,245997999.08076218,256910666.27444792,524808924.25215155,507730977.88815993,NIST_GROUND,2017,complete_H144,144,power-active,72
10,49248.0,212634399.3585143,208375180.9449475,212633536.9493734,208375180.9449475,176553869.59242177,182542286.8241674,183992006.38333213,386078493.5700844,523488510.83573484,NIST_GROUND,2017,complete_H144,144,power-active,72
11,42869.0,141629771.84219673,198334520.47868913,141630302.4711874,198334520.47868913,201608224.45668697,194178216.90508187,221405038.87671307,358748391.7063136,283908780.75224614,NIST_GROUND,2017,complete_H144,144,power-active,72
12,43290.0,98268103.26369368,88167571.8006272,98268790.51374415,88167571.8006272,182214540.1070335,174272283.48428133,195899035.73865333,150564109.12062338,95608658.59767278,NIST_GROUND,2017,complete_H144,144,power-active,72
13,44306.0,203603767.48394838,147675845.32734162,203603815.74058214,147675845.32734162,137868438.7404375,140495830.71044642,151872253.2734354,229612691.11073166,440632814.982814,NIST_GROUND,2017,complete_H144,144,power-active,72
14,22613.0,48315661.46860309,40740031.48760226,48315795.79552848,40740031.48760226,64630620.38309172,63664702.11090426,69528307.449427,92710433.07891501,136330871.03969285,NIST_GROUND,2017,complete_H144,144,power-active,72
15,24406.0,132582343.69610244,101061396.58183262,132582586.32895495,101061396.58183262,87402966.31802633,90974235.72822034,89841964.72374229,146500433.99329707,322094203.1939993,NIST_GROUND,2017,complete_H144,144,power-active,72
16,44873.0,186288977.9789706,181326543.41550764,186289421.87953538,181326543.41550764,179957380.69817513,179568039.7374648,189235650.5059745,322461678.43218225,400160541.49568725,NIST_GROUND,2017,complete_H144,144,power-active,72
17,46314.0,267998598.97343677,93286850.0030835,267998076.54060376,93286850.0030835,169021267.30367032,182575364.04799253,182498937.59408525,118970986.96381399,653944685.9270626,NIST_GROUND,2017,complete_H144,144,power-active,72
18,46944.0,259919710.48631123,67880274.91683584,259919060.74477187,67880274.91683584,161238829.69543263,172321355.7003232,176246823.60640776,86138111.62425166,632283899.6582208,NIST_GROUND,2017,complete_H144,144,power-active,72
19,45831.0,215796353.74688125,46177313.25427753,215795109.60893202,46177313.25427753,140156664.96423966,151603725.38212195,149062407.945603,41333443.67393096,591817866.2065318,NIST_GROUND,2017,complete_H144,144,power-active,72
20,39731.0,124294357.71418558,62854205.92463851,124294890.16528329,62854205.92463851,143624661.71525672,143708543.60654205,157545394.98825082,107320447.93827286,354302311.694017,NIST_GROUND,2017,complete_H144,144,power-active,72
21,31626.0,112338871.91093446,64139396.8024101,112338556.09145223,64139396.8024101,112936531.03294978,119018517.10851724,121465583.23921895,99014449.74048617,291282105.3984706,NIST_GROUND,2017,complete_H144,144,power-active,72
22,40025.0,155036869.08234012,132326128.77343373,155037131.61203855,132326128.77343373,194782040.88436827,193610823.70540974,207449916.60004047,217297885.26538765,326918171.49496436,NIST_GROUND,2017,complete_H144,144,power-active,72
23,10002.0,42014856.51928192,51879874.24281298,42013898.585662834,51879874.24281298,47420669.388234526,49088420.045789085,52639931.85987294,68717428.57117409,67706360.93653747,NIST_GROUND,2017,complete_H144,144,power-active,72
24,24240.0,52185878.080609664,104485971.86860563,52186532.34161274,104485971.86860563,62389892.723280594,58363757.168099545,64314216.08932524,228396419.87250316,108456317.86161612,NIST_GROUND,2017,complete_H144,144,power-active,72
25,34496.0,165636181.7312697,218271956.68218422,165637323.29192567,218271956.68218422,169252302.17718172,167765833.91410092,179298649.0296972,380522808.2933711,261268574.4789144,NIST_GROUND,2017,complete_H144,144,power-active,72
26,31204.0,141681198.89665142,111064217.71857391,141680921.4607572,111064217.71857391,139626395.4586561,146483370.64761138,148336728.7283343,154377649.38509005,340495825.92854613,NIST_GROUND,2017,complete_H144,144,power-active,72
27,35762.0,113706868.68359046,160556996.37606293,113706817.54363589,160556996.37606293,105568527.43346229,106329740.70020375,114365091.11100107,289452998.0360732,211885857.89529994,NIST_GROUND,2017,complete_H144,144,power-active,72
28,40416.0,236647453.068244,144131125.09771797,236647564.45284292,144131125.09771797,202433380.74668467,205142484.94519374,210383521.4761543,209507318.35331425,429419224.44629306,NIST_GROUND,2017,complete_H144,144,power-active,72
29,21542.0,111970326.20519327,93139544.11685784,111970972.47979163,93139544.11685784,67753360.48103502,64317051.04038113,65029584.01842343,134861362.96909052,218044196.41216642,NIST_GROUND,2017,complete_H144,144,power-active,72
30,20262.0,24875281.551348105,30359906.548793625,24875631.182589304,30359906.548793625,74965999.1699206,71543045.32366243,82844232.09034245,64195582.033712305,62378445.153995335,NIST_GROUND,2017,complete_H144,144,power-active,72
0,22896.0,21055169.65886911,2710820.7094747284,21055474.499223627,2710820.7094747284,7931865.263935906,5888660.191954585,6148059.851034465,141.83436515999978,250551774.04957858,NIST_GROUND,2017,complete_H144,144,low-power,24
1,13096.0,8673079.979283106,1317555.6308807763,8673312.276873125,1317555.6308807763,4527840.108322227,3264612.0020366535,3207378.094866452,135.42467619999982,93899239.5039935,NIST_GROUND,2017,complete_H144,144,low-power,24
2,9072.0,4966298.5996823395,731575.9690798047,4966462.193209456,731575.9690798047,996129.5687172887,926488.3926726726,842657.9043990155,15.061616640000008,215949426.97669554,NIST_GROUND,2017,complete_H144,144,low-power,24
3,19583.0,17284413.17100876,1782565.1704117022,17284714.457483724,1782565.1704117022,3088688.1683167545,2773832.259838897,2826247.570823949,490.8041475599976,228563286.791696,NIST_GROUND,2017,complete_H144,144,low-power,24
4,22766.0,26245717.222766165,2670958.0454044053,26245669.66299113,2670958.0454044053,7079485.29581415,5553760.10880407,6695782.972222411,5992.711226279973,104999333.0848992,NIST_GROUND,2017,complete_H144,144,low-power,24
5,23106.0,24872036.663772713,3064710.40067111,24872147.951599758,3064710.40067111,8677045.67222837,7164883.7516109375,9267210.837920375,6817.21157064002,160327472.7610213,NIST_GROUND,2017,complete_H144,144,low-power,24
6,23616.0,26783580.648398895,3627795.8263945514,26783662.952799186,3627795.8263945514,10386326.774749259,9046971.919803115,10744664.273391033,818020.3976832799,182764529.81994128,NIST_GROUND,2017,complete_H144,144,low-power,24
7,26004.0,73880733.12943259,9251260.517696528,73880631.4082754,9251260.517696528,21435654.299959663,19490938.68273788,26689539.315262347,1914104.153372354,26283397.796633195,NIST_GROUND,2017,complete_H144,144,low-power,24
8,24135.0,55418430.6808898,9324509.882888993,55418143.64396061,9324509.882888993,16064753.745303104,14323413.125908297,19160235.472880088,9539.504779960045,56486519.81219534,NIST_GROUND,2017,complete_H144,144,low-power,24
9,23750.0,36296569.9737641,6025214.871040097,36296633.30152392,6025214.871040097,13585016.357338661,11630862.997784682,13982350.396824704,1359510.30479748,108325317.3634396,NIST_GROUND,2017,complete_H144,144,low-power,24
10,18832.0,69418322.74307476,13900255.344490172,69418076.37619363,13900255.344490172,21301085.601486593,20660438.756621625,27076528.898229714,19227839.128308315,2652174.8701138794,NIST_GROUND,2017,complete_H144,144,low-power,24
11,14855.0,39213960.611438245,6295487.605794222,39213884.857352436,6295487.605794222,5569816.646186275,4720583.694533311,5675446.516907631,2008.0790469599967,680415.2093551616,NIST_GROUND,2017,complete_H144,144,low-power,24
12,25468.0,58225246.61643791,9262852.854358107,58225278.46508032,9262852.854358107,11888681.029637156,11016058.893997299,13812397.426896207,1308.567466080002,8739393.86132792,NIST_GROUND,2017,complete_H144,144,low-power,24
13,17051.0,32174179.215474404,6997190.011731872,32174339.62993598,6997190.011731872,11152219.042505782,9129249.676001756,9623340.115502488,2339.733449920002,78963540.49605963,NIST_GROUND,2017,complete_H144,144,low-power,24
14,24398.0,47178877.51002814,6376419.42303032,47178864.02383575,6376419.42303032,15693685.739671834,13278816.388434364,16753578.207171466,3869.9379765600142,86550507.8931381,NIST_GROUND,2017,complete_H144,144,low-power,24
15,23929.0,36689826.31526176,5866262.599586672,36689920.38068514,5866262.599586672,15699256.24639206,13248566.396007303,15524062.161181007,725.3619761199992,149336353.3834698,NIST_GROUND,2017,complete_H144,144,low-power,24
16,23820.0,21536890.311496645,2869508.6076270756,21537093.67313505,2869508.6076270756,20876289.612545677,17477907.349074405,16976072.474670246,168.423797239999,247739027.81848007,NIST_GROUND,2017,complete_H144,144,low-power,24
17,24048.0,28819264.87995907,3476501.3978004428,28819580.027257133,3476501.3978004428,17309608.371176854,14271131.018402705,14478170.381573865,913.2028017600005,224261468.70712757,NIST_GROUND,2017,complete_H144,144,low-power,24
18,24071.0,29295985.095393963,3482889.3706240864,29296294.121363685,3482889.3706240864,20039780.253963877,16861376.48641386,17162847.254910823,5529.390521320037,224369038.0224606,NIST_GROUND,2017,complete_H144,144,low-power,24
19,2368.0,2631602.966202141,218311.41412049136,2631663.070542611,218311.41412049136,5652902.896302703,3723116.678778347,3940635.3501801877,91.59574664000003,243.02209315999988,NIST_GROUND,2017,complete_H144,144,low-power,24
20,0.0,0.0,0.0,0.0,0.0,0.0,0.0,0.0,0.0,0.0,NIST_GROUND,2017,complete_H144,144,low-power,24
21,0.0,0.0,0.0,0.0,0.0,0.0,0.0,0.0,0.0,0.0,NIST_GROUND,2017,complete_H144,144,low-power,24
22,6628.0,11572937.221967982,10030148.901217727,11572978.563896962,10030148.901217727,6005730.206044024,5543048.589132864,6680794.185822611,636.26866844,7952118.348685442,NIST_GROUND,2017,complete_H144,144,low-power,24
23,22661.0,35557400.39583433,5020717.241261071,35557519.07497722,5020717.241261071,16496493.265907438,14304359.334031923,15881052.138256503,2074.4318498000002,171975479.7510779,NIST_GROUND,2017,complete_H144,144,low-power,24
24,25260.0,29588131.166163586,4328328.350382038,29588219.505498018,4328328.350382038,30641294.704798024,25932875.67983886,29522947.20529295,129498.02694344011,187598186.34868947,NIST_GROUND,2017,complete_H144,144,low-power,24
25,16572.0,18267084.597196933,2556082.5746134548,18267081.215850487,2556082.5746134548,12727566.692878045,10286066.128845092,11151111.090817377,2911.655275880017,174033416.2545143,NIST_GROUND,2017,complete_H144,144,low-power,24
26,20649.0,22424311.96005617,2708807.261960024,22424965.83216298,2708807.261960024,9632112.844433775,8190342.073060978,8950227.75279888,54.477270560000356,212410267.1379655,NIST_GROUND,2017,complete_H144,144,low-power,24
27,25444.0,31802643.211571753,6023823.5779826,31802604.623591796,6023823.5779826,26018796.512258448,23216798.625935923,27363521.375280563,1612903.9783191606,142152141.5095785,NIST_GROUND,2017,complete_H144,144,low-power,24
28,28937.0,100247190.06137583,16912209.029095154,100247223.35196373,16912209.029095154,33876444.487003885,31547590.109147277,40386900.341036566,4854515.368848745,3051435.3627023078,NIST_GROUND,2017,complete_H144,144,low-power,24
29,24455.0,20619056.421995297,6406231.124859814,20619043.020525217,6406231.124859814,14135373.327722356,11625207.370117765,11731773.609551532,1337.6137896799985,221906608.87077725,NIST_GROUND,2017,complete_H144,144,low-power,24
30,24739.0,20920877.831479773,2936467.29153904,20921040.95107653,2936467.29153904,21907997.00618812,18362865.390794337,18091492.03440296,5398.460120119985,231675666.1582676,NIST_GROUND,2017,complete_H144,144,low-power,24
31,25575.0,42176980.27164131,5580583.646348048,42176932.74251603,5580583.646348048,22754230.080699172,19190899.001722015,21891233.32383056,211102.2417111214,17290313.376800608,NIST_GROUND,2017,complete_H144,144,low-power,24
32,24854.0,32689861.03703558,4095427.292305651,32690109.618600443,4095427.292305651,17530431.140455797,15282085.012492279,17241920.18525985,865.7225774400022,175251193.63816515,NIST_GROUND,2017,complete_H144,144,low-power,24
33,25488.0,41066494.87402469,5421015.007188999,41066281.84469768,5421015.007188999,31486544.188314304,28127858.962368734,34456343.1228739,146148.40960003994,50710017.8351498,NIST_GROUND,2017,complete_H144,144,low-power,24
34,26728.0,48144353.33053374,8714101.018989801,48144678.59627295,8714101.018989801,39067648.348772556,37279424.35276585,38917272.24466777,573302.7441025601,146363215.94838583,NIST_GROUND,2017,complete_H144,144,low-power,24
35,29331.0,72381354.10519494,11424002.296499021,72381198.23826332,11424002.296499021,25533801.510052036,23779658.454264615,30488436.506677743,1749565.3065073146,2597000.0954658096,NIST_GROUND,2017,complete_H144,144,low-power,24
36,26449.0,52260818.1202554,9963977.584314944,52260811.528309286,9963977.584314944,24451690.836380824,22579380.110093717,26909459.507585824,504173.65397028014,63055293.143409915,NIST_GROUND,2017,complete_H144,144,low-power,24
37,28399.0,69756206.97321531,15017448.810713088,69756176.61308166,15017448.810713088,37841569.19889262,37209441.51818436,41461312.131016016,9339738.349212818,1016772.3304178787,NIST_GROUND,2017,complete_H144,144,low-power,24
38,26278.0,38408424.669019125,6963104.386191018,38408280.60669383,6963104.386191018,10593956.461798854,9658103.995657574,10366298.191199029,9701.407792480006,12230404.489199206,NIST_GROUND,2017,complete_H144,144,low-power,24
39,8656.0,14281608.069583025,2463678.623181447,14281580.1094381,2463678.623181447,8645327.524912845,7211705.038760419,8705268.273227887,15188.579108959968,4515192.607281,NIST_GROUND,2017,complete_H144,144,low-power,24
40,24999.0,30297087.510779552,8195069.49255984,30296909.112331185,8195069.49255984,31664397.62641659,29906353.927393045,31400606.8894879,2231.0483635199985,174059660.06762755,NIST_GROUND,2017,complete_H144,144,low-power,24
41,25431.0,15957030.894873546,2828875.488008747,15957099.442505106,2828875.488008747,33189517.336514976,29089346.21264054,29908929.475647315,2179.338204919992,171183973.65620187,NIST_GROUND,2017,complete_H144,144,low-power,24
42,24995.0,21964329.73895452,3278327.846180457,21964381.328100536,3278327.846180457,16094443.894674474,13591138.532178912,14520732.909105185,6738.03678032,70371255.15116811,NIST_GROUND,2017,complete_H144,144,low-power,24
43,18674.0,16214886.583192991,2946848.0503389253,16215020.014283607,2946848.0503389253,13267756.704936275,11960862.351021023,11658172.393485252,364759.4917307602,94975971.3673603,NIST_GROUND,2017,complete_H144,144,low-power,24
44,8117.0,12409466.062726617,1659312.22652848,12408987.692960473,1659312.22652848,20454467.29692058,14571005.0943998,17290826.82060991,316055.75691127905,677.5965324000003,NIST_GROUND,2017,complete_H144,144,low-power,24
45,20944.0,14758476.635463972,2764836.6556067127,14758578.206622142,2764836.6556067127,22243494.616603013,22414249.861806512,22434288.58792742,2003.427221919996,168395934.12353104,NIST_GROUND,2017,complete_H144,144,low-power,24
46,20637.0,26933936.237874392,3101168.3724112213,26934512.985005613,3101168.3724112213,6431650.343866946,5471644.989452137,5351319.801959111,208.54701136000023,153228508.91945994,NIST_GROUND,2017,complete_H144,144,low-power,24
47,16300.0,18718772.103252128,2320149.9385210383,18718936.434731636,2320149.9385210383,17757731.650803916,14286275.135127356,14111046.36601565,13040.075673120004,8318564.874487896,NIST_GROUND,2017,complete_H144,144,low-power,24
48,27415.0,42595516.88172319,6155763.668888282,42595698.68430659,6155763.668888282,33231447.822595745,30447755.252978798,36084305.00429615,3452015.3206059583,30314517.52529237,NIST_GROUND,2017,complete_H144,144,low-power,24
49,26208.0,56674106.0195625,7456318.551620191,56674317.35685834,7456318.551620191,21685373.33455478,19030281.194613256,21918663.922301326,781.7998240399971,61509832.90918065,NIST_GROUND,2017,complete_H144,144,low-power,24
50,25776.0,24728421.210753597,4222818.843058042,24728422.371195182,4222818.843058042,29051266.112465855,26141969.848889485,27030970.20073059,895.9292367600017,209328541.9597055,NIST_GROUND,2017,complete_H144,144,low-power,24
51,25883.0,26163486.96050066,3737329.060645569,26163638.96234107,3737329.060645569,30363711.80927639,26841722.30759719,29698146.59960851,6939.606424879993,105805994.81528065,NIST_GROUND,2017,complete_H144,144,low-power,24
52,26116.0,36240353.64582386,5894195.044525644,36240604.455272034,5894195.044525644,31880851.642975625,28507579.11084226,30527466.81115434,11853.592738160054,176879909.07814816,NIST_GROUND,2017,complete_H144,144,low-power,24
53,26103.0,22958457.852683965,4028326.62821308,22958507.54616127,4028326.62821308,39181679.513365194,35667334.47455124,35866843.64036214,448.55508931999725,209942947.60913208,NIST_GROUND,2017,complete_H144,144,low-power,24
54,25811.0,30327797.46986949,4336734.505478647,30328081.513809472,4336734.505478647,28748631.810168304,25143637.002846483,26249575.565639496,380.8829869999986,189012179.67526206,NIST_GROUND,2017,complete_H144,144,low-power,24
55,25741.0,29387873.703253616,4346453.224978224,29388025.289397817,4346453.224978224,33649819.77776624,29320273.249115456,33849786.91282804,1394.619238639999,112555982.23324342,NIST_GROUND,2017,complete_H144,144,low-power,24
56,25920.0,30048194.42954195,4687616.206931622,30048218.820999794,4687616.206931622,48793007.52270994,44803470.010893375,47671377.877530225,2137.821508719993,187731455.40530542,NIST_GROUND,2017,complete_H144,144,low-power,24
57,26117.0,28507498.29751714,4577711.633660891,28507444.543653585,4577711.633660891,43340236.30153412,38009124.837089874,40251047.60579716,370.9865577600023,155548707.4250633,NIST_GROUND,2017,complete_H144,144,low-power,24
58,26208.0,32221675.133139573,4392510.553640914,32221835.601677258,4392510.553640914,37233859.85865697,32862429.486480813,34399660.39549182,49.07643916,179893127.43281195,NIST_GROUND,2017,complete_H144,144,low-power,24
59,26260.0,42939128.84745507,5538848.196108829,42939297.72483427,5538848.196108829,47417153.205340676,43181979.8481676,43134370.555860825,1402.5099485600008,166702233.45050102,NIST_GROUND,2017,complete_H144,144,low-power,24
60,26732.0,38573961.00162247,4562955.692191714,38574166.55309571,4562955.692191714,36652138.12241886,32442253.513644822,34166177.107603684,58768.94157623997,96187305.67620759,NIST_GROUND,2017,complete_H144,144,low-power,24
61,10947.0,19114575.195011895,2331761.0765673206,19114534.02180071,2331761.0765673206,35201203.85247956,33338028.299904052,33612026.80083775,259.04532687999995,841.1587025999978,NIST_GROUND,2017,complete_H144,144,low-power,24
62,25982.0,29586462.646900933,3939731.3818445043,29586552.217006043,3939731.3818445043,38685583.10373559,36197334.80209767,37579884.93463257,34884.33705076003,64963756.467916556,NIST_GROUND,2017,complete_H144,144,low-power,24
63,26487.0,25642640.670042537,4979042.772393401,25642650.101549357,4979042.772393401,35044557.923553735,30006384.328055613,29889063.376048416,63762.727502439986,167548382.0411072,NIST_GROUND,2017,complete_H144,144,low-power,24
64,19666.0,20690715.533596583,2545713.889234546,20690774.362141024,2545713.889234546,22510020.783364628,20546014.006701324,21722755.334972877,371.01102640000306,77891935.05005811,NIST_GROUND,2017,complete_H144,144,low-power,24
65,20213.0,38746778.74459389,5271917.863540918,38746678.697618224,5271917.863540918,16141831.278918624,14544933.212817434,16927046.01680708,330162.2848371591,12416066.718833448,NIST_GROUND,2017,complete_H144,144,low-power,24
66,27222.0,47553129.65078072,7486405.963716465,47553193.06158009,7486405.963716465,28361304.19700838,26222563.664524745,27629581.9761274,1215.9820207999946,85140819.92876667,NIST_GROUND,2017,complete_H144,144,low-power,24
67,27121.0,32429598.811658423,4220544.834712135,32429805.92425292,4220544.834712135,42925969.21471753,41047137.39770972,43445772.56563349,3180.9704620399943,138793252.17978126,NIST_GROUND,2017,complete_H144,144,low-power,24
68,29832.0,49734197.30643259,9507918.7172998,49734117.43313263,9507918.7172998,46464610.21270345,44769154.59240282,48529396.56396061,3050276.4107180363,10974906.3738642,NIST_GROUND,2017,complete_H144,144,low-power,24
69,41472.0,84256019.73752226,26877593.862544753,84255869.97464123,26877593.862544753,78919806.07915835,69431886.42283872,69979957.97842789,15422949.552380607,8154.622898920004,NIST_GROUND,2017,complete_H144,144,low-power,24
70,20152.0,36484943.55280755,6282761.762351835,36484927.951386824,6282761.762351835,31475901.2915141,26838470.11464737,27350230.540827215,12983.810182119983,115671.40550211997,NIST_GROUND,2017,complete_H144,144,low-power,24
71,10963.0,14915804.548185972,2254370.3156657442,14915280.844419373,2254370.3156657442,12936121.172741054,11938732.557768198,12919719.433700968,366.60721811999997,462.65643992,NIST_GROUND,2017,complete_H144,144,low-power,24
72,24921.0,51770275.26165694,7397721.20827013,51770315.104708664,7397721.20827013,18590435.482113797,17946584.435734596,19298317.03155461,213081.9771810395,20574103.902866416,NIST_GROUND,2017,complete_H144,144,low-power,24
73,19964.0,15618420.485437766,2600860.2690492836,15618923.949638778,2600860.2690492836,5248424.563723791,4582154.293577138,4251315.447256492,451.47005564000057,193056130.25010353,NIST_GROUND,2017,complete_H144,144,low-power,24
74,13252.0,16797992.33018678,4011778.4191913204,16797521.4914521,4011778.4191913204,23931711.34971125,20459142.531522814,23278768.316392414,1277427.225933561,1508.391464199999,NIST_GROUND,2017,complete_H144,144,low-power,24
75,35104.0,60023824.86228523,34099448.71399668,60023769.62008855,34099448.71399668,85282353.99340326,78503619.9687644,82732711.20533426,62565953.7814951,290418.7073137192,NIST_GROUND,2017,complete_H144,144,low-power,24
76,26931.0,29481509.167566027,5727555.309122309,29481643.901635975,5727555.309122309,45393604.73356734,43137226.51421495,45715546.9986374,1630.3553083199904,152036929.6995905,NIST_GROUND,2017,complete_H144,144,low-power,24
77,27741.0,37440237.48595525,6123183.205609609,37440282.72724146,6123183.205609609,33102239.734905057,30251663.2927909,32812906.951649096,1289448.5358267662,32722367.116272848,NIST_GROUND,2017,complete_H144,144,low-power,24
78,28086.0,48951229.52269219,8975098.70977373,48951330.29248668,8975098.70977373,41295041.230578,39276908.36133955,42591506.210378416,12576.13269951997,138121019.70103294,NIST_GROUND,2017,complete_H144,144,low-power,24
79,26970.0,32301811.360832892,4834092.217349643,32301541.491779253,4834092.217349643,39046707.18695538,34806323.93922587,38843416.94740523,38538.74380267995,133785416.43066032,NIST_GROUND,2017,complete_H144,144,low-power,24
80,12812.0,24958020.874326386,4172867.6568407663,24958160.505866915,4172867.6568407663,29122082.504044015,25736897.333648607,27432759.147987664,18657.80956416006,547.4933397199995,NIST_GROUND,2017,complete_H144,144,low-power,24
81,26302.0,22072131.272926126,4954423.532422249,22072330.808515955,4954423.532422249,46401973.50278008,40813269.45089798,42251170.64479921,358.12104676,166280630.7101525,NIST_GROUND,2017,complete_H144,144,low-power,24
82,29093.0,50366060.96324979,8962966.496121071,50366024.98441472,8962966.496121071,44785024.74743411,42139076.34065402,47712566.40663653,3302847.317329192,14903126.769963324,NIST_GROUND,2017,complete_H144,144,low-power,24
83,32971.0,81866230.97480112,20076924.8084935,81866000.74478687,20076924.8084935,47645826.894770965,44075822.01963877,54177695.59814831,7161734.768570944,399993.55926495994,NIST_GROUND,2017,complete_H144,144,low-power,24
84,9317.0,21206858.193985134,4082951.1911699837,21206078.689374704,4082951.1911699837,31745684.339583736,30974482.93092772,35125887.054930516,1897.5034974399953,5315991.323006081,NIST_GROUND,2017,complete_H144,144,low-power,24
85,26683.0,32760196.451994702,7603794.321789721,32760643.728771366,7603794.321789721,25752771.50253962,24577492.366462223,25662496.80574853,37324.97480683997,176251633.5198704,NIST_GROUND,2017,complete_H144,144,low-power,24
86,26976.0,21988007.727481987,4530669.069020378,21988034.273002956,4530669.069020378,29680881.569013402,26225718.934708215,27770071.96972943,73211.19904908031,170615802.73147568,NIST_GROUND,2017,complete_H144,144,low-power,24
87,26934.0,34749430.27097578,4917343.482302706,34749596.38782494,4917343.482302706,29624166.455963865,26136683.631522577,27101539.84489344,1286.3559576800044,78139740.47467668,NIST_GROUND,2017,complete_H144,144,low-power,24
88,12044.0,8860351.935700612,1560275.102478507,8860658.970480163,1560275.102478507,12447558.161102917,9597017.284065144,9087583.080879718,87.89125004000009,188.72571071999982,NIST_GROUND,2017,complete_H144,144,low-power,24
89,20193.0,27614823.21862625,7145738.478391311,27615509.381739784,7145738.478391311,28842643.570707,28197055.761086173,28826167.239860013,2599223.88871012,100685183.43936977,NIST_GROUND,2017,complete_H144,144,low-power,24
90,14768.0,18803730.12408799,6819382.683629745,18803419.62183066,6819382.683629745,26175746.08047586,21805928.288723145,21737738.759258498,5949219.280511135,2060.2827121999976,NIST_GROUND,2017,complete_H144,144,low-power,24
91,25213.0,18156356.789805118,3601952.6106746374,18156363.770573445,3601952.6106746374,21514021.917446252,19961098.175451316,20601607.163672388,919.5338547599974,25223328.16304936,NIST_GROUND,2017,complete_H144,144,low-power,24
0,35992.0,29728249.638152212,4028376.340355503,29728786.776096743,4028376.340355503,12459705.372258129,9153272.19399124,9355437.94590092,277.25904135999923,344451013.55357134,NIST_GROUND,2017,complete_H144,144,low-power,48
1,28655.0,22250711.770691097,2514141.139491506,22251176.6506932,2514141.139491506,4084817.7370340433,3700320.6525115697,3668905.4752229657,505.86576419999756,444512713.76839167,NIST_GROUND,2017,complete_H144,144,low-power,48
2,45872.0,51117753.88653884,5735668.446075514,51117817.61459087,5735668.446075514,15756530.968042523,12718643.860415,15962993.810142782,12809.922796919962,265326805.84592038,NIST_GROUND,2017,complete_H144,144,low-power,48
3,49620.0,100664313.77783147,12879056.344091076,100664294.36107461,12879056.344091076,31821981.074708927,28537910.602541007,37434203.58865339,2732124.5510556516,209047927.61657456,NIST_GROUND,2017,complete_H144,144,low-power,48
4,47885.0,91715000.65465392,15349724.753929097,91714776.9454845,15349724.753929097,29649770.10264177,25954276.12369297,33142585.86970481,1369049.8095774401,164811837.17563483,NIST_GROUND,2017,complete_H144,144,low-power,48
5,33687.0,108632283.35451292,20195742.950284388,108631961.23354605,20195742.950284388,26870902.24767288,25381022.451154925,32751975.41513734,19229847.207355246,3332590.079469034,NIST_GROUND,2017,complete_H144,144,low-power,48
6,42519.0,90399425.8319123,16260042.866089985,90399618.09501632,16260042.866089985,23040900.07214293,20145308.569999058,23435737.54239869,3648.3009160000097,87702934.35738756,NIST_GROUND,2017,complete_H144,144,low-power,48
7,48327.0,83868703.8252899,12242682.022616982,83868784.4045208,12242682.022616982,31392941.98606385,26527382.784441635,32277640.36835245,4595.29995268002,235886861.27660787,NIST_GROUND,2017,complete_H144,144,low-power,48
8,47868.0,50356155.19145573,6346010.005427514,50356673.700392194,6346010.005427514,38185897.9837226,31749038.367477097,31454242.856244136,1081.6265989999997,472000496.52560717,NIST_GROUND,2017,complete_H144,144,low-power,48
9,26439.0,31927588.0615961,3701200.784744577,31927957.191906296,3701200.784744577,25692683.150266573,20584493.16519221,21103482.60509099,5620.986267960053,224369281.04455364,NIST_GROUND,2017,complete_H144,144,low-power,48
10,0.0,0.0,0.0,0.0,0.0,0.0,0.0,0.0,0.0,0.0,NIST_GROUND,2017,complete_H144,144,low-power,48
11,29289.0,47130337.617802314,15050866.142478814,47130497.63887422,15050866.142478814,22502223.471951462,19847407.923164774,22561846.324079104,2710.700518239973,179927598.0997633,NIST_GROUND,2017,complete_H144,144,low-power,48
12,41832.0,47855215.76336049,6884410.924995492,47855300.72134853,6884410.924995492,43368861.39767608,36218941.808683924,40674058.296110325,132409.68221932146,361631602.60320455,NIST_GROUND,2017,complete_H144,144,low-power,48
13,46093.0,54226955.17162793,8732630.839942627,54227570.4557548,8732630.839942627,35650909.35669223,31407140.698996883,36313749.12807944,1612958.4555897207,354562408.6475444,NIST_GROUND,2017,complete_H144,144,low-power,48
14,53392.0,120866246.48337105,23318440.153954957,120866266.3724889,23318440.153954957,48011817.814726256,43172797.47926502,52118673.95058808,4855852.982638466,224958044.23347953,NIST_GROUND,2017,complete_H144,144,low-power,48
15,50314.0,63097858.10312108,8517050.937887093,63097973.69359253,8517050.937887093,44662227.086887255,37553764.39251637,39982725.35823348,216500.7018312414,248965979.53506777,NIST_GROUND,2017,complete_H144,144,low-power,48
16,50342.0,73756355.91106015,9516442.299494654,73756391.46329807,9516442.299494654,49016975.32877014,43409943.97486106,51698263.308133684,147014.13217747997,225961211.47331554,NIST_GROUND,2017,complete_H144,144,low-power,48
17,56059.0,120525707.43572865,20138103.315488856,120525876.8345363,20138103.315488856,64601449.85882455,61059082.80703045,69405708.75134549,2322868.0506098727,148960216.04385242,NIST_GROUND,2017,complete_H144,144,low-power,48
18,54848.0,122017025.09347081,24981426.395028062,122016988.14139098,24981426.395028062,62293260.03527345,59788821.628278084,68370771.63860187,9843912.003183097,64072065.47382792,NIST_GROUND,2017,complete_H144,144,low-power,48
19,34934.0,52690032.738602124,9426783.009372462,52689860.71613194,9426783.009372462,19239283.98671169,16869809.034417983,19071566.46442691,24889.986901440017,16745597.096480232,NIST_GROUND,2017,complete_H144,144,low-power,48
20,50430.0,46254118.40565313,11023944.980568573,46254008.5548363,11023944.980568573,64853914.96293162,58995700.14003364,61309536.36513523,4410.386568440052,345243633.72382814,NIST_GROUND,2017,complete_H144,144,low-power,48
21,43669.0,38179216.32214752,6225175.896519378,38179401.34238413,6225175.896519378,29362200.59961075,25552000.88319995,26178905.30259043,371497.5285110802,165347226.5185278,NIST_GROUND,2017,complete_H144,144,low-power,48
22,29061.0,27167942.698190562,4424148.882135188,27167565.89958259,4424148.882135188,42697961.91352361,36985254.95620631,39725115.408537276,318059.1841331979,168396611.72006345,NIST_GROUND,2017,complete_H144,144,low-power,48
23,36937.0,45652708.34112652,5421318.310932255,45653449.419737265,5421318.310932255,24189381.994670864,19757920.124579493,19462366.167974763,13248.622684480002,161547073.79394805,NIST_GROUND,2017,complete_H144,144,low-power,48
24,53623.0,99269622.9012857,13612082.220508464,99270016.04116488,13612082.220508464,54916821.1571506,49478036.44759202,58002968.92659748,3452797.120429995,91824350.43447262,NIST_GROUND,2017,complete_H144,144,low-power,48
25,51659.0,50891908.171254225,7960147.903703612,50892061.33353624,7960147.903703612,59414977.92174226,52983692.15648667,56729116.80033907,7835.535661639996,315134536.77498674,NIST_GROUND,2017,complete_H144,144,low-power,48
26,52219.0,59198811.49850774,9922521.67273873,59199112.001433425,9922521.67273873,71062531.15634084,64174913.58539346,66394310.45151638,12302.147827480047,386822856.68728,NIST_GROUND,2017,complete_H144,144,low-power,48
27,51552.0,59715671.17312305,8683187.730456864,59716106.80320731,8683187.730456864,62398451.58793449,54463910.251961984,60099362.47846751,1775.502225639999,301568161.908504,NIST_GROUND,2017,complete_H144,144,low-power,48
28,52037.0,58555692.72705912,9265327.84059252,58555663.36465337,9265327.84059252,92133243.82424407,82812594.84798321,87922425.48332737,2508.80806648,343280162.8303706,NIST_GROUND,2017,complete_H144,144,low-power,48
29,52468.0,75160803.98059462,9931358.749749737,75161133.32651153,9931358.749749737,84651013.06399767,76044409.33464843,77534030.95135273,1451.5863877200013,346595360.88331205,NIST_GROUND,2017,complete_H144,144,low-power,48
30,37679.0,57688536.19663439,6894716.768759036,57688700.57489637,6894716.768759036,71853341.97489844,65780281.81354889,67778203.90844138,59027.986903119665,96188146.8349103,NIST_GROUND,2017,complete_H144,144,low-power,48
31,52469.0,55229103.316943504,8918774.154237907,55229202.31855542,8918774.154237907,73730141.02728936,66203719.13015325,67468948.31068099,98647.06455319979,232512138.50902376,NIST_GROUND,2017,complete_H144,144,low-power,48
32,39879.0,59437494.27819048,7817631.752775468,59437453.059759274,7817631.752775468,38651852.06228324,35090947.21951876,38649801.35177996,330533.2958635591,90308001.76889129,NIST_GROUND,2017,complete_H144,144,low-power,48
33,54343.0,79982728.46243908,11706950.798428584,79982998.98583302,11706950.798428584,71287273.41172594,67269701.06223443,71075354.54176083,4396.952482839983,223934072.10854778,NIST_GROUND,2017,complete_H144,144,low-power,48
34,71304.0,133990217.04395491,36385512.57984454,133989987.40777388,36385512.57984454,125384416.29186176,114201041.01524161,118509354.5423886,18473225.963098653,10983060.99676309,NIST_GROUND,2017,complete_H144,144,low-power,48
35,31115.0,51400748.10099351,8537132.078017581,51400208.79580618,8537132.078017581,44412022.46425514,38777202.672415555,40269949.97452818,13350.417400239952,116134.06194204022,NIST_GROUND,2017,complete_H144,144,low-power,48
36,44885.0,67388695.7470947,9998581.477319421,67389239.05434747,9998581.477319421,23838860.045837577,22528738.729311723,23549632.47881107,213533.44723668028,213630234.15296993,NIST_GROUND,2017,complete_H144,144,low-power,48
37,48356.0,76821817.19247203,38111227.133187965,76821291.1115406,38111227.133187965,109214065.3431145,98962762.5002872,106011479.52172658,63843381.00742865,291927.09877791925,NIST_GROUND,2017,complete_H144,144,low-power,48
38,54672.0,66921746.65352128,11850738.514731916,66921926.62887744,11850738.514731916,78495844.46847238,73388889.80700591,78528453.95028648,1291078.8911350863,184759296.81586426,NIST_GROUND,2017,complete_H144,144,low-power,48
39,55056.0,81253040.88352512,13809190.927123362,81252871.78426594,13809190.927123362,80341748.41753343,74083232.30056538,81434923.1577836,51114.87650219993,271906436.13169336,NIST_GROUND,2017,complete_H144,144,low-power,48
40,39114.0,47030152.14725248,9127291.189263012,47030491.3143829,9127291.189263012,75524056.00682412,66550166.78454651,69683929.79278687,19015.93061092032,166281178.20349222,NIST_GROUND,2017,complete_H144,144,low-power,48
41,62064.0,132232291.93805094,29039891.304614548,132232025.72920154,29039891.304614548,92430851.64220507,86214898.36029275,101890262.00478475,10464582.085900135,15303120.329228258,NIST_GROUND,2017,complete_H144,144,low-power,48
42,36000.0,53967054.645979814,11686745.512959696,53966722.41814607,11686745.512959696,57498455.842123374,55551975.29739001,60788383.860679045,39222.47830427992,181567624.8428765,NIST_GROUND,2017,complete_H144,144,low-power,48
43,53910.0,56737437.998457745,9448012.551323093,56737630.66082787,9448012.551323093,59305048.02497728,52362402.56623079,54871611.814622864,74497.55500676061,248755543.2061515,NIST_GROUND,2017,complete_H144,144,low-power,48
44,32237.0,36475175.15432685,8706013.580869814,36476168.35221993,8706013.580869814,41290201.73180993,37794073.045151316,37913750.32073973,2599311.77996016,100685372.16508049,NIST_GROUND,2017,complete_H144,144,low-power,48
45,39981.0,36960086.913893126,10421335.294304376,36959783.392404124,10421335.294304376,47689767.997922085,41767026.46417447,42339345.92293091,5950138.814365874,25225388.44576156,NIST_GROUND,2017,complete_H144,144,low-power,48
0,45064.0,34694548.237834565,4759952.309435309,34695248.969306186,4759952.309435309,13455834.940975424,10079760.586663913,10198095.85029994,292.3206580000006,560400440.5302668,NIST_GROUND,2017,complete_H144,144,low-power,72
1,65455.0,68402167.05754764,7518233.616487217,68402532.0720746,7518233.616487217,18845219.13635928,15492476.120253898,18789241.380966745,13300.726944479966,493890092.6376212,NIST_GROUND,2017,complete_H144,144,low-power,72
2,73755.0,156082744.45872122,22203566.226980038,156082438.00503528,22203566.226980038,47886734.82001203,42861323.72844937,56594439.06153355,2741664.055835618,265534447.4287686,NIST_GROUND,2017,complete_H144,144,low-power,72
3,57437.0,144928853.32827696,26220957.82132449,144928594.53507003,26220957.82132449,40455918.605011575,37011885.44893961,46734325.81196205,20589357.512152743,111657907.44290823,NIST_GROUND,2017,complete_H144,144,low-power,72
4,66917.0,137578303.34194055,22636462.289120328,137578482.1188521,22636462.289120328,38734585.811814755,33424124.958433438,40189315.74957016,7518.23889255997,174253442.25052506,NIST_GROUND,2017,complete_H144,144,low-power,72
5,71797.0,87045981.50671737,12212272.605014184,87046594.0810773,12212272.605014184,53885154.230114594,44997604.763484426,46978305.0174251,1806.988575119994,621336849.9090761,NIST_GROUND,2017,complete_H144,144,low-power,72
6,26439.0,31927588.0615961,3701200.784744577,31927957.191906296,3701200.784744577,25692683.150266573,20584493.16519221,21103482.60509099,5620.986267960053,224369281.04455364,NIST_GROUND,2017,complete_H144,144,low-power,72
7,29289.0,47130337.617802314,15050866.142478814,47130497.63887422,15050866.142478814,22502223.471951462,19847407.923164774,22561846.324079104,2710.700518239973,179927598.0997633,NIST_GROUND,2017,complete_H144,144,low-power,72
8,62481.0,70279527.72341664,9593218.18695551,70280266.55351149,9593218.18695551,53000974.24210985,44409283.881744936,49624286.04890916,132464.15948988017,574041869.7411721,NIST_GROUND,2017,complete_H144,144,low-power,72
9,78836.0,152668889.69494265,29342263.731937554,152668870.99608082,29342263.731937554,74030614.32698476,66389596.10520099,79482195.32586865,6468756.960957619,367110185.7430596,NIST_GROUND,2017,complete_H144,144,low-power,72
10,75168.0,95787719.14015673,12612478.230192741,95788083.31219292,12612478.230192741,62192658.227343075,52835849.405008666,57224645.54349332,217366.4244086827,424217173.173231,NIST_GROUND,2017,complete_H144,144,low-power,72
11,81547.0,161592202.30975324,25559118.322677832,161592158.67923388,25559118.322677832,96087994.04713884,89186941.76939934,103862051.8742194,2469016.460209912,199670233.8790022,NIST_GROUND,2017,complete_H144,144,low-power,72
12,81126.0,160425449.76248977,31944530.78121909,160425268.7480848,31944530.78121909,72887216.49707238,69446925.62393571,78737069.82980086,9853613.410975557,76302469.96302685,NIST_GROUND,2017,complete_H144,144,low-power,72
13,59086.0,60535726.4752362,13487623.603750026,60535588.66427435,13487623.603750026,73499242.48784447,66207405.178794004,70014804.63836314,19598.96567740005,349758826.33110917,NIST_GROUND,2017,complete_H144,144,low-power,72
14,51786.0,50588682.384874135,7884488.123047858,50588389.03534456,7884488.123047858,49816667.89653135,40123005.97759973,43469732.12320034,687553.2854223601,165347904.11506033,NIST_GROUND,2017,complete_H144,144,low-power,72
15,57881.0,60411184.9765905,8186154.966538967,60412027.62635942,8186154.966538967,46432876.61127386,42172169.98638602,41896654.75590221,15252.049906399989,329943007.9174802,NIST_GROUND,2017,complete_H144,144,low-power,72
16,79399.0,123998044.11203931,17834901.06356651,123998438.41236013,17834901.06356651,83968087.26961648,75620006.29648148,85033939.1273281,3453693.0496667586,301152892.3941779,NIST_GROUND,2017,complete_H144,144,low-power,72
17,78102.0,85362298.45900847,13659850.733384293,85362750.96377435,13659850.733384293,101426242.9656173,91016635.8929907,96092457.05112515,19241.75425236017,492628851.5025603,NIST_GROUND,2017,complete_H144,144,low-power,72
18,77472.0,89763865.60266496,13370803.937388489,89764325.62420708,13370803.937388489,111191459.11064439,99267380.26285525,107770740.35599782,3913.323734359992,489299617.31380767,NIST_GROUND,2017,complete_H144,144,low-power,72
19,78585.0,103668302.27811173,14509070.383410627,103668577.87016521,14509070.383410627,127991249.36553161,114053534.17173818,117785078.55714971,1822.572945480005,502144068.3083755,NIST_GROUND,2017,complete_H144,144,low-power,72
20,63661.0,87274998.84353529,10834448.150603537,87275252.79190242,10834448.150603537,110538925.07863402,101977616.61564663,105358088.84307405,93912.323953879,161151903.3028269,NIST_GROUND,2017,complete_H144,144,low-power,72
21,66366.0,85080134.94823311,12796674.52516887,85080103.16130863,12796674.52516887,73696409.98583697,65097331.54757434,68538864.72782843,394296.0233659994,257856383.80999932,NIST_GROUND,2017,complete_H144,144,low-power,72
22,84175.0,129716925.76887167,21214869.51572839,129717116.41896576,21214869.51572839,117751883.6244293,112038855.65463738,119604751.10572152,3054673.363200876,234908978.4824125,NIST_GROUND,2017,complete_H144,144,low-power,72
23,72587.0,135656767.83851585,35414725.94056231,135656078.77044758,35414725.94056231,123331828.54341353,108209089.0952542,110249907.9529561,15436299.969780885,124288.68484096027,NIST_GROUND,2017,complete_H144,144,low-power,72
24,58137.0,84186688.0772815,14010359.896510744,84186760.54579952,14010359.896510744,47770571.39554881,42987881.26083455,46828400.79520349,1490960.6731702418,213631742.54443377,NIST_GROUND,2017,complete_H144,144,low-power,72
25,89776.0,126945571.51580642,45950187.228728674,126945696.24896587,45950187.228728674,163778198.46187553,151892509.77577016,161261165.15562096,63857032.6726295,185049715.52317798,NIST_GROUND,2017,complete_H144,144,low-power,72
26,67868.0,106211061.75785154,17982058.583964128,106211032.29013284,17982058.583964128,109463830.92157745,99820129.63421412,108867682.30577125,69772.68606635963,271906983.62503326,NIST_GROUND,2017,complete_H144,144,low-power,72
27,88366.0,154304423.2109771,33994314.837036796,154304356.5377176,33994314.837036796,138832825.14498526,127028167.8111908,144141432.64958405,10464940.206946895,181583751.0393805,NIST_GROUND,2017,complete_H144,144,low-power,72
28,62976.0,75955062.37346186,16217414.581980087,75954756.69114907,16217414.581980087,87179337.41113678,81777694.23209819,88558455.83040851,112433.67735336021,352183427.5743537,NIST_GROUND,2017,complete_H144,144,low-power,72
29,59171.0,71224605.42530255,13623357.063172517,71225764.74004488,13623357.063172517,70914368.18777381,63930756.6766739,65015290.165633164,2600598.1359178405,178825112.63975716,NIST_GROUND,2017,complete_H144,144,low-power,72
30,39981.0,36960086.913893126,10421335.294304376,36959783.392404124,10421335.294304376,47689767.997922085,41767026.46417447,42339345.92293091,5950138.814365874,25225388.44576156,NIST_GROUND,2017,complete_H144,144,low-power,72
0,41472.0,140648341.63466397,57234907.15044348,140648129.8771259,57234907.15044348,45253189.47455364,51104244.37902271,46771385.97067479,75207642.68852983,586733284.2351406,NIST_GROUND,2017,pointwise_finite,144,full,24
1,41151.0,119365007.54284975,12073255.387721239,119364275.19431108,12073255.387721239,55650232.515081964,60792376.76064247,53998215.0882119,1419158.08073336,535030408.8554886,NIST_GROUND,2017,pointwise_finite,144,full,24
2,40961.0,108484291.46877061,15801751.683265911,108483808.09116016,15801751.683265911,48353401.53114977,52461285.93917372,47603087.27235849,4676419.095176043,517345888.33829767,NIST_GROUND,2017,pointwise_finite,144,full,24
3,41074.0,117533047.377325,15661416.74588564,117533401.33383465,15661416.74588564,69869053.5035386,73246169.52058822,66880895.99483675,5908791.10115852,518325366.97960126,NIST_GROUND,2017,pointwise_finite,144,full,24
4,41408.0,84240360.82283467,39626404.332553394,84240264.53489338,39626404.332553394,51418872.16849365,52252372.36025175,57598209.583496265,70713275.81038158,276323808.0111563,NIST_GROUND,2017,pointwise_finite,144,full,24
5,41472.0,83528217.32820868,31984530.364118025,83528152.27378426,31984530.364118025,48092077.74801382,51110192.886084095,50257648.866571076,36480576.621051565,366746854.9561072,NIST_GROUND,2017,pointwise_finite,144,full,24
6,41472.0,96905661.69988734,34500436.76545638,96905494.81775577,34500436.76545638,54933968.07060656,58398111.515214585,57576257.85750661,38286731.72152695,409280930.02751297,NIST_GROUND,2017,pointwise_finite,144,full,24
7,41472.0,101284984.28417107,73076209.91876172,101284867.33391598,73076209.91876172,64734992.889884055,60069191.770631514,82576617.4116492,140060155.68598786,60281929.35546925,NIST_GROUND,2017,pointwise_finite,144,full,24
8,41472.0,98235875.07192229,39700365.888805285,98235577.49945094,39700365.888805285,55389928.71135808,52184625.366421916,63625582.98421028,43014742.00292573,141106468.11303833,NIST_GROUND,2017,pointwise_finite,144,full,24
9,41472.0,91986246.23922116,58350854.41823694,91986578.70069753,58350854.41823694,75142569.03206006,74168344.30652714,81280304.42267817,86232849.2554297,242176241.21801248,NIST_GROUND,2017,pointwise_finite,144,full,24
10,41406.0,149504562.88637125,86990228.10371993,149504335.95823613,86990228.10371993,108736420.47997537,100248111.71771242,126786655.69218722,141215643.09361982,5918150.023564957,NIST_GROUND,2017,pointwise_finite,144,full,24
11,40897.0,111665836.8234274,17634755.541825436,111665619.43718556,17634755.541825436,47349347.60207313,45645429.78897186,56460931.13190768,2889351.949077921,8424543.166606199,NIST_GROUND,2017,pointwise_finite,144,full,24
12,41250.0,81489357.57370073,12504745.04828071,81489084.91289958,12504745.04828071,44520591.08738146,41367685.383949906,52680457.40762382,3280307.40007084,20013754.395571206,NIST_GROUND,2017,pointwise_finite,144,full,24
13,41184.0,94725843.7864156,60334211.71629594,94725978.23236334,60334211.71629594,62146099.800448015,57963760.66745756,61183014.13564269,77964743.71131308,182617294.09777525,NIST_GROUND,2017,pointwise_finite,144,full,24
14,41328.0,84757814.37970412,17748620.839571718,84757873.0383988,17748620.839571718,55815844.658733524,52065931.849993765,57470788.90451814,12596628.241482638,178782486.80932486,NIST_GROUND,2017,pointwise_finite,144,full,24
15,41472.0,95871437.9832287,41715050.24693375,95871592.30400386,41715050.24693375,58815413.49373614,54731771.038896374,58089550.64352151,42410828.7921932,338354084.0497847,NIST_GROUND,2017,pointwise_finite,144,full,24
16,41472.0,136988290.7615311,64728080.769428425,136987722.31827447,64728080.769428425,63540684.74584223,65324075.10912376,64303157.44766819,86438669.47756341,569189490.3350219,NIST_GROUND,2017,pointwise_finite,144,full,24
17,41472.0,132797859.06366621,11990474.295534713,132797387.07446064,11990474.295534713,55015005.955709055,57869241.883676685,54812789.31222403,1267362.4835948003,512325457.29057175,NIST_GROUND,2017,pointwise_finite,144,full,24
18,41472.0,128804936.35745254,14888321.052214509,128804568.81530581,14888321.052214509,62152098.31872538,64720229.45868089,62495923.52570439,692519.8432877596,510282292.46444744,NIST_GROUND,2017,pointwise_finite,144,full,24
19,20373.0,96718638.41409983,15130572.435912175,96720457.1787447,15130572.435912175,45041329.85361286,48211580.400056705,45220765.09671536,7370529.160962917,300441133.9576465,NIST_GROUND,2017,pointwise_finite,144,full,24
20,2291.0,6180285.234178739,20065319.625948813,6185550.752896722,20065319.625948813,878171.0453687129,1016307.2730362653,720050.5257042816,39957254.00812459,0.0,NIST_GROUND,2017,pointwise_finite,144,full,24
21,1593.0,2988232.341305927,2632581.906131212,2989921.9187233592,2632581.906131212,406861.32758037705,506497.8691221967,383263.0063177419,0.0,0.0,NIST_GROUND,2017,pointwise_finite,144,full,24
22,9558.0,19883597.78815269,17240005.249003023,19885158.654256623,17240005.249003023,12121759.479615608,11898737.98928158,13596370.68453479,9548430.017049272,17917323.042143885,NIST_GROUND,2017,pointwise_finite,144,full,24
23,34639.0,87881052.23630504,84466521.71326901,87881189.50551358,84466521.71326901,58740969.00929557,58598203.135967515,57299361.49146655,104047686.03201507,328187819.785983,NIST_GROUND,2017,pointwise_finite,144,full,24
24,41472.0,125099315.61867887,31781246.578184746,125099563.85273074,31781246.578184746,100636243.11729231,100099700.0426048,102882844.60760304,40043990.71286829,423257831.0506121,NIST_GROUND,2017,pointwise_finite,144,full,24
25,41404.0,114003142.10169064,40837151.6540883,114003029.01916389,40837151.6540883,78443667.98304228,75345020.36811946,71659590.79958792,43798748.14098083,395121144.8390467,NIST_GROUND,2017,pointwise_finite,144,full,24
26,41184.0,117183358.9190501,35384931.48239626,117184298.25861986,35384931.48239626,57783177.45974418,59096762.71644856,58115784.45107644,44726983.540588334,473636296.45198697,NIST_GROUND,2017,pointwise_finite,144,full,24
27,41396.0,104267928.79869974,34267373.95434162,104267713.5024109,34267373.95434162,89847993.72771025,90200362.13568158,100168682.57153235,47039181.706777,335706582.3270852,NIST_GROUND,2017,pointwise_finite,144,full,24
28,41472.0,134832992.9764867,115216964.97700496,134832940.42292398,115216964.97700496,96710361.51746698,86926291.45162413,109993533.77983105,191622373.4701661,21258570.0917628,NIST_GROUND,2017,pointwise_finite,144,full,24
29,41472.0,156708523.3250872,192306777.60993704,156708498.57565644,192306777.60993704,131126167.96816057,135260941.5986577,126230645.24895313,292616126.03616583,517876011.2123684,NIST_GROUND,2017,pointwise_finite,144,full,24
30,41472.0,129146739.54375884,27267549.749834493,129146131.48611437,27267549.749834493,79023611.37497136,82586491.10426228,77102794.0108776,34841166.08848862,498927594.5983297,NIST_GROUND,2017,pointwise_finite,144,full,24
31,41472.0,62854334.14312534,96916947.62712167,62854457.620768905,96916947.62712167,90640108.93349887,80687592.54456553,94678562.58329658,211236572.7130126,53922518.39497187,NIST_GROUND,2017,pointwise_finite,144,full,24
32,41472.0,116421044.81178677,96803161.79818419,116421031.1546835,96803161.79818419,69082807.51129429,72104052.58034828,69435295.33265127,140218121.19299093,394855571.01566786,NIST_GROUND,2017,pointwise_finite,144,full,24
33,41472.0,80271359.92222016,58405999.31331192,80271506.0491151,58405999.31331192,118483423.87644455,112195116.66797212,133385094.46208653,99078694.83483185,136947367.30404568,NIST_GROUND,2017,pointwise_finite,144,full,24
34,41472.0,129960589.00402991,73893380.34811147,129961071.02889371,73893380.34811147,123998070.56442852,121384990.75287223,128307359.8814349,87178560.30482051,333704081.8928318,NIST_GROUND,2017,pointwise_finite,144,full,24
35,41472.0,92990025.2257,91594259.13994375,92989884.07241245,91594259.13994375,55214724.06295272,49785051.25363673,63574636.40741136,174960153.0268714,12927565.434369955,NIST_GROUND,2017,pointwise_finite,144,full,24
36,41472.0,93938534.68036646,50645366.30215799,93938905.37028858,50645366.30215799,68414632.61351407,68276138.51917776,75878284.67284898,72093537.66556545,139041860.4029029,NIST_GROUND,2017,pointwise_finite,144,full,24
37,41472.0,113649599.00704141,58088099.914431885,113649840.69813383,58088099.914431885,148008188.69634667,139820757.3260257,157241435.52284715,76372395.95205747,4238398.774709162,NIST_GROUND,2017,pointwise_finite,144,full,24
38,41472.0,51105419.33877588,11378636.365256527,51105313.1934065,11378636.365256527,38678935.29424455,35622313.263013594,41516385.37275785,11951788.913975889,28630869.38308746,NIST_GROUND,2017,pointwise_finite,144,full,24
39,41329.0,59823861.51091481,14295762.892132599,59823774.380339764,14295762.892132599,48829882.84048996,42566588.804114304,51792268.36581602,8100979.470491803,26956611.06671705,NIST_GROUND,2017,pointwise_finite,144,full,24
40,41184.0,125146767.63326186,116548257.89600505,125146854.37821285,116548257.89600505,83379228.72016636,83066593.1061285,85866711.18841875,169521745.4302494,378674612.84730375,NIST_GROUND,2017,pointwise_finite,144,full,24
41,41471.0,112264806.02123293,38131802.092338525,112264615.57927923,38131802.092338525,89808875.21947587,90663331.28022255,95431617.78899585,57289578.0709233,398590362.3205617,NIST_GROUND,2017,pointwise_finite,144,full,24
42,41465.0,55549573.44605948,24586359.336108252,55549525.44754843,24586359.336108252,46658812.510936305,43809874.51221389,47346325.53672789,56973480.07557219,162526477.1158629,NIST_GROUND,2017,pointwise_finite,144,full,24
43,41184.0,87797490.48098348,38345788.091412835,87797826.1679398,38345788.091412835,75669444.27190946,76438216.09664147,75647977.15740609,39839495.45195387,280081960.5573907,NIST_GROUND,2017,pointwise_finite,144,full,24
44,40760.0,71133612.66109219,53256084.51313767,71132746.59821822,53256084.51313767,112376098.62449707,104119528.1227926,115907476.60464878,97590451.10356909,103631566.65172626,NIST_GROUND,2017,pointwise_finite,144,full,24
45,41139.0,104351599.90471084,74795568.7650628,104351353.6283499,74795568.7650628,75458825.0688422,78557968.78438984,79467845.40120868,115528973.86515786,382192258.9266154,NIST_GROUND,2017,pointwise_finite,144,full,24
46,41184.0,117350177.30547109,36373900.897833236,117351298.47910012,36373900.897833236,75926355.26712902,78754543.47256932,75644945.4594143,31510648.181329932,351671906.52030087,NIST_GROUND,2017,pointwise_finite,144,full,24
47,41085.0,145255278.73621982,44646948.250953116,145255432.6484109,44646948.250953116,102738958.88788939,107385682.64726663,101273092.41457598,49080764.65107176,459527444.2339768,NIST_GROUND,2017,pointwise_finite,144,full,24
48,41328.0,65778071.54695345,75265075.02093251,65778446.87239709,75265075.02093251,95972773.38401112,88269901.01651125,104776980.29826148,161671728.00773066,75502306.1988493,NIST_GROUND,2017,pointwise_finite,144,full,24
49,41472.0,105748641.82899876,42934811.15878904,105749221.11956103,42934811.15878904,76069980.20264359,71652296.28274463,78567087.46942125,45966188.46148268,162660992.21785215,NIST_GROUND,2017,pointwise_finite,144,full,24
50,41472.0,138760308.71505782,80961558.29935269,138760192.29993752,80961558.29935269,91882714.38113695,95265848.73469086,90925521.86562009,118277455.01263602,463150135.47316456,NIST_GROUND,2017,pointwise_finite,144,full,24
51,41472.0,80232481.54781449,28473630.116145693,80232639.46746252,28473630.116145693,83203729.64252847,81353136.91114837,89781097.91901366,46578310.90350666,257143902.78750873,NIST_GROUND,2017,pointwise_finite,144,full,24
52,41472.0,138552799.497063,54842444.94435103,138553043.4246397,54842444.94435103,105993097.5029258,109126447.82842126,105886973.28736193,50010288.94892344,424413292.23932755,NIST_GROUND,2017,pointwise_finite,144,full,24
53,41472.0,134575616.387568,23630625.67597105,134575144.61227596,23630625.67597105,81250683.1238334,83112415.20141385,82923323.43883452,22401628.865636334,465016342.40278786,NIST_GROUND,2017,pointwise_finite,144,full,24
54,41472.0,129340788.15535526,13601762.726467438,129340481.51505078,13601762.726467438,74002078.47551632,75889107.13745691,73771399.84490992,1271372.0348498,418174644.3969627,NIST_GROUND,2017,pointwise_finite,144,full,24
55,41472.0,100968040.60630563,29281567.11188217,100968088.32175823,29281567.11188217,97491203.29500413,95760639.15086107,104901481.9897447,39092159.851398714,295200605.438425,NIST_GROUND,2017,pointwise_finite,144,full,24
56,41472.0,119374747.32731569,38367749.015874766,119374816.53217022,38367749.015874766,100937007.03555664,99938989.67486066,105344682.12775081,45778493.06173765,408208267.1366444,NIST_GROUND,2017,pointwise_finite,144,full,24
57,41472.0,103960963.22470069,26818549.914234094,103960787.21373639,26818549.914234094,98479682.74600574,95126530.4115215,97657066.02682984,20439464.120156456,343358938.9742251,NIST_GROUND,2017,pointwise_finite,144,full,24
58,41472.0,104191069.17967562,20802115.12121546,104190439.06844841,20802115.12121546,77510200.27800043,78024913.46642452,77850775.47310236,18556787.320938654,392489393.48179483,NIST_GROUND,2017,pointwise_finite,144,full,24
59,41472.0,111312623.62061656,13065718.602238592,111312461.19691242,13065718.602238592,92158031.30576524,92505815.67591411,91339645.00282043,2339014.805781361,358113602.0588873,NIST_GROUND,2017,pointwise_finite,144,full,24
60,41472.0,78143155.7939967,24838987.06181497,78143486.73543175,24838987.06181497,79174032.2820883,74657992.09330532,79711113.04184848,35356949.2329124,206900312.17990017,NIST_GROUND,2017,pointwise_finite,144,full,24
61,41184.0,99747509.64319712,32430066.0176881,99747463.31830971,32430066.0176881,92174261.15969446,90099796.12917954,96780073.57733314,30807663.768083785,334413110.7276151,NIST_GROUND,2017,pointwise_finite,144,full,24
62,41328.0,62687820.67902789,27809922.927814078,62688219.359785415,27809922.927814078,103591082.52796198,100375741.47012879,109678863.39028272,51717155.91949407,164793783.24137834,NIST_GROUND,2017,pointwise_finite,144,full,24
63,41472.0,101869335.77229571,49808426.284908965,101869068.52703083,49808426.284908965,92417460.77899955,94154288.70687933,90510282.03434396,52084523.93837515,361771924.90604156,NIST_GROUND,2017,pointwise_finite,144,full,24
64,41400.0,69664272.23902956,22582814.91590883,69664518.20900714,22582814.91590883,90990221.02882981,87027840.88137296,95429541.38459864,38948127.02906511,170002102.66088098,NIST_GROUND,2017,pointwise_finite,144,full,24
65,40897.0,71697337.25460434,33336652.869928982,71697210.42727645,33336652.869928982,77628534.0000881,73422093.78325066,86693912.20422444,47490256.492842555,45779120.769578435,NIST_GROUND,2017,pointwise_finite,144,full,24
66,41256.0,103117245.45191094,48942909.45783449,103117345.08976655,48942909.45783449,77796434.57614376,77633708.7644708,78714784.34862101,56012993.82245228,214868487.7749068,NIST_GROUND,2017,pointwise_finite,144,full,24
67,41472.0,120489645.65923606,43504627.98916006,120490075.90969118,43504627.98916006,122213941.18449102,123702079.70015901,129314761.86937839,42786939.69579769,322322644.50669265,NIST_GROUND,2017,pointwise_finite,144,full,24
68,41472.0,61146903.740064815,61093460.842167504,61146827.03154646,61093460.842167504,112523548.74816294,104313890.89541717,119025121.48776256,121552625.11033872,24636017.695775844,NIST_GROUND,2017,pointwise_finite,144,full,24
69,41472.0,84256019.73752226,26877593.862544753,84255869.97464123,26877593.862544753,78919806.07915835,69431886.42283872,69979957.97842789,15422949.552380607,8154.622898920004,NIST_GROUND,2017,pointwise_finite,144,full,24
70,41355.0,74124185.62144943,15824470.911906488,74124147.0127671,15824470.911906488,63736197.54066736,60997387.514802925,63139965.774800636,6431210.971444441,6777475.85799444,NIST_GROUND,2017,pointwise_finite,144,full,24
71,40897.0,113444465.94964573,126514759.25036523,113443299.6051524,126514759.25036523,101597592.27197993,103194611.93628542,108083603.80998698,189940927.04503593,302608227.3319354,NIST_GROUND,2017,pointwise_finite,144,full,24
72,41276.0,77857520.87804475,76110645.08734098,77857753.9879759,76110645.08734098,63106119.294174865,57096538.655480064,63398082.29233423,132843656.65017536,57692329.52377476,NIST_GROUND,2017,pointwise_finite,144,full,24
73,41184.0,138083841.57788798,140806128.121847,138084257.40707392,140806128.121847,76133336.26785527,80560383.76676407,76312239.10877497,207768434.7945206,447807386.48391235,NIST_GROUND,2017,pointwise_finite,144,full,24
74,41065.0,93065234.01059656,67063758.627224125,93065453.41000511,67063758.627224125,78930368.69425257,74780915.06183086,78916689.75697404,113673485.63958222,191892682.60956725,NIST_GROUND,2017,pointwise_finite,144,full,24
75,41328.0,76624874.8368828,64181963.43721493,76625077.46154062,64181963.43721493,128135584.13730183,118880000.2723673,126461109.45636673,122005118.95494017,10207048.08793184,NIST_GROUND,2017,pointwise_finite,144,full,24
76,41472.0,149873805.82856402,148051376.6506024,149874409.94878876,148051376.6506024,113326213.29028806,113071994.16278726,117064531.52869418,217483267.9731272,351800351.52232313,NIST_GROUND,2017,pointwise_finite,144,full,24
77,41472.0,66083072.58162963,51988803.8230953,66083532.13056254,51988803.8230953,91568703.21146774,87706349.25471662,97034173.20025711,104891454.03793487,84310890.39183603,NIST_GROUND,2017,pointwise_finite,144,full,24
78,41472.0,112847115.23790939,70638969.33487785,112847115.63581361,70638969.33487785,81947523.00093983,81268435.34872037,83100555.50032412,79027286.2625771,286640406.0264932,NIST_GROUND,2017,pointwise_finite,144,full,24
79,41472.0,100241712.73248038,32023233.600272994,100241244.78739402,32023233.600272994,108086910.02429654,109150238.4211018,113465181.47843117,41179185.05637693,309743359.49403936,NIST_GROUND,2017,pointwise_finite,144,full,24
80,40897.0,78250575.42007038,66042347.899554916,78250633.16714709,66042347.899554916,140120657.2231741,128582900.7727941,153115424.32630107,121198245.55935061,39461662.24765216,NIST_GROUND,2017,pointwise_finite,144,full,24
81,41184.0,97309293.12833482,99313675.2614461,97309055.44766343,99313675.2614461,96520223.16054897,95220039.6879531,97560657.28581499,146661328.6837051,358859477.5009478,NIST_GROUND,2017,pointwise_finite,144,full,24
82,41472.0,61136378.198469214,65011073.45217378,61136435.86531306,65011073.45217378,70862913.99126229,65307436.6241826,74845167.60998206,134857265.5280644,32236524.381656084,NIST_GROUND,2017,pointwise_finite,144,full,24
83,41472.0,109565620.56776376,30226562.499479905,109565682.76837699,30226562.499479905,77018215.42663623,72830432.19925876,86100698.86478819,18399344.03125056,2373607.052076241,NIST_GROUND,2017,pointwise_finite,144,full,24
84,41184.0,67418852.35751261,14618754.428081298,67417704.43059199,14618754.428081298,108806653.9083271,100777378.37018476,116998453.29205342,16080232.951246317,31504043.682579514,NIST_GROUND,2017,pointwise_finite,144,full,24
85,41328.0,146150822.08646554,120611638.24991356,146151823.24852723,120611638.24991356,98398508.68550198,103464493.59632537,99808904.76079257,162566281.8991915,378387729.0589291,NIST_GROUND,2017,pointwise_finite,144,full,24
86,41472.0,130322194.22629806,31995872.072910808,130322132.12106717,31995872.072910808,90829972.43511312,90533655.41255529,89737927.21499455,33647997.509270646,383511026.52486897,NIST_GROUND,2017,pointwise_finite,144,full,24
87,41472.0,82575495.46786052,51069765.31535838,82576025.53698799,51069765.31535838,67237706.05116026,63438436.24831458,65236600.23788364,88575580.30714247,179337425.83392614,NIST_GROUND,2017,pointwise_finite,144,full,24
88,40266.0,152225742.7029775,84518459.02364647,152225883.4622443,84518459.02364647,85234709.11778876,90657644.46962307,82268941.17477016,115084013.43001823,441177560.52289563,NIST_GROUND,2017,pointwise_finite,144,full,24
89,40047.0,108511679.12695113,56336824.34064818,108512969.31661323,56336824.34064818,102770811.63217013,98990432.98172285,99706203.37085423,81554066.56363256,225087730.56980938,NIST_GROUND,2017,pointwise_finite,144,full,24
90,40812.0,54674682.97138938,34782685.6568479,54674694.07086031,34782685.6568479,57523338.90676508,51710201.75079441,53231071.39911926,60663515.794578165,78556774.90840456,NIST_GROUND,2017,pointwise_finite,144,full,24
91,41318.0,39783058.81666805,23319567.263442524,39783399.02840112,23319567.263442524,91311505.5842699,85714991.63913473,96184330.29375644,42636469.39518983,75097194.1509833,NIST_GROUND,2017,pointwise_finite,144,full,24
0,82623.0,260013349.17751366,69308162.53816469,260012405.07143703,69308162.53816469,100903421.98963557,111896621.13966514,100769601.05888666,76626800.76926322,1121763693.0906293,NIST_GROUND,2017,pointwise_finite,144,full,48
1,82035.0,226017338.8460957,31463168.429151557,226017209.42499492,31463168.429151557,118222455.0346884,125707455.45976202,114483983.26719505,10585210.19633456,1035671255.3178989,NIST_GROUND,2017,pointwise_finite,144,full,48
2,82880.0,167768578.15104315,71610934.69667146,167768416.80867746,71610934.69667146,99510949.9165075,103362565.24633572,107855858.45006725,107193852.43143314,643070662.9672629,NIST_GROUND,2017,pointwise_finite,144,full,48
3,82944.0,198190645.98405853,107576646.684218,198190362.15167192,107576646.684218,119668960.9604906,118467303.28584608,140152875.26915577,178346887.40751478,469562859.38298243,NIST_GROUND,2017,pointwise_finite,144,full,48
4,82944.0,190222121.31114355,98051220.30704227,190222156.20014837,98051220.30704227,130532497.74341832,126352969.67294921,144905887.40688834,129247591.25835542,383282709.33105105,NIST_GROUND,2017,pointwise_finite,144,full,48
5,82303.0,261170399.7097986,104624983.64554532,261169955.39542192,104624983.64554532,156085768.08204845,145893541.5066842,183247586.82409498,144104995.04269767,14342693.190171154,NIST_GROUND,2017,pointwise_finite,144,full,48
6,82434.0,176215201.36011645,72838956.76457669,176215063.1452631,72838956.76457669,106666690.88782942,99331446.05140737,113863471.54326649,81245051.1113839,202631048.49334642,NIST_GROUND,2017,pointwise_finite,144,full,48
7,82800.0,180629252.36293265,59463671.0865055,180629465.3424026,59463671.0865055,114631258.15246965,106797702.88889016,115560339.54803978,55007457.03367584,517136570.85910964,NIST_GROUND,2017,pointwise_finite,144,full,48
8,82944.0,269786149.8251973,76718555.06496318,269785109.3927349,76718555.06496318,118555690.70155112,123193316.99280053,119115946.75989221,87706031.96115841,1081514947.6255934,NIST_GROUND,2017,pointwise_finite,144,full,48
9,61845.0,225523574.77155226,30018893.48812664,225525025.9940505,30018893.48812664,107193428.17233829,112931809.8587377,107716688.6224198,8063049.004250679,810723426.4220918,NIST_GROUND,2017,pointwise_finite,144,full,48
10,3884.0,9168517.575484663,22697901.53208004,9175472.671620084,22697901.53208004,1285032.372949091,1522805.1421584613,1103313.532022024,39957254.00812459,0.0,NIST_GROUND,2017,pointwise_finite,144,full,48
11,44197.0,107764650.0244579,101706526.96227205,107766348.15977016,101706526.96227205,70862728.48891117,70496941.12524907,70895732.17600134,113596116.0490644,346105142.82812697,NIST_GROUND,2017,pointwise_finite,144,full,48
12,82876.0,239102457.72036946,72618398.23227306,239102592.87189448,72618398.23227306,179079911.1003348,175444720.4107242,174542435.40719098,83842738.85384902,818378975.8896593,NIST_GROUND,2017,pointwise_finite,144,full,48
13,82580.0,221451287.71774986,69652305.43673779,221452011.7610306,69652305.43673779,147631171.18745437,149297124.8521302,158284467.02260888,91766165.24736536,809342878.7790717,NIST_GROUND,2017,pointwise_finite,144,full,48
14,82944.0,291541516.3015736,307523742.5869419,291541438.99858046,307523742.5869419,227836529.48562747,222187233.0502818,236224179.02878413,484238499.50633216,539134581.3041313,NIST_GROUND,2017,pointwise_finite,144,full,48
15,82944.0,192001073.68688422,124184497.37695621,192000589.1068833,124184497.37695621,169663720.30847055,163274083.6488279,171781356.59417415,246077738.80150124,552850112.9933017,NIST_GROUND,2017,pointwise_finite,144,full,48
16,82944.0,196692404.7340069,155209161.11149618,196692537.20379877,155209161.11149618,187566231.3877389,184299169.2483201,202820389.7947375,239296816.02782258,531802938.31971395,NIST_GROUND,2017,pointwise_finite,144,full,48
17,82944.0,222950614.2297299,165487639.48805502,222950955.1013061,165487639.48805502,179212794.6273813,171170042.00650904,191881996.28884634,262138713.33169165,346631647.3272014,NIST_GROUND,2017,pointwise_finite,144,full,48
18,82944.0,207588133.6874076,108733466.2165898,207588746.06842262,108733466.2165898,216422821.30986083,208096895.84520358,233119720.19569618,148465933.61762273,143280259.17761186,NIST_GROUND,2017,pointwise_finite,144,full,48
19,82801.0,110929280.8496908,25674399.257389132,110929087.57374637,25674399.257389132,87508818.13473454,78188902.06712794,93308653.73857385,20052768.384467695,55587480.44980461,NIST_GROUND,2017,pointwise_finite,144,full,48
20,82655.0,237411573.65449497,154680059.9883437,237411469.95749238,154680059.9883437,173188103.93964225,173729924.38635093,181298328.97741467,226811323.5011727,777264975.167866,NIST_GROUND,2017,pointwise_finite,144,full,48
21,82649.0,143347063.92704287,62932147.427521124,143347351.61548814,62932147.427521124,122328256.7828457,120248090.60885529,122994302.69413391,96812975.52752599,442608437.6732535,NIST_GROUND,2017,pointwise_finite,144,full,48
22,81899.0,175485212.56580308,128051653.27820039,175484100.22656798,128051653.27820039,187834923.69333938,182677496.9071827,195375322.0058572,213119424.96872678,485823825.5783416,NIST_GROUND,2017,pointwise_finite,144,full,48
23,82269.0,262605456.04169083,81020849.14878634,262606731.12751108,81020849.14878634,178665314.15501842,186140226.11983562,176918037.87399018,80591412.8324015,811199350.7542775,NIST_GROUND,2017,pointwise_finite,144,full,48
24,82800.0,171526713.37595206,118199886.17972147,171527667.991958,118199886.17972147,172042753.58665475,159922197.29925594,183344067.76768264,207637916.46921325,238163298.41670147,NIST_GROUND,2017,pointwise_finite,144,full,48
25,82944.0,218992790.26287252,109435188.4154984,218992831.76740032,109435188.4154984,175086444.02366555,176618985.6458393,180706619.7846338,164855765.91614246,720294038.2606741,NIST_GROUND,2017,pointwise_finite,144,full,48
26,82944.0,273128415.88463116,78473070.62032194,273128188.03691566,78473070.62032194,187243780.6267592,192238863.02983493,188810296.72619653,72411917.81455974,889429634.6421146,NIST_GROUND,2017,pointwise_finite,144,full,48
27,82944.0,230308828.76166058,42883329.838349566,230308569.83680886,42883329.838349566,171493281.77052078,171649746.28831822,178672881.83465478,40363531.88624851,713375249.8353872,NIST_GROUND,2017,pointwise_finite,144,full,48
28,82944.0,223335710.55201644,65186298.93010891,223335603.7459069,65186298.93010891,199416689.78156278,195065520.08638245,203001748.15458065,66217957.18189408,751567206.1108705,NIST_GROUND,2017,pointwise_finite,144,full,48
29,82944.0,215503692.80029228,33867833.72345407,215502900.26536125,33867833.72345407,169668231.58376566,170530729.14233866,169190420.47592282,20895802.12672002,750602995.5406826,NIST_GROUND,2017,pointwise_finite,144,full,48
30,82656.0,177890665.43719378,57269053.079503,177890950.0537415,57269053.079503,171348293.4417829,164757788.22248483,176491186.6191816,66164613.000996225,541313422.9075148,NIST_GROUND,2017,pointwise_finite,144,full,48
31,82800.0,164557156.45132384,77618349.21272302,164557287.88681608,77618349.21272302,196008543.3069616,194530030.17700827,200189145.4246267,103801679.85786904,526565708.1474201,NIST_GROUND,2017,pointwise_finite,144,full,48
32,82297.0,141361609.49363407,55919467.785837784,141361728.6362836,55919467.785837784,168618755.02891788,160449934.6646236,182123453.5888231,86438383.52190776,215781223.43045914,NIST_GROUND,2017,pointwise_finite,144,full,48
33,82728.0,223606891.11114708,92447537.44699457,223607420.9994576,92447537.44699457,200010375.760635,201335788.46462998,208029546.21799925,98799933.51825003,537191132.2816001,NIST_GROUND,2017,pointwise_finite,144,full,48
34,82944.0,145402923.47758713,87971054.70471233,145402697.0061877,87971054.70471233,191443354.8273213,173745777.318256,189005079.46619037,136975574.66271898,24644172.318674825,NIST_GROUND,2017,pointwise_finite,144,full,48
35,82252.0,187568651.57109514,142339230.16227144,187567446.61791947,142339230.16227144,165333789.81264737,164191999.45108855,171223569.5847877,196372138.01648042,309385703.18992984,NIST_GROUND,2017,pointwise_finite,144,full,48
36,82460.0,215941362.45593292,216916773.20918787,215942011.39504987,216916773.20918787,139239455.5620302,137656922.42224413,139710321.40110925,340612091.4446956,505499716.0076871,NIST_GROUND,2017,pointwise_finite,144,full,48
37,82393.0,169690108.8474795,131245722.06443907,169690530.871546,131245722.06443907,207065952.8315541,193660915.3341979,205377799.2133406,235678604.59452274,202099730.69749922,NIST_GROUND,2017,pointwise_finite,144,full,48
38,82944.0,215956878.41019374,200040180.47369757,215957942.07935143,200040180.47369757,204894916.50175598,200778343.41750374,214098704.72895142,322374722.01106215,436111241.9141597,NIST_GROUND,2017,pointwise_finite,144,full,48
39,82944.0,213088827.97038978,102662202.9351509,213088360.42320755,102662202.9351509,190034433.0252366,190418673.76982233,196565736.97875535,120206471.3189541,596383765.5205318,NIST_GROUND,2017,pointwise_finite,144,full,48
40,82081.0,175559868.54840508,165356023.16100124,175559688.6148104,165356023.16100124,236640880.38372326,223802940.46074724,250676081.6121161,267859574.24305543,398321139.74859977,NIST_GROUND,2017,pointwise_finite,144,full,48
41,82944.0,170701998.766233,95237635.95165385,170702118.6336902,95237635.95165385,147881129.4178986,138137868.82344133,160945866.4747702,153256609.5593151,34610131.43373237,NIST_GROUND,2017,pointwise_finite,144,full,48
42,82512.0,213569674.44397843,135230392.6779948,213569527.6791191,135230392.6779948,207205162.59382918,204241871.96651018,216807358.0528461,178646514.85043785,409891772.74150825,NIST_GROUND,2017,pointwise_finite,144,full,48
43,82944.0,212897689.6941585,83065637.38826907,212898157.6580552,83065637.38826907,158067678.4862734,153972091.66086978,154974527.4528782,122223577.81641294,562848452.3587942,NIST_GROUND,2017,pointwise_finite,144,full,48
44,80313.0,260737421.82992864,140855283.36429474,260738852.7788576,140855283.36429474,188005520.74995872,189648077.45134613,181975144.54562473,196638079.9936507,666265291.0927043,NIST_GROUND,2017,pointwise_finite,144,full,48
45,82130.0,94457741.78805739,58102252.920290366,94458093.09926134,58102252.920290366,148834844.4910348,137425193.38992923,149415401.69287583,103299985.18976808,153653969.0593879,NIST_GROUND,2017,pointwise_finite,144,full,48
0,123584.0,368497640.6462841,85109914.22143048,368496213.162598,85109914.22143048,149256823.5207854,164357907.0788389,148372688.33124506,81303219.86443923,1639109581.428925,NIST_GROUND,2017,pointwise_finite,144,full,72
1,123954.0,285301625.52836823,87272351.44255704,285301818.14251196,87272351.44255704,169380003.4200462,176608734.76692414,174736754.44490424,113102643.53259169,1161396029.9468656,NIST_GROUND,2017,pointwise_finite,144,full,72
2,124416.0,296426521.0559809,147277012.57302308,296425939.6511228,147277012.57302308,175058889.67184868,170651928.65226802,203778458.25336593,221361629.41044062,610669327.4960216,NIST_GROUND,2017,pointwise_finite,144,full,72
3,123775.0,353156645.94901943,162975838.0637825,353156534.09611964,162975838.0637825,231228337.11410832,220061885.81321114,264527891.24677345,230337844.2981273,256518934.40818375,NIST_GROUND,2017,pointwise_finite,144,full,72
4,123762.0,260973015.73982042,90587577.60414846,260972936.1836621,90587577.60414846,162482535.54656297,151397377.90140113,171334260.4477847,93841679.35286643,381413535.30267143,NIST_GROUND,2017,pointwise_finite,144,full,72
5,124416.0,365657587.8084258,118433605.3118969,365656701.69673866,118433605.3118969,177371104.19528723,177925088.03169683,177205497.40341392,130116860.75335155,1419869031.6753783,NIST_GROUND,2017,pointwise_finite,144,full,72
6,64136.0,231703860.005731,50084213.11407546,231710576.74694717,50084213.11407546,108071599.21770698,113948117.13177398,108436739.14812405,48020303.01237528,810723426.4220918,NIST_GROUND,2017,pointwise_finite,144,full,72
7,45790.0,110752882.36576383,104339108.86840327,110756270.0784935,104339108.86840327,71269589.81649154,71003438.99437127,71278995.18231909,113596116.0490644,346105142.82812697,NIST_GROUND,2017,pointwise_finite,144,full,72
8,124060.0,356285816.63941926,108003329.71466938,356286891.13051397,108003329.71466938,236863088.56007904,234541483.12717283,232658219.8582673,128569722.39443739,1292015272.3416455,NIST_GROUND,2017,pointwise_finite,144,full,72
9,124340.0,395809445.100274,341791116.54128355,395809152.500992,341791116.54128355,317684523.2133377,312387595.1859637,336392861.60031635,531277681.213109,874841163.6312163,NIST_GROUND,2017,pointwise_finite,144,full,72
10,124416.0,308422118.4986716,220987659.17514047,308421620.26156664,220987659.17514047,238746527.81976512,235378136.22917613,241216651.92682567,386295859.99449235,947705684.0089698,NIST_GROUND,2017,pointwise_finite,144,full,72
11,124416.0,303221974.15195036,223893638.80136684,303222461.1504214,223893638.80136684,297696218.50382566,283365158.6744814,325267090.7509329,361217408.1665235,483579014.6312475,NIST_GROUND,2017,pointwise_finite,144,full,72
12,124416.0,258693553.0261837,120112102.58184636,258694059.26182902,120112102.58184636,255101756.60410553,243719209.10821715,274636105.5684539,160417722.5315992,171911128.56069925,NIST_GROUND,2017,pointwise_finite,144,full,72
13,123984.0,297235435.16540986,168975822.88047627,297235244.3378317,168975822.88047627,222017986.78013232,216296513.19046524,233090597.34323072,234912302.97166446,804221586.2345827,NIST_GROUND,2017,pointwise_finite,144,full,72
14,123409.0,214480676.5881346,116188231.94065888,214480098.21370643,116188231.94065888,234704355.4073425,224367618.73164782,238901779.29878274,194403426.631095,546240004.3249798,NIST_GROUND,2017,pointwise_finite,144,full,72
15,123408.0,366957055.94640183,155816417.913849,366958084.755861,155816417.913849,254124139.2238606,264698194.90422565,256385883.275199,196120386.69755957,1193391609.680894,NIST_GROUND,2017,pointwise_finite,144,full,72
16,124272.0,310287022.09100974,199161444.479074,310287860.291896,199161444.479074,263925467.96779168,255188046.03394648,274269589.6333027,325915371.48184973,701313433.8898666,NIST_GROUND,2017,pointwise_finite,144,full,72
17,124416.0,353360897.4324453,106946700.73646772,353360827.5043783,106946700.73646772,270447510.269288,273591999.94098336,278591394.6452104,118990228.71806638,1146573537.429623,NIST_GROUND,2017,pointwise_finite,144,full,72
18,124416.0,349683576.0889756,81251078.8542244,349683386.3689793,81251078.8542244,272430288.8060775,271588735.9631789,284017563.9624057,86142024.94798622,1121583516.9720316,NIST_GROUND,2017,pointwise_finite,144,full,72
19,124416.0,319464656.0249929,60686383.637688115,319463687.4790971,60686383.637688115,268147914.32977134,265657259.55386013,266847486.50275293,41335266.246876486,1093961934.5149078,NIST_GROUND,2017,pointwise_finite,144,full,72
20,123984.0,240578486.11622185,85078976.00731708,240579169.41352674,85078976.00731708,274939375.969745,265133529.6926138,286170050.0094642,117881768.92049025,706107206.1488926,NIST_GROUND,2017,pointwise_finite,144,full,72
21,123769.0,243230945.2659295,105727894.07074682,243230797.1633141,105727894.07074682,261036215.80791762,254604223.37150308,272633735.6231671,138522907.46028316,577553148.336501,NIST_GROUND,2017,pointwise_finite,144,full,72
22,124200.0,284753794.8512119,153540998.2891622,284754248.0310038,153540998.2891622,312533924.5087978,305649679.3600468,327054667.7057623,220352558.62858912,561827149.9773753,NIST_GROUND,2017,pointwise_finite,144,full,72
23,123724.0,271824671.30861723,169216824.0248162,271823316.5925605,169216824.0248162,244253595.89180556,233623885.87392735,241203527.56321558,211795087.56886098,309393857.8128288,NIST_GROUND,2017,pointwise_finite,144,full,72
24,123525.0,309006596.4665293,283980531.8364124,309007464.80505514,283980531.8364124,218169824.25628266,212437837.4840749,218627011.15808353,454285577.0842786,697392398.6172541,NIST_GROUND,2017,pointwise_finite,144,full,72
25,124272.0,292581753.2470768,264222143.91091257,292583019.5408921,264222143.91091257,333030500.6390568,319658343.68987054,340559814.1853179,444379840.9660015,446318290.0020916,NIST_GROUND,2017,pointwise_finite,144,full,72
26,123841.0,291339403.39045995,168704550.83470604,291338993.59035456,168704550.83470604,330155090.24841094,319001574.542616,349681161.30505615,241404716.87830424,635845427.7681853,NIST_GROUND,2017,pointwise_finite,144,full,72
27,124128.0,268011291.8945681,194551311.21310002,268011174.0813535,194551311.21310002,244401352.5784474,233357908.51139417,258506523.76058504,299917938.2430205,393469608.93468016,NIST_GROUND,2017,pointwise_finite,144,full,72
28,123984.0,343891868.67027664,167226264.75090566,343891659.8001867,167226264.75090566,298035135.0289427,294775527.379065,306545285.26784056,212294512.3597086,793402799.2663785,NIST_GROUND,2017,pointwise_finite,144,full,72
29,121785.0,343312917.2977888,191925048.67965284,343314878.3158454,191925048.67965284,255243226.80111894,253086513.69966042,247211744.78350818,285213660.30079275,845602716.9266307,NIST_GROUND,2017,pointwise_finite,144,full,72
30,82130.0,94457741.78805739,58102252.920290366,94458093.09926134,58102252.920290366,148834844.4910348,137425193.38992923,149415401.69287583,103299985.18976808,153653969.0593879,NIST_GROUND,2017,pointwise_finite,144,full,72
0,18576.0,119593171.97579513,54524086.44096872,119592655.37790228,54524086.44096872,37321324.21061773,45215584.18706816,40623326.11964035,75207500.85416469,336181510.18556017,NIST_GROUND,2017,pointwise_finite,144,power-active,24
1,18331.0,100531465.80750684,9542870.274617331,100530568.4451113,9542870.274617331,45754723.80430272,53133519.5879244,46157854.32154977,1418823.8028629601,303737397.22964275,NIST_GROUND,2017,pointwise_finite,144,power-active,24
2,18208.0,87240567.21844631,13521147.351330375,87239856.28629665,13521147.351330375,39764770.73810855,45900588.15823738,40644214.419660166,4675149.448091442,291387148.1707609,NIST_GROUND,2017,pointwise_finite,144,power-active,24
3,18387.0,97767605.5966911,13517915.017202068,97767680.71186061,13517915.017202068,62471269.538836725,67780638.65090463,61244434.75864811,5907187.705599759,289761440.1345246,NIST_GROUND,2017,pointwise_finite,144,power-active,24
4,18642.0,57994643.600068554,36955446.28714897,57994594.87190227,36955446.28714897,44339386.87267955,46698612.25144768,50902426.61127385,70707283.09915529,171324474.9262574,NIST_GROUND,2017,pointwise_finite,144,power-active,24
5,18366.0,58656180.66443598,28919819.96344692,58656004.32218442,28919819.96344692,39415032.075785495,43945309.13447318,40990438.02865075,36473759.40948093,206419382.1950862,NIST_GROUND,2017,pointwise_finite,144,power-active,24
6,17856.0,70122081.05148853,30872640.939061835,70121831.86495654,30872640.939061835,44547641.29585731,49351139.59541149,46831593.584115624,37468711.323843665,226516400.2075721,NIST_GROUND,2017,pointwise_finite,144,power-active,24
7,15468.0,27404251.154738404,63824949.40106519,27404235.92564066,63824949.40106519,43299338.58992439,40578253.087893665,55887078.0963868,138146051.53261584,33998531.558836,NIST_GROUND,2017,pointwise_finite,144,power-active,24
8,17337.0,42817444.39103247,30375856.005916312,42817433.85549035,30375856.005916312,39325174.96605499,37861212.240513615,44465347.51133017,43005202.49814576,84619948.30084287,NIST_GROUND,2017,pointwise_finite,144,power-active,24
9,17722.0,55689676.2654571,52325639.54719687,55689945.399173595,52325639.54719687,61557552.674721405,62537481.30874257,67297954.02585353,84873338.95063208,133850923.85457288,NIST_GROUND,2017,pointwise_finite,144,power-active,24
10,14430.0,50725978.98580084,68518789.29826908,50726020.899889894,68518789.29826908,78163265.4617261,71164497.58384839,89439416.61494912,121969417.32886252,3264518.058980118,NIST_GROUND,2017,pointwise_finite,144,power-active,24
11,14267.0,31294317.474025436,4392998.871481705,31294126.12213639,4392998.871481705,33681715.81654826,32263098.322236422,40303843.216731936,2849346.221128282,4659897.384456202,NIST_GROUND,2017,pointwise_finite,144,power-active,24
12,15782.0,23264110.957262814,3241892.1939226086,23263806.447819322,3241892.1939226086,32631910.057744294,30351626.48995261,38868059.98072758,3278998.832604763,11274360.534243286,NIST_GROUND,2017,pointwise_finite,144,power-active,24
13,16921.0,46478190.62205856,50549040.61667756,46478279.551688805,50549040.61667756,48106885.23755157,46176341.29625017,47308561.67649834,77961965.75500675,92590691.16273585,NIST_GROUND,2017,pointwise_finite,144,power-active,24
14,16930.0,37578936.86967589,11372201.416541398,37579009.01456302,11372201.416541398,40122158.91906169,38787115.46155944,40717210.697346695,12592758.30350607,92231978.91618706,NIST_GROUND,2017,pointwise_finite,144,power-active,24
15,17543.0,59181611.66796707,35848787.6473471,59181671.92331875,35848787.6473471,43116157.24734412,41483204.64288906,42565488.48234055,42410103.430217095,189017730.66631478,NIST_GROUND,2017,pointwise_finite,144,power-active,24
16,17652.0,115451400.45003459,61858572.16180138,115450628.64513953,61858572.16180138,42664395.13329651,47846167.76004941,47327084.97299795,86438501.05376615,321450462.5165405,NIST_GROUND,2017,pointwise_finite,144,power-active,24
17,17424.0,103978594.1837072,8513972.897734266,103977807.04720344,8513972.897734266,37705397.584532164,43598110.86527396,40334618.930650145,1266449.2807930408,288063988.58344483,NIST_GROUND,2017,pointwise_finite,144,power-active,24
18,17401.0,99508951.2620586,11405431.681590432,99508274.69394222,11405431.681590432,42112318.064761505,47858852.972266994,45333076.27079356,686990.4527664394,285913254.441987,NIST_GROUND,2017,pointwise_finite,144,power-active,24
19,12221.0,86061099.31003726,9239980.496744769,86060718.84731592,9239980.496744769,27640687.527524553,32495650.39994038,27728454.25008207,829548.268782319,219629137.86701313,NIST_GROUND,2017,pointwise_finite,144,power-active,24
20,0.0,0.0,0.0,0.0,0.0,0.0,0.0,0.0,0.0,0.0,NIST_GROUND,2017,pointwise_finite,144,power-active,24
21,0.0,0.0,0.0,0.0,0.0,0.0,0.0,0.0,0.0,0.0,NIST_GROUND,2017,pointwise_finite,144,power-active,24
22,1948.0,7025368.808473963,6347229.252138141,7026255.978867948,6347229.252138141,5922381.54607312,6121815.600337654,6714058.53638369,9547790.394553117,9965201.33963072,NIST_GROUND,2017,pointwise_finite,144,power-active,24
23,11978.0,52323651.84047072,79445804.47200802,52323670.43053643,79445804.47200802,42244475.74338811,44293843.80193562,41418309.353210054,104045611.60016535,156212340.03490487,NIST_GROUND,2017,pointwise_finite,144,power-active,24
24,16212.0,95511184.45251518,27452918.22780272,95511344.34723271,27452918.22780272,69994948.4124942,74166824.36276598,73359897.40231013,39914492.68592487,235659644.7019234,NIST_GROUND,2017,pointwise_finite,144,power-active,24
25,16761.0,88325984.34462065,36965466.55198665,88325859.30728677,36965466.55198665,55019086.15360327,56225180.265833,51893365.09324519,43795694.52756043,221087050.90677375,NIST_GROUND,2017,pointwise_finite,144,power-active,24
26,16789.0,91284197.51031502,32536152.257804368,91284514.88923532,32536152.257804368,38520635.0489879,43615004.59919547,41761273.09556828,44726745.36988639,261225137.0046188,NIST_GROUND,2017,pointwise_finite,144,power-active,24
27,15952.0,72465285.58712798,28243550.376359012,72465108.87881912,28243550.376359012,63829197.215451755,66983563.5097456,72805161.19625181,45426277.72845782,193554440.81750742,NIST_GROUND,2017,pointwise_finite,144,power-active,24
28,12535.0,34585802.91511108,98304755.94790973,34585717.07096029,98304755.94790973,62833917.03046302,55378701.3424769,69606633.43879452,186767858.101317,18207134.72906048,NIST_GROUND,2017,pointwise_finite,144,power-active,24
29,17017.0,136089466.90309197,185900546.48507723,136089455.55513126,185900546.48507723,116990794.6404383,123635734.22853985,114498871.63940175,292614788.42237616,295969402.3415912,NIST_GROUND,2017,pointwise_finite,144,power-active,24
30,16733.0,108225861.71227895,24331082.45829547,108225090.53503782,24331082.45829547,57115614.36878327,64223625.71346791,59011301.9764747,34835767.62836846,267251928.44006115,NIST_GROUND,2017,pointwise_finite,144,power-active,24
31,15897.0,20677353.87148405,91336363.98077351,20677524.878252875,91336363.98077351,67885878.85279973,61496693.542843595,72787329.25946607,211025470.4713014,36632205.01817136,NIST_GROUND,2017,pointwise_finite,144,power-active,24
32,16618.0,83731183.77475101,92707734.5058785,83730921.53608288,92707734.5058785,51552376.370838486,56821967.56785605,52193375.14739149,140217255.4704136,219604377.37750295,NIST_GROUND,2017,pointwise_finite,144,power-active,24
33,15984.0,39204865.048195414,52984984.30612292,39205224.20441744,52984984.30612292,86996879.68813024,84067257.7056033,98928751.33921248,98932546.42523187,86237349.46889594,NIST_GROUND,2017,pointwise_finite,144,power-active,24
34,14744.0,81816235.67349626,65179279.32912157,81816392.43262076,65179279.32912157,84930422.21565604,84105566.40010642,89390087.63676713,86605257.56071797,187340865.9444468,NIST_GROUND,2017,pointwise_finite,144,power-active,24
35,12141.0,20608671.120505013,80170256.84344472,20608685.83414911,80170256.84344472,29680922.55290064,26005392.799372103,33086199.90073365,173210587.72036377,10330565.338904167,NIST_GROUND,2017,pointwise_finite,144,power-active,24
36,15023.0,41677716.56011101,40681388.71784307,41678093.841979206,40681388.71784307,43962941.777133256,45696758.40908404,48968825.16526316,71589364.01159528,75986567.2594934,NIST_GROUND,2017,pointwise_finite,144,power-active,24
37,13073.0,43893392.03382606,43070651.10371871,43893664.08505226,43070651.10371871,110166619.4974543,102611315.80784132,115780123.39183119,67032657.6028445,3221626.444291282,NIST_GROUND,2017,pointwise_finite,144,power-active,24
38,15194.0,12696994.669756785,4415531.979065512,12697032.586712684,4415531.979065512,28084978.832445692,25964209.267356038,31150087.181558814,11942087.506183414,16400464.89388829,NIST_GROUND,2017,pointwise_finite,144,power-active,24
39,15159.0,16588526.963688815,7376776.609221293,16588580.028033232,7376776.609221293,34063106.28386891,30319848.492856123,37124949.854740195,8083450.675620204,19066823.591712035,NIST_GROUND,2017,pointwise_finite,144,power-active,24
40,16100.0,94713829.63175829,108336864.86657162,94714093.97529061,108336864.86657162,51562968.61825309,53045450.798083596,54321504.814578354,169519506.3798297,204614944.53739685,NIST_GROUND,2017,pointwise_finite,144,power-active,24
41,16040.0,96307775.12635943,35302926.60432973,96307516.13677427,35302926.60432973,56619357.88296078,61573985.06758201,65522688.31334864,57287398.73271836,227406388.66436055,NIST_GROUND,2017,pointwise_finite,144,power-active,24
42,15812.0,32368276.66971592,21265536.806403317,32368219.238845315,21265536.806403317,29017549.643846262,29087353.68963266,31477147.14357225,56965856.95976738,92155205.90517348,NIST_GROUND,2017,pointwise_finite,144,power-active,24
43,15094.0,63323037.6920765,34408459.77329772,63323260.38905667,34408459.77329772,55193020.254500076,58449793.69421018,57499851.622207426,39463419.04511058,153247500.2644664,NIST_GROUND,2017,pointwise_finite,144,power-active,24
44,13600.0,35357177.51264763,46686877.59940054,35357204.221915424,46686877.59940054,73931205.62793231,70591978.32507749,78271360.62341881,96195229.32126622,69899509.88323714,NIST_GROUND,2017,pointwise_finite,144,power-active,24
45,15110.0,79380429.25927761,71162513.09187607,79380068.96384013,71162513.09187607,47043300.6518891,51147595.20232453,51230978.044051304,115523868.0150031,213796041.2342653,NIST_GROUND,2017,pointwise_finite,144,power-active,24
46,15506.0,82295216.78086403,32031557.84047778,82295794.2423366,32031557.84047778,61037598.38942881,65516350.430991806,61397393.9224142,31504200.490932226,198122858.07206097,NIST_GROUND,2017,pointwise_finite,144,power-active,24
47,15347.0,118315144.34261376,39927669.62753211,118315163.29958747,39927669.62753211,70694768.92434749,77867048.05564864,71775787.20581838,48951163.99017798,247928658.6432076,NIST_GROUND,2017,pointwise_finite,144,power-active,24
48,13913.0,23182554.665230274,69109311.35204428,23182748.188090477,69109311.35204428,62741325.561415106,57822145.76353237,68692675.29396543,158219712.6871246,45187788.6735569,NIST_GROUND,2017,pointwise_finite,144,power-active,24
49,15264.0,49074535.80943618,35478492.60716882,49074903.76270264,35478492.60716882,54384606.868088804,52622015.08813143,56648423.547119945,45965406.661658645,101151159.30867174,NIST_GROUND,2017,pointwise_finite,144,power-active,24
50,15696.0,114031887.50430416,76738739.45629473,114031769.92874242,76738739.45629473,62831448.26867116,69123878.88580126,63894551.66488938,118276559.08339927,253821593.5134584,NIST_GROUND,2017,pointwise_finite,144,power-active,24
51,15589.0,54068994.58731383,24736301.055500127,54069000.50512155,24736301.055500127,52840017.833252124,54511414.60355113,60082951.31940514,46571371.29708178,151337907.97222835,NIST_GROUND,2017,pointwise_finite,144,power-active,24
52,15356.0,102312445.85123913,48948249.89982535,102312438.96936774,48948249.89982535,74112245.85995014,80618868.71757887,75359506.47620773,49998435.35618532,247533383.1611791,NIST_GROUND,2017,pointwise_finite,144,power-active,24
53,15369.0,111617158.53488399,19602299.047757994,111616637.0661146,19602299.047757994,42069003.61046821,47445080.72686257,47056479.79847236,22401180.310546987,255073394.7936559,NIST_GROUND,2017,pointwise_finite,144,power-active,24
54,15661.0,99012990.68548565,9265028.220988799,99012400.00124142,9265028.220988799,45253446.66534811,50745470.1346104,47521824.27927043,1270991.1518627997,229162464.7216999,NIST_GROUND,2017,pointwise_finite,144,power-active,24
55,15731.0,71580166.9030519,24935113.88690393,71580063.03236027,24935113.88690393,63841383.517238006,66440365.90174568,71051695.07691674,39090765.232160084,182644623.2051817,NIST_GROUND,2017,pointwise_finite,144,power-active,24
56,15552.0,89326552.89777361,33680132.808943145,89326597.71117052,33680132.808943145,52143999.5128466,55135519.66396731,57673304.25022063,45776355.240228906,220476811.73133913,NIST_GROUND,2017,pointwise_finite,144,power-active,24
57,15355.0,75453464.92718352,22240838.28057323,75453342.67008293,22240838.28057323,55139446.44447171,57117405.57443168,57406018.42103268,20439093.13359871,187810231.5491616,NIST_GROUND,2017,pointwise_finite,144,power-active,24
58,15264.0,71969394.04653594,16409604.567574555,71968603.46677122,16409604.567574555,40276340.419343375,45162483.9799437,43451115.07761046,18556738.244499505,212596266.04898337,NIST_GROUND,2017,pointwise_finite,144,power-active,24
59,15212.0,68373494.77316152,7526870.406129762,68373163.47207814,7526870.406129762,44740878.10042451,49323835.82774649,48205274.44695964,2337612.2958328,191411368.60838607,NIST_GROUND,2017,pointwise_finite,144,power-active,24
60,14740.0,39569194.79237416,20276031.36962328,39569320.18233605,20276031.36962328,42521894.15966944,42215738.57966046,45544935.934244804,35298180.291336186,110713006.50369248,NIST_GROUND,2017,pointwise_finite,144,power-active,24
61,15316.0,68808833.83212025,27362320.195319533,68808816.763008,27362320.195319533,49023127.924057126,48471577.10142756,54748413.877405725,30807196.618967015,178673303.67276183,NIST_GROUND,2017,pointwise_finite,144,power-active,24
62,15346.0,33101358.032126937,23870191.545969572,33101667.1427794,23870191.545969572,64905499.42422645,64178406.66803122,72098978.45564997,51682271.582443245,99830026.77346167,NIST_GROUND,2017,pointwise_finite,144,power-active,24
63,14985.0,76226695.10225321,44829383.51251559,76226418.42548144,44829383.51251559,57372902.85544586,64147904.3788238,60621218.65829554,52020761.210872725,194223542.86493504,NIST_GROUND,2017,pointwise_finite,144,power-active,24
64,15045.0,33305985.887262758,18226682.141378246,33306088.722711857,18226682.141378246,56792998.64169122,56252455.904394716,62425831.15438882,38936723.12697405,92109732.344778,NIST_GROUND,2017,pointwise_finite,144,power-active,24
65,12527.0,17792964.562878605,25161141.756130036,17792764.95379181,25161141.756130036,41885604.78514384,40150117.05753513,47113586.43580039,46682573.848690934,27647110.183394603,NIST_GROUND,2017,pointwise_finite,144,power-active,24
66,14034.0,55564115.801130146,41456503.49411808,55564152.02818633,41456503.49411808,49435130.379135296,51411145.09994601,51085202.37249364,56011777.84043144,129727667.84614016,NIST_GROUND,2017,pointwise_finite,144,power-active,24
67,14351.0,88060046.84757756,39284083.15444795,88060269.98543824,39284083.15444795,79287971.96977349,82654942.30244927,85868989.30374485,42783758.72533563,183529392.32691255,NIST_GROUND,2017,pointwise_finite,144,power-active,24
68,11640.0,11412706.43363226,51585542.124867715,11412709.598413855,51585542.124867715,66058938.53545954,59544736.30301431,70495724.92380199,118502348.69962072,13661111.321911633,NIST_GROUND,2017,pointwise_finite,144,power-active,24
69,0.0,0.0,0.0,0.0,0.0,0.0,0.0,0.0,0.0,0.0,NIST_GROUND,2017,pointwise_finite,144,power-active,24
70,5643.0,10252127.31607327,4440966.507907749,10252075.291391928,4440966.507907749,16424525.836379305,15590373.741376843,16273973.033952588,6417487.871779281,6355148.524563841,NIST_GROUND,2017,pointwise_finite,144,power-active,24
71,14373.0,85027712.24742508,119428977.71254234,85026768.01543953,119428977.71254234,74685106.15248477,78736850.8358166,81232039.64087604,189940096.09726277,171348163.31060088,NIST_GROUND,2017,pointwise_finite,144,power-active,24
72,13705.0,19820850.31016789,67381361.39578022,19821049.632985204,67381361.39578022,35097268.05185854,31104498.790219422,36064139.72214338,132630488.33507438,37118144.87925329,NIST_GROUND,2017,pointwise_finite,144,power-active,24
73,14704.0,116648325.63799237,136852481.50117138,116648263.32549766,136852481.50117138,54495138.45037643,61008010.17712594,56430683.13158915,207767613.84188443,241466699.53532475,NIST_GROUND,2017,pointwise_finite,144,power-active,24
74,13150.0,57120178.73769718,59540420.32190625,57120816.626113154,59540420.32190625,47093773.805277266,46819292.28310124,48226977.6926636,112334459.0327809,103371622.79673043,NIST_GROUND,2017,pointwise_finite,144,power-active,24
75,6224.0,16601049.974597557,30082514.723218318,16601307.841452107,30082514.723218318,42853230.14389854,40376380.30360298,43728398.25103244,59439165.17344525,9916629.380618118,NIST_GROUND,2017,pointwise_finite,144,power-active,24
76,14541.0,120392296.6609979,142323821.34148002,120392766.04715274,142323821.34148002,67932608.55672076,69934767.64857222,71348984.53005686,217481637.61781868,199763421.82273254,NIST_GROUND,2017,pointwise_finite,144,power-active,24
77,13731.0,28642835.095674366,45865620.61748564,28643249.403321095,45865620.61748564,58466463.476562746,57454685.96192568,64221266.248607986,103602005.50210823,51588523.27556311,NIST_GROUND,2017,pointwise_finite,144,power-active,24
78,13386.0,63895885.715217285,61663870.62510404,63895785.34332688,61663870.62510404,40652481.77036188,41991526.98738079,40509049.289945744,79014710.12987757,148519386.32546052,NIST_GROUND,2017,pointwise_finite,144,power-active,24
79,14502.0,67939901.3716474,27189141.382923372,67939703.29561485,27189141.382923372,69040202.8373412,74343914.48187587,74621764.531026,41140646.31257424,175957943.06337917,NIST_GROUND,2017,pointwise_finite,144,power-active,24
80,13755.0,17301178.68780569,57887855.24384599,17301241.289702635,57887855.24384599,84032029.52208109,75819608.52013315,93712635.36799216,121137840.2368211,26656571.842997547,NIST_GROUND,2017,pointwise_finite,144,power-active,24
81,14882.0,75237161.85540855,94359251.72902387,75236724.63914742,94359251.72902387,50118249.657768935,54406770.23705516,55309486.6410157,146660970.56265828,192578846.7907949,NIST_GROUND,2017,pointwise_finite,144,power-active,24
82,12379.0,10770317.235219456,56048106.956052676,10770410.880898302,56048106.956052676,26077889.243828136,23168360.283528548,27132601.20334553,131554418.21073544,17333397.61169274,NIST_GROUND,2017,pointwise_finite,144,power-active,24
83,8501.0,27699389.592962563,10149637.690986393,27699682.02359015,10149637.690986393,29372388.53186522,28754610.17961998,31923003.266639862,11237609.262679603,1973613.492811281,NIST_GROUND,2017,pointwise_finite,144,power-active,24
84,13441.0,17533663.679212824,5499000.5052594775,17533314.96582249,5499000.5052594775,70810189.38836595,64174329.537199736,76408397.92254141,16076517.307678595,20334793.049942322,NIST_GROUND,2017,pointwise_finite,144,power-active,24
85,14645.0,113390625.63447082,113007843.92812377,113391179.51975594,113007843.92812377,72645737.18296248,78887001.22986315,74146407.95504409,162528956.9243848,202136095.53905857,NIST_GROUND,2017,pointwise_finite,144,power-active,24
86,14496.0,108334186.49881609,27465203.003890406,108334097.84806426,27465203.003890406,61149090.866099805,64307936.47784709,61967855.24526508,33574786.310221575,212895223.79339296,NIST_GROUND,2017,pointwise_finite,144,power-active,24
87,14538.0,47826065.1968847,46152421.833055675,47826429.149163075,46152421.833055675,37613539.59519638,37301752.616791986,38135060.39299021,88574293.95118469,101197685.3592498,NIST_GROUND,2017,pointwise_finite,144,power-active,24
88,14579.0,123814127.0395879,79563737.51459561,123814886.9631361,79563737.51459561,56953698.23378406,65824504.7674682,57112371.605882846,115083849.61466058,237442411.7666207,NIST_GROUND,2017,pointwise_finite,144,power-active,24
89,13237.0,74866067.77167965,47802676.48120787,74866673.62042025,47802676.48120787,60113995.400584646,59646985.466273725,59472802.394116364,78954791.12263376,120333404.34305502,NIST_GROUND,2017,pointwise_finite,144,power-active,24
90,11375.0,19958530.014798254,24775856.911905684,19958700.06304152,24775856.911905684,24436899.72211362,23342038.01916746,24986411.561780255,52361266.38169978,43362970.41469446,NIST_GROUND,2017,pointwise_finite,144,power-active,24
91,15110.0,20291373.42638322,19582424.61455378,20291702.794845268,19582424.61455378,63624903.85266923,60653461.87728333,70089555.0166882,42635542.111992635,49873848.68758078,NIST_GROUND,2017,pointwise_finite,144,power-active,24
0,36907.0,220124637.783302,64066956.71558609,220123223.82301348,64066956.71558609,83076048.01492037,98349103.77499254,86781180.44119002,76626324.65702784,639918907.415203,NIST_GROUND,2017,pointwise_finite,144,power-active,48
1,36595.0,185008172.81513757,27039062.36853244,185007536.9981572,27039062.36853244,102236040.2769453,113681226.80914202,101888649.17830826,10582337.15369122,581148588.3052855,NIST_GROUND,2017,pointwise_finite,144,power-active,48
2,37008.0,116650824.26450443,65875266.25059588,116650599.19408676,65875266.25059588,83754418.94846503,90643921.3859207,91892864.63992442,107181042.50863627,377743857.12134385,NIST_GROUND,2017,pointwise_finite,144,power-active,48
3,33324.0,97526332.20622687,94697590.34012704,97526067.79059725,94697590.34012704,87846979.88578176,89929392.68330517,102718671.68050247,175614762.85645953,260514931.76640847,NIST_GROUND,2017,pointwise_finite,144,power-active,48
4,35059.0,98507120.65648958,82701495.55311322,98507379.25466396,82701495.55311322,100882727.64077654,100398693.54925624,111763301.53718364,127878541.44877784,218470872.15541568,NIST_GROUND,2017,pointwise_finite,144,power-active,48
5,28697.0,82020296.45982626,72911788.1697508,82020147.02202636,72911788.1697508,111844981.27827434,103427595.9060849,129743259.83168097,124818763.54999058,7924415.443436317,NIST_GROUND,2017,pointwise_finite,144,power-active,48
6,32703.0,69742301.57932135,53790932.81060017,69742085.9995081,53790932.81060017,80738795.29529591,76527967.7862028,86176621.65722594,81240964.58761151,103865051.6969791,NIST_GROUND,2017,pointwise_finite,144,power-active,48
7,34473.0,96760548.53764279,47220989.06388846,96760680.93788183,47220989.06388846,83238316.16640574,80270320.10444845,83282699.17968723,55002861.73372316,281249709.5825017,NIST_GROUND,2017,pointwise_finite,144,power-active,48
8,35076.0,219429994.63374183,70372545.05953567,219428435.692343,70372545.05953567,80369792.71782866,91444278.62532337,87661703.90364824,87704950.33455922,609514451.0999851,NIST_GROUND,2017,pointwise_finite,144,power-active,48
9,29622.0,185570050.5720959,20645412.178335194,185568993.54125828,20645412.178335194,69753005.59228599,80354503.37220742,73061530.52087554,1516538.7215487582,505542392.30899924,NIST_GROUND,2017,pointwise_finite,144,power-active,48
10,0.0,0.0,0.0,0.0,0.0,0.0,0.0,0.0,0.0,0.0,NIST_GROUND,2017,pointwise_finite,144,power-active,48
11,13926.0,59349020.648944676,85793033.72414614,59349926.4094044,85793033.72414614,48166857.28946118,50415659.40227324,48132367.88959375,113593401.99471839,166177541.3745356,NIST_GROUND,2017,pointwise_finite,144,power-active,48
12,32973.0,183837168.79713577,64418384.77978937,183837203.6545194,64418384.77978937,125014034.56609753,130392004.62859893,125253262.49555531,83710187.21348521,456746695.6086974,NIST_GROUND,2017,pointwise_finite,144,power-active,48
13,32741.0,163749483.0974429,60779702.63416333,163749623.76805443,60779702.63416333,102349832.26443978,110598568.10894103,114566434.2918202,90153023.09834425,454779577.822127,NIST_GROUND,2017,pointwise_finite,144,power-active,48
14,29552.0,170675269.81820288,284205302.43298715,170675172.6260914,284205302.43298715,179824711.6709012,179014435.57101664,184105505.07819617,479382646.5236935,314176537.0706517,NIST_GROUND,2017,pointwise_finite,144,power-active,48
15,32630.0,128903215.583763,115667446.43906902,128902615.41329066,115667446.43906902,125001493.22158313,125720319.25631139,131798631.23594071,245861238.09966984,303884133.4582333,NIST_GROUND,2017,pointwise_finite,144,power-active,48
16,32602.0,122936048.82294652,145692718.81200156,122936145.74050039,145692718.81200156,138549256.05896878,140889225.2734593,151122126.4866041,239149801.8956448,305841726.846399,NIST_GROUND,2017,pointwise_finite,144,power-active,48
17,26885.0,102424906.79400124,145349536.17256618,102425078.2667699,145349536.17256618,114611344.76855667,110110959.19947857,122476287.53750077,259815845.2810816,197671431.28335145,NIST_GROUND,2017,pointwise_finite,144,power-active,48
18,28096.0,85571108.59393696,83752039.82156174,85571757.92703147,83752039.82156174,154129561.2745876,148308074.21692532,164748948.55709442,138622021.61443973,79208193.70378445,NIST_GROUND,2017,pointwise_finite,144,power-active,48
19,30353.0,29285521.63344556,11792308.5882868,29285612.61474589,11792308.5882868,62148085.11631459,56284057.76021212,68275037.03629895,20025538.181803614,35467288.48560028,NIST_GROUND,2017,pointwise_finite,144,power-active,48
20,32140.0,191021604.75811765,143639791.4709013,191021610.11206457,143639791.4709013,108182326.50121392,114619435.86566557,119844193.12792699,226806905.11254865,432021333.20175666,NIST_GROUND,2017,pointwise_finite,144,power-active,48
21,30906.0,95691314.36179246,55673996.57970111,95691479.62790206,55673996.57970111,84210569.89834635,87537147.38384284,88976998.76577967,96429276.00487804,245402706.1696404,NIST_GROUND,2017,pointwise_finite,144,power-active,48
22,28710.0,114737606.77192521,117849390.69127662,114737273.18575555,117849390.69127662,120974506.27982143,121739573.52740207,129502338.66747011,211719097.33626908,283695551.1175024,NIST_GROUND,2017,pointwise_finite,144,power-active,48
23,30853.0,200610361.12347773,71959227.46800983,200610957.54192418,71959227.46800983,131732367.31377631,143383398.48664036,133173181.12823266,80455364.48111016,446051516.71526897,NIST_GROUND,2017,pointwise_finite,144,power-active,48
24,29177.0,72257090.47466645,104587803.95921311,72257651.95079315,104587803.95921311,117125932.42950399,110444160.85166378,125341098.84108527,204185119.34878308,146338947.98222864,NIST_GROUND,2017,pointwise_finite,144,power-active,48
25,31285.0,168100882.09161782,101475040.51179498,168100770.4338641,101475040.51179498,115671466.10192327,123635293.48935233,123977502.9842945,164847930.3804812,405159501.485686,NIST_GROUND,2017,pointwise_finite,144,power-active,48
26,30725.0,213929604.386123,68550548.9475833,213929076.03548235,68550548.9475833,116181249.4704183,128063949.44444145,122415986.27468006,72399615.66673237,502606777.9548361,NIST_GROUND,2017,pointwise_finite,144,power-active,48
27,31392.0,170593157.58853745,34200142.10789269,170592463.03360152,34200142.10789269,109094830.18258615,117185836.03635603,118573519.35618727,40361756.38402287,411807087.92688155,NIST_GROUND,2017,pointwise_finite,144,power-active,48
28,30907.0,164780017.824957,55920971.089516416,164779940.38125342,55920971.089516416,107283445.95731814,112252925.23839886,115079322.67125323,66215448.373827465,408287043.28050095,NIST_GROUND,2017,pointwise_finite,144,power-active,48
29,30476.0,140342888.81969753,23936474.9737043,140341766.93884942,23936474.9737043,85017218.51976791,94486319.8076902,91656389.5245699,20894350.540332314,404007634.6573695,NIST_GROUND,2017,pointwise_finite,144,power-active,48
30,30056.0,108378028.62449434,47638351.564942844,108378136.94534412,47638351.564942844,91545022.08372669,90687315.68108805,100293349.8116505,66105376.91030315,289386310.17645407,NIST_GROUND,2017,pointwise_finite,144,power-active,48
31,30331.0,109328053.13438019,68699575.05848518,109328085.56826082,68699575.05848518,122278402.27967244,128326311.046855,132720197.1139455,103703032.79331613,294053569.6383971,NIST_GROUND,2017,pointwise_finite,144,power-active,48
32,27572.0,51098950.45014137,43387823.897508234,51098853.67650363,43387823.897508234,98678603.42683506,96402572.96192989,109539417.59018928,85619296.97566508,119756842.52817272,NIST_GROUND,2017,pointwise_finite,144,power-active,48
33,28385.0,143624162.64870793,80740586.64856598,143624422.0136247,80740586.64856598,128723102.34890884,134066087.40239531,136954191.67623848,98795536.56576711,313257060.1730528,NIST_GROUND,2017,pointwise_finite,144,power-active,48
34,11640.0,11412706.43363226,51585542.124867715,11412709.598413855,51585542.124867715,66058938.53545954,59544736.30301431,70495724.92380199,118502348.69962072,13661111.321911633,NIST_GROUND,2017,pointwise_finite,144,power-active,48
35,20016.0,95279839.56349835,123869944.2204501,95278843.30683146,123869944.2204501,91109631.98886412,94327224.5771934,97506012.67482853,196357583.96904206,177703311.83516473,NIST_GROUND,2017,pointwise_finite,144,power-active,48
36,28409.0,136469175.94816026,204233842.89695162,136469312.95848286,204233842.89695162,89592406.50223494,92112508.96734534,92494822.85373248,340398102.17695934,278584844.4145778,NIST_GROUND,2017,pointwise_finite,144,power-active,48
37,19374.0,73721228.71229465,89622935.0451245,73722124.46756531,89622935.0451245,89947003.94917582,87195672.58670413,91955375.94369605,171773624.20622617,113288252.17734909,NIST_GROUND,2017,pointwise_finite,144,power-active,48
38,28272.0,149035131.7566722,188189441.95896578,149036015.45047376,188189441.95896578,126399072.03328343,127389453.61049786,135570250.77866468,321083643.11992645,251351945.09829625,NIST_GROUND,2017,pointwise_finite,144,power-active,48
39,27888.0,131835787.08686468,88853012.00802746,131835488.63894156,88853012.00802746,109692684.60770305,116335441.46925676,115130813.82097176,120155356.442452,324477329.3888394,NIST_GROUND,2017,pointwise_finite,144,power-active,48
40,28637.0,92538340.54321426,152247106.9728698,92537965.92885008,152247106.9728698,134150279.17984998,130226378.75718819,149022122.00900787,267798810.79947978,219235418.63379243,NIST_GROUND,2017,pointwise_finite,144,power-active,48
41,20880.0,38469706.82818202,66197744.64703909,38470092.904488474,66197744.64703909,55450277.775693364,51922970.4631486,59055604.469985396,142792027.47341564,19307011.104504053,NIST_GROUND,2017,pointwise_finite,144,power-active,48
42,28086.0,130924289.31368363,118506844.43338324,130924494.48557846,118506844.43338324,143455926.57132846,143061330.76706302,150554805.87758544,178605474.23206338,222470888.58900085,NIST_GROUND,2017,pointwise_finite,144,power-active,48
43,29034.0,156160251.69570085,73617624.83694607,156160526.99722704,73617624.83694607,98762630.46129613,101609689.0946391,100102915.63825528,122149080.26140651,314092909.1526422,NIST_GROUND,2017,pointwise_finite,144,power-active,48
44,27816.0,198680194.81126755,127366413.99580343,198681560.58355632,127366413.99580343,117067693.6343688,125471490.23374188,116585173.99999927,194038640.7372941,357775816.1096766,NIST_GROUND,2017,pointwise_finite,144,power-active,48
45,26485.0,40249903.441181466,44358281.526459455,40250402.85788677,44358281.526459455,88061803.5747828,83995499.89645076,95075966.57846846,94996808.49369237,93236819.10227536,NIST_GROUND,2017,pointwise_finite,144,power-active,48
0,55115.0,307365205.00174814,77588104.06691647,307363080.10931003,77588104.06691647,122840818.75302896,144249691.93322983,127425394.86085016,81301474.10511944,931306055.5859641,NIST_GROUND,2017,pointwise_finite,144,power-active,72
1,55395.0,214418429.86119542,79393181.26779792,214418279.90594742,79393181.26779792,146225688.48730165,158424560.03682563,153137299.39857274,113088230.21423608,667505297.2558689,NIST_GROUND,2017,pointwise_finite,144,power-active,72
2,50661.0,140343776.59725943,125073446.34604342,140343501.6460875,125073446.34604342,127172154.85183673,127790604.92381893,147184019.19183257,218619965.354605,345134880.0672522,NIST_GROUND,2017,pointwise_finite,144,power-active,72
3,46419.0,137709972.72528338,125237427.71694757,137710092.42119998,125237427.71694757,173402533.95299566,165965077.21482772,197041213.85753477,209692102.50062346,141775339.29800916,NIST_GROUND,2017,pointwise_finite,144,power-active,72
4,49633.0,107321238.44899736,65163134.22714157,107321095.01407112,65163134.22714157,120860954.2143575,115315083.24776234,126893832.35457264,93833722.89111766,196097030.61316597,NIST_GROUND,2017,pointwise_finite,144,power-active,72
5,52619.0,278611606.3017089,106221332.70688273,278610107.6156619,106221332.70688273,123485949.96517286,132927483.26821245,130227192.38598882,130115053.76477632,798532181.7662988,NIST_GROUND,2017,pointwise_finite,144,power-active,72
6,29622.0,185570050.5720959,20645412.178335194,185568993.54125828,20645412.178335194,69753005.59228599,80354503.37220742,73061530.52087554,1516538.7215487582,505542392.30899924,NIST_GROUND,2017,pointwise_finite,144,power-active,72
7,13926.0,59349020.648944676,85793033.72414614,59349926.4094044,85793033.72414614,48166857.28946118,50415659.40227324,48132367.88959375,113593401.99471839,166177541.3745356,NIST_GROUND,2017,pointwise_finite,144,power-active,72
8,49762.0,275121366.30745095,96954537.03759366,275121718.5437549,96954537.03759366,163534669.61508533,174007009.22779435,167014535.5911236,128436932.58337158,717971832.6133164,NIST_GROUND,2017,pointwise_finite,144,power-active,72
9,45504.0,243140555.4053306,312448852.8093462,243140281.5049105,312448852.8093462,243653908.8863532,245997999.08076218,256910666.27444792,524808924.25215155,507730977.88815993,NIST_GROUND,2017,pointwise_finite,144,power-active,72
10,49248.0,212634399.3585143,208375180.9449475,212633536.9493734,208375180.9449475,176553869.59242177,182542286.8241674,183992006.38333213,386078493.5700844,523488510.83573484,NIST_GROUND,2017,pointwise_finite,144,power-active,72
11,42869.0,141629771.84219673,198334520.47868913,141630302.4711874,198334520.47868913,201608224.45668697,194178216.90508187,221405038.87671307,358748391.7063136,283908780.75224614,NIST_GROUND,2017,pointwise_finite,144,power-active,72
12,43290.0,98268103.26369368,88167571.8006272,98268790.51374415,88167571.8006272,182214540.1070335,174272283.48428133,195899035.73865333,150564109.12062338,95608658.59767278,NIST_GROUND,2017,pointwise_finite,144,power-active,72
13,47299.0,207610131.72180644,151016568.0801226,207610190.1400978,151016568.0801226,142245432.78508282,144939284.35852158,156969142.98266706,234890355.7881688,451088156.7934686,NIST_GROUND,2017,pointwise_finite,144,power-active,72
14,44506.0,131048491.87443994,102360874.17910163,131048683.84981734,102360874.17910163,158141775.52627894,158129125.70892033,167248359.38919812,192624505.32614446,315302216.05287766,NIST_GROUND,2017,pointwise_finite,144,power-active,72
15,45963.0,279990790.3827552,143121740.55988574,279991026.505764,143121740.55988574,178775667.9656654,194530993.6889648,184404159.17228386,195979232.4961137,659847557.949535,NIST_GROUND,2017,pointwise_finite,144,power-active,72
16,44873.0,186288977.9789706,181326543.41550764,186289421.87953538,181326543.41550764,179957380.69817513,179568039.7374648,189235650.5059745,322461678.43218225,400160541.49568725,NIST_GROUND,2017,pointwise_finite,144,power-active,72
17,46314.0,267998598.97343677,93286850.0030835,267998076.54060376,93286850.0030835,169021267.30367032,182575364.04799253,182498937.59408525,118970986.96381399,653944685.9270626,NIST_GROUND,2017,pointwise_finite,144,power-active,72
18,46944.0,259919710.48631123,67880274.91683584,259919060.74477187,67880274.91683584,161238829.69543263,172321355.7003232,176246823.60640776,86138111.62425166,632283899.6582208,NIST_GROUND,2017,pointwise_finite,144,power-active,72
19,45831.0,215796353.74688125,46177313.25427753,215795109.60893202,46177313.25427753,140156664.96423966,151603725.38212195,149062407.945603,41333443.67393096,591817866.2065318,NIST_GROUND,2017,pointwise_finite,144,power-active,72
20,45402.0,141479386.65662122,71508543.11091234,141479804.08812338,71508543.11091234,156450521.50795323,154865722.349119,172392328.2673007,117787648.49274644,389216336.9499157,NIST_GROUND,2017,pointwise_finite,144,power-active,72
21,42557.0,127325645.5523945,88217207.41002376,127325272.10198513,88217207.41002376,156051506.28228086,160550477.34075376,170160636.24848482,137640058.186538,313980385.39310914,NIST_GROUND,2017,pointwise_finite,144,power-active,72
22,40025.0,155036869.08234012,132326128.77343373,155037131.61203855,132326128.77343373,194782040.88436827,193610823.70540974,207449916.60004047,217297885.26538765,326918171.49496436,NIST_GROUND,2017,pointwise_finite,144,power-active,72
23,20016.0,95279839.56349835,123869944.2204501,95278843.30683146,123869944.2204501,91109631.98886412,94327224.5771934,97506012.67482853,196357583.96904206,177703311.83516473,NIST_GROUND,2017,pointwise_finite,144,power-active,72
24,41559.0,193589354.6858575,263774263.21885785,193590129.58459592,263774263.21885785,136686180.3075124,138931801.25044668,140721800.54639608,452732561.2097392,381956467.21130806,NIST_GROUND,2017,pointwise_finite,144,power-active,72
25,34496.0,165636181.7312697,218271956.68218422,165637323.29192567,218271956.68218422,169252302.17718172,167765833.91410092,179298649.0296972,380522808.2933711,261268574.4789144,NIST_GROUND,2017,pointwise_finite,144,power-active,72
26,41643.0,149136965.77467012,146740867.25187337,149136729.9286444,146740867.25187337,193724714.12978432,192155049.98938984,208843449.1889642,241293196.67927277,351133901.23183703,NIST_GROUND,2017,pointwise_finite,144,power-active,72
27,35762.0,113706868.68359046,160556996.37606293,113706817.54363589,160556996.37606293,105568527.43346229,106329740.70020375,114365091.11100107,289452998.0360732,211885857.89529994,NIST_GROUND,2017,pointwise_finite,144,power-active,72
28,42582.0,239258475.8124998,145972047.43727377,239258592.33364266,145972047.43727377,204605017.4374282,207369267.2449101,212522661.12285048,212180260.54228494,435366112.38239384,NIST_GROUND,2017,pointwise_finite,144,power-active,72
29,42354.0,246506260.00815222,173518835.82885933,246507989.7327195,173518835.82885933,154681233.22956505,162773242.85053387,154720234.39298946,282612934.68847924,458973501.4689264,NIST_GROUND,2017,pointwise_finite,144,power-active,72
30,26485.0,40249903.441181466,44358281.526459455,40250402.85788677,44358281.526459455,88061803.5747828,83995499.89645076,95075966.57846846,94996808.49369237,93236819.10227536,NIST_GROUND,2017,pointwise_finite,144,power-active,72
0,22896.0,21055169.65886911,2710820.7094747284,21055474.499223627,2710820.7094747284,7931865.263935906,5888660.191954585,6148059.851034465,141.83436515999978,250551774.04957858,NIST_GROUND,2017,pointwise_finite,144,low-power,24
1,22820.0,18833541.73534289,2530385.113103924,18833706.749199837,2530385.113103924,9895508.710779205,7658857.172718049,7840360.766662156,334.27787040000004,231293011.6258466,NIST_GROUND,2017,pointwise_finite,144,low-power,24
2,22753.0,21243724.250324354,2280604.3319355403,21243951.804863695,2280604.3319355403,8588630.793041196,6560697.780936379,6958872.852698344,1269.6470845999995,225958740.16753644,NIST_GROUND,2017,pointwise_finite,144,low-power,24
3,22687.0,19765441.78063393,2143501.728683572,19765720.62197407,2143501.728683572,7397783.964701803,5465530.8696836205,5636461.236188645,1603.3955587600176,228563926.84507716,NIST_GROUND,2017,pointwise_finite,144,low-power,24
4,22766.0,26245717.222766165,2670958.0454044053,26245669.66299113,2670958.0454044053,7079485.29581415,5553760.10880407,6695782.972222411,5992.711226279973,104999333.0848992,NIST_GROUND,2017,pointwise_finite,144,low-power,24
5,23106.0,24872036.663772713,3064710.40067111,24872147.951599758,3064710.40067111,8677045.67222837,7164883.7516109375,9267210.837920375,6817.21157064002,160327472.7610213,NIST_GROUND,2017,pointwise_finite,144,low-power,24
6,23616.0,26783580.648398895,3627795.8263945514,26783662.952799186,3627795.8263945514,10386326.774749259,9046971.919803115,10744664.273391033,818020.3976832799,182764529.81994128,NIST_GROUND,2017,pointwise_finite,144,low-power,24
7,26004.0,73880733.12943259,9251260.517696528,73880631.4082754,9251260.517696528,21435654.299959663,19490938.68273788,26689539.315262347,1914104.153372354,26283397.796633195,NIST_GROUND,2017,pointwise_finite,144,low-power,24
8,24135.0,55418430.6808898,9324509.882888993,55418143.64396061,9324509.882888993,16064753.745303104,14323413.125908297,19160235.472880088,9539.504779960045,56486519.81219534,NIST_GROUND,2017,pointwise_finite,144,low-power,24
9,23750.0,36296569.9737641,6025214.871040097,36296633.30152392,6025214.871040097,13585016.357338661,11630862.997784682,13982350.396824704,1359510.30479748,108325317.3634396,NIST_GROUND,2017,pointwise_finite,144,low-power,24
10,26976.0,98778583.9005702,18471438.805450894,98778315.05834618,18471438.805450894,30573155.01824923,29083614.133864027,37347239.07723817,19246225.764757346,2653631.9645848433,NIST_GROUND,2017,pointwise_finite,144,low-power,24
11,26630.0,80371519.349402,13241756.670343723,80371493.31504928,13241756.670343723,13667631.785524843,13382331.466735441,16157087.915175691,40005.727949640364,3764645.7821499947,NIST_GROUND,2017,pointwise_finite,144,low-power,24
12,25468.0,58225246.61643791,9262852.854358107,58225278.46508032,9262852.854358107,11888681.029637156,11016058.893997299,13812397.426896207,1308.567466080002,8739393.86132792,NIST_GROUND,2017,pointwise_finite,144,low-power,24
13,24263.0,48247653.164357044,9785171.09961838,48247698.68067459,9785171.09961838,14039214.562896447,11787419.371207371,13874452.459144335,2777.956306200002,90026602.93503971,NIST_GROUND,2017,pointwise_finite,144,low-power,24
14,24398.0,47178877.51002814,6376419.42303032,47178864.02383575,6376419.42303032,15693685.739671834,13278816.388434364,16753578.207171466,3869.9379765600142,86550507.8931381,NIST_GROUND,2017,pointwise_finite,144,low-power,24
15,23929.0,36689826.31526176,5866262.599586672,36689920.38068514,5866262.599586672,15699256.24639206,13248566.396007303,15524062.161181007,725.3619761199992,149336353.3834698,NIST_GROUND,2017,pointwise_finite,144,low-power,24
16,23820.0,21536890.311496645,2869508.6076270756,21537093.67313505,2869508.6076270756,20876289.612545677,17477907.349074405,16976072.474670246,168.423797239999,247739027.81848007,NIST_GROUND,2017,pointwise_finite,144,low-power,24
17,24048.0,28819264.87995907,3476501.3978004428,28819580.027257133,3476501.3978004428,17309608.371176854,14271131.018402705,14478170.381573865,913.2028017600005,224261468.70712757,NIST_GROUND,2017,pointwise_finite,144,low-power,24
18,24071.0,29295985.095393963,3482889.3706240864,29296294.121363685,3482889.3706240864,20039780.253963877,16861376.48641386,17162847.254910823,5529.390521320037,224369038.0224606,NIST_GROUND,2017,pointwise_finite,144,low-power,24
19,8152.0,10657539.104062459,5890591.939167399,10659738.331428818,5890591.939167399,17400642.32608838,15715930.000116292,17492310.84663326,6540980.892180602,80811996.09063354,NIST_GROUND,2017,pointwise_finite,144,low-power,24
20,2291.0,6180285.234178739,20065319.625948813,6185550.752896722,20065319.625948813,878171.0453687129,1016307.2730362653,720050.5257042816,39957254.00812459,0.0,NIST_GROUND,2017,pointwise_finite,144,low-power,24
21,1593.0,2988232.341305927,2632581.906131212,2989921.9187233592,2632581.906131212,406861.32758037705,506497.8691221967,383263.0063177419,0.0,0.0,NIST_GROUND,2017,pointwise_finite,144,low-power,24
22,7610.0,12858228.979678731,10892775.996864887,12858902.675388677,10892775.996864887,6199377.933542488,5776922.388943923,6882312.148151103,639.6224961600001,7952121.702513162,NIST_GROUND,2017,pointwise_finite,144,low-power,24
23,22661.0,35557400.39583433,5020717.241261071,35557519.07497722,5020717.241261071,16496493.265907438,14304359.334031923,15881052.138256503,2074.4318498000002,171975479.7510779,NIST_GROUND,2017,pointwise_finite,144,low-power,24
24,25260.0,29588131.166163586,4328328.350382038,29588219.505498018,4328328.350382038,30641294.704798024,25932875.67983886,29522947.20529295,129498.02694344011,187598186.34868947,NIST_GROUND,2017,pointwise_finite,144,low-power,24
25,24643.0,25677157.757070012,3871685.1021016585,25677169.711877175,3871685.1021016585,23424581.82943901,19119840.10228643,19766225.706342798,3053.6134204400287,174034093.93227285,NIST_GROUND,2017,pointwise_finite,144,low-power,24
26,24395.0,25899161.40873507,2848779.2245919295,25899783.36938442,2848779.2245919295,19262542.410756283,15481758.117253097,16354511.355508143,238.1707019199996,212411159.44736862,NIST_GROUND,2017,pointwise_finite,144,low-power,24
27,25444.0,31802643.211571753,6023823.5779826,31802604.623591796,6023823.5779826,26018796.512258448,23216798.625935923,27363521.375280563,1612903.9783191606,142152141.5095785,NIST_GROUND,2017,pointwise_finite,144,low-power,24
28,28937.0,100247190.06137583,16912209.029095154,100247223.35196373,16912209.029095154,33876444.487003885,31547590.109147277,40386900.341036566,4854515.368848745,3051435.3627023078,NIST_GROUND,2017,pointwise_finite,144,low-power,24
29,24455.0,20619056.421995297,6406231.124859814,20619043.020525217,6406231.124859814,14135373.327722356,11625207.370117765,11731773.609551532,1337.6137896799985,221906608.87077725,NIST_GROUND,2017,pointwise_finite,144,low-power,24
30,24739.0,20920877.831479773,2936467.29153904,20921040.95107653,2936467.29153904,21907997.00618812,18362865.390794337,18091492.03440296,5398.460120119985,231675666.1582676,NIST_GROUND,2017,pointwise_finite,144,low-power,24
31,25575.0,42176980.27164131,5580583.646348048,42176932.74251603,5580583.646348048,22754230.080699172,19190899.001722015,21891233.32383056,211102.2417111214,17290313.376800608,NIST_GROUND,2017,pointwise_finite,144,low-power,24
32,24854.0,32689861.03703558,4095427.292305651,32690109.618600443,4095427.292305651,17530431.140455797,15282085.012492279,17241920.18525985,865.7225774400022,175251193.63816515,NIST_GROUND,2017,pointwise_finite,144,low-power,24
33,25488.0,41066494.87402469,5421015.007188999,41066281.84469768,5421015.007188999,31486544.188314304,28127858.962368734,34456343.1228739,146148.40960003994,50710017.8351498,NIST_GROUND,2017,pointwise_finite,144,low-power,24
34,26728.0,48144353.33053374,8714101.018989801,48144678.59627295,8714101.018989801,39067648.348772556,37279424.35276585,38917272.24466777,573302.7441025601,146363215.94838583,NIST_GROUND,2017,pointwise_finite,144,low-power,24
35,29331.0,72381354.10519494,11424002.296499021,72381198.23826332,11424002.296499021,25533801.510052036,23779658.454264615,30488436.506677743,1749565.3065073146,2597000.0954658096,NIST_GROUND,2017,pointwise_finite,144,low-power,24
36,26449.0,52260818.1202554,9963977.584314944,52260811.528309286,9963977.584314944,24451690.836380824,22579380.110093717,26909459.507585824,504173.65397028014,63055293.143409915,NIST_GROUND,2017,pointwise_finite,144,low-power,24
37,28399.0,69756206.97321531,15017448.810713088,69756176.61308166,15017448.810713088,37841569.19889262,37209441.51818436,41461312.131016016,9339738.349212818,1016772.3304178787,NIST_GROUND,2017,pointwise_finite,144,low-power,24
38,26278.0,38408424.669019125,6963104.386191018,38408280.60669383,6963104.386191018,10593956.461798854,9658103.995657574,10366298.191199029,9701.407792480006,12230404.489199206,NIST_GROUND,2017,pointwise_finite,144,low-power,24
39,26170.0,43235334.54722606,6918986.282911315,43235194.352306604,6918986.282911315,14766776.55662109,12246740.311258236,14667318.51107578,17528.794871599996,7889787.47500501,NIST_GROUND,2017,pointwise_finite,144,low-power,24
40,25084.0,30432938.001503725,8211393.0294334,30432760.40292226,8211393.0294334,31816260.10191333,30021142.30804502,31545206.373840354,2239.0504198799986,174059668.3099078,NIST_GROUND,2017,pointwise_finite,144,low-power,24
41,25431.0,15957030.894873546,2828875.488008747,15957099.442505106,2828875.488008747,33189517.336514976,29089346.21264054,29908929.475647315,2179.338204919992,171183973.65620187,NIST_GROUND,2017,pointwise_finite,144,low-power,24
42,25653.0,23181296.776343487,3320822.529704933,23181306.2087031,3320822.529704933,17641262.867090084,14722520.822581248,15869178.393155623,7623.1158048,70371271.21068965,NIST_GROUND,2017,pointwise_finite,144,low-power,24
43,26090.0,24474452.78890693,3937328.3181151184,24474565.77888305,3937328.3181151184,20476424.017409317,17988422.402431276,18148125.5351986,376076.4068433203,126834460.29292458,NIST_GROUND,2017,pointwise_finite,144,low-power,24
44,27160.0,35776435.148444556,6569206.913737158,35775542.37630279,6569206.913737158,38444892.99656462,33527549.797714975,37636115.98123001,1395221.7823028006,33732056.76848936,NIST_GROUND,2017,pointwise_finite,144,low-power,24
45,26029.0,24971170.645433284,3633055.6731866617,24971284.664509807,3633055.6731866617,28415524.41695308,27410373.582065344,28236867.35715731,5105.850154719996,168396217.69235036,NIST_GROUND,2017,pointwise_finite,144,low-power,24
46,25678.0,35054960.52460711,4342343.057355466,35055504.236763515,4342343.057355466,14888756.877700247,13238193.041577568,14247551.537000189,6447.690397679999,153549048.44823956,NIST_GROUND,2017,pointwise_finite,144,low-power,24
47,25738.0,26940134.39360594,4719278.623421045,26940269.348823387,4719278.623421045,32044189.963541932,29518634.59161804,29497305.208757542,129600.6608937605,211598785.59076956,NIST_GROUND,2017,pointwise_finite,144,low-power,24
48,27415.0,42595516.88172319,6155763.668888282,42595698.68430659,6155763.668888282,33231447.822595745,30447755.252978798,36084305.00429615,3452015.3206059583,30314517.52529237,NIST_GROUND,2017,pointwise_finite,144,low-power,24
49,26208.0,56674106.0195625,7456318.551620191,56674317.35685834,7456318.551620191,21685373.33455478,19030281.194613256,21918663.922301326,781.7998240399971,61509832.90918065,NIST_GROUND,2017,pointwise_finite,144,low-power,24
50,25776.0,24728421.210753597,4222818.843058042,24728422.371195182,4222818.843058042,29051266.112465855,26141969.848889485,27030970.20073059,895.9292367600017,209328541.9597055,NIST_GROUND,2017,pointwise_finite,144,low-power,24
51,25883.0,26163486.96050066,3737329.060645569,26163638.96234107,3737329.060645569,30363711.80927639,26841722.30759719,29698146.59960851,6939.606424879993,105805994.81528065,NIST_GROUND,2017,pointwise_finite,144,low-power,24
52,26116.0,36240353.64582386,5894195.044525644,36240604.455272034,5894195.044525644,31880851.642975625,28507579.11084226,30527466.81115434,11853.592738160054,176879909.07814816,NIST_GROUND,2017,pointwise_finite,144,low-power,24
53,26103.0,22958457.852683965,4028326.62821308,22958507.54616127,4028326.62821308,39181679.513365194,35667334.47455124,35866843.64036214,448.55508931999725,209942947.60913208,NIST_GROUND,2017,pointwise_finite,144,low-power,24
54,25811.0,30327797.46986949,4336734.505478647,30328081.513809472,4336734.505478647,28748631.810168304,25143637.002846483,26249575.565639496,380.8829869999986,189012179.67526206,NIST_GROUND,2017,pointwise_finite,144,low-power,24
55,25741.0,29387873.703253616,4346453.224978224,29388025.289397817,4346453.224978224,33649819.77776624,29320273.249115456,33849786.91282804,1394.619238639999,112555982.23324342,NIST_GROUND,2017,pointwise_finite,144,low-power,24
56,25920.0,30048194.42954195,4687616.206931622,30048218.820999794,4687616.206931622,48793007.52270994,44803470.010893375,47671377.877530225,2137.821508719993,187731455.40530542,NIST_GROUND,2017,pointwise_finite,144,low-power,24
57,26117.0,28507498.29751714,4577711.633660891,28507444.543653585,4577711.633660891,43340236.30153412,38009124.837089874,40251047.60579716,370.9865577600023,155548707.4250633,NIST_GROUND,2017,pointwise_finite,144,low-power,24
58,26208.0,32221675.133139573,4392510.553640914,32221835.601677258,4392510.553640914,37233859.85865697,32862429.486480813,34399660.39549182,49.07643916,179893127.43281195,NIST_GROUND,2017,pointwise_finite,144,low-power,24
59,26260.0,42939128.84745507,5538848.196108829,42939297.72483427,5538848.196108829,47417153.205340676,43181979.8481676,43134370.555860825,1402.5099485600008,166702233.45050102,NIST_GROUND,2017,pointwise_finite,144,low-power,24
60,26732.0,38573961.00162247,4562955.692191714,38574166.55309571,4562955.692191714,36652138.12241886,32442253.513644822,34166177.107603684,58768.94157623997,96187305.67620759,NIST_GROUND,2017,pointwise_finite,144,low-power,24
61,25868.0,30938675.81107684,5067745.8223685585,30938646.55530174,5067745.8223685585,43151133.23563731,41628219.02775191,42031659.69992744,467.1491167600028,155739807.05485198,NIST_GROUND,2017,pointwise_finite,144,low-power,24
62,25982.0,29586462.646900933,3939731.3818445043,29586552.217006043,3939731.3818445043,38685583.10373559,36197334.80209767,37579884.93463257,34884.33705076003,64963756.467916556,NIST_GROUND,2017,pointwise_finite,144,low-power,24
63,26487.0,25642640.670042537,4979042.772393401,25642650.101549357,4979042.772393401,35044557.923553735,30006384.328055613,29889063.376048416,63762.727502439986,167548382.0411072,NIST_GROUND,2017,pointwise_finite,144,low-power,24
64,26355.0,36358286.35176686,4356132.774530586,36358429.48629527,4356132.774530586,34197222.38713854,30775384.976978235,33003710.23020988,11403.902091119991,77892370.31610288,NIST_GROUND,2017,pointwise_finite,144,low-power,24
65,28370.0,53904372.69172571,8175511.113798958,53904445.47348465,8175511.113798958,35742929.21494428,33271976.725715548,39580325.76842407,807682.6441515964,18132010.586183764,NIST_GROUND,2017,pointwise_finite,144,low-power,24
66,27222.0,47553129.65078072,7486405.963716465,47553193.06158009,7486405.963716465,28361304.19700838,26222563.664524745,27629581.9761274,1215.9820207999946,85140819.92876667,NIST_GROUND,2017,pointwise_finite,144,low-power,24
67,27121.0,32429598.811658423,4220544.834712135,32429805.92425292,4220544.834712135,42925969.21471753,41047137.39770972,43445772.56563349,3180.9704620399943,138793252.17978126,NIST_GROUND,2017,pointwise_finite,144,low-power,24
68,29832.0,49734197.30643259,9507918.7172998,49734117.43313263,9507918.7172998,46464610.21270345,44769154.59240282,48529396.56396061,3050276.4107180363,10974906.3738642,NIST_GROUND,2017,pointwise_finite,144,low-power,24
69,41472.0,84256019.73752226,26877593.862544753,84255869.97464123,26877593.862544753,78919806.07915835,69431886.42283872,69979957.97842789,15422949.552380607,8154.622898920004,NIST_GROUND,2017,pointwise_finite,144,low-power,24
70,35712.0,63872058.30537612,11383504.403998742,63872071.72137522,11383504.403998742,47311671.70428809,45407013.77342604,46865992.74084811,13723.09966515995,422327.3334305991,NIST_GROUND,2017,pointwise_finite,144,low-power,24
71,26524.0,28416753.702220734,7085781.537822721,28416531.58971277,7085781.537822721,26912486.119495142,24457761.100468896,26851564.169110943,830.9477731599978,131260064.02133475,NIST_GROUND,2017,pointwise_finite,144,low-power,24
72,27571.0,58036670.56787689,8729283.69156078,58036704.3549907,8729283.69156078,28008851.242316317,25992039.865260616,27333942.570190914,213168.31510103913,20574184.644521404,NIST_GROUND,2017,pointwise_finite,144,low-power,24
73,26480.0,21435515.939895697,3953646.6206754446,21435994.081576172,3953646.6206754446,21638197.817478836,19552373.58963801,19881555.97718592,820.9526358399994,206340686.94858757,NIST_GROUND,2017,pointwise_finite,144,low-power,24
74,27915.0,35945055.272899374,7523338.305317899,35944636.783891924,7523338.305317899,31836594.888975244,27961622.778729573,30689712.064310446,1339026.6068012412,88521059.81283677,NIST_GROUND,2017,pointwise_finite,144,low-power,24
75,35104.0,60023824.86228523,34099448.71399668,60023769.62008855,34099448.71399668,85282353.99340326,78503619.9687644,82732711.20533426,62565953.7814951,290418.7073137192,NIST_GROUND,2017,pointwise_finite,144,low-power,24
76,26931.0,29481509.167566027,5727555.309122309,29481643.901635975,5727555.309122309,45393604.73356734,43137226.51421495,45715546.9986374,1630.3553083199904,152036929.6995905,NIST_GROUND,2017,pointwise_finite,144,low-power,24
77,27741.0,37440237.48595525,6123183.205609609,37440282.72724146,6123183.205609609,33102239.734905057,30251663.2927909,32812906.951649096,1289448.5358267662,32722367.116272848,NIST_GROUND,2017,pointwise_finite,144,low-power,24
78,28086.0,48951229.52269219,8975098.70977373,48951330.29248668,8975098.70977373,41295041.230578,39276908.36133955,42591506.210378416,12576.13269951997,138121019.70103294,NIST_GROUND,2017,pointwise_finite,144,low-power,24
79,26970.0,32301811.360832892,4834092.217349643,32301541.491779253,4834092.217349643,39046707.18695538,34806323.93922587,38843416.94740523,38538.74380267995,133785416.43066032,NIST_GROUND,2017,pointwise_finite,144,low-power,24
80,27142.0,60949396.732264675,8154492.655708957,60949391.87744443,8154492.655708957,56088627.70109307,52763292.25266079,59402788.95830867,60405.322529599754,12805090.404654644,NIST_GROUND,2017,pointwise_finite,144,low-power,24
81,26302.0,22072131.272926126,4954423.532422249,22072330.808515955,4954423.532422249,46401973.50278008,40813269.45089798,42251170.64479921,358.12104676,166280630.7101525,NIST_GROUND,2017,pointwise_finite,144,low-power,24
82,29093.0,50366060.96324979,8962966.496121071,50366024.98441472,8962966.496121071,44785024.74743411,42139076.34065402,47712566.40663653,3302847.317329192,14903126.769963324,NIST_GROUND,2017,pointwise_finite,144,low-power,24
83,32971.0,81866230.97480112,20076924.8084935,81866000.74478687,20076924.8084935,47645826.894770965,44075822.01963877,54177695.59814831,7161734.768570944,399993.55926495994,NIST_GROUND,2017,pointwise_finite,144,low-power,24
84,27743.0,49885188.67829979,9119753.922821827,49884389.46476944,9119753.922821827,37996464.51996113,36603048.83298494,40590055.36951202,3715.6435677199897,11169250.632637158,NIST_GROUND,2017,pointwise_finite,144,low-power,24
85,26683.0,32760196.451994702,7603794.321789721,32760643.728771366,7603794.321789721,25752771.50253962,24577492.366462223,25662496.80574853,37324.97480683997,176251633.5198704,NIST_GROUND,2017,pointwise_finite,144,low-power,24
86,26976.0,21988007.727481987,4530669.069020378,21988034.273002956,4530669.069020378,29680881.569013402,26225718.934708215,27770071.96972943,73211.19904908031,170615802.73147568,NIST_GROUND,2017,pointwise_finite,144,low-power,24
87,26934.0,34749430.27097578,4917343.482302706,34749596.38782494,4917343.482302706,29624166.455963865,26136683.631522577,27101539.84489344,1286.3559576800044,78139740.47467668,NIST_GROUND,2017,pointwise_finite,144,low-power,24
88,25687.0,28411615.663389485,4954721.509050831,28410996.49910815,4954721.509050831,28281010.88400463,24833139.702154875,25156569.56888732,163.81535763999878,203735148.75627464,NIST_GROUND,2017,pointwise_finite,144,low-power,24
89,26810.0,33645611.355271354,8534147.859440222,33646295.69619311,8534147.859440222,42656816.231585406,39343447.51544923,40233400.97673791,2599275.4409987205,104754326.22675462,NIST_GROUND,2017,pointwise_finite,144,low-power,24
90,29437.0,34716152.95659115,10006828.744942252,34715994.00781884,10006828.744942252,33086439.18465143,28368163.73162698,28244659.837339014,8302249.412878368,35193804.49370995,NIST_GROUND,2017,pointwise_finite,144,low-power,24
91,26208.0,19491685.39028482,3737142.6488887314,19491696.23355587,3737142.6488887314,27686601.73160058,25061529.761851408,26094775.27706826,927.2831971599974,25223345.463402558,NIST_GROUND,2017,pointwise_finite,144,low-power,24
0,45716.0,39888711.39421199,5241205.822578655,39889181.2484235,5241205.822578655,17827373.974715106,13547517.364672612,13988420.617696626,476.1122355600017,481844785.67542195,NIST_GROUND,2017,pointwise_finite,144,low-power,48
1,45440.0,41009166.030958295,4424106.060619111,41009672.42683777,4424106.060619111,15986414.757743,12026228.650619997,12595334.08888696,2873.042643360017,454522667.01261353,NIST_GROUND,2017,pointwise_finite,144,low-power,48
2,45872.0,51117753.88653884,5735668.446075514,51117817.61459087,5735668.446075514,15756530.968042523,12718643.860415,15962993.810142782,12809.922796919962,265326805.84592038,NIST_GROUND,2017,pointwise_finite,144,low-power,48
3,49620.0,100664313.77783147,12879056.344091076,100664294.36107461,12879056.344091076,31821981.074708927,28537910.602541007,37434203.58865339,2732124.5510556516,209047927.61657456,NIST_GROUND,2017,pointwise_finite,144,low-power,48
4,47885.0,91715000.65465392,15349724.753929097,91714776.9454845,15349724.753929097,29649770.10264177,25954276.12369297,33142585.86970481,1369049.8095774401,164811837.17563483,NIST_GROUND,2017,pointwise_finite,144,low-power,48
5,53606.0,179150103.24997202,31713195.475794632,179149808.37339544,31713195.475794632,44240786.803774066,42465945.600599445,53504326.992413804,19286231.492707115,6418277.746734839,NIST_GROUND,2017,pointwise_finite,144,low-power,48
6,49731.0,106472899.78079496,19048023.95397649,106472977.14575495,19048023.95397649,25927895.59253361,22803478.265204664,27686849.886040553,4086.5237722800184,98765996.79636762,NIST_GROUND,2017,pointwise_finite,144,low-power,48
7,48327.0,83868703.8252899,12242682.022616982,83868784.4045208,12242682.022616982,31392941.98606385,26527382.784441635,32277640.36835245,4595.29995268002,235886861.27660787,NIST_GROUND,2017,pointwise_finite,144,low-power,48
8,47868.0,50356155.19145573,6346010.005427514,50356673.700392194,6346010.005427514,38185897.9837226,31749038.367477097,31454242.856244136,1081.6265989999997,472000496.52560717,NIST_GROUND,2017,pointwise_finite,144,low-power,48
9,32223.0,39953524.19945641,9373481.309791485,39956032.45279251,9373481.309791485,37440422.5800522,32577306.48653015,34655158.10154408,6546510.282701922,305181034.113094,NIST_GROUND,2017,pointwise_finite,144,low-power,48
10,3884.0,9168517.575484663,22697901.53208004,9175472.671620084,22697901.53208004,1285032.372949091,1522805.1421584613,1103313.532022024,39957254.00812459,0.0,NIST_GROUND,2017,pointwise_finite,144,low-power,48
11,30271.0,48415629.37551307,15913493.238125974,48416421.750365935,15913493.238125974,22695871.199449923,20081281.722975835,22763364.286407597,2714.054345959973,179927601.45359102,NIST_GROUND,2017,pointwise_finite,144,low-power,48
12,49903.0,55265288.92323358,8200013.452483696,55265389.2173752,8200013.452483696,54065876.53423706,45052715.782125264,49289172.91163575,132551.64036388168,361632280.2809648,NIST_GROUND,2017,pointwise_finite,144,low-power,48
13,49839.0,57701804.6203068,8872602.802574534,57702387.99297623,8872602.802574534,45281338.92301474,38698556.74318902,43718032.7307887,1613142.1490210807,354563300.9569475,NIST_GROUND,2017,pointwise_finite,144,low-power,48
14,53392.0,120866246.48337105,23318440.153954957,120866266.3724889,23318440.153954957,48011817.814726256,43172797.47926502,52118673.95058808,4855852.982638466,224958044.23347953,NIST_GROUND,2017,pointwise_finite,144,low-power,48
15,50314.0,63097858.10312108,8517050.937887093,63097973.69359253,8517050.937887093,44662227.086887255,37553764.39251637,39982725.35823348,216500.7018312414,248965979.53506777,NIST_GROUND,2017,pointwise_finite,144,low-power,48
16,50342.0,73756355.91106015,9516442.299494654,73756391.46329807,9516442.299494654,49016975.32877014,43409943.97486106,51698263.308133684,147014.13217747997,225961211.47331554,NIST_GROUND,2017,pointwise_finite,144,low-power,48
17,56059.0,120525707.43572865,20138103.315488856,120525876.8345363,20138103.315488856,64601449.85882455,61059082.80703045,69405708.75134549,2322868.0506098727,148960216.04385242,NIST_GROUND,2017,pointwise_finite,144,low-power,48
18,54848.0,122017025.09347081,24981426.395028062,122016988.14139098,24981426.395028062,62293260.03527345,59788821.628278084,68370771.63860187,9843912.003183097,64072065.47382792,NIST_GROUND,2017,pointwise_finite,144,low-power,48
19,52448.0,81643759.21624514,13882090.66910234,81643474.9590004,13882090.66910234,25360733.018419947,21904844.306915794,25033616.7022748,27230.202664080043,20120191.964204296,NIST_GROUND,2017,pointwise_finite,144,low-power,48
20,50515.0,46389968.89637729,11040268.517442131,46389859.84542738,11040268.517442131,65005777.43842836,59110488.520685606,61454135.849487685,4418.388624800052,345243641.9661084,NIST_GROUND,2017,pointwise_finite,144,low-power,48
21,51743.0,47655749.565250434,7258150.847820049,47655871.98758613,7258150.847820049,38117686.88449941,32710943.225012496,34017303.9283542,383699.5226481203,197205731.50361362,NIST_GROUND,2017,pointwise_finite,144,low-power,48
22,53189.0,60747605.79387783,10202262.586923813,60746827.040812574,10202262.586923813,66860417.413517706,60937923.37978025,65872983.338387266,1400327.6324575301,202128274.46083978,NIST_GROUND,2017,pointwise_finite,144,low-power,48
23,51416.0,61995094.918213025,9061621.680776509,61995773.585586876,9061621.680776509,46932946.841242164,42756827.6331956,43744856.745757736,136048.35129143973,365147834.03900737,NIST_GROUND,2017,pointwise_finite,144,low-power,48
24,53623.0,99269622.9012857,13612082.220508464,99270016.04116488,13612082.220508464,54916821.1571506,49478036.44759202,58002968.92659748,3452797.120429995,91824350.43447262,NIST_GROUND,2017,pointwise_finite,144,low-power,48
25,51659.0,50891908.171254225,7960147.903703612,50892061.33353624,7960147.903703612,59414977.92174226,52983692.15648667,56729116.80033907,7835.535661639996,315134536.77498674,NIST_GROUND,2017,pointwise_finite,144,low-power,48
26,52219.0,59198811.49850774,9922521.67273873,59199112.001433425,9922521.67273873,71062531.15634084,64174913.58539346,66394310.45151638,12302.147827480047,386822856.68728,NIST_GROUND,2017,pointwise_finite,144,low-power,48
27,51552.0,59715671.17312305,8683187.730456864,59716106.80320731,8683187.730456864,62398451.58793449,54463910.251961984,60099362.47846751,1775.502225639999,301568161.908504,NIST_GROUND,2017,pointwise_finite,144,low-power,48
28,52037.0,58555692.72705912,9265327.84059252,58555663.36465337,9265327.84059252,92133243.82424407,82812594.84798321,87922425.48332737,2508.80806648,343280162.8303706,NIST_GROUND,2017,pointwise_finite,144,low-power,48
29,52468.0,75160803.98059462,9931358.749749737,75161133.32651153,9931358.749749737,84651013.06399767,76044409.33464843,77534030.95135273,1451.5863877200013,346595360.88331205,NIST_GROUND,2017,pointwise_finite,144,low-power,48
30,52600.0,69512636.81269929,9630701.51456027,69512813.10839742,9630701.51456027,79803271.35805617,74070472.54139672,76197836.80753109,59236.09069299933,251927112.73105964,NIST_GROUND,2017,pointwise_finite,144,low-power,48
31,52469.0,55229103.316943504,8918774.154237907,55229202.31855542,8918774.154237907,73730141.02728936,66203719.13015325,67468948.31068099,98647.06455319979,232512138.50902376,NIST_GROUND,2017,pointwise_finite,144,low-power,48
32,54725.0,90262659.04349262,12531643.888329532,90262874.95977987,12531643.888329532,69940151.60208283,64047361.70269373,72584035.99863395,819086.5462427163,96024380.90228641,NIST_GROUND,2017,pointwise_finite,144,low-power,48
33,54343.0,79982728.46243908,11706950.798428584,79982998.98583302,11706950.798428584,71287273.41172594,67269701.06223443,71075354.54176083,4396.952482839983,223934072.10854778,NIST_GROUND,2017,pointwise_finite,144,low-power,48
34,71304.0,133990217.04395491,36385512.57984454,133989987.40777388,36385512.57984454,125384416.29186176,114201041.01524161,118509354.5423886,18473225.963098653,10983060.99676309,NIST_GROUND,2017,pointwise_finite,144,low-power,48
35,62236.0,92288812.00759687,18469285.941821452,92288603.31108798,18469285.941821452,74224157.8237832,69864774.873895,73717556.90995905,14554.04743831998,131682391.35476534,NIST_GROUND,2017,pointwise_finite,144,low-power,48
36,54051.0,79472186.50777261,12682930.31223622,79472698.43656689,12682930.31223622,49647049.059795156,45544413.45489862,47215498.547376804,213989.2677368794,226914871.59310898,NIST_GROUND,2017,pointwise_finite,144,low-power,48
37,63019.0,95968880.13518465,41622787.01931453,95968406.40398042,41622787.01931453,117118948.88237847,106465242.74749394,113422423.26964462,63904980.388296336,88811478.52015057,NIST_GROUND,2017,pointwise_finite,144,low-power,48
38,54672.0,66921746.65352128,11850738.514731916,66921926.62887744,11850738.514731916,78495844.46847238,73388889.80700591,78528453.95028648,1291078.8911350863,184759296.81586426,NIST_GROUND,2017,pointwise_finite,144,low-power,48
39,55056.0,81253040.88352512,13809190.927123362,81252871.78426594,13809190.927123362,80341748.41753343,74083232.30056538,81434923.1577836,51114.87650219993,271906436.13169336,NIST_GROUND,2017,pointwise_finite,144,low-power,48
40,53444.0,83021528.00519086,13108916.188131213,83021722.68596037,13108916.188131213,102490601.20387314,93576561.70355882,101653959.6031078,60763.443576359634,179085721.1148072,NIST_GROUND,2017,pointwise_finite,144,low-power,48
41,62064.0,132232291.93805094,29039891.304614548,132232025.72920154,29039891.304614548,92430851.64220507,86214898.36029275,101890262.00478475,10464582.085900135,15303120.329228258,NIST_GROUND,2017,pointwise_finite,144,low-power,48
42,54426.0,82645385.13029446,16723548.244611558,82645033.19354087,16723548.244611558,63749236.022500776,61180541.199447215,66252552.17526055,41040.61837455991,187420884.15250748,NIST_GROUND,2017,pointwise_finite,144,low-power,48
43,53910.0,56737437.998457745,9448012.551323093,56737630.66082787,9448012.551323093,59305048.02497728,52362402.56623079,54871611.814622864,74497.55500676061,248755543.2061515,NIST_GROUND,2017,pointwise_finite,144,low-power,48
44,52497.0,62057227.018660754,13488869.368491044,62057292.19530126,13488869.368491044,70937827.11559002,64176587.21760412,65389970.54562525,2599439.2563563604,308489474.9830289,NIST_GROUND,2017,pointwise_finite,144,low-power,48
45,55645.0,54207838.346875906,13743971.393830974,54207690.24137469,13743971.393830974,60773040.916251995,53429693.493478395,54339435.114407286,8303176.696075504,60417149.95711235,NIST_GROUND,2017,pointwise_finite,144,low-power,48
0,68469.0,61132435.64453633,7521810.1545141945,61133133.05328716,7521810.1545141945,26416004.767756294,20108215.145609003,20947293.47039495,1745.7593201600002,707803525.842958,NIST_GROUND,2017,pointwise_finite,144,low-power,72
1,68559.0,70883195.66717279,7879170.174759086,70883538.23656496,7879170.174759086,23154314.932744313,18184174.730098624,21599455.046331435,14413.318355679996,493890732.69100237,NIST_GROUND,2017,pointwise_finite,144,low-power,72
2,73755.0,156082744.45872122,22203566.226980038,156082438.00503528,22203566.226980038,47886734.82001203,42861323.72844937,56594439.06153355,2741664.055835618,265534447.4287686,NIST_GROUND,2017,pointwise_finite,144,low-power,72
3,77356.0,215446673.223736,37738410.34683472,215446441.67491943,37738410.34683472,57825803.16111276,54096808.59838412,67486677.38923852,20645741.79750461,114743595.110174,NIST_GROUND,2017,pointwise_finite,144,low-power,72
4,74129.0,153651777.2908231,25424443.37700683,153651841.16959086,25424443.37700683,41621581.33220545,36082294.65363903,44440428.09321205,7956.461748839978,185316504.6895051,NIST_GROUND,2017,pointwise_finite,144,low-power,72
5,71797.0,87045981.50671737,12212272.605014184,87046594.0810773,12212272.605014184,53885154.230114594,44997604.763484426,46978305.0174251,1806.988575119994,621336849.9090761,NIST_GROUND,2017,pointwise_finite,144,low-power,72
6,34514.0,46133809.43363515,29438800.935740307,46141583.20568924,29438800.935740307,38318593.62542089,33593613.759566434,35375208.62724836,46503764.290826514,305181034.113094,NIST_GROUND,2017,pointwise_finite,144,low-power,72
7,31864.0,51403861.71681898,18546075.144257177,51406343.66908927,18546075.144257177,23102732.52703029,20587779.59209803,23146627.29272534,2714.054345959973,179927601.45359102,NIST_GROUND,2017,pointwise_finite,144,low-power,72
8,74298.0,81164450.33196862,11048792.67707563,81165172.58675952,11048792.67707563,73328418.9449933,60534473.89937838,65643684.267143846,132789.8110658006,574043439.728337,NIST_GROUND,2017,pointwise_finite,144,low-power,72
9,78836.0,152668889.69494265,29342263.731937554,152668870.99608082,29342263.731937554,74030614.32698476,66389596.10520099,79482195.32586865,6468756.960957619,367110185.7430596,NIST_GROUND,2017,pointwise_finite,144,low-power,72
10,75168.0,95787719.14015673,12612478.230192741,95788083.31219292,12612478.230192741,62192658.227343075,52835849.405008666,57224645.54349332,217366.4244086827,424217173.173231,NIST_GROUND,2017,pointwise_finite,144,low-power,72
11,81547.0,161592202.30975324,25559118.322677832,161592158.67923388,25559118.322677832,96087994.04713884,89186941.76939934,103862051.8742194,2469016.460209912,199670233.8790022,NIST_GROUND,2017,pointwise_finite,144,low-power,72
12,81126.0,160425449.76248977,31944530.78121909,160425268.7480848,31944530.78121909,72887216.49707238,69446925.62393571,78737069.82980086,9853613.410975557,76302469.96302685,NIST_GROUND,2017,pointwise_finite,144,low-power,72
13,76685.0,89625303.44360316,17959254.80035346,89625054.19773404,17959254.80035346,79772553.99504948,71357228.8319438,76121454.36056346,21947.183496400205,353133429.4411134,NIST_GROUND,2017,pointwise_finite,144,low-power,72
14,78903.0,83432184.713695,13827357.761557214,83431414.3638889,13827357.761557214,76562579.8810641,66238493.02272743,71653419.90958421,1778921.304950922,230937788.2721029,NIST_GROUND,2017,pointwise_finite,144,low-power,72
15,77445.0,86966265.56364633,12694677.353963165,86967058.25009668,12694677.353963165,75348471.25819524,70167201.21526097,71981724.10291494,141154.2014461598,533544051.73136,NIST_GROUND,2017,pointwise_finite,144,low-power,72
16,79399.0,123998044.11203931,17834901.06356651,123998438.41236013,17834901.06356651,83968087.26961648,75620006.29648148,85033939.1273281,3453693.0496667586,301152892.3941779,NIST_GROUND,2017,pointwise_finite,144,low-power,72
17,78102.0,85362298.45900847,13659850.733384293,85362750.96377435,13659850.733384293,101426242.9656173,91016635.8929907,96092457.05112515,19241.75425236017,492628851.5025603,NIST_GROUND,2017,pointwise_finite,144,low-power,72
18,77472.0,89763865.60266496,13370803.937388489,89764325.62420708,13370803.937388489,111191459.11064439,99267380.26285525,107770740.35599782,3913.323734359992,489299617.31380767,NIST_GROUND,2017,pointwise_finite,144,low-power,72
19,78585.0,103668302.27811173,14509070.383410627,103668577.87016521,14509070.383410627,127991249.36553161,114053534.17173818,117785078.55714971,1822.572945480005,502144068.3083755,NIST_GROUND,2017,pointwise_finite,144,low-power,72
20,78582.0,99099099.45960017,13570432.896404767,99099365.3254034,13570432.896404767,118488854.46179175,110267807.34349446,113777721.74216378,94120.42774375866,316890869.1989768,NIST_GROUND,2017,pointwise_finite,144,low-power,72
21,81212.0,115905299.71353523,17510686.66072295,115905525.06132932,17510686.66072295,104984709.52563646,94053746.03074956,102473099.3746824,882849.2737451561,263572762.94339445,NIST_GROUND,2017,pointwise_finite,144,low-power,72
22,84175.0,129716925.76887167,21214869.51572839,129717116.41896576,21214869.51572839,117751883.6244293,112038855.65463738,119604751.10572152,3054673.363200876,234908978.4824125,NIST_GROUND,2017,pointwise_finite,144,low-power,72
23,103708.0,176544831.7451191,45346879.80436617,176544473.28572902,45346879.80436617,153143963.90294167,139296661.29673365,143697514.88838708,15437503.59981907,131690545.97766428,NIST_GROUND,2017,pointwise_finite,144,low-power,72
24,81966.0,115417241.7806721,20206268.617554117,115417335.22045872,20206268.617554117,81483643.94877042,73506036.23362826,77905210.61168718,1553015.87453812,315435931.4059461,NIST_GROUND,2017,pointwise_finite,144,low-power,72
25,89776.0,126945571.51580642,45950187.228728674,126945696.24896587,45950187.228728674,163778198.46187553,151892509.77577016,161261165.15562096,63857032.6726295,185049715.52317798,NIST_GROUND,2017,pointwise_finite,144,low-power,72
26,82198.0,142202437.61578986,21963683.582832325,142202263.6617105,21963683.582832325,136430376.1186265,126846524.55322634,140837712.11609218,111520.19903179962,284711526.53634787,NIST_GROUND,2017,pointwise_finite,144,low-power,72
27,88366.0,154304423.2109771,33994314.837036796,154304356.5377176,33994314.837036796,138832825.14498526,127028167.8111908,144141432.64958405,10464940.206946895,181583751.0393805,NIST_GROUND,2017,pointwise_finite,144,low-power,72
28,81402.0,104633392.85777654,21254217.313631944,104633067.46654385,21254217.313631944,93430117.59151411,87406260.1341554,94022624.14499009,114251.8174236402,358036686.8839847,NIST_GROUND,2017,pointwise_finite,144,low-power,72
29,79431.0,96806657.28963658,18406212.850793768,96806888.58312602,18406212.850793768,100561993.5715539,90313270.84912674,92491510.3905186,2600725.6123140403,386629215.4577064,NIST_GROUND,2017,pointwise_finite,144,low-power,72
30,55645.0,54207838.346875906,13743971.393830974,54207690.24137469,13743971.393830974,60773040.916251995,53429693.493478395,54339435.114407286,8303176.696075504,60417149.95711235,NIST_GROUND,2017,pointwise_finite,144,low-power,72
