site,period,support,horizon,scope,block_hours,method,reference,rmse,reference_rmse,effect_kW,ci_low_kW,ci_high_kW,skill,skill_ci_low,skill_ci_high,blocks,nonempty_blocks,points,replicates,valid_replicates,zero_support_replicates,valid_skill_replicates
Qcells,Alice2018Test,Original,12,full,24,Original A,Daily,0.39714195303226674,0.28054519817729745,0.11659675485496929,-0.0406347209137773,0.2423450273215214,-0.41560773669447415,-0.8714126081159069,0.1235772381171205,24,24,77530,2000,2000,0,2000
Qcells,Alice2018Test,Original,12,full,24,Original A,Last-value,0.39714195303226674,0.4707947975337585,-0.07365284450149179,-0.18104245747934902,0.0681796939919644,0.15644362445659876,-0.1400952005165303,0.39076736305632065,24,24,77530,2000,2000,0,2000
Qcells,Alice2018Test,Original,12,full,24,Expanded A,Daily,0.39714195303226674,0.28054519817729745,0.11659675485496929,-0.0406347209137773,0.2423450273215214,-0.41560773669447415,-0.8714126081159069,0.1235772381171205,24,24,77530,2000,2000,0,2000
Qcells,Alice2018Test,Original,12,full,24,Expanded A,Last-value,0.39714195303226674,0.4707947975337585,-0.07365284450149179,-0.18104245747934902,0.0681796939919644,0.15644362445659876,-0.1400952005165303,0.39076736305632065,24,24,77530,2000,2000,0,2000
Qcells,Alice2018Test,Original,12,full,24,Original B,Daily,0.2637422726273416,0.28054519817729745,-0.016802925549955827,-0.11425600703479452,0.04659007086984695,0.059893826945263906,-0.25420111709125714,0.3301319537124869,24,24,77530,2000,2000,0,2000
Qcells,Alice2018Test,Original,12,full,24,Original B,Last-value,0.2637422726273416,0.4707947975337585,-0.2070525249064169,-0.261571308437573,-0.1373980763789336,0.4397935703432877,0.2809877817678108,0.5689728022793593,24,24,77530,2000,2000,0,2000
Qcells,Alice2018Test,Original,12,full,24,Expanded B,Daily,0.26913169484296207,0.28054519817729745,-0.011413503334335384,-0.11575927423401665,0.05821288950500158,0.04068329598399445,-0.22252728161158747,0.3452702775564789,24,24,77530,2000,2000,0,2000
Qcells,Alice2018Test,Original,12,full,24,Expanded B,Last-value,0.26913169484296207,0.4707947975337585,-0.20166310269079646,-0.2719079330577,-0.11192833012125131,0.42834607295407956,0.22748904916237425,0.5937555438032925,24,24,77530,2000,2000,0,2000
Qcells,Alice2018Test,Original,12,full,24,Inverted42,Daily,0.3017776641316996,0.28054519817729745,0.021232465954402147,-0.07093815047939026,0.09002019522116443,-0.0756828706830468,-0.5418450302843758,0.20524776487342244,24,24,77530,2000,2000,0,2000
Qcells,Alice2018Test,Original,12,full,24,Inverted42,Last-value,0.3017776641316996,0.4707947975337585,-0.16901713340205893,-0.20448225856977895,-0.11632701261748103,0.3590038256315683,0.2394331809043108,0.44663728104815703,24,24,77530,2000,2000,0,2000
Qcells,Alice2018Test,Original,12,full,24,Inverted43,Daily,0.3493843686061705,0.28054519817729745,0.06883917042887305,-0.0137903588200417,0.1529651158726003,-0.2453763987982016,-0.9290766172765877,0.03645136921933873,24,24,77530,2000,2000,0,2000
Qcells,Alice2018Test,Original,12,full,24,Inverted43,Last-value,0.3493843686061705,0.4707947975337585,-0.12141042892758802,-0.14095319196736142,-0.09274719619810987,0.25788396465634744,0.18923739245493762,0.3057230308726167,24,24,77530,2000,2000,0,2000
Qcells,Alice2018Test,Original,12,full,24,Inverted44,Daily,0.33094435631204766,0.28054519817729745,0.05039915813475021,-0.03363053762209835,0.1356193923961881,-0.1796471957538166,-0.8236334971041722,0.08892489909161036,24,24,77530,2000,2000,0,2000
Qcells,Alice2018Test,Original,12,full,24,Inverted44,Last-value,0.33094435631204766,0.4707947975337585,-0.13985044122171086,-0.15975360845894906,-0.11034388529599742,0.29705179826606476,0.2262505214842006,0.34652184737523206,24,24,77530,2000,2000,0,2000
Qcells,Alice2018Test,Original,12,full,24,Inverted mean,Daily,0.32736879634997257,0.28054519817729745,0.04682359817267514,-0.036024130095540806,0.12603219603656596,-0.166902155078355,-0.7648994206951735,0.10416947538459008,24,24,77530,2000,2000,0,2000
Qcells,Alice2018Test,Original,12,full,24,Inverted mean,Last-value,0.32736879634997257,0.4707947975337585,-0.14342600118378593,-0.16787343710350638,-0.10651216272427735,0.3046465295179935,0.21797117990419096,0.36577458555282033,24,24,77530,2000,2000,0,2000
Qcells,Alice2018Test,Original,12,full,24,Inverted mean,Original B,0.32736879634997257,0.2637422726273416,0.06362652372263096,0.029632821520362517,0.09690513012503868,-0.24124507265671805,-0.4869747007302515,-0.08449844931963096,24,24,77530,2000,2000,0,2000
Qcells,Alice2018Test,Original,12,full,24,Inverted mean,Expanded B,0.32736879634997257,0.26913169484296207,0.05823710150701052,0.003445099497982745,0.1077878314974466,-0.21638886323289333,-0.5751916019345833,-0.008801692923832302,24,24,77530,2000,2000,0,2000
Qcells,Alice2018Test,Original,12,full,24,Expanded B,Original B,0.26913169484296207,0.2637422726273416,0.005389422215620443,-0.018310629317889363,0.029116300541638364,-0.020434426995461275,-0.0802294790865092,0.08617825421015825,24,24,77530,2000,2000,0,2000
Qcells,Alice2018Test,Original,12,full,24,Expanded B,Expanded A,0.26913169484296207,0.39714195303226674,-0.12801025818930467,-0.18794510956937988,-0.07366529509040326,0.32232872203986007,0.25704349158770173,0.35863019940225344,24,24,77530,2000,2000,0,2000
Qcells,Alice2018Test,Original,12,full,48,Original A,Daily,0.39714195303226674,0.28054519817729745,0.11659675485496929,0.08519880456864246,0.14807718685988014,-0.41560773669447415,-0.9472204755225285,-0.29994153600898277,12,12,77530,2000,2000,0,2000
Qcells,Alice2018Test,Original,12,full,48,Original A,Last-value,0.39714195303226674,0.4707947975337585,-0.07365284450149179,-0.18231758656809446,0.06187933923498429,0.15644362445659876,-0.12667765287673508,0.39235754512815657,12,12,77530,2000,2000,0,2000
Qcells,Alice2018Test,Original,12,full,48,Expanded A,Daily,0.39714195303226674,0.28054519817729745,0.11659675485496929,0.08519880456864246,0.14807718685988014,-0.41560773669447415,-0.9472204755225285,-0.29994153600898277,12,12,77530,2000,2000,0,2000
Qcells,Alice2018Test,Original,12,full,48,Expanded A,Last-value,0.39714195303226674,0.4707947975337585,-0.07365284450149179,-0.18231758656809446,0.06187933923498429,0.15644362445659876,-0.12667765287673508,0.39235754512815657,12,12,77530,2000,2000,0,2000
Qcells,Alice2018Test,Original,12,full,48,Original B,Daily,0.2637422726273417,0.28054519817729745,-0.01680292554995577,-0.0708903597605892,0.0536621936549454,0.059893826945263684,-0.3473807743472168,0.16664003524031612,12,12,77530,2000,2000,0,2000
Qcells,Alice2018Test,Original,12,full,48,Original B,Last-value,0.2637422726273417,0.4707947975337585,-0.20705252490641685,-0.26629655949817066,-0.13826790199204192,0.4397935703432876,0.2812438579611938,0.5802644569568896,12,12,77530,2000,2000,0,2000
Qcells,Alice2018Test,Original,12,full,48,Expanded B,Daily,0.2691316948429621,0.28054519817729745,-0.011413503334335329,-0.04126983951379948,0.036074204451566505,0.04068329598399434,-0.23269224001663977,0.09972186159966785,12,12,77530,2000,2000,0,2000
Qcells,Alice2018Test,Original,12,full,48,Expanded B,Last-value,0.2691316948429621,0.4707947975337585,-0.2016631026907964,-0.27485126602342724,-0.11083361449169879,0.42834607295407945,0.2271214013098851,0.6028537248071162,12,12,77530,2000,2000,0,2000
Qcells,Alice2018Test,Original,12,full,48,Inverted42,Daily,0.30177766413169965,0.28054519817729745,0.021232465954402202,-0.04570147086073484,0.09995271844141349,-0.07568287068304702,-0.6519203072297379,0.10857197959671644,12,12,77530,2000,2000,0,2000
Qcells,Alice2018Test,Original,12,full,48,Inverted42,Last-value,0.30177766413169965,0.4707947975337585,-0.16901713340205887,-0.20695054313273076,-0.11661554755645283,0.3590038256315682,0.237767030973686,0.45316146667737145,12,12,77530,2000,2000,0,2000
Qcells,Alice2018Test,Original,12,full,48,Inverted43,Daily,0.34938436860617045,0.28054519817729745,0.068839170428873,-0.019839490269557003,0.16260004952017387,-0.2453763987982014,-1.0681298675986277,0.047599856872651655,12,12,77530,2000,2000,0,2000
Qcells,Alice2018Test,Original,12,full,48,Inverted43,Last-value,0.34938436860617045,0.4707947975337585,-0.12141042892758808,-0.14344381180880897,-0.09102554192620738,0.25788396465634755,0.1850181362485688,0.31231356344288635,12,12,77530,2000,2000,0,2000
Qcells,Alice2018Test,Original,12,full,48,Inverted44,Daily,0.3309443563120476,0.28054519817729745,0.050399158134750155,-0.039592065481528535,0.1445112354434821,-0.17964719575381638,-0.9531307553150596,0.0929830103699271,12,12,77530,2000,2000,0,2000
Qcells,Alice2018Test,Original,12,full,48,Inverted44,Last-value,0.3309443563120476,0.4707947975337585,-0.13985044122171092,-0.16130449757653798,-0.11017401082130397,0.297051798266065,0.22424015046363233,0.3508268386694625,12,12,77530,2000,2000,0,2000
Qcells,Alice2018Test,Original,12,full,48,Inverted mean,Daily,0.32736879634997257,0.28054519817729745,0.04682359817267512,-0.03508125453793516,0.13557635848851998,-0.16690215507835493,-0.8888701018948608,0.08300761270820248,12,12,77530,2000,2000,0,2000
Qcells,Alice2018Test,Original,12,full,48,Inverted mean,Last-value,0.32736879634997257,0.4707947975337585,-0.14342600118378596,-0.17019232206326362,-0.10618645538301122,0.3046465295179936,0.21592796459419264,0.3715736720460783,12,12,77530,2000,2000,0,2000
Qcells,Alice2018Test,Original,12,full,48,Inverted mean,Original B,0.32736879634997257,0.2637422726273417,0.06362652372263089,0.030335515815319482,0.10105051606965573,-0.24124507265671777,-0.5216648405033562,-0.0863492205495389,12,12,77530,2000,2000,0,2000
Qcells,Alice2018Test,Original,12,full,48,Inverted mean,Expanded B,0.32736879634997257,0.2691316948429621,0.05823710150701045,0.003097581620597403,0.11084967291079029,-0.21638886323289305,-0.6057260768505854,-0.008098283819229873,12,12,77530,2000,2000,0,2000
Qcells,Alice2018Test,Original,12,full,48,Expanded B,Original B,0.2691316948429621,0.2637422726273417,0.005389422215620443,-0.020826623261026165,0.03045894255224886,-0.020434426995461275,-0.0870998217222025,0.09697581344123284,12,12,77530,2000,2000,0,2000
Qcells,Alice2018Test,Original,12,full,48,Expanded B,Expanded A,0.2691316948429621,0.39714195303226674,-0.12801025818930462,-0.1733383422182512,-0.09025078055165851,0.32232872203985996,0.3020496538227019,0.3728433536489832,12,12,77530,2000,2000,0,2000
Qcells,Alice2018Test,Original,12,full,72,Original A,Daily,0.3971419530322666,0.28054519817729745,0.11659675485496918,0.08089343436380701,0.15063313775201706,-0.4156077366944737,-0.8713795386924594,-0.3134216601167701,8,8,77530,2000,2000,0,2000
Qcells,Alice2018Test,Original,12,full,72,Original A,Last-value,0.3971419530322666,0.47079479753375836,-0.07365284450149173,-0.18699939582569997,0.06597924071461587,0.15644362445659876,-0.13539394004426053,0.4019828085158294,8,8,77530,2000,2000,0,2000
Qcells,Alice2018Test,Original,12,full,72,Expanded A,Daily,0.3971419530322666,0.28054519817729745,0.11659675485496918,0.08089343436380701,0.15063313775201706,-0.4156077366944737,-0.8713795386924594,-0.3134216601167701,8,8,77530,2000,2000,0,2000
Qcells,Alice2018Test,Original,12,full,72,Expanded A,Last-value,0.3971419530322666,0.47079479753375836,-0.07365284450149173,-0.18699939582569997,0.06597924071461587,0.15644362445659876,-0.13539394004426053,0.4019828085158294,8,8,77530,2000,2000,0,2000
Qcells,Alice2018Test,Original,12,full,72,Original B,Daily,0.2637422726273416,0.28054519817729745,-0.016802925549955827,-0.06852261254003496,0.048269290218736244,0.059893826945263906,-0.3076832307435551,0.16552504773223467,8,8,77530,2000,2000,0,2000
Qcells,Alice2018Test,Original,12,full,72,Original B,Last-value,0.2637422726273416,0.47079479753375836,-0.20705252490641674,-0.27103531541292286,-0.1350546084537396,0.4397935703432875,0.2759783135220217,0.5892245532936033,8,8,77530,2000,2000,0,2000
Qcells,Alice2018Test,Original,12,full,72,Expanded B,Daily,0.2691316948429621,0.28054519817729745,-0.011413503334335329,-0.037388004054497825,0.028623584589162965,0.04068329598399434,-0.18416077585476998,0.0931047932185689,8,8,77530,2000,2000,0,2000
Qcells,Alice2018Test,Original,12,full,72,Expanded B,Last-value,0.2691316948429621,0.47079479753375836,-0.20166310269079624,-0.2783943829202109,-0.10925975227214423,0.4283460729540792,0.22370079613691585,0.6077298545742044,8,8,77530,2000,2000,0,2000
Qcells,Alice2018Test,Original,12,full,72,Inverted42,Daily,0.30177766413169954,0.28054519817729745,0.02123246595440209,-0.03822053157185432,0.08898859285425388,-0.07568287068304658,-0.5721451376223523,0.09210140234231395,8,8,77530,2000,2000,0,2000
Qcells,Alice2018Test,Original,12,full,72,Inverted42,Last-value,0.30177766413169954,0.47079479753375836,-0.16901713340205882,-0.2069606249249963,-0.11422649309317981,0.3590038256315682,0.23381093254345167,0.45331728529022136,8,8,77530,2000,2000,0,2000
Qcells,Alice2018Test,Original,12,full,72,Inverted43,Daily,0.3493843686061704,0.28054519817729745,0.06883917042887294,-0.015046733500486362,0.15549623607977578,-0.24537639879820117,-0.9891619866571528,0.03586062084468958,8,8,77530,2000,2000,0,2000
Qcells,Alice2018Test,Original,12,full,72,Inverted43,Last-value,0.3493843686061704,0.47079479753375836,-0.12141042892758797,-0.14261014496476945,-0.09078402845201004,0.25788396465634744,0.1854404799162937,0.30853411435246525,8,8,77530,2000,2000,0,2000
Qcells,Alice2018Test,Original,12,full,72,Inverted44,Daily,0.33094435631204766,0.28054519817729745,0.05039915813475021,-0.032913212064063176,0.13544424859445442,-0.1796471957538166,-0.8684929273000139,0.07908337960518973,8,8,77530,2000,2000,0,2000
Qcells,Alice2018Test,Original,12,full,72,Inverted44,Last-value,0.33094435631204766,0.47079479753375836,-0.1398504412217107,-0.1618509517441252,-0.10852567913855626,0.29705179826606454,0.22133847417118666,0.35212792040171476,8,8,77530,2000,2000,0,2000
Qcells,Alice2018Test,Original,12,full,72,Inverted mean,Daily,0.32736879634997257,0.28054519817729745,0.046823598172675084,-0.02865442899817231,0.1267806055511266,-0.1669021550783548,-0.8109938010939114,0.06850919365671611,8,8,77530,2000,2000,0,2000
Qcells,Alice2018Test,Original,12,full,72,Inverted mean,Last-value,0.32736879634997257,0.47079479753375836,-0.14342600118378582,-0.17007842772656767,-0.10442162841163764,0.30464652951799337,0.21376433474976317,0.3701582108229076,8,8,77530,2000,2000,0,2000
Qcells,Alice2018Test,Original,12,full,72,Inverted mean,Original B,0.32736879634997257,0.2637422726273416,0.0636265237226309,0.02922051040294171,0.10500592351046008,-0.24124507265671782,-0.5575136363614422,-0.08288923859023062,8,8,77530,2000,2000,0,2000
Qcells,Alice2018Test,Original,12,full,72,Inverted mean,Expanded B,0.32736879634997257,0.2691316948429621,0.05823710150701041,0.0028727881545221982,0.11367016838359961,-0.2163888632328929,-0.6327488418021785,-0.007593792324207568,8,8,77530,2000,2000,0,2000
Qcells,Alice2018Test,Original,12,full,72,Expanded B,Original B,0.2691316948429621,0.2637422726273416,0.0053894222156204985,-0.022368916264921046,0.030700937188156016,-0.020434426995461497,-0.0892703862063607,0.10276655851365984,8,8,77530,2000,2000,0,2000
Qcells,Alice2018Test,Original,12,full,72,Expanded B,Expanded A,0.2691316948429621,0.3971419530322666,-0.1280102581893045,-0.17558518306872758,-0.08773847135494228,0.32232872203985974,0.30103957084636046,0.3733061840075237,8,8,77530,2000,2000,0,2000
Qcells,Alice2018Test,Original,12,power-active,24,Original A,Daily,0.5743057111035696,0.40885240760501074,0.1654533034985589,-0.06487875030462413,0.34786684803680007,-0.4046773369093184,-0.8565810297228983,0.1351033180700465,24,24,36504,2000,2000,0,2000
Qcells,Alice2018Test,Original,12,power-active,24,Original A,Last-value,0.5743057111035696,0.6817066340855725,-0.10740092298200288,-0.26471783160279716,0.09892520974058011,0.157547128943623,-0.14011570900944234,0.394436682550551,24,24,36504,2000,2000,0,2000
Qcells,Alice2018Test,Original,12,power-active,24,Expanded A,Daily,0.5743057111035696,0.40885240760501074,0.1654533034985589,-0.06487875030462413,0.34786684803680007,-0.4046773369093184,-0.8565810297228983,0.1351033180700465,24,24,36504,2000,2000,0,2000
Qcells,Alice2018Test,Original,12,power-active,24,Expanded A,Last-value,0.5743057111035696,0.6817066340855725,-0.10740092298200288,-0.26471783160279716,0.09892520974058011,0.157547128943623,-0.14011570900944234,0.394436682550551,24,24,36504,2000,2000,0,2000
Qcells,Alice2018Test,Original,12,power-active,24,Original B,Daily,0.3820926395515632,0.40885240760501074,-0.02675976805344754,-0.16799358087716024,0.0659794344375985,0.0654509244795739,-0.24363932157608664,0.3355136163873287,24,24,36504,2000,2000,0,2000
Qcells,Alice2018Test,Original,12,power-active,24,Original B,Last-value,0.3820926395515632,0.6817066340855725,-0.29961399453400933,-0.3795580826951923,-0.19775954933308784,0.43950576326120905,0.2798449149866412,0.5704423784850419,24,24,36504,2000,2000,0,2000
Qcells,Alice2018Test,Original,12,power-active,24,Expanded B,Daily,0.38555252592010336,0.40885240760501074,-0.023299881684907375,-0.17537892738040606,0.07963165689050518,0.05698849083803659,-0.20245830019527436,0.36259350186828465,24,24,36504,2000,2000,0,2000
Qcells,Alice2018Test,Original,12,power-active,24,Expanded B,Last-value,0.38555252592010336,0.6817066340855725,-0.29615410816546917,-0.4017489105496913,-0.16393272305197237,0.4344304329130144,0.2302815771786963,0.605400369946827,24,24,36504,2000,2000,0,2000
Qcells,Alice2018Test,Original,12,power-active,24,Inverted42,Daily,0.42778142380856293,0.40885240760501074,0.018929016203552196,-0.1161279027072524,0.11790477245646089,-0.04629792035330116,-0.48309909859923783,0.23259058187463413,24,24,36504,2000,2000,0,2000
Qcells,Alice2018Test,Original,12,power-active,24,Inverted42,Last-value,0.42778142380856293,0.6817066340855725,-0.2539252102770096,-0.3067415757675196,-0.17720171901531678,0.37248458146167185,0.24937651509809572,0.46402426061918806,24,24,36504,2000,2000,0,2000
Qcells,Alice2018Test,Original,12,power-active,24,Inverted43,Daily,0.47506256056793594,0.40885240760501074,0.0662101529629252,-0.052454657445644946,0.1862601073842145,-0.16194145303135987,-0.7744889383428656,0.09502432678525514,24,24,36504,2000,2000,0,2000
Qcells,Alice2018Test,Original,12,power-active,24,Inverted43,Last-value,0.47506256056793594,0.6817066340855725,-0.20664407351763658,-0.23626876200895197,-0.1624228535587466,0.3031275671753213,0.2279766070201626,0.3566402090466927,24,24,36504,2000,2000,0,2000
Qcells,Alice2018Test,Original,12,power-active,24,Inverted44,Daily,0.4666811984184929,0.40885240760501074,0.05782879081348219,-0.06440131419459522,0.18250427417507684,-0.14144172747381778,-0.7587702214188796,0.11641077699477455,24,24,36504,2000,2000,0,2000
Qcells,Alice2018Test,Original,12,power-active,24,Inverted44,Last-value,0.4666811984184929,0.6817066340855725,-0.2150254356670796,-0.24320063376446394,-0.1728234312100142,0.3154222431112327,0.24315321669091622,0.3657942312287208,24,24,36504,2000,2000,0,2000
Qcells,Alice2018Test,Original,12,power-active,24,Inverted mean,Daily,0.45650839426499723,0.40885240760501074,0.04765598665998653,-0.07379720491359014,0.1614363061251271,-0.11656036695282627,-0.6708892534529959,0.14712762743154767,24,24,36504,2000,2000,0,2000
Qcells,Alice2018Test,Original,12,power-active,24,Inverted mean,Last-value,0.45650839426499723,0.6817066340855725,-0.22519823982057527,-0.26158066083169756,-0.17158236843901567,0.33034479724940863,0.2395165343518877,0.3950257152355223,24,24,36504,2000,2000,0,2000
Qcells,Alice2018Test,Original,12,power-active,24,Inverted mean,Original B,0.45650839426499723,0.3820926395515632,0.07441575471343408,0.026653473330317517,0.12294898807776414,-0.1947584093762469,-0.42727466163179356,-0.050311876051887555,24,24,36504,2000,2000,0,2000
Qcells,Alice2018Test,Original,12,power-active,24,Inverted mean,Expanded B,0.45650839426499723,0.38555252592010336,0.07095586834489391,-0.00907253212587782,0.14521919863977964,-0.18403683953453812,-0.5518958260494535,0.016334942075322077,24,24,36504,2000,2000,0,2000
Qcells,Alice2018Test,Original,12,power-active,24,Expanded B,Original B,0.38555252592010336,0.3820926395515632,0.003459886368540166,-0.03311227780392132,0.03964312828285033,-0.009055098189278965,-0.07491310824171461,0.10817296991355857,24,24,36504,2000,2000,0,2000
Qcells,Alice2018Test,Original,12,power-active,24,Expanded B,Expanded A,0.38555252592010336,0.5743057111035696,-0.1887531851834663,-0.27509173072962967,-0.11011806002320765,0.3286632564053098,0.2671093635959712,0.37196487535599954,24,24,36504,2000,2000,0,2000
Qcells,Alice2018Test,Original,12,power-active,48,Original A,Daily,0.5743057111035695,0.40885240760501074,0.1654533034985588,0.1192206071014052,0.2114502976584251,-0.4046773369093182,-0.9224434036304786,-0.2922537443249397,12,12,36504,2000,2000,0,2000
Qcells,Alice2018Test,Original,12,power-active,48,Original A,Last-value,0.5743057111035695,0.6817066340855723,-0.10740092298200277,-0.266749473150175,0.08968677070655971,0.15754712894362288,-0.12679981201350982,0.3962231617099867,12,12,36504,2000,2000,0,2000
Qcells,Alice2018Test,Original,12,power-active,48,Expanded A,Daily,0.5743057111035695,0.40885240760501074,0.1654533034985588,0.1192206071014052,0.2114502976584251,-0.4046773369093182,-0.9224434036304786,-0.2922537443249397,12,12,36504,2000,2000,0,2000
Qcells,Alice2018Test,Original,12,power-active,48,Expanded A,Last-value,0.5743057111035695,0.6817066340855723,-0.10740092298200277,-0.266749473150175,0.08968677070655971,0.15754712894362288,-0.12679981201350982,0.3962231617099867,12,12,36504,2000,2000,0,2000
Qcells,Alice2018Test,Original,12,power-active,48,Original B,Daily,0.38209263955156325,0.40885240760501074,-0.026759768053447486,-0.10469471349819187,0.07510171659448284,0.06545092447957379,-0.3344986759628871,0.17014148387663547,12,12,36504,2000,2000,0,2000
Qcells,Alice2018Test,Original,12,power-active,48,Original B,Last-value,0.38209263955156325,0.6817066340855723,-0.29961399453400905,-0.38701309655105137,-0.19921993648925646,0.4395057632612088,0.27986600931806305,0.5817171894147205,12,12,36504,2000,2000,0,2000
Qcells,Alice2018Test,Original,12,power-active,48,Expanded B,Daily,0.38555252592010336,0.40885240760501074,-0.023299881684907375,-0.06487455295061344,0.04392232558633658,0.05698849083803659,-0.1946141483453055,0.109911944790684,12,12,36504,2000,2000,0,2000
Qcells,Alice2018Test,Original,12,power-active,48,Expanded B,Last-value,0.38555252592010336,0.6817066340855723,-0.29615410816546894,-0.40746189557196966,-0.16245641094642765,0.4344304329130142,0.22948598498604406,0.6156785581810417,12,12,36504,2000,2000,0,2000
Qcells,Alice2018Test,Original,12,power-active,48,Inverted42,Daily,0.427781423808563,0.40885240760501074,0.01892901620355225,-0.07721951735695957,0.13196073041056422,-0.04629792035330116,-0.5888213920713776,0.12596021548225325,12,12,36504,2000,2000,0,2000
Qcells,Alice2018Test,Original,12,power-active,48,Inverted42,Last-value,0.427781423808563,0.6817066340855723,-0.2539252102770093,-0.3099866036503388,-0.1770160733219332,0.3724845814616716,0.24842613237409017,0.47016489971716036,12,12,36504,2000,2000,0,2000
Qcells,Alice2018Test,Original,12,power-active,48,Inverted43,Daily,0.47506256056793583,0.40885240760501074,0.0662101529629251,-0.05931226862929873,0.1999224344514819,-0.16194145303135943,-0.9002722298502452,0.0980215549567224,12,12,36504,2000,2000,0,2000
Qcells,Alice2018Test,Original,12,power-active,48,Inverted43,Last-value,0.47506256056793583,0.6817066340855723,-0.20664407351763647,-0.24011314668336026,-0.15978420164897342,0.3031275671753213,0.22268504786284068,0.36413772422236235,12,12,36504,2000,2000,0,2000
Qcells,Alice2018Test,Original,12,power-active,48,Inverted44,Daily,0.4666811984184929,0.40885240760501074,0.05782879081348219,-0.07265996191064195,0.19532846145868638,-0.14144172747381778,-0.8763326829077217,0.11941697480834526,12,12,36504,2000,2000,0,2000
Qcells,Alice2018Test,Original,12,power-active,48,Inverted44,Last-value,0.4666811984184929,0.6817066340855723,-0.21502543566707938,-0.24479935257526556,-0.17209754788646528,0.31542224311123246,0.24214181882158675,0.36947458315137716,12,12,36504,2000,2000,0,2000
Qcells,Alice2018Test,Original,12,power-active,48,Inverted mean,Daily,0.45650839426499723,0.40885240760501074,0.047655986659986514,-0.06942710542453123,0.17554791161638192,-0.11656036695282612,-0.7897800349795859,0.11463543350714585,12,12,36504,2000,2000,0,2000
Qcells,Alice2018Test,Original,12,power-active,48,Inverted mean,Last-value,0.45650839426499723,0.6817066340855723,-0.22519823982057505,-0.2640714463552726,-0.1698460027281875,0.33034479724940846,0.238245041632624,0.4007251528859989,12,12,36504,2000,2000,0,2000
Qcells,Alice2018Test,Original,12,power-active,48,Inverted mean,Original B,0.45650839426499723,0.38209263955156325,0.074415754713434,0.027357512355877182,0.12917614113092113,-0.19475840937624667,-0.45915634910625586,-0.053683420365682286,12,12,36504,2000,2000,0,2000
Qcells,Alice2018Test,Original,12,power-active,48,Inverted mean,Expanded B,0.45650839426499723,0.38555252592010336,0.07095586834489388,-0.009561483271595908,0.14995706374326542,-0.18403683953453806,-0.5807532331276877,0.017704754120641687,12,12,36504,2000,2000,0,2000
Qcells,Alice2018Test,Original,12,power-active,48,Expanded B,Original B,0.38555252592010336,0.38209263955156325,0.0034598863685401104,-0.03638802028343526,0.041284007201015244,-0.009055098189278743,-0.08140190993912086,0.1192996201296251,12,12,36504,2000,2000,0,2000
Qcells,Alice2018Test,Original,12,power-active,48,Expanded B,Expanded A,0.38555252592010336,0.5743057111035695,-0.18875318518346618,-0.2528601661058265,-0.13503336852359696,0.3286632564053097,0.30674826777100656,0.3877437375806387,12,12,36504,2000,2000,0,2000
Qcells,Alice2018Test,Original,12,power-active,72,Original A,Daily,0.5743057111035694,0.40885240760501074,0.1654533034985587,0.11200772551545551,0.21593297297565686,-0.40467733690931795,-0.8496694627764778,-0.3033286073632002,8,8,36504,2000,2000,0,2000
Qcells,Alice2018Test,Original,12,power-active,72,Original A,Last-value,0.5743057111035694,0.6817066340855722,-0.10740092298200277,-0.27346589874156146,0.09573646261904346,0.15754712894362288,-0.13599972136161034,0.40614280322860785,8,8,36504,2000,2000,0,2000
Qcells,Alice2018Test,Original,12,power-active,72,Expanded A,Daily,0.5743057111035694,0.40885240760501074,0.1654533034985587,0.11200772551545551,0.21593297297565686,-0.40467733690931795,-0.8496694627764778,-0.3033286073632002,8,8,36504,2000,2000,0,2000
Qcells,Alice2018Test,Original,12,power-active,72,Expanded A,Last-value,0.5743057111035694,0.6817066340855722,-0.10740092298200277,-0.27346589874156146,0.09573646261904346,0.15754712894362288,-0.13599972136161034,0.40614280322860785,8,8,36504,2000,2000,0,2000
Qcells,Alice2018Test,Original,12,power-active,72,Original B,Daily,0.3820926395515632,0.40885240760501074,-0.02675976805344754,-0.10091618530325137,0.06747767890796885,0.0654509244795739,-0.2963728800765152,0.16848570791203835,8,8,36504,2000,2000,0,2000
Qcells,Alice2018Test,Original,12,power-active,72,Original B,Last-value,0.3820926395515632,0.6817066340855722,-0.299613994534009,-0.3951123105016043,-0.1940755569554061,0.4395057632612088,0.274925892990826,0.5914080621371091,8,8,36504,2000,2000,0,2000
Qcells,Alice2018Test,Original,12,power-active,72,Expanded B,Daily,0.38555252592010336,0.40885240760501074,-0.023299881684907375,-0.05937710099372827,0.03280649038195704,0.05698849083803659,-0.14388117984025967,0.10577867700811301,8,8,36504,2000,2000,0,2000
Qcells,Alice2018Test,Original,12,power-active,72,Expanded B,Last-value,0.38555252592010336,0.6817066340855722,-0.29615410816546883,-0.41200438527456873,-0.16030085535878147,0.4344304329130141,0.22588645029526674,0.6206851649829315,8,8,36504,2000,2000,0,2000
Qcells,Alice2018Test,Original,12,power-active,72,Inverted42,Daily,0.42778142380856293,0.40885240760501074,0.018929016203552196,-0.0655394672524127,0.11607245581419647,-0.04629792035330116,-0.5107334127091098,0.10803594385711926,8,8,36504,2000,2000,0,2000
Qcells,Alice2018Test,Original,12,power-active,72,Inverted42,Last-value,0.42778142380856293,0.6817066340855722,-0.25392521027700926,-0.3116665535171594,-0.17282698250822967,0.3724845814616716,0.2439218966106017,0.47158547489959596,8,8,36504,2000,2000,0,2000
Qcells,Alice2018Test,Original,12,power-active,72,Inverted43,Daily,0.4750625605679359,0.40885240760501074,0.06621015296292515,-0.05126417495979347,0.190252517776194,-0.16194145303135965,-0.8155834655322898,0.08507664791601023,8,8,36504,2000,2000,0,2000
Qcells,Alice2018Test,Original,12,power-active,72,Inverted43,Last-value,0.4750625605679359,0.6817066340855722,-0.2066440735176363,-0.23957951091635551,-0.15857921580280088,0.3031275671753211,0.223472904508404,0.3619429070149733,8,8,36504,2000,2000,0,2000
Qcells,Alice2018Test,Original,12,power-active,72,Inverted44,Daily,0.4666811984184929,0.40885240760501074,0.05782879081348219,-0.06285830527786607,0.182238281718182,-0.14144172747381778,-0.7930245128985508,0.1049183516442389,8,8,36504,2000,2000,0,2000
Qcells,Alice2018Test,Original,12,power-active,72,Inverted44,Last-value,0.4666811984184929,0.6817066340855722,-0.21502543566707927,-0.2459445877718926,-0.16995636013325752,0.31542224311123235,0.23938856895066227,0.37297308519312106,8,8,36504,2000,2000,0,2000
Qcells,Alice2018Test,Original,12,power-active,72,Inverted mean,Daily,0.45650839426499723,0.40885240760501074,0.047655986659986514,-0.05994137732800648,0.16262153881673352,-0.11656036695282619,-0.7085523879091727,0.09881412595165573,8,8,36504,2000,2000,0,2000
Qcells,Alice2018Test,Original,12,power-active,72,Inverted mean,Last-value,0.45650839426499723,0.6817066340855722,-0.22519823982057496,-0.2653077072041133,-0.1672893542353313,0.33034479724940835,0.23547632480525835,0.4014899920195104,8,8,36504,2000,2000,0,2000
Qcells,Alice2018Test,Original,12,power-active,72,Inverted mean,Original B,0.45650839426499723,0.3820926395515632,0.07441575471343405,0.02506999478609222,0.13515508260800965,-0.1947584093762468,-0.49456693420189035,-0.04992995903005799,8,8,36504,2000,2000,0,2000
Qcells,Alice2018Test,Original,12,power-active,72,Inverted mean,Expanded B,0.45650839426499723,0.38555252592010336,0.07095586834489388,-0.009615284092574212,0.1546704189192795,-0.18403683953453806,-0.609015440791404,0.01759633641736757,8,8,36504,2000,2000,0,2000
Qcells,Alice2018Test,Original,12,power-active,72,Expanded B,Original B,0.38555252592010336,0.3820926395515632,0.003459886368540166,-0.03850199412868712,0.04168010907783621,-0.009055098189278965,-0.08307206548715784,0.12336413898968615,8,8,36504,2000,2000,0,2000
Qcells,Alice2018Test,Original,12,power-active,72,Expanded B,Expanded A,0.38555252592010336,0.5743057111035694,-0.18875318518346607,-0.2563806750557493,-0.1320952290103789,0.3286632564053096,0.3075111064906005,0.3884363684983061,8,8,36504,2000,2000,0,2000
Qcells,Alice2018Test,Original,12,low-power,24,Original A,Daily,0.06772251894979518,0.0008042324083558802,0.0669182865414393,0.05739723041217974,0.07779806072896145,-83.20764724993194,-106.29238483933813,-64.54610689037321,24,24,41026,2000,2000,0,2000
Qcells,Alice2018Test,Original,12,low-power,24,Original A,Last-value,0.06772251894979518,0.0732399001222073,-0.005517381172412114,-0.014052369295625998,0.00832674946397422,0.07533299694846485,-0.11893323842733763,0.17596397733699817,24,24,41026,2000,2000,0,2000
Qcells,Alice2018Test,Original,12,low-power,24,Expanded A,Daily,0.06772251894979518,0.0008042324083558802,0.0669182865414393,0.05739723041217974,0.07779806072896145,-83.20764724993194,-106.29238483933813,-64.54610689037321,24,24,41026,2000,2000,0,2000
Qcells,Alice2018Test,Original,12,low-power,24,Expanded A,Last-value,0.06772251894979518,0.0732399001222073,-0.005517381172412114,-0.014052369295625998,0.00832674946397422,0.07533299694846485,-0.11893323842733763,0.17596397733699817,24,24,41026,2000,2000,0,2000
Qcells,Alice2018Test,Original,12,low-power,24,Original B,Daily,0.03937059793432593,0.0008042324083558802,0.03856636552597005,0.03607670377472949,0.04125540123149364,-47.95425442355971,-59.468219167907755,-38.97269621616248,24,24,41026,2000,2000,0,2000
Qcells,Alice2018Test,Original,12,low-power,24,Original B,Last-value,0.03937059793432593,0.0732399001222073,-0.03386930218788137,-0.041423339055258496,-0.025486448193690527,0.4624433147965442,0.4024154391608024,0.5025260417016176,24,24,41026,2000,2000,0,2000
Qcells,Alice2018Test,Original,12,low-power,24,Expanded B,Daily,0.06792676555145787,0.0008042324083558802,0.06712253314310199,0.06294382904909981,0.07148407397500692,-83.46161189937978,-102.64754295447186,-68.45648117160333,24,24,41026,2000,2000,0,2000
Qcells,Alice2018Test,Original,12,low-power,24,Expanded B,Last-value,0.06792676555145787,0.0732399001222073,-0.005313134570749431,-0.011920090116976182,0.0021350739576673143,0.07254426292067562,-0.03371367176869699,0.14406936164528714,24,24,41026,2000,2000,0,2000
Qcells,Alice2018Test,Original,12,low-power,24,Inverted42,Daily,0.09630701589001833,0.0008042324083558802,0.09550278348166245,0.09190848260214071,0.0994064571004991,-118.75023001982979,-147.71008350549494,-98.38292099593241,24,24,41026,2000,2000,0,2000
Qcells,Alice2018Test,Original,12,low-power,24,Inverted42,Last-value,0.09630701589001833,0.0732399001222073,0.023067115767811036,0.01349266923486286,0.034140445169339825,-0.3149528566986233,-0.5413843208138499,-0.16521344571695185,24,24,41026,2000,2000,0,2000
Qcells,Alice2018Test,Original,12,low-power,24,Inverted43,Daily,0.17284435617333596,0.0008042324083558802,0.17204012376498007,0.16754148711672928,0.1770345123062855,-213.91841708628428,-267.73862071637785,-178.07300944939433,24,24,41026,2000,2000,0,2000
Qcells,Alice2018Test,Original,12,low-power,24,Inverted43,Last-value,0.17284435617333596,0.0732399001222073,0.09960445605112866,0.08939288985805884,0.11093337405087879,-1.3599753124311986,-1.7469515597510974,-1.088229028775755,24,24,41026,2000,2000,0,2000
Qcells,Alice2018Test,Original,12,low-power,24,Inverted44,Daily,0.11484991289643441,0.0008042324083558802,0.11404568048807853,0.10677714096754502,0.12327661520404408,-141.80686988382627,-178.26152343615686,-115.88775575115692,24,24,41026,2000,2000,0,2000
Qcells,Alice2018Test,Original,12,low-power,24,Inverted44,Last-value,0.11484991289643441,0.0732399001222073,0.041610012774227115,0.02960987434790707,0.05641625175665952,-0.5681331173963522,-0.872837186106304,-0.3612659863659552,24,24,41026,2000,2000,0,2000
Qcells,Alice2018Test,Original,12,low-power,24,Inverted mean,Daily,0.12800042831992955,0.0008042324083558802,0.1271961959115737,0.12244577637630623,0.13290686622134135,-158.15850566331343,-197.6088649477575,-131.00612677678527,24,24,41026,2000,2000,0,2000
Qcells,Alice2018Test,Original,12,low-power,24,Inverted mean,Last-value,0.12800042831992955,0.0732399001222073,0.05476052819772228,0.04430649746555093,0.06677619777435641,-0.7476870955087248,-1.0579390578813421,-0.539368661916555,24,24,41026,2000,2000,0,2000
Qcells,Alice2018Test,Original,12,low-power,24,Inverted mean,Original B,0.12800042831992955,0.03937059793432593,0.08862983038560364,0.08387646930697329,0.09462526123621516,-2.25116800444451,-2.4970495117317353,-2.037986541647152,24,24,41026,2000,2000,0,2000
Qcells,Alice2018Test,Original,12,low-power,24,Inverted mean,Expanded B,0.12800042831992955,0.06792676555145787,0.0600736627684717,0.05418372635042141,0.0667797029999651,-0.8843886836178435,-1.0259532516501053,-0.7587355983155797,24,24,41026,2000,2000,0,2000
Qcells,Alice2018Test,Original,12,low-power,24,Expanded B,Original B,0.06792676555145787,0.03937059793432593,0.028556167617131936,0.02660946619991468,0.030501415637758704,-0.725317092332874,-0.7604100957743003,-0.6920759593040604,24,24,41026,2000,2000,0,2000
Qcells,Alice2018Test,Original,12,low-power,24,Expanded B,Expanded A,0.06792676555145787,0.06772251894979518,0.00020424660166268316,-0.009881352154906993,0.008108817869910452,-0.0030159333236570163,-0.13574316315281548,0.12659286588921573,24,24,41026,2000,2000,0,2000
Qcells,Alice2018Test,Original,12,low-power,48,Original A,Daily,0.06772251894979518,0.0008042324083558804,0.0669182865414393,0.055928770398166155,0.07755207595182186,-83.20764724993194,-102.94798902054593,-66.48897549031636,12,12,41026,2000,2000,0,2000
Qcells,Alice2018Test,Original,12,low-power,48,Original A,Last-value,0.06772251894979518,0.07323990012220728,-0.0055173811724121,-0.01486154918563373,0.008970272670603862,0.07533299694846474,-0.14284645322543743,0.17884602790319146,12,12,41026,2000,2000,0,2000
Qcells,Alice2018Test,Original,12,low-power,48,Expanded A,Daily,0.06772251894979518,0.0008042324083558804,0.0669182865414393,0.055928770398166155,0.07755207595182186,-83.20764724993194,-102.94798902054593,-66.48897549031636,12,12,41026,2000,2000,0,2000
Qcells,Alice2018Test,Original,12,low-power,48,Expanded A,Last-value,0.06772251894979518,0.07323990012220728,-0.0055173811724121,-0.01486154918563373,0.008970272670603862,0.07533299694846474,-0.14284645322543743,0.17884602790319146,12,12,41026,2000,2000,0,2000
Qcells,Alice2018Test,Original,12,low-power,48,Original B,Daily,0.03937059793432592,0.0008042324083558804,0.038566365525970044,0.03512966121820241,0.04201797196990856,-47.954254423559696,-60.38031899725738,-38.99765369542862,12,12,41026,2000,2000,0,2000
Qcells,Alice2018Test,Original,12,low-power,48,Original B,Last-value,0.03937059793432592,0.07323990012220728,-0.03386930218788136,-0.04390694414760664,-0.02301647158734584,0.4624433147965442,0.3809835075276547,0.511201676314846,12,12,41026,2000,2000,0,2000
Qcells,Alice2018Test,Original,12,low-power,48,Expanded B,Daily,0.06792676555145787,0.0008042324083558804,0.06712253314310199,0.06180375157482261,0.07266143391997158,-83.46161189937976,-104.5193975542218,-68.55109671285143,12,12,41026,2000,2000,0,2000
Qcells,Alice2018Test,Original,12,low-power,48,Expanded B,Last-value,0.06792676555145787,0.07323990012220728,-0.005313134570749417,-0.013534421373308432,0.004121053267472525,0.0725442629206755,-0.06731769489088177,0.15803271075094866,12,12,41026,2000,2000,0,2000
Qcells,Alice2018Test,Original,12,low-power,48,Inverted42,Daily,0.09630701589001833,0.0008042324083558804,0.09550278348166245,0.09131448118915593,0.1001271867234028,-118.75023001982976,-146.80163379033527,-102.4862251514526,12,12,41026,2000,2000,0,2000
Qcells,Alice2018Test,Original,12,low-power,48,Inverted42,Last-value,0.09630701589001833,0.07323990012220728,0.02306711576781105,0.01054558910646712,0.03702836583206598,-0.3149528566986235,-0.6180230863139774,-0.12350589578101652,12,12,41026,2000,2000,0,2000
Qcells,Alice2018Test,Original,12,low-power,48,Inverted43,Daily,0.17284435617333596,0.0008042324083558804,0.17204012376498007,0.1685509356280087,0.17598881865444807,-213.91841708628425,-264.8482985359565,-183.28008484980185,12,12,41026,2000,2000,0,2000
Qcells,Alice2018Test,Original,12,low-power,48,Inverted43,Last-value,0.17284435617333596,0.07323990012220728,0.09960445605112868,0.08720922494142949,0.11242716091414617,-1.359975312431199,-1.8689947516170282,-1.0137051155373635,12,12,41026,2000,2000,0,2000
Qcells,Alice2018Test,Original,12,low-power,48,Inverted44,Daily,0.11484991289643441,0.0008042324083558804,0.11404568048807853,0.10572292972039316,0.12379030546682311,-141.80686988382624,-175.5638189534726,-121.17945071678685,12,12,41026,2000,2000,0,2000
Qcells,Alice2018Test,Original,12,low-power,48,Inverted44,Last-value,0.11484991289643441,0.07323990012220728,0.04161001277422713,0.025692846707868765,0.0596949460152073,-0.5681331173963526,-0.9765666007192895,-0.3050683075294778,12,12,41026,2000,2000,0,2000
Qcells,Alice2018Test,Original,12,low-power,48,Inverted mean,Daily,0.12800042831992955,0.0008042324083558804,0.1271961959115737,0.12225822189343453,0.13299400473038298,-158.15850566331343,-195.56942093826387,-136.35693447430774,12,12,41026,2000,2000,0,2000
Qcells,Alice2018Test,Original,12,low-power,48,Inverted mean,Last-value,0.12800042831992955,0.07323990012220728,0.054760528197722286,0.041710367681611536,0.06964093479727024,-0.747687095508725,-1.1525701804972859,-0.48569909576641096,12,12,41026,2000,2000,0,2000
Qcells,Alice2018Test,Original,12,low-power,48,Inverted mean,Original B,0.12800042831992955,0.03937059793432592,0.08862983038560364,0.08410916358255628,0.09442731898307455,-2.2511680044445104,-2.539933352041688,-2.0046552561887667,12,12,41026,2000,2000,0,2000
Qcells,Alice2018Test,Original,12,low-power,48,Inverted mean,Expanded B,0.12800042831992955,0.06792676555145787,0.0600736627684717,0.054091672616244965,0.0667898786405304,-0.8843886836178435,-1.0416280295807496,-0.7484383253375451,12,12,41026,2000,2000,0,2000
Qcells,Alice2018Test,Original,12,low-power,48,Expanded B,Original B,0.06792676555145787,0.03937059793432592,0.028556167617131943,0.02632606168795702,0.030761341208900807,-0.7253170923328742,-0.7625982539246587,-0.689931406245095,12,12,41026,2000,2000,0,2000
Qcells,Alice2018Test,Original,12,low-power,48,Expanded B,Expanded A,0.06792676555145787,0.06772251894979518,0.00020424660166268316,-0.008716543950989478,0.008319779243831217,-0.0030159333236570163,-0.14083966653656088,0.11192809666537588,12,12,41026,2000,2000,0,2000
Qcells,Alice2018Test,Original,12,low-power,72,Original A,Daily,0.06772251894979517,0.0008042324083558804,0.06691828654143929,0.05393657674154289,0.0789631628572353,-83.20764724993191,-101.75659524260473,-65.40506713105155,8,8,41026,2000,2000,0,2000
Qcells,Alice2018Test,Original,12,low-power,72,Original A,Last-value,0.06772251894979517,0.07323990012220728,-0.005517381172412114,-0.01705224452401482,0.010126983146024065,0.07533299694846485,-0.15537302418996002,0.19222921128008452,8,8,41026,2000,2000,0,2000
Qcells,Alice2018Test,Original,12,low-power,72,Expanded A,Daily,0.06772251894979517,0.0008042324083558804,0.06691828654143929,0.05393657674154289,0.0789631628572353,-83.20764724993191,-101.75659524260473,-65.40506713105155,8,8,41026,2000,2000,0,2000
Qcells,Alice2018Test,Original,12,low-power,72,Expanded A,Last-value,0.06772251894979517,0.07323990012220728,-0.005517381172412114,-0.01705224452401482,0.010126983146024065,0.07533299694846485,-0.15537302418996002,0.19222921128008452,8,8,41026,2000,2000,0,2000
Qcells,Alice2018Test,Original,12,low-power,72,Original B,Daily,0.03937059793432593,0.0008042324083558804,0.03856636552597005,0.03506279537406889,0.042978539091227924,-47.9542544235597,-56.95340407820048,-40.21536603698772,8,8,41026,2000,2000,0,2000
Qcells,Alice2018Test,Original,12,low-power,72,Original B,Last-value,0.03937059793432593,0.07323990012220728,-0.03386930218788135,-0.046551589520958635,-0.021766866405718163,0.4624433147965441,0.3711279325710557,0.5181942919920842,8,8,41026,2000,2000,0,2000
Qcells,Alice2018Test,Original,12,low-power,72,Expanded B,Daily,0.06792676555145787,0.0008042324083558804,0.06712253314310199,0.0610076633054732,0.07426132051423534,-83.46161189937976,-98.15827903505627,-69.94921207976913,8,8,41026,2000,2000,0,2000
Qcells,Alice2018Test,Original,12,low-power,72,Expanded B,Last-value,0.06792676555145787,0.07323990012220728,-0.005313134570749417,-0.015559120517533429,0.0053618604845848605,0.0725442629206755,-0.09241042981902547,0.17446756594632484,8,8,41026,2000,2000,0,2000
Qcells,Alice2018Test,Original,12,low-power,72,Inverted42,Daily,0.09630701589001833,0.0008042324083558804,0.09550278348166245,0.09160491054875507,0.09940515318165323,-118.75023001982976,-139.07722803133436,-106.35855576228218,8,8,41026,2000,2000,0,2000
Qcells,Alice2018Test,Original,12,low-power,72,Inverted42,Last-value,0.09630701589001833,0.07323990012220728,0.02306711576781105,0.007254859151654386,0.038192596146740525,-0.3149528566986235,-0.651380391916086,-0.08073026636462674,8,8,41026,2000,2000,0,2000
Qcells,Alice2018Test,Original,12,low-power,72,Inverted43,Daily,0.17284435617333596,0.0008042324083558804,0.17204012376498007,0.16992839282399422,0.17451239810689728,-213.91841708628425,-251.71273923106907,-189.35593571122988,8,8,41026,2000,2000,0,2000
Qcells,Alice2018Test,Original,12,low-power,72,Inverted43,Last-value,0.17284435617333596,0.07323990012220728,0.09960445605112868,0.08420522161755714,0.11363369988256311,-1.359975312431199,-1.9562330492061761,-0.9345604518207966,8,8,41026,2000,2000,0,2000
Qcells,Alice2018Test,Original,12,low-power,72,Inverted44,Daily,0.11484991289643441,0.0008042324083558804,0.11404568048807853,0.10674456142293608,0.12356033981901332,-141.80686988382624,-163.92267398802304,-126.96263001950145,8,8,41026,2000,2000,0,2000
Qcells,Alice2018Test,Original,12,low-power,72,Inverted44,Last-value,0.11484991289643441,0.07323990012220728,0.04161001277422713,0.023364868181558838,0.06092606692728378,-0.5681331173963526,-1.0266312905996158,-0.26221263528224414,8,8,41026,2000,2000,0,2000
Qcells,Alice2018Test,Original,12,low-power,72,Inverted mean,Daily,0.12800042831992955,0.0008042324083558804,0.1271961959115737,0.1228989429717475,0.13225498279527823,-158.15850566331343,-184.4767059898363,-141.30427803727687,8,8,41026,2000,2000,0,2000
Qcells,Alice2018Test,Original,12,low-power,72,Inverted mean,Last-value,0.12800042831992955,0.07323990012220728,0.054760528197722286,0.038091108878810044,0.07073690661630228,-0.747687095508725,-1.2007977059164592,-0.4254957655057021,8,8,41026,2000,2000,0,2000
Qcells,Alice2018Test,Original,12,low-power,72,Inverted mean,Original B,0.12800042831992955,0.03937059793432593,0.08862983038560364,0.08388850201874849,0.09427174502240741,-2.25116800444451,-2.546397163962609,-1.945566350764087,8,8,41026,2000,2000,0,2000
Qcells,Alice2018Test,Original,12,low-power,72,Inverted mean,Expanded B,0.12800042831992955,0.06792676555145787,0.0600736627684717,0.053165891885268636,0.06712395394354799,-0.8843886836178435,-1.0673576979125687,-0.7164741165424492,8,8,41026,2000,2000,0,2000
Qcells,Alice2018Test,Original,12,low-power,72,Expanded B,Original B,0.06792676555145787,0.03937059793432593,0.028556167617131936,0.025875802926490256,0.031283330010601004,-0.725317092332874,-0.75188448679408,-0.6998207991280903,8,8,41026,2000,2000,0,2000
Qcells,Alice2018Test,Original,12,low-power,72,Expanded B,Expanded A,0.06792676555145787,0.06772251894979517,0.00020424660166269704,-0.009131541273076554,0.008896921141996854,-0.0030159333236572383,-0.15717978925493184,0.11742516931262863,8,8,41026,2000,2000,0,2000
Qcells,Alice2018Test,S1,12,full,24,Original A,Daily,0.39844429050184466,0.27518771643538803,0.12325657406645663,-0.02971660489644438,0.24677512999425813,-0.4478999850104004,-0.9154019762003686,0.09211204294205279,24,24,80692,2000,2000,0,2000
Qcells,Alice2018Test,S1,12,full,24,Original A,Last-value,0.39844429050184466,0.4710002703904555,-0.07255597988861084,-0.17754741873571334,0.06767783953383133,0.1540465779955127,-0.1391482442459962,0.3824867305727784,24,24,80692,2000,2000,0,2000
Qcells,Alice2018Test,S1,12,full,24,Expanded A,Daily,0.39844429050184466,0.27518771643538803,0.12325657406645663,-0.02971660489644438,0.24677512999425813,-0.4478999850104004,-0.9154019762003686,0.09211204294205279,24,24,80692,2000,2000,0,2000
Qcells,Alice2018Test,S1,12,full,24,Expanded A,Last-value,0.39844429050184466,0.4710002703904555,-0.07255597988861084,-0.17754741873571334,0.06767783953383133,0.1540465779955127,-0.1391482442459962,0.3824867305727784,24,24,80692,2000,2000,0,2000
Qcells,Alice2018Test,S1,12,full,24,Original B,Daily,0.26167974324815946,0.27518771643538803,-0.013507973187228572,-0.10870419952022944,0.04907061766202636,0.04908639586898178,-0.27562618914240317,0.3201350094581086,24,24,80692,2000,2000,0,2000
Qcells,Alice2018Test,S1,12,full,24,Original B,Last-value,0.26167974324815946,0.4710002703904555,-0.20932052714229604,-0.26313329200114755,-0.14018841644332763,0.44441699994942885,0.28799134366304663,0.5701846478422405,24,24,80692,2000,2000,0,2000
Qcells,Alice2018Test,S1,12,full,24,Expanded B,Daily,0.27714073528035005,0.27518771643538803,0.0019530188449620178,-0.0987470151618888,0.06808068587184544,-0.007097042230882256,-0.28982210387948176,0.2975433735276062,24,24,80692,2000,2000,0,2000
Qcells,Alice2018Test,S1,12,full,24,Expanded B,Last-value,0.27714073528035005,0.4710002703904555,-0.19385953511010545,-0.2585563293431203,-0.10852479716688442,0.41159113337535336,0.22060390631707372,0.5626352315421098,24,24,80692,2000,2000,0,2000
Qcells,Alice2018Test,S1,12,full,24,Inverted42,Daily,0.3036285229564874,0.27518771643538803,0.02844080652109937,-0.06152240934457415,0.09641721230288958,-0.1033505669857071,-0.5978464173122126,0.18005579631228436,24,24,80692,2000,2000,0,2000
Qcells,Alice2018Test,S1,12,full,24,Inverted42,Last-value,0.3036285229564874,0.4710002703904555,-0.1673717474339681,-0.20184429284260114,-0.11601904660761463,0.35535382452162556,0.23919848689898657,0.43985751703362613,24,24,80692,2000,2000,0,2000
Qcells,Alice2018Test,S1,12,full,24,Inverted43,Daily,0.35161126249306923,0.27518771643538803,0.0764235460576812,-0.005095025948244112,0.15958477598227824,-0.27771423465997924,-0.9880790572980197,0.013377810002754394,24,24,80692,2000,2000,0,2000
Qcells,Alice2018Test,S1,12,full,24,Inverted43,Last-value,0.35161126249306923,0.4710002703904555,-0.11938900789738627,-0.13867239372464715,-0.09139837026018303,0.2534797013989264,0.18644548972740926,0.30003949711182787,24,24,80692,2000,2000,0,2000
Qcells,Alice2018Test,S1,12,full,24,Inverted44,Daily,0.33170809818379227,0.27518771643538803,0.056520381748404236,-0.02593122090613603,0.13989766230097728,-0.20538846166730984,-0.8725772699955129,0.0695454128483112,24,24,80692,2000,2000,0,2000
Qcells,Alice2018Test,S1,12,full,24,Inverted44,Last-value,0.33170809818379227,0.4710002703904555,-0.13929217220666323,-0.1591575140414888,-0.10949755110344683,0.29573692620429093,0.22523597179339935,0.34447765773200323,24,24,80692,2000,2000,0,2000
Qcells,Alice2018Test,S1,12,full,24,Inverted mean,Daily,0.328982627877783,0.27518771643538803,0.053794911442394934,-0.027123263531947606,0.13187747002995653,-0.19548442110433206,-0.8194982747154502,0.07974715023013658,24,24,80692,2000,2000,0,2000
Qcells,Alice2018Test,S1,12,full,24,Inverted mean,Last-value,0.328982627877783,0.4710002703904555,-0.14201764251267254,-0.1662626699146817,-0.10581678332745274,0.3015234840416143,0.2165228950037428,0.3604361715625979,24,24,80692,2000,2000,0,2000
Qcells,Alice2018Test,S1,12,full,24,Inverted mean,Original B,0.328982627877783,0.26167974324815946,0.06730288462962351,0.03411718748690913,0.0995973718519048,-0.2571956231468708,-0.49980038212631017,-0.0971035757696486,24,24,80692,2000,2000,0,2000
Qcells,Alice2018Test,S1,12,full,24,Inverted mean,Expanded B,0.328982627877783,0.27714073528035005,0.051841892597432916,0.0010698874984324646,0.09563990018027563,-0.1870598075197812,-0.4728716833689578,-0.00268162945220578,24,24,80692,2000,2000,0,2000
Qcells,Alice2018Test,S1,12,full,24,Expanded B,Original B,0.27714073528035005,0.26167974324815946,0.01546099203219059,-0.004295606347765114,0.03543674852736335,-0.05908364109608755,-0.10252912062034175,0.019203081369828734,24,24,80692,2000,2000,0,2000
Qcells,Alice2018Test,S1,12,full,24,Expanded B,Expanded A,0.27714073528035005,0.39844429050184466,-0.12130355522149461,-0.18329044697909755,-0.0660970545239752,0.3044429500262421,0.2267187381328889,0.33337086594624266,24,24,80692,2000,2000,0,2000
Qcells,Alice2018Test,S1,12,full,48,Original A,Daily,0.39844429050184466,0.27518771643538803,0.12325657406645663,0.09358115321136118,0.15474861922975855,-0.4478999850104004,-1.0142477482395997,-0.3229876757620734,12,12,80692,2000,2000,0,2000
Qcells,Alice2018Test,S1,12,full,48,Original A,Last-value,0.39844429050184466,0.4710002703904554,-0.07255597988861073,-0.1793732746739767,0.061527527591522906,0.15404657799551247,-0.1269106111131214,0.38404067699947825,12,12,80692,2000,2000,0,2000
Qcells,Alice2018Test,S1,12,full,48,Expanded A,Daily,0.39844429050184466,0.27518771643538803,0.12325657406645663,0.09358115321136118,0.15474861922975855,-0.4478999850104004,-1.0142477482395997,-0.3229876757620734,12,12,80692,2000,2000,0,2000
Qcells,Alice2018Test,S1,12,full,48,Expanded A,Last-value,0.39844429050184466,0.4710002703904554,-0.07255597988861073,-0.1793732746739767,0.061527527591522906,0.15404657799551247,-0.1269106111131214,0.38404067699947825,12,12,80692,2000,2000,0,2000
Qcells,Alice2018Test,S1,12,full,48,Original B,Daily,0.2616797432481595,0.27518771643538803,-0.013507973187228517,-0.0671906362778851,0.05623685871247762,0.04908639586898167,-0.37230630525126696,0.16118138917432587,12,12,80692,2000,2000,0,2000
Qcells,Alice2018Test,S1,12,full,48,Original B,Last-value,0.2616797432481595,0.4710002703904554,-0.20932052714229588,-0.2675663071771064,-0.14082081016640655,0.4444169999494286,0.28770741279767303,0.5809906246996054,12,12,80692,2000,2000,0,2000
Qcells,Alice2018Test,S1,12,full,48,Expanded B,Daily,0.27714073528035005,0.27518771643538803,0.0019530188449620178,-0.03128314822182152,0.053523706399117695,-0.007097042230882256,-0.3548127237380815,0.07444304182246093,12,12,80692,2000,2000,0,2000
Qcells,Alice2018Test,S1,12,full,48,Expanded B,Last-value,0.27714073528035005,0.4710002703904554,-0.19385953511010534,-0.2615742406154032,-0.10735805703364833,0.41159113337535325,0.22012728606337895,0.5695261151533879,12,12,80692,2000,2000,0,2000
Qcells,Alice2018Test,S1,12,full,48,Inverted42,Daily,0.3036285229564874,0.27518771643538803,0.02844080652109937,-0.03849217086806231,0.10702433575534442,-0.1033505669857071,-0.7073303429626906,0.09331038939007429,12,12,80692,2000,2000,0,2000
Qcells,Alice2018Test,S1,12,full,48,Inverted42,Last-value,0.3036285229564874,0.4710002703904554,-0.167371747433968,-0.20402820082971423,-0.11628279793383275,0.35535382452162534,0.23738649553809885,0.44530800225449,12,12,80692,2000,2000,0,2000
Qcells,Alice2018Test,S1,12,full,48,Inverted43,Daily,0.3516112624930691,0.27518771643538803,0.07642354605768109,-0.011537625607377346,0.16912328957983913,-0.277714234659979,-1.1330706174566985,0.027929367515029495,12,12,80692,2000,2000,0,2000
Qcells,Alice2018Test,S1,12,full,48,Inverted43,Last-value,0.3516112624930691,0.4710002703904554,-0.11938900789738627,-0.14087659700354482,-0.08929330209639778,0.2534797013989265,0.18249197216746033,0.30616492992870054,12,12,80692,2000,2000,0,2000
Qcells,Alice2018Test,S1,12,full,48,Inverted44,Daily,0.3317080981837922,0.27518771643538803,0.05652038174840418,-0.03210355974561409,0.14910512485608543,-0.20538846166730962,-0.9991424977086555,0.07685764793386178,12,12,80692,2000,2000,0,2000
Qcells,Alice2018Test,S1,12,full,48,Inverted44,Last-value,0.3317080981837922,0.4710002703904554,-0.13929217220666318,-0.16092561424193969,-0.10918794571284225,0.29573692620429093,0.22310753773860328,0.3489163390564327,12,12,80692,2000,2000,0,2000
Qcells,Alice2018Test,S1,12,full,48,Inverted mean,Daily,0.32898262787778293,0.27518771643538803,0.05379491144239488,-0.027300262371833455,0.14174801669020434,-0.19548442110433192,-0.9506506746688482,0.06617169925797023,12,12,80692,2000,2000,0,2000
Qcells,Alice2018Test,S1,12,full,48,Inverted mean,Last-value,0.32898262787778293,0.4710002703904554,-0.1420176425126725,-0.16811182873626648,-0.10513837423293868,0.3015234840416143,0.21457442188101916,0.36633895028100155,12,12,80692,2000,2000,0,2000
Qcells,Alice2018Test,S1,12,full,48,Inverted mean,Original B,0.32898262787778293,0.2616797432481595,0.0673028846296234,0.034488175569296564,0.10382401346242168,-0.2571956231468702,-0.533177352908106,-0.09907481157228408,12,12,80692,2000,2000,0,2000
Qcells,Alice2018Test,S1,12,full,48,Inverted mean,Expanded B,0.32898262787778293,0.27714073528035005,0.05184189259743286,0.0003443284671552319,0.0990036644688613,-0.187059807519781,-0.4940719450364514,-0.000911281518415769,12,12,80692,2000,2000,0,2000
Qcells,Alice2018Test,S1,12,full,48,Expanded B,Original B,0.27714073528035005,0.2616797432481595,0.015460992032190535,-0.00648964759885581,0.03716382848630891,-0.059083641096087325,-0.10801644549815194,0.02970525051461838,12,12,80692,2000,2000,0,2000
Qcells,Alice2018Test,S1,12,full,48,Expanded B,Expanded A,0.27714073528035005,0.39844429050184466,-0.12130355522149461,-0.16945671556411745,-0.0806246373832376,0.3044429500262421,0.27525739985991027,0.33093543084309174,12,12,80692,2000,2000,0,2000
Qcells,Alice2018Test,S1,12,full,72,Original A,Daily,0.39844429050184466,0.27518771643538803,0.12325657406645663,0.08867001411359877,0.1568594704286642,-0.4478999850104004,-0.937041059211912,-0.3377423772629068,8,8,80692,2000,2000,0,2000
Qcells,Alice2018Test,S1,12,full,72,Original A,Last-value,0.39844429050184466,0.47100027039045533,-0.07255597988861068,-0.18373785351278235,0.06586942673926094,0.15404657799551236,-0.1353647510158278,0.3936836777158969,8,8,80692,2000,2000,0,2000
Qcells,Alice2018Test,S1,12,full,72,Expanded A,Daily,0.39844429050184466,0.27518771643538803,0.12325657406645663,0.08867001411359877,0.1568594704286642,-0.4478999850104004,-0.937041059211912,-0.3377423772629068,8,8,80692,2000,2000,0,2000
Qcells,Alice2018Test,S1,12,full,72,Expanded A,Last-value,0.39844429050184466,0.47100027039045533,-0.07255597988861068,-0.18373785351278235,0.06586942673926094,0.15404657799551236,-0.1353647510158278,0.3936836777158969,8,8,80692,2000,2000,0,2000
Qcells,Alice2018Test,S1,12,full,72,Original B,Daily,0.2616797432481595,0.27518771643538803,-0.013507973187228517,-0.06493364968178064,0.05096434554821941,0.04908639586898167,-0.3316786760644357,0.15889613499526972,8,8,80692,2000,2000,0,2000
Qcells,Alice2018Test,S1,12,full,72,Original B,Last-value,0.2616797432481595,0.47100027039045533,-0.20932052714229582,-0.27232520680523,-0.13747815516432982,0.4444169999494285,0.28255694758010713,0.5897404414719396,8,8,80692,2000,2000,0,2000
Qcells,Alice2018Test,S1,12,full,72,Expanded B,Daily,0.2771407352803501,0.27518771643538803,0.0019530188449620733,-0.02699515317368828,0.04765555784199147,-0.007097042230882478,-0.30553706584611395,0.0663419138063422,8,8,80692,2000,2000,0,2000
Qcells,Alice2018Test,S1,12,full,72,Expanded B,Last-value,0.2771407352803501,0.47100027039045533,-0.19385953511010523,-0.2647471103944105,-0.1054186871353583,0.411591133375353,0.21675267197022896,0.5750825204181202,8,8,80692,2000,2000,0,2000
Qcells,Alice2018Test,S1,12,full,72,Inverted42,Daily,0.3036285229564873,0.27518771643538803,0.02844080652109926,-0.031186034431118583,0.09692099465467703,-0.10335056698570688,-0.6328782523527726,0.07672675349000964,8,8,80692,2000,2000,0,2000
Qcells,Alice2018Test,S1,12,full,72,Inverted42,Last-value,0.3036285229564873,0.47100027039045533,-0.16737174743396804,-0.20424161769709925,-0.11359968331719654,0.35535382452162556,0.2328959511120844,0.44544585875724146,8,8,80692,2000,2000,0,2000
Qcells,Alice2018Test,S1,12,full,72,Inverted43,Daily,0.3516112624930691,0.27518771643538803,0.07642354605768109,-0.006767888006201412,0.16173436013219702,-0.277714234659979,-1.0557442389773501,0.016771741097826073,8,8,80692,2000,2000,0,2000
Qcells,Alice2018Test,S1,12,full,72,Inverted43,Last-value,0.3516112624930691,0.47100027039045533,-0.11938900789738621,-0.14043063761358662,-0.08862959781090464,0.2534797013989264,0.182380629443628,0.3022816514190982,8,8,80692,2000,2000,0,2000
Qcells,Alice2018Test,S1,12,full,72,Inverted44,Daily,0.33170809818379227,0.27518771643538803,0.056520381748404236,-0.025674357868920417,0.1405573669551396,-0.20538846166730984,-0.9179110779564664,0.06283204411460207,8,8,80692,2000,2000,0,2000
Qcells,Alice2018Test,S1,12,full,72,Inverted44,Last-value,0.33170809818379227,0.47100027039045533,-0.13929217220666307,-0.16129381804116466,-0.10761063234738569,0.2957369262042907,0.2200642762327379,0.3504698382007427,8,8,80692,2000,2000,0,2000
Qcells,Alice2018Test,S1,12,full,72,Inverted mean,Daily,0.32898262787778293,0.27518771643538803,0.053794911442394865,-0.02138156600007762,0.13341938259768343,-0.19548442110433192,-0.8688699803935098,0.05240820124132213,8,8,80692,2000,2000,0,2000
Qcells,Alice2018Test,S1,12,full,72,Inverted mean,Last-value,0.32898262787778293,0.47100027039045533,-0.14201764251267243,-0.16852065576940792,-0.10331061281723461,0.3015234840416142,0.21228259351526804,0.3655296136470396,8,8,80692,2000,2000,0,2000
Qcells,Alice2018Test,S1,12,full,72,Inverted mean,Original B,0.32898262787778293,0.2616797432481595,0.06730288462962337,0.03319452406081082,0.1073079243898784,-0.25719562314687017,-0.5696702089472157,-0.09513839277137295,8,8,80692,2000,2000,0,2000
Qcells,Alice2018Test,S1,12,full,72,Inverted mean,Expanded B,0.32898262787778293,0.2771407352803501,0.05184189259743279,0.0005608453750843659,0.10110419652524194,-0.18705980751978069,-0.5162866398946878,-0.0014667123268107263,8,8,80692,2000,2000,0,2000
Qcells,Alice2018Test,S1,12,full,72,Expanded B,Original B,0.2771407352803501,0.2616797432481595,0.01546099203219059,-0.00805906623611866,0.037365024869106894,-0.05908364109608755,-0.11098129209331069,0.03638566246255802,8,8,80692,2000,2000,0,2000
Qcells,Alice2018Test,S1,12,full,72,Expanded B,Expanded A,0.2771407352803501,0.39844429050184466,-0.12130355522149455,-0.17171292745927197,-0.0782796030671159,0.304442950026242,0.2715318523457831,0.3307496245233119,8,8,80692,2000,2000,0,2000
Qcells,Alice2018Test,S1,12,power-active,24,Original A,Daily,0.5726082065511311,0.40327269802022986,0.16933550853090124,-0.05549816033855753,0.34818811789340887,-0.41990323015223474,-0.8761136155579816,0.11902519438314128,24,24,37574,2000,2000,0,2000
Qcells,Alice2018Test,S1,12,power-active,24,Original A,Last-value,0.5726082065511311,0.6773128534002109,-0.10470464684907976,-0.2584966472190609,0.09813330689075556,0.15458830630992304,-0.14048205211973935,0.387863746502329,24,24,37574,2000,2000,0,2000
Qcells,Alice2018Test,S1,12,power-active,24,Expanded A,Daily,0.5726082065511311,0.40327269802022986,0.16933550853090124,-0.05549816033855753,0.34818811789340887,-0.41990323015223474,-0.8761136155579816,0.11902519438314128,24,24,37574,2000,2000,0,2000
Qcells,Alice2018Test,S1,12,power-active,24,Expanded A,Last-value,0.5726082065511311,0.6773128534002109,-0.10470464684907976,-0.2584966472190609,0.09813330689075556,0.15458830630992304,-0.14048205211973935,0.387863746502329,24,24,37574,2000,2000,0,2000
Qcells,Alice2018Test,S1,12,power-active,24,Original B,Daily,0.3785467675651657,0.40327269802022986,-0.02472593045506416,-0.16355740134515195,0.06683877276986872,0.061313177352323,-0.2526125674525499,0.33146227305089443,24,24,37574,2000,2000,0,2000
Qcells,Alice2018Test,S1,12,power-active,24,Original B,Last-value,0.3785467675651657,0.6773128534002109,-0.29876608583504516,-0.37742111248019156,-0.19827068921026708,0.44110499946250115,0.2824329191887407,0.5707845945755515,24,24,37574,2000,2000,0,2000
Qcells,Alice2018Test,S1,12,power-active,24,Expanded B,Daily,0.38864475343370913,0.40327269802022986,-0.014627944586520725,-0.1638962891565539,0.08517659446279854,0.03627308433804988,-0.22721314882641622,0.3402918563341412,24,24,37574,2000,2000,0,2000
Qcells,Alice2018Test,S1,12,power-active,24,Expanded B,Last-value,0.38864475343370913,0.6773128534002109,-0.2886680999665017,-0.3898878812368505,-0.15999051965365446,0.42619610497179417,0.22632195071821581,0.5901303763621618,24,24,37574,2000,2000,0,2000
Qcells,Alice2018Test,S1,12,power-active,24,Inverted42,Daily,0.42587639939501454,0.40327269802022986,0.02260370137478468,-0.1104673108809782,0.12111257346448828,-0.05605066121696822,-0.5045807835522408,0.22330406751158233,24,24,37574,2000,2000,0,2000
Qcells,Alice2018Test,S1,12,power-active,24,Inverted42,Last-value,0.42587639939501454,0.6773128534002109,-0.2514364540051963,-0.3031466887019474,-0.17599152183649747,0.37122646166088247,0.24956459015520827,0.46156135474030807,24,24,37574,2000,2000,0,2000
Qcells,Alice2018Test,S1,12,power-active,24,Inverted43,Daily,0.4742696879257389,0.40327269802022986,0.07099698990550907,-0.0462576010485077,0.18990634984330806,-0.17605206167948317,-0.8018939444426222,0.08466072328627182,24,24,37574,2000,2000,0,2000
Qcells,Alice2018Test,S1,12,power-active,24,Inverted43,Last-value,0.4742696879257389,0.6773128534002109,-0.20304316547447193,-0.23260762774963392,-0.15998356376195239,0.2997775170737794,0.2255162550179017,0.3527163613623581,24,24,37574,2000,2000,0,2000
Qcells,Alice2018Test,S1,12,power-active,24,Inverted44,Daily,0.4642648082218962,0.40327269802022986,0.06099211020166634,-0.0594723451880369,0.18417275750631462,-0.1512428451047949,-0.7769801042419087,0.11010628703036125,24,24,37574,2000,2000,0,2000
Qcells,Alice2018Test,S1,12,power-active,24,Inverted44,Last-value,0.4642648082218962,0.6773128534002109,-0.21304804517831466,-0.2406364096305413,-0.17120028467310663,0.314548947519277,0.24295399239106905,0.36447405561287693,24,24,37574,2000,2000,0,2000
Qcells,Alice2018Test,S1,12,power-active,24,Inverted mean,Daily,0.4548036318475499,0.40327269802022986,0.051530933827320026,-0.0679542057348971,0.16389582675125797,-0.12778185600041544,-0.6924243931808525,0.13856340307041487,24,24,37574,2000,2000,0,2000
Qcells,Alice2018Test,S1,12,power-active,24,Inverted mean,Last-value,0.4548036318475499,0.6773128534002109,-0.22250922155266095,-0.25824688004368884,-0.16992273355180423,0.3285176420846463,0.23888349349951882,0.3920766006477851,24,24,37574,2000,2000,0,2000
Qcells,Alice2018Test,S1,12,power-active,24,Inverted mean,Original B,0.4548036318475499,0.3785467675651657,0.07625686428238419,0.029081146624944224,0.12372643278203026,-0.2014463490809145,-0.43149377633377933,-0.05743696108160128,24,24,37574,2000,2000,0,2000
Qcells,Alice2018Test,S1,12,power-active,24,Inverted mean,Expanded B,0.4548036318475499,0.38864475343370913,0.06615887841384076,-0.010922630884076778,0.1357216944159621,-0.17022969647556407,-0.498472941528931,0.01969400598153991,24,24,37574,2000,2000,0,2000
Qcells,Alice2018Test,S1,12,power-active,24,Expanded B,Original B,0.38864475343370913,0.3785467675651657,0.010097985868543435,-0.023408569313064845,0.043807670352992975,-0.02667566264927923,-0.08389937318013091,0.07572296125018932,24,24,37574,2000,2000,0,2000
Qcells,Alice2018Test,S1,12,power-active,24,Expanded B,Expanded A,0.38864475343370913,0.5726082065511311,-0.18396345311742196,-0.2705770707273444,-0.10592766941679782,0.3212728197268596,0.2565365869191959,0.356065501132855,24,24,37574,2000,2000,0,2000
Qcells,Alice2018Test,S1,12,power-active,48,Original A,Daily,0.572608206551131,0.40327269802022986,0.16933550853090112,0.12501885435092877,0.21496363716370462,-0.4199032301522345,-0.9594845105250082,-0.30279878457807047,12,12,37574,2000,2000,0,2000
Qcells,Alice2018Test,S1,12,power-active,48,Original A,Last-value,0.572608206551131,0.6773128534002106,-0.10470464684907965,-0.26111329123122523,0.08961019849391112,0.15458830630992293,-0.12779826288421903,0.38900698143969653,12,12,37574,2000,2000,0,2000
Qcells,Alice2018Test,S1,12,power-active,48,Expanded A,Daily,0.572608206551131,0.40327269802022986,0.16933550853090112,0.12501885435092877,0.21496363716370462,-0.4199032301522345,-0.9594845105250082,-0.30279878457807047,12,12,37574,2000,2000,0,2000
Qcells,Alice2018Test,S1,12,power-active,48,Expanded A,Last-value,0.572608206551131,0.6773128534002106,-0.10470464684907965,-0.26111329123122523,0.08961019849391112,0.15458830630992293,-0.12779826288421903,0.38900698143969653,12,12,37574,2000,2000,0,2000
Qcells,Alice2018Test,S1,12,power-active,48,Original B,Daily,0.37854676756516575,0.40327269802022986,-0.024725930455064105,-0.10238611876116532,0.07640031761591876,0.06131317735232289,-0.34404060552949434,0.1676940324270648,12,12,37574,2000,2000,0,2000
Qcells,Alice2018Test,S1,12,power-active,48,Original B,Last-value,0.37854676756516575,0.6773128534002106,-0.2987660858350449,-0.38506333277376603,-0.1994507155262154,0.4411049994625009,0.28258198648022814,0.5817939790268338,12,12,37574,2000,2000,0,2000
Qcells,Alice2018Test,S1,12,power-active,48,Expanded B,Daily,0.38864475343370913,0.40327269802022986,-0.014627944586520725,-0.05793646728521732,0.05516047578195317,0.03627308433804988,-0.2463551499830311,0.09739685392811191,12,12,37574,2000,2000,0,2000
Qcells,Alice2018Test,S1,12,power-active,48,Expanded B,Last-value,0.38864475343370913,0.6773128534002106,-0.2886680999665015,-0.3951218790890879,-0.15840135318982806,0.42619610497179405,0.2256415527369694,0.5994933660130348,12,12,37574,2000,2000,0,2000
Qcells,Alice2018Test,S1,12,power-active,48,Inverted42,Daily,0.4258763993950146,0.40327269802022986,0.022603701374784735,-0.07287344465732161,0.13465935758082165,-0.056050661216968445,-0.6087166392947376,0.12049459038960712,12,12,37574,2000,2000,0,2000
Qcells,Alice2018Test,S1,12,power-active,48,Inverted42,Last-value,0.4258763993950146,0.6773128534002106,-0.25143645400519604,-0.3063197996050203,-0.1757780225878299,0.37122646166088225,0.24848964224987602,0.46707198256597854,12,12,37574,2000,2000,0,2000
Qcells,Alice2018Test,S1,12,power-active,48,Inverted43,Daily,0.4742696879257389,0.40327269802022986,0.07099698990550907,-0.05352324657195105,0.20373867669553877,-0.17605206167948317,-0.9294733262372821,0.08927126512567368,12,12,37574,2000,2000,0,2000
Qcells,Alice2018Test,S1,12,power-active,48,Inverted43,Last-value,0.4742696879257389,0.6773128534002106,-0.2030431654744717,-0.23571626754969968,-0.1569755552024378,0.2997775170737791,0.22063177214500845,0.3594422817932889,12,12,37574,2000,2000,0,2000
Qcells,Alice2018Test,S1,12,power-active,48,Inverted44,Daily,0.46426480822189614,0.40327269802022986,0.06099211020166628,-0.06875730177362657,0.19686598556236262,-0.1512428451047947,-0.8976153615764801,0.11395868614890231,12,12,37574,2000,2000,0,2000
Qcells,Alice2018Test,S1,12,power-active,48,Inverted44,Last-value,0.46426480822189614,0.6773128534002106,-0.2130480451783145,-0.242356337646756,-0.17068580710113992,0.31454894751927687,0.24188812412601257,0.36813749195779,12,12,37574,2000,2000,0,2000
Qcells,Alice2018Test,S1,12,power-active,48,Inverted mean,Daily,0.4548036318475499,0.40327269802022986,0.051530933827320026,-0.06483797424627498,0.17804854918731877,-0.12778185600041544,-0.815909317963505,0.10690170242095953,12,12,37574,2000,2000,0,2000
Qcells,Alice2018Test,S1,12,power-active,48,Inverted mean,Last-value,0.4548036318475499,0.6773128534002106,-0.22250922155266073,-0.26074510215741337,-0.16797766718721283,0.32851764208464607,0.2374291323167668,0.3980037637118476,12,12,37574,2000,2000,0,2000
Qcells,Alice2018Test,S1,12,power-active,48,Inverted mean,Original B,0.4548036318475499,0.37854676756516575,0.07625686428238414,0.029449126086907102,0.12960630250747499,-0.20144634908091433,-0.46333089073990236,-0.05870794942810263,12,12,37574,2000,2000,0,2000
Qcells,Alice2018Test,S1,12,power-active,48,Inverted mean,Expanded B,0.4548036318475499,0.38864475343370913,0.06615887841384076,-0.011787853529876702,0.14073539422784123,-0.17022969647556416,-0.5241465636145058,0.021856589751694803,12,12,37574,2000,2000,0,2000
Qcells,Alice2018Test,S1,12,power-active,48,Expanded B,Original B,0.38864475343370913,0.37854676756516575,0.01009798586854338,-0.026459761164456783,0.045418352814899414,-0.02667566264927901,-0.09061432457631696,0.08630971501776477,12,12,37574,2000,2000,0,2000
Qcells,Alice2018Test,S1,12,power-active,48,Expanded B,Expanded A,0.38864475343370913,0.572608206551131,-0.18396345311742185,-0.24860810671028252,-0.12969713526780952,0.3212728197268595,0.3011569124869794,0.37020137674351433,12,12,37574,2000,2000,0,2000
Qcells,Alice2018Test,S1,12,power-active,72,Original A,Daily,0.5726082065511309,0.40327269802022986,0.169335508530901,0.11672767525300531,0.21939374341892642,-0.4199032301522341,-0.8874058732279214,-0.314343336386761,8,8,37574,2000,2000,0,2000
Qcells,Alice2018Test,S1,12,power-active,72,Original A,Last-value,0.5726082065511309,0.6773128534002106,-0.10470464684907976,-0.26748371380700586,0.09583081348284368,0.15458830630992304,-0.13696580324304825,0.39921112202902925,8,8,37574,2000,2000,0,2000
Qcells,Alice2018Test,S1,12,power-active,72,Expanded A,Daily,0.5726082065511309,0.40327269802022986,0.169335508530901,0.11672767525300531,0.21939374341892642,-0.4199032301522341,-0.8874058732279214,-0.314343336386761,8,8,37574,2000,2000,0,2000
Qcells,Alice2018Test,S1,12,power-active,72,Expanded A,Last-value,0.5726082065511309,0.6773128534002106,-0.10470464684907976,-0.26748371380700586,0.09583081348284368,0.15458830630992304,-0.13696580324304825,0.39921112202902925,8,8,37574,2000,2000,0,2000
Qcells,Alice2018Test,S1,12,power-active,72,Original B,Daily,0.3785467675651657,0.40327269802022986,-0.02472593045506416,-0.09845018354965461,0.06882804779654474,0.061313177352323,-0.3074156694009217,0.1665492784155736,8,8,37574,2000,2000,0,2000
Qcells,Alice2018Test,S1,12,power-active,72,Original B,Last-value,0.3785467675651657,0.6773128534002106,-0.29876608583504494,-0.392719593823914,-0.19459275997409825,0.44110499946250104,0.27755593316007837,0.5911626862239848,8,8,37574,2000,2000,0,2000
Qcells,Alice2018Test,S1,12,power-active,72,Expanded B,Daily,0.38864475343370913,0.40327269802022986,-0.014627944586520725,-0.05269518769107861,0.045572943361080386,0.03627308433804988,-0.197935277664775,0.09156707761088168,8,8,37574,2000,2000,0,2000
Qcells,Alice2018Test,S1,12,power-active,72,Expanded B,Last-value,0.38864475343370913,0.6773128534002106,-0.2886680999665015,-0.39909120624042677,-0.15633698554818673,0.42619610497179405,0.22209033846017592,0.6038002945764235,8,8,37574,2000,2000,0,2000
Qcells,Alice2018Test,S1,12,power-active,72,Inverted42,Daily,0.42587639939501454,0.40327269802022986,0.02260370137478468,-0.06189056398109245,0.11973587358095314,-0.05605066121696822,-0.5322846507719635,0.10360269799602048,8,8,37574,2000,2000,0,2000
Qcells,Alice2018Test,S1,12,power-active,72,Inverted42,Last-value,0.42587639939501454,0.6773128534002106,-0.2514364540051961,-0.30777003817630544,-0.17132427753893723,0.37122646166088236,0.24375697869609902,0.4688802607894959,8,8,37574,2000,2000,0,2000
Qcells,Alice2018Test,S1,12,power-active,72,Inverted43,Daily,0.4742696879257389,0.40327269802022986,0.07099698990550907,-0.04641128567784258,0.19367846459455826,-0.17605206167948317,-0.8522431525746536,0.07707701188853289,8,8,37574,2000,2000,0,2000
Qcells,Alice2018Test,S1,12,power-active,72,Inverted43,Last-value,0.4742696879257389,0.6773128534002106,-0.2030431654744717,-0.23536823423132605,-0.15576423244346174,0.2997775170737791,0.22098802053115119,0.3576020695586092,8,8,37574,2000,2000,0,2000
Qcells,Alice2018Test,S1,12,power-active,72,Inverted44,Daily,0.46426480822189625,0.40327269802022986,0.060992110201666394,-0.05915531429256693,0.18414748034331418,-0.1512428451047949,-0.8171106380980384,0.09930766260643155,8,8,37574,2000,2000,0,2000
Qcells,Alice2018Test,S1,12,power-active,72,Inverted44,Last-value,0.46426480822189625,0.6773128534002106,-0.21304804517831438,-0.24383995687722285,-0.1683988255082054,0.31454894751927664,0.23876148111788603,0.3712744598888941,8,8,37574,2000,2000,0,2000
Qcells,Alice2018Test,S1,12,power-active,72,Inverted mean,Daily,0.4548036318475499,0.40327269802022986,0.05153093382732005,-0.055979279993524145,0.16599996802758832,-0.12778185600041544,-0.7336805637261467,0.09305450911271743,8,8,37574,2000,2000,0,2000
Qcells,Alice2018Test,S1,12,power-active,72,Inverted mean,Last-value,0.4548036318475499,0.6773128534002106,-0.22250922155266073,-0.2622644538643693,-0.16536125882031932,0.328517642084646,0.2348137692980604,0.3986679614572393,8,8,37574,2000,2000,0,2000
Qcells,Alice2018Test,S1,12,power-active,72,Inverted mean,Original B,0.4548036318475499,0.3785467675651657,0.0762568642823842,0.027351690680992146,0.13567328076514742,-0.20144634908091455,-0.49806831616424235,-0.0541569134138909,8,8,37574,2000,2000,0,2000
Qcells,Alice2018Test,S1,12,power-active,72,Inverted mean,Expanded B,0.4548036318475499,0.38864475343370913,0.06615887841384077,-0.011523333654151707,0.14476211921699386,-0.17022969647556416,-0.5473709817032018,0.021228364101694163,8,8,37574,2000,2000,0,2000
Qcells,Alice2018Test,S1,12,power-active,72,Expanded B,Original B,0.38864475343370913,0.3785467675651657,0.010097985868543435,-0.028515340178730003,0.04609302367982262,-0.02667566264927923,-0.09236385696039168,0.09066322761836043,8,8,37574,2000,2000,0,2000
Qcells,Alice2018Test,S1,12,power-active,72,Expanded B,Expanded A,0.38864475343370913,0.5726082065511309,-0.18396345311742174,-0.25223845663891964,-0.12625059730348165,0.3212728197268594,0.30046461598569313,0.3691324328258043,8,8,37574,2000,2000,0,2000
Qcells,Alice2018Test,S1,12,low-power,24,Original A,Daily,0.10668107650099193,0.0010680799630844824,0.10561299653790744,0.08698943438578832,0.13161294034659424,-98.88117012598029,-129.7226899750143,-76.87715411236185,24,24,43118,2000,2000,0,2000
Qcells,Alice2018Test,S1,12,low-power,24,Original A,Last-value,0.10668107650099193,0.12406153331049143,-0.017380456809499498,-0.03577690257192764,0.012942697109023233,0.14009545381001431,-0.11544935635758749,0.2765603032533403,24,24,43118,2000,2000,0,2000
Qcells,Alice2018Test,S1,12,low-power,24,Expanded A,Daily,0.10668107650099193,0.0010680799630844824,0.10561299653790744,0.08698943438578832,0.13161294034659424,-98.88117012598029,-129.7226899750143,-76.87715411236185,24,24,43118,2000,2000,0,2000
Qcells,Alice2018Test,S1,12,low-power,24,Expanded A,Last-value,0.10668107650099193,0.12406153331049143,-0.017380456809499498,-0.03577690257192764,0.012942697109023233,0.14009545381001431,-0.11544935635758749,0.2765603032533403,24,24,43118,2000,2000,0,2000
Qcells,Alice2018Test,S1,12,low-power,24,Original B,Daily,0.0572298619657423,0.0010680799630844824,0.05616178200265782,0.05284733957741413,0.05960014758340069,-52.58200129554866,-62.62167121680279,-45.66263150122023,24,24,43118,2000,2000,0,2000
Qcells,Alice2018Test,S1,12,low-power,24,Original B,Last-value,0.0572298619657423,0.12406153331049143,-0.06683167134474913,-0.07570400225710167,-0.0564742321890417,0.5386977700613138,0.4933159897395757,0.5647369327057357,24,24,43118,2000,2000,0,2000
Qcells,Alice2018Test,S1,12,low-power,24,Expanded B,Daily,0.11006601275321393,0.0010680799630844824,0.10899793279012944,0.1035644360725213,0.11446372684828238,-102.05034881036148,-121.33703049076723,-88.59740038626563,24,24,43118,2000,2000,0,2000
Qcells,Alice2018Test,S1,12,low-power,24,Expanded B,Last-value,0.11006601275321393,0.12406153331049143,-0.0139955205572775,-0.02022898396370106,-0.006429890761870762,0.11281112028698381,0.05531419931569082,0.15173407654451893,24,24,43118,2000,2000,0,2000
Qcells,Alice2018Test,S1,12,low-power,24,Inverted42,Daily,0.12031807498254182,0.0010680799630844824,0.11924999501945734,0.114781503144395,0.12380941798550453,-111.64893935008213,-132.53068675643058,-97.59088678584844,24,24,43118,2000,2000,0,2000
Qcells,Alice2018Test,S1,12,low-power,24,Inverted42,Last-value,0.12031807498254182,0.12406153331049143,-0.003743458327949603,-0.013075605847492199,0.0076521287156457824,0.03017420652524716,-0.0680032024377577,0.09773228004477526,24,24,43118,2000,2000,0,2000
Qcells,Alice2018Test,S1,12,low-power,24,Inverted43,Daily,0.18802732353115714,0.0010680799630844824,0.18695924356807267,0.18209231437312012,0.19224543446759518,-175.0423657683434,-206.77036670993917,-153.40284515632598,24,24,43118,2000,2000,0,2000
Qcells,Alice2018Test,S1,12,low-power,24,Inverted43,Last-value,0.18802732353115714,0.12406153331049143,0.06396579022066572,0.053819670095393735,0.07598971554567158,-0.5155972888113287,-0.6664872446696931,-0.4034515565933792,24,24,43118,2000,2000,0,2000
Qcells,Alice2018Test,S1,12,low-power,24,Inverted44,Daily,0.13448090039075816,0.0010680799630844824,0.1334128204276737,0.12526808325314165,0.14436010497365903,-124.9090190236263,-148.68044427217941,-107.97463889269446,24,24,43118,2000,2000,0,2000
Qcells,Alice2018Test,S1,12,low-power,24,Inverted44,Last-value,0.13448090039075816,0.12406153331049143,0.010419367080266737,-0.0026807285559337013,0.028053682243730945,-0.08398547722435423,-0.24360068600066517,0.020055196941509406,24,24,43118,2000,2000,0,2000
Qcells,Alice2018Test,S1,12,low-power,24,Inverted mean,Daily,0.1476087663014857,0.0010680799630844824,0.14654068633840123,0.1410969574970397,0.15325719410470315,-137.2001080473506,-162.82424706079087,-119.9125975812128,24,24,43118,2000,2000,0,2000
Qcells,Alice2018Test,S1,12,low-power,24,Inverted mean,Last-value,0.1476087663014857,0.12406153331049143,0.023547232990994284,0.012832091062116873,0.03713201252180818,-0.18980285317014525,-0.32336230135656463,-0.0967699317328412,24,24,43118,2000,2000,0,2000
Qcells,Alice2018Test,S1,12,low-power,24,Inverted mean,Original B,0.1476087663014857,0.0572298619657423,0.0903789043357434,0.08703862458458995,0.09439893944655592,-1.57922632051505,-1.6678808130404583,-1.496685618476797,24,24,43118,2000,2000,0,2000
Qcells,Alice2018Test,S1,12,low-power,24,Inverted mean,Expanded B,0.1476087663014857,0.11006601275321393,0.03754275354827178,0.03229390400347731,0.043715656791349346,-0.3410930641455033,-0.40964556916796147,-0.2843270127011131,24,24,43118,2000,2000,0,2000
Qcells,Alice2018Test,S1,12,low-power,24,Expanded B,Original B,0.11006601275321393,0.0572298619657423,0.05283615078747163,0.049541101060680916,0.05594777305441525,-0.9232269478318724,-0.9772713354495772,-0.8586073869655999,24,24,43118,2000,2000,0,2000
Qcells,Alice2018Test,S1,12,low-power,24,Expanded B,Expanded A,0.11006601275321393,0.10668107650099193,0.0033849362522219983,-0.018631775752866463,0.018107130632570023,-0.03172949095794442,-0.20280696500705683,0.14344949556588824,24,24,43118,2000,2000,0,2000
Qcells,Alice2018Test,S1,12,low-power,48,Original A,Daily,0.10668107650099191,0.0010680799630844824,0.10561299653790743,0.08515733541559993,0.1302792618582295,-98.88117012598028,-122.35249623184949,-78.47694853379586,12,12,43118,2000,2000,0,2000
Qcells,Alice2018Test,S1,12,low-power,48,Original A,Last-value,0.10668107650099191,0.12406153331049144,-0.017380456809499525,-0.036320943888086196,0.013424349905383078,0.14009545381001443,-0.12120189858058367,0.278496222458448,12,12,43118,2000,2000,0,2000
Qcells,Alice2018Test,S1,12,low-power,48,Expanded A,Daily,0.10668107650099191,0.0010680799630844824,0.10561299653790743,0.08515733541559993,0.1302792618582295,-98.88117012598028,-122.35249623184949,-78.47694853379586,12,12,43118,2000,2000,0,2000
Qcells,Alice2018Test,S1,12,low-power,48,Expanded A,Last-value,0.10668107650099191,0.12406153331049144,-0.017380456809499525,-0.036320943888086196,0.013424349905383078,0.14009545381001443,-0.12120189858058367,0.278496222458448,12,12,43118,2000,2000,0,2000
Qcells,Alice2018Test,S1,12,low-power,48,Original B,Daily,0.057229861965742305,0.0010680799630844824,0.056161782002657826,0.052001327088548974,0.06024627473012156,-52.582001295548665,-61.684390263048606,-46.648089338054945,12,12,43118,2000,2000,0,2000
Qcells,Alice2018Test,S1,12,low-power,48,Original B,Last-value,0.057229861965742305,0.12406153331049144,-0.06683167134474913,-0.07824268175847654,-0.05369737356078176,0.5386977700613138,0.4861686978088049,0.5688562152322532,12,12,43118,2000,2000,0,2000
Qcells,Alice2018Test,S1,12,low-power,48,Expanded B,Daily,0.11006601275321394,0.0010680799630844824,0.10899793279012945,0.10160486416183223,0.11625507700786639,-102.0503488103615,-121.33606813220914,-89.74404685346182,12,12,43118,2000,2000,0,2000
Qcells,Alice2018Test,S1,12,low-power,48,Expanded B,Last-value,0.11006601275321394,0.12406153331049144,-0.0139955205572775,-0.02176748961455971,-0.004817222142903408,0.11281112028698381,0.0435865063938151,0.15819366189230566,12,12,43118,2000,2000,0,2000
Qcells,Alice2018Test,S1,12,low-power,48,Inverted42,Daily,0.12031807498254182,0.0010680799630844824,0.11924999501945734,0.11395480321603249,0.12461891820959971,-111.64893935008213,-131.32583293904773,-99.80016549521835,12,12,43118,2000,2000,0,2000
Qcells,Alice2018Test,S1,12,low-power,48,Inverted42,Last-value,0.12031807498254182,0.12406153331049144,-0.003743458327949617,-0.015310832575041407,0.010596912713737906,0.03017420652524727,-0.09580106404196263,0.11105922026045642,12,12,43118,2000,2000,0,2000
Qcells,Alice2018Test,S1,12,low-power,48,Inverted43,Daily,0.18802732353115714,0.0010680799630844824,0.18695924356807267,0.18248454397553432,0.19184244689280283,-175.0423657683434,-204.7655776409858,-156.81020284021136,12,12,43118,2000,2000,0,2000
Qcells,Alice2018Test,S1,12,low-power,48,Inverted43,Last-value,0.18802732353115714,0.12406153331049144,0.0639657902206657,0.05190326699562411,0.07768067645084749,-0.5155972888113285,-0.7077390693475963,-0.37484828422519845,12,12,43118,2000,2000,0,2000
Qcells,Alice2018Test,S1,12,low-power,48,Inverted44,Daily,0.13448090039075816,0.0010680799630844824,0.1334128204276737,0.12414906386387993,0.14458621631763727,-124.9090190236263,-145.5112634745982,-111.04206236083984,12,12,43118,2000,2000,0,2000
Qcells,Alice2018Test,S1,12,low-power,48,Inverted44,Last-value,0.13448090039075816,0.12406153331049144,0.010419367080266723,-0.004867533051872634,0.03071566570241162,-0.08398547722435401,-0.27310883142735953,0.03582798187151842,12,12,43118,2000,2000,0,2000
Qcells,Alice2018Test,S1,12,low-power,48,Inverted mean,Daily,0.1476087663014857,0.0010680799630844824,0.14654068633840123,0.14050897438938775,0.15333954325746416,-137.2001080473506,-160.1797867503337,-123.2694986384636,12,12,43118,2000,2000,0,2000
Qcells,Alice2018Test,S1,12,low-power,48,Inverted mean,Last-value,0.1476087663014857,0.12406153331049144,0.02354723299099427,0.010793169183054398,0.03921423486061738,-0.18980285317014509,-0.35560136898338846,-0.07780685028340828,12,12,43118,2000,2000,0,2000
Qcells,Alice2018Test,S1,12,low-power,48,Inverted mean,Original B,0.1476087663014857,0.057229861965742305,0.0903789043357434,0.08727915503961195,0.09422539225881449,-1.5792263205150494,-1.6940368719195427,-1.4739929339979636,12,12,43118,2000,2000,0,2000
Qcells,Alice2018Test,S1,12,low-power,48,Inverted mean,Expanded B,0.1476087663014857,0.11006601275321394,0.037542753548271766,0.03140301449117112,0.04438080037164906,-0.34109306414550306,-0.422607410411781,-0.27218169304576423,12,12,43118,2000,2000,0,2000
Qcells,Alice2018Test,S1,12,low-power,48,Expanded B,Original B,0.11006601275321394,0.057229861965742305,0.052836150787471635,0.048501259729811806,0.056993937848529484,-0.9232269478318724,-0.985913888150869,-0.8531584780010317,12,12,43118,2000,2000,0,2000
Qcells,Alice2018Test,S1,12,low-power,48,Expanded B,Expanded A,0.11006601275321394,0.10668107650099191,0.003384936252222026,-0.01855615079481813,0.018731692705630635,-0.03172949095794464,-0.21802927515920667,0.14411795368941252,12,12,43118,2000,2000,0,2000
Qcells,Alice2018Test,S1,12,low-power,72,Original A,Daily,0.1066810765009919,0.0010680799630844824,0.10561299653790741,0.08194101097189417,0.13038689064822914,-98.88117012598026,-122.08371910969366,-76.67002791230017,8,8,43118,2000,2000,0,2000
Qcells,Alice2018Test,S1,12,low-power,72,Original A,Last-value,0.1066810765009919,0.12406153331049141,-0.01738045680949951,-0.038642111992280265,0.014888352727781095,0.14009545381001443,-0.13569116692848202,0.2866697259475584,8,8,43118,2000,2000,0,2000
Qcells,Alice2018Test,S1,12,low-power,72,Expanded A,Daily,0.1066810765009919,0.0010680799630844824,0.10561299653790741,0.08194101097189417,0.13038689064822914,-98.88117012598026,-122.08371910969366,-76.67002791230017,8,8,43118,2000,2000,0,2000
Qcells,Alice2018Test,S1,12,low-power,72,Expanded A,Last-value,0.1066810765009919,0.12406153331049141,-0.01738045680949951,-0.038642111992280265,0.014888352727781095,0.14009545381001443,-0.13569116692848202,0.2866697259475584,8,8,43118,2000,2000,0,2000
Qcells,Alice2018Test,S1,12,low-power,72,Original B,Daily,0.0572298619657423,0.0010680799630844824,0.05616178200265782,0.05160247657455425,0.061172140171304824,-52.58200129554866,-58.97138406433341,-47.59494670328343,8,8,43118,2000,2000,0,2000
Qcells,Alice2018Test,S1,12,low-power,72,Original B,Last-value,0.0572298619657423,0.12406153331049141,-0.06683167134474911,-0.0810951069035438,-0.052558768055825024,0.5386977700613137,0.4816656009613021,0.5729562559401032,8,8,43118,2000,2000,0,2000
Qcells,Alice2018Test,S1,12,low-power,72,Expanded B,Daily,0.11006601275321393,0.0010680799630844824,0.10899793279012944,0.10025003813321162,0.11803454140051832,-102.05034881036148,-114.44793856202155,-91.7392889807134,8,8,43118,2000,2000,0,2000
Qcells,Alice2018Test,S1,12,low-power,72,Expanded B,Last-value,0.11006601275321393,0.12406153331049141,-0.013995520557277485,-0.02407230721812054,-0.003669877467266685,0.1128111202869837,0.033723391892880254,0.17030418130516206,8,8,43118,2000,2000,0,2000
Qcells,Alice2018Test,S1,12,low-power,72,Inverted42,Daily,0.12031807498254182,0.0010680799630844824,0.11924999501945734,0.11354120383933795,0.12474291704591474,-111.64893935008213,-123.54110904334269,-104.4985740450957,8,8,43118,2000,2000,0,2000
Qcells,Alice2018Test,S1,12,low-power,72,Inverted42,Last-value,0.12031807498254182,0.12406153331049141,-0.003743458327949589,-0.01871736687083156,0.011537928000531128,0.03017420652524705,-0.10447687576428248,0.1306583549835237,8,8,43118,2000,2000,0,2000
Qcells,Alice2018Test,S1,12,low-power,72,Inverted43,Daily,0.18802732353115714,0.0010680799630844824,0.18695924356807267,0.18295860056431268,0.19142717799887998,-175.0423657683434,-192.89770037530278,-165.0971194704349,8,8,43118,2000,2000,0,2000
Qcells,Alice2018Test,S1,12,low-power,72,Inverted43,Last-value,0.18802732353115714,0.12406153331049141,0.06396579022066573,0.04894137692830494,0.07887889050781653,-0.5155972888113287,-0.7276245672674746,-0.34656328376779594,8,8,43118,2000,2000,0,2000
Qcells,Alice2018Test,S1,12,low-power,72,Inverted44,Daily,0.13448090039075816,0.0010680799630844824,0.1334128204276737,0.12450810161130875,0.14450722358705353,-124.9090190236263,-138.47022287972342,-114.66835223315539,8,8,43118,2000,2000,0,2000
Qcells,Alice2018Test,S1,12,low-power,72,Inverted44,Last-value,0.13448090039075816,0.12406153331049141,0.01041936708026675,-0.007871847184618773,0.03184398829840451,-0.08398547722435423,-0.29105096827882654,0.05513598583681766,8,8,43118,2000,2000,0,2000
Qcells,Alice2018Test,S1,12,low-power,72,Inverted mean,Daily,0.1476087663014857,0.0010680799630844824,0.14654068633840123,0.14053225968097335,0.1532348885352847,-137.2001080473506,-150.91028859205545,-128.73403301302608,8,8,43118,2000,2000,0,2000
Qcells,Alice2018Test,S1,12,low-power,72,Inverted mean,Last-value,0.1476087663014857,0.12406153331049141,0.0235472329909943,0.00730196110586836,0.040631412716622003,-0.1898028531701453,-0.3678705628829513,-0.051575494502051934,8,8,43118,2000,2000,0,2000
Qcells,Alice2018Test,S1,12,low-power,72,Inverted mean,Original B,0.1476087663014857,0.0572298619657423,0.0903789043357434,0.08753441070244194,0.09385151171493976,-1.57922632051505,-1.7064627297581891,-1.443715468638349,8,8,43118,2000,2000,0,2000
Qcells,Alice2018Test,S1,12,low-power,72,Inverted mean,Expanded B,0.1476087663014857,0.11006601275321393,0.03754275354827178,0.031154905386498725,0.04471074522727363,-0.3410930641455033,-0.4280025819143583,-0.26534268996462607,8,8,43118,2000,2000,0,2000
Qcells,Alice2018Test,S1,12,low-power,72,Expanded B,Original B,0.11006601275321393,0.0572298619657423,0.05283615078747163,0.04795298080193272,0.05765377229082458,-0.9232269478318724,-0.997191340380777,-0.8483442693797072,8,8,43118,2000,2000,0,2000
Qcells,Alice2018Test,S1,12,low-power,72,Expanded B,Expanded A,0.11006601275321393,0.1066810765009919,0.003384936252222026,-0.01886129586502453,0.01957992951705717,-0.03172949095794464,-0.2364657713367352,0.14665678600892296,8,8,43118,2000,2000,0,2000
Qcells,Alice2018Test,S2,12,full,24,Original A,Daily,0.3983516775394664,0.2750956843123246,0.12325599322714176,-0.02961650994841668,0.24672467095554285,-0.44804771668902466,-0.91555994642196,0.09183126206784971,24,24,80746,2000,2000,0,2000
Qcells,Alice2018Test,S2,12,full,24,Original A,Last-value,0.3983516775394664,0.47096988304761633,-0.07261820550814996,-0.17761403765856465,0.06751496536970511,0.15418863949058093,-0.13896411939939154,0.38252280394736554,24,24,80746,2000,2000,0,2000
Qcells,Alice2018Test,S2,12,full,24,Expanded A,Daily,0.3983516775394664,0.2750956843123246,0.12325599322714176,-0.02961650994841668,0.24672467095554285,-0.44804771668902466,-0.91555994642196,0.09183126206784971,24,24,80746,2000,2000,0,2000
Qcells,Alice2018Test,S2,12,full,24,Expanded A,Last-value,0.3983516775394664,0.47096988304761633,-0.07261820550814996,-0.17761403765856465,0.06751496536970511,0.15418863949058093,-0.13896411939939154,0.38252280394736554,24,24,80746,2000,2000,0,2000
Qcells,Alice2018Test,S2,12,full,24,Original B,Daily,0.2616417355093838,0.2750956843123246,-0.013453948802940818,-0.10855478245218153,0.04912047455237094,0.048906433543559835,-0.27608134293033226,0.3199592861403362,24,24,80746,2000,2000,0,2000
Qcells,Alice2018Test,S2,12,full,24,Original B,Last-value,0.2616417355093838,0.47096988304761633,-0.20932814753823253,-0.2631970211344347,-0.14020274058580695,0.44446185429880003,0.2880560590716812,0.5702309204473822,24,24,80746,2000,2000,0,2000
Qcells,Alice2018Test,S2,12,full,24,Expanded B,Daily,0.2772229381215246,0.2750956843123246,0.0021272538091999804,-0.09843551840294712,0.06820012980879193,-0.0077327778315301465,-0.29051119530546443,0.29660699214607406,24,24,80746,2000,2000,0,2000
Qcells,Alice2018Test,S2,12,full,24,Expanded B,Last-value,0.2772229381215246,0.47096988304761633,-0.19374694492609174,-0.25833175954100956,-0.10846523313900595,0.41137862929231805,0.2205502447696215,0.5621539948584834,24,24,80746,2000,2000,0,2000
Qcells,Alice2018Test,S2,12,full,24,Inverted42,Daily,0.3036120134387312,0.2750956843123246,0.02851632912640656,-0.06138416976119015,0.09649941788894825,-0.10365967462445203,-0.5985208004352374,0.1795728828388073,24,24,80746,2000,2000,0,2000
Qcells,Alice2018Test,S2,12,full,24,Inverted42,Last-value,0.3036120134387312,0.47096988304761633,-0.16735786960888516,-0.20183027418366614,-0.116024616787761,0.35534728574558305,0.2392452550912203,0.4397836621581572,24,24,80746,2000,2000,0,2000
Qcells,Alice2018Test,S2,12,full,24,Inverted43,Daily,0.3515787477170914,0.2750956843123246,0.0764830634047668,-0.004992261107810468,0.1595908463749949,-0.2780234942469444,-0.9883337287589812,0.013113234411143513,24,24,80746,2000,2000,0,2000
Qcells,Alice2018Test,S2,12,full,24,Inverted43,Last-value,0.3515787477170914,0.47096988304761633,-0.11939113533052492,-0.13861740882357013,-0.09147727116537395,0.2535005732382556,0.18652389230257518,0.30005393130872254,24,24,80746,2000,2000,0,2000
Qcells,Alice2018Test,S2,12,full,24,Inverted44,Daily,0.33166729443709425,0.2750956843123246,0.05657161012476963,-0.02583586471201185,0.13997163676490387,-0.20564339373838436,-0.8727376572340209,0.0692205565748614,24,24,80746,2000,2000,0,2000
Qcells,Alice2018Test,S2,12,full,24,Inverted44,Last-value,0.33166729443709425,0.47096988304761633,-0.13930258861052208,-0.15915735162888767,-0.10952844001944152,0.2957781243019274,0.2252957691476664,0.344500483002398,24,24,80746,2000,2000,0,2000
Qcells,Alice2018Test,S2,12,full,24,Inverted mean,Daily,0.3289526851976389,0.2750956843123246,0.05385700088531433,-0.026952136041143663,0.13187974878403022,-0.19577552086992692,-0.8195635952238671,0.07948631758607715,24,24,80746,2000,2000,0,2000
Qcells,Alice2018Test,S2,12,full,24,Inverted mean,Last-value,0.3289526851976389,0.47096988304761633,-0.14201719784997738,-0.1662451263827934,-0.10582703407533403,0.3015419944285887,0.2165877843492741,0.3604330067332851,24,24,80746,2000,2000,0,2000
Qcells,Alice2018Test,S2,12,full,24,Inverted mean,Original B,0.3289526851976389,0.2616417355093838,0.06731094968825514,0.03412506092536188,0.0996248622071124,-0.25726380983220865,-0.5000608712788532,-0.09710419982637189,24,24,80746,2000,2000,0,2000
Qcells,Alice2018Test,S2,12,full,24,Inverted mean,Expanded B,0.3289526851976389,0.2772229381215246,0.05172974707611435,0.001034191812978448,0.09552366362974136,-0.1865998081783474,-0.4720581414219659,-0.0026190335627694844,24,24,80746,2000,2000,0,2000
Qcells,Alice2018Test,S2,12,full,24,Expanded B,Original B,0.2772229381215246,0.2616417355093838,0.015581202612140799,-0.004175147836480566,0.035506327871028864,-0.05955167122632843,-0.10285598668271176,0.019098278701759286,24,24,80746,2000,2000,0,2000
Qcells,Alice2018Test,S2,12,full,24,Expanded B,Expanded A,0.2772229381215246,0.3983516775394664,-0.12112873941794178,-0.18328806501488656,-0.06588543471478747,0.30407488218984857,0.22606216303856277,0.3332504231124745,24,24,80746,2000,2000,0,2000
Qcells,Alice2018Test,S2,12,full,48,Original A,Daily,0.3983516775394664,0.2750956843123246,0.12325599322714176,0.09356562028012301,0.15471739344947494,-0.44804771668902466,-1.0145456894995832,-0.3231223312350361,12,12,80746,2000,2000,0,2000
Qcells,Alice2018Test,S2,12,full,48,Original A,Last-value,0.3983516775394664,0.47096988304761633,-0.07261820550814996,-0.17937378206981483,0.061367074594246215,0.15418863949058093,-0.12667168851137914,0.38410018666160795,12,12,80746,2000,2000,0,2000
Qcells,Alice2018Test,S2,12,full,48,Expanded A,Daily,0.3983516775394664,0.2750956843123246,0.12325599322714176,0.09356562028012301,0.15471739344947494,-0.44804771668902466,-1.0145456894995832,-0.3231223312350361,12,12,80746,2000,2000,0,2000
Qcells,Alice2018Test,S2,12,full,48,Expanded A,Last-value,0.3983516775394664,0.47096988304761633,-0.07261820550814996,-0.17937378206981483,0.061367074594246215,0.15418863949058093,-0.12667168851137914,0.38410018666160795,12,12,80746,2000,2000,0,2000
Qcells,Alice2018Test,S2,12,full,48,Original B,Daily,0.26164173550938385,0.2750956843123246,-0.013453948802940763,-0.06712380578071087,0.056267906590422946,0.04890643354355961,-0.3726207947746011,0.1610635700548171,12,12,80746,2000,2000,0,2000
Qcells,Alice2018Test,S2,12,full,48,Original B,Last-value,0.26164173550938385,0.47096988304761633,-0.20932814753823248,-0.2675516977618419,-0.14094433987731794,0.4444618542987999,0.28777609521708225,0.5809758983339085,12,12,80746,2000,2000,0,2000
Qcells,Alice2018Test,S2,12,full,48,Expanded B,Daily,0.27722293812152465,0.2750956843123246,0.002127253809200036,-0.031111875684507604,0.05379725207220675,-0.007732777831530369,-0.3560709890425873,0.07393681050029871,12,12,80746,2000,2000,0,2000
Qcells,Alice2018Test,S2,12,full,48,Expanded B,Last-value,0.27722293812152465,0.47096988304761633,-0.19374694492609168,-0.26138745329572033,-0.1073559521710908,0.41137862929231794,0.22003545095256605,0.5692004602751853,12,12,80746,2000,2000,0,2000
Qcells,Alice2018Test,S2,12,full,48,Inverted42,Daily,0.30361201343873123,0.2750956843123246,0.028516329126406614,-0.0383684202171977,0.10707119561355956,-0.10365967462445225,-0.7080348836371129,0.0931039358602761,12,12,80746,2000,2000,0,2000
Qcells,Alice2018Test,S2,12,full,48,Inverted42,Last-value,0.30361201343873123,0.47096988304761633,-0.1673578696088851,-0.2039935342419135,-0.11631719253415493,0.35534728574558294,0.23745084812621514,0.44526857913909923,12,12,80746,2000,2000,0,2000
Qcells,Alice2018Test,S2,12,full,48,Inverted43,Daily,0.3515787477170913,0.2750956843123246,0.07648306340476668,-0.01142552207644853,0.16915494535280998,-0.27802349424694395,-1.1340854249566505,0.027679448355665187,12,12,80746,2000,2000,0,2000
Qcells,Alice2018Test,S2,12,full,48,Inverted43,Last-value,0.3515787477170913,0.47096988304761633,-0.11939113533052503,-0.14084829489726244,-0.08934843141511721,0.2535005732382558,0.18258644465231405,0.30615921847207533,12,12,80746,2000,2000,0,2000
Qcells,Alice2018Test,S2,12,full,48,Inverted44,Daily,0.3316672944370942,0.2750956843123246,0.05657161012476958,-0.031983929977577465,0.14910883612100032,-0.20564339373838414,-0.9993454698073161,0.07657363553411141,12,12,80746,2000,2000,0,2000
Qcells,Alice2018Test,S2,12,full,48,Inverted44,Last-value,0.3316672944370942,0.47096988304761633,-0.13930258861052214,-0.16091231293118294,-0.10919424319825223,0.2957781243019275,0.22316449853489842,0.3489316297611414,12,12,80746,2000,2000,0,2000
Qcells,Alice2018Test,S2,12,full,48,Inverted mean,Daily,0.3289526851976389,0.2750956843123246,0.05385700088531429,-0.0271419127128645,0.1417603972709711,-0.19577552086992678,-0.9513509406260815,0.06592270233047026,12,12,80746,2000,2000,0,2000
Qcells,Alice2018Test,S2,12,full,48,Inverted mean,Last-value,0.3289526851976389,0.47096988304761633,-0.14201719784997743,-0.16810274762241412,-0.10519743957580953,0.30154199442858876,0.21459531036822105,0.3663130956342107,12,12,80746,2000,2000,0,2000
Qcells,Alice2018Test,S2,12,full,48,Inverted mean,Original B,0.3289526851976389,0.26164173550938385,0.06731094968825506,0.03452065682431581,0.10379722306561158,-0.2572638098322082,-0.5333962358165049,-0.09912258249997483,12,12,80746,2000,2000,0,2000
Qcells,Alice2018Test,S2,12,full,48,Inverted mean,Expanded B,0.3289526851976389,0.27722293812152465,0.05172974707611425,0.0002931491538392057,0.09893675422144543,-0.186599808178347,-0.49293262258656634,-0.0007758050442801466,12,12,80746,2000,2000,0,2000
Qcells,Alice2018Test,S2,12,full,48,Expanded B,Original B,0.27722293812152465,0.26164173550938385,0.015581202612140799,-0.006322438666310214,0.03727015323587683,-0.05955167122632843,-0.1083575530345315,0.029328590434410405,12,12,80746,2000,2000,0,2000
Qcells,Alice2018Test,S2,12,full,48,Expanded B,Expanded A,0.27722293812152465,0.3983516775394664,-0.12112873941794172,-0.1692475971090887,-0.08043128149874713,0.30407488218984846,0.2749511007665105,0.32988538010258445,12,12,80746,2000,2000,0,2000
Qcells,Alice2018Test,S2,12,full,72,Original A,Daily,0.3983516775394664,0.2750956843123246,0.12325599322714176,0.08868237253129961,0.1568332745922063,-0.44804771668902466,-0.9378992985827711,-0.33790981795032915,8,8,80746,2000,2000,0,2000
Qcells,Alice2018Test,S2,12,full,72,Original A,Last-value,0.3983516775394664,0.4709698830476163,-0.0726182055081499,-0.1837614374718971,0.06578370317649024,0.15418863949058081,-0.1350353983415733,0.3937393805848714,8,8,80746,2000,2000,0,2000
Qcells,Alice2018Test,S2,12,full,72,Expanded A,Daily,0.3983516775394664,0.2750956843123246,0.12325599322714176,0.08868237253129961,0.1568332745922063,-0.44804771668902466,-0.9378992985827711,-0.33790981795032915,8,8,80746,2000,2000,0,2000
Qcells,Alice2018Test,S2,12,full,72,Expanded A,Last-value,0.3983516775394664,0.4709698830476163,-0.0726182055081499,-0.1837614374718971,0.06578370317649024,0.15418863949058081,-0.1350353983415733,0.3937393805848714,8,8,80746,2000,2000,0,2000
Qcells,Alice2018Test,S2,12,full,72,Original B,Daily,0.26164173550938385,0.2750956843123246,-0.013453948802940763,-0.06485752612449501,0.050994720066404986,0.04890643354355961,-0.33240339487272713,0.15874173040466286,8,8,80746,2000,2000,0,2000
Qcells,Alice2018Test,S2,12,full,72,Original B,Last-value,0.26164173550938385,0.4709698830476163,-0.20932814753823242,-0.2722875575836463,-0.137511248899878,0.4444618542987998,0.28260211241319955,0.5897961751262303,8,8,80746,2000,2000,0,2000
Qcells,Alice2018Test,S2,12,full,72,Expanded B,Daily,0.27722293812152465,0.2750956843123246,0.002127253809200036,-0.026905298843137915,0.04788079698676882,-0.007732777831530369,-0.3089268614553381,0.06612842038835488,8,8,80746,2000,2000,0,2000
Qcells,Alice2018Test,S2,12,full,72,Expanded B,Last-value,0.27722293812152465,0.4709698830476163,-0.19374694492609162,-0.26455929050097826,-0.10537727477809383,0.41137862929231783,0.21663047371912025,0.5744819366708677,8,8,80746,2000,2000,0,2000
Qcells,Alice2018Test,S2,12,full,72,Inverted42,Daily,0.3036120134387311,0.2750956843123246,0.028516329126406503,-0.03111640233562454,0.09689462316247992,-0.1036596746244518,-0.6335036988201369,0.07657619709327028,8,8,80746,2000,2000,0,2000
Qcells,Alice2018Test,S2,12,full,72,Inverted42,Last-value,0.3036120134387311,0.4709698830476163,-0.16735786960888516,-0.20420858724006064,-0.11363881485596887,0.35534728574558305,0.2329452302985072,0.4453990629316089,8,8,80746,2000,2000,0,2000
Qcells,Alice2018Test,S2,12,full,72,Inverted43,Daily,0.35157874771709124,0.2750956843123246,0.07648306340476663,-0.006691724094093641,0.1618561332121508,-0.2780234942469437,-1.056220313253656,0.01658854194415191,8,8,80746,2000,2000,0,2000
Qcells,Alice2018Test,S2,12,full,72,Inverted43,Last-value,0.35157874771709124,0.4709698830476163,-0.11939113533052503,-0.14036037648616628,-0.08868664296248212,0.2535005732382558,0.18238847480047365,0.302241330672362,8,8,80746,2000,2000,0,2000
Qcells,Alice2018Test,S2,12,full,72,Inverted44,Daily,0.33166729443709425,0.2750956843123246,0.05657161012476963,-0.025559984450005957,0.1405642776727144,-0.20564339373838436,-0.9188579545102251,0.06262324762039621,8,8,80746,2000,2000,0,2000
Qcells,Alice2018Test,S2,12,full,72,Inverted44,Last-value,0.33166729443709425,0.4709698830476163,-0.13930258861052203,-0.16133573548472036,-0.10766705276601175,0.2957781243019273,0.22015353056401177,0.35050145946430555,8,8,80746,2000,2000,0,2000
Qcells,Alice2018Test,S2,12,full,72,Inverted mean,Daily,0.3289526851976388,0.2750956843123246,0.053857000885314255,-0.021271226265270587,0.13353831274855252,-0.19577552086992664,-0.870072623245838,0.05225496618020416,8,8,80746,2000,2000,0,2000
Qcells,Alice2018Test,S2,12,full,72,Inverted mean,Last-value,0.3289526851976388,0.4709698830476163,-0.1420171978499774,-0.1685068083109425,-0.10335489513825451,0.3015419944285887,0.2123553957590236,0.3655118625361878,8,8,80746,2000,2000,0,2000
Qcells,Alice2018Test,S2,12,full,72,Inverted mean,Original B,0.3289526851976388,0.26164173550938385,0.06731094968825502,0.03325405338465868,0.10734187557199217,-0.25726380983220803,-0.569994673458577,-0.09532812998092555,8,8,80746,2000,2000,0,2000
Qcells,Alice2018Test,S2,12,full,72,Inverted mean,Expanded B,0.3289526851976388,0.27722293812152465,0.05172974707611422,0.0004860272865059856,0.10091868076767889,-0.18659980817834687,-0.5154177232893687,-0.001271023829714224,8,8,80746,2000,2000,0,2000
Qcells,Alice2018Test,S2,12,full,72,Expanded B,Original B,0.27722293812152465,0.26164173550938385,0.015581202612140799,-0.007941483978374811,0.03744450197280611,-0.05955167122632843,-0.11148748336827398,0.035933093221712065,8,8,80746,2000,2000,0,2000
Qcells,Alice2018Test,S2,12,full,72,Expanded B,Expanded A,0.27722293812152465,0.3983516775394664,-0.12112873941794172,-0.1714731574952646,-0.07810421270646621,0.30407488218984846,0.2709765825212108,0.33000336031243704,8,8,80746,2000,2000,0,2000
Qcells,Alice2018Test,S2,12,power-active,24,Original A,Daily,0.5726082065511311,0.40327269802022986,0.16933550853090124,-0.05549816033855753,0.34818811789340887,-0.41990323015223474,-0.8761136155579816,0.11902519438314128,24,24,37574,2000,2000,0,2000
Qcells,Alice2018Test,S2,12,power-active,24,Original A,Last-value,0.5726082065511311,0.6773128534002109,-0.10470464684907976,-0.2584966472190609,0.09813330689075556,0.15458830630992304,-0.14048205211973935,0.387863746502329,24,24,37574,2000,2000,0,2000
Qcells,Alice2018Test,S2,12,power-active,24,Expanded A,Daily,0.5726082065511311,0.40327269802022986,0.16933550853090124,-0.05549816033855753,0.34818811789340887,-0.41990323015223474,-0.8761136155579816,0.11902519438314128,24,24,37574,2000,2000,0,2000
Qcells,Alice2018Test,S2,12,power-active,24,Expanded A,Last-value,0.5726082065511311,0.6773128534002109,-0.10470464684907976,-0.2584966472190609,0.09813330689075556,0.15458830630992304,-0.14048205211973935,0.387863746502329,24,24,37574,2000,2000,0,2000
Qcells,Alice2018Test,S2,12,power-active,24,Original B,Daily,0.3785467675651657,0.40327269802022986,-0.02472593045506416,-0.16355740134515195,0.06683877276986872,0.061313177352323,-0.2526125674525499,0.33146227305089443,24,24,37574,2000,2000,0,2000
Qcells,Alice2018Test,S2,12,power-active,24,Original B,Last-value,0.3785467675651657,0.6773128534002109,-0.29876608583504516,-0.37742111248019156,-0.19827068921026708,0.44110499946250115,0.2824329191887407,0.5707845945755515,24,24,37574,2000,2000,0,2000
Qcells,Alice2018Test,S2,12,power-active,24,Expanded B,Daily,0.38864475343370913,0.40327269802022986,-0.014627944586520725,-0.1638962891565539,0.08517659446279854,0.03627308433804988,-0.22721314882641622,0.3402918563341412,24,24,37574,2000,2000,0,2000
Qcells,Alice2018Test,S2,12,power-active,24,Expanded B,Last-value,0.38864475343370913,0.6773128534002109,-0.2886680999665017,-0.3898878812368505,-0.15999051965365446,0.42619610497179417,0.22632195071821581,0.5901303763621618,24,24,37574,2000,2000,0,2000
Qcells,Alice2018Test,S2,12,power-active,24,Inverted42,Daily,0.42587639939501454,0.40327269802022986,0.02260370137478468,-0.1104673108809782,0.12111257346448828,-0.05605066121696822,-0.5045807835522408,0.22330406751158233,24,24,37574,2000,2000,0,2000
Qcells,Alice2018Test,S2,12,power-active,24,Inverted42,Last-value,0.42587639939501454,0.6773128534002109,-0.2514364540051963,-0.3031466887019474,-0.17599152183649747,0.37122646166088247,0.24956459015520827,0.46156135474030807,24,24,37574,2000,2000,0,2000
Qcells,Alice2018Test,S2,12,power-active,24,Inverted43,Daily,0.4742696879257389,0.40327269802022986,0.07099698990550907,-0.0462576010485077,0.18990634984330806,-0.17605206167948317,-0.8018939444426222,0.08466072328627182,24,24,37574,2000,2000,0,2000
Qcells,Alice2018Test,S2,12,power-active,24,Inverted43,Last-value,0.4742696879257389,0.6773128534002109,-0.20304316547447193,-0.23260762774963392,-0.15998356376195239,0.2997775170737794,0.2255162550179017,0.3527163613623581,24,24,37574,2000,2000,0,2000
Qcells,Alice2018Test,S2,12,power-active,24,Inverted44,Daily,0.4642648082218962,0.40327269802022986,0.06099211020166634,-0.0594723451880369,0.18417275750631462,-0.1512428451047949,-0.7769801042419087,0.11010628703036125,24,24,37574,2000,2000,0,2000
Qcells,Alice2018Test,S2,12,power-active,24,Inverted44,Last-value,0.4642648082218962,0.6773128534002109,-0.21304804517831466,-0.2406364096305413,-0.17120028467310663,0.314548947519277,0.24295399239106905,0.36447405561287693,24,24,37574,2000,2000,0,2000
Qcells,Alice2018Test,S2,12,power-active,24,Inverted mean,Daily,0.4548036318475499,0.40327269802022986,0.051530933827320026,-0.0679542057348971,0.16389582675125797,-0.12778185600041544,-0.6924243931808525,0.13856340307041487,24,24,37574,2000,2000,0,2000
Qcells,Alice2018Test,S2,12,power-active,24,Inverted mean,Last-value,0.4548036318475499,0.6773128534002109,-0.22250922155266095,-0.25824688004368884,-0.16992273355180423,0.3285176420846463,0.23888349349951882,0.3920766006477851,24,24,37574,2000,2000,0,2000
Qcells,Alice2018Test,S2,12,power-active,24,Inverted mean,Original B,0.4548036318475499,0.3785467675651657,0.07625686428238419,0.029081146624944224,0.12372643278203026,-0.2014463490809145,-0.43149377633377933,-0.05743696108160128,24,24,37574,2000,2000,0,2000
Qcells,Alice2018Test,S2,12,power-active,24,Inverted mean,Expanded B,0.4548036318475499,0.38864475343370913,0.06615887841384076,-0.010922630884076778,0.1357216944159621,-0.17022969647556407,-0.498472941528931,0.01969400598153991,24,24,37574,2000,2000,0,2000
Qcells,Alice2018Test,S2,12,power-active,24,Expanded B,Original B,0.38864475343370913,0.3785467675651657,0.010097985868543435,-0.023408569313064845,0.043807670352992975,-0.02667566264927923,-0.08389937318013091,0.07572296125018932,24,24,37574,2000,2000,0,2000
Qcells,Alice2018Test,S2,12,power-active,24,Expanded B,Expanded A,0.38864475343370913,0.5726082065511311,-0.18396345311742196,-0.2705770707273444,-0.10592766941679782,0.3212728197268596,0.2565365869191959,0.356065501132855,24,24,37574,2000,2000,0,2000
Qcells,Alice2018Test,S2,12,power-active,48,Original A,Daily,0.572608206551131,0.40327269802022986,0.16933550853090112,0.12501885435092877,0.21496363716370462,-0.4199032301522345,-0.9594845105250082,-0.30279878457807047,12,12,37574,2000,2000,0,2000
Qcells,Alice2018Test,S2,12,power-active,48,Original A,Last-value,0.572608206551131,0.6773128534002106,-0.10470464684907965,-0.26111329123122523,0.08961019849391112,0.15458830630992293,-0.12779826288421903,0.38900698143969653,12,12,37574,2000,2000,0,2000
Qcells,Alice2018Test,S2,12,power-active,48,Expanded A,Daily,0.572608206551131,0.40327269802022986,0.16933550853090112,0.12501885435092877,0.21496363716370462,-0.4199032301522345,-0.9594845105250082,-0.30279878457807047,12,12,37574,2000,2000,0,2000
Qcells,Alice2018Test,S2,12,power-active,48,Expanded A,Last-value,0.572608206551131,0.6773128534002106,-0.10470464684907965,-0.26111329123122523,0.08961019849391112,0.15458830630992293,-0.12779826288421903,0.38900698143969653,12,12,37574,2000,2000,0,2000
Qcells,Alice2018Test,S2,12,power-active,48,Original B,Daily,0.37854676756516575,0.40327269802022986,-0.024725930455064105,-0.10238611876116532,0.07640031761591876,0.06131317735232289,-0.34404060552949434,0.1676940324270648,12,12,37574,2000,2000,0,2000
Qcells,Alice2018Test,S2,12,power-active,48,Original B,Last-value,0.37854676756516575,0.6773128534002106,-0.2987660858350449,-0.38506333277376603,-0.1994507155262154,0.4411049994625009,0.28258198648022814,0.5817939790268338,12,12,37574,2000,2000,0,2000
Qcells,Alice2018Test,S2,12,power-active,48,Expanded B,Daily,0.38864475343370913,0.40327269802022986,-0.014627944586520725,-0.05793646728521732,0.05516047578195317,0.03627308433804988,-0.2463551499830311,0.09739685392811191,12,12,37574,2000,2000,0,2000
Qcells,Alice2018Test,S2,12,power-active,48,Expanded B,Last-value,0.38864475343370913,0.6773128534002106,-0.2886680999665015,-0.3951218790890879,-0.15840135318982806,0.42619610497179405,0.2256415527369694,0.5994933660130348,12,12,37574,2000,2000,0,2000
Qcells,Alice2018Test,S2,12,power-active,48,Inverted42,Daily,0.4258763993950146,0.40327269802022986,0.022603701374784735,-0.07287344465732161,0.13465935758082165,-0.056050661216968445,-0.6087166392947376,0.12049459038960712,12,12,37574,2000,2000,0,2000
Qcells,Alice2018Test,S2,12,power-active,48,Inverted42,Last-value,0.4258763993950146,0.6773128534002106,-0.25143645400519604,-0.3063197996050203,-0.1757780225878299,0.37122646166088225,0.24848964224987602,0.46707198256597854,12,12,37574,2000,2000,0,2000
Qcells,Alice2018Test,S2,12,power-active,48,Inverted43,Daily,0.4742696879257389,0.40327269802022986,0.07099698990550907,-0.05352324657195105,0.20373867669553877,-0.17605206167948317,-0.9294733262372821,0.08927126512567368,12,12,37574,2000,2000,0,2000
Qcells,Alice2018Test,S2,12,power-active,48,Inverted43,Last-value,0.4742696879257389,0.6773128534002106,-0.2030431654744717,-0.23571626754969968,-0.1569755552024378,0.2997775170737791,0.22063177214500845,0.3594422817932889,12,12,37574,2000,2000,0,2000
Qcells,Alice2018Test,S2,12,power-active,48,Inverted44,Daily,0.46426480822189614,0.40327269802022986,0.06099211020166628,-0.06875730177362657,0.19686598556236262,-0.1512428451047947,-0.8976153615764801,0.11395868614890231,12,12,37574,2000,2000,0,2000
Qcells,Alice2018Test,S2,12,power-active,48,Inverted44,Last-value,0.46426480822189614,0.6773128534002106,-0.2130480451783145,-0.242356337646756,-0.17068580710113992,0.31454894751927687,0.24188812412601257,0.36813749195779,12,12,37574,2000,2000,0,2000
Qcells,Alice2018Test,S2,12,power-active,48,Inverted mean,Daily,0.4548036318475499,0.40327269802022986,0.051530933827320026,-0.06483797424627498,0.17804854918731877,-0.12778185600041544,-0.815909317963505,0.10690170242095953,12,12,37574,2000,2000,0,2000
Qcells,Alice2018Test,S2,12,power-active,48,Inverted mean,Last-value,0.4548036318475499,0.6773128534002106,-0.22250922155266073,-0.26074510215741337,-0.16797766718721283,0.32851764208464607,0.2374291323167668,0.3980037637118476,12,12,37574,2000,2000,0,2000
Qcells,Alice2018Test,S2,12,power-active,48,Inverted mean,Original B,0.4548036318475499,0.37854676756516575,0.07625686428238414,0.029449126086907102,0.12960630250747499,-0.20144634908091433,-0.46333089073990236,-0.05870794942810263,12,12,37574,2000,2000,0,2000
Qcells,Alice2018Test,S2,12,power-active,48,Inverted mean,Expanded B,0.4548036318475499,0.38864475343370913,0.06615887841384076,-0.011787853529876702,0.14073539422784123,-0.17022969647556416,-0.5241465636145058,0.021856589751694803,12,12,37574,2000,2000,0,2000
Qcells,Alice2018Test,S2,12,power-active,48,Expanded B,Original B,0.38864475343370913,0.37854676756516575,0.01009798586854338,-0.026459761164456783,0.045418352814899414,-0.02667566264927901,-0.09061432457631696,0.08630971501776477,12,12,37574,2000,2000,0,2000
Qcells,Alice2018Test,S2,12,power-active,48,Expanded B,Expanded A,0.38864475343370913,0.572608206551131,-0.18396345311742185,-0.24860810671028252,-0.12969713526780952,0.3212728197268595,0.3011569124869794,0.37020137674351433,12,12,37574,2000,2000,0,2000
Qcells,Alice2018Test,S2,12,power-active,72,Original A,Daily,0.5726082065511309,0.40327269802022986,0.169335508530901,0.11672767525300531,0.21939374341892642,-0.4199032301522341,-0.8874058732279214,-0.314343336386761,8,8,37574,2000,2000,0,2000
Qcells,Alice2018Test,S2,12,power-active,72,Original A,Last-value,0.5726082065511309,0.6773128534002106,-0.10470464684907976,-0.26748371380700586,0.09583081348284368,0.15458830630992304,-0.13696580324304825,0.39921112202902925,8,8,37574,2000,2000,0,2000
Qcells,Alice2018Test,S2,12,power-active,72,Expanded A,Daily,0.5726082065511309,0.40327269802022986,0.169335508530901,0.11672767525300531,0.21939374341892642,-0.4199032301522341,-0.8874058732279214,-0.314343336386761,8,8,37574,2000,2000,0,2000
Qcells,Alice2018Test,S2,12,power-active,72,Expanded A,Last-value,0.5726082065511309,0.6773128534002106,-0.10470464684907976,-0.26748371380700586,0.09583081348284368,0.15458830630992304,-0.13696580324304825,0.39921112202902925,8,8,37574,2000,2000,0,2000
Qcells,Alice2018Test,S2,12,power-active,72,Original B,Daily,0.3785467675651657,0.40327269802022986,-0.02472593045506416,-0.09845018354965461,0.06882804779654474,0.061313177352323,-0.3074156694009217,0.1665492784155736,8,8,37574,2000,2000,0,2000
Qcells,Alice2018Test,S2,12,power-active,72,Original B,Last-value,0.3785467675651657,0.6773128534002106,-0.29876608583504494,-0.392719593823914,-0.19459275997409825,0.44110499946250104,0.27755593316007837,0.5911626862239848,8,8,37574,2000,2000,0,2000
Qcells,Alice2018Test,S2,12,power-active,72,Expanded B,Daily,0.38864475343370913,0.40327269802022986,-0.014627944586520725,-0.05269518769107861,0.045572943361080386,0.03627308433804988,-0.197935277664775,0.09156707761088168,8,8,37574,2000,2000,0,2000
Qcells,Alice2018Test,S2,12,power-active,72,Expanded B,Last-value,0.38864475343370913,0.6773128534002106,-0.2886680999665015,-0.39909120624042677,-0.15633698554818673,0.42619610497179405,0.22209033846017592,0.6038002945764235,8,8,37574,2000,2000,0,2000
Qcells,Alice2018Test,S2,12,power-active,72,Inverted42,Daily,0.42587639939501454,0.40327269802022986,0.02260370137478468,-0.06189056398109245,0.11973587358095314,-0.05605066121696822,-0.5322846507719635,0.10360269799602048,8,8,37574,2000,2000,0,2000
Qcells,Alice2018Test,S2,12,power-active,72,Inverted42,Last-value,0.42587639939501454,0.6773128534002106,-0.2514364540051961,-0.30777003817630544,-0.17132427753893723,0.37122646166088236,0.24375697869609902,0.4688802607894959,8,8,37574,2000,2000,0,2000
Qcells,Alice2018Test,S2,12,power-active,72,Inverted43,Daily,0.4742696879257389,0.40327269802022986,0.07099698990550907,-0.04641128567784258,0.19367846459455826,-0.17605206167948317,-0.8522431525746536,0.07707701188853289,8,8,37574,2000,2000,0,2000
Qcells,Alice2018Test,S2,12,power-active,72,Inverted43,Last-value,0.4742696879257389,0.6773128534002106,-0.2030431654744717,-0.23536823423132605,-0.15576423244346174,0.2997775170737791,0.22098802053115119,0.3576020695586092,8,8,37574,2000,2000,0,2000
Qcells,Alice2018Test,S2,12,power-active,72,Inverted44,Daily,0.46426480822189625,0.40327269802022986,0.060992110201666394,-0.05915531429256693,0.18414748034331418,-0.1512428451047949,-0.8171106380980384,0.09930766260643155,8,8,37574,2000,2000,0,2000
Qcells,Alice2018Test,S2,12,power-active,72,Inverted44,Last-value,0.46426480822189625,0.6773128534002106,-0.21304804517831438,-0.24383995687722285,-0.1683988255082054,0.31454894751927664,0.23876148111788603,0.3712744598888941,8,8,37574,2000,2000,0,2000
Qcells,Alice2018Test,S2,12,power-active,72,Inverted mean,Daily,0.4548036318475499,0.40327269802022986,0.05153093382732005,-0.055979279993524145,0.16599996802758832,-0.12778185600041544,-0.7336805637261467,0.09305450911271743,8,8,37574,2000,2000,0,2000
Qcells,Alice2018Test,S2,12,power-active,72,Inverted mean,Last-value,0.4548036318475499,0.6773128534002106,-0.22250922155266073,-0.2622644538643693,-0.16536125882031932,0.328517642084646,0.2348137692980604,0.3986679614572393,8,8,37574,2000,2000,0,2000
Qcells,Alice2018Test,S2,12,power-active,72,Inverted mean,Original B,0.4548036318475499,0.3785467675651657,0.0762568642823842,0.027351690680992146,0.13567328076514742,-0.20144634908091455,-0.49806831616424235,-0.0541569134138909,8,8,37574,2000,2000,0,2000
Qcells,Alice2018Test,S2,12,power-active,72,Inverted mean,Expanded B,0.4548036318475499,0.38864475343370913,0.06615887841384077,-0.011523333654151707,0.14476211921699386,-0.17022969647556416,-0.5473709817032018,0.021228364101694163,8,8,37574,2000,2000,0,2000
Qcells,Alice2018Test,S2,12,power-active,72,Expanded B,Original B,0.38864475343370913,0.3785467675651657,0.010097985868543435,-0.028515340178730003,0.04609302367982262,-0.02667566264927923,-0.09236385696039168,0.09066322761836043,8,8,37574,2000,2000,0,2000
Qcells,Alice2018Test,S2,12,power-active,72,Expanded B,Expanded A,0.38864475343370913,0.5726082065511309,-0.18396345311742174,-0.25223845663891964,-0.12625059730348165,0.3212728197268594,0.30046461598569313,0.3691324328258043,8,8,37574,2000,2000,0,2000
Qcells,Alice2018Test,S2,12,low-power,24,Original A,Daily,0.10689796149258501,0.0010679202088644923,0.10583004128372052,0.08736143904063537,0.13183401069622872,-99.09920273561302,-129.81350615821648,-77.35761924964952,24,24,43172,2000,2000,0,2000
Qcells,Alice2018Test,S2,12,low-power,24,Original A,Last-value,0.10689796149258501,0.12488377621611456,-0.017985814723529545,-0.03639911349250833,0.01234260271755489,0.14402042657970748,-0.10863040995961847,0.2804857483800771,24,24,43172,2000,2000,0,2000
Qcells,Alice2018Test,S2,12,low-power,24,Expanded A,Daily,0.10689796149258501,0.0010679202088644923,0.10583004128372052,0.08736143904063537,0.13183401069622872,-99.09920273561302,-129.81350615821648,-77.35761924964952,24,24,43172,2000,2000,0,2000
Qcells,Alice2018Test,S2,12,low-power,24,Expanded A,Last-value,0.10689796149258501,0.12488377621611456,-0.017985814723529545,-0.03639911349250833,0.01234260271755489,0.14402042657970748,-0.10863040995961847,0.2804857483800771,24,24,43172,2000,2000,0,2000
Qcells,Alice2018Test,S2,12,low-power,24,Original B,Daily,0.057616055357446766,0.0010679202088644923,0.05654813514858227,0.05336149495871939,0.059908030297102316,-52.9516481467368,-62.93102665495505,-46.01445425775328,24,24,43172,2000,2000,0,2000
Qcells,Alice2018Test,S2,12,low-power,24,Original B,Last-value,0.057616055357446766,0.12488377621611456,-0.06726772085866779,-0.07603547669650504,-0.05710538135243376,0.53864259151052,0.4945142899514437,0.5642444786089237,24,24,43172,2000,2000,0,2000
Qcells,Alice2018Test,S2,12,low-power,24,Expanded B,Daily,0.11081821486554926,0.0010679202088644923,0.10975029465668476,0.10456414968403377,0.11492177827917704,-102.77012621886895,-122.09724649249918,-89.28188985787058,24,24,43172,2000,2000,0,2000
Qcells,Alice2018Test,S2,12,low-power,24,Expanded B,Last-value,0.11081821486554926,0.12488377621611456,-0.014065561350565303,-0.020297309746348836,-0.006581149533159202,0.11262921235040568,0.056167386705906694,0.1514767011919621,24,24,43172,2000,2000,0,2000
Qcells,Alice2018Test,S2,12,low-power,24,Inverted42,Daily,0.12064366507510672,0.0010679202088644923,0.11957574486624223,0.11536311358650357,0.12406909975383094,-111.97067334589144,-132.68321363992015,-97.97275947981962,24,24,43172,2000,2000,0,2000
Qcells,Alice2018Test,S2,12,low-power,24,Inverted42,Last-value,0.12064366507510672,0.12488377621611456,-0.004240111141007835,-0.013514267632875318,0.006782191451480829,0.03395245779299794,-0.05900673526400267,0.10071272637096375,24,24,43172,2000,2000,0,2000
Qcells,Alice2018Test,S2,12,low-power,24,Inverted43,Daily,0.18820714069812594,0.0010679202088644923,0.18713922048926146,0.1824098980256412,0.1923879956016749,-175.23708132487212,-206.88640347300984,-153.52073636713618,24,24,43172,2000,2000,0,2000
Qcells,Alice2018Test,S2,12,low-power,24,Inverted43,Last-value,0.18820714069812594,0.12488377621611456,0.06332336448201138,0.053333016222268145,0.07515306271188645,-0.5070583737989207,-0.6545074432623619,-0.3978812489014168,24,24,43172,2000,2000,0,2000
Qcells,Alice2018Test,S2,12,low-power,24,Inverted44,Daily,0.13472005050408736,0.0010679202088644923,0.13365213029522288,0.1255966600427133,0.14452937309538397,-125.15179428745309,-148.85897777022376,-108.30934745146187,24,24,43172,2000,2000,0,2000
Qcells,Alice2018Test,S2,12,low-power,24,Inverted44,Last-value,0.13472005050408736,0.12488377621611456,0.009836274287972804,-0.003125269539875059,0.027217135496916275,-0.07876342777264256,-0.23471200129334038,0.02351127033119973,24,24,43172,2000,2000,0,2000
Qcells,Alice2018Test,S2,12,low-power,24,Inverted mean,Daily,0.14785695209244,0.0010679202088644923,0.14678903188357553,0.14150300526998505,0.1534302818532042,-137.45318298607222,-163.0647563861334,-120.2977831877348,24,24,43172,2000,2000,0,2000
Qcells,Alice2018Test,S2,12,low-power,24,Inverted mean,Last-value,0.14785695209244,0.12488377621611456,0.02297317587632545,0.012435983282692232,0.03640331708409798,-0.18395644792618845,-0.3141922300960456,-0.0928587850641765,24,24,43172,2000,2000,0,2000
Qcells,Alice2018Test,S2,12,low-power,24,Inverted mean,Original B,0.14785695209244,0.057616055357446766,0.09024089673499325,0.0869522805350033,0.09434622680781246,-1.5662456614765414,-1.6493223556088576,-1.486603529241052,24,24,43172,2000,2000,0,2000
Qcells,Alice2018Test,S2,12,low-power,24,Inverted mean,Expanded B,0.14785695209244,0.11081821486554926,0.03703873722689075,0.03191774255563115,0.043242613958990664,-0.33422968662532765,-0.4003497506545193,-0.2792888986506399,24,24,43172,2000,2000,0,2000
Qcells,Alice2018Test,S2,12,low-power,24,Expanded B,Original B,0.11081821486554926,0.057616055357446766,0.05320215950810249,0.05003281980135956,0.05617784879759126,-0.9233912175701597,-0.9777683861807198,-0.8590183424334779,24,24,43172,2000,2000,0,2000
Qcells,Alice2018Test,S2,12,low-power,24,Expanded B,Expanded A,0.11081821486554926,0.10689796149258501,0.003920253372964241,-0.018205809812817452,0.018685773195968435,-0.03667285435780898,-0.20973784501562304,0.13919663367647922,24,24,43172,2000,2000,0,2000
Qcells,Alice2018Test,S2,12,low-power,48,Original A,Daily,0.10689796149258501,0.0010679202088644923,0.10583004128372052,0.08529675045620753,0.13052400030931338,-99.09920273561302,-122.74665707685558,-78.6341304843598,12,12,43172,2000,2000,0,2000
Qcells,Alice2018Test,S2,12,low-power,48,Original A,Last-value,0.10689796149258501,0.12488377621611456,-0.017985814723529545,-0.036853583521492476,0.012191661851721035,0.14402042657970748,-0.109461604993901,0.28220643650744875,12,12,43172,2000,2000,0,2000
Qcells,Alice2018Test,S2,12,low-power,48,Expanded A,Daily,0.10689796149258501,0.0010679202088644923,0.10583004128372052,0.08529675045620753,0.13052400030931338,-99.09920273561302,-122.74665707685558,-78.6341304843598,12,12,43172,2000,2000,0,2000
Qcells,Alice2018Test,S2,12,low-power,48,Expanded A,Last-value,0.10689796149258501,0.12488377621611456,-0.017985814723529545,-0.036853583521492476,0.012191661851721035,0.14402042657970748,-0.109461604993901,0.28220643650744875,12,12,43172,2000,2000,0,2000
Qcells,Alice2018Test,S2,12,low-power,48,Original B,Daily,0.057616055357446766,0.0010679202088644923,0.05654813514858227,0.05256324810460985,0.060522897276456884,-52.9516481467368,-62.07355108137742,-47.0223176367306,12,12,43172,2000,2000,0,2000
Qcells,Alice2018Test,S2,12,low-power,48,Original B,Last-value,0.057616055357446766,0.12488377621611456,-0.06726772085866779,-0.07845103428022039,-0.05468718785705063,0.53864259151052,0.48832486075096865,0.5685009267654182,12,12,43172,2000,2000,0,2000
Qcells,Alice2018Test,S2,12,low-power,48,Expanded B,Daily,0.11081821486554926,0.0010679202088644923,0.10975029465668476,0.10254156029746811,0.11664712537090327,-102.77012621886895,-122.03016557152893,-90.34783791984277,12,12,43172,2000,2000,0,2000
Qcells,Alice2018Test,S2,12,low-power,48,Expanded B,Last-value,0.11081821486554926,0.12488377621611456,-0.014065561350565303,-0.02180393020923179,-0.005240571873625544,0.11262921235040568,0.046619764983625606,0.1576772498748081,12,12,43172,2000,2000,0,2000
Qcells,Alice2018Test,S2,12,low-power,48,Inverted42,Daily,0.12064366507510672,0.0010679202088644923,0.11957574486624223,0.11442602687671724,0.1248658735956052,-111.97067334589144,-131.6127308855741,-100.13441634046512,12,12,43172,2000,2000,0,2000
Qcells,Alice2018Test,S2,12,low-power,48,Inverted42,Last-value,0.12064366507510672,0.12488377621611456,-0.004240111141007835,-0.015604584716742493,0.009527672692212628,0.03395245779299794,-0.08640938746399626,0.11272638521949041,12,12,43172,2000,2000,0,2000
Qcells,Alice2018Test,S2,12,low-power,48,Inverted43,Daily,0.18820714069812594,0.0010679202088644923,0.18713922048926146,0.18262114420938208,0.1920406300540734,-175.23708132487212,-205.07306411175566,-157.0800231783902,12,12,43172,2000,2000,0,2000
Qcells,Alice2018Test,S2,12,low-power,48,Inverted43,Last-value,0.18820714069812594,0.12488377621611456,0.06332336448201138,0.051642538837925224,0.07644126453799423,-0.5070583737989207,-0.6874013338010331,-0.37233936653882116,12,12,43172,2000,2000,0,2000
Qcells,Alice2018Test,S2,12,low-power,48,Inverted44,Daily,0.13472005050408736,0.0010679202088644923,0.13365213029522288,0.12444021857234086,0.14499630687023207,-125.15179428745309,-145.81528529532122,-111.25922570740208,12,12,43172,2000,2000,0,2000
Qcells,Alice2018Test,S2,12,low-power,48,Inverted44,Last-value,0.13472005050408736,0.12488377621611456,0.009836274287972804,-0.005177829876453883,0.029546991583698303,-0.07876342777264256,-0.2601017268609939,0.038132419164085635,12,12,43172,2000,2000,0,2000
Qcells,Alice2018Test,S2,12,low-power,48,Inverted mean,Daily,0.14785695209244,0.0010679202088644923,0.14678903188357553,0.14071821483947086,0.15357535876522402,-137.45318298607222,-160.45755041910684,-123.50621291135016,12,12,43172,2000,2000,0,2000
Qcells,Alice2018Test,S2,12,low-power,48,Inverted mean,Last-value,0.14785695209244,0.12488377621611456,0.02297317587632545,0.01060456355101192,0.03810563190537999,-0.18395644792618845,-0.34289794091682063,-0.07611184699301925,12,12,43172,2000,2000,0,2000
Qcells,Alice2018Test,S2,12,low-power,48,Inverted mean,Original B,0.14785695209244,0.057616055357446766,0.09024089673499325,0.08714029085025891,0.09418001179470463,-1.5662456614765414,-1.6710564030963493,-1.468941125510918,12,12,43172,2000,2000,0,2000
Qcells,Alice2018Test,S2,12,low-power,48,Inverted mean,Expanded B,0.14785695209244,0.11081821486554926,0.03703873722689075,0.03102912675823049,0.043696726508192556,-0.33422968662532765,-0.4101878216524682,-0.26809219499690756,12,12,43172,2000,2000,0,2000
Qcells,Alice2018Test,S2,12,low-power,48,Expanded B,Original B,0.11081821486554926,0.057616055357446766,0.05320215950810249,0.048994240524126126,0.057155791483514816,-0.9233912175701597,-0.9850773827019287,-0.855191250044953,12,12,43172,2000,2000,0,2000
Qcells,Alice2018Test,S2,12,low-power,48,Expanded B,Expanded A,0.11081821486554926,0.10689796149258501,0.003920253372964241,-0.01796831302299551,0.019564249450661535,-0.03667285435780898,-0.22553354918401425,0.13913455288999702,12,12,43172,2000,2000,0,2000
Qcells,Alice2018Test,S2,12,low-power,72,Original A,Daily,0.106897961492585,0.0010679202088644923,0.1058300412837205,0.08226548610099832,0.13074416700180283,-99.099202735613,-122.35878731282769,-77.1851643158601,8,8,43172,2000,2000,0,2000
Qcells,Alice2018Test,S2,12,low-power,72,Original A,Last-value,0.106897961492585,0.12488377621611454,-0.017985814723529545,-0.03899483240173186,0.013555007302238131,0.14402042657970748,-0.11970615058327073,0.291433977039576,8,8,43172,2000,2000,0,2000
Qcells,Alice2018Test,S2,12,low-power,72,Expanded A,Daily,0.106897961492585,0.0010679202088644923,0.1058300412837205,0.08226548610099832,0.13074416700180283,-99.099202735613,-122.35878731282769,-77.1851643158601,8,8,43172,2000,2000,0,2000
Qcells,Alice2018Test,S2,12,low-power,72,Expanded A,Last-value,0.106897961492585,0.12488377621611454,-0.017985814723529545,-0.03899483240173186,0.013555007302238131,0.14402042657970748,-0.11970615058327073,0.291433977039576,8,8,43172,2000,2000,0,2000
Qcells,Alice2018Test,S2,12,low-power,72,Original B,Daily,0.057616055357446766,0.0010679202088644923,0.05654813514858227,0.052151426375830146,0.061444975146058824,-52.9516481467368,-59.4001740963056,-48.089296551803045,8,8,43172,2000,2000,0,2000
Qcells,Alice2018Test,S2,12,low-power,72,Original B,Last-value,0.057616055357446766,0.12488377621611454,-0.06726772085866778,-0.08109275923084866,-0.053331311814873446,0.53864259151052,0.4829356241856241,0.5724936088475719,8,8,43172,2000,2000,0,2000
Qcells,Alice2018Test,S2,12,low-power,72,Expanded B,Daily,0.11081821486554924,0.0010679202088644923,0.10975029465668475,0.10162824446333292,0.118285357171306,-102.77012621886894,-115.09215367648581,-92.76262117346793,8,8,43172,2000,2000,0,2000
Qcells,Alice2018Test,S2,12,low-power,72,Expanded B,Last-value,0.11081821486554924,0.12488377621611454,-0.014065561350565303,-0.024059395308996423,-0.004295341867438505,0.11262921235040568,0.038323762523958874,0.16993826373523604,8,8,43172,2000,2000,0,2000
Qcells,Alice2018Test,S2,12,low-power,72,Inverted42,Daily,0.12064366507510672,0.0010679202088644923,0.11957574486624223,0.11418888305590912,0.12503087559564124,-111.97067334589144,-123.63778947117595,-104.97671651337896,8,8,43172,2000,2000,0,2000
Qcells,Alice2018Test,S2,12,low-power,72,Inverted42,Last-value,0.12064366507510672,0.12488377621611454,-0.004240111141007821,-0.018883678760582525,0.01082054418276205,0.033952457792997826,-0.09814514160927446,0.1314388830600533,8,8,43172,2000,2000,0,2000
Qcells,Alice2018Test,S2,12,low-power,72,Inverted43,Daily,0.18820714069812597,0.0010679202088644923,0.1871392204892615,0.1832765358668634,0.19157183442962092,-175.23708132487215,-193.08745596787085,-165.21227351393904,8,8,43172,2000,2000,0,2000
Qcells,Alice2018Test,S2,12,low-power,72,Inverted43,Last-value,0.18820714069812597,0.12488377621611454,0.06332336448201142,0.04851068764716788,0.07765846123724936,-0.5070583737989212,-0.7076360178573733,-0.34337537204086466,8,8,43172,2000,2000,0,2000
Qcells,Alice2018Test,S2,12,low-power,72,Inverted44,Daily,0.13472005050408736,0.0010679202088644923,0.13365213029522288,0.1248637653085818,0.1447571501032149,-125.15179428745309,-138.76084488235503,-114.82215335397953,8,8,43172,2000,2000,0,2000
Qcells,Alice2018Test,S2,12,low-power,72,Inverted44,Last-value,0.13472005050408736,0.12488377621611454,0.009836274287972818,-0.007966343226851302,0.03067419601600568,-0.07876342777264278,-0.2795767728598103,0.05708422843216951,8,8,43172,2000,2000,0,2000
Qcells,Alice2018Test,S2,12,low-power,72,Inverted mean,Daily,0.14785695209244,0.0010679202088644923,0.14678903188357553,0.14104118634298884,0.1534963302500915,-137.45318298607222,-151.07133677770585,-129.03987003108068,8,8,43172,2000,2000,0,2000
Qcells,Alice2018Test,S2,12,low-power,72,Inverted mean,Last-value,0.14785695209244,0.12488377621611454,0.022973175876325472,0.007018076586702601,0.03973987424421696,-0.1839564479261887,-0.35592080076394883,-0.04897914633295971,8,8,43172,2000,2000,0,2000
Qcells,Alice2018Test,S2,12,low-power,72,Inverted mean,Original B,0.14785695209244,0.057616055357446766,0.09024089673499325,0.08754462210375345,0.09373012309486455,-1.5662456614765417,-1.6812003435147649,-1.440136514245064,8,8,43172,2000,2000,0,2000
Qcells,Alice2018Test,S2,12,low-power,72,Inverted mean,Expanded B,0.14785695209244,0.11081821486554924,0.03703873722689078,0.030887270918755774,0.043893309270867834,-0.33422968662532787,-0.4154038283464084,-0.2621566859838771,8,8,43172,2000,2000,0,2000
Qcells,Alice2018Test,S2,12,low-power,72,Expanded B,Original B,0.11081821486554924,0.057616055357446766,0.053202159508102476,0.048611557394097005,0.05783990094444431,-0.9233912175701595,-0.9984132094575282,-0.8510378407337345,8,8,43172,2000,2000,0,2000
Qcells,Alice2018Test,S2,12,low-power,72,Expanded B,Expanded A,0.11081821486554924,0.106897961492585,0.003920253372964241,-0.018294761326075215,0.02038781421096894,-0.03667285435780898,-0.24414718352756942,0.14066475146363228,8,8,43172,2000,2000,0,2000
Qcells,Alice2018Test,S1_new_origins,12,full,24,Original A,Daily,0.4291419631785914,0.05221381772201268,0.3769281454565787,0.31786511468830786,0.45908806192621365,-7.218934793532069,-15.609144086686152,-4.854091210372012,24,24,3162,2000,2000,0,2000
Qcells,Alice2018Test,S1_new_origins,12,full,24,Original A,Last-value,0.4291419631785914,0.4760105716276976,-0.04686860844910623,-0.11526531076664538,0.05807369998986129,0.0984612763721634,-0.12863603047076294,0.23272309082898066,24,24,3162,2000,2000,0,2000
Qcells,Alice2018Test,S1_new_origins,12,full,24,Expanded A,Daily,0.4291419631785914,0.05221381772201268,0.3769281454565787,0.31786511468830786,0.45908806192621365,-7.218934793532069,-15.609144086686152,-4.854091210372012,24,24,3162,2000,2000,0,2000
Qcells,Alice2018Test,S1_new_origins,12,full,24,Expanded A,Last-value,0.4291419631785914,0.4760105716276976,-0.04686860844910623,-0.11526531076664538,0.05807369998986129,0.0984612763721634,-0.12863603047076294,0.23272309082898066,24,24,3162,2000,2000,0,2000
Qcells,Alice2018Test,S1_new_origins,12,full,24,Original B,Daily,0.20470655175562352,0.05221381772201268,0.15249273403361085,0.12974122623996134,0.17794681187883932,-2.920543654660246,-7.716587575851556,-1.6998001393637894,24,24,3162,2000,2000,0,2000
Qcells,Alice2018Test,S1_new_origins,12,full,24,Original B,Last-value,0.20470655175562352,0.4760105716276976,-0.2713040198720741,-0.30136853936755176,-0.23618135030463583,0.5699537700273372,0.5217504818049358,0.5994407739305212,24,24,3162,2000,2000,0,2000
Qcells,Alice2018Test,S1_new_origins,12,full,24,Expanded B,Daily,0.42904752732001583,0.05221381772201268,0.37683370959800316,0.343692027952106,0.4138996255603842,-7.217126156226934,-17.569678548321747,-4.597027459554871,24,24,3162,2000,2000,0,2000
Qcells,Alice2018Test,S1_new_origins,12,full,24,Expanded B,Last-value,0.42904752732001583,0.4760105716276976,-0.04696304430768178,-0.06883093209968891,-0.01831736181153896,0.09865966662692738,0.04061223664759649,0.13902965037192533,24,24,3162,2000,2000,0,2000
Qcells,Alice2018Test,S1_new_origins,12,full,24,Inverted42,Daily,0.34592581646363557,0.05221381772201268,0.2937119987416229,0.2638839462975952,0.3232368968200043,-5.625177616878179,-13.904000498290477,-3.4584098255553597,24,24,3162,2000,2000,0,2000
Qcells,Alice2018Test,S1_new_origins,12,full,24,Inverted42,Last-value,0.34592581646363557,0.4760105716276976,-0.13008475516406204,-0.15934823870185869,-0.09623024529730896,0.2732812313794688,0.2128747208687184,0.31718479805916144,24,24,3162,2000,2000,0,2000
Qcells,Alice2018Test,S1_new_origins,12,full,24,Inverted43,Daily,0.4023756274995682,0.05221381772201268,0.3501618097775555,0.31964840333682243,0.3809840579550142,-6.706305438951493,-16.42716770544563,-4.195774900254622,24,24,3162,2000,2000,0,2000
Qcells,Alice2018Test,S1_new_origins,12,full,24,Inverted43,Last-value,0.4023756274995682,0.4760105716276976,-0.07363494412812943,-0.10750931579336157,-0.038394931485257654,0.1546918251759366,0.08507893001686717,0.21390273511684219,24,24,3162,2000,2000,0,2000
Qcells,Alice2018Test,S1_new_origins,12,full,24,Inverted44,Daily,0.34991336602052914,0.05221381772201268,0.29769954829851647,0.2674466156442263,0.3223469177384341,-5.701547239534835,-13.808464929686206,-3.6180198989733814,24,24,3162,2000,2000,0,2000
Qcells,Alice2018Test,S1_new_origins,12,full,24,Inverted44,Last-value,0.34991336602052914,0.4760105716276976,-0.12609720560716847,-0.1623570342530236,-0.08033424142276861,0.26490421247575346,0.17820223501864818,0.3249515466598185,24,24,3162,2000,2000,0,2000
Qcells,Alice2018Test,S1_new_origins,12,full,24,Inverted mean,Daily,0.366071603327911,0.05221381772201268,0.31385778560589833,0.2837253867802881,0.34164947640846,-6.011010098454836,-14.707003502745867,-3.747001452093868,24,24,3162,2000,2000,0,2000
Qcells,Alice2018Test,S1_new_origins,12,full,24,Inverted mean,Last-value,0.366071603327911,0.4760105716276976,-0.10993896829978665,-0.14268470221417034,-0.07165924217338047,0.23095908967705295,0.1593340609189535,0.28414256904092045,24,24,3162,2000,2000,0,2000
Qcells,Alice2018Test,S1_new_origins,12,full,24,Inverted mean,Original B,0.366071603327911,0.20470655175562352,0.16136505157228745,0.15240906970279428,0.16896100495362346,-0.7882749730693686,-0.8470874658849721,-0.7299387273931491,24,24,3162,2000,2000,0,2000
Qcells,Alice2018Test,S1_new_origins,12,full,24,Inverted mean,Expanded B,0.366071603327911,0.42904752732001583,-0.06297592399210487,-0.08291389882765401,-0.04300895296653115,0.14678076432574963,0.1039454339322248,0.18750716567077846,24,24,3162,2000,2000,0,2000
Qcells,Alice2018Test,S1_new_origins,12,full,24,Expanded B,Original B,0.42904752732001583,0.20470655175562352,0.2243409755643923,0.20910749516053667,0.24061466503003798,-1.0959149750722594,-1.1869248138726973,-0.9974347006232624,24,24,3162,2000,2000,0,2000
Qcells,Alice2018Test,S1_new_origins,12,full,24,Expanded B,Expanded A,0.42904752732001583,0.4291419631785914,-9.443585857554782e-05,-0.07727555236736727,0.051464115790168095,0.0002200573858498478,-0.13406949793497058,0.15211380753877377,24,24,3162,2000,2000,0,2000
Qcells,Alice2018Test,S1_new_origins,12,full,48,Original A,Daily,0.4291419631785914,0.05221381772201268,0.3769281454565787,0.34853823280298607,0.4287883395706281,-7.218934793532069,-18.37317125848313,-5.034151805873671,12,12,3162,2000,2000,0,2000
Qcells,Alice2018Test,S1_new_origins,12,full,48,Original A,Last-value,0.4291419631785914,0.47601057162769767,-0.046868608449106286,-0.11885404506565621,0.06110778289565572,0.09846127637216351,-0.13663952087333486,0.23591919233818726,12,12,3162,2000,2000,0,2000
Qcells,Alice2018Test,S1_new_origins,12,full,48,Expanded A,Daily,0.4291419631785914,0.05221381772201268,0.3769281454565787,0.34853823280298607,0.4287883395706281,-7.218934793532069,-18.37317125848313,-5.034151805873671,12,12,3162,2000,2000,0,2000
Qcells,Alice2018Test,S1_new_origins,12,full,48,Expanded A,Last-value,0.4291419631785914,0.47601057162769767,-0.046868608449106286,-0.11885404506565621,0.06110778289565572,0.09846127637216351,-0.13663952087333486,0.23591919233818726,12,12,3162,2000,2000,0,2000
Qcells,Alice2018Test,S1_new_origins,12,full,48,Original B,Daily,0.2047065517556235,0.05221381772201268,0.1524927340336108,0.12805739072271474,0.18163213027338423,-2.9205436546602455,-9.1144209013894,-1.52836309454558,12,12,3162,2000,2000,0,2000
Qcells,Alice2018Test,S1_new_origins,12,full,48,Original B,Last-value,0.2047065517556235,0.47601057162769767,-0.2713040198720742,-0.30556221294773644,-0.23082824460481802,0.5699537700273374,0.5200988255878143,0.6018170330477037,12,12,3162,2000,2000,0,2000
Qcells,Alice2018Test,S1_new_origins,12,full,48,Expanded B,Daily,0.42904752732001583,0.05221381772201268,0.37683370959800316,0.34046460911692755,0.41684641874637685,-7.217126156226934,-20.54300923414051,-4.12896381486468,12,12,3162,2000,2000,0,2000
Qcells,Alice2018Test,S1_new_origins,12,full,48,Expanded B,Last-value,0.42904752732001583,0.47601057162769767,-0.046963044307681834,-0.07195587710247847,-0.016076703487655216,0.09865966662692749,0.035564871850241334,0.1435396571033685,12,12,3162,2000,2000,0,2000
Qcells,Alice2018Test,S1_new_origins,12,full,48,Inverted42,Daily,0.34592581646363557,0.05221381772201268,0.2937119987416229,0.26119832927640774,0.3274483394165387,-5.625177616878179,-16.34415142439748,-3.1233331551095307,12,12,3162,2000,2000,0,2000
Qcells,Alice2018Test,S1_new_origins,12,full,48,Inverted42,Last-value,0.34592581646363557,0.47601057162769767,-0.1300847551640621,-0.16062048392250228,-0.0945792309293266,0.2732812313794689,0.21457723275112503,0.3174439622418487,12,12,3162,2000,2000,0,2000
Qcells,Alice2018Test,S1_new_origins,12,full,48,Inverted43,Daily,0.4023756274995682,0.05221381772201268,0.3501618097775555,0.31602692017700246,0.38722728237496346,-6.706305438951493,-19.463797188462227,-3.7084686609578434,12,12,3162,2000,2000,0,2000
Qcells,Alice2018Test,S1_new_origins,12,full,48,Inverted43,Last-value,0.4023756274995682,0.47601057162769767,-0.07363494412812949,-0.1100518797527065,-0.03617118427754645,0.15469182517593671,0.08219744660073021,0.21615516894726755,12,12,3162,2000,2000,0,2000
Qcells,Alice2018Test,S1_new_origins,12,full,48,Inverted44,Daily,0.34991336602052914,0.05221381772201268,0.29769954829851647,0.2772621069569947,0.32619541953329606,-5.701547239534835,-16.383998683053697,-3.2823594294557563,12,12,3162,2000,2000,0,2000
Qcells,Alice2018Test,S1_new_origins,12,full,48,Inverted44,Last-value,0.34991336602052914,0.47601057162769767,-0.12609720560716853,-0.16490552905202577,-0.08079415578086707,0.2649042124757536,0.18055118701576953,0.3236079214819235,12,12,3162,2000,2000,0,2000
Qcells,Alice2018Test,S1_new_origins,12,full,48,Inverted mean,Daily,0.366071603327911,0.05221381772201268,0.31385778560589833,0.2852293013799931,0.3459717917636331,-6.011010098454836,-17.389226515936592,-3.3731992535394117,12,12,3162,2000,2000,0,2000
Qcells,Alice2018Test,S1_new_origins,12,full,48,Inverted mean,Last-value,0.366071603327911,0.47601057162769767,-0.10993896829978671,-0.14383463091524182,-0.07111092250389495,0.23095908967705306,0.16125524468973146,0.2836908436905898,12,12,3162,2000,2000,0,2000
Qcells,Alice2018Test,S1_new_origins,12,full,48,Inverted mean,Original B,0.366071603327911,0.2047065517556235,0.16136505157228745,0.15347242954300186,0.16881762196603214,-0.7882749730693689,-0.8587727280017591,-0.7160038384076942,12,12,3162,2000,2000,0,2000
Qcells,Alice2018Test,S1_new_origins,12,full,48,Inverted mean,Expanded B,0.366071603327911,0.42904752732001583,-0.06297592399210487,-0.08228305270373128,-0.0446925853533612,0.14678076432574963,0.10784112380601575,0.18558586473445562,12,12,3162,2000,2000,0,2000
Qcells,Alice2018Test,S1_new_origins,12,full,48,Expanded B,Original B,0.42904752732001583,0.2047065517556235,0.22434097556439234,0.20887359313401213,0.24059778111331456,-1.0959149750722594,-1.1951986594232906,-0.9949578983340587,12,12,3162,2000,2000,0,2000
Qcells,Alice2018Test,S1_new_origins,12,full,48,Expanded B,Expanded A,0.42904752732001583,0.4291419631785914,-9.443585857554782e-05,-0.0780030839075799,0.05158650953508659,0.0002200573858498478,-0.13397812479169202,0.15379490481394673,12,12,3162,2000,2000,0,2000
Qcells,Alice2018Test,S1_new_origins,12,full,72,Original A,Daily,0.4291419631785914,0.05221381772201268,0.3769281454565787,0.34565225922386705,0.4309633623123527,-7.218934793532069,-18.2406024366238,-5.055723582854924,8,8,3162,2000,2000,0,2000
Qcells,Alice2018Test,S1_new_origins,12,full,72,Original A,Last-value,0.4291419631785914,0.4760105716276976,-0.04686860844910623,-0.12472188798568998,0.0667514869950307,0.0984612763721634,-0.15105803016416094,0.24597635437772195,8,8,3162,2000,2000,0,2000
Qcells,Alice2018Test,S1_new_origins,12,full,72,Expanded A,Daily,0.4291419631785914,0.05221381772201268,0.3769281454565787,0.34565225922386705,0.4309633623123527,-7.218934793532069,-18.2406024366238,-5.055723582854924,8,8,3162,2000,2000,0,2000
Qcells,Alice2018Test,S1_new_origins,12,full,72,Expanded A,Last-value,0.4291419631785914,0.4760105716276976,-0.04686860844910623,-0.12472188798568998,0.0667514869950307,0.0984612763721634,-0.15105803016416094,0.24597635437772195,8,8,3162,2000,2000,0,2000
Qcells,Alice2018Test,S1_new_origins,12,full,72,Original B,Daily,0.2047065517556235,0.05221381772201268,0.1524927340336108,0.12786182342432492,0.18253181290287868,-2.9205436546602455,-9.26260857134656,-1.5323666532096452,8,8,3162,2000,2000,0,2000
Qcells,Alice2018Test,S1_new_origins,12,full,72,Original B,Last-value,0.2047065517556235,0.4760105716276976,-0.2713040198720741,-0.3106442329719365,-0.22195802762960465,0.5699537700273373,0.5134580509927116,0.6048832781512878,8,8,3162,2000,2000,0,2000
Qcells,Alice2018Test,S1_new_origins,12,full,72,Expanded B,Daily,0.42904752732001583,0.05221381772201268,0.37683370959800316,0.3401434512477076,0.4178100725804161,-7.217126156226934,-20.505706807176853,-4.137066839614941,8,8,3162,2000,2000,0,2000
Qcells,Alice2018Test,S1_new_origins,12,full,72,Expanded B,Last-value,0.42904752732001583,0.4760105716276976,-0.04696304430768178,-0.07582968655869438,-0.009377031901433797,0.09865966662692738,0.021511109767989707,0.15013788882961865,8,8,3162,2000,2000,0,2000
Qcells,Alice2018Test,S1_new_origins,12,full,72,Inverted42,Daily,0.34592581646363557,0.05221381772201268,0.2937119987416229,0.2605618381356495,0.32865593277085114,-5.625177616878179,-16.48119271063749,-3.112722693610372,8,8,3162,2000,2000,0,2000
Qcells,Alice2018Test,S1_new_origins,12,full,72,Inverted42,Last-value,0.34592581646363557,0.4760105716276976,-0.13008475516406204,-0.16715865125826482,-0.08727200740131782,0.2732812313794688,0.20259878977604595,0.32405118370915253,8,8,3162,2000,2000,0,2000
Qcells,Alice2018Test,S1_new_origins,12,full,72,Inverted43,Daily,0.4023756274995682,0.05221381772201268,0.3501618097775555,0.3134691643421688,0.39061076275236667,-6.706305438951493,-19.665259229184034,-3.7257650618813503,8,8,3162,2000,2000,0,2000
Qcells,Alice2018Test,S1_new_origins,12,full,72,Inverted43,Last-value,0.4023756274995682,0.4760105716276976,-0.07363494412812943,-0.11675582309570827,-0.0293366893311446,0.1546918251759366,0.06735122486956516,0.22648999965930086,8,8,3162,2000,2000,0,2000
Qcells,Alice2018Test,S1_new_origins,12,full,72,Inverted44,Daily,0.34991336602052914,0.05221381772201268,0.29769954829851647,0.27725045719011004,0.32604663878099593,-5.701547239534835,-16.230123490846353,-3.319832548603496,8,8,3162,2000,2000,0,2000
Qcells,Alice2018Test,S1_new_origins,12,full,72,Inverted44,Last-value,0.34991336602052914,0.4760105716276976,-0.12609720560716847,-0.1704108893654425,-0.07177663236591064,0.26490421247575346,0.16642246968122487,0.3314341660491298,8,8,3162,2000,2000,0,2000
Qcells,Alice2018Test,S1_new_origins,12,full,72,Inverted mean,Daily,0.366071603327911,0.05221381772201268,0.31385778560589833,0.28401417348125363,0.34750176822208395,-6.011010098454836,-17.458811769950096,-3.3878803631346948,8,8,3162,2000,2000,0,2000
Qcells,Alice2018Test,S1_new_origins,12,full,72,Inverted mean,Last-value,0.366071603327911,0.4760105716276976,-0.10993896829978665,-0.15062022840037165,-0.06309604630199857,0.23095908967705295,0.14652954924097014,0.2943401797241608,8,8,3162,2000,2000,0,2000
Qcells,Alice2018Test,S1_new_origins,12,full,72,Inverted mean,Original B,0.366071603327911,0.2047065517556235,0.16136505157228745,0.15298587767941405,0.16942374058978385,-0.7882749730693689,-0.8621045121913169,-0.7135520766288481,8,8,3162,2000,2000,0,2000
Qcells,Alice2018Test,S1_new_origins,12,full,72,Inverted mean,Expanded B,0.366071603327911,0.42904752732001583,-0.06297592399210487,-0.0847280204025343,-0.04243726797262587,0.14678076432574963,0.10315388082979735,0.18956373054892275,8,8,3162,2000,2000,0,2000
Qcells,Alice2018Test,S1_new_origins,12,full,72,Expanded B,Original B,0.42904752732001583,0.2047065517556235,0.22434097556439234,0.20744425037565564,0.24294338543508254,-1.0959149750722594,-1.2067332123349435,-0.9892631596558468,8,8,3162,2000,2000,0,2000
Qcells,Alice2018Test,S1_new_origins,12,full,72,Expanded B,Expanded A,0.42904752732001583,0.4291419631785914,-9.443585857554782e-05,-0.07920763669073283,0.053387133297334355,0.0002200573858498478,-0.14034761993897876,0.15625772155696482,8,8,3162,2000,2000,0,2000
Qcells,Alice2018Test,S1_new_origins,12,power-active,24,Original A,Daily,0.5113318128645796,0.08964025973574931,0.42169155312883033,0.3782485568602213,0.46811353029106584,-4.704265185887855,-11.1697770499179,-3.0428195489346828,24,24,1070,2000,2000,0,2000
Qcells,Alice2018Test,S1_new_origins,12,power-active,24,Original A,Last-value,0.5113318128645796,0.5050136299175889,0.006318182946990714,-0.04840213751697099,0.09506656561665833,-0.012510915691566149,-0.2003913293290173,0.09308587443477499,24,24,1070,2000,2000,0,2000
Qcells,Alice2018Test,S1_new_origins,12,power-active,24,Expanded A,Daily,0.5113318128645796,0.08964025973574931,0.42169155312883033,0.3782485568602213,0.46811353029106584,-4.704265185887855,-11.1697770499179,-3.0428195489346828,24,24,1070,2000,2000,0,2000
Qcells,Alice2018Test,S1_new_origins,12,power-active,24,Expanded A,Last-value,0.5113318128645796,0.5050136299175889,0.006318182946990714,-0.04840213751697099,0.09506656561665833,-0.012510915691566149,-0.2003913293290173,0.09308587443477499,24,24,1070,2000,2000,0,2000
Qcells,Alice2018Test,S1_new_origins,12,power-active,24,Original B,Daily,0.22645677692392502,0.08964025973574931,0.13681651718817572,0.10018944610800462,0.18157379323694317,-1.5262842565550052,-4.634840110466698,-0.7550596033807689,24,24,1070,2000,2000,0,2000
Qcells,Alice2018Test,S1_new_origins,12,power-active,24,Original B,Last-value,0.22645677692392502,0.5050136299175889,-0.2785568529936639,-0.30807616582713354,-0.2413146060419033,0.5515828415148328,0.5010407548805862,0.5853838873372587,24,24,1070,2000,2000,0,2000
Qcells,Alice2018Test,S1_new_origins,12,power-active,24,Expanded B,Daily,0.4824085193724269,0.08964025973574931,0.3927682596366776,0.3539094640807036,0.44317840248071433,-4.381605550837535,-11.08075173579519,-2.703379389104966,24,24,1070,2000,2000,0,2000
Qcells,Alice2018Test,S1_new_origins,12,power-active,24,Expanded B,Last-value,0.4824085193724269,0.5050136299175889,-0.02260511054516201,-0.05635555236650413,0.021464592724229032,0.04476138703197152,-0.044330644343069846,0.10936838910485855,24,24,1070,2000,2000,0,2000
Qcells,Alice2018Test,S1_new_origins,12,power-active,24,Inverted42,Daily,0.3548099779087958,0.08964025973574931,0.2651697181730465,0.21576569939611628,0.3159081914015602,-2.9581542819570226,-7.808694622287773,-1.6608647186417673,24,24,1070,2000,2000,0,2000
Qcells,Alice2018Test,S1_new_origins,12,power-active,24,Inverted42,Last-value,0.3548099779087958,0.5050136299175889,-0.1502036520087931,-0.19267206444181967,-0.10609404778365568,0.2974249467946126,0.21931574448127472,0.3702461266461461,24,24,1070,2000,2000,0,2000
Qcells,Alice2018Test,S1_new_origins,12,power-active,24,Inverted43,Daily,0.4463773323454602,0.08964025973574931,0.3567370726097109,0.2958610989408338,0.41797913803253567,-3.9796523756327433,-10.305469261460537,-2.274605731730422,24,24,1070,2000,2000,0,2000
Qcells,Alice2018Test,S1_new_origins,12,power-active,24,Inverted43,Last-value,0.4463773323454602,0.5050136299175889,-0.05863629757212874,-0.11071745898534752,-0.009795812885929069,0.11610834658402658,0.01962496309235206,0.21564770917180212,24,24,1070,2000,2000,0,2000
Qcells,Alice2018Test,S1_new_origins,12,power-active,24,Inverted44,Daily,0.37255488154019084,0.08964025973574931,0.28291462180444155,0.22912771869764698,0.33682619667501007,-3.15611113397536,-8.342002277436602,-1.7515896651637404,24,24,1070,2000,2000,0,2000
Qcells,Alice2018Test,S1_new_origins,12,power-active,24,Inverted44,Last-value,0.37255488154019084,0.5050136299175889,-0.13245874837739807,-0.17560186877315612,-0.0902139934731124,0.26228747212033365,0.18645281028982202,0.33664175212933395,24,24,1070,2000,2000,0,2000
Qcells,Alice2018Test,S1_new_origins,12,power-active,24,Inverted mean,Daily,0.3912473972648156,0.08964025973574931,0.3016071375290663,0.246854680368543,0.3561990321070749,-3.3646392638550418,-8.818044950537521,-1.8961162126968476,24,24,1070,2000,2000,0,2000
Qcells,Alice2018Test,S1_new_origins,12,power-active,24,Inverted mean,Last-value,0.3912473972648156,0.5050136299175889,-0.1137662326527733,-0.15915788043428988,-0.069519346717874,0.22527358849965762,0.14323561917817673,0.30676636365722093,24,24,1070,2000,2000,0,2000
Qcells,Alice2018Test,S1_new_origins,12,power-active,24,Inverted mean,Original B,0.3912473972648156,0.22645677692392502,0.1647906203408906,0.13089549170934237,0.1955504570491943,-0.7276912732722046,-0.8809671188540306,-0.5685469494260358,24,24,1070,2000,2000,0,2000
Qcells,Alice2018Test,S1_new_origins,12,power-active,24,Inverted mean,Expanded B,0.3912473972648156,0.4824085193724269,-0.09116112210761129,-0.14070525968528144,-0.041491427503662096,0.18897079642416822,0.08966527253716905,0.2807472566893034,24,24,1070,2000,2000,0,2000
Qcells,Alice2018Test,S1_new_origins,12,power-active,24,Expanded B,Original B,0.4824085193724269,0.22645677692392502,0.2559517424485019,0.23533733597815956,0.2749596254991944,-1.130245453128944,-1.2395478969056315,-1.0410263575697096,24,24,1070,2000,2000,0,2000
Qcells,Alice2018Test,S1_new_origins,12,power-active,24,Expanded B,Expanded A,0.4824085193724269,0.5113318128645796,-0.028923293492152724,-0.0842006011226202,0.01294702689590486,0.0565646274385293,-0.02730738294699413,0.14603740706928967,24,24,1070,2000,2000,0,2000
Qcells,Alice2018Test,S1_new_origins,12,power-active,48,Original A,Daily,0.5113318128645796,0.08964025973574931,0.42169155312883033,0.412272700003525,0.4446215048459585,-4.704265185887855,-13.285876779885118,-2.891746734847198,12,12,1070,2000,2000,0,2000
Qcells,Alice2018Test,S1_new_origins,12,power-active,48,Original A,Last-value,0.5113318128645796,0.5050136299175889,0.006318182946990714,-0.0531549067464387,0.09889381423862317,-0.012510915691566149,-0.2052786054621487,0.10059073568321295,12,12,1070,2000,2000,0,2000
Qcells,Alice2018Test,S1_new_origins,12,power-active,48,Expanded A,Daily,0.5113318128645796,0.08964025973574931,0.42169155312883033,0.412272700003525,0.4446215048459585,-4.704265185887855,-13.285876779885118,-2.891746734847198,12,12,1070,2000,2000,0,2000
Qcells,Alice2018Test,S1_new_origins,12,power-active,48,Expanded A,Last-value,0.5113318128645796,0.5050136299175889,0.006318182946990714,-0.0531549067464387,0.09889381423862317,-0.012510915691566149,-0.2052786054621487,0.10059073568321295,12,12,1070,2000,2000,0,2000
Qcells,Alice2018Test,S1_new_origins,12,power-active,48,Original B,Daily,0.226456776923925,0.08964025973574931,0.13681651718817567,0.09226673120327304,0.1859547323921806,-1.5262842565550052,-5.565314651943735,-0.6235511612341273,12,12,1070,2000,2000,0,2000
Qcells,Alice2018Test,S1_new_origins,12,power-active,48,Original B,Last-value,0.226456776923925,0.5050136299175889,-0.27855685299366395,-0.3135138764377876,-0.23678256111435034,0.5515828415148329,0.49475795660578953,0.5939023302275174,12,12,1070,2000,2000,0,2000
Qcells,Alice2018Test,S1_new_origins,12,power-active,48,Expanded B,Daily,0.48240851937242696,0.08964025973574931,0.39276825963667766,0.3498506457527586,0.4447537571522897,-4.381605550837536,-13.016738160354565,-2.377464802493376,12,12,1070,2000,2000,0,2000
Qcells,Alice2018Test,S1_new_origins,12,power-active,48,Expanded B,Last-value,0.48240851937242696,0.5050136299175889,-0.022605110545161955,-0.06142772558205028,0.024617283429325114,0.04476138703197141,-0.051343489849901426,0.11728702936120503,12,12,1070,2000,2000,0,2000
Qcells,Alice2018Test,S1_new_origins,12,power-active,48,Inverted42,Daily,0.35480997790879587,0.08964025973574931,0.2651697181730466,0.21267802219566656,0.32598070057944445,-2.9581542819570235,-9.59361141038214,-1.436044818472385,12,12,1070,2000,2000,0,2000
Qcells,Alice2018Test,S1_new_origins,12,power-active,48,Inverted42,Last-value,0.35480997790879587,0.5050136299175889,-0.15020365200879304,-0.1887182338647595,-0.11155931206280167,0.2974249467946125,0.2290234936140943,0.3632238198150454,12,12,1070,2000,2000,0,2000
Qcells,Alice2018Test,S1_new_origins,12,power-active,48,Inverted43,Daily,0.44637733234546023,0.08964025973574931,0.35673707260971094,0.2905712265371985,0.4303833349169148,-3.9796523756327433,-12.574825231459283,-1.9697830677860868,12,12,1070,2000,2000,0,2000
Qcells,Alice2018Test,S1_new_origins,12,power-active,48,Inverted43,Last-value,0.44637733234546023,0.5050136299175889,-0.05863629757212868,-0.10682849817209926,-0.01467215680773725,0.11610834658402647,0.030057582932716438,0.20637008037288476,12,12,1070,2000,2000,0,2000
Qcells,Alice2018Test,S1_new_origins,12,power-active,48,Inverted44,Daily,0.3725548815401908,0.08964025973574931,0.2829146218044415,0.22512595552142098,0.347046792824931,-3.156111133975359,-10.262486743740276,-1.524240661787931,12,12,1070,2000,2000,0,2000
Qcells,Alice2018Test,S1_new_origins,12,power-active,48,Inverted44,Last-value,0.3725548815401908,0.5050136299175889,-0.13245874837739813,-0.16997866121490396,-0.09397018531652859,0.26228747212033376,0.19415257789286267,0.32695877536176965,12,12,1070,2000,2000,0,2000
Qcells,Alice2018Test,S1_new_origins,12,power-active,48,Inverted mean,Daily,0.3912473972648156,0.08964025973574931,0.30160713752906637,0.24413352286064202,0.36680798078761484,-3.3646392638550418,-10.814683603501619,-1.6430274791774018,12,12,1070,2000,2000,0,2000
Qcells,Alice2018Test,S1_new_origins,12,power-active,48,Inverted mean,Last-value,0.3912473972648156,0.5050136299175889,-0.11376623265277329,-0.1543407283993924,-0.07421816533303704,0.2252735884996576,0.15346455692595937,0.2960233348586083,12,12,1070,2000,2000,0,2000
Qcells,Alice2018Test,S1_new_origins,12,power-active,48,Inverted mean,Original B,0.3912473972648156,0.226456776923925,0.16479062034089065,0.13064130034733704,0.1947390767906623,-0.727691273272205,-0.8936772974316858,-0.5591957527458896,12,12,1070,2000,2000,0,2000
Qcells,Alice2018Test,S1_new_origins,12,power-active,48,Inverted mean,Expanded B,0.3912473972648156,0.48240851937242696,-0.09116112210761133,-0.13857887407473124,-0.04707322607331156,0.18897079642416828,0.10276990783686962,0.2765207171517346,12,12,1070,2000,2000,0,2000
Qcells,Alice2018Test,S1_new_origins,12,power-active,48,Expanded B,Original B,0.48240851937242696,0.226456776923925,0.25595174244850194,0.24002066004100642,0.27324021416382305,-1.130245453128945,-1.241892097842439,-1.0422309648224262,12,12,1070,2000,2000,0,2000
Qcells,Alice2018Test,S1_new_origins,12,power-active,48,Expanded B,Expanded A,0.48240851937242696,0.5113318128645796,-0.02892329349215267,-0.08234089025578367,0.01384398816136409,0.05656462743852919,-0.02938102151891562,0.14303819242527366,12,12,1070,2000,2000,0,2000
Qcells,Alice2018Test,S1_new_origins,12,power-active,72,Original A,Daily,0.5113318128645796,0.08964025973574931,0.42169155312883033,0.4064391215260103,0.447775720257511,-4.704265185887855,-12.866065300083157,-2.8784029027608313,8,8,1070,2000,2000,0,2000
Qcells,Alice2018Test,S1_new_origins,12,power-active,72,Original A,Last-value,0.5113318128645796,0.5050136299175889,0.006318182946990714,-0.05664044098308038,0.11048373981173812,-0.012510915691566149,-0.23240032636961172,0.1084672969745662,8,8,1070,2000,2000,0,2000
Qcells,Alice2018Test,S1_new_origins,12,power-active,72,Expanded A,Daily,0.5113318128645796,0.08964025973574931,0.42169155312883033,0.4064391215260103,0.447775720257511,-4.704265185887855,-12.866065300083157,-2.8784029027608313,8,8,1070,2000,2000,0,2000
Qcells,Alice2018Test,S1_new_origins,12,power-active,72,Expanded A,Last-value,0.5113318128645796,0.5050136299175889,0.006318182946990714,-0.05664044098308038,0.11048373981173812,-0.012510915691566149,-0.23240032636961172,0.1084672969745662,8,8,1070,2000,2000,0,2000
Qcells,Alice2018Test,S1_new_origins,12,power-active,72,Original B,Daily,0.226456776923925,0.08964025973574931,0.13681651718817567,0.09061718187316849,0.1867913317844772,-1.5262842565550052,-5.453161821462037,-0.6004712259311724,8,8,1070,2000,2000,0,2000
Qcells,Alice2018Test,S1_new_origins,12,power-active,72,Original B,Last-value,0.226456776923925,0.5050136299175889,-0.27855685299366395,-0.3163733273322487,-0.22735225349617086,0.5515828415148329,0.486386970497069,0.5967718787438813,8,8,1070,2000,2000,0,2000
Qcells,Alice2018Test,S1_new_origins,12,power-active,72,Expanded B,Daily,0.48240851937242696,0.08964025973574931,0.39276825963667766,0.34781144241080636,0.44301736052023527,-4.381605550837536,-12.67381639863614,-2.3592075331739375,8,8,1070,2000,2000,0,2000
Qcells,Alice2018Test,S1_new_origins,12,power-active,72,Expanded B,Last-value,0.48240851937242696,0.5050136299175889,-0.022605110545161955,-0.06106369463823891,0.031148720967080965,0.04476138703197141,-0.06600524403914973,0.11553260216857934,8,8,1070,2000,2000,0,2000
Qcells,Alice2018Test,S1_new_origins,12,power-active,72,Inverted42,Daily,0.3548099779087958,0.08964025973574931,0.2651697181730465,0.20802875131589668,0.32793356908286975,-2.9581542819570226,-9.61244175946446,-1.3919020288035808,8,8,1070,2000,2000,0,2000
Qcells,Alice2018Test,S1_new_origins,12,power-active,72,Inverted42,Last-value,0.3548099779087958,0.5050136299175889,-0.1502036520087931,-0.19458969744689797,-0.10212049703301297,0.2974249467946126,0.21516424169738066,0.37154507520089863,8,8,1070,2000,2000,0,2000
Qcells,Alice2018Test,S1_new_origins,12,power-active,72,Inverted43,Daily,0.44637733234546023,0.08964025973574931,0.35673707260971094,0.28397742627776223,0.432907608541376,-3.9796523756327433,-12.662630342210408,-1.9207814372351895,8,8,1070,2000,2000,0,2000
Qcells,Alice2018Test,S1_new_origins,12,power-active,72,Inverted43,Last-value,0.44637733234546023,0.5050136299175889,-0.05863629757212868,-0.11481329328335489,-0.008456462784118437,0.11610834658402647,0.017526632593224897,0.21791798663846979,8,8,1070,2000,2000,0,2000
Qcells,Alice2018Test,S1_new_origins,12,power-active,72,Inverted44,Daily,0.3725548815401908,0.08964025973574931,0.2829146218044415,0.2224300238030023,0.3465993105199775,-3.156111133975359,-10.159508016579961,-1.482270999192578,8,8,1070,2000,2000,0,2000
Qcells,Alice2018Test,S1_new_origins,12,power-active,72,Inverted44,Last-value,0.3725548815401908,0.5050136299175889,-0.13245874837739813,-0.17611880208087338,-0.08482501525428388,0.26228747212033376,0.18012499068342033,0.3342574161394561,8,8,1070,2000,2000,0,2000
Qcells,Alice2018Test,S1_new_origins,12,power-active,72,Inverted mean,Daily,0.3912473972648156,0.08964025973574931,0.3016071375290663,0.23722070056538166,0.36842715808342286,-3.3646392638550418,-10.842889869414925,-1.5984371511297129,8,8,1070,2000,2000,0,2000
Qcells,Alice2018Test,S1_new_origins,12,power-active,72,Inverted mean,Last-value,0.3912473972648156,0.5050136299175889,-0.1137662326527733,-0.16193326485204607,-0.0650279448753165,0.22527358849965762,0.13811932417270997,0.3070262796629227,8,8,1070,2000,2000,0,2000
Qcells,Alice2018Test,S1_new_origins,12,power-active,72,Inverted mean,Original B,0.3912473972648156,0.226456776923925,0.16479062034089062,0.13278853802855198,0.19384090319385675,-0.7276912732722048,-0.8867038868069733,-0.5642415953885666,8,8,1070,2000,2000,0,2000
Qcells,Alice2018Test,S1_new_origins,12,power-active,72,Inverted mean,Expanded B,0.3912473972648156,0.48240851937242696,-0.09116112210761135,-0.13882124294657425,-0.04741321053578753,0.18897079642416834,0.10373794761432643,0.274971136928218,8,8,1070,2000,2000,0,2000
Qcells,Alice2018Test,S1_new_origins,12,power-active,72,Expanded B,Original B,0.48240851937242696,0.226456776923925,0.25595174244850194,0.239502875605723,0.2742511344617288,-1.130245453128945,-1.2484905228630618,-1.0419572098920231,8,8,1070,2000,2000,0,2000
Qcells,Alice2018Test,S1_new_origins,12,power-active,72,Expanded B,Expanded A,0.48240851937242696,0.5113318128645796,-0.02892329349215267,-0.08258813457386849,0.011914356017387703,0.05656462743852919,-0.025356861490556604,0.142556304071531,8,8,1070,2000,2000,0,2000
Qcells,Alice2018Test,S1_new_origins,12,low-power,24,Original A,Daily,0.3802990249549448,0.0032906956107777584,0.377008329344167,0.30001316701296354,0.49169957508762807,-114.56797405064785,-161.2286238760978,-82.70392829693637,24,24,2092,2000,2000,0,2000
Qcells,Alice2018Test,S1_new_origins,12,low-power,24,Original A,Last-value,0.3802990249549448,0.4604707330745384,-0.08017170811959362,-0.1626841540248682,0.04447926190070787,0.1741081514221141,-0.10201485867791833,0.33685851395916705,24,24,2092,2000,2000,0,2000
Qcells,Alice2018Test,S1_new_origins,12,low-power,24,Expanded A,Daily,0.3802990249549448,0.0032906956107777584,0.377008329344167,0.30001316701296354,0.49169957508762807,-114.56797405064785,-161.2286238760978,-82.70392829693637,24,24,2092,2000,2000,0,2000
Qcells,Alice2018Test,S1_new_origins,12,low-power,24,Expanded A,Last-value,0.3802990249549448,0.4604707330745384,-0.08017170811959362,-0.1626841540248682,0.04447926190070787,0.1741081514221141,-0.10201485867791833,0.33685851395916705,24,24,2092,2000,2000,0,2000
Qcells,Alice2018Test,S1_new_origins,12,low-power,24,Original B,Daily,0.1926349831811453,0.0032906956107777584,0.18934428757036753,0.176566073225057,0.2058644522107897,-57.53928955027715,-73.87201102169544,-47.0908752159233,24,24,2092,2000,2000,0,2000
Qcells,Alice2018Test,S1_new_origins,12,low-power,24,Original B,Last-value,0.1926349831811453,0.4604707330745384,-0.2678357498933931,-0.3034376129482352,-0.22716160234545318,0.5816564021454049,0.5291837379716773,0.611791226386775,24,24,2092,2000,2000,0,2000
Qcells,Alice2018Test,S1_new_origins,12,low-power,24,Expanded B,Daily,0.3990059064763179,0.0032906956107777584,0.3957152108655401,0.3734536585202933,0.4175761918896628,-120.25275433239253,-152.90996817743704,-99.76912617620074,24,24,2092,2000,2000,0,2000
Qcells,Alice2018Test,S1_new_origins,12,low-power,24,Expanded B,Last-value,0.3990059064763179,0.4604707330745384,-0.0614648265982205,-0.08359059776854574,-0.03507757580037033,0.13348259114715755,0.0801457244203552,0.17114732033743366,24,24,2092,2000,2000,0,2000
Qcells,Alice2018Test,S1_new_origins,12,low-power,24,Inverted42,Daily,0.3412924339281167,0.0032906956107777584,0.33800173831733893,0.3171461676715952,0.357928584551213,-102.71437358420762,-130.6359593273869,-85.36431704208385,24,24,2092,2000,2000,0,2000
Qcells,Alice2018Test,S1_new_origins,12,low-power,24,Inverted42,Last-value,0.3412924339281167,0.4604707330745384,-0.1191782991464217,-0.1437073894134523,-0.08918170280229513,0.2588184016618702,0.2064070633074126,0.2913287878726468,24,24,2092,2000,2000,0,2000
Qcells,Alice2018Test,S1_new_origins,12,low-power,24,Inverted43,Daily,0.37789470329158925,0.0032906956107777584,0.3746040076808115,0.35340354908148475,0.3959328726701822,-113.83733167355261,-144.5050400781983,-94.3226397599711,24,24,2092,2000,2000,0,2000
Qcells,Alice2018Test,S1_new_origins,12,low-power,24,Inverted43,Last-value,0.37789470329158925,0.4604707330745384,-0.08257602978294915,-0.1075946682825468,-0.05066271788702895,0.1793295943731178,0.11686661460792885,0.21864541175978797,24,24,2092,2000,2000,0,2000
Qcells,Alice2018Test,S1_new_origins,12,low-power,24,Inverted44,Daily,0.3377466725068126,0.0032906956107777584,0.33445597689603485,0.3057625850346376,0.37023205051778896,-101.63686237056302,-130.25288785636675,-82.5243701478491,24,24,2092,2000,2000,0,2000
Qcells,Alice2018Test,S1_new_origins,12,low-power,24,Inverted44,Last-value,0.3377466725068126,0.4604707330745384,-0.12272406056772578,-0.15779130415669881,-0.07017802161309805,0.2665186986984033,0.16571681449487022,0.3239360077415151,24,24,2092,2000,2000,0,2000
Qcells,Alice2018Test,S1_new_origins,12,low-power,24,Inverted mean,Daily,0.35231126990883954,0.0032906956107777584,0.3490205742980617,0.326374994126182,0.3722796135986567,-106.06285587610775,-134.81631904030235,-87.35225661401988,24,24,2092,2000,2000,0,2000
Qcells,Alice2018Test,S1_new_origins,12,low-power,24,Inverted mean,Last-value,0.35231126990883954,0.4604707330745384,-0.10815946316569887,-0.13589865467907797,-0.07087384711251733,0.23488889824446377,0.16195930730486358,0.27632576702261363,24,24,2092,2000,2000,0,2000
Qcells,Alice2018Test,S1_new_origins,12,low-power,24,Inverted mean,Original B,0.35231126990883954,0.1926349831811453,0.1596762867276942,0.14710120343430286,0.1713837400162835,-0.8289059655251808,-0.8867256508516924,-0.7648124864196713,24,24,2092,2000,2000,0,2000
Qcells,Alice2018Test,S1_new_origins,12,low-power,24,Inverted mean,Expanded B,0.35231126990883954,0.3990059064763179,-0.046694636567478374,-0.05621847943638289,-0.03446151913125573,0.11702743194918049,0.08627937049690873,0.14023854066620495,24,24,2092,2000,2000,0,2000
Qcells,Alice2018Test,S1_new_origins,12,low-power,24,Expanded B,Original B,0.3990059064763179,0.1926349831811453,0.2063709232951726,0.1897242901439442,0.2230172302475528,-1.071305532812338,-1.1688640403344102,-0.9498779248475337,24,24,2092,2000,2000,0,2000
Qcells,Alice2018Test,S1_new_origins,12,low-power,24,Expanded B,Expanded A,0.3990059064763179,0.3802990249549448,0.01870688152137312,-0.08094341244462344,0.08259087890092381,-0.04918992764598684,-0.26602615911170646,0.16832449103050573,24,24,2092,2000,2000,0,2000
Qcells,Alice2018Test,S1_new_origins,12,low-power,48,Original A,Daily,0.3802990249549448,0.003290695610777758,0.377008329344167,0.2979474767772526,0.47213113940369084,-114.56797405064788,-156.89012471189548,-86.10909746022006,12,12,2092,2000,2000,0,2000
Qcells,Alice2018Test,S1_new_origins,12,low-power,48,Original A,Last-value,0.3802990249549448,0.4604707330745384,-0.08017170811959362,-0.1657419310552479,0.04579786519920825,0.1741081514221141,-0.11027346950032815,0.3407950668617734,12,12,2092,2000,2000,0,2000
Qcells,Alice2018Test,S1_new_origins,12,low-power,48,Expanded A,Daily,0.3802990249549448,0.003290695610777758,0.377008329344167,0.2979474767772526,0.47213113940369084,-114.56797405064788,-156.89012471189548,-86.10909746022006,12,12,2092,2000,2000,0,2000
Qcells,Alice2018Test,S1_new_origins,12,low-power,48,Expanded A,Last-value,0.3802990249549448,0.4604707330745384,-0.08017170811959362,-0.1657419310552479,0.04579786519920825,0.1741081514221141,-0.11027346950032815,0.3407950668617734,12,12,2092,2000,2000,0,2000
Qcells,Alice2018Test,S1_new_origins,12,low-power,48,Original B,Daily,0.1926349831811453,0.003290695610777758,0.18934428757036753,0.1792322825224014,0.19951437681551557,-57.539289550277154,-71.13370477637561,-49.33459215658073,12,12,2092,2000,2000,0,2000
Qcells,Alice2018Test,S1_new_origins,12,low-power,48,Original B,Last-value,0.1926349831811453,0.4604707330745384,-0.2678357498933931,-0.30840248278535676,-0.217751384496176,0.5816564021454049,0.5258536533993751,0.6136624362157084,12,12,2092,2000,2000,0,2000
Qcells,Alice2018Test,S1_new_origins,12,low-power,48,Expanded B,Daily,0.39900590647631784,0.003290695610777758,0.39571521086554007,0.37355174450801165,0.41789439475837425,-120.25275433239251,-148.85269328031535,-103.58993708984734,12,12,2092,2000,2000,0,2000
Qcells,Alice2018Test,S1_new_origins,12,low-power,48,Expanded B,Last-value,0.39900590647631784,0.4604707330745384,-0.06146482659822056,-0.08713585652556291,-0.03157401270788549,0.13348259114715766,0.07630486211746532,0.1745679513669165,12,12,2092,2000,2000,0,2000
Qcells,Alice2018Test,S1_new_origins,12,low-power,48,Inverted42,Daily,0.3412924339281167,0.003290695610777758,0.33800173831733893,0.31918393208475176,0.35685554386616375,-102.71437358420764,-127.39420132581851,-88.32479013885064,12,12,2092,2000,2000,0,2000
Qcells,Alice2018Test,S1_new_origins,12,low-power,48,Inverted42,Last-value,0.3412924339281167,0.4604707330745384,-0.1191782991464217,-0.14734725225771642,-0.08437260994491204,0.2588184016618702,0.20404658975576642,0.2952342446002017,12,12,2092,2000,2000,0,2000
Qcells,Alice2018Test,S1_new_origins,12,low-power,48,Inverted43,Daily,0.3778947032915893,0.003290695610777758,0.37460400768081153,0.3567134664059252,0.393029402287257,-113.83733167355265,-140.31334295180653,-97.98663148442853,12,12,2092,2000,2000,0,2000
Qcells,Alice2018Test,S1_new_origins,12,low-power,48,Inverted43,Last-value,0.3778947032915893,0.4604707330745384,-0.08257602978294909,-0.11300856065266936,-0.04533703771327405,0.17932959437311757,0.10922541612124136,0.22593086292664918,12,12,2092,2000,2000,0,2000
Qcells,Alice2018Test,S1_new_origins,12,low-power,48,Inverted44,Daily,0.3377466725068126,0.003290695610777758,0.33445597689603485,0.3085857420654525,0.35835253758704355,-101.63686237056304,-126.31799165954902,-85.98555147566843,12,12,2092,2000,2000,0,2000
Qcells,Alice2018Test,S1_new_origins,12,low-power,48,Inverted44,Last-value,0.3377466725068126,0.4604707330745384,-0.12272406056772578,-0.16312761569093057,-0.06907038088548378,0.2665186986984033,0.16545644530941822,0.3274816967949789,12,12,2092,2000,2000,0,2000
Qcells,Alice2018Test,S1_new_origins,12,low-power,48,Inverted mean,Daily,0.35231126990883954,0.003290695610777758,0.3490205742980618,0.32993588387891315,0.3672059834204435,-106.06285587610778,-131.03641977288973,-90.64409831253303,12,12,2092,2000,2000,0,2000
Qcells,Alice2018Test,S1_new_origins,12,low-power,48,Inverted mean,Last-value,0.35231126990883954,0.4604707330745384,-0.10815946316569885,-0.1409842686683182,-0.06643486913598322,0.23488889824446368,0.15962634155745178,0.28128647313080757,12,12,2092,2000,2000,0,2000
Qcells,Alice2018Test,S1_new_origins,12,low-power,48,Inverted mean,Original B,0.35231126990883954,0.1926349831811453,0.15967628672769424,0.1480137602583964,0.1715344671574997,-0.828905965525181,-0.8871101992126927,-0.762393818423914,12,12,2092,2000,2000,0,2000
Qcells,Alice2018Test,S1_new_origins,12,low-power,48,Inverted mean,Expanded B,0.35231126990883954,0.39900590647631784,-0.0466946365674783,-0.05847683940724944,-0.03237662860973597,0.1170274319491803,0.08414444321055282,0.14276099106222354,12,12,2092,2000,2000,0,2000
Qcells,Alice2018Test,S1_new_origins,12,low-power,48,Expanded B,Original B,0.39900590647631784,0.1926349831811453,0.20637092329517254,0.1848783914787255,0.22596859899391541,-1.0713055328123375,-1.177097333693672,-0.9416651157312074,12,12,2092,2000,2000,0,2000
Qcells,Alice2018Test,S1_new_origins,12,low-power,48,Expanded B,Expanded A,0.39900590647631784,0.3802990249549448,0.018706881521373064,-0.08070446561092182,0.08454209091565007,-0.04918992764598684,-0.2797622638526368,0.17115979779520635,12,12,2092,2000,2000,0,2000
Qcells,Alice2018Test,S1_new_origins,12,low-power,72,Original A,Daily,0.3802990249549448,0.003290695610777758,0.377008329344167,0.2949142436994086,0.4747001171176974,-114.56797405064788,-150.96305197681485,-87.38204904315818,8,8,2092,2000,2000,0,2000
Qcells,Alice2018Test,S1_new_origins,12,low-power,72,Original A,Last-value,0.3802990249549448,0.4604707330745384,-0.08017170811959362,-0.17104801242483877,0.05117016195487615,0.1741081514221141,-0.12222823095178437,0.3500343847746815,8,8,2092,2000,2000,0,2000
Qcells,Alice2018Test,S1_new_origins,12,low-power,72,Expanded A,Daily,0.3802990249549448,0.003290695610777758,0.377008329344167,0.2949142436994086,0.4747001171176974,-114.56797405064788,-150.96305197681485,-87.38204904315818,8,8,2092,2000,2000,0,2000
Qcells,Alice2018Test,S1_new_origins,12,low-power,72,Expanded A,Last-value,0.3802990249549448,0.4604707330745384,-0.08017170811959362,-0.17104801242483877,0.05117016195487615,0.1741081514221141,-0.12222823095178437,0.3500343847746815,8,8,2092,2000,2000,0,2000
Qcells,Alice2018Test,S1_new_origins,12,low-power,72,Original B,Daily,0.1926349831811453,0.003290695610777758,0.18934428757036753,0.17854239336571054,0.20022402411780965,-57.539289550277154,-66.08052444324473,-50.27719957133999,8,8,2092,2000,2000,0,2000
Qcells,Alice2018Test,S1_new_origins,12,low-power,72,Original B,Last-value,0.1926349831811453,0.4604707330745384,-0.2678357498933931,-0.3141865718415631,-0.2121487940071581,0.5816564021454049,0.521289169311736,0.6171224944265409,8,8,2092,2000,2000,0,2000
Qcells,Alice2018Test,S1_new_origins,12,low-power,72,Expanded B,Daily,0.39900590647631784,0.003290695610777758,0.39571521086554007,0.37026202794092206,0.42035128504441416,-120.25275433239251,-134.0125714518051,-107.32625126597391,8,8,2092,2000,2000,0,2000
Qcells,Alice2018Test,S1_new_origins,12,low-power,72,Expanded B,Last-value,0.39900590647631784,0.4604707330745384,-0.06146482659822056,-0.09060234896691068,-0.027244010731775403,0.13348259114715766,0.06604591485626421,0.17900942288905178,8,8,2092,2000,2000,0,2000
Qcells,Alice2018Test,S1_new_origins,12,low-power,72,Inverted42,Daily,0.3412924339281167,0.003290695610777758,0.33800173831733893,0.3205926012685607,0.3579803122784406,-102.71437358420764,-115.33869404837621,-91.36813371322549,8,8,2092,2000,2000,0,2000
Qcells,Alice2018Test,S1_new_origins,12,low-power,72,Inverted42,Last-value,0.3412924339281167,0.4604707330745384,-0.1191782991464217,-0.15266439183857242,-0.07827910957085465,0.2588184016618702,0.1934309921606055,0.2995784552787679,8,8,2092,2000,2000,0,2000
Qcells,Alice2018Test,S1_new_origins,12,low-power,72,Inverted43,Daily,0.37789470329158925,0.003290695610777758,0.3746040076808115,0.3564394435881374,0.3959645949165816,-113.83733167355263,-129.37877047128666,-100.39968701444141,8,8,2092,2000,2000,0,2000
Qcells,Alice2018Test,S1_new_origins,12,low-power,72,Inverted43,Last-value,0.37789470329158925,0.4604707330745384,-0.08257602978294915,-0.11820049396406317,-0.038611132227400334,0.1793295943731178,0.0950713346239111,0.23322005779276683,8,8,2092,2000,2000,0,2000
Qcells,Alice2018Test,S1_new_origins,12,low-power,72,Inverted44,Daily,0.3377466725068126,0.003290695610777758,0.33445597689603485,0.30768124546259823,0.3593948130211012,-101.63686237056304,-117.573532102222,-87.67850248137896,8,8,2092,2000,2000,0,2000
Qcells,Alice2018Test,S1_new_origins,12,low-power,72,Inverted44,Last-value,0.3377466725068126,0.4604707330745384,-0.12272406056772578,-0.16801451927802438,-0.06368901507430143,0.2665186986984033,0.15374224328984817,0.33292181197934173,8,8,2092,2000,2000,0,2000
Qcells,Alice2018Test,S1_new_origins,12,low-power,72,Inverted mean,Daily,0.35231126990883954,0.003290695610777758,0.3490205742980617,0.33029313762224466,0.3680215184755045,-106.06285587610778,-120.13200996294576,-93.4242231222547,8,8,2092,2000,2000,0,2000
Qcells,Alice2018Test,S1_new_origins,12,low-power,72,Inverted mean,Last-value,0.35231126990883954,0.4604707330745384,-0.10815946316569887,-0.14558769974089145,-0.06076586776059457,0.23488889824446377,0.14765467225301163,0.286409715355055,8,8,2092,2000,2000,0,2000
Qcells,Alice2018Test,S1_new_origins,12,low-power,72,Inverted mean,Original B,0.35231126990883954,0.1926349831811453,0.1596762867276942,0.14875506618944187,0.17120350292853925,-0.8289059655251808,-0.8828857573129317,-0.7733205481835447,8,8,2092,2000,2000,0,2000
Qcells,Alice2018Test,S1_new_origins,12,low-power,72,Inverted mean,Expanded B,0.35231126990883954,0.39900590647631784,-0.04669463656747832,-0.06082164907290271,-0.03114103309380042,0.11702743194918035,0.08112128602723795,0.14723890255727956,8,8,2092,2000,2000,0,2000
Qcells,Alice2018Test,S1_new_origins,12,low-power,72,Expanded B,Original B,0.39900590647631784,0.1926349831811453,0.20637092329517254,0.1826166077518245,0.22884244896667957,-1.0713055328123375,-1.197374395609436,-0.9345840032655045,8,8,2092,2000,2000,0,2000
Qcells,Alice2018Test,S1_new_origins,12,low-power,72,Expanded B,Expanded A,0.39900590647631784,0.3802990249549448,0.018706881521373064,-0.08172223348021028,0.08703510749918413,-0.04918992764598684,-0.29075783676969463,0.17372077328959568,8,8,2092,2000,2000,0,2000
Qcells,Alice2018Test,S2_new_origins,12,full,24,Original A,Daily,0.4264779811710591,0.05177374044384667,0.3747042407272124,0.31590993083822017,0.45771611599889267,-7.2373415077787016,-15.634251808066916,-4.884025127124481,24,24,3216,2000,2000,0,2000
Qcells,Alice2018Test,S2_new_origins,12,full,24,Original A,Last-value,0.4264779811710591,0.4751712482591521,-0.04869326708809296,-0.11766773800983639,0.05571286544394683,0.10247519660856308,-0.12290353551956437,0.23678674536359412,24,24,3216,2000,2000,0,2000
Qcells,Alice2018Test,S2_new_origins,12,full,24,Expanded A,Daily,0.4264779811710591,0.05177374044384667,0.3747042407272124,0.31590993083822017,0.45771611599889267,-7.2373415077787016,-15.634251808066916,-4.884025127124481,24,24,3216,2000,2000,0,2000
Qcells,Alice2018Test,S2_new_origins,12,full,24,Expanded A,Last-value,0.4264779811710591,0.4751712482591521,-0.04869326708809296,-0.11766773800983639,0.05571286544394683,0.10247519660856308,-0.12290353551956437,0.23678674536359412,24,24,3216,2000,2000,0,2000
Qcells,Alice2018Test,S2_new_origins,12,full,24,Original B,Daily,0.20457648754103822,0.05177374044384667,0.15280274709719155,0.13032955633513418,0.17799771290107982,-2.951356146711478,-7.780195415913943,-1.7205163184631775,24,24,3216,2000,2000,0,2000
Qcells,Alice2018Test,S2_new_origins,12,full,24,Original B,Last-value,0.20457648754103822,0.4751712482591521,-0.27059476071811384,-0.3018762633103084,-0.2349907445999868,0.5694678743915396,0.5206861486054835,0.5995258006890758,24,24,3216,2000,2000,0,2000
Qcells,Alice2018Test,S2_new_origins,12,full,24,Expanded B,Daily,0.42828108099007794,0.05177374044384667,0.37650734054623125,0.34398022855654337,0.4137507678342629,-7.27216803959891,-17.641244112994464,-4.666287861907408,24,24,3216,2000,2000,0,2000
Qcells,Alice2018Test,S2_new_origins,12,full,24,Expanded B,Last-value,0.42828108099007794,0.4751712482591521,-0.046890167269074134,-0.06881152584745179,-0.018702355931588144,0.09868056504020817,0.040778357272539104,0.13886504950048464,24,24,3216,2000,2000,0,2000
Qcells,Alice2018Test,S2_new_origins,12,full,24,Inverted42,Daily,0.34489366038929536,0.05177374044384667,0.29311991994544867,0.2641400903667565,0.32272492525264046,-5.661555789336177,-13.944493594670371,-3.511873270738045,24,24,3216,2000,2000,0,2000
Qcells,Alice2018Test,S2_new_origins,12,full,24,Inverted42,Last-value,0.34489366038929536,0.4751712482591521,-0.13027758786985671,-0.15994263628851743,-0.09681826728835949,0.2741697616325579,0.21404770480250343,0.3176728305323557,24,24,3216,2000,2000,0,2000
Qcells,Alice2018Test,S2_new_origins,12,full,24,Inverted43,Daily,0.40086081832746745,0.05177374044384667,0.34908707788362076,0.319187853485555,0.3792865928086609,-6.74255085475691,-16.495702932018613,-4.233024992040005,24,24,3216,2000,2000,0,2000
Qcells,Alice2018Test,S2_new_origins,12,full,24,Inverted43,Last-value,0.40086081832746745,0.4751712482591521,-0.07431042993168463,-0.10844039500180683,-0.03869896352389025,0.15638662946028403,0.08609662031949086,0.21552149308024018,24,24,3216,2000,2000,0,2000
Qcells,Alice2018Test,S2_new_origins,12,full,24,Inverted44,Daily,0.34864220157410303,0.05177374044384667,0.29686846113025633,0.2677195705019057,0.3213433529958911,-5.733958153018463,-13.879409841664415,-3.6615566282247562,24,24,3216,2000,2000,0,2000
Qcells,Alice2018Test,S2_new_origins,12,full,24,Inverted44,Last-value,0.34864220157410303,0.4751712482591521,-0.12652904668504905,-0.1634913918988816,-0.08128351856193199,0.2662809400791897,0.18090014467791646,0.3269300006808784,24,24,3216,2000,2000,0,2000
Qcells,Alice2018Test,S2_new_origins,12,full,24,Inverted mean,Daily,0.3647988934302886,0.05177374044384667,0.3130251529864419,0.2842978502592261,0.340490098988153,-6.046021599037183,-14.751884483710628,-3.7887476421569404,24,24,3216,2000,2000,0,2000
Qcells,Alice2018Test,S2_new_origins,12,full,24,Inverted mean,Last-value,0.3647988934302886,0.4751712482591521,-0.11037235482886347,-0.14373188245945645,-0.07283413292420417,0.2322791103906772,0.16226751216163182,0.28557553479754255,24,24,3216,2000,2000,0,2000
Qcells,Alice2018Test,S2_new_origins,12,full,24,Inverted mean,Original B,0.3647988934302886,0.20457648754103822,0.1602224058892504,0.15208040331097675,0.16703766585489624,-0.7831907166609732,-0.8357340756796282,-0.7297625242423649,24,24,3216,2000,2000,0,2000
Qcells,Alice2018Test,S2_new_origins,12,full,24,Inverted mean,Expanded B,0.3647988934302886,0.42828108099007794,-0.06348218755978934,-0.08268399396966004,-0.04439780962271805,0.14822552379160556,0.10757136436970807,0.18712672919019527,24,24,3216,2000,2000,0,2000
Qcells,Alice2018Test,S2_new_origins,12,full,24,Expanded B,Original B,0.42828108099007794,0.20457648754103822,0.22370459344903973,0.20801770523174626,0.24059667448755442,-1.0935009987604976,-1.1862204440661133,-0.9942429965659583,24,24,3216,2000,2000,0,2000
Qcells,Alice2018Test,S2_new_origins,12,full,24,Expanded B,Expanded A,0.42828108099007794,0.4264779811710591,0.0018030998190188274,-0.07515012591630997,0.052493022681308205,-0.004227884905259938,-0.13728491033994952,0.14678638701246535,24,24,3216,2000,2000,0,2000
Qcells,Alice2018Test,S2_new_origins,12,full,48,Original A,Daily,0.4264779811710591,0.05177374044384667,0.3747042407272124,0.34582835853361127,0.4264157468528685,-7.2373415077787016,-18.412806392760952,-5.050149788247087,12,12,3216,2000,2000,0,2000
Qcells,Alice2018Test,S2_new_origins,12,full,48,Original A,Last-value,0.4264779811710591,0.47517124825915213,-0.04869326708809302,-0.12069343402774506,0.05720847080804079,0.10247519660856319,-0.12509095283872146,0.23838588300695318,12,12,3216,2000,2000,0,2000
Qcells,Alice2018Test,S2_new_origins,12,full,48,Expanded A,Daily,0.4264779811710591,0.05177374044384667,0.3747042407272124,0.34582835853361127,0.4264157468528685,-7.2373415077787016,-18.412806392760952,-5.050149788247087,12,12,3216,2000,2000,0,2000
Qcells,Alice2018Test,S2_new_origins,12,full,48,Expanded A,Last-value,0.4264779811710591,0.47517124825915213,-0.04869326708809302,-0.12069343402774506,0.05720847080804079,0.10247519660856319,-0.12509095283872146,0.23838588300695318,12,12,3216,2000,2000,0,2000
Qcells,Alice2018Test,S2_new_origins,12,full,48,Original B,Daily,0.20457648754103822,0.05177374044384667,0.15280274709719155,0.12882584418317572,0.18162284435635004,-2.951356146711478,-9.20353006675176,-1.552222682433423,12,12,3216,2000,2000,0,2000
Qcells,Alice2018Test,S2_new_origins,12,full,48,Original B,Last-value,0.20457648754103822,0.47517124825915213,-0.27059476071811395,-0.3056013190351089,-0.23036333171421808,0.5694678743915396,0.5205663746473592,0.6020613343756642,12,12,3216,2000,2000,0,2000
Qcells,Alice2018Test,S2_new_origins,12,full,48,Expanded B,Daily,0.42828108099007794,0.05177374044384667,0.37650734054623125,0.3405442128446177,0.4165976198358395,-7.27216803959891,-20.649640810189045,-4.178029299806726,12,12,3216,2000,2000,0,2000
Qcells,Alice2018Test,S2_new_origins,12,full,48,Expanded B,Last-value,0.42828108099007794,0.47517124825915213,-0.04689016726907419,-0.07192519606544792,-0.017154201860328833,0.09868056504020817,0.03850299283519302,0.1433477154266531,12,12,3216,2000,2000,0,2000
Qcells,Alice2018Test,S2_new_origins,12,full,48,Inverted42,Daily,0.34489366038929536,0.05177374044384667,0.29311991994544867,0.2615069861874708,0.32676340617940103,-5.661555789336177,-16.414034156791583,-3.161518940528229,12,12,3216,2000,2000,0,2000
Qcells,Alice2018Test,S2_new_origins,12,full,48,Inverted42,Last-value,0.34489366038929536,0.47517124825915213,-0.13027758786985677,-0.16109541768984598,-0.09550473608137734,0.274169761632558,0.21637101227939193,0.3179393034506455,12,12,3216,2000,2000,0,2000
Qcells,Alice2018Test,S2_new_origins,12,full,48,Inverted43,Daily,0.40086081832746745,0.05177374044384667,0.34908707788362076,0.31593221973131314,0.3853383737353369,-6.74255085475691,-19.6028399833673,-3.7471730870313222,12,12,3216,2000,2000,0,2000
Qcells,Alice2018Test,S2_new_origins,12,full,48,Inverted43,Last-value,0.40086081832746745,0.47517124825915213,-0.07431042993168469,-0.11097759839230242,-0.038178774508917865,0.15638662946028403,0.0866792084820052,0.21741802449164963,12,12,3216,2000,2000,0,2000
Qcells,Alice2018Test,S2_new_origins,12,full,48,Inverted44,Daily,0.34864220157410303,0.05177374044384667,0.29686846113025633,0.2771974777943362,0.32504412518174647,-5.733958153018463,-16.473228013808765,-3.312769636956242,12,12,3216,2000,2000,0,2000
Qcells,Alice2018Test,S2_new_origins,12,full,48,Inverted44,Last-value,0.34864220157410303,0.47517124825915213,-0.1265290466850491,-0.1656512473115417,-0.08153707527066244,0.2662809400791898,0.18297306270209027,0.3248942396486198,12,12,3216,2000,2000,0,2000
Qcells,Alice2018Test,S2_new_origins,12,full,48,Inverted mean,Daily,0.3647988934302886,0.05177374044384667,0.3130251529864419,0.2853978537198824,0.34451095831666856,-6.046021599037183,-17.520779685930204,-3.3997666507855233,12,12,3216,2000,2000,0,2000
Qcells,Alice2018Test,S2_new_origins,12,full,48,Inverted mean,Last-value,0.3647988934302886,0.47517124825915213,-0.11037235482886353,-0.14443005930546987,-0.07206101742784785,0.23227911039067728,0.16426704328542077,0.28485383718509266,12,12,3216,2000,2000,0,2000
Qcells,Alice2018Test,S2_new_origins,12,full,48,Inverted mean,Original B,0.3647988934302886,0.20457648754103822,0.1602224058892504,0.15320762880732214,0.16662997461550993,-0.7831907166609732,-0.8480085647894743,-0.7154409047895011,12,12,3216,2000,2000,0,2000
Qcells,Alice2018Test,S2_new_origins,12,full,48,Inverted mean,Expanded B,0.3647988934302886,0.42828108099007794,-0.06348218755978934,-0.08231438796352457,-0.04597026769630911,0.14822552379160556,0.11128315985551329,0.18570790248844163,12,12,3216,2000,2000,0,2000
Qcells,Alice2018Test,S2_new_origins,12,full,48,Expanded B,Original B,0.42828108099007794,0.20457648754103822,0.22370459344903973,0.20819610309355693,0.24026375055402727,-1.0935009987604976,-1.1935185948625098,-0.9923315573931644,12,12,3216,2000,2000,0,2000
Qcells,Alice2018Test,S2_new_origins,12,full,48,Expanded B,Expanded A,0.42828108099007794,0.4264779811710591,0.0018030998190188274,-0.07476029909280295,0.0525090800824766,-0.004227884905259938,-0.13683855470178646,0.1481309852900928,12,12,3216,2000,2000,0,2000
Qcells,Alice2018Test,S2_new_origins,12,full,72,Original A,Daily,0.4264779811710592,0.05177374044384667,0.3747042407272125,0.3429507254932952,0.42830985041470526,-7.237341507778703,-18.27031290454419,-5.074436910683918,8,8,3216,2000,2000,0,2000
Qcells,Alice2018Test,S2_new_origins,12,full,72,Original A,Last-value,0.4264779811710592,0.4751712482591521,-0.048693267088092906,-0.1257680824609225,0.06365171370184974,0.10247519660856297,-0.14550427806298766,0.25026959030216905,8,8,3216,2000,2000,0,2000
Qcells,Alice2018Test,S2_new_origins,12,full,72,Expanded A,Daily,0.4264779811710592,0.05177374044384667,0.3747042407272125,0.3429507254932952,0.42830985041470526,-7.237341507778703,-18.27031290454419,-5.074436910683918,8,8,3216,2000,2000,0,2000
Qcells,Alice2018Test,S2_new_origins,12,full,72,Expanded A,Last-value,0.4264779811710592,0.4751712482591521,-0.048693267088092906,-0.1257680824609225,0.06365171370184974,0.10247519660856297,-0.14550427806298766,0.25026959030216905,8,8,3216,2000,2000,0,2000
Qcells,Alice2018Test,S2_new_origins,12,full,72,Original B,Daily,0.20457648754103822,0.05177374044384667,0.15280274709719155,0.12849090052353013,0.1825610267137156,-2.951356146711478,-9.327040773185935,-1.5536609236982761,8,8,3216,2000,2000,0,2000
Qcells,Alice2018Test,S2_new_origins,12,full,72,Original B,Last-value,0.20457648754103822,0.4751712482591521,-0.27059476071811384,-0.31114162787005145,-0.22208673077641702,0.5694678743915396,0.5139716459344169,0.6060425318691629,8,8,3216,2000,2000,0,2000
Qcells,Alice2018Test,S2_new_origins,12,full,72,Expanded B,Daily,0.42828108099007794,0.05177374044384667,0.37650734054623125,0.34008159631446194,0.41727444088025534,-7.27216803959891,-20.567551909783415,-4.186228601528217,8,8,3216,2000,2000,0,2000
Qcells,Alice2018Test,S2_new_origins,12,full,72,Expanded B,Last-value,0.42828108099007794,0.4751712482591521,-0.046890167269074134,-0.07606195911942769,-0.00960635780619022,0.09868056504020817,0.021763892191476446,0.15070357501452172,8,8,3216,2000,2000,0,2000
Qcells,Alice2018Test,S2_new_origins,12,full,72,Inverted42,Daily,0.34489366038929536,0.05177374044384667,0.29311991994544867,0.26090824017010017,0.3273442850628666,-5.661555789336177,-16.48557808223677,-3.1555364744690815,8,8,3216,2000,2000,0,2000
Qcells,Alice2018Test,S2_new_origins,12,full,72,Inverted42,Last-value,0.34489366038929536,0.4751712482591521,-0.13027758786985671,-0.1675275663340351,-0.08854752328250395,0.2741697616325579,0.20478212548941174,0.324386705084364,8,8,3216,2000,2000,0,2000
Qcells,Alice2018Test,S2_new_origins,12,full,72,Inverted43,Daily,0.40086081832746745,0.05177374044384667,0.34908707788362076,0.31346033782927085,0.38865930306612917,-6.74255085475691,-19.694093307150865,-3.7500705256667546,8,8,3216,2000,2000,0,2000
Qcells,Alice2018Test,S2_new_origins,12,full,72,Inverted43,Last-value,0.40086081832746745,0.4751712482591521,-0.07431042993168463,-0.11748467271119367,-0.030071551697144813,0.15638662946028403,0.06935960930693424,0.22818001454165293,8,8,3216,2000,2000,0,2000
Qcells,Alice2018Test,S2_new_origins,12,full,72,Inverted44,Daily,0.34864220157410303,0.05177374044384667,0.29686846113025633,0.2771195421896989,0.3247799215892009,-5.733958153018463,-16.26649778219213,-3.351926768557986,8,8,3216,2000,2000,0,2000
Qcells,Alice2018Test,S2_new_origins,12,full,72,Inverted44,Last-value,0.34864220157410303,0.4751712482591521,-0.12652904668504905,-0.1710647898488935,-0.07298512388226167,0.2662809400791897,0.1685847986336076,0.3326340738265263,8,8,3216,2000,2000,0,2000
Qcells,Alice2018Test,S2_new_origins,12,full,72,Inverted mean,Daily,0.3647988934302886,0.05177374044384667,0.3130251529864419,0.2838601046091831,0.34558563146434984,-6.046021599037183,-17.479675749956268,-3.4088767950980694,8,8,3216,2000,2000,0,2000
Qcells,Alice2018Test,S2_new_origins,12,full,72,Inverted mean,Last-value,0.3647988934302886,0.4751712482591521,-0.11037235482886347,-0.15166442572326785,-0.06376298023758033,0.2322791103906772,0.14807204425850182,0.29491929447576465,8,8,3216,2000,2000,0,2000
Qcells,Alice2018Test,S2_new_origins,12,full,72,Inverted mean,Original B,0.3647988934302886,0.20457648754103822,0.1602224058892504,0.15281613243195474,0.167269791487664,-0.7831907166609732,-0.8488580126736375,-0.7149903049585485,8,8,3216,2000,2000,0,2000
Qcells,Alice2018Test,S2_new_origins,12,full,72,Inverted mean,Expanded B,0.3647988934302886,0.42828108099007794,-0.06348218755978934,-0.0844138647344549,-0.043729856457622764,0.14822552379160556,0.10685139311324417,0.1890580772838553,8,8,3216,2000,2000,0,2000
Qcells,Alice2018Test,S2_new_origins,12,full,72,Expanded B,Original B,0.42828108099007794,0.20457648754103822,0.22370459344903973,0.20659866140704583,0.24272401482736325,-1.0935009987604976,-1.2033026130292783,-0.9890290305246388,8,8,3216,2000,2000,0,2000
Qcells,Alice2018Test,S2_new_origins,12,full,72,Expanded B,Expanded A,0.42828108099007794,0.4264779811710592,0.001803099819018772,-0.07623382589481964,0.054529949392592196,-0.004227884905259716,-0.1449431731755646,0.15056138622067058,8,8,3216,2000,2000,0,2000
Qcells,Alice2018Test,S2_new_origins,12,power-active,24,Original A,Daily,0.5113318128645796,0.08964025973574931,0.42169155312883033,0.3782485568602213,0.46811353029106584,-4.704265185887855,-11.1697770499179,-3.0428195489346828,24,24,1070,2000,2000,0,2000
Qcells,Alice2018Test,S2_new_origins,12,power-active,24,Original A,Last-value,0.5113318128645796,0.5050136299175889,0.006318182946990714,-0.04840213751697099,0.09506656561665833,-0.012510915691566149,-0.2003913293290173,0.09308587443477499,24,24,1070,2000,2000,0,2000
Qcells,Alice2018Test,S2_new_origins,12,power-active,24,Expanded A,Daily,0.5113318128645796,0.08964025973574931,0.42169155312883033,0.3782485568602213,0.46811353029106584,-4.704265185887855,-11.1697770499179,-3.0428195489346828,24,24,1070,2000,2000,0,2000
Qcells,Alice2018Test,S2_new_origins,12,power-active,24,Expanded A,Last-value,0.5113318128645796,0.5050136299175889,0.006318182946990714,-0.04840213751697099,0.09506656561665833,-0.012510915691566149,-0.2003913293290173,0.09308587443477499,24,24,1070,2000,2000,0,2000
Qcells,Alice2018Test,S2_new_origins,12,power-active,24,Original B,Daily,0.22645677692392502,0.08964025973574931,0.13681651718817572,0.10018944610800462,0.18157379323694317,-1.5262842565550052,-4.634840110466698,-0.7550596033807689,24,24,1070,2000,2000,0,2000
Qcells,Alice2018Test,S2_new_origins,12,power-active,24,Original B,Last-value,0.22645677692392502,0.5050136299175889,-0.2785568529936639,-0.30807616582713354,-0.2413146060419033,0.5515828415148328,0.5010407548805862,0.5853838873372587,24,24,1070,2000,2000,0,2000
Qcells,Alice2018Test,S2_new_origins,12,power-active,24,Expanded B,Daily,0.4824085193724269,0.08964025973574931,0.3927682596366776,0.3539094640807036,0.44317840248071433,-4.381605550837535,-11.08075173579519,-2.703379389104966,24,24,1070,2000,2000,0,2000
Qcells,Alice2018Test,S2_new_origins,12,power-active,24,Expanded B,Last-value,0.4824085193724269,0.5050136299175889,-0.02260511054516201,-0.05635555236650413,0.021464592724229032,0.04476138703197152,-0.044330644343069846,0.10936838910485855,24,24,1070,2000,2000,0,2000
Qcells,Alice2018Test,S2_new_origins,12,power-active,24,Inverted42,Daily,0.3548099779087958,0.08964025973574931,0.2651697181730465,0.21576569939611628,0.3159081914015602,-2.9581542819570226,-7.808694622287773,-1.6608647186417673,24,24,1070,2000,2000,0,2000
Qcells,Alice2018Test,S2_new_origins,12,power-active,24,Inverted42,Last-value,0.3548099779087958,0.5050136299175889,-0.1502036520087931,-0.19267206444181967,-0.10609404778365568,0.2974249467946126,0.21931574448127472,0.3702461266461461,24,24,1070,2000,2000,0,2000
Qcells,Alice2018Test,S2_new_origins,12,power-active,24,Inverted43,Daily,0.4463773323454602,0.08964025973574931,0.3567370726097109,0.2958610989408338,0.41797913803253567,-3.9796523756327433,-10.305469261460537,-2.274605731730422,24,24,1070,2000,2000,0,2000
Qcells,Alice2018Test,S2_new_origins,12,power-active,24,Inverted43,Last-value,0.4463773323454602,0.5050136299175889,-0.05863629757212874,-0.11071745898534752,-0.009795812885929069,0.11610834658402658,0.01962496309235206,0.21564770917180212,24,24,1070,2000,2000,0,2000
Qcells,Alice2018Test,S2_new_origins,12,power-active,24,Inverted44,Daily,0.37255488154019084,0.08964025973574931,0.28291462180444155,0.22912771869764698,0.33682619667501007,-3.15611113397536,-8.342002277436602,-1.7515896651637404,24,24,1070,2000,2000,0,2000
Qcells,Alice2018Test,S2_new_origins,12,power-active,24,Inverted44,Last-value,0.37255488154019084,0.5050136299175889,-0.13245874837739807,-0.17560186877315612,-0.0902139934731124,0.26228747212033365,0.18645281028982202,0.33664175212933395,24,24,1070,2000,2000,0,2000
Qcells,Alice2018Test,S2_new_origins,12,power-active,24,Inverted mean,Daily,0.3912473972648156,0.08964025973574931,0.3016071375290663,0.246854680368543,0.3561990321070749,-3.3646392638550418,-8.818044950537521,-1.8961162126968476,24,24,1070,2000,2000,0,2000
Qcells,Alice2018Test,S2_new_origins,12,power-active,24,Inverted mean,Last-value,0.3912473972648156,0.5050136299175889,-0.1137662326527733,-0.15915788043428988,-0.069519346717874,0.22527358849965762,0.14323561917817673,0.30676636365722093,24,24,1070,2000,2000,0,2000
Qcells,Alice2018Test,S2_new_origins,12,power-active,24,Inverted mean,Original B,0.3912473972648156,0.22645677692392502,0.1647906203408906,0.13089549170934237,0.1955504570491943,-0.7276912732722046,-0.8809671188540306,-0.5685469494260358,24,24,1070,2000,2000,0,2000
Qcells,Alice2018Test,S2_new_origins,12,power-active,24,Inverted mean,Expanded B,0.3912473972648156,0.4824085193724269,-0.09116112210761129,-0.14070525968528144,-0.041491427503662096,0.18897079642416822,0.08966527253716905,0.2807472566893034,24,24,1070,2000,2000,0,2000
Qcells,Alice2018Test,S2_new_origins,12,power-active,24,Expanded B,Original B,0.4824085193724269,0.22645677692392502,0.2559517424485019,0.23533733597815956,0.2749596254991944,-1.130245453128944,-1.2395478969056315,-1.0410263575697096,24,24,1070,2000,2000,0,2000
Qcells,Alice2018Test,S2_new_origins,12,power-active,24,Expanded B,Expanded A,0.4824085193724269,0.5113318128645796,-0.028923293492152724,-0.0842006011226202,0.01294702689590486,0.0565646274385293,-0.02730738294699413,0.14603740706928967,24,24,1070,2000,2000,0,2000
Qcells,Alice2018Test,S2_new_origins,12,power-active,48,Original A,Daily,0.5113318128645796,0.08964025973574931,0.42169155312883033,0.412272700003525,0.4446215048459585,-4.704265185887855,-13.285876779885118,-2.891746734847198,12,12,1070,2000,2000,0,2000
Qcells,Alice2018Test,S2_new_origins,12,power-active,48,Original A,Last-value,0.5113318128645796,0.5050136299175889,0.006318182946990714,-0.0531549067464387,0.09889381423862317,-0.012510915691566149,-0.2052786054621487,0.10059073568321295,12,12,1070,2000,2000,0,2000
Qcells,Alice2018Test,S2_new_origins,12,power-active,48,Expanded A,Daily,0.5113318128645796,0.08964025973574931,0.42169155312883033,0.412272700003525,0.4446215048459585,-4.704265185887855,-13.285876779885118,-2.891746734847198,12,12,1070,2000,2000,0,2000
Qcells,Alice2018Test,S2_new_origins,12,power-active,48,Expanded A,Last-value,0.5113318128645796,0.5050136299175889,0.006318182946990714,-0.0531549067464387,0.09889381423862317,-0.012510915691566149,-0.2052786054621487,0.10059073568321295,12,12,1070,2000,2000,0,2000
Qcells,Alice2018Test,S2_new_origins,12,power-active,48,Original B,Daily,0.226456776923925,0.08964025973574931,0.13681651718817567,0.09226673120327304,0.1859547323921806,-1.5262842565550052,-5.565314651943735,-0.6235511612341273,12,12,1070,2000,2000,0,2000
Qcells,Alice2018Test,S2_new_origins,12,power-active,48,Original B,Last-value,0.226456776923925,0.5050136299175889,-0.27855685299366395,-0.3135138764377876,-0.23678256111435034,0.5515828415148329,0.49475795660578953,0.5939023302275174,12,12,1070,2000,2000,0,2000
Qcells,Alice2018Test,S2_new_origins,12,power-active,48,Expanded B,Daily,0.48240851937242696,0.08964025973574931,0.39276825963667766,0.3498506457527586,0.4447537571522897,-4.381605550837536,-13.016738160354565,-2.377464802493376,12,12,1070,2000,2000,0,2000
Qcells,Alice2018Test,S2_new_origins,12,power-active,48,Expanded B,Last-value,0.48240851937242696,0.5050136299175889,-0.022605110545161955,-0.06142772558205028,0.024617283429325114,0.04476138703197141,-0.051343489849901426,0.11728702936120503,12,12,1070,2000,2000,0,2000
Qcells,Alice2018Test,S2_new_origins,12,power-active,48,Inverted42,Daily,0.35480997790879587,0.08964025973574931,0.2651697181730466,0.21267802219566656,0.32598070057944445,-2.9581542819570235,-9.59361141038214,-1.436044818472385,12,12,1070,2000,2000,0,2000
Qcells,Alice2018Test,S2_new_origins,12,power-active,48,Inverted42,Last-value,0.35480997790879587,0.5050136299175889,-0.15020365200879304,-0.1887182338647595,-0.11155931206280167,0.2974249467946125,0.2290234936140943,0.3632238198150454,12,12,1070,2000,2000,0,2000
Qcells,Alice2018Test,S2_new_origins,12,power-active,48,Inverted43,Daily,0.44637733234546023,0.08964025973574931,0.35673707260971094,0.2905712265371985,0.4303833349169148,-3.9796523756327433,-12.574825231459283,-1.9697830677860868,12,12,1070,2000,2000,0,2000
Qcells,Alice2018Test,S2_new_origins,12,power-active,48,Inverted43,Last-value,0.44637733234546023,0.5050136299175889,-0.05863629757212868,-0.10682849817209926,-0.01467215680773725,0.11610834658402647,0.030057582932716438,0.20637008037288476,12,12,1070,2000,2000,0,2000
Qcells,Alice2018Test,S2_new_origins,12,power-active,48,Inverted44,Daily,0.3725548815401908,0.08964025973574931,0.2829146218044415,0.22512595552142098,0.347046792824931,-3.156111133975359,-10.262486743740276,-1.524240661787931,12,12,1070,2000,2000,0,2000
Qcells,Alice2018Test,S2_new_origins,12,power-active,48,Inverted44,Last-value,0.3725548815401908,0.5050136299175889,-0.13245874837739813,-0.16997866121490396,-0.09397018531652859,0.26228747212033376,0.19415257789286267,0.32695877536176965,12,12,1070,2000,2000,0,2000
Qcells,Alice2018Test,S2_new_origins,12,power-active,48,Inverted mean,Daily,0.3912473972648156,0.08964025973574931,0.30160713752906637,0.24413352286064202,0.36680798078761484,-3.3646392638550418,-10.814683603501619,-1.6430274791774018,12,12,1070,2000,2000,0,2000
Qcells,Alice2018Test,S2_new_origins,12,power-active,48,Inverted mean,Last-value,0.3912473972648156,0.5050136299175889,-0.11376623265277329,-0.1543407283993924,-0.07421816533303704,0.2252735884996576,0.15346455692595937,0.2960233348586083,12,12,1070,2000,2000,0,2000
Qcells,Alice2018Test,S2_new_origins,12,power-active,48,Inverted mean,Original B,0.3912473972648156,0.226456776923925,0.16479062034089065,0.13064130034733704,0.1947390767906623,-0.727691273272205,-0.8936772974316858,-0.5591957527458896,12,12,1070,2000,2000,0,2000
Qcells,Alice2018Test,S2_new_origins,12,power-active,48,Inverted mean,Expanded B,0.3912473972648156,0.48240851937242696,-0.09116112210761133,-0.13857887407473124,-0.04707322607331156,0.18897079642416828,0.10276990783686962,0.2765207171517346,12,12,1070,2000,2000,0,2000
Qcells,Alice2018Test,S2_new_origins,12,power-active,48,Expanded B,Original B,0.48240851937242696,0.226456776923925,0.25595174244850194,0.24002066004100642,0.27324021416382305,-1.130245453128945,-1.241892097842439,-1.0422309648224262,12,12,1070,2000,2000,0,2000
Qcells,Alice2018Test,S2_new_origins,12,power-active,48,Expanded B,Expanded A,0.48240851937242696,0.5113318128645796,-0.02892329349215267,-0.08234089025578367,0.01384398816136409,0.05656462743852919,-0.02938102151891562,0.14303819242527366,12,12,1070,2000,2000,0,2000
Qcells,Alice2018Test,S2_new_origins,12,power-active,72,Original A,Daily,0.5113318128645796,0.08964025973574931,0.42169155312883033,0.4064391215260103,0.447775720257511,-4.704265185887855,-12.866065300083157,-2.8784029027608313,8,8,1070,2000,2000,0,2000
Qcells,Alice2018Test,S2_new_origins,12,power-active,72,Original A,Last-value,0.5113318128645796,0.5050136299175889,0.006318182946990714,-0.05664044098308038,0.11048373981173812,-0.012510915691566149,-0.23240032636961172,0.1084672969745662,8,8,1070,2000,2000,0,2000
Qcells,Alice2018Test,S2_new_origins,12,power-active,72,Expanded A,Daily,0.5113318128645796,0.08964025973574931,0.42169155312883033,0.4064391215260103,0.447775720257511,-4.704265185887855,-12.866065300083157,-2.8784029027608313,8,8,1070,2000,2000,0,2000
Qcells,Alice2018Test,S2_new_origins,12,power-active,72,Expanded A,Last-value,0.5113318128645796,0.5050136299175889,0.006318182946990714,-0.05664044098308038,0.11048373981173812,-0.012510915691566149,-0.23240032636961172,0.1084672969745662,8,8,1070,2000,2000,0,2000
Qcells,Alice2018Test,S2_new_origins,12,power-active,72,Original B,Daily,0.226456776923925,0.08964025973574931,0.13681651718817567,0.09061718187316849,0.1867913317844772,-1.5262842565550052,-5.453161821462037,-0.6004712259311724,8,8,1070,2000,2000,0,2000
Qcells,Alice2018Test,S2_new_origins,12,power-active,72,Original B,Last-value,0.226456776923925,0.5050136299175889,-0.27855685299366395,-0.3163733273322487,-0.22735225349617086,0.5515828415148329,0.486386970497069,0.5967718787438813,8,8,1070,2000,2000,0,2000
Qcells,Alice2018Test,S2_new_origins,12,power-active,72,Expanded B,Daily,0.48240851937242696,0.08964025973574931,0.39276825963667766,0.34781144241080636,0.44301736052023527,-4.381605550837536,-12.67381639863614,-2.3592075331739375,8,8,1070,2000,2000,0,2000
Qcells,Alice2018Test,S2_new_origins,12,power-active,72,Expanded B,Last-value,0.48240851937242696,0.5050136299175889,-0.022605110545161955,-0.06106369463823891,0.031148720967080965,0.04476138703197141,-0.06600524403914973,0.11553260216857934,8,8,1070,2000,2000,0,2000
Qcells,Alice2018Test,S2_new_origins,12,power-active,72,Inverted42,Daily,0.3548099779087958,0.08964025973574931,0.2651697181730465,0.20802875131589668,0.32793356908286975,-2.9581542819570226,-9.61244175946446,-1.3919020288035808,8,8,1070,2000,2000,0,2000
Qcells,Alice2018Test,S2_new_origins,12,power-active,72,Inverted42,Last-value,0.3548099779087958,0.5050136299175889,-0.1502036520087931,-0.19458969744689797,-0.10212049703301297,0.2974249467946126,0.21516424169738066,0.37154507520089863,8,8,1070,2000,2000,0,2000
Qcells,Alice2018Test,S2_new_origins,12,power-active,72,Inverted43,Daily,0.44637733234546023,0.08964025973574931,0.35673707260971094,0.28397742627776223,0.432907608541376,-3.9796523756327433,-12.662630342210408,-1.9207814372351895,8,8,1070,2000,2000,0,2000
Qcells,Alice2018Test,S2_new_origins,12,power-active,72,Inverted43,Last-value,0.44637733234546023,0.5050136299175889,-0.05863629757212868,-0.11481329328335489,-0.008456462784118437,0.11610834658402647,0.017526632593224897,0.21791798663846979,8,8,1070,2000,2000,0,2000
Qcells,Alice2018Test,S2_new_origins,12,power-active,72,Inverted44,Daily,0.3725548815401908,0.08964025973574931,0.2829146218044415,0.2224300238030023,0.3465993105199775,-3.156111133975359,-10.159508016579961,-1.482270999192578,8,8,1070,2000,2000,0,2000
Qcells,Alice2018Test,S2_new_origins,12,power-active,72,Inverted44,Last-value,0.3725548815401908,0.5050136299175889,-0.13245874837739813,-0.17611880208087338,-0.08482501525428388,0.26228747212033376,0.18012499068342033,0.3342574161394561,8,8,1070,2000,2000,0,2000
Qcells,Alice2018Test,S2_new_origins,12,power-active,72,Inverted mean,Daily,0.3912473972648156,0.08964025973574931,0.3016071375290663,0.23722070056538166,0.36842715808342286,-3.3646392638550418,-10.842889869414925,-1.5984371511297129,8,8,1070,2000,2000,0,2000
Qcells,Alice2018Test,S2_new_origins,12,power-active,72,Inverted mean,Last-value,0.3912473972648156,0.5050136299175889,-0.1137662326527733,-0.16193326485204607,-0.0650279448753165,0.22527358849965762,0.13811932417270997,0.3070262796629227,8,8,1070,2000,2000,0,2000
Qcells,Alice2018Test,S2_new_origins,12,power-active,72,Inverted mean,Original B,0.3912473972648156,0.226456776923925,0.16479062034089062,0.13278853802855198,0.19384090319385675,-0.7276912732722048,-0.8867038868069733,-0.5642415953885666,8,8,1070,2000,2000,0,2000
Qcells,Alice2018Test,S2_new_origins,12,power-active,72,Inverted mean,Expanded B,0.3912473972648156,0.48240851937242696,-0.09116112210761135,-0.13882124294657425,-0.04741321053578753,0.18897079642416834,0.10373794761432643,0.274971136928218,8,8,1070,2000,2000,0,2000
Qcells,Alice2018Test,S2_new_origins,12,power-active,72,Expanded B,Original B,0.48240851937242696,0.226456776923925,0.25595174244850194,0.239502875605723,0.2742511344617288,-1.130245453128945,-1.2484905228630618,-1.0419572098920231,8,8,1070,2000,2000,0,2000
Qcells,Alice2018Test,S2_new_origins,12,power-active,72,Expanded B,Expanded A,0.48240851937242696,0.5113318128645796,-0.02892329349215267,-0.08258813457386849,0.011914356017387703,0.05656462743852919,-0.025356861490556604,0.142556304071531,8,8,1070,2000,2000,0,2000
Qcells,Alice2018Test,S2_new_origins,12,low-power,24,Original A,Daily,0.37710255304070023,0.0032523892332883488,0.3738501638074119,0.29749555507491765,0.4891153086477384,-114.94631699706751,-161.4481135061489,-83.18531708877677,24,24,2146,2000,2000,0,2000
Qcells,Alice2018Test,S2_new_origins,12,low-power,24,Original A,Last-value,0.37710255304070023,0.4595683638529719,-0.08246581081227167,-0.1650595316536859,0.04018344213130402,0.17944187916001686,-0.09331604181149492,0.3407576824493224,24,24,2146,2000,2000,0,2000
Qcells,Alice2018Test,S2_new_origins,12,low-power,24,Expanded A,Daily,0.37710255304070023,0.0032523892332883488,0.3738501638074119,0.29749555507491765,0.4891153086477384,-114.94631699706751,-161.4481135061489,-83.18531708877677,24,24,2146,2000,2000,0,2000
Qcells,Alice2018Test,S2_new_origins,12,low-power,24,Expanded A,Last-value,0.37710255304070023,0.4595683638529719,-0.08246581081227167,-0.1650595316536859,0.04018344213130402,0.17944187916001686,-0.09331604181149492,0.3407576824493224,24,24,2146,2000,2000,0,2000
Qcells,Alice2018Test,S2_new_origins,12,low-power,24,Original B,Daily,0.19274116639483846,0.0032523892332883488,0.1894887771615501,0.1774083529806991,0.2056386974868918,-58.26140832779915,-74.59252154031661,-47.80122721985167,24,24,2146,2000,2000,0,2000
Qcells,Alice2018Test,S2_new_origins,12,low-power,24,Original B,Last-value,0.19274116639483846,0.4595683638529719,-0.26682719745813344,-0.3038073038539414,-0.2256445263370573,0.5806039284799389,0.5289576589447377,0.6123647647540897,24,24,2146,2000,2000,0,2000
Qcells,Alice2018Test,S2_new_origins,12,low-power,24,Expanded B,Daily,0.39855607668869203,0.0032523892332883488,0.3953036874554037,0.3734994785217488,0.4175559888023445,-121.54255198284781,-154.46444845446192,-101.05300170381085,24,24,2146,2000,2000,0,2000
Qcells,Alice2018Test,S2_new_origins,12,low-power,24,Expanded B,Last-value,0.39855607668869203,0.4595683638529719,-0.061012287164279866,-0.08415796977711994,-0.033827136791269,0.13275998080624918,0.07935384338375036,0.17182623753707033,24,24,2146,2000,2000,0,2000
Qcells,Alice2018Test,S2_new_origins,12,low-power,24,Inverted42,Daily,0.33984127898761973,0.0032523892332883488,0.3365888897543314,0.31466806529308955,0.35792594561342217,-103.48973188981475,-131.35252549999123,-85.92686407831799,24,24,2146,2000,2000,0,2000
Qcells,Alice2018Test,S2_new_origins,12,low-power,24,Inverted42,Last-value,0.33984127898761973,0.4595683638529719,-0.11972708486535216,-0.14481986516869902,-0.09034824379346443,0.26052072832336215,0.20925345507282694,0.29292869845142977,24,24,2146,2000,2000,0,2000
Qcells,Alice2018Test,S2_new_origins,12,low-power,24,Inverted43,Daily,0.37611386797079466,0.0032523892332883488,0.3728614787375063,0.3508822256143272,0.39515485227182406,-114.64232968220792,-145.49484869918052,-94.93390795692272,24,24,2146,2000,2000,0,2000
Qcells,Alice2018Test,S2_new_origins,12,low-power,24,Inverted43,Last-value,0.37611386797079466,0.4595683638529719,-0.08345449588217724,-0.10895343111933162,-0.05239351607495009,0.1815932132109871,0.12013260056773128,0.22143868001355183,24,24,2146,2000,2000,0,2000
Qcells,Alice2018Test,S2_new_origins,12,low-power,24,Inverted44,Daily,0.33608423928470316,0.0032523892332883488,0.3328318500514148,0.3040980773792138,0.3685433950245862,-102.334568890115,-130.868601546539,-83.40756875942398,24,24,2146,2000,2000,0,2000
Qcells,Alice2018Test,S2_new_origins,12,low-power,24,Inverted44,Last-value,0.33608423928470316,0.4595683638529719,-0.12348412456826874,-0.1588133898700466,-0.0720553082267994,0.2686958770029144,0.1686625146312983,0.326103547798661,24,24,2146,2000,2000,0,2000
Qcells,Alice2018Test,S2_new_origins,12,low-power,24,Inverted mean,Daily,0.35067979541437255,0.0032523892332883488,0.3474274061810842,0.3237426151388342,0.3716588819731226,-106.82221015404589,-135.38572759782286,-88.10060130225588,24,24,2146,2000,2000,0,2000
Qcells,Alice2018Test,S2_new_origins,12,low-power,24,Inverted mean,Last-value,0.35067979541437255,0.4595683638529719,-0.10888856843859938,-0.13760452749535498,-0.07224408680080766,0.23693660617908788,0.16595878118099533,0.27856259152336765,24,24,2146,2000,2000,0,2000
Qcells,Alice2018Test,S2_new_origins,12,low-power,24,Inverted mean,Original B,0.35067979541437255,0.19274116639483846,0.15793862901953407,0.14338926807182178,0.17140297408423202,-0.819433813615043,-0.8830505853196643,-0.7521559580329923,24,24,2146,2000,2000,0,2000
Qcells,Alice2018Test,S2_new_origins,12,low-power,24,Inverted mean,Expanded B,0.35067979541437255,0.39855607668869203,-0.04787628127431951,-0.057212150862915374,-0.03554124190552657,0.12012432898298316,0.08893177965735123,0.14360903251819052,24,24,2146,2000,2000,0,2000
Qcells,Alice2018Test,S2_new_origins,12,low-power,24,Expanded B,Original B,0.39855607668869203,0.19274116639483846,0.20581491029385357,0.18929414509495082,0.22288549874817115,-1.0678305737355194,-1.166789398052699,-0.9492560168253408,24,24,2146,2000,2000,0,2000
Qcells,Alice2018Test,S2_new_origins,12,low-power,24,Expanded B,Expanded A,0.39855607668869203,0.37710255304070023,0.0214535236479918,-0.07769896939836667,0.08456243605001638,-0.05689042271128919,-0.276440515357922,0.15922353096053302,24,24,2146,2000,2000,0,2000
Qcells,Alice2018Test,S2_new_origins,12,low-power,48,Original A,Daily,0.37710255304070023,0.0032523892332883488,0.3738501638074119,0.29441064153381263,0.46928381122726726,-114.94631699706751,-157.60695731278238,-86.24685437997141,12,12,2146,2000,2000,0,2000
Qcells,Alice2018Test,S2_new_origins,12,low-power,48,Original A,Last-value,0.37710255304070023,0.4595683638529719,-0.08246581081227167,-0.1677583967293717,0.03863490764541756,0.17944187916001686,-0.09090151539940404,0.3453494214781917,12,12,2146,2000,2000,0,2000
Qcells,Alice2018Test,S2_new_origins,12,low-power,48,Expanded A,Daily,0.37710255304070023,0.0032523892332883488,0.3738501638074119,0.29441064153381263,0.46928381122726726,-114.94631699706751,-157.60695731278238,-86.24685437997141,12,12,2146,2000,2000,0,2000
Qcells,Alice2018Test,S2_new_origins,12,low-power,48,Expanded A,Last-value,0.37710255304070023,0.4595683638529719,-0.08246581081227167,-0.1677583967293717,0.03863490764541756,0.17944187916001686,-0.09090151539940404,0.3453494214781917,12,12,2146,2000,2000,0,2000
Qcells,Alice2018Test,S2_new_origins,12,low-power,48,Original B,Daily,0.19274116639483846,0.0032523892332883488,0.1894887771615501,0.17979617401531248,0.1994414728231767,-58.26140832779915,-71.89972986185023,-49.79477135195095,12,12,2146,2000,2000,0,2000
Qcells,Alice2018Test,S2_new_origins,12,low-power,48,Original B,Last-value,0.19274116639483846,0.4595683638529719,-0.26682719745813344,-0.3093203598626536,-0.2177179600997228,0.5806039284799389,0.5269238019030339,0.6142435005006583,12,12,2146,2000,2000,0,2000
Qcells,Alice2018Test,S2_new_origins,12,low-power,48,Expanded B,Daily,0.39855607668869203,0.0032523892332883488,0.3953036874554037,0.3732003563407659,0.41761417333490525,-121.54255198284781,-149.7961813253874,-104.61418115667308,12,12,2146,2000,2000,0,2000
Qcells,Alice2018Test,S2_new_origins,12,low-power,48,Expanded B,Last-value,0.39855607668869203,0.4595683638529719,-0.061012287164279866,-0.08772775937047689,-0.031320876598190724,0.13275998080624918,0.07586107735367842,0.17534315348484245,12,12,2146,2000,2000,0,2000
Qcells,Alice2018Test,S2_new_origins,12,low-power,48,Inverted42,Daily,0.33984127898761973,0.0032523892332883488,0.3365888897543314,0.31666589338130996,0.3567241446509861,-103.48973188981475,-128.10656020138535,-89.02273157329024,12,12,2146,2000,2000,0,2000
Qcells,Alice2018Test,S2_new_origins,12,low-power,48,Inverted42,Last-value,0.33984127898761973,0.4595683638529719,-0.11972708486535216,-0.14822236245811746,-0.08610762503787164,0.26052072832336215,0.20769322072221308,0.29654606273916373,12,12,2146,2000,2000,0,2000
Qcells,Alice2018Test,S2_new_origins,12,low-power,48,Inverted43,Daily,0.37611386797079466,0.0032523892332883488,0.3728614787375063,0.3539654108502729,0.39233127589768496,-114.64232968220792,-141.56686420256332,-98.71818102566054,12,12,2146,2000,2000,0,2000
Qcells,Alice2018Test,S2_new_origins,12,low-power,48,Inverted43,Last-value,0.37611386797079466,0.4595683638529719,-0.08345449588217724,-0.11384886536760203,-0.0477766460968351,0.1815932132109871,0.11482460689423155,0.22849595540290005,12,12,2146,2000,2000,0,2000
Qcells,Alice2018Test,S2_new_origins,12,low-power,48,Inverted44,Daily,0.33608423928470316,0.0032523892332883488,0.3328318500514148,0.3059578410618646,0.3579445419155332,-102.334568890115,-126.84674591684036,-86.36545187636736,12,12,2146,2000,2000,0,2000
Qcells,Alice2018Test,S2_new_origins,12,low-power,48,Inverted44,Last-value,0.33608423928470316,0.4595683638529719,-0.12348412456826874,-0.1638408345276479,-0.07132623941263219,0.2686958770029144,0.17100182540593778,0.3286268862640169,12,12,2146,2000,2000,0,2000
Qcells,Alice2018Test,S2_new_origins,12,low-power,48,Inverted mean,Daily,0.35067979541437255,0.0032523892332883488,0.3474274061810842,0.3270775929734197,0.366654493670314,-106.82221015404589,-132.0691959788256,-91.49379143694156,12,12,2146,2000,2000,0,2000
Qcells,Alice2018Test,S2_new_origins,12,low-power,48,Inverted mean,Last-value,0.35067979541437255,0.4595683638529719,-0.10888856843859938,-0.14171604121466644,-0.06818909591080567,0.23693660617908788,0.1656855443141873,0.2831450538596736,12,12,2146,2000,2000,0,2000
Qcells,Alice2018Test,S2_new_origins,12,low-power,48,Inverted mean,Original B,0.35067979541437255,0.19274116639483846,0.15793862901953407,0.14480973638340497,0.17145417679929498,-0.819433813615043,-0.8829430280726053,-0.7525305283168552,12,12,2146,2000,2000,0,2000
Qcells,Alice2018Test,S2_new_origins,12,low-power,48,Inverted mean,Expanded B,0.35067979541437255,0.39855607668869203,-0.04787628127431951,-0.059264177692445554,-0.03385823835956377,0.12012432898298316,0.08724078525297889,0.1456923251087741,12,12,2146,2000,2000,0,2000
Qcells,Alice2018Test,S2_new_origins,12,low-power,48,Expanded B,Original B,0.39855607668869203,0.19274116639483846,0.20581491029385357,0.18452712326611004,0.22564797352652016,-1.0678305737355194,-1.1742351194777993,-0.9423273688558409,12,12,2146,2000,2000,0,2000
Qcells,Alice2018Test,S2_new_origins,12,low-power,48,Expanded B,Expanded A,0.39855607668869203,0.37710255304070023,0.0214535236479918,-0.07493948506591237,0.0871123592496707,-0.05689042271128919,-0.2923373993412497,0.16061968600366328,12,12,2146,2000,2000,0,2000
Qcells,Alice2018Test,S2_new_origins,12,low-power,72,Original A,Daily,0.37710255304070023,0.0032523892332883488,0.3738501638074119,0.2915113584147042,0.4715948209505236,-114.94631699706751,-151.45981347379333,-87.97783278708147,8,8,2146,2000,2000,0,2000
Qcells,Alice2018Test,S2_new_origins,12,low-power,72,Original A,Last-value,0.37710255304070023,0.45956836385297195,-0.08246581081227172,-0.17320337066353947,0.044330242858234364,0.17944187916001697,-0.10621629983636902,0.3563092836941554,8,8,2146,2000,2000,0,2000
Qcells,Alice2018Test,S2_new_origins,12,low-power,72,Expanded A,Daily,0.37710255304070023,0.0032523892332883488,0.3738501638074119,0.2915113584147042,0.4715948209505236,-114.94631699706751,-151.45981347379333,-87.97783278708147,8,8,2146,2000,2000,0,2000
Qcells,Alice2018Test,S2_new_origins,12,low-power,72,Expanded A,Last-value,0.37710255304070023,0.45956836385297195,-0.08246581081227172,-0.17320337066353947,0.044330242858234364,0.17944187916001697,-0.10621629983636902,0.3563092836941554,8,8,2146,2000,2000,0,2000
Qcells,Alice2018Test,S2_new_origins,12,low-power,72,Original B,Daily,0.19274116639483846,0.0032523892332883488,0.1894887771615501,0.17911850492353845,0.20017646063038738,-58.26140832779915,-67.01611439897053,-50.94524037093967,8,8,2146,2000,2000,0,2000
Qcells,Alice2018Test,S2_new_origins,12,low-power,72,Original B,Last-value,0.19274116639483846,0.45956836385297195,-0.2668271974581335,-0.31478717614526225,-0.21130929088249575,0.5806039284799389,0.5220375024280747,0.6177472389245448,8,8,2146,2000,2000,0,2000
Qcells,Alice2018Test,S2_new_origins,12,low-power,72,Expanded B,Daily,0.39855607668869203,0.0032523892332883488,0.3953036874554037,0.37039126611791284,0.42024664721387744,-121.54255198284781,-135.02131688517903,-109.34855578586578,8,8,2146,2000,2000,0,2000
Qcells,Alice2018Test,S2_new_origins,12,low-power,72,Expanded B,Last-value,0.39855607668869203,0.45956836385297195,-0.06101228716427992,-0.09130179056772292,-0.026818424392332337,0.1327599808062493,0.06522610392354747,0.17994047240514696,8,8,2146,2000,2000,0,2000
Qcells,Alice2018Test,S2_new_origins,12,low-power,72,Inverted42,Daily,0.33984127898761973,0.0032523892332883488,0.3365888897543314,0.3183500612208068,0.3571390008963251,-103.48973188981475,-115.62557376108865,-92.67892113080373,8,8,2146,2000,2000,0,2000
Qcells,Alice2018Test,S2_new_origins,12,low-power,72,Inverted42,Last-value,0.33984127898761973,0.45956836385297195,-0.11972708486535222,-0.15303091210583603,-0.08006528802761644,0.26052072832336226,0.1963384774345035,0.3016996053772406,8,8,2146,2000,2000,0,2000
Qcells,Alice2018Test,S2_new_origins,12,low-power,72,Inverted43,Daily,0.37611386797079466,0.0032523892332883488,0.3728614787375063,0.3537374448677791,0.39505124685898246,-114.64232968220792,-130.00108233234684,-101.78652551178267,8,8,2146,2000,2000,0,2000
Qcells,Alice2018Test,S2_new_origins,12,low-power,72,Inverted43,Last-value,0.37611386797079466,0.45956836385297195,-0.0834544958821773,-0.11936287163797958,-0.04076613593580752,0.1815932132109872,0.10050389582961958,0.23625267651938292,8,8,2146,2000,2000,0,2000
Qcells,Alice2018Test,S2_new_origins,12,low-power,72,Inverted44,Daily,0.3360842392847032,0.0032523892332883488,0.33283185005141486,0.305223845470131,0.3589870048801162,-102.33456889011501,-118.14134466709166,-88.9079049023459,8,8,2146,2000,2000,0,2000
Qcells,Alice2018Test,S2_new_origins,12,low-power,72,Inverted44,Last-value,0.3360842392847032,0.45956836385297195,-0.12348412456826874,-0.16861268652208167,-0.06457817336411703,0.2686958770029143,0.15693584635205873,0.33519803013129607,8,8,2146,2000,2000,0,2000
Qcells,Alice2018Test,S2_new_origins,12,low-power,72,Inverted mean,Daily,0.35067979541437255,0.0032523892332883488,0.3474274061810842,0.32760516959756686,0.3677322116990577,-106.82221015404589,-120.64934942034998,-94.53534003762421,8,8,2146,2000,2000,0,2000
Qcells,Alice2018Test,S2_new_origins,12,low-power,72,Inverted mean,Last-value,0.35067979541437255,0.45956836385297195,-0.10888856843859941,-0.1463835105817847,-0.06222349647716587,0.23693660617908793,0.15209901358162284,0.2888676421309352,8,8,2146,2000,2000,0,2000
Qcells,Alice2018Test,S2_new_origins,12,low-power,72,Inverted mean,Original B,0.35067979541437255,0.19274116639483846,0.15793862901953407,0.1454026900861264,0.17034471787636687,-0.8194338136150431,-0.8773811464438901,-0.7626615476681552,8,8,2146,2000,2000,0,2000
Qcells,Alice2018Test,S2_new_origins,12,low-power,72,Inverted mean,Expanded B,0.35067979541437255,0.39855607668869203,-0.0478762812743195,-0.061451536611659474,-0.03297108978306318,0.12012432898298309,0.08558616920847702,0.1494138322603105,8,8,2146,2000,2000,0,2000
Qcells,Alice2018Test,S2_new_origins,12,low-power,72,Expanded B,Original B,0.39855607668869203,0.19274116639483846,0.20581491029385357,0.18265844938013714,0.22869355504176708,-1.0678305737355194,-1.193154705860457,-0.9340980029055711,8,8,2146,2000,2000,0,2000
Qcells,Alice2018Test,S2_new_origins,12,low-power,72,Expanded B,Expanded A,0.39855607668869203,0.37710255304070023,0.0214535236479918,-0.07564477326953926,0.0899775633257619,-0.05689042271128919,-0.30339122686463477,0.16347414941792374,8,8,2146,2000,2000,0,2000
Qcells,Alice2018Test,Original,144,full,24,Original A,Daily,0.8390629137713769,0.2436161755763381,0.5954467381950388,0.5382838632123279,0.6662185699159816,-2.444200335984887,-3.8259236242222063,-1.7596592516796055,24,24,431150,2000,2000,0,2000
Qcells,Alice2018Test,Original,144,full,24,Original A,Last-value,0.8390629137713769,2.41852986021285,-1.5794669464414732,-1.6833812265746186,-1.4710985123123461,0.653069028596764,0.619195225730742,0.6855271614724701,24,24,431150,2000,2000,0,2000
Qcells,Alice2018Test,Original,144,full,24,Expanded A,Daily,0.8390629137713769,0.2436161755763381,0.5954467381950388,0.5382838632123279,0.6662185699159816,-2.444200335984887,-3.8259236242222063,-1.7596592516796055,24,24,431150,2000,2000,0,2000
Qcells,Alice2018Test,Original,144,full,24,Expanded A,Last-value,0.8390629137713769,2.41852986021285,-1.5794669464414732,-1.6833812265746186,-1.4710985123123461,0.653069028596764,0.619195225730742,0.6855271614724701,24,24,431150,2000,2000,0,2000
Qcells,Alice2018Test,Original,144,full,24,Original B,Daily,0.2365203074245268,0.2436161755763381,-0.007095868151811319,-0.04768723723414832,0.03566402336076826,0.02912724549190615,-0.20285553766000344,0.1529395392148998,24,24,431150,2000,2000,0,2000
Qcells,Alice2018Test,Original,144,full,24,Original B,Last-value,0.2365203074245268,2.41852986021285,-2.1820095527883234,-2.291386397965006,-2.0747947836062046,0.902204925680053,0.8820855251519819,0.9205609682827244,24,24,431150,2000,2000,0,2000
Qcells,Alice2018Test,Original,144,full,24,Expanded B,Daily,0.25945904128795594,0.2436161755763381,0.015842865711617832,-0.021105305393010303,0.05725923214422228,-0.06503207627382457,-0.350057265590517,0.06547113283617614,24,24,431150,2000,2000,0,2000
Qcells,Alice2018Test,Original,144,full,24,Expanded B,Last-value,0.25945904128795594,2.41852986021285,-2.1590708189248944,-2.2629946623759976,-2.05428654029196,0.8927203481932113,0.8740028279995262,0.9099993946193615,24,24,431150,2000,2000,0,2000
Qcells,Alice2018Test,Original,144,full,24,Inverted42,Daily,0.8464913417507259,0.2436161755763381,0.6028751661743879,0.5147763039502067,0.702310937256501,-2.4746926789574957,-3.9135284503886605,-1.789057864761917,24,24,431150,2000,2000,0,2000
Qcells,Alice2018Test,Original,144,full,24,Inverted42,Last-value,0.8464913417507259,2.41852986021285,-1.5720385184621244,-1.7091961924934098,-1.4450115700235084,0.6499975643566263,0.6039750434595388,0.6951604552636624,24,24,431150,2000,2000,0,2000
Qcells,Alice2018Test,Original,144,full,24,Inverted43,Daily,0.868573261100442,0.2436161755763381,0.6249570855241039,0.5394730495947438,0.7351160322974489,-2.5653349333048334,-4.084682884748403,-1.8121422026729457,24,24,431150,2000,2000,0,2000
Qcells,Alice2018Test,Original,144,full,24,Inverted43,Last-value,0.868573261100442,2.41852986021285,-1.5499565991124082,-1.6793682635582114,-1.4248978535159416,0.6408672576719807,0.5953206734011366,0.683309499509741,24,24,431150,2000,2000,0,2000
Qcells,Alice2018Test,Original,144,full,24,Inverted44,Daily,0.8157764768808227,0.2436161755763381,0.5721603013044846,0.4914209879294292,0.6706196855485482,-2.3486137566641005,-3.7480465224067725,-1.6722213410443418,24,24,431150,2000,2000,0,2000
Qcells,Alice2018Test,Original,144,full,24,Inverted44,Last-value,0.8157764768808227,2.41852986021285,-1.6027533833320275,-1.7277943517811174,-1.4770870151965367,0.6626973723578391,0.6198570661055685,0.7041720582474656,24,24,431150,2000,2000,0,2000
Qcells,Alice2018Test,Original,144,full,24,Inverted mean,Daily,0.8436136932439968,0.2436161755763381,0.5999975176676587,0.5153194795986659,0.7036486504624619,-2.46288045630881,-3.925291901566648,-1.7612463731233816,24,24,431150,2000,2000,0,2000
Qcells,Alice2018Test,Original,144,full,24,Inverted mean,Last-value,0.8436136932439968,2.41852986021285,-1.5749161669688532,-1.7035605365877036,-1.4508395672583814,0.6511873981288153,0.6073682354236624,0.6941733005644447,24,24,431150,2000,2000,0,2000
Qcells,Alice2018Test,Original,144,full,24,Inverted mean,Original B,0.8436136932439968,0.2365203074245268,0.6070933858194701,0.5227060180038634,0.6954740166474828,-2.5667706609640377,-3.212773852608785,-2.10375210766528,24,24,431150,2000,2000,0,2000
Qcells,Alice2018Test,Original,144,full,24,Inverted mean,Expanded B,0.8436136932439968,0.25945904128795594,0.5841546519560409,0.5010999552994474,0.6711078494833932,-2.2514330163878444,-2.7344610464909733,-1.8864235473632538,24,24,431150,2000,2000,0,2000
Qcells,Alice2018Test,Original,144,full,24,Expanded B,Original B,0.25945904128795594,0.2365203074245268,0.02293873386342915,0.015248605743177289,0.031137637597393537,-0.09698420449901057,-0.1464806185931292,-0.05898897070936547,24,24,431150,2000,2000,0,2000
Qcells,Alice2018Test,Original,144,full,24,Expanded B,Expanded A,0.25945904128795594,0.8390629137713769,-0.5796038724834209,-0.6426429828297622,-0.5223119296762228,0.6907752243252503,0.6566693529759757,0.7265844005030455,24,24,431150,2000,2000,0,2000
Qcells,Alice2018Test,Original,144,full,48,Original A,Daily,0.8390629137713769,0.2436161755763381,0.5954467381950388,0.5395857429345051,0.6738851190656078,-2.444200335984887,-4.1574038340751756,-1.6105515603240288,12,12,431150,2000,2000,0,2000
Qcells,Alice2018Test,Original,144,full,48,Original A,Last-value,0.8390629137713769,2.41852986021285,-1.5794669464414732,-1.6667735370428949,-1.4926855616309762,0.653069028596764,0.6117444717985496,0.6924070168326222,12,12,431150,2000,2000,0,2000
Qcells,Alice2018Test,Original,144,full,48,Expanded A,Daily,0.8390629137713769,0.2436161755763381,0.5954467381950388,0.5395857429345051,0.6738851190656078,-2.444200335984887,-4.1574038340751756,-1.6105515603240288,12,12,431150,2000,2000,0,2000
Qcells,Alice2018Test,Original,144,full,48,Expanded A,Last-value,0.8390629137713769,2.41852986021285,-1.5794669464414732,-1.6667735370428949,-1.4926855616309762,0.653069028596764,0.6117444717985496,0.6924070168326222,12,12,431150,2000,2000,0,2000
Qcells,Alice2018Test,Original,144,full,48,Original B,Daily,0.2365203074245268,0.2436161755763381,-0.007095868151811319,-0.052475793651891665,0.049419364521460854,0.02912724549190615,-0.3130808992184307,0.15181162728644162,12,12,431150,2000,2000,0,2000
Qcells,Alice2018Test,Original,144,full,48,Original B,Last-value,0.2365203074245268,2.41852986021285,-2.1820095527883234,-2.236003995312171,-2.12126189823956,0.902204925680053,0.8759781221037075,0.9253046900571588,12,12,431150,2000,2000,0,2000
Qcells,Alice2018Test,Original,144,full,48,Expanded B,Daily,0.25945904128795594,0.2436161755763381,0.015842865711617832,-0.028145511766733567,0.06780841078512741,-0.06503207627382457,-0.4382825308249851,0.08098427934192151,12,12,431150,2000,2000,0,2000
Qcells,Alice2018Test,Original,144,full,48,Expanded B,Last-value,0.25945904128795594,2.41852986021285,-2.1590708189248944,-2.210149652467868,-2.10149145758373,0.8927203481932113,0.8668382186885485,0.9141149260998509,12,12,431150,2000,2000,0,2000
Qcells,Alice2018Test,Original,144,full,48,Inverted42,Daily,0.8464913417507259,0.2436161755763381,0.6028751661743879,0.4884583414312215,0.7254838519502177,-2.4746926789574957,-4.3311929598017125,-1.6133452960987094,12,12,431150,2000,2000,0,2000
Qcells,Alice2018Test,Original,144,full,48,Inverted42,Last-value,0.8464913417507259,2.41852986021285,-1.5720385184621244,-1.7062266574715628,-1.4435890740009054,0.6499975643566263,0.5908791258244916,0.7116159171902744,12,12,431150,2000,2000,0,2000
Qcells,Alice2018Test,Original,144,full,48,Inverted43,Daily,0.8685732611004421,0.2436161755763381,0.624957085524104,0.5160464823252936,0.7540320811550308,-2.565334933304834,-4.46797759996919,-1.617578937873539,12,12,431150,2000,2000,0,2000
Qcells,Alice2018Test,Original,144,full,48,Inverted43,Last-value,0.8685732611004421,2.41852986021285,-1.549956599112408,-1.6749752832463756,-1.419645013433088,0.6408672576719807,0.5853106144582335,0.6979475971841616,12,12,431150,2000,2000,0,2000
Qcells,Alice2018Test,Original,144,full,48,Inverted44,Daily,0.8157764768808226,0.2436161755763381,0.5721603013044845,0.47699774118674104,0.6917207133220423,-2.3486137566641,-4.085421290888352,-1.50032042981461,12,12,431150,2000,2000,0,2000
Qcells,Alice2018Test,Original,144,full,48,Inverted44,Last-value,0.8157764768808226,2.41852986021285,-1.6027533833320278,-1.72198133399001,-1.4780018260835588,0.6626973723578391,0.6080796153679479,0.7174307911308522,12,12,431150,2000,2000,0,2000
Qcells,Alice2018Test,Original,144,full,48,Inverted mean,Daily,0.8436136932439968,0.2436161755763381,0.5999975176676587,0.4937937948980616,0.7226645309270282,-2.46288045630881,-4.283157761653758,-1.5766495417290631,12,12,431150,2000,2000,0,2000
Qcells,Alice2018Test,Original,144,full,48,Inverted mean,Last-value,0.8436136932439968,2.41852986021285,-1.5749161669688536,-1.6994120328912494,-1.4449174149029302,0.6511873981288153,0.5946477637203078,0.7094412062701196,12,12,431150,2000,2000,0,2000
Qcells,Alice2018Test,Original,144,full,48,Inverted mean,Original B,0.8436136932439968,0.2365203074245268,0.60709338581947,0.5047330767936988,0.7197858022740126,-2.5667706609640377,-3.336239589582962,-2.0140131666609062,12,12,431150,2000,2000,0,2000
Qcells,Alice2018Test,Original,144,full,48,Inverted mean,Expanded B,0.8436136932439968,0.25945904128795594,0.5841546519560409,0.4801662068771002,0.6980828722189378,-2.2514330163878444,-2.827774778620033,-1.7908083451636685,12,12,431150,2000,2000,0,2000
Qcells,Alice2018Test,Original,144,full,48,Expanded B,Original B,0.25945904128795594,0.2365203074245268,0.02293873386342915,0.015802638748479585,0.03023311929324373,-0.09698420449901057,-0.16192937490634463,-0.061735580627315684,12,12,431150,2000,2000,0,2000
Qcells,Alice2018Test,Original,144,full,48,Expanded B,Expanded A,0.25945904128795594,0.8390629137713769,-0.5796038724834209,-0.648444722486063,-0.5219059429290228,0.6907752243252503,0.646800140312962,0.732308595009364,12,12,431150,2000,2000,0,2000
Qcells,Alice2018Test,Original,144,full,72,Original A,Daily,0.839062913771377,0.2436161755763381,0.5954467381950389,0.5468945630702684,0.6491623482160133,-2.4442003359848874,-3.897543745437177,-1.7280058825934894,8,8,431150,2000,2000,0,2000
Qcells,Alice2018Test,Original,144,full,72,Original A,Last-value,0.839062913771377,2.4185298602128498,-1.5794669464414728,-1.6651923736816707,-1.4919048901920582,0.6530690285967637,0.6099309653361669,0.6942368723389292,8,8,431150,2000,2000,0,2000
Qcells,Alice2018Test,Original,144,full,72,Expanded A,Daily,0.839062913771377,0.2436161755763381,0.5954467381950389,0.5468945630702684,0.6491623482160133,-2.4442003359848874,-3.897543745437177,-1.7280058825934894,8,8,431150,2000,2000,0,2000
Qcells,Alice2018Test,Original,144,full,72,Expanded A,Last-value,0.839062913771377,2.4185298602128498,-1.5794669464414728,-1.6651923736816707,-1.4919048901920582,0.6530690285967637,0.6099309653361669,0.6942368723389292,8,8,431150,2000,2000,0,2000
Qcells,Alice2018Test,Original,144,full,72,Original B,Daily,0.2365203074245268,0.2436161755763381,-0.007095868151811319,-0.03734635530052821,0.02846047445920173,0.02912724549190615,-0.17221081936232094,0.10978103417688226,8,8,431150,2000,2000,0,2000
Qcells,Alice2018Test,Original,144,full,72,Original B,Last-value,0.2365203074245268,2.4185298602128498,-2.182009552788323,-2.2402844958581407,-2.1166819556792427,0.902204925680053,0.873588875498704,0.9263353470276946,8,8,431150,2000,2000,0,2000
Qcells,Alice2018Test,Original,144,full,72,Expanded B,Daily,0.2594590412879559,0.2436161755763381,0.015842865711617776,-0.017149137754919948,0.05494351897997805,-0.06503207627382412,-0.338799773964948,0.050661228414660586,8,8,431150,2000,2000,0,2000
Qcells,Alice2018Test,Original,144,full,72,Expanded B,Last-value,0.2594590412879559,2.4185298602128498,-2.159070818924894,-2.2118402245471716,-2.095800464126388,0.8927203481932113,0.8655328217219073,0.9152340125342222,8,8,431150,2000,2000,0,2000
Qcells,Alice2018Test,Original,144,full,72,Inverted42,Daily,0.846491341750726,0.2436161755763381,0.602875166174388,0.5308488996984991,0.6721811149435734,-2.4746926789574966,-3.873500952686464,-1.8767286204527889,8,8,431150,2000,2000,0,2000
Qcells,Alice2018Test,Original,144,full,72,Inverted42,Last-value,0.846491341750726,2.4185298602128498,-1.5720385184621237,-1.6802790916842683,-1.4514026023674849,0.649997564356626,0.5921448879154398,0.7032783152010631,8,8,431150,2000,2000,0,2000
Qcells,Alice2018Test,Original,144,full,72,Inverted43,Daily,0.8685732611004421,0.2436161755763381,0.624957085524104,0.5689863082776586,0.6811713334011448,-2.565334933304834,-4.100231611956588,-1.8492140994589488,8,8,431150,2000,2000,0,2000
Qcells,Alice2018Test,Original,144,full,72,Inverted43,Last-value,0.8685732611004421,2.4185298602128498,-1.5499565991124076,-1.6418602840617555,-1.4557971998949724,0.6408672576719806,0.5941814786186967,0.6871322234439261,8,8,431150,2000,2000,0,2000
Qcells,Alice2018Test,Original,144,full,72,Inverted44,Daily,0.8157764768808227,0.2436161755763381,0.5721603013044846,0.5098621367062364,0.634647822973573,-2.3486137566641005,-3.752374547832794,-1.7016992087299005,8,8,431150,2000,2000,0,2000
Qcells,Alice2018Test,Original,144,full,72,Inverted44,Last-value,0.8157764768808227,2.4185298602128498,-1.602753383332027,-1.7057265560329582,-1.4987011454185388,0.6626973723578389,0.6129506841055631,0.7122955471338052,8,8,431150,2000,2000,0,2000
Qcells,Alice2018Test,Original,144,full,72,Inverted mean,Daily,0.8436136932439968,0.2436161755763381,0.599997517667659,0.5381616375696863,0.6608199033899584,-2.46288045630881,-3.9104134397974093,-1.8096207116306906,8,8,431150,2000,2000,0,2000
Qcells,Alice2018Test,Original,144,full,72,Inverted mean,Last-value,0.8436136932439968,2.4185298602128498,-1.574916166968853,-1.6762874846414686,-1.4698297836140863,0.6511873981288151,0.5999811173378065,0.7011907844510855,8,8,431150,2000,2000,0,2000
Qcells,Alice2018Test,Original,144,full,72,Inverted mean,Original B,0.8436136932439968,0.2365203074245268,0.6070933858194701,0.5276676467143387,0.6876441470805453,-2.5667706609640386,-3.3483485180083257,-2.1203493079087297,8,8,431150,2000,2000,0,2000
Qcells,Alice2018Test,Original,144,full,72,Inverted mean,Expanded B,0.8436136932439968,0.2594590412879559,0.5841546519560411,0.5059452061161792,0.6636622136566892,-2.2514330163878458,-2.7252045343854787,-1.9428253091615244,8,8,431150,2000,2000,0,2000
Qcells,Alice2018Test,Original,144,full,72,Expanded B,Original B,0.2594590412879559,0.2365203074245268,0.022938733863429095,0.017111921846515405,0.030987220362255152,-0.09698420449901035,-0.16798140185416677,-0.05923700275928996,8,8,431150,2000,2000,0,2000
Qcells,Alice2018Test,Original,144,full,72,Expanded B,Expanded A,0.2594590412879559,0.839062913771377,-0.5796038724834212,-0.6441709373171539,-0.5175022864573453,0.6907752243252503,0.6497651044031882,0.7352655158785054,8,8,431150,2000,2000,0,2000
Qcells,Alice2018Test,Original,144,power-active,24,Original A,Daily,1.1683194382786224,0.3689751735852708,0.7993442646933515,0.7090469146333054,0.9107676677122827,-2.1663903750657676,-3.447441823008681,-1.5376056587857496,24,24,187950,2000,2000,0,2000
Qcells,Alice2018Test,Original,144,power-active,24,Original A,Last-value,1.1683194382786224,3.663060085332233,-2.494740647053611,-2.624545987718531,-2.3631886410714564,0.6810537061740122,0.648662204349314,0.712014695776916,24,24,187950,2000,2000,0,2000
Qcells,Alice2018Test,Original,144,power-active,24,Expanded A,Daily,1.1683194382786224,0.3689751735852708,0.7993442646933515,0.7090469146333054,0.9107676677122827,-2.1663903750657676,-3.447441823008681,-1.5376056587857496,24,24,187950,2000,2000,0,2000
Qcells,Alice2018Test,Original,144,power-active,24,Expanded A,Last-value,1.1683194382786224,3.663060085332233,-2.494740647053611,-2.624545987718531,-2.3631886410714564,0.6810537061740122,0.648662204349314,0.712014695776916,24,24,187950,2000,2000,0,2000
Qcells,Alice2018Test,Original,144,power-active,24,Original B,Daily,0.3508946553140599,0.3689751735852708,-0.018080518271210932,-0.07866358335373838,0.046130000158965186,0.0490019913684856,-0.17655429490393537,0.16549980045851329,24,24,187950,2000,2000,0,2000
Qcells,Alice2018Test,Original,144,power-active,24,Original B,Last-value,0.3508946553140599,3.663060085332233,-3.3121654300181733,-3.401873723819352,-3.2092603969863767,0.9042072346235526,0.8842071623131598,0.9228145693099132,24,24,187950,2000,2000,0,2000
Qcells,Alice2018Test,Original,144,power-active,24,Expanded B,Daily,0.38253746124861404,0.3689751735852708,0.01356228766334322,-0.04039329739262007,0.07609340629784675,-0.036756640105513716,-0.3032453632169738,0.08521269906790835,24,24,187950,2000,2000,0,2000
Qcells,Alice2018Test,Original,144,power-active,24,Expanded B,Last-value,0.38253746124861404,3.663060085332233,-3.280522624083619,-3.3643274531400564,-3.1848600846415995,0.8955688816625244,0.8766210425782287,0.9132897132035327,24,24,187950,2000,2000,0,2000
Qcells,Alice2018Test,Original,144,power-active,24,Inverted42,Daily,1.2344415149400079,0.3689751735852708,0.865466341354737,0.7329435327278523,1.0123012455048603,-2.345595051680967,-3.7179813670480506,-1.6951807612020264,24,24,187950,2000,2000,0,2000
Qcells,Alice2018Test,Original,144,power-active,24,Inverted42,Last-value,1.2344415149400079,3.663060085332233,-2.428618570392225,-2.6074245514619117,-2.2519189219738305,0.6630026572910976,0.6169469898371241,0.7077096764403498,24,24,187950,2000,2000,0,2000
Qcells,Alice2018Test,Original,144,power-active,24,Inverted43,Daily,1.2563346814394034,0.3689751735852708,0.8873595078541325,0.7536036270430558,1.051706957932492,-2.4049301182835876,-3.875625592249454,-1.6907394565672738,24,24,187950,2000,2000,0,2000
Qcells,Alice2018Test,Original,144,power-active,24,Inverted43,Last-value,1.2563346814394034,3.663060085332233,-2.4067254038928296,-2.5725067664010086,-2.238197219110861,0.657025914898293,0.612513902489613,0.6991615886712822,24,24,187950,2000,2000,0,2000
Qcells,Alice2018Test,Original,144,power-active,24,Inverted44,Daily,1.1740995704594637,0.3689751735852708,0.8051243968741928,0.6815782848540447,0.9514875913953345,-2.1820557438890322,-3.515541560465956,-1.5406390199836204,24,24,187950,2000,2000,0,2000
Qcells,Alice2018Test,Original,144,power-active,24,Inverted44,Last-value,1.1740995704594637,3.663060085332233,-2.4889605148727694,-2.6542327153024567,-2.3240628021689096,0.6794757543943004,0.6379389976970935,0.7205224580422235,24,24,187950,2000,2000,0,2000
Qcells,Alice2018Test,Original,144,power-active,24,Inverted mean,Daily,1.2216252556129583,0.3689751735852708,0.8526500820276874,0.7261409536886462,1.0068328151018393,-2.310860304617862,-3.7056398191757074,-1.6428334723434341,24,24,187950,2000,2000,0,2000
Qcells,Alice2018Test,Original,144,power-active,24,Inverted mean,Last-value,1.2216252556129583,3.663060085332233,-2.4414348297192743,-2.6100714811717585,-2.2735201646699736,0.6665014421945638,0.62348031738818,0.7086929851589462,24,24,187950,2000,2000,0,2000
Qcells,Alice2018Test,Original,144,power-active,24,Inverted mean,Original B,1.2216252556129583,0.3508946553140599,0.8707306002988983,0.7510885500685839,1.001677927310908,-2.4814587144953,-3.1373779386894567,-2.0176393931789627,24,24,187950,2000,2000,0,2000
Qcells,Alice2018Test,Original,144,power-active,24,Inverted mean,Expanded B,1.2216252556129583,0.38253746124861404,0.8390877943643442,0.7200383265853111,0.9677327537302511,-2.1934787553238206,-2.6934699265664737,-1.825193618048398,24,24,187950,2000,2000,0,2000
Qcells,Alice2018Test,Original,144,power-active,24,Expanded B,Original B,0.38253746124861404,0.3508946553140599,0.03164280593455415,0.020666024642026395,0.04307353520439983,-0.09017750899121846,-0.13708889951952585,-0.05359467656158829,24,24,187950,2000,2000,0,2000
Qcells,Alice2018Test,Original,144,power-active,24,Expanded B,Expanded A,0.38253746124861404,1.1683194382786224,-0.7857819770300083,-0.8780225375578401,-0.7080501702742524,0.6725745984229821,0.6320771887139188,0.713946021490071,24,24,187950,2000,2000,0,2000
Qcells,Alice2018Test,Original,144,power-active,48,Original A,Daily,1.1683194382786224,0.36897517358527077,0.7993442646933516,0.7015223020219536,0.9245931263587137,-2.166390375065768,-3.7508954391904297,-1.388125236425373,12,12,187950,2000,2000,0,2000
Qcells,Alice2018Test,Original,144,power-active,48,Original A,Last-value,1.1683194382786224,3.6630600853322326,-2.49474064705361,-2.6375988314276038,-2.352177077565623,0.6810537061740122,0.6415078536815952,0.7196657424561319,12,12,187950,2000,2000,0,2000
Qcells,Alice2018Test,Original,144,power-active,48,Expanded A,Daily,1.1683194382786224,0.36897517358527077,0.7993442646933516,0.7015223020219536,0.9245931263587137,-2.166390375065768,-3.7508954391904297,-1.388125236425373,12,12,187950,2000,2000,0,2000
Qcells,Alice2018Test,Original,144,power-active,48,Expanded A,Last-value,1.1683194382786224,3.6630600853322326,-2.49474064705361,-2.6375988314276038,-2.352177077565623,0.6810537061740122,0.6415078536815952,0.7196657424561319,12,12,187950,2000,2000,0,2000
Qcells,Alice2018Test,Original,144,power-active,48,Original B,Daily,0.3508946553140599,0.36897517358527077,-0.018080518271210877,-0.085522316568837,0.06704338557477424,0.04900199136848549,-0.2800686126478969,0.165425564186636,12,12,187950,2000,2000,0,2000
Qcells,Alice2018Test,Original,144,power-active,48,Original B,Last-value,0.3508946553140599,3.6630600853322326,-3.312165430018173,-3.4074374701280106,-3.2104480821113377,0.9042072346235526,0.8777764872640835,0.9277117489774068,12,12,187950,2000,2000,0,2000
Qcells,Alice2018Test,Original,144,power-active,48,Expanded B,Daily,0.38253746124861404,0.36897517358527077,0.013562287663343275,-0.05149113785771919,0.09187826221071604,-0.036756640105513716,-0.3880335897921837,0.0999287617395902,12,12,187950,2000,2000,0,2000
Qcells,Alice2018Test,Original,144,power-active,48,Expanded B,Last-value,0.38253746124861404,3.6630600853322326,-3.2805226240836185,-3.3701058284970618,-3.181072730535371,0.8955688816625244,0.869331863205607,0.917675919186617,12,12,187950,2000,2000,0,2000
Qcells,Alice2018Test,Original,144,power-active,48,Inverted42,Daily,1.2344415149400079,0.36897517358527077,0.8654663413547371,0.6976299093533259,1.0446461734401384,-2.3455950516809674,-4.125383201721421,-1.5377095762956174,12,12,187950,2000,2000,0,2000
Qcells,Alice2018Test,Original,144,power-active,48,Inverted42,Last-value,1.2344415149400079,3.6630600853322326,-2.4286185703922247,-2.662673333262497,-2.219576496770969,0.6630026572910975,0.6049709084291034,0.7257122258017435,12,12,187950,2000,2000,0,2000
Qcells,Alice2018Test,Original,144,power-active,48,Inverted43,Daily,1.2563346814394034,0.36897517358527077,0.8873595078541326,0.7221136380702938,1.0804849582467266,-2.404930118283588,-4.221286712487848,-1.5064473302924604,12,12,187950,2000,2000,0,2000
Qcells,Alice2018Test,Original,144,power-active,48,Inverted43,Last-value,1.2563346814394034,3.6630600853322326,-2.406725403892829,-2.6163011673085528,-2.2038185999009534,0.6570259148982929,0.6021570125574621,0.7144418415161495,12,12,187950,2000,2000,0,2000
Qcells,Alice2018Test,Original,144,power-active,48,Inverted44,Daily,1.174099570459464,0.36897517358527077,0.8051243968741931,0.6624264398865558,0.9805663325082691,-2.182055743889033,-3.8435025719624676,-1.3746988444682668,12,12,187950,2000,2000,0,2000
Qcells,Alice2018Test,Original,144,power-active,48,Inverted44,Last-value,1.174099570459464,3.6630600853322326,-2.488960514872769,-2.6866779198709043,-2.292555601580449,0.6794757543943003,0.6264996799926751,0.7338707217975289,12,12,187950,2000,2000,0,2000
Qcells,Alice2018Test,Original,144,power-active,48,Inverted mean,Daily,1.2216252556129585,0.36897517358527077,0.8526500820276876,0.696531208309205,1.0344356451994432,-2.310860304617863,-4.0610050521601435,-1.4700669480670443,12,12,187950,2000,2000,0,2000
Qcells,Alice2018Test,Original,144,power-active,48,Inverted mean,Last-value,1.2216252556129585,3.6630600853322326,-2.4414348297192743,-2.6543687707391315,-2.2392796350672155,0.6665014421945635,0.610334233849924,0.7250546331921081,12,12,187950,2000,2000,0,2000
Qcells,Alice2018Test,Original,144,power-active,48,Inverted mean,Original B,1.2216252556129585,0.3508946553140599,0.8707306002988985,0.7194268775415444,1.0280835984644559,-2.4814587144953,-3.2542512623038444,-1.93536599740286,12,12,187950,2000,2000,0,2000
Qcells,Alice2018Test,Original,144,power-active,48,Inverted mean,Expanded B,1.2216252556129585,0.38253746124861404,0.8390877943643442,0.6850683902257756,0.999719192119988,-2.1934787553238206,-2.7858463025166267,-1.7236561441203702,12,12,187950,2000,2000,0,2000
Qcells,Alice2018Test,Original,144,power-active,48,Expanded B,Original B,0.38253746124861404,0.3508946553140599,0.03164280593455415,0.020807021643601358,0.0421628512341618,-0.09017750899121846,-0.15317211467270841,-0.05578225237500175,12,12,187950,2000,2000,0,2000
Qcells,Alice2018Test,Original,144,power-active,48,Expanded B,Expanded A,0.38253746124861404,1.1683194382786224,-0.7857819770300083,-0.8848188314181683,-0.7085342517788101,0.6725745984229821,0.6197382081098042,0.7197613496985726,12,12,187950,2000,2000,0,2000
Qcells,Alice2018Test,Original,144,power-active,72,Original A,Daily,1.1683194382786224,0.36897517358527077,0.7993442646933516,0.7371950157361297,0.8747974719241173,-2.166390375065768,-3.525537127523541,-1.5116922173687772,8,8,187950,2000,2000,0,2000
Qcells,Alice2018Test,Original,144,power-active,72,Original A,Last-value,1.1683194382786224,3.6630600853322326,-2.49474064705361,-2.620291264802239,-2.35188948016364,0.6810537061740122,0.6421840954054335,0.7179511390770502,8,8,187950,2000,2000,0,2000
Qcells,Alice2018Test,Original,144,power-active,72,Expanded A,Daily,1.1683194382786224,0.36897517358527077,0.7993442646933516,0.7371950157361297,0.8747974719241173,-2.166390375065768,-3.525537127523541,-1.5116922173687772,8,8,187950,2000,2000,0,2000
Qcells,Alice2018Test,Original,144,power-active,72,Expanded A,Last-value,1.1683194382786224,3.6630600853322326,-2.49474064705361,-2.620291264802239,-2.35188948016364,0.6810537061740122,0.6421840954054335,0.7179511390770502,8,8,187950,2000,2000,0,2000
Qcells,Alice2018Test,Original,144,power-active,72,Original B,Daily,0.3508946553140599,0.36897517358527077,-0.018080518271210877,-0.06281628410950962,0.03530153278659748,0.04900199136848549,-0.14189333553435812,0.12494855459052343,8,8,187950,2000,2000,0,2000
Qcells,Alice2018Test,Original,144,power-active,72,Original B,Last-value,0.3508946553140599,3.6630600853322326,-3.312165430018173,-3.407192271183027,-3.199198298886503,0.9042072346235526,0.8754612398033174,0.9289786163901387,8,8,187950,2000,2000,0,2000
Qcells,Alice2018Test,Original,144,power-active,72,Expanded B,Daily,0.38253746124861404,0.36897517358527077,0.013562287663343275,-0.034728530422685804,0.07235400777735146,-0.036756640105513716,-0.2916248075128087,0.06836197403416733,8,8,187950,2000,2000,0,2000
Qcells,Alice2018Test,Original,144,power-active,72,Expanded B,Last-value,0.38253746124861404,3.6630600853322326,-3.2805226240836185,-3.36887413911933,-3.171750846804115,0.8955688816625244,0.8680155285069481,0.9188945966725299,8,8,187950,2000,2000,0,2000
Qcells,Alice2018Test,Original,144,power-active,72,Inverted42,Daily,1.234441514940008,0.36897517358527077,0.8654663413547373,0.7618320512989684,0.9563512739442089,-2.345595051680968,-3.658682852047813,-1.791808537335369,8,8,187950,2000,2000,0,2000
Qcells,Alice2018Test,Original,144,power-active,72,Inverted42,Last-value,1.234441514940008,3.6630600853322326,-2.4286185703922243,-2.6132427045712525,-2.208469252269716,0.6630026572910974,0.6035932663878885,0.7170008875046242,8,8,187950,2000,2000,0,2000
Qcells,Alice2018Test,Original,144,power-active,72,Inverted43,Daily,1.2563346814394034,0.36897517358527077,0.8873595078541326,0.8028437746291957,0.9744213914959096,-2.404930118283588,-3.873215988448235,-1.728295116742064,8,8,187950,2000,2000,0,2000
Qcells,Alice2018Test,Original,144,power-active,72,Inverted43,Last-value,1.2563346814394034,3.6630600853322326,-2.406725403892829,-2.562268151370964,-2.2393963746988876,0.6570259148982929,0.6115158607916465,0.7026531588351808,8,8,187950,2000,2000,0,2000
Qcells,Alice2018Test,Original,144,power-active,72,Inverted44,Daily,1.1740995704594637,0.36897517358527077,0.8051243968741929,0.7179551066449472,0.8929850164400092,-2.1820557438890327,-3.508242387665528,-1.5776788021709909,8,8,187950,2000,2000,0,2000
Qcells,Alice2018Test,Original,144,power-active,72,Inverted44,Last-value,1.1740995704594637,3.6630600853322326,-2.488960514872769,-2.6502177775178284,-2.311415556424426,0.6794757543943004,0.6318881913941018,0.7280433965518845,8,8,187950,2000,2000,0,2000
Qcells,Alice2018Test,Original,144,power-active,72,Inverted mean,Daily,1.2216252556129585,0.36897517358527077,0.8526500820276876,0.7652659753279615,0.9353066336105483,-2.310860304617863,-3.684854579064949,-1.704246909467705,8,8,187950,2000,2000,0,2000
Qcells,Alice2018Test,Original,144,power-active,72,Inverted mean,Last-value,1.2216252556129585,3.6630600853322326,-2.4414348297192743,-2.6077264769634128,-2.253763825610426,0.6665014421945635,0.6156314025881698,0.7160142373920929,8,8,187950,2000,2000,0,2000
Qcells,Alice2018Test,Original,144,power-active,72,Inverted mean,Original B,1.2216252556129585,0.3508946553140599,0.8707306002988985,0.7613251768647921,0.9719313872991228,-2.4814587144953,-3.2806550423838545,-2.0506925795039064,8,8,187950,2000,2000,0,2000
Qcells,Alice2018Test,Original,144,power-active,72,Inverted mean,Expanded B,1.2216252556129585,0.38253746124861404,0.8390877943643442,0.7321977824844151,0.9404981173225083,-2.193478755323821,-2.696915751656312,-1.8846890820552007,8,8,187950,2000,2000,0,2000
Qcells,Alice2018Test,Original,144,power-active,72,Expanded B,Original B,0.38253746124861404,0.3508946553140599,0.03164280593455415,0.023565028460698023,0.04323723462462129,-0.09017750899121846,-0.15843307368732168,-0.056333919807523676,8,8,187950,2000,2000,0,2000
Qcells,Alice2018Test,Original,144,power-active,72,Expanded B,Expanded A,0.38253746124861404,1.1683194382786224,-0.7857819770300083,-0.8492058222641156,-0.718043722672237,0.6725745984229821,0.6269716293614409,0.7228238044443941,8,8,187950,2000,2000,0,2000
Qcells,Alice2018Test,Original,144,low-power,24,Original A,Daily,0.43958566450470027,0.0009857795428000584,0.4385998849619002,0.3827510818131904,0.4969180257783044,-444.9269496058711,-525.6658375427369,-374.6423140527308,24,24,243200,2000,2000,0,2000
Qcells,Alice2018Test,Original,144,low-power,24,Original A,Last-value,0.43958566450470027,0.0045914948431122135,0.43499416966158805,0.37926597093549586,0.4933300326294348,-94.73911754777006,-110.32813242880916,-81.11191269145314,24,24,243200,2000,2000,0,2000
Qcells,Alice2018Test,Original,144,low-power,24,Expanded A,Daily,0.43958566450470027,0.0009857795428000584,0.4385998849619002,0.3827510818131904,0.4969180257783044,-444.9269496058711,-525.6658375427369,-374.6423140527308,24,24,243200,2000,2000,0,2000
Qcells,Alice2018Test,Original,144,low-power,24,Expanded A,Last-value,0.43958566450470027,0.0045914948431122135,0.43499416966158805,0.37926597093549586,0.4933300326294348,-94.73911754777006,-110.32813242880916,-81.11191269145314,24,24,243200,2000,2000,0,2000
Qcells,Alice2018Test,Original,144,low-power,24,Original B,Daily,0.06340140681478929,0.0009857795428000584,0.062415627271989224,0.05465016555034563,0.07186161809908848,-63.31600988056691,-77.8856559653609,-50.27094749782117,24,24,243200,2000,2000,0,2000
Qcells,Alice2018Test,Original,144,low-power,24,Original B,Last-value,0.06340140681478929,0.0045914948431122135,0.05880991197167707,0.051208135770836674,0.06809005526013627,-12.808445611106132,-15.168769799861346,-10.739717381430834,24,24,243200,2000,2000,0,2000
Qcells,Alice2018Test,Original,144,low-power,24,Expanded B,Daily,0.07908133392503841,0.0009857795428000584,0.07809555438223835,0.07372645919075617,0.0833330281086513,-79.22212928096658,-93.69542414505514,-67.7541080531237,24,24,243200,2000,2000,0,2000
Qcells,Alice2018Test,Original,144,low-power,24,Expanded B,Last-value,0.07908133392503841,0.0045914948431122135,0.07448983908192619,0.07028184499692954,0.07952562395403251,-16.22343956101133,-18.32229525741639,-14.512399765954381,24,24,243200,2000,2000,0,2000
Qcells,Alice2018Test,Original,144,low-power,24,Inverted42,Daily,0.3043858808755479,0.0009857795428000584,0.30340010133274786,0.26622893875908193,0.34202169124017345,-307.77682855028087,-384.1164517447154,-250.27039419528992,24,24,243200,2000,2000,0,2000
Qcells,Alice2018Test,Original,144,low-power,24,Inverted42,Last-value,0.3043858808755479,0.0045914948431122135,0.2997943860324357,0.26288996730357833,0.3384599972930399,-65.2934166924227,-78.2970862504108,-54.94096539206933,24,24,243200,2000,2000,0,2000
Qcells,Alice2018Test,Original,144,low-power,24,Inverted43,Daily,0.34299885730371993,0.0009857795428000584,0.3420130777609199,0.3078173858260473,0.3782600801335397,-346.94682016777153,-422.7847853941709,-285.1437739853045,24,24,243200,2000,2000,0,2000
Qcells,Alice2018Test,Original,144,low-power,24,Inverted43,Last-value,0.34299885730371993,0.0045914948431122135,0.3384073624606077,0.3042563027008881,0.37489278870082066,-73.70309104631988,-85.37263733459855,-64.23472952548983,24,24,243200,2000,2000,0,2000
Qcells,Alice2018Test,Original,144,low-power,24,Inverted44,Daily,0.33831310244016377,0.0009857795428000584,0.3373273228973637,0.29349850120343457,0.38257323651793596,-342.1934704986898,-413.2635041651756,-280.547953113456,24,24,243200,2000,2000,0,2000
Qcells,Alice2018Test,Original,144,low-power,24,Inverted44,Last-value,0.33831310244016377,0.0045914948431122135,0.33372160759705155,0.28981540034919656,0.3787321480633225,-72.68256177999928,-86.50886664602557,-61.13169672654705,24,24,243200,2000,2000,0,2000
Qcells,Alice2018Test,Original,144,low-power,24,Inverted mean,Daily,0.3285659468731439,0.0009857795428000584,0.3275801673303438,0.2917071350205094,0.3654526904001265,-332.3057064055807,-404.79680185608777,-273.87594497261557,24,24,243200,2000,2000,0,2000
Qcells,Alice2018Test,Original,144,low-power,24,Inverted mean,Last-value,0.3285659468731439,0.0045914948431122135,0.3239744520300316,0.2878949725156704,0.36219382450173276,-70.55968983958063,-83.01119373995128,-60.606617031364415,24,24,243200,2000,2000,0,2000
Qcells,Alice2018Test,Original,144,low-power,24,Inverted mean,Original B,0.3285659468731439,0.06340140681478929,0.2651645400583546,0.22960879557253233,0.3034730573851142,-4.182313191140439,-5.171146966530484,-3.38311698533932,24,24,243200,2000,2000,0,2000
Qcells,Alice2018Test,Original,144,low-power,24,Inverted mean,Expanded B,0.3285659468731439,0.07908133392503841,0.24948461294810545,0.21569166181986346,0.2859289307938438,-3.1547850872696857,-3.589729144396951,-2.746562287185377,24,24,243200,2000,2000,0,2000
Qcells,Alice2018Test,Original,144,low-power,24,Expanded B,Original B,0.07908133392503841,0.06340140681478929,0.015679927110249126,0.009865542445049303,0.021554637838840724,-0.24731197457580012,-0.38565917543558276,-0.14040539252646797,24,24,243200,2000,2000,0,2000
Qcells,Alice2018Test,Original,144,low-power,24,Expanded B,Expanded A,0.07908133392503841,0.43958566450470027,-0.36050433057966186,-0.41477961552879095,-0.30790768865707424,0.8201002891799425,0.8007258871726507,0.834817972570459,24,24,243200,2000,2000,0,2000
Qcells,Alice2018Test,Original,144,low-power,48,Original A,Daily,0.43958566450470027,0.0009857795428000582,0.4385998849619002,0.3681659853892061,0.5134754265434066,-444.9269496058712,-521.1531161988788,-366.0138034350474,12,12,243200,2000,2000,0,2000
Qcells,Alice2018Test,Original,144,low-power,48,Original A,Last-value,0.43958566450470027,0.004591494843112211,0.43499416966158805,0.3646448789229476,0.5098055701931012,-94.73911754777012,-117.08908346844598,-76.9089029592043,12,12,243200,2000,2000,0,2000
Qcells,Alice2018Test,Original,144,low-power,48,Expanded A,Daily,0.43958566450470027,0.0009857795428000582,0.4385998849619002,0.3681659853892061,0.5134754265434066,-444.9269496058712,-521.1531161988788,-366.0138034350474,12,12,243200,2000,2000,0,2000
Qcells,Alice2018Test,Original,144,low-power,48,Expanded A,Last-value,0.43958566450470027,0.004591494843112211,0.43499416966158805,0.3646448789229476,0.5098055701931012,-94.73911754777012,-117.08908346844598,-76.9089029592043,12,12,243200,2000,2000,0,2000
Qcells,Alice2018Test,Original,144,low-power,48,Original B,Daily,0.06340140681478929,0.0009857795428000582,0.062415627271989224,0.05438163089809196,0.07208544550700276,-63.316009880566924,-74.52044488587829,-53.711942752813,12,12,243200,2000,2000,0,2000
Qcells,Alice2018Test,Original,144,low-power,48,Original B,Last-value,0.06340140681478929,0.004591494843112211,0.05880991197167707,0.051107576489092844,0.06825733266392477,-12.80844561110614,-14.814470278689564,-10.731662109721473,12,12,243200,2000,2000,0,2000
Qcells,Alice2018Test,Original,144,low-power,48,Expanded B,Daily,0.07908133392503842,0.0009857795428000582,0.07809555438223836,0.07420770958172357,0.08376917238737723,-79.22212928096661,-91.8571547581486,-69.12386893840761,12,12,243200,2000,2000,0,2000
Qcells,Alice2018Test,Original,144,low-power,48,Expanded B,Last-value,0.07908133392503842,0.004591494843112211,0.07448983908192622,0.0706596188081144,0.08008461841698991,-16.223439561011343,-18.93301259169607,-14.109331948185455,12,12,243200,2000,2000,0,2000
Qcells,Alice2018Test,Original,144,low-power,48,Inverted42,Daily,0.30438588087554797,0.0009857795428000582,0.3034001013327479,0.2573584997041863,0.35426830535407444,-307.77682855028104,-390.0869470137965,-244.65201450967027,12,12,243200,2000,2000,0,2000
Qcells,Alice2018Test,Original,144,low-power,48,Inverted42,Last-value,0.30438588087554797,0.004591494843112211,0.29979438603243574,0.2535075633587258,0.3506297747552539,-65.29341669242274,-83.44201949634996,-52.424431316671615,12,12,243200,2000,2000,0,2000
Qcells,Alice2018Test,Original,144,low-power,48,Inverted43,Daily,0.3429988573037199,0.0009857795428000582,0.3420130777609198,0.29906271179890237,0.38874762266334983,-346.94682016777153,-422.0295368510397,-287.7658703455043,12,12,243200,2000,2000,0,2000
Qcells,Alice2018Test,Original,144,low-power,48,Inverted43,Last-value,0.3429988573037199,0.004591494843112211,0.33840736246060765,0.29553347543720027,0.385293859793071,-73.70309104631991,-90.07567543956317,-61.37069869554186,12,12,243200,2000,2000,0,2000
Qcells,Alice2018Test,Original,144,low-power,48,Inverted44,Daily,0.3383131024401638,0.0009857795428000582,0.3373273228973638,0.27708274683264816,0.3971427221144909,-342.19347049869,-414.21446682946004,-276.330887964247,12,12,243200,2000,2000,0,2000
Qcells,Alice2018Test,Original,144,low-power,48,Inverted44,Last-value,0.3383131024401638,0.004591494843112211,0.3337216075970516,0.2734125356170741,0.3938231018759475,-72.68256177999933,-91.94687730401975,-57.206206322756195,12,12,243200,2000,2000,0,2000
Qcells,Alice2018Test,Original,144,low-power,48,Inverted mean,Daily,0.3285659468731439,0.0009857795428000582,0.32758016733034384,0.27965398175615297,0.3770357206998599,-332.30570640558085,-407.7451492148305,-271.30888231197605,12,12,243200,2000,2000,0,2000
Qcells,Alice2018Test,Original,144,low-power,48,Inverted mean,Last-value,0.3285659468731439,0.004591494843112211,0.32397445203003167,0.2758808579543516,0.3733144128470919,-70.55968983958066,-88.02547969937127,-57.457539395431425,12,12,243200,2000,2000,0,2000
Qcells,Alice2018Test,Original,144,low-power,48,Inverted mean,Original B,0.3285659468731439,0.06340140681478929,0.2651645400583546,0.2180331723819959,0.3142104195286486,-4.18231319114044,-5.256762208862449,-3.330050751376893,12,12,243200,2000,2000,0,2000
Qcells,Alice2018Test,Original,144,low-power,48,Inverted mean,Expanded B,0.3285659468731439,0.07908133392503842,0.2494846129481055,0.20437451642466486,0.29684049677141694,-3.154785087269685,-3.697413789611591,-2.6501905365863965,12,12,243200,2000,2000,0,2000
Qcells,Alice2018Test,Original,144,low-power,48,Expanded B,Original B,0.07908133392503842,0.06340140681478929,0.01567992711024914,0.010350798352539228,0.02135927837229941,-0.24731197457580034,-0.38344134344519787,-0.1425758290186364,12,12,243200,2000,2000,0,2000
Qcells,Alice2018Test,Original,144,low-power,48,Expanded B,Expanded A,0.07908133392503842,0.43958566450470027,-0.36050433057966186,-0.43112507044841736,-0.2929977711758409,0.8201002891799425,0.7933203077150367,0.8371392567292764,12,12,243200,2000,2000,0,2000
Qcells,Alice2018Test,Original,144,low-power,72,Original A,Daily,0.43958566450470027,0.0009857795428000577,0.4385998849619002,0.35702840181055634,0.5243278817595031,-444.92694960587136,-527.132993988055,-359.0551886480741,8,8,243200,2000,2000,0,2000
Qcells,Alice2018Test,Original,144,low-power,72,Original A,Last-value,0.43958566450470027,0.0045914948431122135,0.43499416966158805,0.3533006588761335,0.521093744649529,-94.73911754777006,-122.4551665513467,-75.20563019971125,8,8,243200,2000,2000,0,2000
Qcells,Alice2018Test,Original,144,low-power,72,Expanded A,Daily,0.43958566450470027,0.0009857795428000577,0.4385998849619002,0.35702840181055634,0.5243278817595031,-444.92694960587136,-527.132993988055,-359.0551886480741,8,8,243200,2000,2000,0,2000
Qcells,Alice2018Test,Original,144,low-power,72,Expanded A,Last-value,0.43958566450470027,0.0045914948431122135,0.43499416966158805,0.3533006588761335,0.521093744649529,-94.73911754777006,-122.4551665513467,-75.20563019971125,8,8,243200,2000,2000,0,2000
Qcells,Alice2018Test,Original,144,low-power,72,Original B,Daily,0.0634014068147893,0.0009857795428000577,0.06241562727198924,0.05312967444957293,0.07288888267348256,-63.316009880566966,-71.88783678997667,-55.84914052233986,8,8,243200,2000,2000,0,2000
Qcells,Alice2018Test,Original,144,low-power,72,Original B,Last-value,0.0634014068147893,0.0045914948431122135,0.058809911971677085,0.049536642511604445,0.06922547073704217,-12.808445611106135,-15.458351813110777,-10.20550897470407,8,8,243200,2000,2000,0,2000
Qcells,Alice2018Test,Original,144,low-power,72,Expanded B,Daily,0.07908133392503842,0.0009857795428000577,0.07809555438223836,0.07372684002060288,0.08417110522829646,-79.22212928096664,-89.24610153039046,-72.42670015100414,8,8,243200,2000,2000,0,2000
Qcells,Alice2018Test,Original,144,low-power,72,Expanded B,Last-value,0.07908133392503842,0.0045914948431122135,0.07448983908192622,0.06988106966137118,0.08065706060573787,-16.223439561011332,-19.68296691371035,-13.85995907289883,8,8,243200,2000,2000,0,2000
Qcells,Alice2018Test,Original,144,low-power,72,Inverted42,Daily,0.3043858808755479,0.0009857795428000577,0.30340010133274786,0.25769608669581334,0.3454430074223788,-307.7768285502811,-379.39885558174666,-251.95238750133498,8,8,243200,2000,2000,0,2000
Qcells,Alice2018Test,Original,144,low-power,72,Inverted42,Last-value,0.3043858808755479,0.0045914948431122135,0.2997943860324357,0.25419597691539464,0.34206621204848203,-65.2934166924227,-85.0214522859701,-53.75637867209552,8,8,243200,2000,2000,0,2000
Qcells,Alice2018Test,Original,144,low-power,72,Inverted43,Daily,0.34299885730372,0.0009857795428000577,0.34201307776091994,0.30078569496104457,0.38917361416886037,-346.9468201677718,-400.09865482311665,-299.36541884270696,8,8,243200,2000,2000,0,2000
Qcells,Alice2018Test,Original,144,low-power,72,Inverted43,Last-value,0.34299885730372,0.0045914948431122135,0.33840736246060776,0.2975448226891118,0.3855900766994275,-73.7030910463199,-90.50107859234315,-61.759581221263474,8,8,243200,2000,2000,0,2000
Qcells,Alice2018Test,Original,144,low-power,72,Inverted44,Daily,0.3383131024401637,0.0009857795428000577,0.33732732289736367,0.2744066646356545,0.4004903173738478,-342.19347049869,-412.2583877260689,-274.23403501721003,8,8,243200,2000,2000,0,2000
Qcells,Alice2018Test,Original,144,low-power,72,Inverted44,Last-value,0.3383131024401637,0.0045914948431122135,0.3337216075970515,0.2705915097131051,0.3973239695879588,-72.68256177999926,-94.59036700003517,-57.21067603910999,8,8,243200,2000,2000,0,2000
Qcells,Alice2018Test,Original,144,low-power,72,Inverted mean,Daily,0.3285659468731439,0.0009857795428000577,0.32758016733034384,0.27906708088976423,0.3750020755706453,-332.30570640558096,-396.0447886531054,-276.47049152788406,8,8,243200,2000,2000,0,2000
Qcells,Alice2018Test,Original,144,low-power,72,Inverted mean,Last-value,0.3285659468731439,0.0045914948431122135,0.32397445203003167,0.2754574396601455,0.3714760182403081,-70.55968983958063,-89.99799392058587,-57.77119268919787,8,8,243200,2000,2000,0,2000
Qcells,Alice2018Test,Original,144,low-power,72,Inverted mean,Original B,0.3285659468731439,0.0634014068147893,0.2651645400583546,0.2180722977318508,0.3101276790398116,-4.182313191140438,-5.316129598036725,-3.3640667583147112,8,8,243200,2000,2000,0,2000
Qcells,Alice2018Test,Original,144,low-power,72,Inverted mean,Expanded B,0.3285659468731439,0.07908133392503842,0.24948461294810545,0.2038033949310819,0.29211990626394807,-3.1547850872696848,-3.571777444909436,-2.6577165997041883,8,8,243200,2000,2000,0,2000
Qcells,Alice2018Test,Original,144,low-power,72,Expanded B,Original B,0.07908133392503842,0.0634014068147893,0.015679927110249126,0.009947332289754975,0.022068657809824508,-0.24731197457580012,-0.4060134079264054,-0.1365512808930377,8,8,243200,2000,2000,0,2000
Qcells,Alice2018Test,Original,144,low-power,72,Expanded B,Expanded A,0.07908133392503842,0.43958566450470027,-0.36050433057966186,-0.44104807831487275,-0.28120523284863896,0.8201002891799425,0.7882088044470493,0.8402628100785373,8,8,243200,2000,2000,0,2000
Qcells,Alice2018Test,S1,144,full,24,Original A,Daily,1.4187959689069394,0.2748960407280022,1.143899928178937,0.9331770766890948,1.4157072828977428,-4.16120917983965,-6.615218982542223,-2.955672496149396,24,24,958668,2000,2000,0,2000
Qcells,Alice2018Test,S1,144,full,24,Original A,Last-value,1.4187959689069394,2.7704794786474927,-1.3516835097405533,-1.6362330965951013,-0.9905150513961616,0.4878879342576561,0.35930992363441294,0.5899504500531657,24,24,958668,2000,2000,0,2000
Qcells,Alice2018Test,S1,144,full,24,Expanded A,Daily,1.4187959689069394,0.2748960407280022,1.143899928178937,0.9331770766890948,1.4157072828977428,-4.16120917983965,-6.615218982542223,-2.955672496149396,24,24,958668,2000,2000,0,2000
Qcells,Alice2018Test,S1,144,full,24,Expanded A,Last-value,1.4187959689069394,2.7704794786474927,-1.3516835097405533,-1.6362330965951013,-0.9905150513961616,0.4878879342576561,0.35930992363441294,0.5899504500531657,24,24,958668,2000,2000,0,2000
Qcells,Alice2018Test,S1,144,full,24,Original B,Daily,0.29761549815526794,0.2748960407280022,0.02271945742726572,-0.028651298485486205,0.06371277481857211,-0.08264745234998006,-0.33828439515816616,0.08534898782021809,24,24,958668,2000,2000,0,2000
Qcells,Alice2018Test,S1,144,full,24,Original B,Last-value,0.29761549815526794,2.7704794786474927,-2.4728639804922246,-2.562160069131466,-2.3546117754407807,0.8925761766333099,0.8552517070546072,0.9231556979524261,24,24,958668,2000,2000,0,2000
Qcells,Alice2018Test,S1,144,full,24,Expanded B,Daily,0.2930300270595455,0.2748960407280022,0.018133986331543284,-0.022972144033756924,0.06394511319334954,-0.06596670611740851,-0.40082961374218706,0.06564674110765502,24,24,958668,2000,2000,0,2000
Qcells,Alice2018Test,S1,144,full,24,Expanded B,Last-value,0.2930300270595455,2.7704794786474927,-2.477449451587947,-2.5523038736557013,-2.378552933924432,0.8942312948650324,0.8642681402020355,0.9198032744848382,24,24,958668,2000,2000,0,2000
Qcells,Alice2018Test,S1,144,full,24,Inverted42,Daily,1.0768328795569557,0.2748960407280022,0.8019368388289535,0.687291110003872,0.9443598801076496,-2.9172367732368887,-5.342337307947994,-2.0156422554213225,24,24,958668,2000,2000,0,2000
Qcells,Alice2018Test,S1,144,full,24,Inverted42,Last-value,1.0768328795569557,2.7704794786474927,-1.693646599090537,-1.8610229799419131,-1.5228308869260603,0.6113189475481515,0.5505437481193692,0.6700570523325127,24,24,958668,2000,2000,0,2000
Qcells,Alice2018Test,S1,144,full,24,Inverted43,Daily,1.0974180100441893,0.2748960407280022,0.822521969316187,0.7100200808280993,0.9649863264514067,-2.9921201016133843,-5.447503588282025,-2.0650146981298207,24,24,958668,2000,2000,0,2000
Qcells,Alice2018Test,S1,144,full,24,Inverted43,Last-value,1.0974180100441893,2.7704794786474927,-1.6730614686033034,-1.8347169871295708,-1.5079562940055091,0.6038887786384426,0.5470435207667356,0.66026217582687,24,24,958668,2000,2000,0,2000
Qcells,Alice2018Test,S1,144,full,24,Inverted44,Daily,1.0647532421967583,0.2748960407280022,0.789857201468756,0.6828197624208827,0.9272128211836992,-2.8732942074283483,-5.224376474098218,-1.996053020760074,24,24,958668,2000,2000,0,2000
Qcells,Alice2018Test,S1,144,full,24,Inverted44,Last-value,1.0647532421967583,2.7704794786474927,-1.7057262364507344,-1.8636099059022642,-1.5410898811254357,0.6156790727370574,0.5581282860084369,0.6705926715369324,24,24,958668,2000,2000,0,2000
Qcells,Alice2018Test,S1,144,full,24,Inverted mean,Daily,1.0796680439326345,0.2748960407280022,0.8047720032046323,0.6945522854333103,0.9462477899748372,-2.92755036075954,-5.331445765910056,-2.025590943416497,24,24,958668,2000,2000,0,2000
Qcells,Alice2018Test,S1,144,full,24,Inverted mean,Last-value,1.0796680439326345,2.7704794786474927,-1.6908114347148582,-1.8521025907010946,-1.5247425580680214,0.6102955996412172,0.5524502678510282,0.6668428413322487,24,24,958668,2000,2000,0,2000
Qcells,Alice2018Test,S1,144,full,24,Inverted mean,Original B,1.0796680439326345,0.29761549815526794,0.7820525457773666,0.6625526521561471,0.9154113427111454,-2.627727892615876,-3.8368071613578185,-1.8865560343784844,24,24,958668,2000,2000,0,2000
Qcells,Alice2018Test,S1,144,full,24,Inverted mean,Expanded B,1.0796680439326345,0.2930300270595455,0.786638016873089,0.6694834870839705,0.9130662240948559,-2.684496277622905,-3.634324814674597,-2.0779318614345996,24,24,958668,2000,2000,0,2000
Qcells,Alice2018Test,S1,144,full,24,Expanded B,Original B,0.2930300270595455,0.29761549815526794,-0.004585471095722438,-0.02721457366557879,0.012560866312809048,0.01540736663293718,-0.053689389709010896,0.07304745485998652,24,24,958668,2000,2000,0,2000
Qcells,Alice2018Test,S1,144,full,24,Expanded B,Expanded A,0.2930300270595455,1.4187959689069394,-1.1257659418473938,-1.4000534954780912,-0.9034742641058517,0.7934657036802127,0.762740366380844,0.8211116586177142,24,24,958668,2000,2000,0,2000
Qcells,Alice2018Test,S1,144,full,48,Original A,Daily,1.4187959689069398,0.2748960407280023,1.1438999281789375,0.9271300102380122,1.3885421727656881,-4.16120917983965,-7.439642130349988,-3.153709345343878,12,12,958668,2000,2000,0,2000
Qcells,Alice2018Test,S1,144,full,48,Original A,Last-value,1.4187959689069398,2.770479478647493,-1.3516835097405533,-1.6787055099084036,-0.966647002859506,0.4878879342576561,0.34934365997096195,0.6063074858656947,12,12,958668,2000,2000,0,2000
Qcells,Alice2018Test,S1,144,full,48,Expanded A,Daily,1.4187959689069398,0.2748960407280023,1.1438999281789375,0.9271300102380122,1.3885421727656881,-4.16120917983965,-7.439642130349988,-3.153709345343878,12,12,958668,2000,2000,0,2000
Qcells,Alice2018Test,S1,144,full,48,Expanded A,Last-value,1.4187959689069398,2.770479478647493,-1.3516835097405533,-1.6787055099084036,-0.966647002859506,0.4878879342576561,0.34934365997096195,0.6063074858656947,12,12,958668,2000,2000,0,2000
Qcells,Alice2018Test,S1,144,full,48,Original B,Daily,0.297615498155268,0.2748960407280023,0.02271945742726572,-0.000907266306824675,0.06647478600082027,-0.08264745234998006,-0.44538977465827484,0.002156259205831761,12,12,958668,2000,2000,0,2000
Qcells,Alice2018Test,S1,144,full,48,Original B,Last-value,0.297615498155268,2.770479478647493,-2.472863980492225,-2.5770962236546695,-2.342906415351573,0.8925761766333099,0.8485341844490168,0.9259349153539816,12,12,958668,2000,2000,0,2000
Qcells,Alice2018Test,S1,144,full,48,Expanded B,Daily,0.29303002705954556,0.2748960407280023,0.018133986331543284,-0.021259101864486922,0.0733108980794973,-0.06596670611740851,-0.49655377266110134,0.050591298537234354,12,12,958668,2000,2000,0,2000
Qcells,Alice2018Test,S1,144,full,48,Expanded B,Last-value,0.29303002705954556,2.770479478647493,-2.4774494515879475,-2.567043698735065,-2.364814609560074,0.8942312948650324,0.8557928685091324,0.9224011535673479,12,12,958668,2000,2000,0,2000
Qcells,Alice2018Test,S1,144,full,48,Inverted42,Daily,1.0768328795569557,0.2748960407280023,0.8019368388289534,0.6396733092464628,0.9893643565285452,-2.917236773236888,-6.100234901874473,-1.7916580964249658,12,12,958668,2000,2000,0,2000
Qcells,Alice2018Test,S1,144,full,48,Inverted42,Last-value,1.0768328795569557,2.770479478647493,-1.6936465990905374,-1.9187618585347048,-1.4701162770605631,0.6113189475481516,0.5315992507998064,0.6935428934913698,12,12,958668,2000,2000,0,2000
Qcells,Alice2018Test,S1,144,full,48,Inverted43,Daily,1.097418010044189,0.2748960407280023,0.8225219693161867,0.6695442770222189,1.0043583394397246,-2.9921201016133825,-6.168447759323252,-1.826218015117491,12,12,958668,2000,2000,0,2000
Qcells,Alice2018Test,S1,144,full,48,Inverted43,Last-value,1.097418010044189,2.770479478647493,-1.673061468603304,-1.889865041844107,-1.4562891739739956,0.6038887786384427,0.5254477313423627,0.6825196996324546,12,12,958668,2000,2000,0,2000
Qcells,Alice2018Test,S1,144,full,48,Inverted44,Daily,1.064753242196758,0.2748960407280023,0.7898572014687557,0.6488389688899346,0.9622734397690164,-2.8732942074283465,-5.8844938153838235,-1.764501764756867,12,12,958668,2000,2000,0,2000
Qcells,Alice2018Test,S1,144,full,48,Inverted44,Last-value,1.064753242196758,2.770479478647493,-1.705726236450735,-1.915180447865586,-1.4944291437308856,0.6156790727370576,0.5400842842648126,0.6916559935183917,12,12,958668,2000,2000,0,2000
Qcells,Alice2018Test,S1,144,full,48,Inverted mean,Daily,1.0796680439326343,0.2748960407280023,0.8047720032046319,0.653992658936269,0.9857373035540862,-2.9275503607595392,-6.0485209759762295,-1.7927898019718251,12,12,958668,2000,2000,0,2000
Qcells,Alice2018Test,S1,144,full,48,Inverted mean,Last-value,1.0796680439326343,2.770479478647493,-1.6908114347148588,-1.9060948073818016,-1.4724369141092537,0.6102955996412173,0.5316103076502953,0.688838207087376,12,12,958668,2000,2000,0,2000
Qcells,Alice2018Test,S1,144,full,48,Inverted mean,Original B,1.0796680439326343,0.297615498155268,0.7820525457773663,0.616583490281408,0.9498598450332126,-2.627727892615875,-4.074871058787803,-1.776138537585312,12,12,958668,2000,2000,0,2000
Qcells,Alice2018Test,S1,144,full,48,Inverted mean,Expanded B,1.0796680439326343,0.29303002705954556,0.7866380168730887,0.619631684963026,0.9502800935413427,-2.684496277622903,-3.856442593623541,-1.9297879035854673,12,12,958668,2000,2000,0,2000
Qcells,Alice2018Test,S1,144,full,48,Expanded B,Original B,0.29303002705954556,0.297615498155268,-0.004585471095722438,-0.021729480603547256,0.013876126108301638,0.01540736663293718,-0.06433413913006013,0.052485304259106004,12,12,958668,2000,2000,0,2000
Qcells,Alice2018Test,S1,144,full,48,Expanded B,Expanded A,0.29303002705954556,1.4187959689069398,-1.1257659418473942,-1.4062361441782638,-0.8703272400940406,0.7934657036802127,0.7688537271252947,0.8265033534710537,12,12,958668,2000,2000,0,2000
Qcells,Alice2018Test,S1,144,full,72,Original A,Daily,1.4187959689069398,0.2748960407280023,1.1438999281789375,0.9585550189298006,1.426277260768187,-4.16120917983965,-6.642561409788903,-3.399996049374658,8,8,958668,2000,2000,0,2000
Qcells,Alice2018Test,S1,144,full,72,Original A,Last-value,1.4187959689069398,2.7704794786474927,-1.3516835097405528,-1.6329858808207058,-0.940360036814544,0.487887934257656,0.3394008093180317,0.5910791017973918,8,8,958668,2000,2000,0,2000
Qcells,Alice2018Test,S1,144,full,72,Expanded A,Daily,1.4187959689069398,0.2748960407280023,1.1438999281789375,0.9585550189298006,1.426277260768187,-4.16120917983965,-6.642561409788903,-3.399996049374658,8,8,958668,2000,2000,0,2000
Qcells,Alice2018Test,S1,144,full,72,Expanded A,Last-value,1.4187959689069398,2.7704794786474927,-1.3516835097405528,-1.6329858808207058,-0.940360036814544,0.487887934257656,0.3394008093180317,0.5910791017973918,8,8,958668,2000,2000,0,2000
Qcells,Alice2018Test,S1,144,full,72,Original B,Daily,0.297615498155268,0.2748960407280023,0.02271945742726572,0.00502095966273913,0.057076809448896156,-0.08264745234998006,-0.372700909500414,-0.012171425169889083,8,8,958668,2000,2000,0,2000
Qcells,Alice2018Test,S1,144,full,72,Original B,Last-value,0.297615498155268,2.7704794786474927,-2.4728639804922246,-2.5804974387976514,-2.3420674573388767,0.8925761766333099,0.8480192809552084,0.9262795282611664,8,8,958668,2000,2000,0,2000
Qcells,Alice2018Test,S1,144,full,72,Expanded B,Daily,0.2930300270595455,0.2748960407280023,0.018133986331543228,-0.014001170644807494,0.06304105855444339,-0.06596670611740829,-0.4233052647811558,0.03388846118136043,8,8,958668,2000,2000,0,2000
Qcells,Alice2018Test,S1,144,full,72,Expanded B,Last-value,0.2930300270595455,2.7704794786474927,-2.477449451587947,-2.568775095478317,-2.361319752083162,0.8942312948650324,0.8555722222940197,0.9224669235912283,8,8,958668,2000,2000,0,2000
Qcells,Alice2018Test,S1,144,full,72,Inverted42,Daily,1.076832879556956,0.2748960407280023,0.8019368388289536,0.7269846981155232,0.9147133221614228,-2.9172367732368887,-5.0994508263769145,-2.1661761203585765,8,8,958668,2000,2000,0,2000
Qcells,Alice2018Test,S1,144,full,72,Inverted42,Last-value,1.076832879556956,2.7704794786474927,-1.6936465990905367,-1.869244611498737,-1.4499306753087322,0.6113189475481515,0.522764615399268,0.6752110152770866,8,8,958668,2000,2000,0,2000
Qcells,Alice2018Test,S1,144,full,72,Inverted43,Daily,1.0974180100441893,0.2748960407280023,0.8225219693161869,0.7576854794728789,0.9260158714147464,-2.9921201016133834,-5.213579475344183,-2.1961990835413694,8,8,958668,2000,2000,0,2000
Qcells,Alice2018Test,S1,144,full,72,Inverted43,Last-value,1.0974180100441893,2.7704794786474927,-1.6730614686033034,-1.842652454601814,-1.434587565469273,0.6038887786384426,0.5181062949528148,0.6651380176280021,8,8,958668,2000,2000,0,2000
Qcells,Alice2018Test,S1,144,full,72,Inverted44,Daily,1.0647532421967583,0.2748960407280023,0.7898572014687559,0.7238175185154208,0.8947698548827636,-2.8732942074283474,-5.004969930326621,-2.1135019381775315,8,8,958668,2000,2000,0,2000
Qcells,Alice2018Test,S1,144,full,72,Inverted44,Last-value,1.0647532421967583,2.7704794786474927,-1.7057262364507344,-1.8760733732258164,-1.4669018627023565,0.6156790727370574,0.5292077216797492,0.6779729168609783,8,8,958668,2000,2000,0,2000
Qcells,Alice2018Test,S1,144,full,72,Inverted mean,Daily,1.0796680439326345,0.2748960407280023,0.8047720032046323,0.7362824569379264,0.9119161457821351,-2.9275503607595397,-5.105971917144384,-2.1578078873745468,8,8,958668,2000,2000,0,2000
Qcells,Alice2018Test,S1,144,full,72,Inverted mean,Last-value,1.0796680439326345,2.7704794786474927,-1.690811434714858,-1.862109176871012,-1.45029789399314,0.6102955996412172,0.5234103061004477,0.6726611036244807,8,8,958668,2000,2000,0,2000
Qcells,Alice2018Test,S1,144,full,72,Inverted mean,Original B,1.0796680439326345,0.297615498155268,0.7820525457773665,0.6924893609300321,0.905417466175052,-2.627727892615876,-3.602922287828414,-2.095461601511788,8,8,958668,2000,2000,0,2000
Qcells,Alice2018Test,S1,144,full,72,Inverted mean,Expanded B,1.0796680439326345,0.2930300270595455,0.786638016873089,0.6848359526608431,0.9250093369490464,-2.684496277622905,-3.3681110147455247,-2.2583658127482225,8,8,958668,2000,2000,0,2000
Qcells,Alice2018Test,S1,144,full,72,Expanded B,Original B,0.2930300270595455,0.297615498155268,-0.004585471095722493,-0.021546809461183924,0.014201271151631388,0.015407366632937292,-0.06692135956835257,0.05152123413948688,8,8,958668,2000,2000,0,2000
Qcells,Alice2018Test,S1,144,full,72,Expanded B,Expanded A,0.2930300270595455,1.4187959689069398,-1.1257659418473942,-1.4379037686959448,-0.9085601558348667,0.7934657036802129,0.7803249220175403,0.815126046709074,8,8,958668,2000,2000,0,2000
Qcells,Alice2018Test,S1,144,power-active,24,Original A,Daily,1.5632831956944897,0.40444026573517766,1.1588429299593122,1.0219632053051568,1.3230829885067703,-2.8653005848782316,-5.084093106408225,-2.0259718656592245,24,24,442887,2000,2000,0,2000
Qcells,Alice2018Test,S1,144,power-active,24,Original A,Last-value,1.5632831956944897,3.076295691118082,-1.5130124954235922,-1.733326236893624,-1.288977794547744,0.4918293452063077,0.419194644804351,0.5622282399938949,24,24,442887,2000,2000,0,2000
Qcells,Alice2018Test,S1,144,power-active,24,Expanded A,Daily,1.5632831956944897,0.40444026573517766,1.1588429299593122,1.0219632053051568,1.3230829885067703,-2.8653005848782316,-5.084093106408225,-2.0259718656592245,24,24,442887,2000,2000,0,2000
Qcells,Alice2018Test,S1,144,power-active,24,Expanded A,Last-value,1.5632831956944897,3.076295691118082,-1.5130124954235922,-1.733326236893624,-1.288977794547744,0.4918293452063077,0.419194644804351,0.5622282399938949,24,24,442887,2000,2000,0,2000
Qcells,Alice2018Test,S1,144,power-active,24,Original B,Daily,0.3682415679817499,0.40444026573517766,-0.036198697753427767,-0.09338462225005029,0.03245682309559552,0.08950319940974971,-0.1385047847970708,0.1745511835021084,24,24,442887,2000,2000,0,2000
Qcells,Alice2018Test,S1,144,power-active,24,Original B,Last-value,0.3682415679817499,3.076295691118082,-2.708054123136332,-2.816263880018122,-2.590963983051408,0.8802970829348618,0.8450476737136215,0.913678359257439,24,24,442887,2000,2000,0,2000
Qcells,Alice2018Test,S1,144,power-active,24,Expanded B,Daily,0.38764544685234464,0.40444026573517766,-0.016794818882833018,-0.07094325243093133,0.04525791004648583,0.04152608013028569,-0.19211201425746513,0.13706382898644848,24,24,442887,2000,2000,0,2000
Qcells,Alice2018Test,S1,144,power-active,24,Expanded B,Last-value,0.38764544685234464,3.076295691118082,-2.6886502442657374,-2.8011246981548132,-2.563768316829459,0.8739895361906986,0.8355910481395299,0.9093744282167093,24,24,442887,2000,2000,0,2000
Qcells,Alice2018Test,S1,144,power-active,24,Inverted42,Daily,1.3373789933524558,0.40444026573517766,0.9329387276172781,0.7806195819063093,1.1275610125328406,-2.3067404673998375,-4.367050300359812,-1.5374120574521555,24,24,442887,2000,2000,0,2000
Qcells,Alice2018Test,S1,144,power-active,24,Inverted42,Last-value,1.3373789933524558,3.076295691118082,-1.738916697765626,-1.942936144122212,-1.5308766288526776,0.5652631841556217,0.49986211887127774,0.6297204938761236,24,24,442887,2000,2000,0,2000
Qcells,Alice2018Test,S1,144,power-active,24,Inverted43,Daily,1.3457274403203088,0.40444026573517766,0.9412871745851311,0.7962658501410513,1.132047950857139,-2.327382445153159,-4.432350453586818,-1.547074019353922,24,24,442887,2000,2000,0,2000
Qcells,Alice2018Test,S1,144,power-active,24,Inverted43,Last-value,1.3457274403203088,3.076295691118082,-1.730568250797773,-1.9202944777795505,-1.5372511013068104,0.5625493855464839,0.4998058789440691,0.6237378032474218,24,24,442887,2000,2000,0,2000
Qcells,Alice2018Test,S1,144,power-active,24,Inverted44,Daily,1.3109316947294902,0.40444026573517766,0.9064914289943126,0.7715550233805535,1.0870226821900246,-2.2413481193484124,-4.245549120364216,-1.5000592484755788,24,24,442887,2000,2000,0,2000
Qcells,Alice2018Test,S1,144,power-active,24,Inverted44,Last-value,1.3109316947294902,3.076295691118082,-1.7653639963885916,-1.9488266912369057,-1.5774940688537709,0.5738603091651988,0.5136257891110596,0.6313694593975838,24,24,442887,2000,2000,0,2000
Qcells,Alice2018Test,S1,144,power-active,24,Inverted mean,Daily,1.3313460428007515,0.40444026573517766,0.9269057770655739,0.7812080007761537,1.1162380903033948,-2.2918236773004694,-4.344916895926103,-1.526848967191166,24,24,442887,2000,2000,0,2000
Qcells,Alice2018Test,S1,144,power-active,24,Inverted mean,Last-value,1.3313460428007515,3.076295691118082,-1.7449496483173303,-1.9354845850176752,-1.552005174740389,0.5672242929557682,0.5050040385376519,0.628024218542596,24,24,442887,2000,2000,0,2000
Qcells,Alice2018Test,S1,144,power-active,24,Inverted mean,Original B,1.3313460428007515,0.3682415679817499,0.9631044748190017,0.8230847506199673,1.1248386631229725,-2.615414875885857,-3.7749343297937044,-1.953162099448574,24,24,442887,2000,2000,0,2000
Qcells,Alice2018Test,S1,144,power-active,24,Inverted mean,Expanded B,1.3313460428007515,0.38764544685234464,0.9437005959484068,0.8042870040246375,1.1073466531166318,-2.434442616600281,-3.556255900749092,-1.7884034899327659,24,24,442887,2000,2000,0,2000
Qcells,Alice2018Test,S1,144,power-active,24,Expanded B,Original B,0.38764544685234464,0.3682415679817499,0.01940387887059475,0.0086126971710866,0.030154153036637585,-0.05269334197370257,-0.07376184704752724,-0.027833787819583317,24,24,442887,2000,2000,0,2000
Qcells,Alice2018Test,S1,144,power-active,24,Expanded B,Expanded A,0.38764544685234464,1.5632831956944897,-1.175637748842145,-1.3285907590029709,-1.0392145525828602,0.7520312071926719,0.7054877547803863,0.8088276086173061,24,24,442887,2000,2000,0,2000
Qcells,Alice2018Test,S1,144,power-active,48,Original A,Daily,1.5632831956944897,0.40444026573517755,1.1588429299593122,0.9989240640484327,1.3558881805081806,-2.865300584878233,-5.731158367411483,-1.851866223853037,12,12,442887,2000,2000,0,2000
Qcells,Alice2018Test,S1,144,power-active,48,Original A,Last-value,1.5632831956944897,3.0762956911180814,-1.5130124954235917,-1.7926375391977267,-1.2282404963183935,0.4918293452063077,0.39858898860189457,0.5832689049811347,12,12,442887,2000,2000,0,2000
Qcells,Alice2018Test,S1,144,power-active,48,Expanded A,Daily,1.5632831956944897,0.40444026573517755,1.1588429299593122,0.9989240640484327,1.3558881805081806,-2.865300584878233,-5.731158367411483,-1.851866223853037,12,12,442887,2000,2000,0,2000
Qcells,Alice2018Test,S1,144,power-active,48,Expanded A,Last-value,1.5632831956944897,3.0762956911180814,-1.5130124954235917,-1.7926375391977267,-1.2282404963183935,0.4918293452063077,0.39858898860189457,0.5832689049811347,12,12,442887,2000,2000,0,2000
Qcells,Alice2018Test,S1,144,power-active,48,Original B,Daily,0.3682415679817499,0.40444026573517755,-0.036198697753427655,-0.10191480768681131,0.04933650160380545,0.08950319940974949,-0.22087838786846845,0.16769971154766636,12,12,442887,2000,2000,0,2000
Qcells,Alice2018Test,S1,144,power-active,48,Original B,Last-value,0.3682415679817499,3.0762956911180814,-2.7080541231363315,-2.838851740514742,-2.553772945132488,0.8802970829348618,0.8328889382575038,0.9182461674672778,12,12,442887,2000,2000,0,2000
Qcells,Alice2018Test,S1,144,power-active,48,Expanded B,Daily,0.38764544685234464,0.40444026573517755,-0.016794818882832907,-0.0723362499897616,0.05966122125203562,0.04152608013028536,-0.2693811743504361,0.11921743875953086,12,12,442887,2000,2000,0,2000
Qcells,Alice2018Test,S1,144,power-active,48,Expanded B,Last-value,0.38764544685234464,3.0762956911180814,-2.688650244265737,-2.822727897529162,-2.5253215249637893,0.8739895361906986,0.8237049840110965,0.9137616252902429,12,12,442887,2000,2000,0,2000
Qcells,Alice2018Test,S1,144,power-active,48,Inverted42,Daily,1.337378993352456,0.40444026573517755,0.9329387276172785,0.7240407076437044,1.1902893571836641,-2.306740467399839,-5.031084899377817,-1.3547619865067566,12,12,442887,2000,2000,0,2000
Qcells,Alice2018Test,S1,144,power-active,48,Inverted42,Last-value,1.337378993352456,3.0762956911180814,-1.7389166977656254,-2.0161519986295766,-1.4658411645322011,0.5652631841556217,0.47834737709398006,0.6564059162776342,12,12,442887,2000,2000,0,2000
Qcells,Alice2018Test,S1,144,power-active,48,Inverted43,Daily,1.3457274403203086,0.40444026573517755,0.941287174585131,0.7422412511865649,1.184164406373722,-2.3273824451531593,-4.997616616342534,-1.3415478596367088,12,12,442887,2000,2000,0,2000
Qcells,Alice2018Test,S1,144,power-active,48,Inverted43,Last-value,1.3457274403203086,3.0762956911180814,-1.7305682507977729,-1.986428877258981,-1.4800350711605146,0.5625493855464839,0.48234784537009195,0.6471941917103966,12,12,442887,2000,2000,0,2000
Qcells,Alice2018Test,S1,144,power-active,48,Inverted44,Daily,1.3109316947294902,0.40444026573517755,0.9064914289943127,0.7292686432859491,1.1327397511630413,-2.2413481193484133,-4.776787413908155,-1.3090946544938509,12,12,442887,2000,2000,0,2000
Qcells,Alice2018Test,S1,144,power-active,48,Inverted44,Last-value,1.3109316947294902,3.0762956911180814,-1.7653639963885912,-2.0110545195884293,-1.5252923525864654,0.5738603091651988,0.4947337566649949,0.6536719259109235,12,12,442887,2000,2000,0,2000
Qcells,Alice2018Test,S1,144,power-active,48,Inverted mean,Daily,1.3313460428007515,0.40444026573517755,0.9269057770655741,0.7301641244538208,1.1676299508912444,-2.2918236773004703,-4.94332471194133,-1.335129845336394,12,12,442887,2000,2000,0,2000
Qcells,Alice2018Test,S1,144,power-active,48,Inverted mean,Last-value,1.3313460428007515,3.0762956911180814,-1.7449496483173297,-2.0052611101606215,-1.48999695052232,0.5672242929557682,0.4851628317435942,0.6527035414236798,12,12,442887,2000,2000,0,2000
Qcells,Alice2018Test,S1,144,power-active,48,Inverted mean,Original B,1.3313460428007515,0.3682415679817499,0.9631044748190017,0.7675605300112361,1.1656342241551765,-2.615414875885857,-3.9886904501496323,-1.7932567829126858,12,12,442887,2000,2000,0,2000
Qcells,Alice2018Test,S1,144,power-active,48,Inverted mean,Expanded B,1.3313460428007515,0.38764544685234464,0.9437005959484068,0.7505858996674265,1.1467131355822735,-2.434442616600281,-3.7601249130022305,-1.6366901985371856,12,12,442887,2000,2000,0,2000
Qcells,Alice2018Test,S1,144,power-active,48,Expanded B,Original B,0.38764544685234464,0.3682415679817499,0.01940387887059475,0.0062856878115162326,0.030561631714719227,-0.05269334197370257,-0.07455381831314234,-0.02092776607608424,12,12,442887,2000,2000,0,2000
Qcells,Alice2018Test,S1,144,power-active,48,Expanded B,Expanded A,0.38764544685234464,1.5632831956944897,-1.175637748842145,-1.3596254343762944,-0.9906526490639347,0.7520312071926719,0.6904838849282304,0.8141397096639238,12,12,442887,2000,2000,0,2000
Qcells,Alice2018Test,S1,144,power-active,72,Original A,Daily,1.5632831956944897,0.4044402657351776,1.1588429299593122,1.0566004006964855,1.2969229821662742,-2.8653005848782325,-5.164773923586724,-2.0694692910587777,8,8,442887,2000,2000,0,2000
Qcells,Alice2018Test,S1,144,power-active,72,Original A,Last-value,1.5632831956944897,3.076295691118082,-1.5130124954235922,-1.7523247131107662,-1.1979825169136729,0.4918293452063077,0.38691531601094326,0.5714921387924105,8,8,442887,2000,2000,0,2000
Qcells,Alice2018Test,S1,144,power-active,72,Expanded A,Daily,1.5632831956944897,0.4044402657351776,1.1588429299593122,1.0566004006964855,1.2969229821662742,-2.8653005848782325,-5.164773923586724,-2.0694692910587777,8,8,442887,2000,2000,0,2000
Qcells,Alice2018Test,S1,144,power-active,72,Expanded A,Last-value,1.5632831956944897,3.076295691118082,-1.5130124954235922,-1.7523247131107662,-1.1979825169136729,0.4918293452063077,0.38691531601094326,0.5714921387924105,8,8,442887,2000,2000,0,2000
Qcells,Alice2018Test,S1,144,power-active,72,Original B,Daily,0.3682415679817499,0.4044402657351776,-0.03619869775342771,-0.0914673261446588,0.031031256808937188,0.0895031994097496,-0.13548941713485652,0.15214923334844732,8,8,442887,2000,2000,0,2000
Qcells,Alice2018Test,S1,144,power-active,72,Original B,Last-value,0.3682415679817499,3.076295691118082,-2.708054123136332,-2.8422402388978463,-2.551772592834472,0.8802970829348618,0.8327533104244786,0.918949697350375,8,8,442887,2000,2000,0,2000
Qcells,Alice2018Test,S1,144,power-active,72,Expanded B,Daily,0.38764544685234464,0.4044402657351776,-0.016794818882832963,-0.06361573752831391,0.043438553467186676,0.04152608013028558,-0.19498549475979338,0.1050008467183085,8,8,442887,2000,2000,0,2000
Qcells,Alice2018Test,S1,144,power-active,72,Expanded B,Last-value,0.38764544685234464,3.076295691118082,-2.6886502442657374,-2.82531414002387,-2.5238390292496877,0.8739895361906986,0.823446355108916,0.9137298764443256,8,8,442887,2000,2000,0,2000
Qcells,Alice2018Test,S1,144,power-active,72,Inverted42,Daily,1.3373789933524558,0.4044402657351776,0.9329387276172783,0.8541103272141339,1.0280158840553943,-2.306740467399838,-4.224972443272163,-1.6608678437266562,8,8,442887,2000,2000,0,2000
Qcells,Alice2018Test,S1,144,power-active,72,Inverted42,Last-value,1.3373789933524558,3.076295691118082,-1.738916697765626,-1.9623117868162339,-1.4403512059999426,0.5652631841556217,0.47040076195304864,0.6377093005800091,8,8,442887,2000,2000,0,2000
Qcells,Alice2018Test,S1,144,power-active,72,Inverted43,Daily,1.3457274403203086,0.4044402657351776,0.941287174585131,0.8663883660491023,1.0331655547879588,-2.327382445153159,-4.2981054993736025,-1.627536204169951,8,8,442887,2000,2000,0,2000
Qcells,Alice2018Test,S1,144,power-active,72,Inverted43,Last-value,1.3457274403203086,3.076295691118082,-1.7305682507977733,-1.940978560278826,-1.4566750741753727,0.562549385546484,0.473034889166233,0.6322035713602261,8,8,442887,2000,2000,0,2000
Qcells,Alice2018Test,S1,144,power-active,72,Inverted44,Daily,1.31093169472949,0.4044402657351776,0.9064914289943125,0.8333603257795397,0.9988053863424301,-2.2413481193484124,-4.124536187837522,-1.569155206573757,8,8,442887,2000,2000,0,2000
Qcells,Alice2018Test,S1,144,power-active,72,Inverted44,Last-value,1.31093169472949,3.076295691118082,-1.7653639963885919,-1.9741347079824767,-1.4916830756597947,0.573860309165199,0.48495405934705216,0.6433624002559453,8,8,442887,2000,2000,0,2000
Qcells,Alice2018Test,S1,144,power-active,72,Inverted mean,Daily,1.3313460428007515,0.4044402657351776,0.9269057770655739,0.8533701786910608,1.0172788475085799,-2.2918236773004694,-4.223908919620387,-1.6217146007885093,8,8,442887,2000,2000,0,2000
Qcells,Alice2018Test,S1,144,power-active,72,Inverted mean,Last-value,1.3313460428007515,3.076295691118082,-1.7449496483173306,-1.9582338149910181,-1.4633508741666224,0.5672242929557683,0.47559503150491994,0.6371913399887746,8,8,442887,2000,2000,0,2000
Qcells,Alice2018Test,S1,144,power-active,72,Inverted mean,Original B,1.3313460428007515,0.3682415679817499,0.9631044748190015,0.8431965281135692,1.0985342524910404,-2.6154148758858566,-3.7007759835378646,-2.0724392079583382,8,8,442887,2000,2000,0,2000
Qcells,Alice2018Test,S1,144,power-active,72,Inverted mean,Expanded B,1.3313460428007515,0.38764544685234464,0.9437005959484068,0.8323763346550442,1.0715820194382748,-2.4344426166002804,-3.3881690618810087,-1.9196757662861437,8,8,442887,2000,2000,0,2000
Qcells,Alice2018Test,S1,144,power-active,72,Expanded B,Original B,0.38764544685234464,0.3682415679817499,0.01940387887059475,0.00743926968273899,0.029688816159806564,-0.05269334197370257,-0.08140051171324834,-0.02636575189382139,8,8,442887,2000,2000,0,2000
Qcells,Alice2018Test,S1,144,power-active,72,Expanded B,Expanded A,0.38764544685234464,1.5632831956944897,-1.175637748842145,-1.3520106394026263,-1.036993835477277,0.7520312071926719,0.7078556398469935,0.8051492677422027,8,8,442887,2000,2000,0,2000
Qcells,Alice2018Test,S1,144,low-power,24,Original A,Daily,1.2817970712484492,0.0010629912711828718,1.2807340799772664,0.9244198401033834,1.7496025722466977,-1204.8396959573292,-1691.9528918124404,-830.8338686695101,24,24,515781,2000,2000,0,2000
Qcells,Alice2018Test,S1,144,low-power,24,Original A,Last-value,1.2817970712484492,2.4779460846462174,-1.1961490133977681,-1.5716383381806218,-0.6928119860107232,0.4827179335375028,0.28320138661355543,0.6291061963236083,24,24,515781,2000,2000,0,2000
Qcells,Alice2018Test,S1,144,low-power,24,Expanded A,Daily,1.2817970712484492,0.0010629912711828718,1.2807340799772664,0.9244198401033834,1.7496025722466977,-1204.8396959573292,-1691.9528918124404,-830.8338686695101,24,24,515781,2000,2000,0,2000
Qcells,Alice2018Test,S1,144,low-power,24,Expanded A,Last-value,1.2817970712484492,2.4779460846462174,-1.1961490133977681,-1.5716383381806218,-0.6928119860107232,0.4827179335375028,0.28320138661355543,0.6291061963236083,24,24,515781,2000,2000,0,2000
Qcells,Alice2018Test,S1,144,low-power,24,Original B,Daily,0.21953200939962486,0.0010629912711828718,0.218469018128442,0.14927503832497113,0.3152850124049103,-205.522871213547,-304.7100108269308,-132.84632580558718,24,24,515781,2000,2000,0,2000
Qcells,Alice2018Test,S1,144,low-power,24,Original B,Last-value,0.21953200939962486,2.4779460846462174,-2.2584140752465927,-2.360211469581745,-2.1195557466379507,0.9114056553692257,0.8722131529245999,0.9396101219842011,24,24,515781,2000,2000,0,2000
Qcells,Alice2018Test,S1,144,low-power,24,Expanded B,Daily,0.17483142087908682,0.0010629912711828718,0.17376842960790395,0.15483812914356576,0.20171059879372014,-163.47117264146345,-197.23834900227868,-135.8380193398272,24,24,515781,2000,2000,0,2000
Qcells,Alice2018Test,S1,144,low-power,24,Expanded B,Last-value,0.17483142087908682,2.4779460846462174,-2.3031146637671305,-2.3599873956789548,-2.2288069886210207,0.9294450262810912,0.9168892383235853,0.9374231732649798,24,24,515781,2000,2000,0,2000
Qcells,Alice2018Test,S1,144,low-power,24,Inverted42,Daily,0.7870529776767745,0.0010629912711828718,0.7859899864055916,0.6569675480148096,0.9118979720917236,-739.4133966226838,-906.3665209819559,-598.5636627597636,24,24,515781,2000,2000,0,2000
Qcells,Alice2018Test,S1,144,low-power,24,Inverted42,Last-value,0.7870529776767745,2.4779460846462174,-1.6908931069694428,-1.8307939957454475,-1.5366374000932723,0.6823768755286925,0.6279787656863193,0.7346980047062462,24,24,515781,2000,2000,0,2000
Qcells,Alice2018Test,S1,144,low-power,24,Inverted43,Daily,0.8266845657827061,0.0010629912711828718,0.8256215745115232,0.684875315086982,0.9679105210687221,-776.6964761552471,-954.544971506,-624.2542402927526,24,24,515781,2000,2000,0,2000
Qcells,Alice2018Test,S1,144,low-power,24,Inverted43,Last-value,0.8266845657827061,2.4779460846462174,-1.6512615188635111,-1.8065877612959491,-1.4797395123814647,0.66638315058387,0.6044685047352883,0.7253215531576732,24,24,515781,2000,2000,0,2000
Qcells,Alice2018Test,S1,144,low-power,24,Inverted44,Daily,0.7946768531308862,0.0010629912711828718,0.7936138618597033,0.6551111384342252,0.9336055331441181,-746.5854926321158,-920.982762508481,-600.5236332131143,24,24,515781,2000,2000,0,2000
Qcells,Alice2018Test,S1,144,low-power,24,Inverted44,Last-value,0.7946768531308862,2.4779460846462174,-1.683269231515331,-1.8372453537067848,-1.510678337524815,0.6793001841102027,0.6182156350440824,0.7363068806170509,24,24,515781,2000,2000,0,2000
Qcells,Alice2018Test,S1,144,low-power,24,Inverted mean,Daily,0.8028047988634556,0.0010629912711828718,0.8017418075922728,0.6651139984018747,0.9363971003622479,-754.2317884700155,-925.2340599064346,-608.8124997521802,24,24,515781,2000,2000,0,2000
Qcells,Alice2018Test,S1,144,low-power,24,Inverted mean,Last-value,0.8028047988634556,2.4779460846462174,-1.6751412857827617,-1.82479347812027,-1.5101008374527085,0.6760200700742551,0.616638226965405,0.7324439796520228,24,24,515781,2000,2000,0,2000
Qcells,Alice2018Test,S1,144,low-power,24,Inverted mean,Original B,0.8028047988634556,0.21953200939962486,0.5832727894638308,0.4770435161713455,0.7069825790578323,-2.6568917719969973,-4.365129534681214,-1.720110815175624,24,24,515781,2000,2000,0,2000
Qcells,Alice2018Test,S1,144,low-power,24,Inverted mean,Expanded B,0.8028047988634556,0.17483142087908682,0.6279733779843688,0.5045908739464952,0.7477343135079022,-3.5918793934568227,-4.227473120717582,-3.0357056399845654,24,24,515781,2000,2000,0,2000
Qcells,Alice2018Test,S1,144,low-power,24,Expanded B,Original B,0.17483142087908682,0.21953200939962486,-0.04470058852053804,-0.11239392046887062,0.008478116376206529,0.20361763481683148,-0.05560579244592436,0.3620552776114155,24,24,515781,2000,2000,0,2000
Qcells,Alice2018Test,S1,144,low-power,24,Expanded B,Expanded A,0.17483142087908682,1.2817970712484492,-1.1069656503693623,-1.5491000005912636,-0.7661781680303429,0.8636044466002688,0.8276310631130497,0.8860911890009321,24,24,515781,2000,2000,0,2000
Qcells,Alice2018Test,S1,144,low-power,48,Original A,Daily,1.2817970712484492,0.0010629912711828731,1.2807340799772664,0.8933421756645732,1.7688131673767453,-1204.8396959573279,-1639.0421507815947,-829.3308018050968,12,12,515781,2000,2000,0,2000
Qcells,Alice2018Test,S1,144,low-power,48,Original A,Last-value,1.2817970712484492,2.477946084646222,-1.1961490133977726,-1.5893902322873874,-0.7079562265620208,0.4827179335375038,0.285737645161225,0.6399008418071093,12,12,515781,2000,2000,0,2000
Qcells,Alice2018Test,S1,144,low-power,48,Expanded A,Daily,1.2817970712484492,0.0010629912711828731,1.2807340799772664,0.8933421756645732,1.7688131673767453,-1204.8396959573279,-1639.0421507815947,-829.3308018050968,12,12,515781,2000,2000,0,2000
Qcells,Alice2018Test,S1,144,low-power,48,Expanded A,Last-value,1.2817970712484492,2.477946084646222,-1.1961490133977726,-1.5893902322873874,-0.7079562265620208,0.4827179335375038,0.285737645161225,0.6399008418071093,12,12,515781,2000,2000,0,2000
Qcells,Alice2018Test,S1,144,low-power,48,Original B,Daily,0.2195320093996249,0.0010629912711828731,0.21846901812844202,0.14441880194157297,0.31603038102476705,-205.52287121354678,-295.0176188078748,-131.68494236244817,12,12,515781,2000,2000,0,2000
Qcells,Alice2018Test,S1,144,low-power,48,Original B,Last-value,0.2195320093996249,2.477946084646222,-2.258414075246597,-2.3447271093458792,-2.148600508320309,0.9114056553692258,0.8717600910462487,0.9414194920151144,12,12,515781,2000,2000,0,2000
Qcells,Alice2018Test,S1,144,low-power,48,Expanded B,Daily,0.17483142087908685,0.0010629912711828731,0.17376842960790398,0.15282472418905874,0.20492467938935802,-163.47117264146328,-194.4282682886023,-137.85260886247545,12,12,515781,2000,2000,0,2000
Qcells,Alice2018Test,S1,144,low-power,48,Expanded B,Last-value,0.17483142087908685,2.477946084646222,-2.303114663767135,-2.338378960636797,-2.2588128457122085,0.9294450262810914,0.9166199990265159,0.938118141841138,12,12,515781,2000,2000,0,2000
Qcells,Alice2018Test,S1,144,low-power,48,Inverted42,Daily,0.7870529776767747,0.0010629912711828731,0.7859899864055918,0.6198604322053168,0.9522537607519583,-739.4133966226831,-935.6883967055478,-576.9174778519317,12,12,515781,2000,2000,0,2000
Qcells,Alice2018Test,S1,144,low-power,48,Inverted42,Last-value,0.7870529776767747,2.477946084646222,-1.690893106969447,-1.863054936515086,-1.5133095603315925,0.682376875528693,0.614000319901848,0.7500203460465839,12,12,515781,2000,2000,0,2000
Qcells,Alice2018Test,S1,144,low-power,48,Inverted43,Daily,0.826684565782706,0.0010629912711828731,0.8256215745115231,0.6507383646851659,1.004795727440246,-776.696476155246,-986.8898353471283,-602.9484280940457,12,12,515781,2000,2000,0,2000
Qcells,Alice2018Test,S1,144,low-power,48,Inverted43,Last-value,0.826684565782706,2.477946084646222,-1.6512615188635158,-1.8304980624343976,-1.4628289165474462,0.6663831505838707,0.5922955034539286,0.738097586125243,12,12,515781,2000,2000,0,2000
Qcells,Alice2018Test,S1,144,low-power,48,Inverted44,Daily,0.7946768531308861,0.0010629912711828731,0.7936138618597032,0.621430045399212,0.9739933958228995,-746.5854926321148,-948.6536548719753,-577.4460789404081,12,12,515781,2000,2000,0,2000
Qcells,Alice2018Test,S1,144,low-power,48,Inverted44,Last-value,0.7946768531308861,2.477946084646222,-1.6832692315153357,-1.863960337135059,-1.4931489138359524,0.6793001841102032,0.6055726879741664,0.7496040054044019,12,12,515781,2000,2000,0,2000
Qcells,Alice2018Test,S1,144,low-power,48,Inverted mean,Daily,0.8028047988634556,0.0010629912711828731,0.8017418075922728,0.6306072011026648,0.9777144356701157,-754.2317884700146,-958.8035688136653,-585.0907002824136,12,12,515781,2000,2000,0,2000
Qcells,Alice2018Test,S1,144,low-power,48,Inverted mean,Last-value,0.8028047988634556,2.477946084646222,-1.6751412857827663,-1.852764029547244,-1.4897297236478328,0.6760200700742556,0.6033547430728868,0.7455197039524419,12,12,515781,2000,2000,0,2000
Qcells,Alice2018Test,S1,144,low-power,48,Inverted mean,Original B,0.8028047988634556,0.2195320093996249,0.5832727894638307,0.4549801436683728,0.7231635846185399,-2.6568917719969964,-4.6086802748460824,-1.7399153701841643,12,12,515781,2000,2000,0,2000
Qcells,Alice2018Test,S1,144,low-power,48,Inverted mean,Expanded B,0.8028047988634556,0.17483142087908685,0.6279733779843687,0.4711010776493955,0.7769570731121553,-3.5918793934568214,-4.309195244224265,-2.875220173805723,12,12,515781,2000,2000,0,2000
Qcells,Alice2018Test,S1,144,low-power,48,Expanded B,Original B,0.17483142087908685,0.2195320093996249,-0.04470058852053804,-0.11360480969289112,0.011205426504457596,0.20361763481683148,-0.07570063646486269,0.3599278254106179,12,12,515781,2000,2000,0,2000
Qcells,Alice2018Test,S1,144,low-power,48,Expanded B,Expanded A,0.17483142087908685,1.2817970712484492,-1.1069656503693623,-1.5630087070450887,-0.7363425114656263,0.8636044466002688,0.8241888152008561,0.8845589909675209,12,12,515781,2000,2000,0,2000
Qcells,Alice2018Test,S1,144,low-power,72,Original A,Daily,1.281797071248449,0.0010629912711828695,1.2807340799772662,0.9267650545179473,1.7902197227072612,-1204.8396959573317,-1683.2200490481607,-842.1770897910088,8,8,515781,2000,2000,0,2000
Qcells,Alice2018Test,S1,144,low-power,72,Original A,Last-value,1.281797071248449,2.4779460846462196,-1.1961490133977706,-1.5518103540244719,-0.6746319624184387,0.48271793353750336,0.27377936184491397,0.6249402868434409,8,8,515781,2000,2000,0,2000
Qcells,Alice2018Test,S1,144,low-power,72,Expanded A,Daily,1.281797071248449,0.0010629912711828695,1.2807340799772662,0.9267650545179473,1.7902197227072612,-1204.8396959573317,-1683.2200490481607,-842.1770897910088,8,8,515781,2000,2000,0,2000
Qcells,Alice2018Test,S1,144,low-power,72,Expanded A,Last-value,1.281797071248449,2.4779460846462196,-1.1961490133977706,-1.5518103540244719,-0.6746319624184387,0.48271793353750336,0.27377936184491397,0.6249402868434409,8,8,515781,2000,2000,0,2000
Qcells,Alice2018Test,S1,144,low-power,72,Original B,Daily,0.2195320093996249,0.0010629912711828695,0.21846901812844202,0.14384235280203644,0.3160227770358072,-205.5228712135475,-297.1226133100291,-131.52761060938127,8,8,515781,2000,2000,0,2000
Qcells,Alice2018Test,S1,144,low-power,72,Original B,Last-value,0.2195320093996249,2.4779460846462196,-2.258414075246595,-2.3505994503393053,-2.145078180052139,0.9114056553692258,0.8712603849406967,0.9419247449460315,8,8,515781,2000,2000,0,2000
Qcells,Alice2018Test,S1,144,low-power,72,Expanded B,Daily,0.17483142087908685,0.0010629912711828695,0.17376842960790398,0.1497484079230684,0.20791347667246288,-163.47117264146385,-196.27344463846669,-137.40300662008383,8,8,515781,2000,2000,0,2000
Qcells,Alice2018Test,S1,144,low-power,72,Expanded B,Last-value,0.17483142087908685,2.4779460846462196,-2.3031146637671327,-2.3453265254950626,-2.252566608625487,0.9294450262810913,0.9152158909944302,0.9394580746799586,8,8,515781,2000,2000,0,2000
Qcells,Alice2018Test,S1,144,low-power,72,Inverted42,Daily,0.7870529776767745,0.0010629912711828695,0.7859899864055916,0.6398454636912301,0.983551281300799,-739.4133966226855,-914.6263774872594,-584.2363229142061,8,8,515781,2000,2000,0,2000
Qcells,Alice2018Test,S1,144,low-power,72,Inverted42,Last-value,0.7870529776767745,2.4779460846462196,-1.690893106969445,-1.8362227910254723,-1.4846790684811952,0.6823768755286928,0.6016841009990076,0.7410586080905931,8,8,515781,2000,2000,0,2000
Qcells,Alice2018Test,S1,144,low-power,72,Inverted43,Daily,0.8266845657827059,0.0010629912711828695,0.825621574511523,0.6646466344283765,1.0401067363329082,-776.6964761552487,-965.4584962894413,-615.2507367513355,8,8,515781,2000,2000,0,2000
Qcells,Alice2018Test,S1,144,low-power,72,Inverted43,Last-value,0.8266845657827059,2.4779460846462196,-1.6512615188635138,-1.8186361723528006,-1.4284684272144732,0.6663831505838704,0.5788973752745399,0.7314160440898457,8,8,515781,2000,2000,0,2000
Qcells,Alice2018Test,S1,144,low-power,72,Inverted44,Daily,0.7946768531308861,0.0010629912711828695,0.7936138618597032,0.6379493758102217,1.00377526918073,-746.5854926321174,-930.6234576296591,-585.9565999815494,8,8,515781,2000,2000,0,2000
Qcells,Alice2018Test,S1,144,low-power,72,Inverted44,Last-value,0.7946768531308861,2.4779460846462196,-1.6832692315153335,-1.8416832375301952,-1.4655696427681373,0.6793001841102029,0.5929438694466143,0.7423278127784184,8,8,515781,2000,2000,0,2000
Qcells,Alice2018Test,S1,144,low-power,72,Inverted mean,Daily,0.8028047988634555,0.0010629912711828695,0.8017418075922725,0.6472533853542876,1.0092651437712832,-754.2317884700172,-936.3510530688784,-595.3922984865748,8,8,515781,2000,2000,0,2000
Qcells,Alice2018Test,S1,144,low-power,72,Inverted mean,Last-value,0.8028047988634555,2.4779460846462196,-1.675141285782764,-1.8328820273749078,-1.4593780849239006,0.6760200700742555,0.5911500167530253,0.738027534635963,8,8,515781,2000,2000,0,2000
Qcells,Alice2018Test,S1,144,low-power,72,Inverted mean,Original B,0.8028047988634555,0.2195320093996249,0.5832727894638307,0.49114073801628694,0.6964271568244413,-2.656891771996996,-3.981052578399489,-2.0839337182139026,8,8,515781,2000,2000,0,2000
Qcells,Alice2018Test,S1,144,low-power,72,Inverted mean,Expanded B,0.8028047988634555,0.17483142087908685,0.6279733779843687,0.4904987860817598,0.8053145251721383,-3.5918793934568214,-3.9813278462180257,-3.0895309897900085,8,8,515781,2000,2000,0,2000
Qcells,Alice2018Test,S1,144,low-power,72,Expanded B,Original B,0.17483142087908685,0.2195320093996249,-0.04470058852053804,-0.1096851711134348,0.008579505635443274,0.20361763481683148,-0.05859062028623179,0.34888578458371816,8,8,515781,2000,2000,0,2000
Qcells,Alice2018Test,S1,144,low-power,72,Expanded B,Expanded A,0.17483142087908685,1.281797071248449,-1.1069656503693621,-1.5847834814733652,-0.7720385690253808,0.8636044466002688,0.8291327734732354,0.8856293486053728,8,8,515781,2000,2000,0,2000
Qcells,Alice2018Test,S2,144,full,24,Original A,Daily,1.4187400571619735,0.2747937301329757,1.1439463270289978,0.9335597307487821,1.4154520003733293,-4.162927321796715,-6.617847309863046,-2.959052825025851,24,24,959382,2000,2000,0,2000
Qcells,Alice2018Test,S2,144,full,24,Original A,Last-value,1.4187400571619735,2.7704720517697687,-1.3517319946077953,-1.6360551606764022,-0.9909401468014684,0.48790674273155477,0.3595270985345561,0.5898877177692794,24,24,959382,2000,2000,0,2000
Qcells,Alice2018Test,S2,144,full,24,Expanded A,Daily,1.4187400571619735,0.2747937301329757,1.1439463270289978,0.9335597307487821,1.4154520003733293,-4.162927321796715,-6.617847309863046,-2.959052825025851,24,24,959382,2000,2000,0,2000
Qcells,Alice2018Test,S2,144,full,24,Expanded A,Last-value,1.4187400571619735,2.7704720517697687,-1.3517319946077953,-1.6360551606764022,-0.9909401468014684,0.48790674273155477,0.3595270985345561,0.5898877177692794,24,24,959382,2000,2000,0,2000
Qcells,Alice2018Test,S2,144,full,24,Original B,Daily,0.29754187233612056,0.2747937301329757,0.02274814220314486,-0.028584790826269513,0.06371901314322209,-0.08278261004039944,-0.3384380211306035,0.08519419531413562,24,24,959382,2000,2000,0,2000
Qcells,Alice2018Test,S2,144,full,24,Original B,Last-value,0.29754187233612056,2.7704720517697687,-2.4729301794336482,-2.562221454010638,-2.355399609310422,0.8926024638486962,0.8553147852213493,0.9231712052959417,24,24,959382,2000,2000,0,2000
Qcells,Alice2018Test,S2,144,full,24,Expanded B,Daily,0.2929917481691632,0.2747937301329757,0.01819801803618748,-0.022883108558613575,0.06397338971170259,-0.06622428403799918,-0.40131978843838545,0.06548853249339391,24,24,959382,2000,2000,0,2000
Qcells,Alice2018Test,S2,144,full,24,Expanded B,Last-value,0.2929917481691632,2.7704720517697687,-2.4774803036006054,-2.5521573364781096,-2.378767170097071,0.8942448280674764,0.8642871806576221,0.919811619189391,24,24,959382,2000,2000,0,2000
Qcells,Alice2018Test,S2,144,full,24,Inverted42,Daily,1.0768411607673,0.2747937301329757,0.8020474306343244,0.6874335148627048,0.9443220664653836,-2.9187253662818464,-5.343118481861911,-2.0175181603344905,24,24,959382,2000,2000,0,2000
Qcells,Alice2018Test,S2,144,full,24,Inverted42,Last-value,1.0768411607673,2.7704720517697687,-1.6936308910024687,-1.8608762022187753,-1.5230702461319974,0.6113149165033384,0.5506297649764749,0.6700728350919657,24,24,959382,2000,2000,0,2000
Qcells,Alice2018Test,S2,144,full,24,Inverted43,Daily,1.0974048866548072,0.2747937301329757,0.8226111565218315,0.7099974080986607,0.9649824727670243,-2.993558681720143,-5.45015864104319,-2.0668379271915374,24,24,959382,2000,2000,0,2000
Qcells,Alice2018Test,S2,144,full,24,Inverted43,Last-value,1.0974048866548072,2.7704720517697687,-1.6730671651149616,-1.8343949815903875,-1.5079886863293428,0.6038924536510706,0.5470871117210205,0.6602710229833954,24,24,959382,2000,2000,0,2000
Qcells,Alice2018Test,S2,144,full,24,Inverted44,Daily,1.0647835267975916,0.2747937301329757,0.7899897966646159,0.6828591090215262,0.92719414428991,-2.8748465122633298,-5.22782219148473,-1.9980354326270198,24,24,959382,2000,2000,0,2000
Qcells,Alice2018Test,S2,144,full,24,Inverted44,Last-value,1.0647835267975916,2.7704720517697687,-1.7056885249721772,-1.8634907754028716,-1.5414685508576855,0.6156671112717376,0.5581755730210283,0.6705798484754965,24,24,959382,2000,2000,0,2000
Qcells,Alice2018Test,S2,144,full,24,Inverted mean,Daily,1.0796765247398996,0.2747937301329757,0.8048827946069239,0.6945210837966596,0.9462931107573549,-2.92904352008844,-5.332587790565521,-2.0274735085190736,24,24,959382,2000,2000,0,2000
Qcells,Alice2018Test,S2,144,full,24,Inverted mean,Last-value,1.0796765247398996,2.7704720517697687,-1.6907955270298691,-1.851966854413431,-1.5251114401220702,0.6102914938087155,0.5524929490257067,0.6668750559121709,24,24,959382,2000,2000,0,2000
Qcells,Alice2018Test,S2,144,full,24,Inverted mean,Original B,1.0796765247398996,0.29754187233612056,0.7821346524037791,0.6626977443023093,0.9154055224460256,-2.6286540656040316,-3.8370349193981834,-1.8876452582804135,24,24,959382,2000,2000,0,2000
Qcells,Alice2018Test,S2,144,full,24,Inverted mean,Expanded B,1.0796765247398996,0.2929917481691632,0.7866847765707364,0.6695220491590453,0.9131192170462142,-2.6850065965562013,-3.6335536157239186,-2.078039853716437,24,24,959382,2000,2000,0,2000
Qcells,Alice2018Test,S2,144,full,24,Expanded B,Original B,0.2929917481691632,0.29754187233612056,-0.004550124166957381,-0.02715643821933879,0.012576463149976222,0.015292382652675185,-0.05393286686301764,0.07300916666622617,24,24,959382,2000,2000,0,2000
Qcells,Alice2018Test,S2,144,full,24,Expanded B,Expanded A,0.2929917481691632,1.4187400571619735,-1.1257483089928102,-1.3999919345421414,-0.9033976602712686,0.7934845451849302,0.7628221207856503,0.8211088736920089,24,24,959382,2000,2000,0,2000
Qcells,Alice2018Test,S2,144,full,48,Original A,Daily,1.4187400571619737,0.2747937301329757,1.143946327028998,0.9271829939114111,1.3886614468860672,-4.162927321796716,-7.44056661376988,-3.155896493974987,12,12,959382,2000,2000,0,2000
Qcells,Alice2018Test,S2,144,full,48,Original A,Last-value,1.4187400571619737,2.7704720517697687,-1.351731994607795,-1.678519782751891,-0.9670828922131678,0.48790674273155465,0.3494237984572541,0.6062587112454146,12,12,959382,2000,2000,0,2000
Qcells,Alice2018Test,S2,144,full,48,Expanded A,Daily,1.4187400571619737,0.2747937301329757,1.143946327028998,0.9271829939114111,1.3886614468860672,-4.162927321796716,-7.44056661376988,-3.155896493974987,12,12,959382,2000,2000,0,2000
Qcells,Alice2018Test,S2,144,full,48,Expanded A,Last-value,1.4187400571619737,2.7704720517697687,-1.351731994607795,-1.678519782751891,-0.9670828922131678,0.48790674273155465,0.3494237984572541,0.6062587112454146,12,12,959382,2000,2000,0,2000
Qcells,Alice2018Test,S2,144,full,48,Original B,Daily,0.29754187233612056,0.2747937301329757,0.02274814220314486,-0.0008609458616363085,0.0665005094909434,-0.08278261004039944,-0.44555520696950424,0.0020521191726007165,12,12,959382,2000,2000,0,2000
Qcells,Alice2018Test,S2,144,full,48,Original B,Last-value,0.29754187233612056,2.7704720517697687,-2.4729301794336482,-2.5769834478218026,-2.343455601931718,0.8926024638486962,0.8485851261889255,0.9259558091345734,12,12,959382,2000,2000,0,2000
Qcells,Alice2018Test,S2,144,full,48,Expanded B,Daily,0.29299174816916324,0.2747937301329757,0.018198018036187535,-0.02117762259926722,0.07340333644930114,-0.0662242840379994,-0.4971821666262105,0.050425083702476975,12,12,959382,2000,2000,0,2000
Qcells,Alice2018Test,S2,144,full,48,Expanded B,Last-value,0.29299174816916324,2.7704720517697687,-2.4774803036006054,-2.5666311898535534,-2.3655649397988494,0.8942448280674764,0.8558239409353823,0.9223864896392847,12,12,959382,2000,2000,0,2000
Qcells,Alice2018Test,S2,144,full,48,Inverted42,Daily,1.0768411607673,0.2747937301329757,0.8020474306343244,0.6397882364177399,0.9891405996734982,-2.9187253662818464,-6.101905904574776,-1.7940980588234554,12,12,959382,2000,2000,0,2000
Qcells,Alice2018Test,S2,144,full,48,Inverted42,Last-value,1.0768411607673,2.7704720517697687,-1.6936308910024687,-1.918604060099937,-1.4708583517851936,0.6113149165033384,0.5316750636406393,0.6935100579369675,12,12,959382,2000,2000,0,2000
Qcells,Alice2018Test,S2,144,full,48,Inverted43,Daily,1.0974048866548072,0.2747937301329757,0.8226111565218315,0.669613731027999,1.0042822670790303,-2.993558681720143,-6.1700152062294435,-1.82834749682467,12,12,959382,2000,2000,0,2000
Qcells,Alice2018Test,S2,144,full,48,Inverted43,Last-value,1.0974048866548072,2.7704720517697687,-1.6730671651149616,-1.8899878366648593,-1.4566377113851003,0.6038924536510706,0.525495879239551,0.6825545198737375,12,12,959382,2000,2000,0,2000
Qcells,Alice2018Test,S2,144,full,48,Inverted44,Daily,1.0647835267975916,0.2747937301329757,0.7899897966646159,0.6489619059154498,0.96206359688558,-2.8748465122633298,-5.886228518496505,-1.7665765775513218,12,12,959382,2000,2000,0,2000
Qcells,Alice2018Test,S2,144,full,48,Inverted44,Last-value,1.0647835267975916,2.7704720517697687,-1.7056885249721772,-1.9150187439980926,-1.4946981984031944,0.6156671112717376,0.5401170356987238,0.6915923369247428,12,12,959382,2000,2000,0,2000
Qcells,Alice2018Test,S2,144,full,48,Inverted mean,Daily,1.0796765247398996,0.2747937301329757,0.8048827946069239,0.6540843217349954,0.9856582495123497,-2.92904352008844,-6.050029165063909,-1.7947891853839808,12,12,959382,2000,2000,0,2000
Qcells,Alice2018Test,S2,144,full,48,Inverted mean,Last-value,1.0796765247398996,2.7704720517697687,-1.6907955270298691,-1.9062071625030212,-1.4729095174844224,0.6102914938087155,0.5316162278662034,0.6888500936158479,12,12,959382,2000,2000,0,2000
Qcells,Alice2018Test,S2,144,full,48,Inverted mean,Original B,1.0796765247398996,0.29754187233612056,0.7821346524037791,0.6166008188628215,0.9499093880263,-2.6286540656040316,-4.075505557566955,-1.7780888328935094,12,12,959382,2000,2000,0,2000
Qcells,Alice2018Test,S2,144,full,48,Inverted mean,Expanded B,1.0796765247398996,0.29299174816916324,0.7866847765707363,0.6195844723653082,0.9502168802802264,-2.685006596556201,-3.8558835173766757,-1.931415645325243,12,12,959382,2000,2000,0,2000
Qcells,Alice2018Test,S2,144,full,48,Expanded B,Original B,0.29299174816916324,0.29754187233612056,-0.004550124166957326,-0.021692106488784134,0.013900887270356333,0.015292382652674963,-0.064486285853629,0.052441687031508706,12,12,959382,2000,2000,0,2000
Qcells,Alice2018Test,S2,144,full,48,Expanded B,Expanded A,0.29299174816916324,1.4187400571619737,-1.1257483089928104,-1.406213523311704,-0.8701697039788562,0.7934845451849302,0.7689071136741426,0.8265094012253159,12,12,959382,2000,2000,0,2000
Qcells,Alice2018Test,S2,144,full,72,Original A,Daily,1.418740057161974,0.2747937301329757,1.1439463270289982,0.9585109000290412,1.426438135415473,-4.162927321796716,-6.64740915071649,-3.4018624428885165,8,8,959382,2000,2000,0,2000
Qcells,Alice2018Test,S2,144,full,72,Original A,Last-value,1.418740057161974,2.7704720517697687,-1.3517319946077948,-1.6328791226214743,-0.9413264421724163,0.48790674273155465,0.3396572212674486,0.5910958683659875,8,8,959382,2000,2000,0,2000
Qcells,Alice2018Test,S2,144,full,72,Expanded A,Daily,1.418740057161974,0.2747937301329757,1.1439463270289982,0.9585109000290412,1.426438135415473,-4.162927321796716,-6.64740915071649,-3.4018624428885165,8,8,959382,2000,2000,0,2000
Qcells,Alice2018Test,S2,144,full,72,Expanded A,Last-value,1.418740057161974,2.7704720517697687,-1.3517319946077948,-1.6328791226214743,-0.9413264421724163,0.48790674273155465,0.3396572212674486,0.5910958683659875,8,8,959382,2000,2000,0,2000
Qcells,Alice2018Test,S2,144,full,72,Original B,Daily,0.29754187233612056,0.2747937301329757,0.02274814220314486,0.005064505048954492,0.057106826064629336,-0.08278261004039944,-0.37307281925191105,-0.012250707167677502,8,8,959382,2000,2000,0,2000
Qcells,Alice2018Test,S2,144,full,72,Original B,Last-value,0.29754187233612056,2.7704720517697687,-2.4729301794336482,-2.5808759304614983,-2.3427573868107907,0.8926024638486962,0.8481067385327502,0.9262960321282998,8,8,959382,2000,2000,0,2000
Qcells,Alice2018Test,S2,144,full,72,Expanded B,Daily,0.29299174816916324,0.2747937301329757,0.018198018036187535,-0.013929668348728122,0.06310351874008412,-0.0662242840379994,-0.4240745114480306,0.03374549092486147,8,8,959382,2000,2000,0,2000
Qcells,Alice2018Test,S2,144,full,72,Expanded B,Last-value,0.29299174816916324,2.7704720517697687,-2.4774803036006054,-2.5685234365553486,-2.3617846948530414,0.8942448280674764,0.8556147698858665,0.9224703032761394,8,8,959382,2000,2000,0,2000
Qcells,Alice2018Test,S2,144,full,72,Inverted42,Daily,1.0768411607672999,0.2747937301329757,0.8020474306343242,0.7268275136565686,0.9148413485927934,-2.9187253662818455,-5.100929544540602,-2.1678390419838043,8,8,959382,2000,2000,0,2000
Qcells,Alice2018Test,S2,144,full,72,Inverted42,Last-value,1.0768411607672999,2.7704720517697687,-1.6936308910024689,-1.8690212248069638,-1.450674291779386,0.6113149165033385,0.5228256190553816,0.6752004307118638,8,8,959382,2000,2000,0,2000
Qcells,Alice2018Test,S2,144,full,72,Inverted43,Daily,1.0974048866548076,0.2747937301329757,0.8226111565218319,0.757555621204456,0.9263829445352448,-2.9935586817201445,-5.214924948444952,-2.197949347286383,8,8,959382,2000,2000,0,2000
Qcells,Alice2018Test,S2,144,full,72,Inverted43,Last-value,1.0974048866548076,2.7704720517697687,-1.6730671651149611,-1.8421236309493856,-1.435140924340612,0.6038924536510705,0.5182349052472339,0.6651188168955924,8,8,959382,2000,2000,0,2000
Qcells,Alice2018Test,S2,144,full,72,Inverted44,Daily,1.0647835267975918,0.2747937301329757,0.7899897966646161,0.7237935601357519,0.895135701475892,-2.8748465122633307,-5.006409211427704,-2.1153905660191477,8,8,959382,2000,2000,0,2000
Qcells,Alice2018Test,S2,144,full,72,Inverted44,Last-value,1.0647835267975918,2.7704720517697687,-1.705688524972177,-1.8756275145581731,-1.4675933977028743,0.6156671112717375,0.5292441028581825,0.6779641123717532,8,8,959382,2000,2000,0,2000
Qcells,Alice2018Test,S2,144,full,72,Inverted mean,Daily,1.0796765247398996,0.2747937301329757,0.804882794606924,0.736117082979198,0.9121954642834508,-2.92904352008844,-5.107380951769683,-2.159488161180635,8,8,959382,2000,2000,0,2000
Qcells,Alice2018Test,S2,144,full,72,Inverted mean,Last-value,1.0796765247398996,2.7704720517697687,-1.6907955270298691,-1.8617106940379116,-1.4510350751163015,0.6102914938087154,0.5235293596304106,0.6726630412827659,8,8,959382,2000,2000,0,2000
Qcells,Alice2018Test,S2,144,full,72,Inverted mean,Original B,1.0796765247398996,0.29754187233612056,0.7821346524037792,0.6925588238130624,0.9057254791268415,-2.628654065604032,-3.604355313911016,-2.096934253841872,8,8,959382,2000,2000,0,2000
Qcells,Alice2018Test,S2,144,full,72,Inverted mean,Expanded B,1.0796765247398996,0.29299174816916324,0.7866847765707364,0.6847028109632631,0.9252072002040581,-2.685006596556201,-3.3675522627832946,-2.2597241866653546,8,8,959382,2000,2000,0,2000
Qcells,Alice2018Test,S2,144,full,72,Expanded B,Original B,0.29299174816916324,0.29754187233612056,-0.004550124166957326,-0.021504692622914313,0.014251964160639778,0.015292382652674963,-0.06711889702123741,0.051481359833150095,8,8,959382,2000,2000,0,2000
Qcells,Alice2018Test,S2,144,full,72,Expanded B,Expanded A,0.29299174816916324,1.418740057161974,-1.1257483089928106,-1.4378043630604846,-0.9085726922732384,0.7934845451849302,0.7803857441090059,0.8151225643245027,8,8,959382,2000,2000,0,2000
Qcells,Alice2018Test,S2,144,power-active,24,Original A,Daily,1.5632831956944897,0.40444026573517766,1.1588429299593122,1.0219632053051568,1.3230829885067703,-2.8653005848782316,-5.084093106408225,-2.0259718656592245,24,24,442887,2000,2000,0,2000
Qcells,Alice2018Test,S2,144,power-active,24,Original A,Last-value,1.5632831956944897,3.076295691118082,-1.5130124954235922,-1.733326236893624,-1.288977794547744,0.4918293452063077,0.419194644804351,0.5622282399938949,24,24,442887,2000,2000,0,2000
Qcells,Alice2018Test,S2,144,power-active,24,Expanded A,Daily,1.5632831956944897,0.40444026573517766,1.1588429299593122,1.0219632053051568,1.3230829885067703,-2.8653005848782316,-5.084093106408225,-2.0259718656592245,24,24,442887,2000,2000,0,2000
Qcells,Alice2018Test,S2,144,power-active,24,Expanded A,Last-value,1.5632831956944897,3.076295691118082,-1.5130124954235922,-1.733326236893624,-1.288977794547744,0.4918293452063077,0.419194644804351,0.5622282399938949,24,24,442887,2000,2000,0,2000
Qcells,Alice2018Test,S2,144,power-active,24,Original B,Daily,0.3682415679817499,0.40444026573517766,-0.036198697753427767,-0.09338462225005029,0.03245682309559552,0.08950319940974971,-0.1385047847970708,0.1745511835021084,24,24,442887,2000,2000,0,2000
Qcells,Alice2018Test,S2,144,power-active,24,Original B,Last-value,0.3682415679817499,3.076295691118082,-2.708054123136332,-2.816263880018122,-2.590963983051408,0.8802970829348618,0.8450476737136215,0.913678359257439,24,24,442887,2000,2000,0,2000
Qcells,Alice2018Test,S2,144,power-active,24,Expanded B,Daily,0.38764544685234464,0.40444026573517766,-0.016794818882833018,-0.07094325243093133,0.04525791004648583,0.04152608013028569,-0.19211201425746513,0.13706382898644848,24,24,442887,2000,2000,0,2000
Qcells,Alice2018Test,S2,144,power-active,24,Expanded B,Last-value,0.38764544685234464,3.076295691118082,-2.6886502442657374,-2.8011246981548132,-2.563768316829459,0.8739895361906986,0.8355910481395299,0.9093744282167093,24,24,442887,2000,2000,0,2000
Qcells,Alice2018Test,S2,144,power-active,24,Inverted42,Daily,1.3373789933524558,0.40444026573517766,0.9329387276172781,0.7806195819063093,1.1275610125328406,-2.3067404673998375,-4.367050300359812,-1.5374120574521555,24,24,442887,2000,2000,0,2000
Qcells,Alice2018Test,S2,144,power-active,24,Inverted42,Last-value,1.3373789933524558,3.076295691118082,-1.738916697765626,-1.942936144122212,-1.5308766288526776,0.5652631841556217,0.49986211887127774,0.6297204938761236,24,24,442887,2000,2000,0,2000
Qcells,Alice2018Test,S2,144,power-active,24,Inverted43,Daily,1.3457274403203088,0.40444026573517766,0.9412871745851311,0.7962658501410513,1.132047950857139,-2.327382445153159,-4.432350453586818,-1.547074019353922,24,24,442887,2000,2000,0,2000
Qcells,Alice2018Test,S2,144,power-active,24,Inverted43,Last-value,1.3457274403203088,3.076295691118082,-1.730568250797773,-1.9202944777795505,-1.5372511013068104,0.5625493855464839,0.4998058789440691,0.6237378032474218,24,24,442887,2000,2000,0,2000
Qcells,Alice2018Test,S2,144,power-active,24,Inverted44,Daily,1.3109316947294902,0.40444026573517766,0.9064914289943126,0.7715550233805535,1.0870226821900246,-2.2413481193484124,-4.245549120364216,-1.5000592484755788,24,24,442887,2000,2000,0,2000
Qcells,Alice2018Test,S2,144,power-active,24,Inverted44,Last-value,1.3109316947294902,3.076295691118082,-1.7653639963885916,-1.9488266912369057,-1.5774940688537709,0.5738603091651988,0.5136257891110596,0.6313694593975838,24,24,442887,2000,2000,0,2000
Qcells,Alice2018Test,S2,144,power-active,24,Inverted mean,Daily,1.3313460428007515,0.40444026573517766,0.9269057770655739,0.7812080007761537,1.1162380903033948,-2.2918236773004694,-4.344916895926103,-1.526848967191166,24,24,442887,2000,2000,0,2000
Qcells,Alice2018Test,S2,144,power-active,24,Inverted mean,Last-value,1.3313460428007515,3.076295691118082,-1.7449496483173303,-1.9354845850176752,-1.552005174740389,0.5672242929557682,0.5050040385376519,0.628024218542596,24,24,442887,2000,2000,0,2000
Qcells,Alice2018Test,S2,144,power-active,24,Inverted mean,Original B,1.3313460428007515,0.3682415679817499,0.9631044748190017,0.8230847506199673,1.1248386631229725,-2.615414875885857,-3.7749343297937044,-1.953162099448574,24,24,442887,2000,2000,0,2000
Qcells,Alice2018Test,S2,144,power-active,24,Inverted mean,Expanded B,1.3313460428007515,0.38764544685234464,0.9437005959484068,0.8042870040246375,1.1073466531166318,-2.434442616600281,-3.556255900749092,-1.7884034899327659,24,24,442887,2000,2000,0,2000
Qcells,Alice2018Test,S2,144,power-active,24,Expanded B,Original B,0.38764544685234464,0.3682415679817499,0.01940387887059475,0.0086126971710866,0.030154153036637585,-0.05269334197370257,-0.07376184704752724,-0.027833787819583317,24,24,442887,2000,2000,0,2000
Qcells,Alice2018Test,S2,144,power-active,24,Expanded B,Expanded A,0.38764544685234464,1.5632831956944897,-1.175637748842145,-1.3285907590029709,-1.0392145525828602,0.7520312071926719,0.7054877547803863,0.8088276086173061,24,24,442887,2000,2000,0,2000
Qcells,Alice2018Test,S2,144,power-active,48,Original A,Daily,1.5632831956944897,0.40444026573517755,1.1588429299593122,0.9989240640484327,1.3558881805081806,-2.865300584878233,-5.731158367411483,-1.851866223853037,12,12,442887,2000,2000,0,2000
Qcells,Alice2018Test,S2,144,power-active,48,Original A,Last-value,1.5632831956944897,3.0762956911180814,-1.5130124954235917,-1.7926375391977267,-1.2282404963183935,0.4918293452063077,0.39858898860189457,0.5832689049811347,12,12,442887,2000,2000,0,2000
Qcells,Alice2018Test,S2,144,power-active,48,Expanded A,Daily,1.5632831956944897,0.40444026573517755,1.1588429299593122,0.9989240640484327,1.3558881805081806,-2.865300584878233,-5.731158367411483,-1.851866223853037,12,12,442887,2000,2000,0,2000
Qcells,Alice2018Test,S2,144,power-active,48,Expanded A,Last-value,1.5632831956944897,3.0762956911180814,-1.5130124954235917,-1.7926375391977267,-1.2282404963183935,0.4918293452063077,0.39858898860189457,0.5832689049811347,12,12,442887,2000,2000,0,2000
Qcells,Alice2018Test,S2,144,power-active,48,Original B,Daily,0.3682415679817499,0.40444026573517755,-0.036198697753427655,-0.10191480768681131,0.04933650160380545,0.08950319940974949,-0.22087838786846845,0.16769971154766636,12,12,442887,2000,2000,0,2000
Qcells,Alice2018Test,S2,144,power-active,48,Original B,Last-value,0.3682415679817499,3.0762956911180814,-2.7080541231363315,-2.838851740514742,-2.553772945132488,0.8802970829348618,0.8328889382575038,0.9182461674672778,12,12,442887,2000,2000,0,2000
Qcells,Alice2018Test,S2,144,power-active,48,Expanded B,Daily,0.38764544685234464,0.40444026573517755,-0.016794818882832907,-0.0723362499897616,0.05966122125203562,0.04152608013028536,-0.2693811743504361,0.11921743875953086,12,12,442887,2000,2000,0,2000
Qcells,Alice2018Test,S2,144,power-active,48,Expanded B,Last-value,0.38764544685234464,3.0762956911180814,-2.688650244265737,-2.822727897529162,-2.5253215249637893,0.8739895361906986,0.8237049840110965,0.9137616252902429,12,12,442887,2000,2000,0,2000
Qcells,Alice2018Test,S2,144,power-active,48,Inverted42,Daily,1.337378993352456,0.40444026573517755,0.9329387276172785,0.7240407076437044,1.1902893571836641,-2.306740467399839,-5.031084899377817,-1.3547619865067566,12,12,442887,2000,2000,0,2000
Qcells,Alice2018Test,S2,144,power-active,48,Inverted42,Last-value,1.337378993352456,3.0762956911180814,-1.7389166977656254,-2.0161519986295766,-1.4658411645322011,0.5652631841556217,0.47834737709398006,0.6564059162776342,12,12,442887,2000,2000,0,2000
Qcells,Alice2018Test,S2,144,power-active,48,Inverted43,Daily,1.3457274403203086,0.40444026573517755,0.941287174585131,0.7422412511865649,1.184164406373722,-2.3273824451531593,-4.997616616342534,-1.3415478596367088,12,12,442887,2000,2000,0,2000
Qcells,Alice2018Test,S2,144,power-active,48,Inverted43,Last-value,1.3457274403203086,3.0762956911180814,-1.7305682507977729,-1.986428877258981,-1.4800350711605146,0.5625493855464839,0.48234784537009195,0.6471941917103966,12,12,442887,2000,2000,0,2000
Qcells,Alice2018Test,S2,144,power-active,48,Inverted44,Daily,1.3109316947294902,0.40444026573517755,0.9064914289943127,0.7292686432859491,1.1327397511630413,-2.2413481193484133,-4.776787413908155,-1.3090946544938509,12,12,442887,2000,2000,0,2000
Qcells,Alice2018Test,S2,144,power-active,48,Inverted44,Last-value,1.3109316947294902,3.0762956911180814,-1.7653639963885912,-2.0110545195884293,-1.5252923525864654,0.5738603091651988,0.4947337566649949,0.6536719259109235,12,12,442887,2000,2000,0,2000
Qcells,Alice2018Test,S2,144,power-active,48,Inverted mean,Daily,1.3313460428007515,0.40444026573517755,0.9269057770655741,0.7301641244538208,1.1676299508912444,-2.2918236773004703,-4.94332471194133,-1.335129845336394,12,12,442887,2000,2000,0,2000
Qcells,Alice2018Test,S2,144,power-active,48,Inverted mean,Last-value,1.3313460428007515,3.0762956911180814,-1.7449496483173297,-2.0052611101606215,-1.48999695052232,0.5672242929557682,0.4851628317435942,0.6527035414236798,12,12,442887,2000,2000,0,2000
Qcells,Alice2018Test,S2,144,power-active,48,Inverted mean,Original B,1.3313460428007515,0.3682415679817499,0.9631044748190017,0.7675605300112361,1.1656342241551765,-2.615414875885857,-3.9886904501496323,-1.7932567829126858,12,12,442887,2000,2000,0,2000
Qcells,Alice2018Test,S2,144,power-active,48,Inverted mean,Expanded B,1.3313460428007515,0.38764544685234464,0.9437005959484068,0.7505858996674265,1.1467131355822735,-2.434442616600281,-3.7601249130022305,-1.6366901985371856,12,12,442887,2000,2000,0,2000
Qcells,Alice2018Test,S2,144,power-active,48,Expanded B,Original B,0.38764544685234464,0.3682415679817499,0.01940387887059475,0.0062856878115162326,0.030561631714719227,-0.05269334197370257,-0.07455381831314234,-0.02092776607608424,12,12,442887,2000,2000,0,2000
Qcells,Alice2018Test,S2,144,power-active,48,Expanded B,Expanded A,0.38764544685234464,1.5632831956944897,-1.175637748842145,-1.3596254343762944,-0.9906526490639347,0.7520312071926719,0.6904838849282304,0.8141397096639238,12,12,442887,2000,2000,0,2000
Qcells,Alice2018Test,S2,144,power-active,72,Original A,Daily,1.5632831956944897,0.4044402657351776,1.1588429299593122,1.0566004006964855,1.2969229821662742,-2.8653005848782325,-5.164773923586724,-2.0694692910587777,8,8,442887,2000,2000,0,2000
Qcells,Alice2018Test,S2,144,power-active,72,Original A,Last-value,1.5632831956944897,3.076295691118082,-1.5130124954235922,-1.7523247131107662,-1.1979825169136729,0.4918293452063077,0.38691531601094326,0.5714921387924105,8,8,442887,2000,2000,0,2000
Qcells,Alice2018Test,S2,144,power-active,72,Expanded A,Daily,1.5632831956944897,0.4044402657351776,1.1588429299593122,1.0566004006964855,1.2969229821662742,-2.8653005848782325,-5.164773923586724,-2.0694692910587777,8,8,442887,2000,2000,0,2000
Qcells,Alice2018Test,S2,144,power-active,72,Expanded A,Last-value,1.5632831956944897,3.076295691118082,-1.5130124954235922,-1.7523247131107662,-1.1979825169136729,0.4918293452063077,0.38691531601094326,0.5714921387924105,8,8,442887,2000,2000,0,2000
Qcells,Alice2018Test,S2,144,power-active,72,Original B,Daily,0.3682415679817499,0.4044402657351776,-0.03619869775342771,-0.0914673261446588,0.031031256808937188,0.0895031994097496,-0.13548941713485652,0.15214923334844732,8,8,442887,2000,2000,0,2000
Qcells,Alice2018Test,S2,144,power-active,72,Original B,Last-value,0.3682415679817499,3.076295691118082,-2.708054123136332,-2.8422402388978463,-2.551772592834472,0.8802970829348618,0.8327533104244786,0.918949697350375,8,8,442887,2000,2000,0,2000
Qcells,Alice2018Test,S2,144,power-active,72,Expanded B,Daily,0.38764544685234464,0.4044402657351776,-0.016794818882832963,-0.06361573752831391,0.043438553467186676,0.04152608013028558,-0.19498549475979338,0.1050008467183085,8,8,442887,2000,2000,0,2000
Qcells,Alice2018Test,S2,144,power-active,72,Expanded B,Last-value,0.38764544685234464,3.076295691118082,-2.6886502442657374,-2.82531414002387,-2.5238390292496877,0.8739895361906986,0.823446355108916,0.9137298764443256,8,8,442887,2000,2000,0,2000
Qcells,Alice2018Test,S2,144,power-active,72,Inverted42,Daily,1.3373789933524558,0.4044402657351776,0.9329387276172783,0.8541103272141339,1.0280158840553943,-2.306740467399838,-4.224972443272163,-1.6608678437266562,8,8,442887,2000,2000,0,2000
Qcells,Alice2018Test,S2,144,power-active,72,Inverted42,Last-value,1.3373789933524558,3.076295691118082,-1.738916697765626,-1.9623117868162339,-1.4403512059999426,0.5652631841556217,0.47040076195304864,0.6377093005800091,8,8,442887,2000,2000,0,2000
Qcells,Alice2018Test,S2,144,power-active,72,Inverted43,Daily,1.3457274403203086,0.4044402657351776,0.941287174585131,0.8663883660491023,1.0331655547879588,-2.327382445153159,-4.2981054993736025,-1.627536204169951,8,8,442887,2000,2000,0,2000
Qcells,Alice2018Test,S2,144,power-active,72,Inverted43,Last-value,1.3457274403203086,3.076295691118082,-1.7305682507977733,-1.940978560278826,-1.4566750741753727,0.562549385546484,0.473034889166233,0.6322035713602261,8,8,442887,2000,2000,0,2000
Qcells,Alice2018Test,S2,144,power-active,72,Inverted44,Daily,1.31093169472949,0.4044402657351776,0.9064914289943125,0.8333603257795397,0.9988053863424301,-2.2413481193484124,-4.124536187837522,-1.569155206573757,8,8,442887,2000,2000,0,2000
Qcells,Alice2018Test,S2,144,power-active,72,Inverted44,Last-value,1.31093169472949,3.076295691118082,-1.7653639963885919,-1.9741347079824767,-1.4916830756597947,0.573860309165199,0.48495405934705216,0.6433624002559453,8,8,442887,2000,2000,0,2000
Qcells,Alice2018Test,S2,144,power-active,72,Inverted mean,Daily,1.3313460428007515,0.4044402657351776,0.9269057770655739,0.8533701786910608,1.0172788475085799,-2.2918236773004694,-4.223908919620387,-1.6217146007885093,8,8,442887,2000,2000,0,2000
Qcells,Alice2018Test,S2,144,power-active,72,Inverted mean,Last-value,1.3313460428007515,3.076295691118082,-1.7449496483173306,-1.9582338149910181,-1.4633508741666224,0.5672242929557683,0.47559503150491994,0.6371913399887746,8,8,442887,2000,2000,0,2000
Qcells,Alice2018Test,S2,144,power-active,72,Inverted mean,Original B,1.3313460428007515,0.3682415679817499,0.9631044748190015,0.8431965281135692,1.0985342524910404,-2.6154148758858566,-3.7007759835378646,-2.0724392079583382,8,8,442887,2000,2000,0,2000
Qcells,Alice2018Test,S2,144,power-active,72,Inverted mean,Expanded B,1.3313460428007515,0.38764544685234464,0.9437005959484068,0.8323763346550442,1.0715820194382748,-2.4344426166002804,-3.3881690618810087,-1.9196757662861437,8,8,442887,2000,2000,0,2000
Qcells,Alice2018Test,S2,144,power-active,72,Expanded B,Original B,0.38764544685234464,0.3682415679817499,0.01940387887059475,0.00743926968273899,0.029688816159806564,-0.05269334197370257,-0.08140051171324834,-0.02636575189382139,8,8,442887,2000,2000,0,2000
Qcells,Alice2018Test,S2,144,power-active,72,Expanded B,Expanded A,0.38764544685234464,1.5632831956944897,-1.175637748842145,-1.3520106394026263,-1.036993835477277,0.7520312071926719,0.7078556398469935,0.8051492677422027,8,8,442887,2000,2000,0,2000
Qcells,Alice2018Test,S2,144,low-power,24,Original A,Daily,1.281881622794432,0.001062861804569643,1.2808187609898625,0.924705848560899,1.7488803111663989,-1205.066129465882,-1691.901235907649,-830.7453120081086,24,24,516495,2000,2000,0,2000
Qcells,Alice2018Test,S2,144,low-power,24,Original A,Last-value,1.281881622794432,2.4783588934808,-1.196477270686368,-1.5720537148055556,-0.6939168049378899,0.4827699788895151,0.2835396229243653,0.6288722280939776,24,24,516495,2000,2000,0,2000
Qcells,Alice2018Test,S2,144,low-power,24,Expanded A,Daily,1.281881622794432,0.001062861804569643,1.2808187609898625,0.924705848560899,1.7488803111663989,-1205.066129465882,-1691.901235907649,-830.7453120081086,24,24,516495,2000,2000,0,2000
Qcells,Alice2018Test,S2,144,low-power,24,Expanded A,Last-value,1.281881622794432,2.4783588934808,-1.196477270686368,-1.5720537148055556,-0.6939168049378899,0.4827699788895151,0.2835396229243653,0.6288722280939776,24,24,516495,2000,2000,0,2000
Qcells,Alice2018Test,S2,144,low-power,24,Original B,Daily,0.21947376182724007,0.001062861804569643,0.21841090002267044,0.14927486225887784,0.3151633938395017,-205.4932250680566,-304.6876260768167,-132.9003163602032,24,24,516495,2000,2000,0,2000
Qcells,Alice2018Test,S2,144,low-power,24,Original B,Last-value,0.21947376182724007,2.4783588934808,-2.25888513165356,-2.3611309165996,-2.119475494705999,0.911443914598263,0.8722728345458928,0.9396194973001684,24,24,516495,2000,2000,0,2000
Qcells,Alice2018Test,S2,144,low-power,24,Expanded B,Daily,0.17493085875062525,0.001062861804569643,0.17386799694605562,0.1549640818344173,0.2017703142288945,-163.58476351161707,-197.31054433693595,-135.98822326115828,24,24,516495,2000,2000,0,2000
Qcells,Alice2018Test,S2,144,low-power,24,Expanded B,Last-value,0.17493085875062525,2.4783588934808,-2.303428034730175,-2.3607007010265817,-2.2286030117168716,0.9294166558319006,0.9169000631112911,0.9374030120648212,24,24,516495,2000,2000,0,2000
Qcells,Alice2018Test,S2,144,low-power,24,Inverted42,Daily,0.787548203246766,0.001062861804569643,0.7864853414421964,0.6575973319868414,0.9124791362277918,-739.969521964944,-907.0585470139537,-598.9322573270724,24,24,516495,2000,2000,0,2000
Qcells,Alice2018Test,S2,144,low-power,24,Inverted42,Last-value,0.787548203246766,2.4783588934808,-1.690810690234034,-1.8307444531618469,-1.5371639800228931,0.6822299605927243,0.6278780006149015,0.7345462168414362,24,24,516495,2000,2000,0,2000
Qcells,Alice2018Test,S2,144,low-power,24,Inverted43,Daily,0.8270876524226128,0.001062861804569643,0.8260247906180432,0.6855691467026904,0.9682938965842482,-777.1704534556155,-955.4085907026052,-624.7679881157417,24,24,516495,2000,2000,0,2000
Qcells,Alice2018Test,S2,144,low-power,24,Inverted43,Last-value,0.8270876524226128,2.4783588934808,-1.6512712410581871,-1.8055797174986543,-1.480011964738607,0.6662760770450858,0.6044624105181243,0.7251657904594595,24,24,516495,2000,2000,0,2000
Qcells,Alice2018Test,S2,144,low-power,24,Inverted44,Daily,0.7951888558605452,0.001062861804569643,0.7941259940559756,0.6555393067506735,0.9340728582775664,-747.1582764962754,-921.4114551579562,-601.219967968978,24,24,516495,2000,2000,0,2000
Qcells,Alice2018Test,S2,144,low-power,24,Inverted44,Last-value,0.7951888558605452,2.4783588934808,-1.683170037620255,-1.8368654955354322,-1.511304572804042,0.679147012181226,0.6182296147291751,0.7362870024729666,24,24,516495,2000,2000,0,2000
Qcells,Alice2018Test,S2,144,low-power,24,Inverted mean,Daily,0.8032749038433079,0.001062861804569643,0.8022120420387383,0.6656405725918608,0.9362599463011553,-754.7660839722784,-925.0707428537017,-609.1993270476803,24,24,516495,2000,2000,0,2000
Qcells,Alice2018Test,S2,144,low-power,24,Inverted mean,Last-value,0.8032749038433079,2.4783588934808,-1.675083989637492,-1.8241851971681942,-1.5104195466049424,0.6758843499396786,0.6165528478019742,0.7322159594515589,24,24,516495,2000,2000,0,2000
Qcells,Alice2018Test,S2,144,low-power,24,Inverted mean,Original B,0.8032749038433079,0.21947376182724007,0.5838011420160679,0.4772803062206159,0.7070457692440957,-2.6600042627218925,-4.365501142033437,-1.7214913743767302,24,24,516495,2000,2000,0,2000
Qcells,Alice2018Test,S2,144,low-power,24,Inverted mean,Expanded B,0.8032749038433079,0.17493085875062525,0.6283440450926828,0.5044955484187167,0.7477336825759183,-3.5919565568955796,-4.225571806297462,-3.034706912173981,24,24,516495,2000,2000,0,2000
Qcells,Alice2018Test,S2,144,low-power,24,Expanded B,Original B,0.17493085875062525,0.21947376182724007,-0.04454290307661482,-0.11206603873834223,0.00855351801487083,0.20295320363477887,-0.055968253084799524,0.36178508827865696,24,24,516495,2000,2000,0,2000
Qcells,Alice2018Test,S2,144,low-power,24,Expanded B,Expanded A,0.17493085875062525,1.281881622794432,-1.1069507640438068,-1.5491653666277878,-0.7666373728503867,0.8635358713004361,0.8276251029122706,0.886037843512104,24,24,516495,2000,2000,0,2000
Qcells,Alice2018Test,S2,144,low-power,48,Original A,Daily,1.281881622794432,0.0010628618045696438,1.2808187609898625,0.8932646566394937,1.7686215715638745,-1205.0661294658812,-1639.550488372322,-829.4080774750255,12,12,516495,2000,2000,0,2000
Qcells,Alice2018Test,S2,144,low-power,48,Original A,Last-value,1.281881622794432,2.4783588934808045,-1.1964772706863724,-1.589200233210096,-0.7093349272073267,0.4827699788895161,0.2861073558215631,0.639787724717341,12,12,516495,2000,2000,0,2000
Qcells,Alice2018Test,S2,144,low-power,48,Expanded A,Daily,1.281881622794432,0.0010628618045696438,1.2808187609898625,0.8932646566394937,1.7686215715638745,-1205.0661294658812,-1639.550488372322,-829.4080774750255,12,12,516495,2000,2000,0,2000
Qcells,Alice2018Test,S2,144,low-power,48,Expanded A,Last-value,1.281881622794432,2.4783588934808045,-1.1964772706863724,-1.589200233210096,-0.7093349272073267,0.4827699788895161,0.2861073558215631,0.639787724717341,12,12,516495,2000,2000,0,2000
Qcells,Alice2018Test,S2,144,low-power,48,Original B,Daily,0.21947376182724007,0.0010628618045696438,0.21841090002267044,0.1444191150250456,0.3159257678477412,-205.49322506805643,-294.8849156190353,-131.58178588442544,12,12,516495,2000,2000,0,2000
Qcells,Alice2018Test,S2,144,low-power,48,Original B,Last-value,0.21947376182724007,2.4783588934808045,-2.2588851316535643,-2.344438887505533,-2.1508331804860075,0.9114439145982631,0.8718729440053626,0.9414394159206723,12,12,516495,2000,2000,0,2000
Qcells,Alice2018Test,S2,144,low-power,48,Expanded B,Daily,0.17493085875062525,0.0010628618045696438,0.17386799694605562,0.15292341963692052,0.20498144473553895,-163.58476351161696,-194.59590601049996,-137.8654194610555,12,12,516495,2000,2000,0,2000
Qcells,Alice2018Test,S2,144,low-power,48,Expanded B,Last-value,0.17493085875062525,2.4783588934808045,-2.3034280347301794,-2.3381915645857427,-2.2601671924314783,0.9294166558319008,0.9166551067840502,0.9380845086624354,12,12,516495,2000,2000,0,2000
Qcells,Alice2018Test,S2,144,low-power,48,Inverted42,Daily,0.7875482032467662,0.0010628618045696438,0.7864853414421966,0.620259041261994,0.9530605421803895,-739.9695219649435,-935.6626094822171,-577.5428370574981,12,12,516495,2000,2000,0,2000
Qcells,Alice2018Test,S2,144,low-power,48,Inverted42,Last-value,0.7875482032467662,2.4783588934808045,-1.6908106902340383,-1.8626027464128365,-1.5138061090735702,0.6822299605927248,0.6138653581020892,0.7500085856733697,12,12,516495,2000,2000,0,2000
Qcells,Alice2018Test,S2,144,low-power,48,Inverted43,Daily,0.8270876524226127,0.0010628618045696438,0.8260247906180431,0.6508709231542036,1.005853552709075,-777.1704534556148,-987.7588446334898,-603.099132893881,12,12,516495,2000,2000,0,2000
Qcells,Alice2018Test,S2,144,low-power,48,Inverted43,Last-value,0.8270876524226127,2.4783588934808045,-1.6512712410581918,-1.8307906774715104,-1.4630421888736216,0.6662760770450864,0.5922094733366362,0.7378096760124431,12,12,516495,2000,2000,0,2000
Qcells,Alice2018Test,S2,144,low-power,48,Inverted44,Daily,0.7951888558605451,0.0010628618045696438,0.7941259940559755,0.6217464062317232,0.9745559948185666,-747.1582764962748,-948.8573974391242,-577.5032024438228,12,12,516495,2000,2000,0,2000
Qcells,Alice2018Test,S2,144,low-power,48,Inverted44,Last-value,0.7951888558605451,2.4783588934808045,-1.6831700376202594,-1.8630941446529872,-1.4941191289500744,0.6791470121812266,0.6053517363712239,0.7494389951406617,12,12,516495,2000,2000,0,2000
Qcells,Alice2018Test,S2,144,low-power,48,Inverted mean,Daily,0.8032749038433081,0.0010628618045696438,0.8022120420387383,0.6308445142106851,0.9783720202871486,-754.7660839722777,-959.0353278313539,-585.3813643826685,12,12,516495,2000,2000,0,2000
Qcells,Alice2018Test,S2,144,low-power,48,Inverted mean,Last-value,0.8032749038433081,2.4783588934808045,-1.6750839896374965,-1.85258588283271,-1.489972299448016,0.6758843499396793,0.6033655796655459,0.7454984626290243,12,12,516495,2000,2000,0,2000
Qcells,Alice2018Test,S2,144,low-power,48,Inverted mean,Original B,0.8032749038433081,0.21947376182724007,0.5838011420160679,0.4552352349394325,0.7235231848041952,-2.6600042627218925,-4.607689704367679,-1.7453917010660134,12,12,516495,2000,2000,0,2000
Qcells,Alice2018Test,S2,144,low-power,48,Inverted mean,Expanded B,0.8032749038433081,0.17493085875062525,0.6283440450926827,0.4714043908834132,0.7775171578601701,-3.5919565568955796,-4.3061562308016255,-2.873696947910738,12,12,516495,2000,2000,0,2000
Qcells,Alice2018Test,S2,144,low-power,48,Expanded B,Original B,0.17493085875062525,0.21947376182724007,-0.04454290307661482,-0.11334888771700924,0.011266862104566478,0.20295320363477887,-0.07608550476003832,0.3593896442840728,12,12,516495,2000,2000,0,2000
Qcells,Alice2018Test,S2,144,low-power,48,Expanded B,Expanded A,0.17493085875062525,1.281881622794432,-1.1069507640438068,-1.5626555091025347,-0.7362993096426156,0.8635358713004361,0.8241106190855002,0.8845240903733491,12,12,516495,2000,2000,0,2000
Qcells,Alice2018Test,S2,144,low-power,72,Original A,Daily,1.281881622794432,0.0010628618045696397,1.2808187609898625,0.9268997698263384,1.7901040210722137,-1205.0661294658858,-1683.5506872898766,-842.2885355556607,8,8,516495,2000,2000,0,2000
Qcells,Alice2018Test,S2,144,low-power,72,Original A,Last-value,1.281881622794432,2.4783588934808023,-1.1964772706863702,-1.5515817523130753,-0.6756519616824895,0.48276997888951567,0.2743143152029369,0.6249167143333874,8,8,516495,2000,2000,0,2000
Qcells,Alice2018Test,S2,144,low-power,72,Expanded A,Daily,1.281881622794432,0.0010628618045696397,1.2808187609898625,0.9268997698263384,1.7901040210722137,-1205.0661294658858,-1683.5506872898766,-842.2885355556607,8,8,516495,2000,2000,0,2000
Qcells,Alice2018Test,S2,144,low-power,72,Expanded A,Last-value,1.281881622794432,2.4783588934808023,-1.1964772706863702,-1.5515817523130753,-0.6756519616824895,0.48276997888951567,0.2743143152029369,0.6249167143333874,8,8,516495,2000,2000,0,2000
Qcells,Alice2018Test,S2,144,low-power,72,Original B,Daily,0.21947376182724004,0.0010628618045696397,0.2184109000226704,0.14384611831911048,0.3159533230683082,-205.49322506805723,-297.08999978161955,-131.4967909144555,8,8,516495,2000,2000,0,2000
Qcells,Alice2018Test,S2,144,low-power,72,Original B,Last-value,0.21947376182724004,2.4783588934808023,-2.258885131653562,-2.350429131877669,-2.1465729349975913,0.9114439145982631,0.8713840793593909,0.9419301774354276,8,8,516495,2000,2000,0,2000
Qcells,Alice2018Test,S2,144,low-power,72,Expanded B,Daily,0.17493085875062522,0.0010628618045696397,0.1738679969460556,0.14987967172053054,0.20795297006902333,-163.58476351161755,-196.4621764482501,-137.46280385005394,8,8,516495,2000,2000,0,2000
Qcells,Alice2018Test,S2,144,low-power,72,Expanded B,Last-value,0.17493085875062522,2.4783588934808023,-2.303428034730177,-2.345197800676014,-2.254464989125131,0.9294166558319007,0.9152171380386183,0.9394113389058495,8,8,516495,2000,2000,0,2000
Qcells,Alice2018Test,S2,144,low-power,72,Inverted42,Daily,0.7875482032467662,0.0010628618045696397,0.7864853414421966,0.6404524890418946,0.984312811345825,-739.9695219649465,-915.614884679768,-584.4457766903046,8,8,516495,2000,2000,0,2000
Qcells,Alice2018Test,S2,144,low-power,72,Inverted42,Last-value,0.7875482032467662,2.4783588934808023,-1.690810690234036,-1.8364402754692035,-1.4854739540917061,0.6822299605927244,0.6015160358599763,0.7410165527088657,8,8,516495,2000,2000,0,2000
Qcells,Alice2018Test,S2,144,low-power,72,Inverted43,Daily,0.8270876524226126,0.0010628618045696397,0.826024790618043,0.6647210979333951,1.0408684072516319,-777.1704534556177,-966.4372921859372,-615.391975005346,8,8,516495,2000,2000,0,2000
Qcells,Alice2018Test,S2,144,low-power,72,Inverted43,Last-value,0.8270876524226126,2.4783588934808023,-1.6512712410581898,-1.8183605475428077,-1.4300452400251928,0.6662760770450862,0.57874282263209,0.7313102468459576,8,8,516495,2000,2000,0,2000
Qcells,Alice2018Test,S2,144,low-power,72,Inverted44,Daily,0.7951888558605453,0.0010628618045696397,0.7941259940559757,0.6380750902383935,1.0047809871385827,-747.1582764962778,-931.9384785743116,-586.3857406559423,8,8,516495,2000,2000,0,2000
Qcells,Alice2018Test,S2,144,low-power,72,Inverted44,Last-value,0.7951888558605453,2.4783588934808023,-1.683170037620257,-1.8423144621373209,-1.4660326207823917,0.6791470121812263,0.5929306509896777,0.7422707056480036,8,8,516495,2000,2000,0,2000
Qcells,Alice2018Test,S2,144,low-power,72,Inverted mean,Daily,0.8032749038433081,0.0010628618045696397,0.8022120420387383,0.6474090711255504,1.0101164703813161,-754.7660839722806,-937.6026168148971,-595.942764456927,8,8,516495,2000,2000,0,2000
Qcells,Alice2018Test,S2,144,low-power,72,Inverted mean,Last-value,0.8032749038433081,2.4783588934808023,-1.6750839896374943,-1.8331092206687518,-1.460832906855439,0.6758843499396789,0.5911675039990686,0.7379383298649772,8,8,516495,2000,2000,0,2000
Qcells,Alice2018Test,S2,144,low-power,72,Inverted mean,Original B,0.8032749038433081,0.21947376182724004,0.583801142016068,0.49113771104404974,0.6972810785746449,-2.660004262721893,-3.983870488166622,-2.088670811400699,8,8,516495,2000,2000,0,2000
Qcells,Alice2018Test,S2,144,low-power,72,Inverted mean,Expanded B,0.8032749038433081,0.17493085875062522,0.6283440450926828,0.49096565647919993,0.8061713892384376,-3.59195655689558,-3.981677864336584,-3.0886679110807633,8,8,516495,2000,2000,0,2000
Qcells,Alice2018Test,S2,144,low-power,72,Expanded B,Original B,0.17493085875062522,0.21947376182724004,-0.04454290307661482,-0.10946053368773064,0.008665689663815934,0.20295320363477898,-0.059398556223120985,0.3483376495051093,8,8,516495,2000,2000,0,2000
Qcells,Alice2018Test,S2,144,low-power,72,Expanded B,Expanded A,0.17493085875062522,1.281881622794432,-1.1069507640438068,-1.5843965534316544,-0.7721892301948204,0.8635358713004361,0.8290899414952306,0.8855758093569781,8,8,516495,2000,2000,0,2000
Qcells,Alice2018Test,S1_new_origins,144,full,24,Original A,Daily,1.7557946751740678,0.2980334021714613,1.4577612730026066,1.1404466239949247,1.8620456661945546,-4.891268100761214,-8.561381886863812,-3.3637471293518746,24,24,527518,2000,2000,0,2000
Qcells,Alice2018Test,S1_new_origins,144,full,24,Original A,Last-value,1.7557946751740678,3.027903551684294,-1.2721088765102262,-1.6709644901209335,-0.7538548653613226,0.4201285988130653,0.24992341889213374,0.5511676840374127,24,24,527518,2000,2000,0,2000
Qcells,Alice2018Test,S1_new_origins,144,full,24,Expanded A,Daily,1.7557946751740678,0.2980334021714613,1.4577612730026066,1.1404466239949247,1.8620456661945546,-4.891268100761214,-8.561381886863812,-3.3637471293518746,24,24,527518,2000,2000,0,2000
Qcells,Alice2018Test,S1_new_origins,144,full,24,Expanded A,Last-value,1.7557946751740678,3.027903551684294,-1.2721088765102262,-1.6709644901209335,-0.7538548653613226,0.4201285988130653,0.24992341889213374,0.5511676840374127,24,24,527518,2000,2000,0,2000
Qcells,Alice2018Test,S1_new_origins,144,full,24,Original B,Daily,0.3394799420884058,0.2980334021714613,0.041446539916944525,-0.02182993110431046,0.09110647985386967,-0.1390667610239873,-0.4623627908798871,0.06159329206094138,24,24,527518,2000,2000,0,2000
Qcells,Alice2018Test,S1_new_origins,144,full,24,Original B,Last-value,0.3394799420884058,3.027903551684294,-2.688423609595888,-2.8318600360954087,-2.5244625289226916,0.8878828416117919,0.8420038170342924,0.9256050996528749,24,24,527518,2000,2000,0,2000
Qcells,Alice2018Test,S1_new_origins,144,full,24,Expanded B,Daily,0.31784569807503327,0.2980334021714613,0.019812295903571975,-0.02814473898561065,0.07059752624405567,-0.06647676320580254,-0.45248764727799057,0.07130682182575472,24,24,527518,2000,2000,0,2000
Qcells,Alice2018Test,S1_new_origins,144,full,24,Expanded B,Last-value,0.31784569807503327,3.027903551684294,-2.7100578536092605,-2.83154017402438,-2.5738003843609634,0.89502779971369,0.8581190215332192,0.9260233576194006,24,24,527518,2000,2000,0,2000
Qcells,Alice2018Test,S1_new_origins,144,full,24,Inverted42,Daily,1.233555227597041,0.2980334021714613,0.9355218254255797,0.7800205974623456,1.1297355002302254,-3.1389831428604955,-6.4934215858261295,-2.0997598914302675,24,24,527518,2000,2000,0,2000
Qcells,Alice2018Test,S1_new_origins,144,full,24,Inverted42,Last-value,1.233555227597041,3.027903551684294,-1.794348324087253,-2.011255297709794,-1.564340872781227,0.5926041875042993,0.5183659508214591,0.66210603166143,24,24,527518,2000,2000,0,2000
Qcells,Alice2018Test,S1_new_origins,144,full,24,Inverted43,Daily,1.2538114827881388,0.2980334021714613,0.9557780806166776,0.8052795297240564,1.1497693546584868,-3.206949535363858,-6.588729036381151,-2.155663801818546,24,24,527518,2000,2000,0,2000
Qcells,Alice2018Test,S1_new_origins,144,full,24,Inverted43,Last-value,1.2538114827881388,3.027903551684294,-1.7740920688961552,-1.9930373586098578,-1.543013022478522,0.5859143260720121,0.5112480393353558,0.6558471029886367,24,24,527518,2000,2000,0,2000
Qcells,Alice2018Test,S1_new_origins,144,full,24,Inverted44,Daily,1.231411588433715,0.2980334021714613,0.9333781862622537,0.7867662972482935,1.1240142050042998,-3.131790529053763,-6.4238304391508265,-2.1025694071805523,24,24,527518,2000,2000,0,2000
Qcells,Alice2018Test,S1_new_origins,144,full,24,Inverted44,Last-value,1.231411588433715,3.027903551684294,-1.7964919632505791,-2.0090190527183536,-1.5686973447418269,0.593312149011902,0.5199559000649157,0.661848648500544,24,24,527518,2000,2000,0,2000
Qcells,Alice2018Test,S1_new_origins,144,full,24,Inverted mean,Daily,1.2395927662729649,0.2980334021714613,0.9415593641015038,0.7931376976811766,1.1363892307885763,-3.159241069092706,-6.517125562938438,-2.124411868980902,24,24,527518,2000,2000,0,2000
Qcells,Alice2018Test,S1_new_origins,144,full,24,Inverted mean,Last-value,1.2395927662729649,3.027903551684294,-1.7883107854113292,-2.005815834741789,-1.5593688044208727,0.5906102208627378,0.5160643989205868,0.6598792774578042,24,24,527518,2000,2000,0,2000
Qcells,Alice2018Test,S1_new_origins,144,full,24,Inverted mean,Original B,1.2395927662729649,0.3394799420884058,0.9001128241845592,0.7359049125847963,1.0888193719702688,-2.651446264092256,-4.3611643858144395,-1.7973913334000846,24,24,527518,2000,2000,0,2000
Qcells,Alice2018Test,S1_new_origins,144,full,24,Inverted mean,Expanded B,1.2395927662729649,0.31784569807503327,0.9217470681979316,0.762990868154691,1.1049940421733706,-2.8999828337470106,-4.3755541710992,-2.123067551802038,24,24,527518,2000,2000,0,2000
Qcells,Alice2018Test,S1_new_origins,144,full,24,Expanded B,Original B,0.31784569807503327,0.3394799420884058,-0.02163424401337255,-0.0522316684097362,0.0020491517540332646,0.06372760605614414,-0.007628433385422723,0.1200479614273151,24,24,527518,2000,2000,0,2000
Qcells,Alice2018Test,S1_new_origins,144,full,24,Expanded B,Expanded A,0.31784569807503327,1.7557946751740678,-1.4379489770990346,-1.837241807848773,-1.1138833128183816,0.8189733101659382,0.7859687555338735,0.8538089530612621,24,24,527518,2000,2000,0,2000
Qcells,Alice2018Test,S1_new_origins,144,full,48,Original A,Daily,1.755794675174068,0.29803340217146124,1.4577612730026068,1.1311965806499185,1.8286019599228027,-4.8912681007612155,-9.672220858329059,-3.6659492298347076,12,12,527518,2000,2000,0,2000
Qcells,Alice2018Test,S1_new_origins,144,full,48,Original A,Last-value,1.755794675174068,3.0279035516842936,-1.2721088765102255,-1.7478786510438242,-0.7243083977678528,0.4201285988130651,0.2403406904444473,0.5744832178065961,12,12,527518,2000,2000,0,2000
Qcells,Alice2018Test,S1_new_origins,144,full,48,Expanded A,Daily,1.755794675174068,0.29803340217146124,1.4577612730026068,1.1311965806499185,1.8286019599228027,-4.8912681007612155,-9.672220858329059,-3.6659492298347076,12,12,527518,2000,2000,0,2000
Qcells,Alice2018Test,S1_new_origins,144,full,48,Expanded A,Last-value,1.755794675174068,3.0279035516842936,-1.2721088765102255,-1.7478786510438242,-0.7243083977678528,0.4201285988130651,0.2403406904444473,0.5744832178065961,12,12,527518,2000,2000,0,2000
Qcells,Alice2018Test,S1_new_origins,144,full,48,Original B,Daily,0.33947994208840576,0.29803340217146124,0.041446539916944525,0.02536749350423386,0.08296007948860518,-0.1390667610239873,-0.5717743352030987,-0.0560619035256378,12,12,527518,2000,2000,0,2000
Qcells,Alice2018Test,S1_new_origins,144,full,48,Original B,Last-value,0.33947994208840576,3.0279035516842936,-2.6884236095958878,-2.850846895938788,-2.5008754963717856,0.8878828416117919,0.834680681925718,0.9276119981506137,12,12,527518,2000,2000,0,2000
Qcells,Alice2018Test,S1_new_origins,144,full,48,Expanded B,Daily,0.3178456980750333,0.29803340217146124,0.019812295903572086,-0.018500160672844632,0.07961169066912055,-0.06647676320580298,-0.5513869889105013,0.03938303943871799,12,12,527518,2000,2000,0,2000
Qcells,Alice2018Test,S1_new_origins,144,full,48,Expanded B,Last-value,0.3178456980750333,3.0279035516842936,-2.71005785360926,-2.8487964096998355,-2.54535306788343,0.89502779971369,0.8493819246311728,0.927997490443233,12,12,527518,2000,2000,0,2000
Qcells,Alice2018Test,S1_new_origins,144,full,48,Inverted42,Daily,1.233555227597041,0.29803340217146124,0.9355218254255797,0.7302882991259334,1.2004162292318907,-3.1389831428604964,-7.4972349594858825,-1.857439696122253,12,12,527518,2000,2000,0,2000
Qcells,Alice2018Test,S1_new_origins,144,full,48,Inverted42,Last-value,1.233555227597041,3.0279035516842936,-1.7943483240872526,-2.086780159743178,-1.5019349509712283,0.5926041875042992,0.49566978588823957,0.6875333612265552,12,12,527518,2000,2000,0,2000
Qcells,Alice2018Test,S1_new_origins,144,full,48,Inverted43,Daily,1.2538114827881388,0.29803340217146124,0.9557780806166776,0.7534355385480104,1.2114689824229992,-3.206949535363859,-7.561853968453962,-1.9006661550181043,12,12,527518,2000,2000,0,2000
Qcells,Alice2018Test,S1_new_origins,144,full,48,Inverted43,Last-value,1.2538114827881388,3.0279035516842936,-1.7740920688961548,-2.068466658218758,-1.4785451076778715,0.5859143260720121,0.4876699019388036,0.6811158305052584,12,12,527518,2000,2000,0,2000
Qcells,Alice2018Test,S1_new_origins,144,full,48,Inverted44,Daily,1.231411588433715,0.29803340217146124,0.9333781862622537,0.7397078236642333,1.1814612981364292,-3.131790529053763,-7.343592747314679,-1.8666459326498013,12,12,527518,2000,2000,0,2000
Qcells,Alice2018Test,S1_new_origins,144,full,48,Inverted44,Last-value,1.231411588433715,3.0279035516842936,-1.7964919632505787,-2.080230489043486,-1.5049690929187565,0.593312149011902,0.4960810976195539,0.6857007789293371,12,12,527518,2000,2000,0,2000
Qcells,Alice2018Test,S1_new_origins,144,full,48,Inverted mean,Daily,1.2395927662729649,0.29803340217146124,0.9415593641015038,0.741756966793242,1.1960113544168207,-3.159241069092706,-7.475186325053667,-1.8718724646119564,12,12,527518,2000,2000,0,2000
Qcells,Alice2018Test,S1_new_origins,144,full,48,Inverted mean,Last-value,1.2395927662729649,3.0279035516842936,-1.7883107854113287,-2.078387106615295,-1.4975024682283045,0.5906102208627377,0.4925790168352072,0.685609412076504,12,12,527518,2000,2000,0,2000
Qcells,Alice2018Test,S1_new_origins,144,full,48,Inverted mean,Original B,1.2395927662729649,0.33947994208840576,0.9001128241845592,0.6867606688208446,1.1470477607202056,-2.651446264092257,-4.750986871684717,-1.689791735920373,12,12,527518,2000,2000,0,2000
Qcells,Alice2018Test,S1_new_origins,144,full,48,Inverted mean,Expanded B,1.2395927662729649,0.3178456980750333,0.9217470681979316,0.7027155190206478,1.1621644147891417,-2.8999828337470093,-4.7103149103391315,-1.9620557363876356,12,12,527518,2000,2000,0,2000
Qcells,Alice2018Test,S1_new_origins,144,full,48,Expanded B,Original B,0.3178456980750333,0.33947994208840576,-0.02163424401337244,-0.04585809597370786,0.003939200251423019,0.0637276060561438,-0.017265285312741258,0.09355282066626712,12,12,527518,2000,2000,0,2000
Qcells,Alice2018Test,S1_new_origins,144,full,48,Expanded B,Expanded A,0.3178456980750333,1.755794675174068,-1.4379489770990348,-1.841738231071847,-1.0663781081259283,0.8189733101659382,0.7905361639294193,0.8603299309189286,12,12,527518,2000,2000,0,2000
Qcells,Alice2018Test,S1_new_origins,144,full,72,Original A,Daily,1.7557946751740685,0.29803340217146124,1.4577612730026073,1.1854275912514416,1.8744140376444234,-4.891268100761217,-8.602691762976683,-3.9549225262146823,8,8,527518,2000,2000,0,2000
Qcells,Alice2018Test,S1_new_origins,144,full,72,Original A,Last-value,1.7557946751740685,3.027903551684294,-1.2721088765102255,-1.6946099976818283,-0.6767703314520558,0.4201285988130651,0.22491043477101402,0.5538156936598249,8,8,527518,2000,2000,0,2000
Qcells,Alice2018Test,S1_new_origins,144,full,72,Expanded A,Daily,1.7557946751740685,0.29803340217146124,1.4577612730026073,1.1854275912514416,1.8744140376444234,-4.891268100761217,-8.602691762976683,-3.9549225262146823,8,8,527518,2000,2000,0,2000
Qcells,Alice2018Test,S1_new_origins,144,full,72,Expanded A,Last-value,1.7557946751740685,3.027903551684294,-1.2721088765102255,-1.6946099976818283,-0.6767703314520558,0.4201285988130651,0.22491043477101402,0.5538156936598249,8,8,527518,2000,2000,0,2000
Qcells,Alice2018Test,S1_new_origins,144,full,72,Original B,Daily,0.3394799420884058,0.29803340217146124,0.04144653991694458,0.02755942409324436,0.07986832346655473,-0.13906676102398752,-0.53543937205441,-0.06135095714952796,8,8,527518,2000,2000,0,2000
Qcells,Alice2018Test,S1_new_origins,144,full,72,Original B,Last-value,0.3394799420884058,3.027903551684294,-2.688423609595888,-2.8558351206948878,-2.4943361743323162,0.8878828416117919,0.8352860245483411,0.9276714499104949,8,8,527518,2000,2000,0,2000
Qcells,Alice2018Test,S1_new_origins,144,full,72,Expanded B,Daily,0.3178456980750333,0.29803340217146124,0.019812295903572086,-0.0144255685965082,0.07257465349713024,-0.06647676320580298,-0.48941212710907694,0.02998479487309021,8,8,527518,2000,2000,0,2000
Qcells,Alice2018Test,S1_new_origins,144,full,72,Expanded B,Last-value,0.3178456980750333,3.027903551684294,-2.7100578536092605,-2.856984732861292,-2.538536143417631,0.89502779971369,0.849434381192156,0.9288086077072588,8,8,527518,2000,2000,0,2000
Qcells,Alice2018Test,S1_new_origins,144,full,72,Inverted42,Daily,1.2335552275970412,0.29803340217146124,0.9355218254255799,0.8362353270336029,1.0896288652738475,-3.1389831428604973,-6.087947160039106,-2.265853472887266,8,8,527518,2000,2000,0,2000
Qcells,Alice2018Test,S1_new_origins,144,full,72,Inverted42,Last-value,1.2335552275970412,3.027903551684294,-1.7943483240872529,-2.0353710513060483,-1.4596772020206776,0.5926041875042992,0.4852974091584759,0.6685370240492399,8,8,527518,2000,2000,0,2000
Qcells,Alice2018Test,S1_new_origins,144,full,72,Inverted43,Daily,1.2538114827881388,0.29803340217146124,0.9557780806166776,0.8609408575148277,1.1136140258667715,-3.206949535363859,-6.1615303115490265,-2.3100347240397374,8,8,527518,2000,2000,0,2000
Qcells,Alice2018Test,S1_new_origins,144,full,72,Inverted43,Last-value,1.2538114827881388,3.027903551684294,-1.7740920688961552,-2.0200114908170295,-1.437496692905029,0.5859143260720121,0.47706422933286197,0.6625656349099817,8,8,527518,2000,2000,0,2000
Qcells,Alice2018Test,S1_new_origins,144,full,72,Inverted44,Daily,1.231411588433715,0.29803340217146124,0.9333781862622537,0.8375429167884733,1.0890150480020033,-3.131790529053763,-6.01351614680736,-2.25224731433638,8,8,527518,2000,2000,0,2000
Qcells,Alice2018Test,S1_new_origins,144,full,72,Inverted44,Last-value,1.231411588433715,3.027903551684294,-1.7964919632505791,-2.0411421738838205,-1.4631505533904687,0.593312149011902,0.48467008354069513,0.6698477091088578,8,8,527518,2000,2000,0,2000
Qcells,Alice2018Test,S1_new_origins,144,full,72,Inverted mean,Daily,1.2395927662729649,0.29803340217146124,0.9415593641015038,0.8460028269174222,1.0983496740525065,-3.1592410690927064,-6.093149056923888,-2.274663860190966,8,8,527518,2000,2000,0,2000
Qcells,Alice2018Test,S1_new_origins,144,full,72,Inverted mean,Last-value,1.2395927662729649,3.027903551684294,-1.7883107854113292,-2.032343241237403,-1.4541150427803056,0.5906102208627377,0.4828628285127314,0.6662158625226183,8,8,527518,2000,2000,0,2000
Qcells,Alice2018Test,S1_new_origins,144,full,72,Inverted mean,Original B,1.2395927662729649,0.3394799420884058,0.9001128241845592,0.7804526791907139,1.0672091827100205,-2.651446264092256,-3.97775356021296,-2.069123011158712,8,8,527518,2000,2000,0,2000
Qcells,Alice2018Test,S1_new_origins,144,full,72,Inverted mean,Expanded B,1.2395927662729649,0.3178456980750333,0.9217470681979316,0.7834052688820544,1.1109305619022916,-2.89998283374701,-4.050924239015358,-2.3603664754861415,8,8,527518,2000,2000,0,2000
Qcells,Alice2018Test,S1_new_origins,144,full,72,Expanded B,Original B,0.3178456980750333,0.3394799420884058,-0.021634244013372494,-0.04427955360243191,0.001578450068281489,0.06372760605614392,-0.006826773330718122,0.08972363441884412,8,8,527518,2000,2000,0,2000
Qcells,Alice2018Test,S1_new_origins,144,full,72,Expanded B,Expanded A,0.3178456980750333,1.7557946751740685,-1.4379489770990352,-1.8870898477023514,-1.1262158231202963,0.8189733101659382,0.8033820311772684,0.8493394538676627,8,8,527518,2000,2000,0,2000
Qcells,Alice2018Test,S1_new_origins,144,power-active,24,Original A,Daily,1.7997921716745484,0.42871190229572564,1.3710802693788229,1.175542511906403,1.6173330190822788,-3.198139034714859,-6.360095471465496,-2.2050246139100955,24,24,254937,2000,2000,0,2000
Qcells,Alice2018Test,S1_new_origins,144,power-active,24,Original A,Last-value,1.7997921716745484,2.558952750077905,-0.7591605784033564,-1.0856454263651252,-0.39853388913536764,0.2966684626670987,0.15868953611538517,0.41574238965586374,24,24,254937,2000,2000,0,2000
Qcells,Alice2018Test,S1_new_origins,144,power-active,24,Expanded A,Daily,1.7997921716745484,0.42871190229572564,1.3710802693788229,1.175542511906403,1.6173330190822788,-3.198139034714859,-6.360095471465496,-2.2050246139100955,24,24,254937,2000,2000,0,2000
Qcells,Alice2018Test,S1_new_origins,144,power-active,24,Expanded A,Last-value,1.7997921716745484,2.558952750077905,-0.7591605784033564,-1.0856454263651252,-0.39853388913536764,0.2966684626670987,0.15868953611538517,0.41574238965586374,24,24,254937,2000,2000,0,2000
Qcells,Alice2018Test,S1_new_origins,144,power-active,24,Original B,Daily,0.3805243500976706,0.42871190229572564,-0.04818755219805504,-0.10544103371476211,0.025700681532466806,0.11240077996438558,-0.1153414781992762,0.18259823420053606,24,24,254937,2000,2000,0,2000
Qcells,Alice2018Test,S1_new_origins,144,power-active,24,Original B,Last-value,0.3805243500976706,2.558952750077905,-2.178428399980234,-2.3541647895554774,-1.9922230591412469,0.8512968439584959,0.7963213071341064,0.9029083530525871,24,24,254937,2000,2000,0,2000
Qcells,Alice2018Test,S1_new_origins,144,power-active,24,Expanded B,Daily,0.39136857278883813,0.42871190229572564,-0.03734332950688751,-0.09651285047268097,0.021406524790737815,0.08710588464401459,-0.09521730790295671,0.17506034457233996,24,24,254937,2000,2000,0,2000
Qcells,Alice2018Test,S1_new_origins,144,power-active,24,Expanded B,Last-value,0.39136857278883813,2.558952750077905,-2.1675841772890667,-2.354598539867305,-1.9720723027193419,0.8470590858792045,0.7852029059718677,0.9044619097047055,24,24,254937,2000,2000,0,2000
Qcells,Alice2018Test,S1_new_origins,144,power-active,24,Inverted42,Daily,1.4084592026248584,0.42871190229572564,0.9797473003291327,0.7904166427825092,1.2332932365963876,-2.285327967529352,-5.017282846193455,-1.456391394588183,24,24,254937,2000,2000,0,2000
Qcells,Alice2018Test,S1_new_origins,144,power-active,24,Inverted42,Last-value,1.4084592026248584,2.558952750077905,-1.1504935474530464,-1.445531059991075,-0.8295185854660128,0.4495954633855669,0.33374045114446543,0.5510390099542001,24,24,254937,2000,2000,0,2000
Qcells,Alice2018Test,S1_new_origins,144,power-active,24,Inverted43,Daily,1.4080016533170248,0.42871190229572564,0.9792897510212991,0.8003272948365385,1.2267023552375216,-2.2842607022974244,-4.968756846269883,-1.4640384256689365,24,24,254937,2000,2000,0,2000
Qcells,Alice2018Test,S1_new_origins,144,power-active,24,Inverted43,Last-value,1.4080016533170248,2.558952750077905,-1.15095109676088,-1.436265229843208,-0.8435685718755249,0.449774266729169,0.3370930993120987,0.5500033309050981,24,24,254937,2000,2000,0,2000
Qcells,Alice2018Test,S1_new_origins,144,power-active,24,Inverted44,Daily,1.4032916685437828,0.42871190229572564,0.9745797662480572,0.80877911126322,1.2092734321688725,-2.2732743388491037,-4.923093739126137,-1.4626214093793004,24,24,254937,2000,2000,0,2000
Qcells,Alice2018Test,S1_new_origins,144,power-active,24,Inverted44,Last-value,1.4032916685437828,2.558952750077905,-1.155661081534122,-1.4329279796597092,-0.8503461296449404,0.4516148574837652,0.3408258679398718,0.5479525147021899,24,24,254937,2000,2000,0,2000
Qcells,Alice2018Test,S1_new_origins,144,power-active,24,Inverted mean,Daily,1.406584174828555,0.42871190229572564,0.9778722725328297,0.8006675214782176,1.2243261012143296,-2.2809543362252938,-4.960935716702813,-1.4595878137096765,24,24,254937,2000,2000,0,2000
Qcells,Alice2018Test,S1_new_origins,144,power-active,24,Inverted mean,Last-value,1.406584174828555,2.558952750077905,-1.1523685752493495,-1.4364309472477292,-0.8420718012012564,0.45032819586616696,0.3381161607308296,0.5488997283037589,24,24,254937,2000,2000,0,2000
Qcells,Alice2018Test,S1_new_origins,144,power-active,24,Inverted mean,Original B,1.406584174828555,0.3805243500976706,1.0260598247308848,0.8454242674496224,1.242950670727187,-2.69643670495074,-4.5497300435546535,-1.8869252265536502,24,24,254937,2000,2000,0,2000
Qcells,Alice2018Test,S1_new_origins,144,power-active,24,Inverted mean,Expanded B,1.406584174828555,0.39136857278883813,1.0152156020397172,0.8324098435800191,1.2385586764117442,-2.594014115148367,-4.651182208551999,-1.7341337504283656,24,24,254937,2000,2000,0,2000
Qcells,Alice2018Test,S1_new_origins,144,power-active,24,Expanded B,Original B,0.39136857278883813,0.3805243500976706,0.010844222691167527,-0.008166232935500952,0.03215403015369164,-0.02849810449287693,-0.06976357171554981,0.02975851068925437,24,24,254937,2000,2000,0,2000
Qcells,Alice2018Test,S1_new_origins,144,power-active,24,Expanded B,Expanded A,0.39136857278883813,1.7997921716745484,-1.4084235988857103,-1.641081091095653,-1.210581023708202,0.78254790805946,0.7270938699840265,0.857615542451873,24,24,254937,2000,2000,0,2000
Qcells,Alice2018Test,S1_new_origins,144,power-active,48,Original A,Daily,1.7997921716745484,0.42871190229572564,1.3710802693788229,1.1292626374755133,1.668350344307245,-3.198139034714859,-7.211773025934874,-2.0267407115735994,12,12,254937,2000,2000,0,2000
Qcells,Alice2018Test,S1_new_origins,144,power-active,48,Original A,Last-value,1.7997921716745484,2.558952750077905,-0.7591605784033564,-1.1819440039682536,-0.28988005664102356,0.2966684626670987,0.11725854158758224,0.4527815227561177,12,12,254937,2000,2000,0,2000
Qcells,Alice2018Test,S1_new_origins,144,power-active,48,Expanded A,Daily,1.7997921716745484,0.42871190229572564,1.3710802693788229,1.1292626374755133,1.668350344307245,-3.198139034714859,-7.211773025934874,-2.0267407115735994,12,12,254937,2000,2000,0,2000
Qcells,Alice2018Test,S1_new_origins,144,power-active,48,Expanded A,Last-value,1.7997921716745484,2.558952750077905,-0.7591605784033564,-1.1819440039682536,-0.28988005664102356,0.2966684626670987,0.11725854158758224,0.4527815227561177,12,12,254937,2000,2000,0,2000
Qcells,Alice2018Test,S1_new_origins,144,power-active,48,Original B,Daily,0.3805243500976706,0.42871190229572564,-0.04818755219805504,-0.11566226461492793,0.036606315417615165,0.11240077996438558,-0.17289881883203315,0.1713444380211327,12,12,254937,2000,2000,0,2000
Qcells,Alice2018Test,S1_new_origins,144,power-active,48,Original B,Last-value,0.3805243500976706,2.558952750077905,-2.178428399980234,-2.396469651101236,-1.9488412010763474,0.8512968439584959,0.7760649638151701,0.9087487083216579,12,12,254937,2000,2000,0,2000
Qcells,Alice2018Test,S1_new_origins,144,power-active,48,Expanded B,Daily,0.3913685727888381,0.42871190229572564,-0.03734332950688757,-0.0879294346251628,0.032803239405071516,0.0871058846440147,-0.15625959439582038,0.13033511657083224,12,12,254937,2000,2000,0,2000
Qcells,Alice2018Test,S1_new_origins,144,power-active,48,Expanded B,Last-value,0.3913685727888381,2.558952750077905,-2.1675841772890667,-2.399730081436961,-1.9207040249719962,0.8470590858792046,0.7648616588953451,0.9097885004418479,12,12,254937,2000,2000,0,2000
Qcells,Alice2018Test,S1_new_origins,144,power-active,48,Inverted42,Daily,1.4084592026248581,0.42871190229572564,0.9797473003291325,0.7292664803162053,1.3233877309581492,-2.2853279675293514,-5.8283504519641784,-1.259985954773594,12,12,254937,2000,2000,0,2000
Qcells,Alice2018Test,S1_new_origins,144,power-active,48,Inverted42,Last-value,1.4084592026248581,2.558952750077905,-1.1504935474530467,-1.5346199161468834,-0.7388225929829321,0.449595463385567,0.2985353613292397,0.5864885484080117,12,12,254937,2000,2000,0,2000
Qcells,Alice2018Test,S1_new_origins,144,power-active,48,Inverted43,Daily,1.4080016533170245,0.42871190229572564,0.9792897510212989,0.7450572823893068,1.3047944036268408,-2.284260702297424,-5.71663698169757,-1.2581993300571412,12,12,254937,2000,2000,0,2000
Qcells,Alice2018Test,S1_new_origins,144,power-active,48,Inverted43,Last-value,1.4080016533170245,2.558952750077905,-1.1509510967608803,-1.5199917586198592,-0.7538676966553296,0.4497742667291691,0.3031882974459023,0.5813321686546378,12,12,254937,2000,2000,0,2000
Qcells,Alice2018Test,S1_new_origins,144,power-active,48,Inverted44,Daily,1.4032916685437828,0.42871190229572564,0.9745797662480572,0.7517883519504626,1.2849479607245187,-2.2732743388491037,-5.651834500096031,-1.265864127724727,12,12,254937,2000,2000,0,2000
Qcells,Alice2018Test,S1_new_origins,144,power-active,48,Inverted44,Last-value,1.4032916685437828,2.558952750077905,-1.155661081534122,-1.513661573661769,-0.7674329524068665,0.4516148574837652,0.3092465773678986,0.5786846240522053,12,12,254937,2000,2000,0,2000
Qcells,Alice2018Test,S1_new_origins,144,power-active,48,Inverted mean,Daily,1.406584174828555,0.42871190229572564,0.9778722725328296,0.7432455766280797,1.3043605188522416,-2.280954336225293,-5.720249935507766,-1.260822364371898,12,12,254937,2000,2000,0,2000
Qcells,Alice2018Test,S1_new_origins,144,power-active,48,Inverted mean,Last-value,1.406584174828555,2.558952750077905,-1.1523685752493495,-1.5190994810564438,-0.7522195378220042,0.4503281958661671,0.30354617569772074,0.5816229968529684,12,12,254937,2000,2000,0,2000
Qcells,Alice2018Test,S1_new_origins,144,power-active,48,Inverted mean,Original B,1.406584174828555,0.3805243500976706,1.0260598247308845,0.7862947717702817,1.3104016875754916,-2.6964367049507394,-4.974505358744251,-1.7033815366202523,12,12,254937,2000,2000,0,2000
Qcells,Alice2018Test,S1_new_origins,144,power-active,48,Inverted mean,Expanded B,1.406584174828555,0.3913685727888381,1.0152156020397172,0.7833539184801469,1.3061909927977173,-2.594014115148367,-5.047277790935165,-1.5750560670194724,12,12,254937,2000,2000,0,2000
Qcells,Alice2018Test,S1_new_origins,144,power-active,48,Expanded B,Original B,0.3913685727888381,0.3805243500976706,0.010844222691167471,-0.010730189732029865,0.028647691472089676,-0.02849810449287693,-0.05158915610118449,0.03891066963147735,12,12,254937,2000,2000,0,2000
Qcells,Alice2018Test,S1_new_origins,144,power-active,48,Expanded B,Expanded A,0.3913685727888381,1.7997921716745484,-1.4084235988857103,-1.7106271917660567,-1.1370106776001485,0.78254790805946,0.7110551914629727,0.8645515254411166,12,12,254937,2000,2000,0,2000
Qcells,Alice2018Test,S1_new_origins,144,power-active,72,Original A,Daily,1.7997921716745477,0.4287119022957256,1.3710802693788222,1.2096004136407315,1.5914466064376642,-3.198139034714858,-6.399058846389486,-2.266344938476587,8,8,254937,2000,2000,0,2000
Qcells,Alice2018Test,S1_new_origins,144,power-active,72,Original A,Last-value,1.7997921716745477,2.5589527500779052,-0.7591605784033575,-1.1358419152278276,-0.2667232187052363,0.296668462667099,0.10377196405326415,0.4350685217985025,8,8,254937,2000,2000,0,2000
Qcells,Alice2018Test,S1_new_origins,144,power-active,72,Expanded A,Daily,1.7997921716745477,0.4287119022957256,1.3710802693788222,1.2096004136407315,1.5914466064376642,-3.198139034714858,-6.399058846389486,-2.266344938476587,8,8,254937,2000,2000,0,2000
Qcells,Alice2018Test,S1_new_origins,144,power-active,72,Expanded A,Last-value,1.7997921716745477,2.5589527500779052,-0.7591605784033575,-1.1358419152278276,-0.2667232187052363,0.296668462667099,0.10377196405326415,0.4350685217985025,8,8,254937,2000,2000,0,2000
Qcells,Alice2018Test,S1_new_origins,144,power-active,72,Original B,Daily,0.38052435009767066,0.4287119022957256,-0.04818755219805493,-0.11335932046932173,0.029816120944591913,0.11240077996438536,-0.1389570935797016,0.16871084293408256,8,8,254937,2000,2000,0,2000
Qcells,Alice2018Test,S1_new_origins,144,power-active,72,Original B,Last-value,0.38052435009767066,2.5589527500779052,-2.1784283999802345,-2.3863602966498587,-1.9408218520440372,0.8512968439584959,0.7751105066437813,0.9084815362572085,8,8,254937,2000,2000,0,2000
Qcells,Alice2018Test,S1_new_origins,144,power-active,72,Expanded B,Daily,0.3913685727888381,0.4287119022957256,-0.03734332950688751,-0.08427727655301699,0.022941565633863414,0.08710588464401459,-0.10633631418356844,0.12533049603919633,8,8,254937,2000,2000,0,2000
Qcells,Alice2018Test,S1_new_origins,144,power-active,72,Expanded B,Last-value,0.3913685727888381,2.5589527500779052,-2.167584177289067,-2.391735937877484,-1.9143393451443997,0.8470590858792046,0.7627505903960136,0.9097158718164515,8,8,254937,2000,2000,0,2000
Qcells,Alice2018Test,S1_new_origins,144,power-active,72,Inverted42,Daily,1.4084592026248584,0.4287119022957256,0.9797473003291328,0.8866797056664595,1.106597533118071,-2.2853279675293523,-4.685253971790482,-1.585360924279498,8,8,254937,2000,2000,0,2000
Qcells,Alice2018Test,S1_new_origins,144,power-active,72,Inverted42,Last-value,1.4084592026248584,2.5589527500779052,-1.1504935474530469,-1.4785741376011645,-0.738733763756415,0.449595463385567,0.2935545622235165,0.5609238517098785,8,8,254937,2000,2000,0,2000
Qcells,Alice2018Test,S1_new_origins,144,power-active,72,Inverted43,Daily,1.4080016533170245,0.4287119022957256,0.979289751021299,0.8880218064410275,1.11761864486497,-2.2842607022974244,-4.692801104061761,-1.5691540098732741,8,8,254937,2000,2000,0,2000
Qcells,Alice2018Test,S1_new_origins,144,power-active,72,Inverted43,Last-value,1.4080016533170245,2.5589527500779052,-1.1509510967608807,-1.4796822550722797,-0.7380115386995773,0.4497742667291692,0.2947953075922154,0.561154477161652,8,8,254937,2000,2000,0,2000
Qcells,Alice2018Test,S1_new_origins,144,power-active,72,Inverted44,Daily,1.4032916685437828,0.4287119022957256,0.9745797662480573,0.8898893697191931,1.1154821025788353,-2.273274338849104,-4.69703264755302,-1.5519969355667516,8,8,254937,2000,2000,0,2000
Qcells,Alice2018Test,S1_new_origins,144,power-active,72,Inverted44,Last-value,1.4032916685437828,2.5589527500779052,-1.1556610815341224,-1.47623202114933,-0.7482171260229246,0.4516148574837653,0.30009554020390183,0.563222469053076,8,8,254937,2000,2000,0,2000
Qcells,Alice2018Test,S1_new_origins,144,power-active,72,Inverted mean,Daily,1.406584174828555,0.4287119022957256,0.9778722725328297,0.8890015837078432,1.1119874659415128,-2.2809543362252938,-4.6890909844706385,-1.5706704829446472,8,8,254937,2000,2000,0,2000
Qcells,Alice2018Test,S1_new_origins,144,power-active,72,Inverted mean,Last-value,1.406584174828555,2.5589527500779052,-1.15236857524935,-1.4812024140359579,-0.7413078194750206,0.4503281958661671,0.29538335793533,0.5613901984723322,8,8,254937,2000,2000,0,2000
Qcells,Alice2018Test,S1_new_origins,144,power-active,72,Inverted mean,Original B,1.406584174828555,0.38052435009767066,1.0260598247308845,0.8851796277798779,1.2063600267070402,-2.6964367049507394,-4.293950018918358,-2.0663916585352555,8,8,254937,2000,2000,0,2000
Qcells,Alice2018Test,S1_new_origins,144,power-active,72,Inverted mean,Expanded B,1.406584174828555,0.3913685727888381,1.0152156020397172,0.8890964478050597,1.1809455024812794,-2.5940141151483673,-4.368811138337735,-1.9258156181973307,8,8,254937,2000,2000,0,2000
Qcells,Alice2018Test,S1_new_origins,144,power-active,72,Expanded B,Original B,0.3913685727888381,0.38052435009767066,0.010844222691167416,-0.009201594233037605,0.029100408876955974,-0.028498104492876708,-0.0527189395292298,0.03489006631674326,8,8,254937,2000,2000,0,2000
Qcells,Alice2018Test,S1_new_origins,144,power-active,72,Expanded B,Expanded A,0.3913685727888381,1.7997921716745477,-1.4084235988857097,-1.6702169115642063,-1.2020017942518688,0.78254790805946,0.731364221731333,0.8553613934298094,8,8,254937,2000,2000,0,2000
Qcells,Alice2018Test,S1_new_origins,144,low-power,24,Original A,Daily,1.7136230877438459,0.0011274256804494715,1.7124956620633964,1.2006491376445148,2.391001566364936,-1518.943280927107,-2290.133811167396,-988.6761839934755,24,24,272581,2000,2000,0,2000
Qcells,Alice2018Test,S1_new_origins,144,low-power,24,Original A,Last-value,1.7136230877438459,3.408602678035214,-1.694979590291368,-2.22613626963327,-1.00021092652757,0.4972652287148902,0.29546090306142986,0.6473517083569587,24,24,272581,2000,2000,0,2000
Qcells,Alice2018Test,S1_new_origins,144,low-power,24,Expanded A,Daily,1.7136230877438459,0.0011274256804494715,1.7124956620633964,1.2006491376445148,2.391001566364936,-1518.943280927107,-2290.133811167396,-988.6761839934755,24,24,272581,2000,2000,0,2000
Qcells,Alice2018Test,S1_new_origins,144,low-power,24,Expanded A,Last-value,1.7136230877438459,3.408602678035214,-1.694979590291368,-2.22613626963327,-1.00021092652757,0.4972652287148902,0.29546090306142986,0.6473517083569587,24,24,272581,2000,2000,0,2000
Qcells,Alice2018Test,S1_new_origins,144,low-power,24,Original B,Daily,0.29598542798737404,0.0011274256804494715,0.29485800230692455,0.1999436133027289,0.4290585125178192,-261.5320969000576,-410.3795794937841,-157.30545796836984,24,24,272581,2000,2000,0,2000
Qcells,Alice2018Test,S1_new_origins,144,low-power,24,Original B,Last-value,0.29598542798737404,3.408602678035214,-3.11261725004784,-3.3045083110222873,-2.905011062953596,0.9131651717888147,0.8738371982911249,0.9418880997225044,24,24,272581,2000,2000,0,2000
Qcells,Alice2018Test,S1_new_origins,144,low-power,24,Expanded B,Daily,0.22859927948650102,0.0011274256804494715,0.22747185380605156,0.20103592488331318,0.26775269256510115,-201.76217177824546,-263.4753686784811,-157.4777872187396,24,24,272581,2000,2000,0,2000
Qcells,Alice2018Test,S1_new_origins,144,low-power,24,Expanded B,Last-value,0.22859927948650102,3.408602678035214,-3.180003398548713,-3.3063536962012834,-3.048498780292309,0.9329346066176682,0.9203496656126301,0.9410495246168614,24,24,272581,2000,2000,0,2000
Qcells,Alice2018Test,S1_new_origins,144,low-power,24,Inverted42,Daily,1.0437772969276267,0.0011274256804494715,1.0426498712471772,0.860281817365373,1.2371588171382146,-924.8058557895392,-1224.0598864159388,-714.6450476288552,24,24,272581,2000,2000,0,2000
Qcells,Alice2018Test,S1_new_origins,144,low-power,24,Inverted42,Last-value,1.0437772969276267,3.408602678035214,-2.364825381107587,-2.573502215638917,-2.1601213077845083,0.6937814713185402,0.6388550841440678,0.7482162103890241,24,24,272581,2000,2000,0,2000
Qcells,Alice2018Test,S1_new_origins,144,low-power,24,Inverted43,Daily,1.0900387137029826,0.0011274256804494715,1.0889112880225331,0.889925550996319,1.3025958869640208,-965.8386418769671,-1286.594523577222,-739.5427793090939,24,24,272581,2000,2000,0,2000
Qcells,Alice2018Test,S1_new_origins,144,low-power,24,Inverted43,Last-value,1.0900387137029826,3.408602678035214,-2.318563964332231,-2.5435319111961414,-2.0981599142555725,0.6802095120305126,0.6178493545387693,0.7397891910803079,24,24,272581,2000,2000,0,2000
Qcells,Alice2018Test,S1_new_origins,144,low-power,24,Inverted44,Daily,1.0453871957629994,0.0011274256804494715,1.04425977008255,0.8446257229099238,1.2562985525520114,-926.2337981038663,-1238.1838273777187,-707.1767638296991,24,24,272581,2000,2000,0,2000
Qcells,Alice2018Test,S1_new_origins,144,low-power,24,Inverted44,Last-value,1.0453871957629994,3.408602678035214,-2.3632154822722145,-2.5844738237671336,-2.1425736842140877,0.6933091666859861,0.631610156472022,0.7525573852386267,24,24,272581,2000,2000,0,2000
Qcells,Alice2018Test,S1_new_origins,144,low-power,24,Inverted mean,Daily,1.059734402131203,0.0011274256804494715,1.0586069764507535,0.8650491891318268,1.2650927272582768,-938.9594319234575,-1252.4173428846934,-723.832775303803,24,24,272581,2000,2000,0,2000
Qcells,Alice2018Test,S1_new_origins,144,low-power,24,Inverted mean,Last-value,1.059734402131203,3.408602678035214,-2.3488682759040107,-2.5654787865884177,-2.132581785404107,0.6891000500116796,0.6289437051196876,0.7466117513111292,24,24,272581,2000,2000,0,2000
Qcells,Alice2018Test,S1_new_origins,144,low-power,24,Inverted mean,Original B,1.059734402131203,0.29598542798737404,0.7637489741438288,0.6094530712714918,0.9443551716141291,-2.5803600512941753,-4.339251817605694,-1.6504846049401245,24,24,272581,2000,2000,0,2000
Qcells,Alice2018Test,S1_new_origins,144,low-power,24,Inverted mean,Expanded B,1.059734402131203,0.22859927948650102,0.8311351226447018,0.6576006412852201,1.0142628751805116,-3.6357731507801234,-4.317638273431575,-3.042966012569452,24,24,272581,2000,2000,0,2000
Qcells,Alice2018Test,S1_new_origins,144,low-power,24,Expanded B,Original B,0.22859927948650102,0.29598542798737404,-0.06738614850087302,-0.16115218797764322,0.006676526038667822,0.2276671150977998,-0.033316405546484414,0.3809720147446818,24,24,272581,2000,2000,0,2000
Qcells,Alice2018Test,S1_new_origins,144,low-power,24,Expanded B,Expanded A,0.22859927948650102,1.7136230877438459,-1.4850238082573448,-2.1268547369001762,-0.9947273058835885,0.8665988564687964,0.8289738840722395,0.8891453337854768,24,24,272581,2000,2000,0,2000
Qcells,Alice2018Test,S1_new_origins,144,low-power,48,Original A,Daily,1.7136230877438463,0.0011274256804494722,1.7124956620633969,1.1618897893609765,2.3934121114346882,-1518.9432809271066,-2240.711725945076,-992.8857654551091,12,12,272581,2000,2000,0,2000
Qcells,Alice2018Test,S1_new_origins,144,low-power,48,Original A,Last-value,1.7136230877438463,3.4086026780352143,-1.694979590291368,-2.252558683001554,-1.0002264168757713,0.4972652287148902,0.2982835212069308,0.6583301455940119,12,12,272581,2000,2000,0,2000
Qcells,Alice2018Test,S1_new_origins,144,low-power,48,Expanded A,Daily,1.7136230877438463,0.0011274256804494722,1.7124956620633969,1.1618897893609765,2.3934121114346882,-1518.9432809271066,-2240.711725945076,-992.8857654551091,12,12,272581,2000,2000,0,2000
Qcells,Alice2018Test,S1_new_origins,144,low-power,48,Expanded A,Last-value,1.7136230877438463,3.4086026780352143,-1.694979590291368,-2.252558683001554,-1.0002264168757713,0.4972652287148902,0.2982835212069308,0.6583301455940119,12,12,272581,2000,2000,0,2000
Qcells,Alice2018Test,S1_new_origins,144,low-power,48,Original B,Daily,0.2959854279873741,0.0011274256804494722,0.2948580023069246,0.1950000947696687,0.4310463152315042,-261.5320969000575,-404.7938531582298,-156.46151843740486,12,12,272581,2000,2000,0,2000
Qcells,Alice2018Test,S1_new_origins,144,low-power,48,Original B,Last-value,0.2959854279873741,3.4086026780352143,-3.1126172500478404,-3.350592612836395,-2.8970741998927285,0.9131651717888146,0.8732085596273816,0.9437714338469091,12,12,272581,2000,2000,0,2000
Qcells,Alice2018Test,S1_new_origins,144,low-power,48,Expanded B,Daily,0.22859927948650105,0.0011274256804494722,0.2274718538060516,0.1978834315982345,0.27134731479805024,-201.76217177824537,-262.3157999871048,-160.58732144357236,12,12,272581,2000,2000,0,2000
Qcells,Alice2018Test,S1_new_origins,144,low-power,48,Expanded B,Last-value,0.22859927948650105,3.4086026780352143,-3.1800033985487133,-3.3426368483814386,-3.019140151098052,0.9329346066176682,0.919936054510526,0.9419976679169674,12,12,272581,2000,2000,0,2000
Qcells,Alice2018Test,S1_new_origins,144,low-power,48,Inverted42,Daily,1.0437772969276269,0.0011274256804494722,1.0426498712471775,0.808372143117184,1.2958356499280796,-924.8058557895389,-1239.3176353119582,-693.139616932597,12,12,272581,2000,2000,0,2000
Qcells,Alice2018Test,S1_new_origins,144,low-power,48,Inverted42,Last-value,1.0437772969276269,3.4086026780352143,-2.3648253811075874,-2.624553861562182,-2.115354229222551,0.6937814713185402,0.6238140635334528,0.7630840590930215,12,12,272581,2000,2000,0,2000
Qcells,Alice2018Test,S1_new_origins,144,low-power,48,Inverted43,Daily,1.0900387137029826,0.0011274256804494722,1.0889112880225331,0.8400454634994049,1.358877394742735,-965.8386418769666,-1301.73200991909,-727.5495355330571,12,12,272581,2000,2000,0,2000
Qcells,Alice2018Test,S1_new_origins,144,low-power,48,Inverted43,Last-value,1.0900387137029826,3.4086026780352143,-2.318563964332232,-2.5925750531444836,-2.059561873352154,0.6802095120305127,0.605995697787911,0.7533929150032774,12,12,272581,2000,2000,0,2000
Qcells,Alice2018Test,S1_new_origins,144,low-power,48,Inverted44,Daily,1.0453871957629992,0.0011274256804494722,1.0442597700825498,0.7976422201905393,1.3131234291840848,-926.2337981038656,-1250.8629657366084,-689.9854148342578,12,12,272581,2000,2000,0,2000
Qcells,Alice2018Test,S1_new_origins,144,low-power,48,Inverted44,Last-value,1.0453871957629992,3.4086026780352143,-2.3632154822722153,-2.6321566820639135,-2.1066705776067147,0.6933091666859861,0.6199391185331887,0.7661362857801483,12,12,272581,2000,2000,0,2000
Qcells,Alice2018Test,S1_new_origins,144,low-power,48,Inverted mean,Daily,1.059734402131203,0.0011274256804494722,1.0586069764507535,0.8137345967620838,1.3219199845368892,-938.959431923457,-1263.7505650912979,-703.346857068511,12,12,272581,2000,2000,0,2000
Qcells,Alice2018Test,S1_new_origins,144,low-power,48,Inverted mean,Last-value,1.059734402131203,3.4086026780352143,-2.3488682759040116,-2.6164289910078598,-2.094754348205019,0.6891000500116796,0.6167127338040067,0.7605875481744274,12,12,272581,2000,2000,0,2000
Qcells,Alice2018Test,S1_new_origins,144,low-power,48,Inverted mean,Original B,1.059734402131203,0.2959854279873741,0.7637489741438287,0.5719282272543584,0.9762378530183714,-2.5803600512941745,-4.613826223928018,-1.6551492326875845,12,12,272581,2000,2000,0,2000
Qcells,Alice2018Test,S1_new_origins,144,low-power,48,Inverted mean,Expanded B,1.059734402131203,0.22859927948650105,0.8311351226447018,0.6098577766708799,1.0618381946176099,-3.635773150780123,-4.4105198400506245,-2.8539608493947686,12,12,272581,2000,2000,0,2000
Qcells,Alice2018Test,S1_new_origins,144,low-power,48,Expanded B,Original B,0.22859927948650105,0.2959854279873741,-0.06738614850087304,-0.1625210023404862,0.010461040583698124,0.2276671150977998,-0.05214347098397577,0.3789929647478466,12,12,272581,2000,2000,0,2000
Qcells,Alice2018Test,S1_new_origins,144,low-power,48,Expanded B,Expanded A,0.22859927948650105,1.7136230877438463,-1.4850238082573453,-2.125592794709197,-0.9613057456060797,0.8665988564687964,0.8252248328954174,0.8871291309528822,12,12,272581,2000,2000,0,2000
Qcells,Alice2018Test,S1_new_origins,144,low-power,72,Original A,Daily,1.7136230877438463,0.0011274256804494746,1.7124956620633969,1.2334262891338326,2.4370378506943267,-1518.9432809271032,-2226.5449862921255,-1017.8895347157676,8,8,272581,2000,2000,0,2000
Qcells,Alice2018Test,S1_new_origins,144,low-power,72,Original A,Last-value,1.7136230877438463,3.4086026780352148,-1.6949795902913685,-2.283312155691277,-0.9488429075945999,0.4972652287148902,0.2859075812483283,0.6453308235479023,8,8,272581,2000,2000,0,2000
Qcells,Alice2018Test,S1_new_origins,144,low-power,72,Expanded A,Daily,1.7136230877438463,0.0011274256804494746,1.7124956620633969,1.2334262891338326,2.4370378506943267,-1518.9432809271032,-2226.5449862921255,-1017.8895347157676,8,8,272581,2000,2000,0,2000
Qcells,Alice2018Test,S1_new_origins,144,low-power,72,Expanded A,Last-value,1.7136230877438463,3.4086026780352148,-1.6949795902913685,-2.283312155691277,-0.9488429075945999,0.4972652287148902,0.2859075812483283,0.6453308235479023,8,8,272581,2000,2000,0,2000
Qcells,Alice2018Test,S1_new_origins,144,low-power,72,Original B,Daily,0.2959854279873741,0.0011274256804494746,0.2948580023069246,0.1944160477581249,0.4324051898579011,-261.53209690005696,-392.65575243217063,-163.15803599587298,8,8,272581,2000,2000,0,2000
Qcells,Alice2018Test,S1_new_origins,144,low-power,72,Original B,Last-value,0.2959854279873741,3.4086026780352148,-3.112617250047841,-3.3458817910707497,-2.9012789157103778,0.9131651717888147,0.8728755008999054,0.9440280933618145,8,8,272581,2000,2000,0,2000
Qcells,Alice2018Test,S1_new_origins,144,low-power,72,Expanded B,Daily,0.22859927948650102,0.0011274256804494746,0.22747185380605156,0.1964440531406061,0.27435202488546717,-201.76217177824492,-250.97086400351375,-164.09231492530753,8,8,272581,2000,2000,0,2000
Qcells,Alice2018Test,S1_new_origins,144,low-power,72,Expanded B,Last-value,0.22859927948650102,3.4086026780352148,-3.1800033985487137,-3.347645270002952,-3.0218186420142485,0.9329346066176682,0.918501525221234,0.9433622667500434,8,8,272581,2000,2000,0,2000
Qcells,Alice2018Test,S1_new_origins,144,low-power,72,Inverted42,Daily,1.0437772969276264,0.0011274256804494746,1.042649871247177,0.8428128004749602,1.3216250428645908,-924.8058557895366,-1204.005624817834,-705.6435062847931,8,8,272581,2000,2000,0,2000
Qcells,Alice2018Test,S1_new_origins,144,low-power,72,Inverted42,Last-value,1.0437772969276264,3.4086026780352148,-2.3648253811075883,-2.649462347079423,-2.036861294210317,0.6937814713185404,0.6107517638303569,0.7558195543827132,8,8,272581,2000,2000,0,2000
Qcells,Alice2018Test,S1_new_origins,144,low-power,72,Inverted43,Daily,1.0900387137029826,0.0011274256804494746,1.0889112880225331,0.8732018315213531,1.3803948430069692,-965.8386418769645,-1260.0126034539335,-730.4421880983433,8,8,272581,2000,2000,0,2000
Qcells,Alice2018Test,S1_new_origins,144,low-power,72,Inverted43,Last-value,1.0900387137029826,3.4086026780352148,-2.318563964332232,-2.622914105173524,-1.9757162061148148,0.6802095120305127,0.5916726912310597,0.7473608214947038,8,8,272581,2000,2000,0,2000
Qcells,Alice2018Test,S1_new_origins,144,low-power,72,Inverted44,Daily,1.0453871957629994,0.0011274256804494746,1.04425977008255,0.8280961734017521,1.3322686611302454,-926.2337981038638,-1214.5648801662514,-697.1299116437381,8,8,272581,2000,2000,0,2000
Qcells,Alice2018Test,S1_new_origins,144,low-power,72,Inverted44,Last-value,1.0453871957629994,3.4086026780352148,-2.3632154822722153,-2.6548459851410935,-2.0262221319130096,0.6933091666859861,0.6064073624609725,0.7588712210755547,8,8,272581,2000,2000,0,2000
Qcells,Alice2018Test,S1_new_origins,144,low-power,72,Inverted mean,Daily,1.0597344021312027,0.0011274256804494746,1.0586069764507533,0.8488212748728571,1.3453706447228975,-938.9594319234551,-1226.0409617760336,-712.3249211198727,8,8,272581,2000,2000,0,2000
Qcells,Alice2018Test,S1_new_origins,144,low-power,72,Inverted mean,Last-value,1.0597344021312027,3.4086026780352148,-2.348868275904012,-2.641395158568451,-2.0155921847181095,0.6891000500116796,0.6030069213570707,0.7537393682932418,8,8,272581,2000,2000,0,2000
Qcells,Alice2018Test,S1_new_origins,144,low-power,72,Inverted mean,Original B,1.0597344021312027,0.2959854279873741,0.7637489741438287,0.6348806728795576,0.9224000592931356,-2.5803600512941745,-3.9295592542163167,-2.0209391994055745,8,8,272581,2000,2000,0,2000
Qcells,Alice2018Test,S1_new_origins,144,low-power,72,Inverted mean,Expanded B,1.0597344021312027,0.22859927948650102,0.8311351226447018,0.6434770199339727,1.077067109763509,-3.6357731507801234,-4.050094519734346,-3.0903986622306667,8,8,272581,2000,2000,0,2000
Qcells,Alice2018Test,S1_new_origins,144,low-power,72,Expanded B,Original B,0.22859927948650102,0.2959854279873741,-0.06738614850087307,-0.1586720817796427,0.006726435941433376,0.2276671150977999,-0.033278729411728374,0.3680319314804972,8,8,272581,2000,2000,0,2000
Qcells,Alice2018Test,S1_new_origins,144,low-power,72,Expanded B,Expanded A,0.22859927948650102,1.7136230877438463,-1.4850238082573453,-2.161824269450413,-1.028640587031727,0.8665988564687965,0.831096683889691,0.888197565570476,8,8,272581,2000,2000,0,2000
Qcells,Alice2018Test,S2_new_origins,144,full,24,Original A,Daily,1.7553007507897216,0.297831913456148,1.4574688373335736,1.1406116407622078,1.8614276800355285,-4.893595251162255,-8.562656436294352,-3.369483014018424,24,24,528232,2000,2000,0,2000
Qcells,Alice2018Test,S2_new_origins,144,full,24,Original A,Last-value,1.7553007507897216,3.0275580263847828,-1.2722572755950612,-1.6707324267943213,-0.7545386717834209,0.4202255628158077,0.2504001787443599,0.5511000282443198,24,24,528232,2000,2000,0,2000
Qcells,Alice2018Test,S2_new_origins,144,full,24,Expanded A,Daily,1.7553007507897216,0.297831913456148,1.4574688373335736,1.1406116407622078,1.8614276800355285,-4.893595251162255,-8.562656436294352,-3.369483014018424,24,24,528232,2000,2000,0,2000
Qcells,Alice2018Test,S2_new_origins,144,full,24,Expanded A,Last-value,1.7553007507897216,3.0275580263847828,-1.2722572755950612,-1.6707324267943213,-0.7545386717834209,0.4202255628158077,0.2504001787443599,0.5511000282443198,24,24,528232,2000,2000,0,2000
Qcells,Alice2018Test,S2_new_origins,144,full,24,Original B,Daily,0.3393095858092701,0.297831913456148,0.04147767235312211,-0.021721808290387442,0.09109146841537415,-0.13926537244380688,-0.4626350074355668,0.061339473232296736,24,24,528232,2000,2000,0,2000
Qcells,Alice2018Test,S2_new_origins,144,full,24,Original B,Last-value,0.3393095858092701,3.0275580263847828,-2.6882484405755127,-2.8319320358464193,-2.524341683047972,0.8879263145900986,0.842030863298824,0.9256213884687833,24,24,528232,2000,2000,0,2000
Qcells,Alice2018Test,S2_new_origins,144,full,24,Expanded B,Daily,0.31774935958511835,0.297831913456148,0.01991744612897034,-0.027938190981610704,0.07067887481621798,-0.06687478819123571,-0.4533856007913115,0.07091986605817288,24,24,528232,2000,2000,0,2000
Qcells,Alice2018Test,S2_new_origins,144,full,24,Expanded B,Last-value,0.31774935958511835,3.0275580263847828,-2.7098086667996646,-2.8311466256947537,-2.573439377454616,0.8950476401059952,0.8582036712708951,0.9260280086002456,24,24,528232,2000,2000,0,2000
Qcells,Alice2018Test,S2_new_origins,144,full,24,Inverted42,Daily,1.2333699619791014,0.297831913456148,0.9355380485229534,0.7803888913273652,1.1296598018736446,-3.141161192790374,-6.494594713498888,-2.1017139066829578,24,24,528232,2000,2000,0,2000
Qcells,Alice2018Test,S2_new_origins,144,full,24,Inverted42,Last-value,1.2333699619791014,3.0275580263847828,-1.7941880644056813,-2.010754577155592,-1.5650830919529373,0.5926188858378801,0.518465219908178,0.662053467392606,24,24,528232,2000,2000,0,2000
Qcells,Alice2018Test,S2_new_origins,144,full,24,Inverted43,Daily,1.253592392223222,0.297831913456148,0.9557604787670739,0.8054305503740898,1.1494322040326346,-3.2090599952036287,-6.5898155806163325,-2.1586458450707893,24,24,528232,2000,2000,0,2000
Qcells,Alice2018Test,S2_new_origins,144,full,24,Inverted43,Last-value,1.253592392223222,3.0275580263847828,-1.7739656341615608,-1.9924670877848005,-1.5433886164769575,0.5859394332665719,0.5113968090217809,0.6557172103233797,24,24,528232,2000,2000,0,2000
Qcells,Alice2018Test,S2_new_origins,144,full,24,Inverted44,Daily,1.231249112867367,0.297831913456148,0.933417199411219,0.7866576732520513,1.1238365003742166,-3.1340402328934873,-6.426689838099455,-2.105460674545013,24,24,528232,2000,2000,0,2000
Qcells,Alice2018Test,S2_new_origins,144,full,24,Inverted44,Last-value,1.231249112867367,3.0275580263847828,-1.7963089135174157,-2.008561824574763,-1.5694273489072443,0.5933194006069619,0.5199827025503899,0.6618251051528853,24,24,528232,2000,2000,0,2000
Qcells,Alice2018Test,S2_new_origins,144,full,24,Inverted mean,Daily,1.2394038223565635,0.297831913456148,0.9415719089004154,0.7931708047161532,1.136214212911578,-3.1614204736291636,-6.518125834521136,-2.126991395932271,24,24,528232,2000,2000,0,2000
Qcells,Alice2018Test,S2_new_origins,144,full,24,Inverted mean,Last-value,1.2394038223565635,3.0275580263847828,-1.7881542040282195,-2.0051575344210453,-1.5599719730402712,0.5906259065704713,0.5161972658527127,0.6597427238037823,24,24,528232,2000,2000,0,2000
Qcells,Alice2018Test,S2_new_origins,144,full,24,Inverted mean,Original B,1.2394038223565635,0.3393095858092701,0.9000942365472934,0.735948826621865,1.0887713440997986,-2.652722688044678,-4.360803613270488,-1.79993265618132,24,24,528232,2000,2000,0,2000
Qcells,Alice2018Test,S2_new_origins,144,full,24,Inverted mean,Expanded B,1.2394038223565635,0.31774935958511835,0.921654462771445,0.7626337382642961,1.104723916256135,-2.9005706383636416,-4.37434426970887,-2.123500333508305,24,24,528232,2000,2000,0,2000
Qcells,Alice2018Test,S2_new_origins,144,full,24,Expanded B,Original B,0.31774935958511835,0.3393095858092701,-0.02156022622415177,-0.05218899536517377,0.0021080434218889435,0.06354145926272481,-0.007816168040862725,0.11990808149336109,24,24,528232,2000,2000,0,2000
Qcells,Alice2018Test,S2_new_origins,144,full,24,Expanded B,Expanded A,0.31774935958511835,1.7553007507897216,-1.4375513912046032,-1.8363731068097078,-1.1136136973306732,0.8189772553551516,0.7860826746060297,0.8538003199353343,24,24,528232,2000,2000,0,2000
Qcells,Alice2018Test,S2_new_origins,144,full,48,Original A,Daily,1.7553007507897216,0.29783191345614807,1.4574688373335736,1.1308755874955136,1.8280823838038118,-4.893595251162254,-9.678118956581487,-3.6682845351360833,12,12,528232,2000,2000,0,2000
Qcells,Alice2018Test,S2_new_origins,144,full,48,Original A,Last-value,1.7553007507897216,3.0275580263847828,-1.2722572755950612,-1.7479162745823231,-0.7254782797637711,0.4202255628158077,0.24068381515509477,0.5744393925125311,12,12,528232,2000,2000,0,2000
Qcells,Alice2018Test,S2_new_origins,144,full,48,Expanded A,Daily,1.7553007507897216,0.29783191345614807,1.4574688373335736,1.1308755874955136,1.8280823838038118,-4.893595251162254,-9.678118956581487,-3.6682845351360833,12,12,528232,2000,2000,0,2000
Qcells,Alice2018Test,S2_new_origins,144,full,48,Expanded A,Last-value,1.7553007507897216,3.0275580263847828,-1.2722572755950612,-1.7479162745823231,-0.7254782797637711,0.4202255628158077,0.24068381515509477,0.5744393925125311,12,12,528232,2000,2000,0,2000
Qcells,Alice2018Test,S2_new_origins,144,full,48,Original B,Daily,0.3393095858092701,0.29783191345614807,0.04147767235312205,0.025408114805595097,0.08296784706810464,-0.13926537244380666,-0.5723007780813674,-0.05621354625381423,12,12,528232,2000,2000,0,2000
Qcells,Alice2018Test,S2_new_origins,144,full,48,Original B,Last-value,0.3393095858092701,3.0275580263847828,-2.6882484405755127,-2.851145515798554,-2.501921155792412,0.8879263145900986,0.8347946881971956,0.9276223730761565,12,12,528232,2000,2000,0,2000
Qcells,Alice2018Test,S2_new_origins,144,full,48,Expanded B,Daily,0.3177493595851184,0.29783191345614807,0.01991744612897034,-0.018390112733478157,0.07967094104018647,-0.06687478819123571,-0.5531062883792028,0.039104260117539626,12,12,528232,2000,2000,0,2000
Qcells,Alice2018Test,S2_new_origins,144,full,48,Expanded B,Last-value,0.3177493595851184,3.0275580263847828,-2.709808666799664,-2.849319597292499,-2.545563629171923,0.8950476401059952,0.8494780694278063,0.9279796844343038,12,12,528232,2000,2000,0,2000
Qcells,Alice2018Test,S2_new_origins,144,full,48,Inverted42,Daily,1.2333699619791016,0.29783191345614807,0.9355380485229536,0.7305188328671862,1.2001234758696786,-3.141161192790374,-7.499890154624647,-1.860510520235481,12,12,528232,2000,2000,0,2000
Qcells,Alice2018Test,S2_new_origins,144,full,48,Inverted42,Last-value,1.2333699619791016,3.0275580263847828,-1.7941880644056811,-2.0859452557833236,-1.5027425761935607,0.59261888583788,0.4957891573277506,0.68741174102275,12,12,528232,2000,2000,0,2000
Qcells,Alice2018Test,S2_new_origins,144,full,48,Inverted43,Daily,1.2535923922232222,0.29783191345614807,0.9557604787670742,0.7534151643326303,1.2115264024987646,-3.2090599952036287,-7.56408853832624,-1.9029209752876914,12,12,528232,2000,2000,0,2000
Qcells,Alice2018Test,S2_new_origins,144,full,48,Inverted43,Last-value,1.2535923922232222,3.0275580263847828,-1.7739656341615606,-2.068035054215397,-1.478973238813063,0.5859394332665719,0.4877698346352957,0.6810838764324335,12,12,528232,2000,2000,0,2000
Qcells,Alice2018Test,S2_new_origins,144,full,48,Inverted44,Daily,1.2312491128673668,0.29783191345614807,0.9334171994112188,0.7399477578475502,1.181687214001022,-3.1340402328934855,-7.346215083036279,-1.8693519026869252,12,12,528232,2000,2000,0,2000
Qcells,Alice2018Test,S2_new_origins,144,full,48,Inverted44,Last-value,1.2312491128673668,3.0275580263847828,-1.796308913517416,-2.079635648428994,-1.5053497060984993,0.593319400606962,0.4962049124095338,0.6856877892594387,12,12,528232,2000,2000,0,2000
Qcells,Alice2018Test,S2_new_origins,144,full,48,Inverted mean,Daily,1.2394038223565635,0.29783191345614807,0.9415719089004155,0.7417408248235833,1.1957235986231416,-3.1614204736291627,-7.475571544279415,-1.8743475593306087,12,12,528232,2000,2000,0,2000
Qcells,Alice2018Test,S2_new_origins,144,full,48,Inverted mean,Last-value,1.2394038223565635,3.0275580263847828,-1.7881542040282195,-2.0784346276431616,-1.498005149127438,0.5906259065704713,0.49271506640084284,0.6856382215002896,12,12,528232,2000,2000,0,2000
Qcells,Alice2018Test,S2_new_origins,144,full,48,Inverted mean,Original B,1.2394038223565635,0.3393095858092701,0.9000942365472935,0.6865980862984675,1.146740537307365,-2.652722688044678,-4.751782181609906,-1.6920566673582382,12,12,528232,2000,2000,0,2000
Qcells,Alice2018Test,S2_new_origins,144,full,48,Inverted mean,Expanded B,1.2394038223565635,0.3177493595851184,0.921654462771445,0.7026177970489862,1.161904988059269,-2.900570638363641,-4.709548590823868,-1.9643277855481027,12,12,528232,2000,2000,0,2000
Qcells,Alice2018Test,S2_new_origins,144,full,48,Expanded B,Original B,0.3177493595851184,0.3393095858092701,-0.021560226224151713,-0.045777159759483085,0.004012895353375669,0.0635414592627247,-0.017460733627613367,0.09345627999897614,12,12,528232,2000,2000,0,2000
Qcells,Alice2018Test,S2_new_origins,144,full,48,Expanded B,Expanded A,0.3177493595851184,1.7553007507897216,-1.4375513912046032,-1.841248246869854,-1.0660927187783182,0.8189772553551516,0.790573949671292,0.8602540744602281,12,12,528232,2000,2000,0,2000
Qcells,Alice2018Test,S2_new_origins,144,full,72,Original A,Daily,1.7553007507897218,0.297831913456148,1.4574688373335738,1.185386555842901,1.8736226065293884,-4.893595251162256,-8.605493398203825,-3.957336096316146,8,8,528232,2000,2000,0,2000
Qcells,Alice2018Test,S2_new_origins,144,full,72,Original A,Last-value,1.7553007507897218,3.0275580263847828,-1.272257275595061,-1.695126942207147,-0.6781452608365123,0.4202255628158076,0.22510917311937628,0.5538601165475896,8,8,528232,2000,2000,0,2000
Qcells,Alice2018Test,S2_new_origins,144,full,72,Expanded A,Daily,1.7553007507897218,0.297831913456148,1.4574688373335738,1.185386555842901,1.8736226065293884,-4.893595251162256,-8.605493398203825,-3.957336096316146,8,8,528232,2000,2000,0,2000
Qcells,Alice2018Test,S2_new_origins,144,full,72,Expanded A,Last-value,1.7553007507897218,3.0275580263847828,-1.272257275595061,-1.695126942207147,-0.6781452608365123,0.4202255628158076,0.22510917311937628,0.5538601165475896,8,8,528232,2000,2000,0,2000
Qcells,Alice2018Test,S2_new_origins,144,full,72,Original B,Daily,0.3393095858092702,0.297831913456148,0.041477672353122164,0.02758940756792916,0.07988850657265395,-0.1392653724438071,-0.5358217309854032,-0.06144278798965473,8,8,528232,2000,2000,0,2000
Qcells,Alice2018Test,S2_new_origins,144,full,72,Original B,Last-value,0.3393095858092702,3.0275580263847828,-2.6882484405755127,-2.8554190434289737,-2.4956149588910996,0.8879263145900986,0.8354044623682277,0.9277012354128232,8,8,528232,2000,2000,0,2000
Qcells,Alice2018Test,S2_new_origins,144,full,72,Expanded B,Daily,0.3177493595851184,0.297831913456148,0.019917446128970395,-0.0143011352012346,0.07268919605951253,-0.06687478819123593,-0.49040384554294075,0.029862809158960994,8,8,528232,2000,2000,0,2000
Qcells,Alice2018Test,S2_new_origins,144,full,72,Expanded B,Last-value,0.3177493595851184,3.0275580263847828,-2.709808666799664,-2.8571700667197937,-2.5382535295070063,0.8950476401059952,0.8495127827878427,0.9287922124973691,8,8,528232,2000,2000,0,2000
Qcells,Alice2018Test,S2_new_origins,144,full,72,Inverted42,Daily,1.2333699619791014,0.297831913456148,0.9355380485229534,0.8362186411437972,1.0896460011829394,-3.141161192790374,-6.09422806379972,-2.2677578655932713,8,8,528232,2000,2000,0,2000
Qcells,Alice2018Test,S2_new_origins,144,full,72,Inverted42,Last-value,1.2333699619791014,3.0275580263847828,-1.7941880644056813,-2.0356443905544404,-1.4598101533130368,0.5926188858378801,0.48545122596798157,0.6685188871987175,8,8,528232,2000,2000,0,2000
Qcells,Alice2018Test,S2_new_origins,144,full,72,Inverted43,Daily,1.2535923922232224,0.297831913456148,0.9557604787670744,0.8608486280850837,1.1138658991603312,-3.2090599952036305,-6.1637835612319325,-2.3124825171757624,8,8,528232,2000,2000,0,2000
Qcells,Alice2018Test,S2_new_origins,144,full,72,Inverted43,Last-value,1.2535923922232224,3.0275580263847828,-1.7739656341615604,-2.0204583629456967,-1.4382515245616405,0.5859394332665718,0.47736351833643,0.6626420804752822,8,8,528232,2000,2000,0,2000
Qcells,Alice2018Test,S2_new_origins,144,full,72,Inverted44,Daily,1.231249112867367,0.297831913456148,0.933417199411219,0.837303227666788,1.0893040724038627,-3.1340402328934873,-6.0161529611752576,-2.2548507658417893,8,8,528232,2000,2000,0,2000
Qcells,Alice2018Test,S2_new_origins,144,full,72,Inverted44,Last-value,1.231249112867367,3.0275580263847828,-1.7963089135174157,-2.040830143793085,-1.4638106255095056,0.5933194006069619,0.4847325191640016,0.6698277573644145,8,8,528232,2000,2000,0,2000
Qcells,Alice2018Test,S2_new_origins,144,full,72,Inverted mean,Daily,1.2394038223565635,0.297831913456148,0.9415719089004156,0.8457434941715214,1.0985574944811909,-3.161420473629164,-6.095548155844735,-2.277506928618223,8,8,528232,2000,2000,0,2000
Qcells,Alice2018Test,S2_new_origins,144,full,72,Inverted mean,Last-value,1.2394038223565635,3.0275580263847828,-1.7881542040282195,-2.032611751824707,-1.4553412199946816,0.5906259065704713,0.4831396646285337,0.6662544337956856,8,8,528232,2000,2000,0,2000
Qcells,Alice2018Test,S2_new_origins,144,full,72,Inverted mean,Original B,1.2394038223565635,0.3393095858092702,0.9000942365472935,0.7800713213647065,1.0674800103022797,-2.652722688044678,-3.9811034555561022,-2.0718894541505306,8,8,528232,2000,2000,0,2000
Qcells,Alice2018Test,S2_new_origins,144,full,72,Inverted mean,Expanded B,1.2394038223565635,0.3177493595851184,0.9216544627714452,0.7831032101442397,1.111106160285683,-2.9005706383636416,-4.049629294552773,-2.3625256696485715,8,8,528232,2000,2000,0,2000
Qcells,Alice2018Test,S2_new_origins,144,full,72,Expanded B,Original B,0.3177493595851184,0.3393095858092702,-0.02156022622415177,-0.04420323221502463,0.001679613512300615,0.06354145926272481,-0.0073655110109620055,0.08965991108282688,8,8,528232,2000,2000,0,2000
Qcells,Alice2018Test,S2_new_origins,144,full,72,Expanded B,Expanded A,0.3177493595851184,1.7553007507897218,-1.4375513912046034,-1.8863754038372744,-1.1256428143804018,0.8189772553551516,0.8034247826743954,0.8493032072110063,8,8,528232,2000,2000,0,2000
Qcells,Alice2018Test,S2_new_origins,144,power-active,24,Original A,Daily,1.7997921716745484,0.42871190229572564,1.3710802693788229,1.175542511906403,1.6173330190822788,-3.198139034714859,-6.360095471465496,-2.2050246139100955,24,24,254937,2000,2000,0,2000
Qcells,Alice2018Test,S2_new_origins,144,power-active,24,Original A,Last-value,1.7997921716745484,2.558952750077905,-0.7591605784033564,-1.0856454263651252,-0.39853388913536764,0.2966684626670987,0.15868953611538517,0.41574238965586374,24,24,254937,2000,2000,0,2000
Qcells,Alice2018Test,S2_new_origins,144,power-active,24,Expanded A,Daily,1.7997921716745484,0.42871190229572564,1.3710802693788229,1.175542511906403,1.6173330190822788,-3.198139034714859,-6.360095471465496,-2.2050246139100955,24,24,254937,2000,2000,0,2000
Qcells,Alice2018Test,S2_new_origins,144,power-active,24,Expanded A,Last-value,1.7997921716745484,2.558952750077905,-0.7591605784033564,-1.0856454263651252,-0.39853388913536764,0.2966684626670987,0.15868953611538517,0.41574238965586374,24,24,254937,2000,2000,0,2000
Qcells,Alice2018Test,S2_new_origins,144,power-active,24,Original B,Daily,0.3805243500976706,0.42871190229572564,-0.04818755219805504,-0.10544103371476211,0.025700681532466806,0.11240077996438558,-0.1153414781992762,0.18259823420053606,24,24,254937,2000,2000,0,2000
Qcells,Alice2018Test,S2_new_origins,144,power-active,24,Original B,Last-value,0.3805243500976706,2.558952750077905,-2.178428399980234,-2.3541647895554774,-1.9922230591412469,0.8512968439584959,0.7963213071341064,0.9029083530525871,24,24,254937,2000,2000,0,2000
Qcells,Alice2018Test,S2_new_origins,144,power-active,24,Expanded B,Daily,0.39136857278883813,0.42871190229572564,-0.03734332950688751,-0.09651285047268097,0.021406524790737815,0.08710588464401459,-0.09521730790295671,0.17506034457233996,24,24,254937,2000,2000,0,2000
Qcells,Alice2018Test,S2_new_origins,144,power-active,24,Expanded B,Last-value,0.39136857278883813,2.558952750077905,-2.1675841772890667,-2.354598539867305,-1.9720723027193419,0.8470590858792045,0.7852029059718677,0.9044619097047055,24,24,254937,2000,2000,0,2000
Qcells,Alice2018Test,S2_new_origins,144,power-active,24,Inverted42,Daily,1.4084592026248584,0.42871190229572564,0.9797473003291327,0.7904166427825092,1.2332932365963876,-2.285327967529352,-5.017282846193455,-1.456391394588183,24,24,254937,2000,2000,0,2000
Qcells,Alice2018Test,S2_new_origins,144,power-active,24,Inverted42,Last-value,1.4084592026248584,2.558952750077905,-1.1504935474530464,-1.445531059991075,-0.8295185854660128,0.4495954633855669,0.33374045114446543,0.5510390099542001,24,24,254937,2000,2000,0,2000
Qcells,Alice2018Test,S2_new_origins,144,power-active,24,Inverted43,Daily,1.4080016533170248,0.42871190229572564,0.9792897510212991,0.8003272948365385,1.2267023552375216,-2.2842607022974244,-4.968756846269883,-1.4640384256689365,24,24,254937,2000,2000,0,2000
Qcells,Alice2018Test,S2_new_origins,144,power-active,24,Inverted43,Last-value,1.4080016533170248,2.558952750077905,-1.15095109676088,-1.436265229843208,-0.8435685718755249,0.449774266729169,0.3370930993120987,0.5500033309050981,24,24,254937,2000,2000,0,2000
Qcells,Alice2018Test,S2_new_origins,144,power-active,24,Inverted44,Daily,1.4032916685437828,0.42871190229572564,0.9745797662480572,0.80877911126322,1.2092734321688725,-2.2732743388491037,-4.923093739126137,-1.4626214093793004,24,24,254937,2000,2000,0,2000
Qcells,Alice2018Test,S2_new_origins,144,power-active,24,Inverted44,Last-value,1.4032916685437828,2.558952750077905,-1.155661081534122,-1.4329279796597092,-0.8503461296449404,0.4516148574837652,0.3408258679398718,0.5479525147021899,24,24,254937,2000,2000,0,2000
Qcells,Alice2018Test,S2_new_origins,144,power-active,24,Inverted mean,Daily,1.406584174828555,0.42871190229572564,0.9778722725328297,0.8006675214782176,1.2243261012143296,-2.2809543362252938,-4.960935716702813,-1.4595878137096765,24,24,254937,2000,2000,0,2000
Qcells,Alice2018Test,S2_new_origins,144,power-active,24,Inverted mean,Last-value,1.406584174828555,2.558952750077905,-1.1523685752493495,-1.4364309472477292,-0.8420718012012564,0.45032819586616696,0.3381161607308296,0.5488997283037589,24,24,254937,2000,2000,0,2000
Qcells,Alice2018Test,S2_new_origins,144,power-active,24,Inverted mean,Original B,1.406584174828555,0.3805243500976706,1.0260598247308848,0.8454242674496224,1.242950670727187,-2.69643670495074,-4.5497300435546535,-1.8869252265536502,24,24,254937,2000,2000,0,2000
Qcells,Alice2018Test,S2_new_origins,144,power-active,24,Inverted mean,Expanded B,1.406584174828555,0.39136857278883813,1.0152156020397172,0.8324098435800191,1.2385586764117442,-2.594014115148367,-4.651182208551999,-1.7341337504283656,24,24,254937,2000,2000,0,2000
Qcells,Alice2018Test,S2_new_origins,144,power-active,24,Expanded B,Original B,0.39136857278883813,0.3805243500976706,0.010844222691167527,-0.008166232935500952,0.03215403015369164,-0.02849810449287693,-0.06976357171554981,0.02975851068925437,24,24,254937,2000,2000,0,2000
Qcells,Alice2018Test,S2_new_origins,144,power-active,24,Expanded B,Expanded A,0.39136857278883813,1.7997921716745484,-1.4084235988857103,-1.641081091095653,-1.210581023708202,0.78254790805946,0.7270938699840265,0.857615542451873,24,24,254937,2000,2000,0,2000
Qcells,Alice2018Test,S2_new_origins,144,power-active,48,Original A,Daily,1.7997921716745484,0.42871190229572564,1.3710802693788229,1.1292626374755133,1.668350344307245,-3.198139034714859,-7.211773025934874,-2.0267407115735994,12,12,254937,2000,2000,0,2000
Qcells,Alice2018Test,S2_new_origins,144,power-active,48,Original A,Last-value,1.7997921716745484,2.558952750077905,-0.7591605784033564,-1.1819440039682536,-0.28988005664102356,0.2966684626670987,0.11725854158758224,0.4527815227561177,12,12,254937,2000,2000,0,2000
Qcells,Alice2018Test,S2_new_origins,144,power-active,48,Expanded A,Daily,1.7997921716745484,0.42871190229572564,1.3710802693788229,1.1292626374755133,1.668350344307245,-3.198139034714859,-7.211773025934874,-2.0267407115735994,12,12,254937,2000,2000,0,2000
Qcells,Alice2018Test,S2_new_origins,144,power-active,48,Expanded A,Last-value,1.7997921716745484,2.558952750077905,-0.7591605784033564,-1.1819440039682536,-0.28988005664102356,0.2966684626670987,0.11725854158758224,0.4527815227561177,12,12,254937,2000,2000,0,2000
Qcells,Alice2018Test,S2_new_origins,144,power-active,48,Original B,Daily,0.3805243500976706,0.42871190229572564,-0.04818755219805504,-0.11566226461492793,0.036606315417615165,0.11240077996438558,-0.17289881883203315,0.1713444380211327,12,12,254937,2000,2000,0,2000
Qcells,Alice2018Test,S2_new_origins,144,power-active,48,Original B,Last-value,0.3805243500976706,2.558952750077905,-2.178428399980234,-2.396469651101236,-1.9488412010763474,0.8512968439584959,0.7760649638151701,0.9087487083216579,12,12,254937,2000,2000,0,2000
Qcells,Alice2018Test,S2_new_origins,144,power-active,48,Expanded B,Daily,0.3913685727888381,0.42871190229572564,-0.03734332950688757,-0.0879294346251628,0.032803239405071516,0.0871058846440147,-0.15625959439582038,0.13033511657083224,12,12,254937,2000,2000,0,2000
Qcells,Alice2018Test,S2_new_origins,144,power-active,48,Expanded B,Last-value,0.3913685727888381,2.558952750077905,-2.1675841772890667,-2.399730081436961,-1.9207040249719962,0.8470590858792046,0.7648616588953451,0.9097885004418479,12,12,254937,2000,2000,0,2000
Qcells,Alice2018Test,S2_new_origins,144,power-active,48,Inverted42,Daily,1.4084592026248581,0.42871190229572564,0.9797473003291325,0.7292664803162053,1.3233877309581492,-2.2853279675293514,-5.8283504519641784,-1.259985954773594,12,12,254937,2000,2000,0,2000
Qcells,Alice2018Test,S2_new_origins,144,power-active,48,Inverted42,Last-value,1.4084592026248581,2.558952750077905,-1.1504935474530467,-1.5346199161468834,-0.7388225929829321,0.449595463385567,0.2985353613292397,0.5864885484080117,12,12,254937,2000,2000,0,2000
Qcells,Alice2018Test,S2_new_origins,144,power-active,48,Inverted43,Daily,1.4080016533170245,0.42871190229572564,0.9792897510212989,0.7450572823893068,1.3047944036268408,-2.284260702297424,-5.71663698169757,-1.2581993300571412,12,12,254937,2000,2000,0,2000
Qcells,Alice2018Test,S2_new_origins,144,power-active,48,Inverted43,Last-value,1.4080016533170245,2.558952750077905,-1.1509510967608803,-1.5199917586198592,-0.7538676966553296,0.4497742667291691,0.3031882974459023,0.5813321686546378,12,12,254937,2000,2000,0,2000
Qcells,Alice2018Test,S2_new_origins,144,power-active,48,Inverted44,Daily,1.4032916685437828,0.42871190229572564,0.9745797662480572,0.7517883519504626,1.2849479607245187,-2.2732743388491037,-5.651834500096031,-1.265864127724727,12,12,254937,2000,2000,0,2000
Qcells,Alice2018Test,S2_new_origins,144,power-active,48,Inverted44,Last-value,1.4032916685437828,2.558952750077905,-1.155661081534122,-1.513661573661769,-0.7674329524068665,0.4516148574837652,0.3092465773678986,0.5786846240522053,12,12,254937,2000,2000,0,2000
Qcells,Alice2018Test,S2_new_origins,144,power-active,48,Inverted mean,Daily,1.406584174828555,0.42871190229572564,0.9778722725328296,0.7432455766280797,1.3043605188522416,-2.280954336225293,-5.720249935507766,-1.260822364371898,12,12,254937,2000,2000,0,2000
Qcells,Alice2018Test,S2_new_origins,144,power-active,48,Inverted mean,Last-value,1.406584174828555,2.558952750077905,-1.1523685752493495,-1.5190994810564438,-0.7522195378220042,0.4503281958661671,0.30354617569772074,0.5816229968529684,12,12,254937,2000,2000,0,2000
Qcells,Alice2018Test,S2_new_origins,144,power-active,48,Inverted mean,Original B,1.406584174828555,0.3805243500976706,1.0260598247308845,0.7862947717702817,1.3104016875754916,-2.6964367049507394,-4.974505358744251,-1.7033815366202523,12,12,254937,2000,2000,0,2000
Qcells,Alice2018Test,S2_new_origins,144,power-active,48,Inverted mean,Expanded B,1.406584174828555,0.3913685727888381,1.0152156020397172,0.7833539184801469,1.3061909927977173,-2.594014115148367,-5.047277790935165,-1.5750560670194724,12,12,254937,2000,2000,0,2000
Qcells,Alice2018Test,S2_new_origins,144,power-active,48,Expanded B,Original B,0.3913685727888381,0.3805243500976706,0.010844222691167471,-0.010730189732029865,0.028647691472089676,-0.02849810449287693,-0.05158915610118449,0.03891066963147735,12,12,254937,2000,2000,0,2000
Qcells,Alice2018Test,S2_new_origins,144,power-active,48,Expanded B,Expanded A,0.3913685727888381,1.7997921716745484,-1.4084235988857103,-1.7106271917660567,-1.1370106776001485,0.78254790805946,0.7110551914629727,0.8645515254411166,12,12,254937,2000,2000,0,2000
Qcells,Alice2018Test,S2_new_origins,144,power-active,72,Original A,Daily,1.7997921716745477,0.4287119022957256,1.3710802693788222,1.2096004136407315,1.5914466064376642,-3.198139034714858,-6.399058846389486,-2.266344938476587,8,8,254937,2000,2000,0,2000
Qcells,Alice2018Test,S2_new_origins,144,power-active,72,Original A,Last-value,1.7997921716745477,2.5589527500779052,-0.7591605784033575,-1.1358419152278276,-0.2667232187052363,0.296668462667099,0.10377196405326415,0.4350685217985025,8,8,254937,2000,2000,0,2000
Qcells,Alice2018Test,S2_new_origins,144,power-active,72,Expanded A,Daily,1.7997921716745477,0.4287119022957256,1.3710802693788222,1.2096004136407315,1.5914466064376642,-3.198139034714858,-6.399058846389486,-2.266344938476587,8,8,254937,2000,2000,0,2000
Qcells,Alice2018Test,S2_new_origins,144,power-active,72,Expanded A,Last-value,1.7997921716745477,2.5589527500779052,-0.7591605784033575,-1.1358419152278276,-0.2667232187052363,0.296668462667099,0.10377196405326415,0.4350685217985025,8,8,254937,2000,2000,0,2000
Qcells,Alice2018Test,S2_new_origins,144,power-active,72,Original B,Daily,0.38052435009767066,0.4287119022957256,-0.04818755219805493,-0.11335932046932173,0.029816120944591913,0.11240077996438536,-0.1389570935797016,0.16871084293408256,8,8,254937,2000,2000,0,2000
Qcells,Alice2018Test,S2_new_origins,144,power-active,72,Original B,Last-value,0.38052435009767066,2.5589527500779052,-2.1784283999802345,-2.3863602966498587,-1.9408218520440372,0.8512968439584959,0.7751105066437813,0.9084815362572085,8,8,254937,2000,2000,0,2000
Qcells,Alice2018Test,S2_new_origins,144,power-active,72,Expanded B,Daily,0.3913685727888381,0.4287119022957256,-0.03734332950688751,-0.08427727655301699,0.022941565633863414,0.08710588464401459,-0.10633631418356844,0.12533049603919633,8,8,254937,2000,2000,0,2000
Qcells,Alice2018Test,S2_new_origins,144,power-active,72,Expanded B,Last-value,0.3913685727888381,2.5589527500779052,-2.167584177289067,-2.391735937877484,-1.9143393451443997,0.8470590858792046,0.7627505903960136,0.9097158718164515,8,8,254937,2000,2000,0,2000
Qcells,Alice2018Test,S2_new_origins,144,power-active,72,Inverted42,Daily,1.4084592026248584,0.4287119022957256,0.9797473003291328,0.8866797056664595,1.106597533118071,-2.2853279675293523,-4.685253971790482,-1.585360924279498,8,8,254937,2000,2000,0,2000
Qcells,Alice2018Test,S2_new_origins,144,power-active,72,Inverted42,Last-value,1.4084592026248584,2.5589527500779052,-1.1504935474530469,-1.4785741376011645,-0.738733763756415,0.449595463385567,0.2935545622235165,0.5609238517098785,8,8,254937,2000,2000,0,2000
Qcells,Alice2018Test,S2_new_origins,144,power-active,72,Inverted43,Daily,1.4080016533170245,0.4287119022957256,0.979289751021299,0.8880218064410275,1.11761864486497,-2.2842607022974244,-4.692801104061761,-1.5691540098732741,8,8,254937,2000,2000,0,2000
Qcells,Alice2018Test,S2_new_origins,144,power-active,72,Inverted43,Last-value,1.4080016533170245,2.5589527500779052,-1.1509510967608807,-1.4796822550722797,-0.7380115386995773,0.4497742667291692,0.2947953075922154,0.561154477161652,8,8,254937,2000,2000,0,2000
Qcells,Alice2018Test,S2_new_origins,144,power-active,72,Inverted44,Daily,1.4032916685437828,0.4287119022957256,0.9745797662480573,0.8898893697191931,1.1154821025788353,-2.273274338849104,-4.69703264755302,-1.5519969355667516,8,8,254937,2000,2000,0,2000
Qcells,Alice2018Test,S2_new_origins,144,power-active,72,Inverted44,Last-value,1.4032916685437828,2.5589527500779052,-1.1556610815341224,-1.47623202114933,-0.7482171260229246,0.4516148574837653,0.30009554020390183,0.563222469053076,8,8,254937,2000,2000,0,2000
Qcells,Alice2018Test,S2_new_origins,144,power-active,72,Inverted mean,Daily,1.406584174828555,0.4287119022957256,0.9778722725328297,0.8890015837078432,1.1119874659415128,-2.2809543362252938,-4.6890909844706385,-1.5706704829446472,8,8,254937,2000,2000,0,2000
Qcells,Alice2018Test,S2_new_origins,144,power-active,72,Inverted mean,Last-value,1.406584174828555,2.5589527500779052,-1.15236857524935,-1.4812024140359579,-0.7413078194750206,0.4503281958661671,0.29538335793533,0.5613901984723322,8,8,254937,2000,2000,0,2000
Qcells,Alice2018Test,S2_new_origins,144,power-active,72,Inverted mean,Original B,1.406584174828555,0.38052435009767066,1.0260598247308845,0.8851796277798779,1.2063600267070402,-2.6964367049507394,-4.293950018918358,-2.0663916585352555,8,8,254937,2000,2000,0,2000
Qcells,Alice2018Test,S2_new_origins,144,power-active,72,Inverted mean,Expanded B,1.406584174828555,0.3913685727888381,1.0152156020397172,0.8890964478050597,1.1809455024812794,-2.5940141151483673,-4.368811138337735,-1.9258156181973307,8,8,254937,2000,2000,0,2000
Qcells,Alice2018Test,S2_new_origins,144,power-active,72,Expanded B,Original B,0.3913685727888381,0.38052435009767066,0.010844222691167416,-0.009201594233037605,0.029100408876955974,-0.028498104492876708,-0.0527189395292298,0.03489006631674326,8,8,254937,2000,2000,0,2000
Qcells,Alice2018Test,S2_new_origins,144,power-active,72,Expanded B,Expanded A,0.3913685727888381,1.7997921716745477,-1.4084235988857097,-1.6702169115642063,-1.2020017942518688,0.78254790805946,0.731364221731333,0.8553613934298094,8,8,254937,2000,2000,0,2000
Qcells,Alice2018Test,S2_new_origins,144,low-power,24,Original A,Daily,1.7127563731732152,0.0011270314043550955,1.7116293417688602,1.2006101972642802,2.389598199478985,-1518.7059873884175,-2291.8732888387235,-988.9359498298135,24,24,273295,2000,2000,0,2000
Qcells,Alice2018Test,S2_new_origins,144,low-power,24,Original A,Last-value,1.7127563731732152,3.40707005867643,-1.6943136855032148,-2.2244852319694335,-1.001347194804177,0.49729346808953423,0.2958838467269775,0.6471055847904539,24,24,273295,2000,2000,0,2000
Qcells,Alice2018Test,S2_new_origins,144,low-power,24,Expanded A,Daily,1.7127563731732152,0.0011270314043550955,1.7116293417688602,1.2006101972642802,2.389598199478985,-1518.7059873884175,-2291.8732888387235,-988.9359498298135,24,24,273295,2000,2000,0,2000
Qcells,Alice2018Test,S2_new_origins,144,low-power,24,Expanded A,Last-value,1.7127563731732152,3.40707005867643,-1.6943136855032148,-2.2244852319694335,-1.001347194804177,0.49729346808953423,0.2958838467269775,0.6471055847904539,24,24,273295,2000,2000,0,2000
Qcells,Alice2018Test,S2_new_origins,144,low-power,24,Original B,Daily,0.29572973865795515,0.0011270314043550955,0.29460270725360005,0.19976750265451346,0.4286759072015041,-261.39707031693246,-410.2914609354439,-157.30053537538137,24,24,273295,2000,2000,0,2000
Qcells,Alice2018Test,S2_new_origins,144,low-power,24,Original B,Last-value,0.29572973865795515,3.40707005867643,-3.111340320018475,-3.3041645093511387,-2.903676654762849,0.9132011571335755,0.8738943652960979,0.9418759501732074,24,24,273295,2000,2000,0,2000
Qcells,Alice2018Test,S2_new_origins,144,low-power,24,Expanded B,Daily,0.22861909207840012,0.0011270314043550955,0.227492060674045,0.2011834490988416,0.26767764882788003,-201.85068472357204,-263.50693207442333,-157.57233982252373,24,24,273295,2000,2000,0,2000
Qcells,Alice2018Test,S2_new_origins,144,low-power,24,Expanded B,Last-value,0.22861909207840012,3.40707005867643,-3.17845096659803,-3.3054042331109237,-3.0463697986237674,0.9328986231157179,0.9203306443674486,0.9409928887587516,24,24,273295,2000,2000,0,2000
Qcells,Alice2018Test,S2_new_origins,144,low-power,24,Inverted42,Daily,1.0438950088418804,0.0011270314043550955,1.0427679774375254,0.8604420132740656,1.2368009166538412,-925.2341801728346,-1223.661727961325,-715.3806174150676,24,24,273295,2000,2000,0,2000
Qcells,Alice2018Test,S2_new_origins,144,low-power,24,Inverted42,Last-value,1.0438950088418804,3.40707005867643,-2.36317504983455,-2.57109171403745,-2.1588417747914845,0.6936091741983696,0.6386383642983582,0.7481852447820524,24,24,273295,2000,2000,0,2000
Qcells,Alice2018Test,S2_new_origins,144,low-power,24,Inverted43,Daily,1.0900116772000812,0.0011270314043550955,1.0888846457957262,0.890047368388685,1.3021635187214928,-966.1528876551603,-1286.1557716798754,-740.6512536923987,24,24,273295,2000,2000,0,2000
Qcells,Alice2018Test,S2_new_origins,144,low-power,24,Inverted43,Last-value,1.0900116772000812,3.40707005867643,-2.3170583814763486,-2.5411855628639874,-2.095524124918455,0.6800735944879495,0.6178091049856548,0.7395581812721443,24,24,273295,2000,2000,0,2000
Qcells,Alice2018Test,S2_new_origins,144,low-power,24,Inverted44,Daily,1.0455465301068019,0.0011270314043550955,1.0444194987024469,0.8448459873050812,1.2569728600322718,-926.6995530617706,-1238.866545952121,-708.0724346602237,24,24,273295,2000,2000,0,2000
Qcells,Alice2018Test,S2_new_origins,144,low-power,24,Inverted44,Last-value,1.0455465301068019,3.40707005867643,-2.361523528569628,-2.581416513916331,-2.141297050346785,0.6931244406189366,0.6314647504083407,0.7522792621161409,24,24,273295,2000,2000,0,2000
Qcells,Alice2018Test,S2_new_origins,144,low-power,24,Inverted mean,Daily,1.0598177387162544,0.0011270314043550955,1.0586907073118994,0.8652680877243542,1.265183262602385,-939.3622069632552,-1251.3100149435718,-723.9957801757881,24,24,273295,2000,2000,0,2000
Qcells,Alice2018Test,S2_new_origins,144,low-power,24,Inverted mean,Last-value,1.0598177387162544,3.40707005867643,-2.3472523199601754,-2.564111768942917,-2.1313088593771496,0.6889357364350852,0.6289180073157663,0.7463590845758135,24,24,273295,2000,2000,0,2000
Qcells,Alice2018Test,S2_new_origins,144,low-power,24,Inverted mean,Original B,1.0598177387162544,0.29572973865795515,0.7640880000582992,0.6100383427610565,0.9444888108508556,-2.5837374473253547,-4.346494673781681,-1.6526293987910876,24,24,273295,2000,2000,0,2000
Qcells,Alice2018Test,S2_new_origins,144,low-power,24,Inverted mean,Expanded B,1.0598177387162544,0.22861909207840012,0.8311986466378544,0.6573201991920832,1.0143241843225261,-3.6357359268700633,-4.321292901245014,-3.0422659115858655,24,24,273295,2000,2000,0,2000
Qcells,Alice2018Test,S2_new_origins,144,low-power,24,Expanded B,Original B,0.22861909207840012,0.29572973865795515,-0.06711064657955504,-0.16084273415521874,0.006813753294113834,0.22693235683400814,-0.03373435750068271,0.38069232467663183,24,24,273295,2000,2000,0,2000
Qcells,Alice2018Test,S2_new_origins,144,low-power,24,Expanded B,Expanded A,0.22861909207840012,1.7127563731732152,-1.484137281094815,-2.1254880391147766,-0.9952800719583275,0.8665197831640009,0.828899384600817,0.889100539893808,24,24,273295,2000,2000,0,2000
Qcells,Alice2018Test,S2_new_origins,144,low-power,48,Original A,Daily,1.7127563731732154,0.0011270314043550962,1.7116293417688604,1.1615858803479968,2.391087191719531,-1518.7059873884168,-2242.0762259069497,-992.8478695138583,12,12,273295,2000,2000,0,2000
Qcells,Alice2018Test,S2_new_origins,144,low-power,48,Original A,Last-value,1.7127563731732154,3.4070700586764304,-1.694313685503215,-2.251729954381128,-1.0015315116671224,0.49729346808953423,0.2989692852485354,0.6581653485904325,12,12,273295,2000,2000,0,2000
Qcells,Alice2018Test,S2_new_origins,144,low-power,48,Expanded A,Daily,1.7127563731732154,0.0011270314043550962,1.7116293417688604,1.1615858803479968,2.391087191719531,-1518.7059873884168,-2242.0762259069497,-992.8478695138583,12,12,273295,2000,2000,0,2000
Qcells,Alice2018Test,S2_new_origins,144,low-power,48,Expanded A,Last-value,1.7127563731732154,3.4070700586764304,-1.694313685503215,-2.251729954381128,-1.0015315116671224,0.49729346808953423,0.2989692852485354,0.6581653485904325,12,12,273295,2000,2000,0,2000
Qcells,Alice2018Test,S2_new_origins,144,low-power,48,Original B,Daily,0.2957297386579551,0.0011270314043550962,0.2946027072536,0.19489481722977042,0.4305813581373738,-261.3970703169323,-404.84619125437337,-156.42302036253963,12,12,273295,2000,2000,0,2000
Qcells,Alice2018Test,S2_new_origins,144,low-power,48,Original B,Last-value,0.2957297386579551,3.4070700586764304,-3.1113403200184755,-3.3506616760617196,-2.895814948528712,0.9132011571335755,0.873311384911455,0.9437776880752216,12,12,273295,2000,2000,0,2000
Qcells,Alice2018Test,S2_new_origins,144,low-power,48,Expanded B,Daily,0.22861909207840017,0.0011270314043550962,0.22749206067404507,0.19802437995599217,0.2712463233410894,-201.85068472357196,-262.4975432539058,-160.58079393253442,12,12,273295,2000,2000,0,2000
Qcells,Alice2018Test,S2_new_origins,144,low-power,48,Expanded B,Last-value,0.22861909207840017,3.4070700586764304,-3.1784509665980303,-3.3426821634829156,-3.016358246985688,0.9328986231157179,0.9199401054610733,0.9419445134910445,12,12,273295,2000,2000,0,2000
Qcells,Alice2018Test,S2_new_origins,144,low-power,48,Inverted42,Daily,1.0438950088418804,0.0011270314043550962,1.0427679774375254,0.808638097029122,1.2962411323672982,-925.234180172834,-1239.0525257585962,-693.4535376135691,12,12,273295,2000,2000,0,2000
Qcells,Alice2018Test,S2_new_origins,144,low-power,48,Inverted42,Last-value,1.0438950088418804,3.4070700586764304,-2.36317504983455,-2.6235369706566027,-2.114437682693628,0.6936091741983698,0.6236327030319072,0.7629821515603412,12,12,273295,2000,2000,0,2000
Qcells,Alice2018Test,S2_new_origins,144,low-power,48,Inverted43,Daily,1.090011677200081,0.0011270314043550962,1.088884645795726,0.8395245026610996,1.3593146527705537,-966.1528876551595,-1301.5414273677363,-727.7953232403944,12,12,273295,2000,2000,0,2000
Qcells,Alice2018Test,S2_new_origins,144,low-power,48,Inverted43,Last-value,1.090011677200081,3.4070700586764304,-2.3170583814763495,-2.5913516918186277,-2.0582430778647245,0.6800735944879497,0.6058598319349785,0.7531530487568002,12,12,273295,2000,2000,0,2000
Qcells,Alice2018Test,S2_new_origins,144,low-power,48,Inverted44,Daily,1.0455465301068017,0.0011270314043550962,1.0444194987024467,0.7978861129994121,1.3134755891586485,-926.69955306177,-1250.4241911373324,-690.3199838407734,12,12,273295,2000,2000,0,2000
Qcells,Alice2018Test,S2_new_origins,144,low-power,48,Inverted44,Last-value,1.0455465301068017,3.4070700586764304,-2.361523528569629,-2.6305986375947183,-2.1059563125156155,0.6931244406189367,0.6196919203763526,0.7661113967951686,12,12,273295,2000,2000,0,2000
Qcells,Alice2018Test,S2_new_origins,144,low-power,48,Inverted mean,Daily,1.0598177387162544,0.0011270314043550962,1.0586907073118994,0.8134062471008041,1.3223370532112027,-939.3622069632546,-1263.686569055455,-704.1743131483115,12,12,273295,2000,2000,0,2000
Qcells,Alice2018Test,S2_new_origins,144,low-power,48,Inverted mean,Last-value,1.0598177387162544,3.4070700586764304,-2.3472523199601762,-2.614106643741081,-2.0934259473351293,0.6889357364350855,0.6165749089755278,0.7602818647960237,12,12,273295,2000,2000,0,2000
Qcells,Alice2018Test,S2_new_origins,144,low-power,48,Inverted mean,Original B,1.0598177387162544,0.2957297386579551,0.7640880000582992,0.5720052560674276,0.9767353515613567,-2.5837374473253547,-4.612421145507801,-1.6598281301146365,12,12,273295,2000,2000,0,2000
Qcells,Alice2018Test,S2_new_origins,144,low-power,48,Inverted mean,Expanded B,1.0598177387162544,0.22861909207840017,0.8311986466378541,0.6102182695743446,1.061290256546836,-3.6357359268700615,-4.408887276598808,-2.8549343095563775,12,12,273295,2000,2000,0,2000
Qcells,Alice2018Test,S2_new_origins,144,low-power,48,Expanded B,Original B,0.22861909207840017,0.2957297386579551,-0.06711064657955493,-0.16207356386189012,0.010541115195816764,0.2269323568340078,-0.05252055971194984,0.37843391028603274,12,12,273295,2000,2000,0,2000
Qcells,Alice2018Test,S2_new_origins,144,low-power,48,Expanded B,Expanded A,0.22861909207840017,1.7127563731732154,-1.4841372810948152,-2.123404494620022,-0.9610525861098033,0.8665197831640009,0.825083508900287,0.8870679786113187,12,12,273295,2000,2000,0,2000
Qcells,Alice2018Test,S2_new_origins,144,low-power,72,Original A,Daily,1.7127563731732152,0.0011270314043550984,1.7116293417688602,1.2328832813193389,2.4366051289368515,-1518.7059873884136,-2227.8211075222666,-1017.9408303388309,8,8,273295,2000,2000,0,2000
Qcells,Alice2018Test,S2_new_origins,144,low-power,72,Original A,Last-value,1.7127563731732152,3.40707005867643,-1.6943136855032148,-2.2826153989486477,-0.9502474164926449,0.49729346808953423,0.2867074116068197,0.6453059002100273,8,8,273295,2000,2000,0,2000
Qcells,Alice2018Test,S2_new_origins,144,low-power,72,Expanded A,Daily,1.7127563731732152,0.0011270314043550984,1.7116293417688602,1.2328832813193389,2.4366051289368515,-1518.7059873884136,-2227.8211075222666,-1017.9408303388309,8,8,273295,2000,2000,0,2000
Qcells,Alice2018Test,S2_new_origins,144,low-power,72,Expanded A,Last-value,1.7127563731732152,3.40707005867643,-1.6943136855032148,-2.2826153989486477,-0.9502474164926449,0.49729346808953423,0.2867074116068197,0.6453059002100273,8,8,273295,2000,2000,0,2000
Qcells,Alice2018Test,S2_new_origins,144,low-power,72,Original B,Daily,0.2957297386579551,0.0011270314043550984,0.2946027072536,0.19422663596435247,0.43170675358044025,-261.3970703169318,-392.72886383946496,-163.13636529255507,8,8,273295,2000,2000,0,2000
Qcells,Alice2018Test,S2_new_origins,144,low-power,72,Original B,Last-value,0.2957297386579551,3.40707005867643,-3.111340320018475,-3.345476058640024,-2.8996614696852965,0.9132011571335755,0.8730190542088129,0.944019621647574,8,8,273295,2000,2000,0,2000
Qcells,Alice2018Test,S2_new_origins,144,low-power,72,Expanded B,Daily,0.22861909207840014,0.0011270314043550984,0.22749206067404504,0.19660936216371191,0.2742665964341584,-201.85068472357156,-251.20062922224983,-164.11179652092576,8,8,273295,2000,2000,0,2000
Qcells,Alice2018Test,S2_new_origins,144,low-power,72,Expanded B,Last-value,0.22861909207840014,3.40707005867643,-3.17845096659803,-3.3473864989309625,-3.019926958209284,0.9328986231157179,0.9185073200409586,0.9433371441316222,8,8,273295,2000,2000,0,2000
Qcells,Alice2018Test,S2_new_origins,144,low-power,72,Inverted42,Daily,1.0438950088418804,0.0011270314043550984,1.0427679774375254,0.84281266782308,1.3219032635349464,-925.2341801728322,-1205.685798360946,-705.804419039667,8,8,273295,2000,2000,0,2000
Qcells,Alice2018Test,S2_new_origins,144,low-power,72,Inverted42,Last-value,1.0438950088418804,3.40707005867643,-2.36317504983455,-2.648273014771594,-2.035497674770728,0.6936091741983696,0.6105949828196815,0.7556095389246067,8,8,273295,2000,2000,0,2000
Qcells,Alice2018Test,S2_new_origins,144,low-power,72,Inverted43,Daily,1.0900116772000812,0.0011270314043550984,1.0888846457957262,0.8730452332724228,1.3808479980751953,-966.1528876551578,-1260.8329447705707,-730.4996088690759,8,8,273295,2000,2000,0,2000
Qcells,Alice2018Test,S2_new_origins,144,low-power,72,Inverted43,Last-value,1.0900116772000812,3.40707005867643,-2.3170583814763486,-2.622164640295761,-1.9748040400478983,0.6800735944879495,0.591588858706435,0.7473021454652864,8,8,273295,2000,2000,0,2000
Qcells,Alice2018Test,S2_new_origins,144,low-power,72,Inverted44,Daily,1.045546530106802,0.0011270314043550984,1.044419498702447,0.8274588987080989,1.332543608642054,-926.6995530617686,-1216.300318725061,-697.1990135411627,8,8,273295,2000,2000,0,2000
Qcells,Alice2018Test,S2_new_origins,144,low-power,72,Inverted44,Last-value,1.045546530106802,3.40707005867643,-2.361523528569628,-2.654243938612674,-2.025025060345264,0.6931244406189365,0.6062446511149235,0.7588135026700993,8,8,273295,2000,2000,0,2000
Qcells,Alice2018Test,S2_new_origins,144,low-power,72,Inverted mean,Daily,1.0598177387162544,0.0011270314043550984,1.0586907073118994,0.8487225501714275,1.3455305905440678,-939.3622069632529,-1227.7966283491062,-712.4594399504934,8,8,273295,2000,2000,0,2000
Qcells,Alice2018Test,S2_new_origins,144,low-power,72,Inverted mean,Last-value,1.0598177387162544,3.40707005867643,-2.3472523199601754,-2.6411098472074923,-2.014516226646015,0.6889357364350852,0.6028028199811338,0.7536387381533804,8,8,273295,2000,2000,0,2000
Qcells,Alice2018Test,S2_new_origins,144,low-power,72,Inverted mean,Original B,1.0598177387162544,0.2957297386579551,0.7640880000582994,0.6348769043978163,0.9230949095986787,-2.5837374473253556,-3.928935385113198,-2.0250958345569012,8,8,273295,2000,2000,0,2000
Qcells,Alice2018Test,S2_new_origins,144,low-power,72,Inverted mean,Expanded B,1.0598177387162544,0.22861909207840014,0.8311986466378544,0.6430240451852863,1.0769386665437424,-3.6357359268700633,-4.050046702751413,-3.088318971898571,8,8,273295,2000,2000,0,2000
Qcells,Alice2018Test,S2_new_origins,144,low-power,72,Expanded B,Original B,0.22861909207840014,0.2957297386579551,-0.06711064657955496,-0.15822748528901115,0.00677734411271516,0.2269323568340078,-0.0337529642603488,0.36728761427665435,8,8,273295,2000,2000,0,2000
Qcells,Alice2018Test,S2_new_origins,144,low-power,72,Expanded B,Expanded A,0.22861909207840014,1.7127563731732152,-1.484137281094815,-2.16056523612175,-1.027955417226695,0.8665197831640009,0.8310901524452947,0.8881540111363508,8,8,273295,2000,2000,0,2000
