block,count,Original A_SSE,Original B_SSE,Expanded A_SSE,Expanded B_SSE,Daily_SSE,Last-value_SSE,Inverted42_SSE,Inverted43_SSE,Inverted44_SSE,Joint-patch Transformer42_SSE,Joint-patch Transformer43_SSE,Joint-patch Transformer44_SSE,site,period,support,horizon,scope,block_hours
0,2435.0,212.90376235185693,109.6968104396836,212.90376235185693,103.40362305093659,123.7082087483061,663.7450852011182,181.26735686469345,271.2835393536931,240.80237146024635,678.2454839933902,763.1874205566373,531.0311334451127,Qcells,Alice2018Test,Original,12,full,24
1,3288.0,337.2861052726702,235.01877156228883,337.2861052726702,213.53897254054255,197.29469694567817,833.1382516626542,295.43437601908613,405.44279719051804,352.75519487171056,778.137349750406,807.4808054695271,597.9188281855071,Qcells,Alice2018Test,Original,12,full,24
2,3288.0,260.8404767324859,123.56603952867296,260.8404767324859,111.83192728161285,219.09134326446315,699.88052578138,256.6657974165057,384.9198198069347,340.8329076965769,1042.985707523487,1374.9360657746568,960.8039966111157,Qcells,Alice2018Test,Original,12,full,24
3,3288.0,296.1012735837704,137.79156726551298,296.1012735837704,165.51725826032393,212.4816046046301,862.9461610421107,312.10128974542107,472.5520361228742,387.0445919728618,792.8754260716057,895.4972919740017,768.336693388166,Qcells,Alice2018Test,Original,12,full,24
4,3288.0,207.9936031568454,41.93833127991826,207.9936031568454,64.05405491661516,136.15855427333273,637.4887071330751,144.18001411125024,268.23349716745946,232.96638285364327,721.4674910146945,765.9677240472009,621.967371373946,Qcells,Alice2018Test,Original,12,full,24
5,3288.0,198.96568347012135,42.59008828127022,198.96568347012135,55.732834709695595,5.278966457981718,613.1397198365129,134.96260017395568,246.46214512926565,237.68717669762734,689.9995987329629,747.7564876547095,563.4474014691345,Qcells,Alice2018Test,Original,12,full,24
6,3288.0,267.5274151026089,105.08795827238954,267.5274151026089,103.44686636271035,16.993182370159357,585.5673012310209,140.8895956014532,234.240192861262,215.7985167086148,682.423960900923,755.0492947515643,499.31467940927587,Qcells,Alice2018Test,Original,12,full,24
7,3288.0,252.17526415208107,177.4363360349651,252.17526415208107,120.13849753169721,51.670842462743295,627.4339653673089,185.89424030664378,300.1035158003212,254.2055392588634,727.1994031414857,765.5090391160242,489.4710714041028,Qcells,Alice2018Test,Original,12,full,24
8,3288.0,271.33137342080704,148.65431387383555,271.33137342080704,91.87194535262283,40.411703798577996,545.9579150682058,173.12536790339584,278.3528498427315,238.84676950549922,716.4512369092442,883.363167968121,550.4233156708087,Qcells,Alice2018Test,Original,12,full,24
9,3276.0,194.9258499445225,79.34413559979454,194.9258499445225,52.99577723953849,10.621550320686147,559.9147772365905,150.70968695189785,269.1754350692463,242.34134124673665,655.955857727085,761.3928738507228,482.50044028885543,Qcells,Alice2018Test,Original,12,full,24
10,3288.0,233.42486738086828,109.55834866643771,233.42486738086828,86.97097331429917,39.988581861446484,640.3650740632794,186.12794928481358,309.4051263719703,249.5681113803462,779.1516957032384,955.1583195455654,658.4183297947882,Qcells,Alice2018Test,Original,12,full,24
11,3276.0,190.1830994420504,53.05305387095602,190.1830994420504,68.46575797799244,105.90431947856263,678.0978592281896,222.46260027102656,386.8963020822957,311.576010149805,829.9502429028167,929.3211016349893,742.5447916237686,Qcells,Alice2018Test,Original,12,full,24
12,3276.0,220.66177172960911,94.4693066426501,220.66177172960911,82.8988421441668,66.54224756884598,662.8058522477451,184.75897858722996,304.40477401423567,304.1758351972702,820.484335079996,915.4105423194911,598.0792513504834,Qcells,Alice2018Test,Original,12,full,24
13,3131.0,282.34502142364306,255.9760010668293,282.34502142364306,178.82271387912263,144.6792741036507,774.3288605076327,258.00850552942745,397.3050414288332,363.0657857874293,892.0431206157932,986.8981136920779,674.6358411460274,Qcells,Alice2018Test,Original,12,full,24
14,3276.0,360.1909169370783,272.0120699804861,360.1909169370783,218.87019927374277,234.45293049812523,825.6293435302133,289.16944501037295,412.58874742299935,363.48119916941005,1379.7210098954852,1805.020145534952,1261.9764528777134,Qcells,Alice2018Test,Original,12,full,24
15,3288.0,285.81642729822,166.04360266375963,285.81642729822,145.3552110899808,274.68739417934535,794.6077553648224,324.0998791568812,447.40619865318126,398.0770714380921,1104.0290199444805,1384.4713860991378,1166.2430289251095,Qcells,Alice2018Test,Original,12,full,24
16,3288.0,276.0994582391807,138.1493161862038,276.0994582391807,138.92728118804766,202.21402153700137,757.1542169087386,264.6151673067721,405.7400536754038,357.9697339030272,864.6399961827406,952.1195977343507,720.8915426257928,Qcells,Alice2018Test,Original,12,full,24
17,3288.0,213.44861339084727,86.93392352582457,213.44861339084727,89.9764903138049,9.704857194007882,690.0359857921637,201.96598239675228,330.6790123333324,321.0593784400638,793.3058295005977,823.3723933953551,603.8032938986028,Qcells,Alice2018Test,Original,12,full,24
18,3288.0,375.1138537066192,165.78784220103307,375.1138537066192,146.78286606558146,83.22271985563262,695.2155830324806,213.79458323118294,321.2984765476075,314.3478150744781,882.7428186905636,938.6582981472817,666.5082584922743,Qcells,Alice2018Test,Original,12,full,24
19,3132.0,412.4834076026959,163.56957037944048,412.4834076026959,125.90436261303553,54.621352220351575,561.7357007540677,147.17295895508096,240.0650795167804,203.13148564426902,767.9510952045504,862.837334735879,621.7467554941572,Qcells,Alice2018Test,Original,12,full,24
20,3276.0,357.07154726802986,181.72623867833798,357.07154726802986,132.4506478503214,40.401800765636516,649.0471583530461,221.5751863580374,342.3949319696193,292.07504411765535,935.6020435364652,1130.0441214924813,759.1310227718271,Qcells,Alice2018Test,Original,12,full,24
21,3288.0,353.30346179131885,156.55736563356876,353.30346179131885,129.78892901367905,2.7097799524226343,658.8156224925725,260.48596728143616,334.1785053598168,319.8000032672652,1480.3935279220739,1918.3509773176906,1406.7588299795282,Qcells,Alice2018Test,Original,12,full,24
22,3288.0,5950.853593710964,2064.9517456748717,5950.853593710964,2631.07148580305,1712.8919583906224,1467.4488558074338,2021.4811392385407,1656.5776620737277,1570.1503314177423,1500.6521276238607,1822.146230007878,1601.3028997213385,Qcells,Alice2018Test,Original,12,full,24
23,3132.0,217.1189463337998,283.07300600660113,217.1189463337998,356.82529890295774,2116.313914470681,699.8491119252682,289.6897141360348,444.33771285744314,379.65006829666436,1251.5297992097353,1671.2910632763703,1228.2607533247995,Qcells,Alice2018Test,Original,12,full,24
0,5723.0,550.1898676245274,344.7155820019724,550.1898676245274,316.94259559147883,321.0029056939843,1496.883336863772,476.7017328837794,676.7263365442102,593.5575663319568,1456.3828337437953,1570.6682260261628,1128.9499616306198,Qcells,Alice2018Test,Original,12,full,48
1,6576.0,556.9417503162567,261.3576067941859,556.9417503162567,277.3491855419367,431.57294786909296,1562.8266868234896,568.7670871619265,857.4718559298088,727.877499669438,1835.8611335950914,2270.4333577486573,1729.1406899992803,Qcells,Alice2018Test,Original,12,full,48
2,6576.0,406.9592866269669,84.52841956118847,406.9592866269669,119.78688962631082,141.43752073131452,1250.628426969588,279.1426142852061,514.695642296725,470.6535595512707,1411.4670897476565,1513.7242117019102,1185.4147728430821,Qcells,Alice2018Test,Original,12,full,48
3,6576.0,519.7026792546907,282.52429430735435,519.7026792546907,223.5853638944077,68.66402483290267,1213.0012665983297,326.7838359080971,534.3437086615835,470.0040559674777,1409.6233640424086,1520.558333867588,988.7857508133786,Qcells,Alice2018Test,Original,12,full,48
4,6564.0,466.2572233653298,227.99844947363013,466.2572233653298,144.8677225921613,51.033254119264164,1105.8726923047957,323.8350548552937,547.5282849119769,481.18811075223573,1372.40709463633,1644.7560418188432,1032.923755959664,Qcells,Alice2018Test,Original,12,full,48
5,6564.0,423.6079668229186,162.6114025373938,423.6079668229186,155.43673129229163,145.8929013400091,1318.4629332914678,408.5905495558401,696.3014284542662,561.1441215301516,1609.1019386060557,1884.479421180554,1400.963121418559,Qcells,Alice2018Test,Original,12,full,48
6,6407.0,503.0067931532521,350.4453077094791,503.0067931532521,261.7215560232895,211.22152167249664,1437.1347127553772,442.7674841166573,701.7098154430686,667.2416209846997,1712.527455695788,1902.3086560115703,1272.715092496512,Qcells,Alice2018Test,Original,12,full,48
7,6564.0,646.0073442352984,438.0556726442462,646.0073442352984,364.22541036372377,509.14032467747035,1620.2370988950347,613.2693241672554,859.9949460761796,761.5582706075013,2483.750029839962,3189.491531634086,2428.219481802821,Qcells,Alice2018Test,Original,12,full,48
8,6576.0,489.5480716300279,225.08323971202827,489.5480716300279,228.90377150185265,211.9188787310094,1447.1902027009014,466.5811497035239,736.4190660087357,679.0291123430906,1657.9458256833386,1775.4919911297047,1324.6948365243968,Qcells,Alice2018Test,Original,12,full,48
9,6420.0,787.5972613093146,329.3574125804734,787.5972613093146,272.68722867861715,137.84407207598423,1256.9512837865473,360.96754218626415,561.3635560643874,517.4793007187478,1650.6939138951127,1801.4956328831604,1288.2550139864313,Qcells,Alice2018Test,Original,12,full,48
10,6564.0,710.375009059348,338.28360431190674,710.375009059348,262.2395768640001,43.11158071805915,1307.862780845619,482.06115363947384,676.5734373294366,611.8750473849204,2415.9955714585394,3048.3950988101733,2165.8898527513566,Qcells,Alice2018Test,Original,12,full,48
11,6420.0,6167.97254004476,2348.0247516814748,6167.97254004476,2987.896784706009,3829.2058728613038,2167.297967732701,2311.1708533745777,2100.9153749311704,1949.800399714407,2752.181926833598,3493.4372932842507,2829.5636530461356,Qcells,Alice2018Test,Original,12,full,48
0,9011.0,811.030344357013,468.2816215306452,811.030344357013,428.77452287309194,540.0942489584472,2196.763862645151,733.367530300284,1061.6461563511446,934.3904740285343,2499.3685412672808,2945.6042918008197,2089.753958241735,Qcells,Alice2018Test,Original,12,full,72
1,9864.0,703.0605602107363,222.31998682670113,703.0605602107363,285.30414788663484,353.91912533594456,2113.5745880116992,591.2439040306267,987.2476784195983,857.698151524132,2204.342515819265,2409.221503675909,1953.7514662312465,Qcells,Alice2018Test,Original,12,full,72
2,9864.0,791.0340526754981,431.1786081811897,791.0340526754981,315.45730924703076,109.07572863148079,1758.9591816665356,499.90920381149255,812.6965585043164,708.8508254729771,2126.0746009516542,2403.9215018357067,1539.2090664841892,Qcells,Alice2018Test,Original,12,full,72
3,9840.0,618.5338167674411,241.95553813718846,618.5338167674411,208.43250853183005,156.5144516606953,1878.3777105280565,559.3002365077381,965.4768635235123,803.4854627768884,2265.0577963331416,2645.8722950312754,1883.4635617074134,Qcells,Alice2018Test,Original,12,full,72
4,9683.0,863.1977100903296,622.4573776899655,863.1977100903296,480.59175529703236,445.6744521706219,2262.7640562855904,731.9369291270298,1114.2985628660676,1030.72282015411,3092.248465591268,3707.328801546522,2534.6915453742263,Qcells,Alice2018Test,Original,12,full,72
5,9864.0,775.3644989282471,391.1268423757884,775.3644989282471,374.25898259183356,486.60627291035416,2241.797958065722,790.6810288604062,1183.8252646619153,1077.1061837811822,2761.9748456278217,3159.9633772288444,2490.937865449505,Qcells,Alice2018Test,Original,12,full,72
6,9696.0,1144.668808577344,511.0836512588109,1144.668808577344,405.13787652893836,178.24587284162087,1905.9984421395923,582.5427285443009,903.7584880340065,809.5543448364039,2586.295957431579,2931.539754375641,2047.3860367582568,Qcells,Alice2018Test,Original,12,full,72
7,9708.0,6521.276001836079,2504.5821173150434,6521.276001836079,3117.6857137196885,3831.9156528137264,2826.113590225271,2571.6568206560123,2435.0938802909864,2269.600402981672,4232.575454755671,5411.788270601937,4236.32248302567,Qcells,Alice2018Test,Original,12,full,72
0,1496.0,201.44700255354354,106.26654224037497,201.44700255354354,93.08250971969939,123.7071014692657,643.5636934549107,169.783246347969,241.0617173650574,227.8392617153175,634.1950199331069,726.4444822500641,495.5722142097173,Qcells,Alice2018Test,Original,12,power-active,24
1,1496.0,325.078142284764,230.52249536015492,325.078142284764,201.07834156225093,197.2936206567775,810.8145078971246,277.889177682794,348.2259407104042,329.7486456672485,645.2308930412389,743.0965179361934,551.3994507196193,Qcells,Alice2018Test,Original,12,power-active,24
2,1496.0,247.15602103723137,119.04610054874898,247.15602103723137,99.14274456722848,219.08947258696807,677.6506733100698,238.98288742440081,329.6703081675091,313.9081080599389,900.9252252957282,1311.0179640005556,909.8230738472668,Qcells,Alice2018Test,Original,12,power-active,24
3,1512.0,285.9546091133594,134.47542687567002,285.9546091133594,155.89041722919703,212.48017844121748,849.5511293503693,292.7353531568222,404.4163585135578,356.67855954834454,718.6456457831397,858.6037214134168,715.8580616438603,Qcells,Alice2018Test,Original,12,power-active,24
4,1512.0,198.3176729422383,39.29622330964492,198.3176729422383,55.06745256403651,136.15785972680266,625.4664263088827,129.21231762293283,217.96151477927054,216.21805694338067,649.7730961353951,724.1661272732442,581.3622433624755,Qcells,Alice2018Test,Original,12,power-active,24
5,1512.0,189.527336964095,39.71575657367033,189.527336964095,46.76307471389294,5.278088494186602,600.3938854006233,119.7726795583324,200.4521155199421,219.8541834594162,620.2958351792701,703.0119279834482,519.8464950746032,Qcells,Alice2018Test,Original,12,power-active,24
6,1512.0,259.34228861091464,101.99691626972798,259.34228861091464,94.26836436125696,16.991739267772257,573.1915964709013,125.42340655544021,184.33336489706826,197.7906033848301,602.0461845524974,712.5426626964085,455.5046493095877,Qcells,Alice2018Test,Original,12,power-active,24
7,1515.0,247.65304514122744,174.78479965314554,247.65304514122744,112.30226333000348,51.66985421862892,621.4263628212441,169.52060786523285,247.00935512490202,231.46360115203962,613.3051252553302,715.6691839996095,458.8533623100569,Qcells,Alice2018Test,Original,12,power-active,24
8,1515.0,266.43726906202016,145.9428095215238,266.43726906202016,83.35734534380677,40.41078250148156,540.4647293622108,155.1440380665246,223.16764536239143,211.6647514990134,599.1855138482468,820.9031814497234,507.572656434278,Qcells,Alice2018Test,Original,12,power-active,24
9,1515.0,190.58265423395704,76.34443240686471,190.58265423395704,45.04816771349236,10.619923227828295,554.0007712604285,134.58770279845766,217.69824217533366,217.49126342950106,555.9502200332129,709.5599047313132,451.54480390649564,Qcells,Alice2018Test,Original,12,power-active,24
10,1529.0,230.7633245008056,107.68427604582577,230.7633245008056,81.02101393882377,39.98822822144736,638.5276657589739,172.9672116265627,258.0128685877017,232.8177036220523,716.668828744121,921.9318438633536,621.9985800714489,Qcells,Alice2018Test,Original,12,power-active,24
11,1529.0,188.04745948192422,51.262838823773436,188.04745948192422,62.1550348511284,105.90379668774885,675.9516702011704,210.8800484108395,337.77890708849645,296.01839564488995,754.4587477305284,896.6852321048489,710.6840890962081,Qcells,Alice2018Test,Original,12,power-active,24
12,1529.0,218.46234459114888,92.96739301488087,218.46234459114888,77.53646469855597,66.5370537395042,660.683701345054,170.5034294970671,259.18153326318753,287.25620940713094,748.0772750730434,878.9784151026067,568.1222106728188,Qcells,Alice2018Test,Original,12,power-active,24
13,1473.0,279.575153742933,255.25305322174063,279.575153742933,176.77605732908498,144.67925988142883,770.3589749516514,241.98711450295784,346.0285895076708,339.4363919169227,794.9932457664083,934.6049448114709,643.4795366308734,Qcells,Alice2018Test,Original,12,power-active,24
14,1539.0,356.00421715525476,269.2617073357488,356.00421715525476,212.28599016084405,234.45256039990608,821.0818050677369,270.6386056321932,359.2286071867771,332.91712530261333,1239.3765556511273,1738.789258027134,1214.8217158370508,Qcells,Alice2018Test,Original,12,power-active,24
15,1539.0,282.1638569891261,163.58018543313884,282.1638569891261,138.46009473950866,274.68735223274456,788.9802201677513,309.8532625612577,402.05132377754757,376.6485960500561,999.2182430827229,1332.1714150378705,1115.9990356725439,Qcells,Alice2018Test,Original,12,power-active,24
16,1536.0,267.9011303952798,135.8538245776427,267.9011303952798,131.33055617037894,202.2118112902521,747.5472659179743,250.53410050216047,348.56685173205193,340.65964161978815,786.645785957777,916.6386282933325,670.3912419950267,Qcells,Alice2018Test,Original,12,power-active,24
17,1536.0,206.36327352736714,84.22091997783687,206.36327352736714,80.96766163497311,9.7040625219395,679.1724460969084,188.83663168995903,282.5322562626619,304.70506580970374,699.6831080935168,787.0560017787692,565.6103587959695,Qcells,Alice2018Test,Original,12,power-active,24
18,1536.0,367.37187618967937,162.8480301880034,367.37187618967937,137.24033161473665,83.22216457633398,684.4982358995287,199.9912332956574,275.6297010906509,297.50067120037664,796.0309641333799,896.2251868534076,629.6661983764855,Qcells,Alice2018Test,Original,12,power-active,24
19,1482.0,403.7598690549439,162.08491394909652,403.7598690549439,121.91898464321874,54.62132557586202,551.760274239797,131.6405234753606,190.1687282765125,184.26469589259872,679.2648855473391,818.082440693126,584.8770813521229,Qcells,Alice2018Test,Original,12,power-active,24
20,1548.0,349.9384147019916,179.1033677028763,349.9384147019916,126.26766814766172,40.40166790802582,638.9921783235881,204.58858395972985,290.58093495450197,268.05023715603255,790.6264042365574,1065.2995928852627,703.4479866948777,Qcells,Alice2018Test,Original,12,power-active,24
21,1548.0,345.60422482423576,153.90004042702384,345.60422482423576,121.528807440517,2.709427405704105,650.7697938412379,247.79012230789826,287.92584949761135,297.2223307741415,1326.0713640647157,1866.2631556715355,1353.8420651010042,Qcells,Alice2018Test,Original,12,power-active,24
22,1548.0,5919.573881529802,2062.223870049368,5919.573881529802,2622.384539358797,1712.8905726097528,1464.949433566612,1994.2825816282832,1581.80343348527,1513.4129785507982,1366.653633673676,1777.31104502976,1538.6209384554713,Qcells,Alice2018Test,Original,12,power-active,24
23,1551.0,212.9815574968342,280.7577154153648,212.9815574968342,350.47310105095664,2116.3113664843454,694.4850806293176,272.5756708997582,404.8985209675143,356.6880324999019,1139.9690541232173,1631.8247295132758,1193.3012743651896,Qcells,Alice2018Test,Original,12,power-active,24
0,2992.0,526.5251448383074,336.78903760053004,526.5251448383074,294.16085128195016,321.00072212604323,1454.378201352035,447.672424030763,589.2876580754614,557.587907382566,1279.4259129743455,1469.5410001862563,1046.9716649293357,Qcells,Alice2018Test,Original,12,power-active,48
1,3008.0,533.1106301505911,253.52152742441896,533.1106301505911,255.03316179642545,431.5696510281852,1527.2018026604376,531.7182405812229,734.0866666810663,670.5866676082834,1619.5708710788658,2169.6216854139698,1625.6811354911251,Qcells,Alice2018Test,Original,12,power-active,48
2,3024.0,387.84500990633353,79.01197988331528,387.84500990633353,101.83052727792943,141.43594822098936,1225.860311709506,248.9849971812652,418.41363029921274,436.0722404027968,1270.0689313146647,1427.1780552566927,1101.20873843708,Qcells,Alice2018Test,Original,12,power-active,48
3,3027.0,506.99533375214236,276.7817159228734,506.99533375214236,206.57062769126048,68.66159348640119,1194.6179592921458,294.944014420673,431.3427200219702,429.25420453686974,1215.3513098078267,1428.2118466960185,914.3580116196442,Qcells,Alice2018Test,Original,12,power-active,48
4,3030.0,457.0199232959776,222.28724192838854,457.0199232959776,128.40551305729906,51.0307057293099,1094.4655006226392,289.7317408649823,440.86588753772486,429.15601492851437,1155.1357338814598,1530.4630861810367,959.1174603407737,Qcells,Alice2018Test,Original,12,power-active,48
5,3058.0,418.81078398272984,158.9471148695993,418.81078398272984,143.17604878995218,145.8920249091962,1314.479335960143,383.84726003740224,595.7917756761983,528.8360992669425,1471.1275764746504,1818.6170759682018,1332.6826691676583,Qcells,Alice2018Test,Original,12,power-active,48
6,3002.0,498.03749833408176,348.2204462366213,498.03749833408176,254.3125220276409,211.216313620933,1431.042676296705,412.4905440000248,605.2101227708582,626.6926013240536,1543.070520839452,1813.583359914078,1211.6017473036925,Qcells,Alice2018Test,Original,12,power-active,48
7,3078.0,638.1680741443809,432.8418927688879,638.1680741443809,350.746084900353,509.1399126326505,1610.062025235487,580.4918681934514,761.2799309643234,709.5657213526687,2238.5947987338477,3070.960673065003,2330.8207515095937,Qcells,Alice2018Test,Original,12,power-active,48
8,3072.0,474.264403922647,220.07474455547944,474.264403922647,212.29821780535207,211.9158738121918,1426.7197120148812,439.3707321921196,631.0991079947139,645.3647074294919,1486.328894051294,1703.6946300721017,1236.0016007909965,Qcells,Alice2018Test,Original,12,power-active,48
9,3018.0,771.1317452446231,324.9329441370995,771.1317452446231,259.1593162579554,137.84349015219598,1236.2585101393242,331.631756771018,465.7984293671634,481.7653670929755,1475.2958496807182,1714.307627546533,1214.5432797286076,Qcells,Alice2018Test,Original,12,power-active,48
10,3096.0,695.5426395262276,333.00340812990027,695.5426395262276,247.79647558817882,43.11109531372992,1289.7619721648261,452.37870626762816,578.5067844521132,565.2725679301742,2116.6977683012733,2931.5627485567998,2057.2900517958833,Qcells,Alice2018Test,Original,12,power-active,48
11,3099.0,6132.555439026631,2342.981585464735,6132.555439026631,2972.8576404097535,3829.201939094098,2159.434514195929,2266.858252528043,1986.7019544527848,1870.1010110507002,2506.622687796893,3409.1357745430364,2731.92221282066,Qcells,Alice2018Test,Original,12,power-active,48
0,4488.0,773.6811658755388,455.835138149279,773.6811658755388,393.3035958491785,540.090194713011,2132.0288746621045,686.655311455163,918.9579662429703,871.4960154425046,2180.3511382700726,2780.5589641868114,1956.7947387766026,Qcells,Alice2018Test,Original,12,power-active,72
1,4536.0,673.7996190196919,213.48740675898506,673.7996190196919,257.7209445071263,353.9161266622067,2075.4114410598763,541.7203503380875,822.82998881277,792.7507999511413,1988.7145770978057,2285.781776670109,1817.0668000809385,Qcells,Alice2018Test,Original,12,power-active,72
2,4542.0,773.432602814162,422.72452544439716,773.432602814162,289.9279730350673,109.07237598788286,1735.0826886543568,450.08805248719733,654.5103653843622,640.9189560358832,1814.5368236560741,2249.1150281457417,1421.9306680539228,Qcells,Alice2018Test,Original,12,power-active,72
3,4573.0,609.3934382166865,235.29154727646403,609.3934382166865,188.2242165034445,156.51194813702455,1868.48010722057,518.4349628358597,813.4900178515313,746.3273626964437,2027.0777965078635,2528.176980699515,1784.2274730741533,Qcells,Alice2018Test,Original,12,power-active,72
4,4541.0,854.0417154893361,617.4821535723703,854.0417154893361,466.598512188485,445.6688740208392,2252.1244813644416,683.129149632218,964.4387299576348,959.6097266266667,2782.447076490578,3552.372617941211,2426.423463140744,Qcells,Alice2018Test,Original,12,power-active,72
5,4611.0,756.4282609117726,383.6549299886185,756.4282609117726,350.7583125448607,486.6032260449358,2215.699932182631,749.2239947533775,1033.1504317722604,1022.0133034795482,2485.5471371340163,3035.866045109973,2352.000636463539,Qcells,Alice2018Test,Original,12,power-active,72
6,4566.0,1121.0701599466145,504.0363118399756,1121.0701599466145,385.42698440561736,178.24515806022197,1875.250688462912,536.2203407307477,756.3793643216654,749.8156042490078,2265.922253917277,2779.6072204317948,1917.991266423485,Qcells,Alice2018Test,Original,12,power-active,72
7,4647.0,6478.159663850867,2496.8816258917586,6478.159663850867,3094.386447850271,3831.911366499802,2810.2043080371645,2514.648374835941,2274.627803950397,2167.323341824842,3832.69405186161,5275.39893021457,4085.7642779216676,Qcells,Alice2018Test,Original,12,power-active,72
0,939.0,11.45675979831336,3.4302681993086486,11.45675979831336,10.321113331237225,0.0011072790403976235,20.181391746207684,11.484110516724462,30.221821988635586,12.9631097449289,44.05046406028355,36.74293830657365,35.458919235396124,Qcells,Alice2018Test,Original,12,low-power,24
1,1792.0,12.207962987906514,4.496276202133874,12.207962987906514,12.460630978291547,0.0010762889006184365,22.323743765529656,17.5451983362919,57.216856480113805,23.006549204461788,132.9064567091672,64.38428753333396,46.51937746588784,Qcells,Alice2018Test,Original,12,low-power,24
2,1792.0,13.684455695254254,4.519938979924007,13.684455695254254,12.689182714384346,0.0018706774951086568,22.22985247131034,17.68290999210483,55.249511639425684,26.924799636638202,142.06048222775908,63.918101774102574,50.98092276384942,Qcells,Alice2018Test,Original,12,low-power,24
3,1776.0,10.146664470411002,3.3161403898430355,10.146664470411002,9.626841031126899,0.0014261634125879844,13.39503169174159,19.3659365885988,68.13567760931667,30.366032424517464,74.22978028846615,36.89357056058442,52.47863174430571,Qcells,Alice2018Test,Original,12,low-power,24
4,1776.0,9.675930214607064,2.6421079702733423,9.675930214607064,8.986602352578677,0.0006945465300728767,12.022280824192572,14.96769648831744,50.27198238818891,16.7483259102626,71.69439487930016,41.8015967739563,40.605128011470626,Qcells,Alice2018Test,Original,12,low-power,24
5,1776.0,9.438346506026264,2.874331707599856,9.438346506026264,8.969759995802638,0.0008779637951158142,12.745834435889432,15.189920615623361,46.01002960932349,17.83299323821102,69.70376355369305,44.74455967126098,43.60090639453157,Qcells,Alice2018Test,Original,12,low-power,24
6,1776.0,8.185126491694412,3.091042002661498,8.185126491694412,9.178502001453397,0.00144310238710433,12.375704760119575,15.466189046012897,49.90682796419366,18.007913323784646,80.37777634842561,42.50663205515582,43.81003009968833,Qcells,Alice2018Test,Original,12,low-power,24
7,1773.0,4.5222190108536955,2.6515363818194606,4.5222190108536955,7.836234201693733,0.0009882441143788832,6.007602546064887,16.373632441410948,53.09416067541931,22.741938106823618,113.89427788615612,49.83985511641486,30.617709094045953,Qcells,Alice2018Test,Original,12,low-power,24
8,1773.0,4.894104358786865,2.711504352311755,4.894104358786865,8.514600008816117,0.0009212970964321084,5.4931857059950175,17.981329836871268,55.185204480340104,27.18201800648582,117.26572306099696,62.459986518397244,42.85065923653098,Qcells,Alice2018Test,Original,12,low-power,24
9,1761.0,4.34319571056536,2.9997031929298412,4.34319571056536,7.947609526046105,0.0016270928578515974,5.914005976162027,16.12198415344011,51.477192893912694,24.850077817235636,100.00563769387206,51.832969119409974,30.955636382359877,Qcells,Alice2018Test,Original,12,low-power,24
10,1759.0,2.661542880062617,1.874072620611941,2.661542880062617,5.949959375475437,0.0003536399991335245,1.8374083043055558,13.160737658250827,51.39225778426846,16.750407758293786,62.48286695911723,33.22647568221151,36.41974972333919,Qcells,Alice2018Test,Original,12,low-power,24
11,1747.0,2.135639960126188,1.7902150471825748,2.135639960126188,6.310723126864067,0.0005227908137639055,2.1461890270192514,11.58255186018712,49.117394993799465,15.557614504915076,75.49149517228813,32.63586953014063,31.860702527560875,Qcells,Alice2018Test,Original,12,low-power,24
12,1747.0,2.199427138460294,1.50191362776925,2.199427138460294,5.36237744561087,0.0051938293417795964,2.1221509026910623,14.255549090162834,45.223240751047975,16.9196257901392,72.40706000695258,36.432127216884496,29.95704067766407,Qcells,Alice2018Test,Original,12,low-power,24
13,1658.0,2.7698676807099734,0.7229478450886525,2.7698676807099734,2.0466565500376546,1.422222185181851e-05,3.969885555981362,16.021391026469598,51.27645192116257,23.629393870506856,97.04987484938462,52.29316888060732,31.156304515154115,Qcells,Alice2018Test,Original,12,low-power,24
14,1737.0,4.186699781823524,2.75036264473736,4.186699781823524,6.58420911289879,0.0003700982191219223,4.547538462476251,18.5308393781798,53.360140236222115,30.564073866796836,140.34445424435793,66.23088750781733,47.15473704066143,Qcells,Alice2018Test,Original,12,low-power,24
15,1749.0,3.6525703090940844,2.46341723062078,3.6525703090940844,6.895116350472125,4.1946600821746557e-05,5.627535197071161,14.24661659562371,45.35487487563367,21.428475388036077,104.81077686175777,52.29997106126613,50.24399325256506,Qcells,Alice2018Test,Original,12,low-power,24
16,1752.0,8.198327843900728,2.295491608561182,8.198327843900728,7.596725017668805,0.002210246749264723,9.606950990764139,14.08106680461164,57.173201943351884,17.310092283239026,77.99421022496387,35.48096944101811,50.5003006307662,Qcells,Alice2018Test,Original,12,low-power,24
17,1752.0,7.08533986348002,2.71300354798768,7.08533986348002,9.00882867883179,0.0007946720683827697,10.863539695255454,13.129350706793176,48.14675607067045,16.354312630360127,93.62272140708139,36.31639161658545,38.1929351026334,Qcells,Alice2018Test,Original,12,low-power,24
18,1752.0,7.741977516939971,2.9398120130297216,7.741977516939971,9.542534450844784,0.0005552792986324315,10.717347132951808,13.803349935525675,45.66877545695673,16.847143874101345,86.71185455718344,42.433111293874084,36.84206011578889,Qcells,Alice2018Test,Original,12,low-power,24
19,1650.0,8.723538547751698,1.484656430344018,8.723538547751698,3.985377969816774,2.6644489544230722e-05,9.97542651427068,15.532435479720341,49.89635124026769,18.866789751670346,88.68620965721125,44.75489404275298,36.86967414203433,Qcells,Alice2018Test,Original,12,low-power,24
20,1728.0,7.133132566038202,2.622870975461725,7.133132566038202,6.182979702659579,0.0001328576106820192,10.054980029458047,16.98660239830767,51.81399701511741,24.024806961623195,144.97563929990793,64.74452860721897,55.6830360769494,Qcells,Alice2018Test,Original,12,low-power,24
21,1740.0,7.699236967082951,2.6573252065449453,7.699236967082951,8.260121573161985,0.0003525467185290572,8.045828651334755,12.695844973537845,46.25265586220586,22.577672493123682,154.32216385735782,52.08782164615495,52.916764878524376,Qcells,Alice2018Test,Original,12,low-power,24
22,1740.0,31.279712181160914,2.72787562550325,31.279712181160914,8.686946444252586,0.0013857808696094809,2.4994222408217768,27.19855761025773,74.77422858845836,56.737352866943844,133.998493950184,44.835184978118875,62.68196126586764,Qcells,Alice2018Test,Original,12,low-power,24
23,1581.0,4.137388836965658,2.315290591236273,4.137388836965658,6.3521978520010105,0.0025479863357932377,5.364031295950487,17.114043236276625,39.4391918899288,22.962035796762624,111.56074508651855,39.46633376309417,34.95947895960952,Qcells,Alice2018Test,Original,12,low-power,24
0,2731.0,23.66472278621987,7.926544401442525,23.66472278621987,22.781744309528765,0.002183567941016061,42.505135511737336,29.029308853016357,87.43867846874943,35.9696589493907,176.95692076945065,101.1272258399076,81.97829670128397,Qcells,Alice2018Test,Original,12,low-power,48
1,3568.0,23.83112016566525,7.836079369767041,23.83112016566525,22.316023745511256,0.0032968409076966423,35.62488416305192,37.04884658070361,123.38518924874235,57.29083206115565,216.29026251622523,100.811672334687,103.45955450815514,Qcells,Alice2018Test,Original,12,low-power,48
2,3552.0,19.114276720633313,5.516439677873198,19.114276720633313,17.95636234838132,0.0015725103251886905,24.76811526008199,30.15761710394081,96.28201199751233,34.58131914847365,141.39815843299323,86.54615644521728,84.20603440600212,Qcells,Alice2018Test,Original,12,low-power,48
3,3549.0,12.707345502548108,5.742578384480958,12.707345502548108,17.01473620314713,0.0024313465014832144,18.383307306184452,31.839821487423876,103.00098863961293,40.74985143060826,194.27205423458167,92.34648717157063,74.42773919373425,Qcells,Alice2018Test,Original,12,low-power,48
4,3534.0,9.23730006935222,5.711207545241601,9.23730006935222,16.462209534862243,0.0025483899542837053,11.407191682157048,34.10331399031141,106.66239737425279,52.03209582372149,217.2713607548689,114.29295563780722,73.80629561889079,Qcells,Alice2018Test,Original,12,low-power,48
5,3506.0,4.797182840188805,3.6642876677945164,4.797182840188805,12.260682502339504,0.0008764308128974301,3.983597331324807,24.743289518437926,100.50965277806786,32.308022263208855,137.97436213140531,65.86234521235218,68.28045225090003,Qcells,Alice2018Test,Original,12,low-power,48
6,3405.0,4.969294819170267,2.2248614728579015,4.969294819170267,7.409033995648518,0.005208051563631414,6.092036458672425,30.276940116632442,96.49969267221056,40.54901966064606,169.4569348563371,88.72529609749171,61.11334519281819,Qcells,Alice2018Test,Original,12,low-power,48
7,3486.0,7.839270090917609,5.213779875358138,7.839270090917609,13.479325463370913,0.000412044819943669,10.175073659547415,32.77745597380349,98.71501511185569,51.992549254832866,245.15523110611565,118.53085856908334,97.39873029322648,Qcells,Alice2018Test,Original,12,low-power,48
8,3504.0,15.28366770738074,5.008495156548861,15.28366770738074,16.605553696500603,0.0030049188176474928,20.470490686019584,27.210417511404824,105.31995801402235,33.664404913599135,171.6169316320455,71.79736105760354,88.69323573339963,Qcells,Alice2018Test,Original,12,low-power,48
9,3402.0,16.46551606469168,4.424468443373742,16.46551606469168,13.527912420661572,0.0005819237881766622,20.692773647222488,29.335785415245997,95.56512669722439,35.71393362577169,175.3980642143946,87.18800533662704,73.7117342578232,Qcells,Alice2018Test,Original,12,low-power,48
10,3468.0,14.832369533121154,5.280196182006666,14.832369533121154,14.44310127582157,0.0004854043292110764,18.1008086807928,29.682447371845488,98.06665287732329,46.60247945474689,299.2978031572657,116.83235025337396,108.59980095547377,Qcells,Alice2018Test,Original,12,low-power,48
11,3321.0,35.41710101812658,5.043166216739521,35.41710101812658,15.039144296253598,0.003933767205402719,7.863453536772264,44.31260084653431,114.21342047838714,79.69938866370646,245.55923903670248,84.30151874121309,97.64144022547718,Qcells,Alice2018Test,Original,12,low-power,48
0,4523.0,37.34917848147412,12.446483381366528,37.34917848147412,35.470927023913134,0.0040542454361247185,64.73498798304765,46.71221884512118,142.68819010817518,62.89445858602894,319.01740299720996,165.04532761401015,132.95921946513346,Qcells,Alice2018Test,Original,12,low-power,72
1,5328.0,29.2609411910443,8.832580067716231,29.2609411910443,27.583203379508234,0.0029986737377766764,38.1631469518236,49.52355369253961,164.41768960682907,64.94735157299107,215.62793872145951,123.43972700580166,136.6846661503079,Qcells,Alice2018Test,Original,12,low-power,72
2,5322.0,17.601449861334974,8.454082736792714,17.601449861334974,25.52933621196326,0.0033526435979153234,23.876493012179473,49.82115132429516,158.18619311995306,67.9318694370941,311.53777729557834,154.80647368996782,117.2783984302653,Qcells,Alice2018Test,Original,12,low-power,72
3,5267.0,9.140378550754157,6.663990860724357,9.140378550754157,20.208292028385614,0.002503523670749026,9.897603307486841,40.86527367187804,151.9868456719806,57.15810008044452,237.97999982527753,117.69531433176209,99.2360886332599,Qcells,Alice2018Test,Original,12,low-power,72
4,5142.0,9.155994600993791,4.975224117595258,9.155994600993791,13.99324310854731,0.005578149782753336,10.639574921148672,48.80777949481221,149.85983290843265,71.11309352744289,309.8013891006951,154.95618360530898,108.2680822334797,Qcells,Alice2018Test,Original,12,low-power,72
5,5253.0,18.93623801647483,7.471912387169644,18.93623801647483,23.500670046972722,0.003046865418469239,26.09802588309074,41.45703410702852,150.67483288965607,55.09288030163524,276.4277084938029,124.09733211886983,138.93722898596465,Qcells,Alice2018Test,Original,12,low-power,72
6,5130.0,23.598648630729876,7.047339418835475,23.598648630729876,19.710892123321138,0.000714781398858681,30.747753676680535,46.322387813553725,147.3791237123417,59.738740587394844,320.37370351430263,151.932533943846,129.3947703347726,Qcells,Alice2018Test,Original,12,low-power,72
7,5061.0,43.1163379852095,7.700491423284467,43.1163379852095,23.2992658694156,0.004286313923931776,15.909282188107005,57.00844582007214,160.46607634059302,102.27706115683017,399.8814028940601,136.38934038736798,150.5582051040015,Qcells,Alice2018Test,Original,12,low-power,72
0,2545.0,229.2546707528399,113.98450795912153,229.2546707528399,124.15966231004043,123.71974274941873,693.650421982759,196.1159033346568,289.459259158428,256.12906083284776,773.976571156408,858.2957800163939,597.304815264281,Qcells,Alice2018Test,S1,12,full,24
1,3409.0,354.24919449885965,240.68544417842767,354.24919449885965,237.60288302626608,197.31147015201404,869.6484322516967,311.6451038747207,427.8151521681418,369.17106485106234,882.9215787078789,907.9976365623779,670.5904243377644,Qcells,Alice2018Test,S1,12,full,24
2,3409.0,276.73254871522136,128.7660863798396,276.73254871522136,134.97608697214963,219.10608565945006,735.8212550373307,272.0321284222117,405.8642879435317,355.57474775368553,1143.830388496365,1473.2788694034512,1029.8177281316555,Qcells,Alice2018Test,S1,12,full,24
3,3409.0,319.9477496023839,143.3588970792889,319.9477496023839,193.39513443258272,212.50492499919812,900.2020292918172,329.51146436953144,491.27818653403693,405.2264728020398,910.48769336644,1014.9081239112631,854.7307993395506,Qcells,Alice2018Test,S1,12,full,24
4,3409.0,234.8639198149644,47.97273022478502,234.8639198149644,93.3072774442644,136.40602533398996,669.5873094206149,160.2707533518402,286.42576056627837,249.05602260193604,835.5687521777518,880.1172345144533,709.2668089684428,Qcells,Alice2018Test,S1,12,full,24
5,3409.0,221.30750814294382,47.938209779684776,221.30750814294382,82.33369346696684,5.582274377210151,647.967303481889,150.57982223887626,265.469347793047,252.71212686024884,803.0491704786226,861.1738692907971,644.5089300441674,Qcells,Alice2018Test,S1,12,full,24
6,3409.0,287.90224530305187,110.81239572309158,287.90224530305187,128.49433850300588,17.006207266335135,619.2721600263874,155.33114191241089,253.65267788678526,229.98937108674613,787.6317370186182,857.2719065445148,575.7583133557297,Qcells,Alice2018Test,S1,12,full,24
7,3409.0,270.117355066963,183.06963800628478,270.117355066963,143.35849238837616,51.71010450590984,661.6336410833568,200.89268496261772,321.22332956944905,267.27524913697897,830.6265084191282,861.7805068590702,563.7173522884375,Qcells,Alice2018Test,S1,12,full,24
8,3409.0,291.36534112032564,154.24903481083703,291.36534112032564,116.02912229954272,40.46722407197962,576.2963077105597,187.6140691074207,299.74718752135203,250.78902306643752,816.5945982533036,977.3936401539805,622.1034873085115,Qcells,Alice2018Test,S1,12,full,24
9,3387.0,211.0863905592854,84.32955986370844,211.0863905592854,74.23312018350929,10.698551361840135,589.7562223752151,162.79833023297198,286.8175657958639,252.3231207628607,747.411205269526,846.8924573406698,548.0498410093386,Qcells,Alice2018Test,S1,12,full,24
10,3399.0,251.7147831819496,113.16077011975285,251.7147831819496,106.6686391667094,40.01702321557617,667.9314406804058,198.86285198636304,327.2037672772401,264.86288104655125,867.2080450613773,1042.0878329745292,725.3029428825257,Qcells,Alice2018Test,S1,12,full,24
11,3387.0,206.19257004551375,57.00883528142763,206.19257004551375,89.63904511497519,106.07606191853668,710.3098192861779,233.86315870345825,401.73650758985,323.22516151463657,930.6521402501423,1028.1724758893733,820.2396322851899,Qcells,Alice2018Test,S1,12,full,24
12,3387.0,238.29204316344334,98.71810290241598,238.29204316344334,105.05880230687411,66.54545665880795,694.2680042324058,197.68592089117803,323.07399138421846,315.7441227900881,919.9520071043745,1009.7869526301909,670.3577341934454,Qcells,Alice2018Test,S1,12,full,24
13,3373.0,306.7288282242946,263.8163426226676,306.7288282242946,204.81253283207363,144.75529475818772,815.8716133011858,286.04033868083127,442.02153129129795,391.97494465704807,996.2553985784868,1081.2743182280417,752.0633057582352,Qcells,Alice2018Test,S1,12,full,24
14,3397.0,376.77824372274335,277.0830405616371,376.77824372274335,240.25167867036106,234.63598937201925,850.1677517939324,306.57414584446985,433.7241685334082,377.3755435469209,1485.1826587408277,1901.6516681848261,1336.4060045269548,Qcells,Alice2018Test,S1,12,full,24
15,3409.0,300.1558241517463,170.5770374259784,300.1558241517463,168.758895113725,274.9704296502866,822.3031278430676,338.5824350145165,464.6678953347254,409.6858531598576,1211.1440816146915,1489.085177796474,1241.4170607696215,Qcells,Alice2018Test,S1,12,full,24
16,3409.0,295.79578193218225,142.62246256613312,295.79578193218225,163.80935575370935,202.5033699620794,785.1688005116014,277.62682974959347,422.71342512659834,373.73881043209644,965.542843835389,1052.9142912227167,798.6639848484853,Qcells,Alice2018Test,S1,12,full,24
17,3409.0,229.37710551539445,90.9123926483975,229.37710551539445,113.1465719103913,9.712506425660901,717.3087163973405,213.75126694517235,345.7858617874837,333.27972204359213,895.54734403409,924.3157329630352,680.7946615736922,Qcells,Alice2018Test,S1,12,full,24
18,3409.0,392.33975163141054,170.64765931144817,392.33975163141054,170.63869106636375,83.22571096791587,722.0315290597943,227.2746478373123,340.931736009526,330.01557015695425,981.2634893794402,1034.156439669294,737.8906907082496,Qcells,Alice2018Test,S1,12,full,24
19,3385.0,444.62052036454594,172.01533054413179,444.62052036454594,158.3704020945039,54.65937055590686,598.2654375619843,173.91719653436274,283.12171234885085,231.30936169462794,876.4644031605238,967.574804696622,704.7430148783042,Qcells,Alice2018Test,S1,12,full,24
20,3397.0,374.6199414301203,186.72615165648403,374.6199414301203,155.51472037098583,40.40501664736474,674.6200029986168,235.81128715079268,361.56140147883946,306.029059669923,1029.7398412748123,1219.6429119646386,827.5855471821561,Qcells,Alice2018Test,S1,12,full,24
21,3409.0,371.48562015773996,161.2222152819159,371.48562015773996,151.66935937390372,2.7260989422085045,679.8942116460646,273.7026478309535,351.11767523709165,332.8687848726396,1570.9322108737915,2004.711372677783,1472.5609554545772,Qcells,Alice2018Test,S1,12,full,24
22,3409.0,6085.097597255091,2076.9606228722873,6085.097597255091,2662.01530431395,1715.7166078105354,1473.2497960794346,2046.0576159602595,1687.2894734451504,1606.7905638339444,1560.0589728269554,1882.9499195016667,1642.0869384566965,Qcells,Alice2018Test,S1,12,full,24
23,3309.0,240.4631103508511,288.8511656283507,240.4631103508511,379.4655981324133,2120.204764051082,725.5891908347891,302.4763250098267,463.2887832754907,393.415294464235,1349.1069699263032,1763.5274258902962,1304.1947481986858,Qcells,Alice2018Test,S1,12,full,24
0,5954.0,583.5038652516998,354.6699521375492,583.5038652516998,361.7625453363062,321.03121290143264,1563.2988542344556,507.76100720937734,717.2744113265687,625.3001256839103,1656.8981498642854,1766.2934165787706,1267.8952396020452,Qcells,Alice2018Test,S1,12,full,48
1,6818.0,596.6802983176055,272.1249834591283,596.6802983176055,328.3712214047321,431.611010658648,1636.0232843291474,601.5435927917428,897.1424744775684,760.8012205557246,2054.318081862804,2488.1869933147136,1884.5485274712062,Qcells,Alice2018Test,S1,12,full,48
2,6818.0,456.1714279579083,95.91094000446986,456.1714279579083,175.64097091123136,141.98829971120017,1317.5546129025033,310.8505755907167,551.8951083593254,501.76814946218497,1638.6179226563736,1741.2911038052505,1353.7757390126123,Qcells,Alice2018Test,S1,12,full,48
3,6818.0,558.0196003700154,293.8820337293761,558.0196003700154,271.85283089138215,68.71631177224499,1280.9058011097445,356.22382687502864,574.8760074562346,497.2646202237249,1618.2582454377468,1719.0524134035852,1139.4756656441673,Qcells,Alice2018Test,S1,12,full,48
4,6796.0,502.4517316796114,238.5785946745455,502.4517316796114,190.26224248305226,51.165775433819775,1166.0525300857744,350.4123993403926,586.564753317215,503.1121438292979,1564.00580352283,1824.2860974946495,1170.1533283178505,Qcells,Alice2018Test,S1,12,full,48
5,6786.0,457.9073532274633,170.16960540118055,457.9073532274633,196.30768428168463,146.09308513411284,1378.2412599665827,432.72601068982124,728.9402748670905,588.0880425611881,1797.86018531152,2070.2603088639007,1545.5425751677174,Qcells,Alice2018Test,S1,12,full,48
6,6760.0,545.0208713877381,362.53444552508347,545.0208713877381,309.8713351389476,211.3007514169956,1510.1396175335915,483.7262595720091,765.0955226755162,707.719067447136,1916.2074056828606,2091.0612708582303,1422.4210399516821,Qcells,Alice2018Test,S1,12,full,48
7,6806.0,676.9340678744898,447.660077987616,676.9340678744898,409.01057378408626,509.6064190223056,1672.4708796369991,645.1565808589876,898.3920638681327,787.0613967067775,2696.3267403555155,3390.736845981298,2577.8230652965744,Qcells,Alice2018Test,S1,12,full,48
8,6818.0,525.1728874475768,233.5348552145305,525.1728874475768,276.9559276641008,212.21587638774048,1502.4775169089403,491.3780966947653,768.4992869140816,707.0185324756881,1861.090187869478,1977.2300241857517,1479.4586464221788,Qcells,Alice2018Test,S1,12,full,48
9,6794.0,836.960271995956,342.6629898555798,836.960271995956,329.0090931608679,137.8850815238227,1320.2969666217782,401.19184437167513,624.0534483583764,561.3249318515826,1857.7278925399628,2001.7312443659137,1442.6337055865536,Qcells,Alice2018Test,S1,12,full,48
10,6806.0,746.1055615878598,347.9483669383999,746.1055615878598,307.1840797448892,43.13111558957324,1354.5142146446824,509.5139349817462,712.6790767159316,638.8978445425624,2600.6720521486045,3224.354284642423,2300.146502636733,Qcells,Alice2018Test,S1,12,full,48
11,6718.0,6325.5607076059405,2365.811788500641,6325.5607076059405,3041.4809024463643,3835.9213718616174,2198.8389869142234,2348.533940970089,2150.57825672064,2000.2058582981797,2909.16594275326,3646.4773453919656,2946.2816866553803,Qcells,Alice2018Test,S1,12,full,48
0,9363.0,860.236413966921,483.43603851738874,860.236413966921,496.7386323084561,540.1372985608824,2299.120109271785,779.7931356315878,1123.138699270101,980.8748734375964,2800.7285383606495,3239.5722859822226,2297.712967733701,Qcells,Alice2018Test,S1,12,full,72
1,10227.0,776.1191775602919,239.26983708375852,776.1191775602919,369.0361053438137,354.4932247103983,2217.756642194321,640.3620399602479,1043.173294893361,906.9946222642237,2549.1056160228177,2756.1992277165104,2208.50653835216,Qcells,Alice2018Test,S1,12,full,72
2,10227.0,849.3849414903414,448.13106854021294,849.3849414903414,387.8819531909253,109.18353584422474,1857.202108820304,543.837895982449,874.6231949775881,748.0536432901625,2434.8528436910533,2696.4460535575627,1761.5791529526816,Qcells,Alice2018Test,S1,12,full,72
3,10173.0,668.9937437867484,254.49916526488911,668.9937437867484,270.5408044651941,156.79163649595301,1967.9974823417965,595.5243409227934,1015.7578406629541,840.4111633240484,2545.271390581047,2917.152766204569,2093.592416177056,Qcells,Alice2018Test,S1,12,full,72
4,10157.0,921.7991151104803,639.6174860867209,921.7991151104803,550.1230138093089,445.93674078901495,2360.3073693275246,790.3004054164784,1198.8196912089238,1085.0946109940573,3401.390064423683,3992.7129390430573,2758.827044478636,Qcells,Alice2018Test,S1,12,full,72
5,10227.0,825.3287115993219,404.1118926405094,825.3287115993219,445.7148227778256,487.1863060380264,2324.780644752007,829.960531709283,1233.1671822488054,1116.704385635545,3072.234269484172,3466.315201982225,2720.8757071917976,Qcells,Alice2018Test,S1,12,full,72
6,10191.0,1211.5802134260762,529.3891415120639,1211.5802134260762,484.5238135318535,178.29009817118757,1994.916969620394,637.0031315224668,985.6148498372157,867.3539915215063,2887.4677338147794,3221.374156330554,2270.2192527687093,Qcells,Alice2018Test,S1,12,full,72
7,10127.0,6697.046327763681,2527.0340037825567,6697.046327763681,3193.1502618202685,3838.6474708038263,2878.7331985602864,2622.236588801039,2501.69593195773,2333.074643170819,4480.098153627051,5651.188718069744,4418.842642109963,Qcells,Alice2018Test,S1,12,full,72
0,1524.0,206.7821378202271,107.14890889604968,206.7821378202271,98.54801363387449,123.71757811085487,650.345093481691,172.52048987044455,245.27460060777184,231.3220982742919,657.7841000305662,746.7756154028706,513.4419541403951,Qcells,Alice2018Test,S1,12,power-active,24
1,1524.0,329.6012905706965,231.70168932352516,329.6012905706965,206.49599249493878,197.30998519227333,817.2707259098343,279.9850267229525,352.0677632574056,332.63013807442906,667.2699054274577,760.538732049981,567.7808184664182,Qcells,Alice2018Test,S1,12,power-active,24
2,1524.0,251.26448998331261,120.04253910557955,251.26448998331261,104.27751409286371,219.10321339507263,683.70506696126,240.76932337085097,332.9954773569776,316.04605754766436,921.4183883898659,1327.899856149852,924.9533772222018,Qcells,Alice2018Test,S1,12,power-active,24
3,1548.0,296.2193194078059,136.65195926085033,296.2193194078059,166.10164103341495,212.50034969712976,861.1028078817619,297.6660023757562,410.60943455245,362.42320471529257,755.5985414249348,892.519793143542,744.0662454374702,Qcells,Alice2018Test,S1,12,power-active,24
4,1548.0,211.11979576475318,42.2385735993577,211.11979576475318,67.31140969610095,136.4048352542971,636.5241855175925,134.39368153313754,224.47112675936845,222.08703282825385,688.8282007143232,760.2315903303066,612.1009532869585,Qcells,Alice2018Test,S1,12,power-active,24
5,1548.0,199.0092427346021,41.58557738150206,199.0092427346021,56.072572581406845,5.581194431359406,610.4230683600196,123.57915782742369,205.98849278118053,223.97242040173197,654.866652518936,734.6354571824468,545.7427966371483,Qcells,Alice2018Test,S1,12,power-active,24
6,1548.0,267.7889979726858,103.91686487947948,267.7889979726858,102.73875243785652,17.004450466501222,582.4101604469831,128.6517591998263,189.65534712382856,201.5345060817786,633.3755586808256,740.1644144099972,479.1631123569094,Qcells,Alice2018Test,S1,12,power-active,24
7,1560.0,258.2620870491419,177.45194306590633,258.2620870491419,123.34821650546067,51.70587304045416,635.3793447243785,175.14657834406,256.03732792048106,236.9792245557017,654.3733877205023,752.0176207252068,491.29094189304465,Qcells,Alice2018Test,S1,12,power-active,24
8,1560.0,278.0753368247961,148.6077954116133,278.0753368247961,95.02062526609714,40.465954845932735,552.5972503531415,160.13350250819784,232.4856829348237,216.5557313583623,639.1216594839162,856.700982806877,538.7706331936223,Qcells,Alice2018Test,S1,12,power-active,24
9,1560.0,200.29222487246133,78.62185622494805,200.29222487246133,55.46903482322712,10.69403851220918,566.6745427960308,139.22149138329115,225.13935427557126,221.33526852609376,594.6711731784385,744.1066536927915,481.6402274959332,Qcells,Alice2018Test,S1,12,power-active,24
10,1584.0,244.78870205388478,109.7223326210568,244.78870205388478,93.66808304818205,40.01634881561075,655.1654202359367,179.7120164303255,268.3936504004195,242.34133396440924,764.9761410291936,968.5939217247518,661.1371745544255,Qcells,Alice2018Test,S1,12,power-active,24
11,1584.0,200.08871466534038,53.50561764579539,200.08871466534038,74.96293118815983,106.07553834549437,694.6950393712591,216.4271756923744,346.0283479324579,302.25111577675574,808.0740228139344,948.7731076568053,754.1194626655779,Qcells,Alice2018Test,S1,12,power-active,24
12,1584.0,231.8756844001423,95.15118383129034,231.8756844001423,91.0461136051048,66.54023916721573,678.7767152980224,176.6011208691584,269.18569036269054,293.25651635182805,801.4212105434241,928.451327532805,609.1528747301728,Qcells,Alice2018Test,S1,12,power-active,24
13,1573.0,300.56191438678314,259.6483546213509,300.56191438678314,191.05891208643047,144.7548965353752,799.2708490412144,261.7952044081782,380.4149599270475,362.1015521796061,848.8200820069094,979.8972261123456,689.2821269615283,Qcells,Alice2018Test,S1,12,power-active,24
14,1584.0,365.9702450663539,271.69967029876796,365.9702450663539,223.42306373633855,234.6342995595403,831.6889615865956,277.64347524116823,368.87258844915743,338.8609747507788,1285.0061346051082,1778.3934945764374,1250.2539390002935,Qcells,Alice2018Test,S1,12,power-active,24
15,1584.0,291.0713551059441,166.07881234997254,291.0713551059441,150.3453173071523,274.97017226402073,801.2098677139417,315.31843662221144,409.8282995630247,381.36573789322586,1045.0092215641073,1374.5437394263645,1151.0693337868772,Qcells,Alice2018Test,S1,12,power-active,24
16,1572.0,275.86763482761137,137.24402891024204,275.86763482761137,140.30950425533493,202.4987426075854,755.3104056423841,253.46397496391106,353.0645007315085,344.7553113506155,818.4380066835349,945.8688099382206,696.175159904513,Qcells,Alice2018Test,S1,12,power-active,24
17,1572.0,213.1059753118131,85.54300555895124,213.1059753118131,89.31816224470609,9.711519384504989,686.7255861991989,191.34077697741245,286.479217111649,307.5122371536762,732.4035000391854,816.5283678126435,591.2122119516771,Qcells,Alice2018Test,S1,12,power-active,24
18,1572.0,375.19087030702894,164.66527232014406,375.19087030702894,146.39924249271564,83.2241286758781,692.1287302523547,203.03227779393296,280.95239993971256,301.88537038717817,828.0163283160107,924.4150501817152,654.1529912495542,Qcells,Alice2018Test,S1,12,power-active,24
19,1573.0,424.0701610503258,166.18152780610723,424.0701610503258,135.6721062037034,54.65856289464611,570.4636546385948,146.58623240236835,217.54034121524538,201.16366384930234,717.6920196306434,854.6303994990783,620.2397052179684,Qcells,Alice2018Test,S1,12,power-active,24
20,1584.0,357.89445723090824,180.98290284300998,357.89445723090824,135.08440217117942,40.404656860436695,646.1835516687548,207.65979511371393,296.0707592073153,272.03035709126794,820.961889766451,1091.6907903340978,726.8320410275602,Qcells,Alice2018Test,S1,12,power-active,24
21,1584.0,353.7561539077789,155.6763350890043,353.7561539077789,130.06413524244056,2.7251805956289785,656.1988503379099,250.67538788491598,292.9170925146312,301.0157201352082,1355.1650200767433,1891.730166466719,1376.3566715606055,Qcells,Alice2018Test,S1,12,power-active,24
22,1584.0,5959.673107617145,2066.404696026829,5959.673107617145,2636.283362346128,1715.7141344784693,1466.516925890311,2004.9549281101338,1594.7977227878266,1522.9192774133207,1391.1507009783386,1798.8224393887176,1554.7624627428227,Qcells,Alice2018Test,S1,12,power-active,24
23,1596.0,227.43916563982825,283.79465069232003,227.43916563982825,362.3361165237483,2120.2012294925107,706.4071973856127,277.5451502761411,412.3149040111269,362.4231991878493,1184.3426312685122,1672.4096163702702,1229.1050347215673,Qcells,Alice2018Test,S1,12,power-active,24
0,3048.0,536.3834283909234,338.8505982195749,536.3834283909234,305.04400612881307,321.02756330312826,1467.6158193915248,452.50551659339703,597.3423638651773,563.9522363487209,1325.0540054580238,1507.3143474528506,1081.2227726068127,Qcells,Alice2018Test,S1,12,power-active,48
1,3072.0,547.4838093911187,256.69449836642985,547.4838093911187,270.37915512627865,431.60356309220197,1544.8078748430205,538.4353257466072,743.6049119094268,678.4692622629568,1677.0169298147982,2220.419649293391,1669.0196226596704,Qcells,Alice2018Test,S1,12,power-active,48
2,3096.0,410.12903849935554,83.8241509808598,410.12903849935554,123.38398227750776,141.98602968565663,1246.9472538776122,257.9728393605612,430.45961954054906,446.05945322998576,1343.6948532332583,1494.8670475127526,1157.8437499241081,Qcells,Alice2018Test,S1,12,power-active,48
3,3108.0,526.051085021828,281.36880794538564,526.051085021828,226.08696894331717,68.71032350695539,1217.7895051713622,303.79833754388613,445.6926750443095,438.5137306374802,1287.7489464013274,1492.1820351352048,970.4540542499533,Qcells,Alice2018Test,S1,12,power-active,48
4,3120.0,478.3675616972578,227.2296516365614,478.3675616972578,150.4896600893242,51.15999335814197,1119.2717931491723,299.354993891489,457.6250372103947,437.89099988445594,1233.792832662355,1600.8076364996687,1020.4108606895555,Qcells,Alice2018Test,S1,12,power-active,48
5,3168.0,444.8774167192254,163.22795026685225,444.8774167192254,168.63101423634185,146.09188716110512,1349.8604596071941,396.1391921226999,614.4219983328775,544.5924497411654,1573.050163843129,1917.3670293815571,1415.2566372200044,Qcells,Alice2018Test,S1,12,power-active,48
6,3157.0,532.4375987869255,354.79953845264106,532.4375987869255,282.1050256915351,211.29513570259087,1478.0475643392365,438.39632527733653,649.600650289738,655.3580685314344,1650.2412925503334,1908.348553645151,1298.4350016917012,Qcells,Alice2018Test,S1,12,power-active,48
7,3168.0,657.0416001722982,437.77848264874086,657.0416001722982,373.76838104349116,509.6044718235609,1632.898829300536,592.9619118633802,778.7008880121812,720.2267126440037,2330.0153561692136,3152.9372340028,2401.323272787169,Qcells,Alice2018Test,S1,12,power-active,48
8,3144.0,488.9736101394245,222.78703446919315,488.9736101394245,229.627666500041,212.2102619920906,1442.035991841582,444.8047519413235,639.5437178431578,652.2675485042918,1550.8415067227197,1762.3971777508643,1287.38737185619,Qcells,Alice2018Test,S1,12,power-active,48
9,3145.0,799.2610313573545,330.8468001262509,799.2610313573545,282.0713486964191,137.8826915705242,1262.5923848909483,349.6185101963013,498.492741154958,503.0490342364806,1545.708347946653,1779.0454496807927,1274.3926964675222,Qcells,Alice2018Test,S1,12,power-active,48
10,3168.0,711.6506111386874,336.65923793201455,711.6506111386874,265.1485374136201,43.129837456065665,1302.3824020066647,458.3351829986298,588.9878517219458,573.0460772264763,2176.1269098431944,2983.420956800818,2103.1887125881663,Qcells,Alice2018Test,S1,12,power-active,48
11,3180.0,6187.112273256968,2350.1993467191505,6187.112273256968,2998.6194788698763,3835.91536397098,2172.9241232759227,2282.500078386276,2007.1126267989544,1885.3424766011703,2575.493332246852,3471.2320557589883,2783.8674974643895,Qcells,Alice2018Test,S1,12,power-active,48
0,4572.0,787.6479183742362,458.8931373251545,787.6479183742362,409.3215202216767,540.1307766982005,2151.3208863527843,693.2748399642472,930.3378412221546,879.998293896385,2246.4723938478883,2835.214203602703,2006.1761498290145,Qcells,Alice2018Test,S1,12,power-active,72
1,4644.0,706.3483579071604,220.4761102417099,706.3483579071604,289.4856233109227,354.4863793827863,2108.050061759375,555.6388417363175,841.0690540929984,808.4826579452786,2099.293394658194,2387.3868406562947,1901.9099953615769,Qcells,Alice2018Test,S1,12,power-active,72
2,4668.0,804.1264218466234,429.97660335699885,804.1264218466234,321.1075942094144,109.1762783528882,1770.386755524504,463.9318400520837,678.1783579791339,655.0694619958426,1926.8706058852447,2348.883017942081,1509.2246874435762,Qcells,Alice2018Test,S1,12,power-active,72
3,4728.0,645.1696415916861,241.84980649180034,645.1696415916861,224.10004905956902,156.78592567331432,1916.5350024032236,535.3606835059906,839.5613526084481,765.9277182672593,2167.7213370215663,2661.4736830743473,1896.8968647159372,Qcells,Alice2018Test,S1,12,power-active,72
4,4741.0,898.407843853279,626.4992087514095,898.407843853279,505.52808942787374,445.92943526213145,2309.736525925833,716.0398005185045,1018.473238738895,994.2190432822131,2935.2474271554397,3686.7420482215875,2548.688940691996,Qcells,Alice2018Test,S1,12,power-active,72
5,4728.0,780.0449652453678,388.865846819166,780.0449652453678,379.9729838071931,487.18043425611074,2243.245859555522,760.1231885635353,1049.3720174061812,1033.6332863975176,2595.8507282868272,3136.94091717723,2438.456705643067,Qcells,Alice2018Test,S1,12,power-active,72
6,4729.0,1157.1554885882622,511.82970296926055,1157.1554885882622,417.1557508675986,178.28734843096106,1908.7759365597028,557.278305310015,794.5635003622733,775.0793913277483,2366.6702377131064,2870.7362400148904,2001.224737495082,Qcells,Alice2018Test,S1,12,power-active,72
7,4764.0,6540.868427164748,2505.8756818081547,6540.868427164748,3128.683614112317,3838.6405445666087,2829.122973613831,2533.175466271192,2300.029719313586,2186.358196736379,3930.6583523235963,5362.962222225706,4160.2241690249975,Qcells,Alice2018Test,S1,12,power-active,72
0,1021.0,22.472532932612793,6.83559906307187,22.472532932612793,25.611648676165967,0.0021646385638580752,43.3053285010679,23.595413464212204,44.18465855065618,24.806962558555938,116.19247112584182,111.5201646135237,83.86286112388659,Qcells,Alice2018Test,S1,12,low-power,24
1,1885.0,24.64790392816346,8.983754854902486,24.64790392816346,31.10689053132723,0.001484959740593163,52.37770634186274,31.660077151767965,75.74738891073626,36.54092677663308,215.65167328042114,147.45890451239725,102.80960587134597,Qcells,Alice2018Test,S1,12,low-power,24
2,1885.0,25.468058731908528,8.723547274260124,25.468058731908528,30.698572879285987,0.0028722643774482083,52.116188076070934,31.26280505136047,72.86881058655423,39.52869020602146,222.41200010649933,145.37901325360065,104.86435090945476,Qcells,Alice2018Test,S1,12,low-power,24
3,1861.0,23.728430194577907,6.706937818438628,23.728430194577907,27.293493399167726,0.004575302068415753,39.0992214100555,31.845461993775224,80.66875198158725,42.80326808674732,154.88915194150547,122.38833076772104,110.66455390208017,Qcells,Alice2018Test,S1,12,low-power,24
4,1861.0,23.744124050211102,5.73415662542733,23.744124050211102,25.995867748163445,0.0011900796929080683,33.06312390302264,25.87707181870274,61.95463380690986,26.9689897736821,146.74055146342954,119.88564418414624,97.16585568148409,Qcells,Alice2018Test,S1,12,low-power,24
5,1861.0,22.298265408341642,6.352632398182694,22.298265408341642,26.26112088555999,0.0010799458507455915,37.544235121869036,27.00066441145269,59.480855011866474,28.73970645851679,148.18251795968695,126.53841210835029,98.76613340701957,Qcells,Alice2018Test,S1,12,low-power,24
6,1861.0,20.11324733036609,6.895530843611989,20.11324733036609,25.75558606514938,0.0017567998339144749,36.86199957940415,26.67938271258451,63.997330762956686,28.4548650049674,154.2561783377923,117.10749213451753,96.59520099881985,Qcells,Alice2018Test,S1,12,low-power,24
7,1849.0,11.855268017821132,5.6176949403783265,11.855268017821132,20.01027588291552,0.004231465455685985,26.25429635897826,25.74610661855774,65.1860016489681,30.296024581277482,176.25312069862656,109.76288613386345,72.42641039539282,Qcells,Alice2018Test,S1,12,low-power,24
8,1849.0,13.29000429552957,5.641239399223782,13.29000429552957,21.008497033445646,0.0012692260468909386,23.6990573574182,27.480566599222954,67.26150458652845,34.23329170807521,177.472938769387,120.69265734710312,83.33285411488961,Qcells,Alice2018Test,S1,12,low-power,24
9,1827.0,10.794165686824,5.707703638760388,10.794165686824,18.76408536028225,0.004512849630955602,23.08167957918405,23.576838849680797,61.67821152029261,30.98785223676694,152.74003209108747,102.78580364787877,66.40961351340599,Qcells,Alice2018Test,S1,12,low-power,24
10,1815.0,6.926081128064711,3.4384374986960653,6.926081128064711,13.000556118527395,0.0006743999654343852,12.76602044446908,19.150835556037435,58.810116876820416,22.521547082141964,102.23190403218356,73.49391124977736,64.16576832810014,Qcells,Alice2018Test,S1,12,low-power,24
11,1803.0,6.103855380173354,3.5032176356322378,6.103855380173354,14.676113926815374,0.0005235730422777357,15.614779914919048,17.43598301108391,55.70815965739247,20.974045737880832,122.5781174362076,79.39936823256765,66.12016961961238,Qcells,Alice2018Test,S1,12,low-power,24
12,1803.0,6.416358763301077,3.5669190711256245,6.416358763301077,14.012688701769333,0.005217491592197628,15.491288934383528,21.084800022019568,53.888301021527816,22.487606438260084,118.53079656095062,81.33562509738594,61.204859463272136,Qcells,Alice2018Test,S1,12,low-power,24
13,1800.0,6.16691383751137,4.167988001316835,6.16691383751137,13.753620745643184,0.00039822281253608496,16.600764259971378,24.245134272653022,61.60657136425049,29.87339247744213,147.43531657157754,101.37709211569518,62.78117879670738,Qcells,Alice2018Test,S1,12,low-power,24
14,1813.0,10.80799865638937,5.383370262869274,10.80799865638937,16.828614934022575,0.001689812478873283,18.478790207336658,28.93067060330172,64.85158008425063,38.51456879614227,200.17652413572,123.2581736083881,86.1520655266599,Qcells,Alice2018Test,S1,12,low-power,24
15,1825.0,9.084469045802306,4.498225076005875,9.084469045802306,18.413577806572693,0.0002573862658422312,21.093260129126115,23.263998392305133,54.83959577170066,28.320115266631888,166.134860050584,114.54143837010807,90.34772698274347,Qcells,Alice2018Test,S1,12,low-power,24
16,1837.0,19.928147104570627,5.3784336558911265,19.928147104570627,23.499851498374554,0.004627354493995019,29.858394869216777,24.162854785682455,69.64892439508989,28.983499081480954,147.10483715185444,107.04548128449618,102.48882494397273,Qcells,Alice2018Test,S1,12,low-power,24
17,1837.0,16.27113020358127,5.369387089446239,16.27113020358127,23.82840966568524,0.0009870411559172022,30.583130198141912,22.410489967759823,59.306644675834576,25.767484889915877,163.14384399490532,107.78736515039117,89.5824496220156,Qcells,Alice2018Test,S1,12,low-power,24
18,1837.0,17.148881324381684,5.982386991304142,17.148881324381684,24.23944857364801,0.0015822920377267244,29.90279880743976,24.24237004337947,59.97933606981347,28.130199769776034,153.2471610634293,109.74138948757947,83.73769945869574,Qcells,Alice2018Test,S1,12,low-power,24
19,1812.0,20.550359314220035,5.833802738024569,20.550359314220035,22.698295890800466,0.0008076612607549816,27.801782923389627,27.330964131994357,65.58137113360557,30.145697845325717,158.77238352988041,112.94440519754363,84.50330966033553,Qcells,Alice2018Test,S1,12,low-power,24
20,1813.0,16.72548419921202,5.7432488134741195,16.72548419921202,20.430318199806322,0.00035978692803358836,28.436451329861903,28.151492037078864,65.49064227152424,33.99870257865547,208.77795150836104,127.95212163054107,100.753506154596,Qcells,Alice2018Test,S1,12,low-power,24
21,1825.0,17.72946624996086,5.545880192911528,17.72946624996086,21.60522413146308,0.0009183465795249895,23.695361308154975,23.02725994603733,58.20058272246086,31.85306473743129,215.76719079704776,112.9812062110638,96.20428389397203,Qcells,Alice2018Test,S1,12,low-power,24
22,1825.0,125.4244896379458,10.555926845457531,125.4244896379458,25.73194196782198,0.0024733320660475736,6.732870189123871,41.10268785012549,92.49175065732422,83.87128642062292,168.90827184861587,84.12748011295007,87.32447571387411,Qcells,Alice2018Test,S1,12,low-power,24
23,1713.0,13.02394471102288,5.056514936030563,13.02394471102288,17.129481608664822,0.003534558571042358,19.181993449176723,24.931174733685666,50.97387926436364,30.992095276385857,164.76433865779185,91.11780952002535,75.08971347711869,Qcells,Alice2018Test,S1,12,low-power,24
0,2906.0,47.12043686077625,15.81935391797436,47.12043686077625,56.718539207493166,0.0036495983044512376,95.68303484293062,55.25549061598017,119.9320474613925,61.34788933518898,331.8441444062629,258.97906912592094,186.6724669952325,Qcells,Alice2018Test,S1,12,low-power,48
1,3746.0,49.19648892648641,15.430485092698763,49.19648892648641,57.9920662784537,0.007447566445863959,91.21540948612646,63.10826704513571,153.53756256814148,82.33195829276877,377.30115204800506,267.76734402132155,215.528904811535,Qcells,Alice2018Test,S1,12,low-power,48
2,3722.0,46.04238945855277,12.086789023610022,46.04238945855277,52.25698863372344,0.0022700255436536605,70.6073590248917,52.87773623015544,121.43548881877632,55.70869623219889,294.92306942311643,246.42405629249663,195.9319890885036,Qcells,Alice2018Test,S1,12,low-power,48
3,3710.0,31.968515348187196,12.513225783990318,31.968515348187196,45.765861948064895,0.005988265289600459,63.116295938382414,52.425489331142245,129.18333241192477,58.75088958624488,330.50929903641884,226.87037826838102,169.0216113942126,Qcells,Alice2018Test,S1,12,low-power,48
4,3676.0,24.084169982353572,11.34894303798417,24.084169982353572,39.77258239372795,0.00578207567784654,46.780736936602274,51.05740544890379,128.93971610682112,65.22114394484215,330.21297086047457,223.47846099498196,149.74246762829574,Qcells,Alice2018Test,S1,12,low-power,48
5,3618.0,13.029936508238062,6.941655134328299,13.029936508238062,27.676670045342775,0.0011979730077121204,28.380800359388132,36.58681856712135,114.5182765342128,43.495592820022786,224.81002146839108,152.89327948234515,130.28593794771257,Qcells,Alice2018Test,S1,12,low-power,48
6,3603.0,12.583272600812442,7.734907072442462,12.583272600812442,27.76630944741251,0.005615714404733703,32.09205319435492,45.329934294672604,115.49487238577834,52.36099891570224,265.96611313252833,182.71271721308116,123.98603825997954,Qcells,Alice2018Test,S1,12,low-power,48
7,3638.0,19.89246770219167,9.881595338875144,19.89246770219167,35.24219274059526,0.0019471987447155124,39.57205033646275,52.19466899560686,119.6911758559512,66.83468406277413,366.31138418630405,237.79961197849616,176.49979250940328,Qcells,Alice2018Test,S1,12,low-power,48
8,3674.0,36.1992773081519,10.747820745337364,36.1992773081519,47.32826116405979,0.0056143956499122225,60.44152506735868,46.573344753442264,128.95556907092447,54.750983971396856,310.24868114675934,214.8328464348874,192.07127456598835,Qcells,Alice2018Test,S1,12,low-power,48
9,3649.0,37.699240638601665,11.816189729328707,37.699240638601665,46.93774446444847,0.0023899532984817083,57.70458173082938,51.57333417537389,125.56070720341903,58.27589761510179,312.0195445933097,222.68579468512314,168.24100911903136,Qcells,Alice2018Test,S1,12,low-power,48
10,3638.0,34.45495044917288,11.289129006385659,34.45495044917288,42.03554233126941,0.0012781335075585786,52.13181263801688,51.17875198311615,123.69122499398517,65.85176731608676,424.54514230540855,240.93332784160472,196.95779004856803,Qcells,Alice2018Test,S1,12,low-power,48
11,3538.0,138.4484343489686,15.612441781488094,138.4484343489686,42.86142357648683,0.006007890637089932,25.914863638300602,66.03386258381116,143.4656299216879,114.8633816970088,333.67261050640764,175.24528963297533,162.4141891909928,Qcells,Alice2018Test,S1,12,low-power,48
0,4791.0,72.58849559268477,24.542901192234464,72.58849559268477,87.4171120867792,0.0065218626818994456,147.7992229190016,86.51829566734061,192.80085804794666,100.87657954121039,554.2561445127623,404.3580823795214,291.53681790468727,Qcells,Alice2018Test,S1,12,low-power,72
1,5583.0,69.77081965313067,18.793726842048642,69.77081965313067,79.55048203289111,0.006845327612069405,109.70658043494711,84.72319822393065,202.10424080036358,98.51196431894616,449.8122213646215,368.8123870602174,306.5965429905841,Qcells,Alice2018Test,S1,12,low-power,72
2,5559.0,45.258519643716724,18.154465183214107,45.258519643716724,66.77435898151049,0.007257491336491403,86.81535329580058,79.90605593036521,196.44483699845304,92.98418129432012,507.9822378058059,347.5630356154844,252.35446550910206,Qcells,Alice2018Test,S1,12,low-power,72
3,5445.0,23.82410219506207,12.649358773088696,23.82410219506207,46.44075540562504,0.005710822638667723,51.46247993857215,60.16365741680211,176.19648805450552,74.48344505678979,377.55005355947867,255.67908313022375,196.6955514611184,Qcells,Alice2018Test,S1,12,low-power,72
4,5416.0,23.39127125720183,13.118277335311735,23.39127125720183,44.59492438143509,0.00730552688360699,50.57084340169154,74.26060489797433,180.34645247002902,90.87556771184447,466.14263726824845,305.9708908214693,210.13810378663933,Qcells,Alice2018Test,S1,12,low-power,72
5,5499.0,45.28374635395422,15.246045821343248,45.28374635395422,65.74183897063251,0.005871781915754454,81.53478519648479,69.83734314574743,183.79516484262538,83.07109923802876,476.38354119734385,329.37428480499545,282.41900154873184,Qcells,Alice2018Test,S1,12,low-power,72
6,5462.0,54.42472483781366,17.55943854280282,54.42472483781366,67.36806266425482,0.0027497402265152958,86.14103306069126,79.72482621245277,191.05134947494327,92.27460019375722,520.7974961016708,350.6379163156642,268.9945152736273,Qcells,Alice2018Test,S1,12,low-power,72
7,5363.0,156.1779005989294,21.15832197439963,156.1779005989294,64.46664770794982,0.006926237216614926,49.61022494645555,89.06112252984842,201.66621264414874,146.71644643444012,549.4398013034556,288.22649584403916,258.61847308496476,Qcells,Alice2018Test,S1,12,low-power,72
0,2545.0,229.2546707528399,113.98450795912153,229.2546707528399,124.15966231004043,123.71974274941873,693.650421982759,196.1159033346568,289.459259158428,256.12906083284776,773.976571156408,858.2957800163939,597.304815264281,Qcells,Alice2018Test,S2,12,full,24
1,3409.0,354.24919449885965,240.68544417842767,354.24919449885965,237.60288302626608,197.31147015201404,869.6484322516967,311.6451038747207,427.8151521681418,369.17106485106234,882.9215787078789,907.9976365623779,670.5904243377644,Qcells,Alice2018Test,S2,12,full,24
2,3409.0,276.73254871522136,128.7660863798396,276.73254871522136,134.97608697214963,219.10608565945006,735.8212550373307,272.0321284222117,405.8642879435317,355.57474775368553,1143.830388496365,1473.2788694034512,1029.8177281316555,Qcells,Alice2018Test,S2,12,full,24
3,3409.0,319.9477496023839,143.3588970792889,319.9477496023839,193.39513443258272,212.50492499919812,900.2020292918172,329.51146436953144,491.27818653403693,405.2264728020398,910.48769336644,1014.9081239112631,854.7307993395506,Qcells,Alice2018Test,S2,12,full,24
4,3409.0,234.8639198149644,47.97273022478502,234.8639198149644,93.3072774442644,136.40602533398996,669.5873094206149,160.2707533518402,286.42576056627837,249.05602260193604,835.5687521777518,880.1172345144533,709.2668089684428,Qcells,Alice2018Test,S2,12,full,24
5,3409.0,221.30750814294382,47.938209779684776,221.30750814294382,82.33369346696684,5.582274377210151,647.967303481889,150.57982223887626,265.469347793047,252.71212686024884,803.0491704786226,861.1738692907971,644.5089300441674,Qcells,Alice2018Test,S2,12,full,24
6,3409.0,287.90224530305187,110.81239572309158,287.90224530305187,128.49433850300588,17.006207266335135,619.2721600263874,155.33114191241089,253.65267788678526,229.98937108674613,787.6317370186182,857.2719065445148,575.7583133557297,Qcells,Alice2018Test,S2,12,full,24
7,3409.0,270.117355066963,183.06963800628478,270.117355066963,143.35849238837616,51.71010450590984,661.6336410833568,200.89268496261772,321.22332956944905,267.27524913697897,830.6265084191282,861.7805068590702,563.7173522884375,Qcells,Alice2018Test,S2,12,full,24
8,3409.0,291.36534112032564,154.24903481083703,291.36534112032564,116.02912229954272,40.46722407197962,576.2963077105597,187.6140691074207,299.74718752135203,250.78902306643752,816.5945982533036,977.3936401539805,622.1034873085115,Qcells,Alice2018Test,S2,12,full,24
9,3397.0,211.7234704436082,84.704504800087,211.7234704436082,76.01300764209243,10.698586206295136,593.0780524764804,164.18287021720573,288.1911674313158,253.33817986431794,756.6748391398493,855.9232139535485,554.1360879637372,Qcells,Alice2018Test,S2,12,full,24
10,3399.0,251.7147831819496,113.16077011975285,251.7147831819496,106.6686391667094,40.01702321557617,667.9314406804058,198.86285198636304,327.2037672772401,264.86288104655125,867.2080450613773,1042.0878329745292,725.3029428825257,Qcells,Alice2018Test,S2,12,full,24
11,3397.0,206.98987714249793,57.36961869614178,206.98987714249793,91.63861037173666,106.07607191853764,714.0656750039739,235.37328485847283,403.2321946332974,324.4909472212923,941.1587899933754,1038.8176237141654,827.7295596420964,Qcells,Alice2018Test,S2,12,full,24
12,3387.0,238.29204316344334,98.71810290241598,238.29204316344334,105.05880230687411,66.54545665880795,694.2680042324058,197.68592089117803,323.07399138421846,315.7441227900881,919.9520071043745,1009.7869526301909,670.3577341934454,Qcells,Alice2018Test,S2,12,full,24
13,3385.0,306.73755018246766,264.366439299168,306.73755018246766,206.04808771915108,144.75529497152,815.871613514518,286.08652700955463,442.2905606475556,392.131081695046,996.9593306266395,1081.715383280242,752.4092560700881,Qcells,Alice2018Test,S2,12,full,24
14,3397.0,376.77824372274335,277.0830405616371,376.77824372274335,240.25167867036106,234.63598937201925,850.1677517939324,306.57414584446985,433.7241685334082,377.3755435469209,1485.1826587408277,1901.6516681848261,1336.4060045269548,Qcells,Alice2018Test,S2,12,full,24
15,3409.0,300.1558241517463,170.5770374259784,300.1558241517463,168.758895113725,274.9704296502866,822.3031278430676,338.5824350145165,464.6678953347254,409.6858531598576,1211.1440816146915,1489.085177796474,1241.4170607696215,Qcells,Alice2018Test,S2,12,full,24
16,3409.0,295.79578193218225,142.62246256613312,295.79578193218225,163.80935575370935,202.5033699620794,785.1688005116014,277.62682974959347,422.71342512659834,373.73881043209644,965.542843835389,1052.9142912227167,798.6639848484853,Qcells,Alice2018Test,S2,12,full,24
17,3409.0,229.37710551539445,90.9123926483975,229.37710551539445,113.1465719103913,9.712506425660901,717.3087163973405,213.75126694517235,345.7858617874837,333.27972204359213,895.54734403409,924.3157329630352,680.7946615736922,Qcells,Alice2018Test,S2,12,full,24
18,3409.0,392.33975163141054,170.64765931144817,392.33975163141054,170.63869106636375,83.22571096791587,722.0315290597943,227.2746478373123,340.931736009526,330.01557015695425,981.2634893794402,1034.156439669294,737.8906907082496,Qcells,Alice2018Test,S2,12,full,24
19,3397.0,444.6232591941169,172.43433687456903,444.6232591941169,159.44860777136412,54.65937076923913,598.2654377753165,173.99320641191008,283.5224836993454,231.3701455857691,877.4219805091496,968.1059824604753,704.8980527592569,Qcells,Alice2018Test,S2,12,full,24
20,3397.0,374.6199414301203,186.72615165648403,374.6199414301203,155.51472037098583,40.40501664736474,674.6200029986168,235.81128715079268,361.56140147883946,306.029059669923,1029.7398412748123,1219.6429119646386,827.5855471821561,Qcells,Alice2018Test,S2,12,full,24
21,3409.0,371.48562015773996,161.2222152819159,371.48562015773996,151.66935937390372,2.7260989422085045,679.8942116460646,273.7026478309535,351.11767523709165,332.8687848726396,1570.9322108737915,2004.711372677783,1472.5609554545772,Qcells,Alice2018Test,S2,12,full,24
22,3409.0,6085.097597255091,2076.9606228722873,6085.097597255091,2662.01530431395,1715.7166078105354,1473.2497960794346,2046.0576159602595,1687.2894734451504,1606.7905638339444,1560.0589728269554,1882.9499195016667,1642.0869384566965,Qcells,Alice2018Test,S2,12,full,24
23,3319.0,241.63164577138326,289.2379944004407,241.63164577138326,381.1995790998055,2120.2047656510817,728.1796612619349,303.6282370730046,464.57955795996315,394.67351389941706,1358.0697968634217,1772.6342354940475,1310.6531544485092,Qcells,Alice2018Test,S2,12,full,24
0,5954.0,583.5038652516998,354.6699521375492,583.5038652516998,361.7625453363062,321.03121290143264,1563.2988542344556,507.76100720937734,717.2744113265687,625.3001256839103,1656.8981498642854,1766.2934165787706,1267.8952396020452,Qcells,Alice2018Test,S2,12,full,48
1,6818.0,596.6802983176055,272.1249834591283,596.6802983176055,328.3712214047321,431.611010658648,1636.0232843291474,601.5435927917428,897.1424744775684,760.8012205557246,2054.318081862804,2488.1869933147136,1884.5485274712062,Qcells,Alice2018Test,S2,12,full,48
2,6818.0,456.1714279579083,95.91094000446986,456.1714279579083,175.64097091123136,141.98829971120017,1317.5546129025033,310.8505755907167,551.8951083593254,501.76814946218497,1638.6179226563736,1741.2911038052505,1353.7757390126123,Qcells,Alice2018Test,S2,12,full,48
3,6818.0,558.0196003700154,293.8820337293761,558.0196003700154,271.85283089138215,68.71631177224499,1280.9058011097445,356.22382687502864,574.8760074562346,497.2646202237249,1618.2582454377468,1719.0524134035852,1139.4756656441673,Qcells,Alice2018Test,S2,12,full,48
4,6806.0,503.088811563934,238.95353961092414,503.088811563934,192.04212994163538,51.165810278274776,1169.3743601870399,351.7969393246264,587.9383549526668,504.1272029307554,1573.2694373931533,1833.3168541075281,1176.2395752722487,Qcells,Alice2018Test,S2,12,full,48
5,6796.0,458.70466032444756,170.53038881589475,458.70466032444756,198.30724953844611,146.09309513411384,1381.9971156843787,434.23613684483576,730.4359619105378,589.3538282678442,1808.3668350547532,2080.905456688693,1553.0325025246245,Qcells,Alice2018Test,S2,12,full,48
6,6772.0,545.0295933459113,363.0845422015838,545.0295933459113,311.10689002602504,211.3007516303279,1510.139617746924,483.77244790073246,765.3645520317738,707.875204485134,1916.9113377310132,2091.5023359104307,1422.766990263535,Qcells,Alice2018Test,S2,12,full,48
7,6806.0,676.9340678744898,447.660077987616,676.9340678744898,409.01057378408626,509.6064190223056,1672.4708796369991,645.1565808589876,898.3920638681327,787.0613967067775,2696.3267403555155,3390.736845981298,2577.8230652965744,Qcells,Alice2018Test,S2,12,full,48
8,6818.0,525.1728874475768,233.5348552145305,525.1728874475768,276.9559276641008,212.21587638774048,1502.4775169089403,491.3780966947653,768.4992869140816,707.0185324756881,1861.090187869478,1977.2300241857517,1479.4586464221788,Qcells,Alice2018Test,S2,12,full,48
9,6806.0,836.963010825527,343.081996186017,836.963010825527,330.0872988377281,137.88508173715502,1320.2969668351102,401.26785424922247,624.4542197088709,561.3857157427236,1858.6854698885886,2002.2624221297676,1442.7887434675065,Qcells,Alice2018Test,S2,12,full,48
10,6806.0,746.1055615878598,347.9483669383999,746.1055615878598,307.1840797448892,43.13111558957324,1354.5142146446824,509.5139349817462,712.6790767159316,638.8978445425624,2600.6720521486045,3224.354284642423,2300.146502636733,Qcells,Alice2018Test,S2,12,full,48
11,6728.0,6326.729243026472,2366.1986172727316,6326.729243026472,3043.214883413756,3835.9213734616173,2201.4294573413686,2349.685853033267,2151.8690314051123,2001.4640777333614,2918.1287696903782,3655.5841549957177,2952.7400929052037,Qcells,Alice2018Test,S2,12,full,48
0,9363.0,860.236413966921,483.43603851738874,860.236413966921,496.7386323084561,540.1372985608824,2299.120109271785,779.7931356315878,1123.138699270101,980.8748734375964,2800.7285383606495,3239.5722859822226,2297.712967733701,Qcells,Alice2018Test,S2,12,full,72
1,10227.0,776.1191775602919,239.26983708375852,776.1191775602919,369.0361053438137,354.4932247103983,2217.756642194321,640.3620399602479,1043.173294893361,906.9946222642237,2549.1056160228177,2756.1992277165104,2208.50653835216,Qcells,Alice2018Test,S2,12,full,72
2,10227.0,849.3849414903414,448.13106854021294,849.3849414903414,387.8819531909253,109.18353584422474,1857.202108820304,543.837895982449,874.6231949775881,748.0536432901625,2434.8528436910533,2696.4460535575627,1761.5791529526816,Qcells,Alice2018Test,S2,12,full,72
3,10193.0,670.4281307680553,255.23489361598186,670.4281307680553,274.3202571805387,156.791681340409,1975.0751681608579,598.4190070620416,1018.6271293418533,842.6920081321616,2565.0416741946037,2936.8286706422396,2107.16859048836,Qcells,Alice2018Test,S2,12,full,72
4,10169.0,921.8078370686535,640.1675827632212,921.8078370686535,551.3585686963862,445.9367410023472,2360.3073695408566,790.3465937452019,1199.0887205651816,1085.2507480320553,3402.0939964718355,3993.1540040952577,2759.1729947904887,Qcells,Alice2018Test,S2,12,full,72
5,10227.0,825.3287115993219,404.1118926405094,825.3287115993219,445.7148227778256,487.1863060380264,2324.780644752007,829.960531709283,1233.1671822488054,1116.704385635545,3072.234269484172,3466.315201982225,2720.8757071917976,Qcells,Alice2018Test,S2,12,full,72
6,10203.0,1211.5829522556471,529.8081478425012,1211.5829522556471,485.60201920871367,178.2900983845199,1994.916969833726,637.0791414000142,986.0156211877103,867.4147754126473,2888.4253111634052,3221.9053340944083,2270.3742906496623,Qcells,Alice2018Test,S2,12,full,72
7,10137.0,6698.214863184213,2527.4208325546474,6698.214863184213,3194.8842427876602,3838.647472403826,2881.3236689874316,2623.388500864217,2502.986706642202,2334.3328626060006,4489.06098056417,5660.295527673494,4425.301048359786,Qcells,Alice2018Test,S2,12,full,72
0,1524.0,206.7821378202271,107.14890889604968,206.7821378202271,98.54801363387449,123.71757811085487,650.345093481691,172.52048987044455,245.27460060777184,231.3220982742919,657.7841000305662,746.7756154028706,513.4419541403951,Qcells,Alice2018Test,S2,12,power-active,24
1,1524.0,329.6012905706965,231.70168932352516,329.6012905706965,206.49599249493878,197.30998519227333,817.2707259098343,279.9850267229525,352.0677632574056,332.63013807442906,667.2699054274577,760.538732049981,567.7808184664182,Qcells,Alice2018Test,S2,12,power-active,24
2,1524.0,251.26448998331261,120.04253910557955,251.26448998331261,104.27751409286371,219.10321339507263,683.70506696126,240.76932337085097,332.9954773569776,316.04605754766436,921.4183883898659,1327.899856149852,924.9533772222018,Qcells,Alice2018Test,S2,12,power-active,24
3,1548.0,296.2193194078059,136.65195926085033,296.2193194078059,166.10164103341495,212.50034969712976,861.1028078817619,297.6660023757562,410.60943455245,362.42320471529257,755.5985414249348,892.519793143542,744.0662454374702,Qcells,Alice2018Test,S2,12,power-active,24
4,1548.0,211.11979576475318,42.2385735993577,211.11979576475318,67.31140969610095,136.4048352542971,636.5241855175925,134.39368153313754,224.47112675936845,222.08703282825385,688.8282007143232,760.2315903303066,612.1009532869585,Qcells,Alice2018Test,S2,12,power-active,24
5,1548.0,199.0092427346021,41.58557738150206,199.0092427346021,56.072572581406845,5.581194431359406,610.4230683600196,123.57915782742369,205.98849278118053,223.97242040173197,654.866652518936,734.6354571824468,545.7427966371483,Qcells,Alice2018Test,S2,12,power-active,24
6,1548.0,267.7889979726858,103.91686487947948,267.7889979726858,102.73875243785652,17.004450466501222,582.4101604469831,128.6517591998263,189.65534712382856,201.5345060817786,633.3755586808256,740.1644144099972,479.1631123569094,Qcells,Alice2018Test,S2,12,power-active,24
7,1560.0,258.2620870491419,177.45194306590633,258.2620870491419,123.34821650546067,51.70587304045416,635.3793447243785,175.14657834406,256.03732792048106,236.9792245557017,654.3733877205023,752.0176207252068,491.29094189304465,Qcells,Alice2018Test,S2,12,power-active,24
8,1560.0,278.0753368247961,148.6077954116133,278.0753368247961,95.02062526609714,40.465954845932735,552.5972503531415,160.13350250819784,232.4856829348237,216.5557313583623,639.1216594839162,856.700982806877,538.7706331936223,Qcells,Alice2018Test,S2,12,power-active,24
9,1560.0,200.29222487246133,78.62185622494805,200.29222487246133,55.46903482322712,10.69403851220918,566.6745427960308,139.22149138329115,225.13935427557126,221.33526852609376,594.6711731784385,744.1066536927915,481.6402274959332,Qcells,Alice2018Test,S2,12,power-active,24
10,1584.0,244.78870205388478,109.7223326210568,244.78870205388478,93.66808304818205,40.01634881561075,655.1654202359367,179.7120164303255,268.3936504004195,242.34133396440924,764.9761410291936,968.5939217247518,661.1371745544255,Qcells,Alice2018Test,S2,12,power-active,24
11,1584.0,200.08871466534038,53.50561764579539,200.08871466534038,74.96293118815983,106.07553834549437,694.6950393712591,216.4271756923744,346.0283479324579,302.25111577675574,808.0740228139344,948.7731076568053,754.1194626655779,Qcells,Alice2018Test,S2,12,power-active,24
12,1584.0,231.8756844001423,95.15118383129034,231.8756844001423,91.0461136051048,66.54023916721573,678.7767152980224,176.6011208691584,269.18569036269054,293.25651635182805,801.4212105434241,928.451327532805,609.1528747301728,Qcells,Alice2018Test,S2,12,power-active,24
13,1573.0,300.56191438678314,259.6483546213509,300.56191438678314,191.05891208643047,144.7548965353752,799.2708490412144,261.7952044081782,380.4149599270475,362.1015521796061,848.8200820069094,979.8972261123456,689.2821269615283,Qcells,Alice2018Test,S2,12,power-active,24
14,1584.0,365.9702450663539,271.69967029876796,365.9702450663539,223.42306373633855,234.6342995595403,831.6889615865956,277.64347524116823,368.87258844915743,338.8609747507788,1285.0061346051082,1778.3934945764374,1250.2539390002935,Qcells,Alice2018Test,S2,12,power-active,24
15,1584.0,291.0713551059441,166.07881234997254,291.0713551059441,150.3453173071523,274.97017226402073,801.2098677139417,315.31843662221144,409.8282995630247,381.36573789322586,1045.0092215641073,1374.5437394263645,1151.0693337868772,Qcells,Alice2018Test,S2,12,power-active,24
16,1572.0,275.86763482761137,137.24402891024204,275.86763482761137,140.30950425533493,202.4987426075854,755.3104056423841,253.46397496391106,353.0645007315085,344.7553113506155,818.4380066835349,945.8688099382206,696.175159904513,Qcells,Alice2018Test,S2,12,power-active,24
17,1572.0,213.1059753118131,85.54300555895124,213.1059753118131,89.31816224470609,9.711519384504989,686.7255861991989,191.34077697741245,286.479217111649,307.5122371536762,732.4035000391854,816.5283678126435,591.2122119516771,Qcells,Alice2018Test,S2,12,power-active,24
18,1572.0,375.19087030702894,164.66527232014406,375.19087030702894,146.39924249271564,83.2241286758781,692.1287302523547,203.03227779393296,280.95239993971256,301.88537038717817,828.0163283160107,924.4150501817152,654.1529912495542,Qcells,Alice2018Test,S2,12,power-active,24
19,1573.0,424.0701610503258,166.18152780610723,424.0701610503258,135.6721062037034,54.65856289464611,570.4636546385948,146.58623240236835,217.54034121524538,201.16366384930234,717.6920196306434,854.6303994990783,620.2397052179684,Qcells,Alice2018Test,S2,12,power-active,24
20,1584.0,357.89445723090824,180.98290284300998,357.89445723090824,135.08440217117942,40.404656860436695,646.1835516687548,207.65979511371393,296.0707592073153,272.03035709126794,820.961889766451,1091.6907903340978,726.8320410275602,Qcells,Alice2018Test,S2,12,power-active,24
21,1584.0,353.7561539077789,155.6763350890043,353.7561539077789,130.06413524244056,2.7251805956289785,656.1988503379099,250.67538788491598,292.9170925146312,301.0157201352082,1355.1650200767433,1891.730166466719,1376.3566715606055,Qcells,Alice2018Test,S2,12,power-active,24
22,1584.0,5959.673107617145,2066.404696026829,5959.673107617145,2636.283362346128,1715.7141344784693,1466.516925890311,2004.9549281101338,1594.7977227878266,1522.9192774133207,1391.1507009783386,1798.8224393887176,1554.7624627428227,Qcells,Alice2018Test,S2,12,power-active,24
23,1596.0,227.43916563982825,283.79465069232003,227.43916563982825,362.3361165237483,2120.2012294925107,706.4071973856127,277.5451502761411,412.3149040111269,362.4231991878493,1184.3426312685122,1672.4096163702702,1229.1050347215673,Qcells,Alice2018Test,S2,12,power-active,24
0,3048.0,536.3834283909234,338.8505982195749,536.3834283909234,305.04400612881307,321.02756330312826,1467.6158193915248,452.50551659339703,597.3423638651773,563.9522363487209,1325.0540054580238,1507.3143474528506,1081.2227726068127,Qcells,Alice2018Test,S2,12,power-active,48
1,3072.0,547.4838093911187,256.69449836642985,547.4838093911187,270.37915512627865,431.60356309220197,1544.8078748430205,538.4353257466072,743.6049119094268,678.4692622629568,1677.0169298147982,2220.419649293391,1669.0196226596704,Qcells,Alice2018Test,S2,12,power-active,48
2,3096.0,410.12903849935554,83.8241509808598,410.12903849935554,123.38398227750776,141.98602968565663,1246.9472538776122,257.9728393605612,430.45961954054906,446.05945322998576,1343.6948532332583,1494.8670475127526,1157.8437499241081,Qcells,Alice2018Test,S2,12,power-active,48
3,3108.0,526.051085021828,281.36880794538564,526.051085021828,226.08696894331717,68.71032350695539,1217.7895051713622,303.79833754388613,445.6926750443095,438.5137306374802,1287.7489464013274,1492.1820351352048,970.4540542499533,Qcells,Alice2018Test,S2,12,power-active,48
4,3120.0,478.3675616972578,227.2296516365614,478.3675616972578,150.4896600893242,51.15999335814197,1119.2717931491723,299.354993891489,457.6250372103947,437.89099988445594,1233.792832662355,1600.8076364996687,1020.4108606895555,Qcells,Alice2018Test,S2,12,power-active,48
5,3168.0,444.8774167192254,163.22795026685225,444.8774167192254,168.63101423634185,146.09188716110512,1349.8604596071941,396.1391921226999,614.4219983328775,544.5924497411654,1573.050163843129,1917.3670293815571,1415.2566372200044,Qcells,Alice2018Test,S2,12,power-active,48
6,3157.0,532.4375987869255,354.79953845264106,532.4375987869255,282.1050256915351,211.29513570259087,1478.0475643392365,438.39632527733653,649.600650289738,655.3580685314344,1650.2412925503334,1908.348553645151,1298.4350016917012,Qcells,Alice2018Test,S2,12,power-active,48
7,3168.0,657.0416001722982,437.77848264874086,657.0416001722982,373.76838104349116,509.6044718235609,1632.898829300536,592.9619118633802,778.7008880121812,720.2267126440037,2330.0153561692136,3152.9372340028,2401.323272787169,Qcells,Alice2018Test,S2,12,power-active,48
8,3144.0,488.9736101394245,222.78703446919315,488.9736101394245,229.627666500041,212.2102619920906,1442.035991841582,444.8047519413235,639.5437178431578,652.2675485042918,1550.8415067227197,1762.3971777508643,1287.38737185619,Qcells,Alice2018Test,S2,12,power-active,48
9,3145.0,799.2610313573545,330.8468001262509,799.2610313573545,282.0713486964191,137.8826915705242,1262.5923848909483,349.6185101963013,498.492741154958,503.0490342364806,1545.708347946653,1779.0454496807927,1274.3926964675222,Qcells,Alice2018Test,S2,12,power-active,48
10,3168.0,711.6506111386874,336.65923793201455,711.6506111386874,265.1485374136201,43.129837456065665,1302.3824020066647,458.3351829986298,588.9878517219458,573.0460772264763,2176.1269098431944,2983.420956800818,2103.1887125881663,Qcells,Alice2018Test,S2,12,power-active,48
11,3180.0,6187.112273256968,2350.1993467191505,6187.112273256968,2998.6194788698763,3835.91536397098,2172.9241232759227,2282.500078386276,2007.1126267989544,1885.3424766011703,2575.493332246852,3471.2320557589883,2783.8674974643895,Qcells,Alice2018Test,S2,12,power-active,48
0,4572.0,787.6479183742362,458.8931373251545,787.6479183742362,409.3215202216767,540.1307766982005,2151.3208863527843,693.2748399642472,930.3378412221546,879.998293896385,2246.4723938478883,2835.214203602703,2006.1761498290145,Qcells,Alice2018Test,S2,12,power-active,72
1,4644.0,706.3483579071604,220.4761102417099,706.3483579071604,289.4856233109227,354.4863793827863,2108.050061759375,555.6388417363175,841.0690540929984,808.4826579452786,2099.293394658194,2387.3868406562947,1901.9099953615769,Qcells,Alice2018Test,S2,12,power-active,72
2,4668.0,804.1264218466234,429.97660335699885,804.1264218466234,321.1075942094144,109.1762783528882,1770.386755524504,463.9318400520837,678.1783579791339,655.0694619958426,1926.8706058852447,2348.883017942081,1509.2246874435762,Qcells,Alice2018Test,S2,12,power-active,72
3,4728.0,645.1696415916861,241.84980649180034,645.1696415916861,224.10004905956902,156.78592567331432,1916.5350024032236,535.3606835059906,839.5613526084481,765.9277182672593,2167.7213370215663,2661.4736830743473,1896.8968647159372,Qcells,Alice2018Test,S2,12,power-active,72
4,4741.0,898.407843853279,626.4992087514095,898.407843853279,505.52808942787374,445.92943526213145,2309.736525925833,716.0398005185045,1018.473238738895,994.2190432822131,2935.2474271554397,3686.7420482215875,2548.688940691996,Qcells,Alice2018Test,S2,12,power-active,72
5,4728.0,780.0449652453678,388.865846819166,780.0449652453678,379.9729838071931,487.18043425611074,2243.245859555522,760.1231885635353,1049.3720174061812,1033.6332863975176,2595.8507282868272,3136.94091717723,2438.456705643067,Qcells,Alice2018Test,S2,12,power-active,72
6,4729.0,1157.1554885882622,511.82970296926055,1157.1554885882622,417.1557508675986,178.28734843096106,1908.7759365597028,557.278305310015,794.5635003622733,775.0793913277483,2366.6702377131064,2870.7362400148904,2001.224737495082,Qcells,Alice2018Test,S2,12,power-active,72
7,4764.0,6540.868427164748,2505.8756818081547,6540.868427164748,3128.683614112317,3838.6405445666087,2829.122973613831,2533.175466271192,2300.029719313586,2186.358196736379,3930.6583523235963,5362.962222225706,4160.2241690249975,Qcells,Alice2018Test,S2,12,power-active,72
0,1021.0,22.472532932612793,6.83559906307187,22.472532932612793,25.611648676165967,0.0021646385638580752,43.3053285010679,23.595413464212204,44.18465855065618,24.806962558555938,116.19247112584182,111.5201646135237,83.86286112388659,Qcells,Alice2018Test,S2,12,low-power,24
1,1885.0,24.64790392816346,8.983754854902486,24.64790392816346,31.10689053132723,0.001484959740593163,52.37770634186274,31.660077151767965,75.74738891073626,36.54092677663308,215.65167328042114,147.45890451239725,102.80960587134597,Qcells,Alice2018Test,S2,12,low-power,24
2,1885.0,25.468058731908528,8.723547274260124,25.468058731908528,30.698572879285987,0.0028722643774482083,52.116188076070934,31.26280505136047,72.86881058655423,39.52869020602146,222.41200010649933,145.37901325360065,104.86435090945476,Qcells,Alice2018Test,S2,12,low-power,24
3,1861.0,23.728430194577907,6.706937818438628,23.728430194577907,27.293493399167726,0.004575302068415753,39.0992214100555,31.845461993775224,80.66875198158725,42.80326808674732,154.88915194150547,122.38833076772104,110.66455390208017,Qcells,Alice2018Test,S2,12,low-power,24
4,1861.0,23.744124050211102,5.73415662542733,23.744124050211102,25.995867748163445,0.0011900796929080683,33.06312390302264,25.87707181870274,61.95463380690986,26.9689897736821,146.74055146342954,119.88564418414624,97.16585568148409,Qcells,Alice2018Test,S2,12,low-power,24
5,1861.0,22.298265408341642,6.352632398182694,22.298265408341642,26.26112088555999,0.0010799458507455915,37.544235121869036,27.00066441145269,59.480855011866474,28.73970645851679,148.18251795968695,126.53841210835029,98.76613340701957,Qcells,Alice2018Test,S2,12,low-power,24
6,1861.0,20.11324733036609,6.895530843611989,20.11324733036609,25.75558606514938,0.0017567998339144749,36.86199957940415,26.67938271258451,63.997330762956686,28.4548650049674,154.2561783377923,117.10749213451753,96.59520099881985,Qcells,Alice2018Test,S2,12,low-power,24
7,1849.0,11.855268017821132,5.6176949403783265,11.855268017821132,20.01027588291552,0.004231465455685985,26.25429635897826,25.74610661855774,65.1860016489681,30.296024581277482,176.25312069862656,109.76288613386345,72.42641039539282,Qcells,Alice2018Test,S2,12,low-power,24
8,1849.0,13.29000429552957,5.641239399223782,13.29000429552957,21.008497033445646,0.0012692260468909386,23.6990573574182,27.480566599222954,67.26150458652845,34.23329170807521,177.472938769387,120.69265734710312,83.33285411488961,Qcells,Alice2018Test,S2,12,low-power,24
9,1837.0,11.431245571146707,6.082648575138968,11.431245571146707,20.5439728188654,0.004547694085953714,26.403509680449503,24.96137883391459,63.05181315574456,32.00291133822427,162.00366596141083,111.81656026075734,72.49586046780428,Qcells,Alice2018Test,S2,12,low-power,24
10,1815.0,6.926081128064711,3.4384374986960653,6.926081128064711,13.000556118527395,0.0006743999654343852,12.76602044446908,19.150835556037435,58.810116876820416,22.521547082141964,102.23190403218356,73.49391124977736,64.16576832810014,Qcells,Alice2018Test,S2,12,low-power,24
11,1813.0,6.90116247715754,3.8640010503463977,6.90116247715754,16.675679183576854,0.0005335730432276846,19.37063563271498,18.946109166098456,57.20384670083982,22.23983144453658,133.08476717944072,90.04451605735994,73.61009697651903,Qcells,Alice2018Test,S2,12,low-power,24
12,1803.0,6.416358763301077,3.5669190711256245,6.416358763301077,14.012688701769333,0.005217491592197628,15.491288934383528,21.084800022019568,53.888301021527816,22.487606438260084,118.53079656095062,81.33562509738594,61.204859463272136,Qcells,Alice2018Test,S2,12,low-power,24
13,1812.0,6.175635795684441,4.718084677817217,6.175635795684441,14.98917563272063,0.0003984361448031421,16.600764473303645,24.291322601376446,61.87560072050818,30.02952951544002,148.13924861973024,101.81815716789541,63.12712910856018,Qcells,Alice2018Test,S2,12,low-power,24
14,1813.0,10.80799865638937,5.383370262869274,10.80799865638937,16.828614934022575,0.001689812478873283,18.478790207336658,28.93067060330172,64.85158008425063,38.51456879614227,200.17652413572,123.2581736083881,86.1520655266599,Qcells,Alice2018Test,S2,12,low-power,24
15,1825.0,9.084469045802306,4.498225076005875,9.084469045802306,18.413577806572693,0.0002573862658422312,21.093260129126115,23.263998392305133,54.83959577170066,28.320115266631888,166.134860050584,114.54143837010807,90.34772698274347,Qcells,Alice2018Test,S2,12,low-power,24
16,1837.0,19.928147104570627,5.3784336558911265,19.928147104570627,23.499851498374554,0.004627354493995019,29.858394869216777,24.162854785682455,69.64892439508989,28.983499081480954,147.10483715185444,107.04548128449618,102.48882494397273,Qcells,Alice2018Test,S2,12,low-power,24
17,1837.0,16.27113020358127,5.369387089446239,16.27113020358127,23.82840966568524,0.0009870411559172022,30.583130198141912,22.410489967759823,59.306644675834576,25.767484889915877,163.14384399490532,107.78736515039117,89.5824496220156,Qcells,Alice2018Test,S2,12,low-power,24
18,1837.0,17.148881324381684,5.982386991304142,17.148881324381684,24.23944857364801,0.0015822920377267244,29.90279880743976,24.24237004337947,59.97933606981347,28.130199769776034,153.2471610634293,109.74138948757947,83.73769945869574,Qcells,Alice2018Test,S2,12,low-power,24
19,1824.0,20.553098143790987,6.252809068461811,20.553098143790987,23.776501567660695,0.0008078745930220387,27.801783136721898,27.406974009541685,65.98214248410011,30.20648173646689,159.72996087850618,113.4755829613971,84.65834754128824,Qcells,Alice2018Test,S2,12,low-power,24
20,1813.0,16.72548419921202,5.7432488134741195,16.72548419921202,20.430318199806322,0.00035978692803358836,28.436451329861903,28.151492037078864,65.49064227152424,33.99870257865547,208.77795150836104,127.95212163054107,100.753506154596,Qcells,Alice2018Test,S2,12,low-power,24
21,1825.0,17.72946624996086,5.545880192911528,17.72946624996086,21.60522413146308,0.0009183465795249895,23.695361308154975,23.02725994603733,58.20058272246086,31.85306473743129,215.76719079704776,112.9812062110638,96.20428389397203,Qcells,Alice2018Test,S2,12,low-power,24
22,1825.0,125.4244896379458,10.555926845457531,125.4244896379458,25.73194196782198,0.0024733320660475736,6.732870189123871,41.10268785012549,92.49175065732422,83.87128642062292,168.90827184861587,84.12748011295007,87.32447571387411,Qcells,Alice2018Test,S2,12,low-power,24
23,1723.0,14.192480131555017,5.443343708120573,14.192480131555017,18.863462576056943,0.003536158570961519,21.7724638763224,26.08308679686338,52.26465394883622,32.25031471156803,173.72716559491008,100.22461912377682,81.54811972694215,Qcells,Alice2018Test,S2,12,low-power,24
0,2906.0,47.12043686077625,15.81935391797436,47.12043686077625,56.718539207493166,0.0036495983044512376,95.68303484293062,55.25549061598017,119.9320474613925,61.34788933518898,331.8441444062629,258.97906912592094,186.6724669952325,Qcells,Alice2018Test,S2,12,low-power,48
1,3746.0,49.19648892648641,15.430485092698763,49.19648892648641,57.9920662784537,0.007447566445863959,91.21540948612646,63.10826704513571,153.53756256814148,82.33195829276877,377.30115204800506,267.76734402132155,215.528904811535,Qcells,Alice2018Test,S2,12,low-power,48
2,3722.0,46.04238945855277,12.086789023610022,46.04238945855277,52.25698863372344,0.0022700255436536605,70.6073590248917,52.87773623015544,121.43548881877632,55.70869623219889,294.92306942311643,246.42405629249663,195.9319890885036,Qcells,Alice2018Test,S2,12,low-power,48
3,3710.0,31.968515348187196,12.513225783990318,31.968515348187196,45.765861948064895,0.005988265289600459,63.116295938382414,52.425489331142245,129.18333241192477,58.75088958624488,330.50929903641884,226.87037826838102,169.0216113942126,Qcells,Alice2018Test,S2,12,low-power,48
4,3686.0,24.721249866676278,11.723887974362748,24.721249866676278,41.5524698523111,0.0058169201328446525,50.102567037867715,52.44194543313758,130.3133177422731,66.23620304629948,339.47660473079793,232.5092176078606,155.828714582694,Qcells,Alice2018Test,S2,12,low-power,48
5,3628.0,13.82724360522225,7.302438549042459,13.82724360522225,29.676235302104246,0.0012079730086620693,32.136656077184064,38.096944722135916,116.01396357766015,44.76137852667854,235.31667121162423,163.53842730713743,137.77586530461926,Qcells,Alice2018Test,S2,12,low-power,48
6,3615.0,12.591994558985514,8.285003748942842,12.591994558985514,29.00186433448996,0.005615927737000763,32.09205340768718,45.37612262339602,115.76390174203604,52.51713595370013,266.6700451806811,183.1537822652814,124.33198857183233,Qcells,Alice2018Test,S2,12,low-power,48
7,3638.0,19.89246770219167,9.881595338875144,19.89246770219167,35.24219274059526,0.0019471987447155124,39.57205033646275,52.19466899560686,119.6911758559512,66.83468406277413,366.31138418630405,237.79961197849616,176.49979250940328,Qcells,Alice2018Test,S2,12,low-power,48
8,3674.0,36.1992773081519,10.747820745337364,36.1992773081519,47.32826116405979,0.0056143956499122225,60.44152506735868,46.573344753442264,128.95556907092447,54.750983971396856,310.24868114675934,214.8328464348874,192.07127456598835,Qcells,Alice2018Test,S2,12,low-power,48
9,3661.0,37.701979468172624,12.235196059765952,37.701979468172624,48.01595014130871,0.002390166630748765,57.70458194416167,51.64934405292121,125.96147855391354,58.33668150624297,312.9771219419355,223.21697244897666,168.3960469999841,Qcells,Alice2018Test,S2,12,low-power,48
10,3638.0,34.45495044917288,11.289129006385659,34.45495044917288,42.03554233126941,0.0012781335075585786,52.13181263801688,51.17875198311615,123.69122499398517,65.85176731608676,424.54514230540855,240.93332784160472,196.95779004856803,Qcells,Alice2018Test,S2,12,low-power,48
11,3548.0,139.6169697695008,15.999270553578102,139.6169697695008,44.595404543878935,0.006009490637009093,28.505334065446277,67.18577464698885,144.75640460616046,116.12160113219093,342.6354374435258,184.3520992367269,168.87259544081627,Qcells,Alice2018Test,S2,12,low-power,48
0,4791.0,72.58849559268477,24.542901192234464,72.58849559268477,87.4171120867792,0.0065218626818994456,147.7992229190016,86.51829566734061,192.80085804794666,100.87657954121039,554.2561445127623,404.3580823795214,291.53681790468727,Qcells,Alice2018Test,S2,12,low-power,72
1,5583.0,69.77081965313067,18.793726842048642,69.77081965313067,79.55048203289111,0.006845327612069405,109.70658043494711,84.72319822393065,202.10424080036358,98.51196431894616,449.8122213646215,368.8123870602174,306.5965429905841,Qcells,Alice2018Test,S2,12,low-power,72
2,5559.0,45.258519643716724,18.154465183214107,45.258519643716724,66.77435898151049,0.007257491336491403,86.81535329580058,79.90605593036521,196.44483699845304,92.98418129432012,507.9822378058059,347.5630356154844,252.35446550910206,Qcells,Alice2018Test,S2,12,low-power,72
3,5465.0,25.258489176368965,13.38508712418144,25.258489176368965,50.220208120969644,0.005755667094615788,58.54016575763354,63.05832355605047,179.06577673340482,76.76428986490288,397.320337173035,275.35498756789457,210.27172577242337,Qcells,Alice2018Test,S2,12,low-power,72
4,5428.0,23.3999932153749,13.668374011812116,23.3999932153749,45.83047926851255,0.00730574021587405,50.570843615023804,74.30679322669775,180.61548182628673,91.03170474984236,466.8465693164012,306.4119558736695,210.4840540984921,Qcells,Alice2018Test,S2,12,low-power,72
5,5499.0,45.28374635395422,15.246045821343248,45.28374635395422,65.74183897063251,0.005871781915754454,81.53478519648479,69.83734314574743,183.79516484262538,83.07109923802876,476.38354119734385,329.37428480499545,282.41900154873184,Qcells,Alice2018Test,S2,12,low-power,72
6,5474.0,54.42746366738462,17.978444873240065,54.42746366738462,68.44626834111506,0.0027499535587823523,86.14103327402354,79.80083609000009,191.4521208254378,92.3353840848984,521.7550734502967,351.1690940795177,269.1495531545801,Qcells,Alice2018Test,S2,12,low-power,72
7,5373.0,157.3464360194616,21.545150746489636,157.3464360194616,66.20062867534193,0.006927837216534087,52.20069537360123,90.21303459302615,202.95698732862135,147.9746658696223,558.4026282405738,297.3333054477907,265.0768793347883,Qcells,Alice2018Test,S2,12,low-power,72
0,110.0,16.350908400983,4.287697519437918,16.350908400983,20.756039259103837,0.011534001112642196,29.90533678164079,14.848546469963301,18.175719804734992,15.326689372601418,95.73108716301772,95.1083594597566,66.27368181916827,Qcells,Alice2018Test,S1_new_origins,12,full,24
1,121.0,16.96308922618946,5.666672616138851,16.96308922618946,24.063910485723532,0.016773206335814753,36.510180589042676,16.21072785563453,22.37235497762381,16.415869979351793,104.78422895747283,100.51683109285085,72.67159615225701,Qcells,Alice2018Test,S1_new_origins,12,full,24
2,121.0,15.892071982735493,5.200046851166672,15.892071982735493,23.144159690536885,0.014742394986907822,35.940729255950636,15.366331005705833,20.94446813659693,14.741840057108677,100.84468097287791,98.34280362879433,69.01373152054023,Qcells,Alice2018Test,S1_new_origins,12,full,24
3,121.0,23.846476018613423,5.567329813775922,23.846476018613423,27.877876172258738,0.023320394568080022,37.255868249706594,17.410174624110354,18.726150411162727,18.181880829177935,117.61226729483433,119.41083193726179,86.39410595138455,Qcells,Alice2018Test,S1_new_origins,12,full,24
4,121.0,26.870316658118977,6.034398944866767,26.870316658118977,29.253222527649218,0.24747106065727198,32.09860228753987,16.090739240589997,18.19226339881882,16.0896397482927,114.10126116305736,114.14951046725241,87.29943759449661,Qcells,Alice2018Test,S1_new_origins,12,full,24
5,121.0,22.341824672822483,5.348121498414573,22.341824672822483,26.600858757271247,0.3033079192284335,34.82758364537603,15.617222064920604,19.00720266378136,15.024950162621524,113.04957174565982,113.41738163608773,81.06152857503307,Qcells,Alice2018Test,S1_new_origins,12,full,24
6,121.0,20.374830200442915,5.72443745070202,20.374830200442915,25.047472140295525,0.01302489617577748,33.7048587953664,14.441546310957683,19.41248502552328,14.190854378131316,105.20777611769503,102.22261179295043,76.44363394645313,Qcells,Alice2018Test,S1_new_origins,12,full,24
7,121.0,17.942090914881863,5.633301971319674,17.942090914881863,23.21999485667895,0.03926204316654067,34.19967571604788,14.998444655973922,21.119813769127838,13.069709878115887,103.42710527764258,96.27146774304599,74.24628088433452,Qcells,Alice2018Test,S1_new_origins,12,full,24
8,121.0,20.03396769951857,5.594720937001503,20.03396769951857,24.157176946919897,0.05552027340162838,30.33839264235385,14.48870120402492,21.394337678620598,11.942253560938266,100.14336134405956,94.03047218585948,71.68017163770291,Qcells,Alice2018Test,S1_new_origins,12,full,24
9,111.0,16.160540614762933,4.9854242639139,16.160540614762933,21.237342943970898,0.0770010411539893,29.8414451386245,12.08864328107412,17.64213072661752,9.981779516123995,91.45534754244096,85.4995834899471,65.54940072048362,Qcells,Alice2018Test,S1_new_origins,12,full,24
10,111.0,18.289915801081303,3.6024214533151486,18.289915801081303,19.69766585241023,0.028441354129682156,27.566366617126288,12.734902701549434,17.798640905269828,15.294769666205168,88.05634935813897,86.92951342896396,66.88461308773759,Qcells,Alice2018Test,S1_new_origins,12,full,24
11,111.0,16.009470603463335,3.9557814104716056,16.009470603463335,21.173287136982736,0.1717424399740536,32.21196005798845,11.400558432431703,14.840205507554364,11.649151364831614,100.7018973473256,98.85137425438363,77.69484066142127,Qcells,Alice2018Test,S1_new_origins,12,full,24
12,111.0,17.630271433834224,4.248796259765855,17.630271433834224,22.1599601627073,0.00320908996195451,31.462151984660817,12.926942303948051,18.66921736998282,11.568287592818029,99.46767202437849,94.37641031069967,72.278482842962,Qcells,Alice2018Test,S1_new_origins,12,full,24
13,242.0,24.383806800651588,7.8403415558384575,24.383806800651588,25.989818952951005,0.07602065453704196,41.54275279355318,28.0318331514038,44.716489862464684,28.909158869618725,104.21227796269383,94.37620453596293,77.42746461220808,Qcells,Alice2018Test,S1_new_origins,12,full,24
14,121.0,16.58732678566504,5.070970581151083,16.58732678566504,21.381479396618282,0.18305887389397765,24.538408263719177,17.40470083409687,21.135421110408828,13.894344377510903,105.4616488453427,96.6315226498743,74.42955164924096,Qcells,Alice2018Test,S1_new_origins,12,full,24
15,121.0,14.33939685352632,4.533434762218802,14.33939685352632,23.403684023744184,0.2830354709411756,27.695372478245215,14.482555857635242,17.261696681544176,11.608781721765542,107.1150616702106,104.61379169733614,75.17403184451176,Qcells,Alice2018Test,S1_new_origins,12,full,24
16,121.0,19.696323693001514,4.473146379929292,19.696323693001514,24.882074565661725,0.28934842507800823,28.01458360286264,13.01166244282143,16.973371451194534,15.76907652906927,100.90284765264843,100.79469348836606,77.7724422226926,Qcells,Alice2018Test,S1_new_origins,12,full,24
17,121.0,15.92849212454717,3.9784691225729327,15.92849212454717,23.170081596586414,0.00764923165302252,27.27273060517677,11.785284548420064,15.106849454151266,12.220343603528258,102.24151453349224,100.94333956768003,76.99136767508953,Qcells,Alice2018Test,S1_new_origins,12,full,24
18,121.0,17.225897924791322,4.859817110415082,17.225897924791322,23.855825000782264,0.002991112283244577,26.8159460273139,13.480064606129389,19.633259461918524,15.66775508247625,98.52067068887665,95.49814152201293,71.38243221597558,Qcells,Alice2018Test,S1_new_origins,12,full,24
19,253.0,32.137112761850105,8.445760164691286,32.137112761850105,32.46603948146833,0.038018335555283944,36.529736807916635,26.74423757928173,43.056632832070804,28.17787605035895,108.51330795597342,104.7374699607429,82.9962593841469,Qcells,Alice2018Test,S1_new_origins,12,full,24
20,121.0,17.548394162090485,4.999912978146047,17.548394162090485,23.064072520664432,0.003215881728220977,25.572844645570576,14.236100792755265,19.166469509220168,13.954015552267668,94.13779773834679,89.59879047215746,68.45452441032926,Qcells,Alice2018Test,S1_new_origins,12,full,24
21,121.0,18.1821583664211,4.664849648347106,18.1821583664211,21.88043036022468,0.016318989785869865,21.078589153492324,13.21668054951719,16.939169877274786,13.068781605374335,90.53868295171755,86.36039536009243,65.80212547504885,Qcells,Alice2018Test,S1_new_origins,12,full,24
22,121.0,134.24400354412813,12.008877197415062,134.24400354412813,30.943818510899398,2.82464941991306,5.800940272001021,24.576476721718628,30.71181137142235,36.64023241620181,59.40684520309447,60.803689493788525,40.78403873535781,Qcells,Alice2018Test,S1_new_origins,12,full,24
23,177.0,23.34416401705128,5.778159621749526,23.34416401705128,22.64029922945552,3.8908495804004417,25.740078909521213,12.786610873791869,18.951070418047536,13.765226167570617,97.57717071656813,92.23636261392554,75.93399487388669,Qcells,Alice2018Test,S1_new_origins,12,full,24
0,231.0,33.313997627172455,9.954370135576767,33.313997627172455,44.81994974482737,0.02830720744845695,66.41551737068349,31.05927432559783,40.548074782358796,31.742559351953215,200.5153161204905,195.62519055260742,138.94527797142527,Qcells,Alice2018Test,S1_new_origins,12,full,48
1,242.0,39.7385480013489,10.767376664942592,39.7385480013489,51.02203586279562,0.03806278955498784,73.19659750565724,32.776505629816185,39.670618547759666,32.92372088628662,218.45694826771222,217.75363556605612,155.40783747192475,Qcells,Alice2018Test,S1_new_origins,12,full,48
2,242.0,49.212141330941456,11.382520443281342,49.212141330941456,55.854081284920454,0.5507789798857056,66.9261859329159,31.7079613055106,37.19946606260019,31.114589910914226,227.15083290871715,227.5668921033402,168.36096616952966,Qcells,Alice2018Test,S1_new_origins,12,full,48
3,242.0,38.31692111532479,11.357739422021693,38.31692111532479,48.26746699697446,0.05228693934231815,67.90453451141425,29.43999096693161,40.53229879465112,27.2605642562472,208.63488139533763,198.4940795359964,150.68991483078764,Qcells,Alice2018Test,S1_new_origins,12,full,48
4,232.0,36.194508314281514,10.580145200915403,36.194508314281514,45.3945198908908,0.1325213145556177,60.17983778097837,26.577344485099044,39.03646840523812,21.92403307706226,191.5987088865005,179.53005567580658,137.22957235818652,Qcells,Alice2018Test,S1_new_origins,12,full,48
5,222.0,34.29938640454465,7.5582028637867555,34.29938640454465,40.870952989392975,0.20018379410373577,59.77832667511474,24.135461133981135,32.638846412824186,26.943921031036783,188.7582467054646,185.78088768334754,144.57945374915886,Qcells,Alice2018Test,S1_new_origins,12,full,48
6,353.0,42.01407823448581,12.08913781560431,42.01407823448581,48.14977911565831,0.07922974449899647,73.00490477821397,40.95877545535185,63.38570723244751,40.47744646243675,203.67994998707232,188.7526148466626,149.7059474551701,Qcells,Alice2018Test,S1_new_origins,12,full,48
7,242.0,30.926723639191362,9.604405343369885,30.926723639191362,44.785163420362466,0.4660943448351532,52.233780741964395,31.887256691732116,38.39711779195301,25.503126099276447,212.57671051555332,201.24531434721044,149.60358349375272,Qcells,Alice2018Test,S1_new_origins,12,full,48
8,242.0,35.62481581754868,8.451615502502227,35.62481581754868,48.05215616224813,0.29699765673103073,55.287314208039405,24.79694699124149,32.080220905345804,27.98942013259753,203.1443621861407,201.73803305604608,154.76380989778215,Qcells,Alice2018Test,S1_new_origins,12,full,48
9,374.0,49.36301068664142,13.305577275106366,49.36301068664142,56.321864482250575,0.04100944783852852,63.345682835230534,40.224302185411126,62.689892293989324,43.845631132835194,207.03397864485007,200.23561148275581,154.37869160012255,Qcells,Alice2018Test,S1_new_origins,12,full,48
10,242.0,35.73055252851158,9.664762626493152,35.73055252851158,44.944502880889104,0.01953487151409084,46.65143379906289,27.452781342272456,36.10563938649495,27.022797157642003,184.67648069006432,175.95918583224986,134.2566498853781,Qcells,Alice2018Test,S1_new_origins,12,full,48
11,298.0,157.58816756117943,17.78703681916459,157.58816756117943,53.58411774035493,6.7154990003135016,31.541019181522234,37.36308759551049,49.66288178946989,50.405458583772436,156.98401591966268,153.04005210771405,116.7180336092445,Qcells,Alice2018Test,S1_new_origins,12,full,48
0,352.0,49.20606960990795,15.154416986743437,49.20606960990795,67.96410943536426,0.043049602435364764,102.35624662663413,46.42560533130366,61.492542918955735,46.48439940906188,301.35999709336846,293.9679941814017,207.9590094919655,Qcells,Alice2018Test,S1_new_origins,12,full,72
1,363.0,73.05861734955492,16.94985025705726,73.05861734955492,83.73195745717919,0.5740993744537857,104.1820541826225,49.11813592962096,55.92561647376291,49.296470740092154,344.7631002035514,346.9777240406019,254.75507212091424,Qcells,Alice2018Test,S1_new_origins,12,full,72
2,363.0,58.35088881484336,16.952460359023195,58.35088881484336,72.42464394389435,0.10780721274394653,98.2429271537681,43.928692170956545,61.92663647327172,39.20281781718547,308.7782427393972,292.5245517218559,222.37008646849057,Qcells,Alice2018Test,S1_new_origins,12,full,72
3,333.0,50.459927019307585,12.54362712770065,50.459927019307585,62.10829593336386,0.277184835257725,89.61977181373925,36.224104415055265,50.28097713944171,36.92570054716077,280.2135942479056,271.28047117329464,210.12885446964242,Qcells,Alice2018Test,S1_new_origins,12,full,72
4,474.0,58.60140502015085,17.160108396755394,58.60140502015085,69.5312585122766,0.2622886183929741,97.54331304193315,58.36347628944872,84.52112834285633,54.37179083994765,309.14159883241496,285.38413749653694,224.13549910441102,Qcells,Alice2018Test,S1_new_origins,12,full,72
5,363.0,49.964212671075,12.985050264721032,49.964212671075,71.45584018599232,0.5800331276722064,82.98268668628461,39.279502848876746,49.341917586889956,39.59820185436308,310.2594238563512,306.35182475338223,229.93784174229393,Qcells,Alice2018Test,S1_new_origins,12,full,72
6,495.0,66.91140484873192,18.30549025325241,66.91140484873192,79.38593700291501,0.04422532956674949,88.91852748080112,54.4604029781664,81.85636180320948,57.79964668510287,301.17177638319674,289.8344019549133,222.83321601045185,Qcells,Alice2018Test,S1_new_origins,12,full,72
7,419.0,175.77032592760057,22.451886467511695,175.77032592760057,75.46454810057963,6.731817990099371,52.61960833501455,50.579768145027685,66.60205166674469,63.47424018914678,247.52269887138016,239.4004474678064,182.52015908429343,Qcells,Alice2018Test,S1_new_origins,12,full,72
0,28.0,5.335135266683566,0.8823666556746967,5.335135266683566,5.46550391417511,0.010476641589181742,6.78140002678058,2.737243522475569,4.212883242714397,3.482836558974376,23.589080097459373,20.331133152806522,17.869739930677817,Qcells,Alice2018Test,S1_new_origins,12,power-active,24
1,28.0,4.523148285932507,1.1791939633702329,4.523148285932507,5.41765093268784,0.016364535495840028,6.456218012709586,2.0958490401584466,3.8418225470013843,2.881492407180507,22.039012386218758,17.442214113787664,16.381367746798862,Qcells,Alice2018Test,S1_new_origins,12,power-active,24
2,28.0,4.108468946081213,0.9964385568305577,4.108468946081213,5.134769525635236,0.013740808104568267,6.054393651190022,1.7864359464501876,3.325169189468408,2.13794948772545,20.49316309413764,16.881892149296245,15.130303374934922,Qcells,Alice2018Test,S1_new_origins,12,power-active,24
3,36.0,10.264710294446514,2.176532385180327,10.264710294446514,10.211223804217926,0.02017125591225225,11.55167853139268,4.930649218933933,6.193076038892123,5.744645166948064,36.952895641794974,33.91607173012521,28.20818379361009,Qcells,Alice2018Test,S1_new_origins,12,power-active,24
4,36.0,12.802122822514916,2.9423502897127802,12.802122822514916,12.243957132064459,0.24697552749443677,11.057759208709797,5.181363910204709,6.50961198009789,5.868975884873214,39.05510457892807,36.06546305706245,30.738709924483192,Qcells,Alice2018Test,S1_new_origins,12,power-active,24
5,36.0,9.481905770507094,1.8698208078317344,9.481905770507094,9.309497867513901,0.3031059371728037,10.029182959396415,3.8064782690912793,5.5363772612383935,4.118236942315761,34.57081733966588,31.623529198998437,25.89630156254503,Qcells,Alice2018Test,S1_new_origins,12,power-active,24
6,36.0,8.44670936177122,1.919948609751528,8.44670936177122,8.470388076599553,0.012711198728967336,9.218563976081832,3.228352644386079,5.32198222676026,3.743902696948556,31.32937412832825,27.621751713588736,23.658463047321657,Qcells,Alice2018Test,S1_new_origins,12,power-active,24
7,45.0,10.609041907914433,2.6671434127608076,10.609041907914433,11.045953175457168,0.03601882182523357,13.952981903134503,5.625970478827136,9.027972795579046,5.5156234036620235,41.06826246517212,36.34843672559737,32.43757958298765,Qcells,Alice2018Test,S1_new_origins,12,power-active,24
8,45.0,11.638067762775872,2.6649858900894756,11.638067762775872,11.66327992229037,0.05517234445116956,12.132520990930667,4.989464441673238,9.31803757243223,4.8909798593488745,39.93614563566943,35.79780135715361,31.1979767593443,Qcells,Alice2018Test,S1_new_origins,12,power-active,24
9,45.0,9.709570638504292,2.2774238180833537,9.709570638504292,10.420867109734761,0.0741152843808853,12.673771535602478,4.633788584833446,7.4411121002376115,3.844005096592695,38.720953145225536,34.546748961478336,30.09542358943751,Qcells,Alice2018Test,S1_new_origins,12,power-active,24
10,55.0,14.025377553079204,2.038056575231025,14.025377553079204,12.64706910935827,0.028120594163381293,16.63775447696277,6.744804803762824,10.380781812717851,9.523630342356984,48.307312285072555,46.66207786139809,39.13859448297663,Qcells,Alice2018Test,S1_new_origins,12,power-active,24
11,55.0,12.04125518341617,2.2427788220219433,12.04125518341617,12.807896337031428,0.1717416577455398,18.743369170088652,5.547127281534917,8.249440843961384,6.2327201318658565,53.61527508340612,52.08787555195658,43.4353735693697,Qcells,Alice2018Test,S1_new_origins,12,power-active,24
12,55.0,13.413339808993442,2.1837908164094797,13.413339808993442,13.509648906548827,0.003185427711536477,18.093013952968352,6.097691372091319,10.00415709950295,6.0003069446971296,53.34393547038045,49.47291243019825,41.030664057353974,Qcells,Alice2018Test,S1_new_origins,12,power-active,24
13,100.0,20.986760643850186,4.395301399610274,20.986760643850186,14.282854757345483,0.0756366539463577,28.911874089563156,19.80808990522038,34.38637041937677,22.665160262683454,53.8268362405008,45.29228130087494,45.80259033065483,Qcells,Alice2018Test,S1_new_origins,12,power-active,24
14,45.0,9.966027911099186,2.4379629630191655,9.966027911099186,11.1370735754945,0.18173915963422627,10.60715651885877,7.00486960897495,9.643981262380322,5.943849448165464,45.62957895398066,39.60423654930352,35.43222316324253,Qcells,Alice2018Test,S1_new_origins,12,power-active,24
15,45.0,8.9074981168181,2.4986269168337043,8.9074981168181,11.885222567643618,0.28282003127615507,12.229647546190263,5.465174060953807,7.77697578547717,4.717141843169729,45.79097848138443,42.37232438849408,35.070298114333376,Qcells,Alice2018Test,S1_new_origins,12,power-active,24
16,36.0,7.966504432331609,1.3902043325993465,7.966504432331609,8.978948084955976,0.28693131733327787,7.7631397244099976,2.929874461750611,4.497648999456507,4.0956697308273275,31.792220725757915,29.230181644888056,25.783917909486064,Qcells,Alice2018Test,S1_new_origins,12,power-active,24
17,36.0,6.742701784445913,1.3220855811143746,6.742701784445913,8.350500609732963,0.007456862565488087,7.553140102290305,2.504145287453424,3.9469608489871444,2.8071713439724952,32.72039194566849,29.472366033874273,25.601853155707367,Qcells,Alice2018Test,S1_new_origins,12,power-active,24
18,36.0,7.818994117349609,1.817242132140662,7.818994117349609,9.158910877979038,0.0019640995441502843,7.630494352825951,3.0410444982756024,5.322698849061799,4.384699186801561,31.985364182630622,28.18986332830757,24.486792873068712,Qcells,Alice2018Test,S1_new_origins,12,power-active,24
19,91.0,20.310291995381778,4.09661385701074,20.310291995381778,13.75312156048462,0.0372373187840732,18.70338039879768,14.945708927007686,27.371612938732923,16.898967956703572,38.427134083304175,36.54795880595222,35.362623865845684,Qcells,Alice2018Test,S1_new_origins,12,power-active,24
20,36.0,7.956042528916666,1.8795351401336584,7.956042528916666,8.81673402351768,0.0029889524108694067,7.19137334516672,3.0712111539840654,5.489824252813327,3.9801199352353915,30.335485529893653,26.3911974488354,23.38405433268261,Qcells,Alice2018Test,S1_new_origins,12,power-active,24
21,36.0,8.15192908354318,1.7762946619805184,8.15192908354318,8.53532780192358,0.01575318992487393,5.429056496672102,2.885265577017708,4.991243017019774,3.7933893610667306,29.093656012027704,25.467010795183615,22.514606459601183,Qcells,Alice2018Test,S1_new_origins,12,power-active,24
22,36.0,40.09922608734321,4.18082597746078,40.09922608734321,13.898822987330004,2.823561868716621,1.5674923236989264,10.672346481850834,12.994289302556483,9.506298862522778,24.497067304662618,21.511394358957293,16.14152428735135,Qcells,Alice2018Test,S1_new_origins,12,power-active,24
23,45.0,14.457608142994054,3.0369352769552314,14.457608142994054,11.863015472791714,3.8898630081651917,11.92211675629498,4.969479376382839,7.4163830436127105,5.735166687947383,44.37357714529489,40.58488685699441,35.80376035637752,Qcells,Alice2018Test,S1_new_origins,12,power-active,24
0,56.0,9.85828355261607,2.0615606190449296,9.85828355261607,10.883154846862949,0.026841177085021775,13.237618039490165,4.833092562634014,8.054705789715781,6.364328966154882,45.62809248367812,37.773347266594186,34.25110767747668,Qcells,Alice2018Test,S1_new_origins,12,power-active,48
1,64.0,14.373179240527728,3.1729709420108847,14.373179240527728,15.345993329853163,0.033912064016820516,17.606072182582704,6.7170851653841215,9.51824522836053,7.882594654673514,57.44605873593262,50.79796387942146,43.33848716854501,Qcells,Alice2018Test,S1_new_origins,12,power-active,48
2,72.0,22.284028593022004,4.812171097544515,22.284028593022004,21.55345499957836,0.5500814646672404,21.08694216810621,8.987842179295985,12.04598924133628,9.98721282718897,73.62592191859397,67.68899225606091,56.63501148702824,Qcells,Alice2018Test,S1_new_origins,12,power-active,48
3,81.0,19.055751269685654,4.587092022512336,19.055751269685654,19.51634125205672,0.0487300205542009,23.171545879216325,8.854323123213216,14.34995502233931,9.25952610061058,72.39763659350038,63.97018843918611,56.09604263030932,Qcells,Alice2018Test,S1_new_origins,12,power-active,48
4,90.0,21.34763840128016,4.942409708172828,21.34763840128016,22.084147032025136,0.12928762883205486,24.806292526533156,9.623253026506683,16.759149672669842,8.734984955941568,78.65709878089497,70.34455031863196,61.29340034878181,Qcells,Alice2018Test,S1_new_origins,12,power-active,48
5,110.0,26.06663273649537,4.280835397252969,26.06663273649537,25.454965446389696,0.1998622519089211,35.381123647051425,12.291932085297741,18.63022265667923,15.756350474222838,101.92258736847867,98.74995341335463,82.57396805234636,Qcells,Alice2018Test,S1_new_origins,12,power-active,48
6,155.0,34.400100452843645,6.579092216019753,34.400100452843645,27.792503663894312,0.07882208165789417,47.00488804253151,25.905781277311704,44.390527518879736,28.665467207380583,107.17077171088127,94.76519373107318,86.83325438800881,Qcells,Alice2018Test,S1_new_origins,12,power-active,48
7,90.0,18.873526027917286,4.936589879852869,18.873526027917286,23.022296143138114,0.46455919091038134,22.83680406504903,12.470043669928762,17.420957047857495,10.660991291335192,91.42055743536508,81.97656093779757,70.50252127757591,Qcells,Alice2018Test,S1_new_origins,12,power-active,48
8,72.0,14.70920621677752,2.7122899137137213,14.70920621677752,17.32944869468894,0.29438817989876587,15.316279826700306,5.434019749204035,8.444609848443651,6.902841074799823,64.5126126714264,58.70254767876232,51.385771065193424,Qcells,Alice2018Test,S1_new_origins,12,power-active,48
9,127.0,28.12928611273139,5.913855989151402,28.12928611273139,22.912032438463655,0.03920141832822348,26.333874751623636,17.986753425283283,32.694311787794724,21.283667143505134,70.41249826593483,64.7378221342598,59.84941673891439,Qcells,Alice2018Test,S1_new_origins,12,power-active,48
10,72.0,16.10797161245985,3.655829802114177,16.10797161245985,17.35206182544126,0.018742142335743343,12.620429841838826,5.956476731001772,10.481067269833103,7.773509296302121,59.42914154192136,51.85820824401903,45.8986607922838,Qcells,Alice2018Test,S1_new_origins,12,power-active,48
11,81.0,54.55683423033727,7.217761254416011,54.55683423033727,25.761838460121716,6.713424876881814,13.489609079993906,15.641825858233677,20.4106723461692,15.241465550470167,68.87064444995751,62.096281215951706,51.94528464372888,Qcells,Alice2018Test,S1_new_origins,12,power-active,48
0,84.0,13.966752498697282,3.0579991758754868,13.966752498697282,16.017924372498182,0.04058198518959004,19.292011690680187,6.619528509084201,11.379874979184189,8.502278453880333,66.12125557781573,54.65523941589041,49.38141105241158,Qcells,Alice2018Test,S1_new_origins,12,power-active,72
1,108.0,32.548738887468524,6.988703482724841,32.548738887468524,31.764678803796286,0.5702527205794926,32.63862069949891,13.918491398229914,18.239065280228402,15.73185799413703,110.57881756038891,101.60506398618611,84.84319528063833,Qcells,Alice2018Test,S1_new_origins,12,power-active,72
2,126.0,30.693819032461526,7.252077912601813,30.693819032461526,31.179621174347098,0.10390236500537044,35.30406687014699,13.843787564886458,23.66799259477154,14.150505959959455,112.3337822291698,99.76798979633972,87.29401938965363,Qcells,Alice2018Test,S1_new_origins,12,power-active,72
3,155.0,35.776203374999675,6.558259215336322,35.776203374999675,35.87583255612445,0.2739775362898065,48.05489518265391,16.92572067013119,26.071334756916844,19.600355570815534,140.64354051370418,133.29670237483296,112.66939164178386,Qcells,Alice2018Test,S1_new_origins,12,power-active,72
4,200.0,44.36612836394284,9.017055179038918,44.36612836394284,38.92957723938882,0.26056124129212044,57.61204456139028,32.91065088628665,54.03450878126005,34.60931665554605,152.80035066486192,134.36943028037672,122.26547755125135,Qcells,Alice2018Test,S1_new_origins,12,power-active,72
5,117.0,23.61670433359562,5.210916830547424,23.61670433359562,29.21467126233256,0.5772082111749213,27.545927372890574,10.899193810157843,16.221585633920817,11.619982917969555,110.30359115281085,101.07487206725642,86.45606917952682,Qcells,Alice2018Test,S1_new_origins,12,power-active,72
6,163.0,36.08532864164806,7.7933911292850615,36.08532864164806,31.728766461981337,0.04219037073909289,33.52524809679036,21.05796457926735,38.18413604060806,25.263787078740524,100.74798379582849,91.1290195830952,83.23347107159698,Qcells,Alice2018Test,S1_new_origins,12,power-active,72
7,117.0,62.70876331388045,8.99405591639653,62.70876331388045,34.2971662620453,6.729178066806687,18.918665576666005,18.527091435251382,25.401915363188976,19.03485491153689,97.96430046198522,87.56329201113533,74.45989110333007,Qcells,Alice2018Test,S1_new_origins,12,power-active,72
0,82.0,11.015773134299431,3.405330863763221,11.015773134299431,15.290535344928724,0.0010573595234604513,23.123936754860214,12.11130294748773,13.962836562020598,11.843852813627041,72.14200706555835,74.77722630695008,48.403941888490465,Qcells,Alice2018Test,S1_new_origins,12,low-power,24
1,93.0,12.439940940256946,4.487478652768619,12.439940940256946,18.646259553035698,0.0004086708399747258,30.053962576333102,14.114878815476084,18.530532430622426,13.534377572171284,82.74521657125408,83.0746169790632,56.29022840545813,Qcells,Alice2018Test,S1_new_origins,12,low-power,24
2,93.0,11.783603036654279,4.203608294336114,11.783603036654279,18.009390164901646,0.0010015868823395528,29.886335604760607,13.579895059255646,17.619298947128524,12.603890569383227,80.3515178787403,81.4609114794981,53.883428145605315,Qcells,Alice2018Test,S1_new_origins,12,low-power,24
3,85.0,13.581765724166901,3.390797428595595,13.581765724166901,17.666652368040808,0.0031491386558277694,25.704189718313916,12.479525405176425,12.533074372270601,12.437235662229877,80.65937165303934,85.4947602071366,58.185922157774456,Qcells,Alice2018Test,S1_new_origins,12,low-power,24
4,85.0,14.068193835604069,3.0920486551539876,14.068193835604069,17.009265395584766,0.0004955331628351916,21.040843078830076,10.909375330385288,11.68265141872093,10.220663863419484,75.04615658412928,78.08404741018997,56.56072767001341,Qcells,Alice2018Test,S1_new_origins,12,low-power,24
5,85.0,12.859918902315394,3.4783006905828375,12.859918902315394,17.291360889757346,0.00020198205562977741,24.798400685979605,11.810743795829326,13.470825402542971,10.906713220305763,78.47875440599393,81.79385243708933,55.16522701248803,Qcells,Alice2018Test,S1_new_origins,12,low-power,24
6,85.0,11.928120838671697,3.804488840950492,11.928120838671697,16.57708406369597,0.0003136974468101441,24.486294819284574,11.213193666571605,14.090502798763023,10.44695168118276,73.87840198936678,74.60086007936171,52.78517089913146,Qcells,Alice2018Test,S1_new_origins,12,low-power,24
7,76.0,7.333049006967429,2.9661585585588655,7.333049006967429,12.174041681221782,0.003243221341307103,20.24669381291337,9.372474177146785,12.091840973548791,7.55408647445386,62.35884281247046,59.92303101744862,41.808701301346865,Qcells,Alice2018Test,S1_new_origins,12,low-power,24
8,76.0,8.395899936742703,2.9297350469120276,8.395899936742703,12.493897024629526,0.00034792895045883073,18.205871651423184,9.499236762351682,12.076300106188373,7.051273701589391,60.207215708390116,58.23267082870587,40.48219487835862,Qcells,Alice2018Test,S1_new_origins,12,low-power,24
9,66.0,6.450969976258645,2.708000445830546,6.450969976258645,10.816475834236131,0.0028857567731040055,17.167673603022024,7.454854696240674,10.201018626379906,6.137774419531298,52.73439439721541,50.95283452846877,35.4539771310461,Qcells,Alice2018Test,S1_new_origins,12,low-power,24
10,56.0,4.264538248002097,1.5643648780841242,4.264538248002097,7.05059674305196,0.0003207599663008607,10.928612140163523,5.990097897786609,7.417859092551977,5.771139323848181,39.749037073066404,40.26743556756585,27.74601860476095,Qcells,Alice2018Test,S1_new_origins,12,low-power,24
11,56.0,3.9682154200471667,1.7130025884496622,3.9682154200471667,8.36539079995131,7.822285138296562e-07,13.468590887899797,5.853431150896789,6.59076466359298,5.416431232965759,47.086622263919466,46.76349870242707,34.259467092051544,Qcells,Alice2018Test,S1_new_origins,12,low-power,24
12,56.0,4.216931624840784,2.065005443356374,4.216931624840784,8.650311256158467,2.3662250418032534e-05,13.369138031692463,6.829250931856732,8.665060270479872,5.5679806481208995,46.12373655399803,44.90349788050145,31.24781878560804,Qcells,Alice2018Test,S1_new_origins,12,low-power,24
13,142.0,3.3970461568013945,3.445040156228182,3.3970461568013945,11.706964195605527,0.00038400059068426643,12.630878703990012,8.223743246183428,10.330119443087924,6.243998606935276,50.385441722193015,49.08392323508798,31.624874281553254,Qcells,Alice2018Test,S1_new_origins,12,low-power,24
14,76.0,6.621298874565851,2.6330076181319177,6.621298874565851,10.244405821123781,0.0013197142597513609,13.931251744860404,10.399831225121927,11.491439848028504,7.950494929345439,59.83206989136203,57.0272861005708,38.99732848599842,Qcells,Alice2018Test,S1_new_origins,12,low-power,24
15,76.0,5.431898736708222,2.034807845385097,5.431898736708222,11.518461456100564,0.00021543966502048464,15.465724932054954,9.017381796681436,9.484720896067007,6.891639878595809,61.32408318882619,62.241467308842076,40.10373373017839,Qcells,Alice2018Test,S1_new_origins,12,low-power,24
16,85.0,11.7298192606699,3.0829420473299467,11.7298192606699,15.903126480705746,0.002417107744730295,20.25144387845264,10.081787981070821,12.475722451738022,11.673406798241942,69.11062692689052,71.56451184347802,51.988524313206504,Qcells,Alice2018Test,S1_new_origins,12,low-power,24
17,85.0,9.185790340101253,2.656383541458559,9.185790340101253,14.81958098685345,0.00019236908753443233,19.719590502886458,9.28113926096664,11.159888605164124,9.413172259555763,69.52112258782374,71.47097353380575,51.38951451938216,Qcells,Alice2018Test,S1_new_origins,12,low-power,24
18,85.0,9.406903807441717,3.0425749782744194,9.406903807441717,14.696914122803225,0.0010270127390942928,19.18545167448795,10.439020107853784,14.310560612856724,11.283055895674687,66.53530650624606,67.30827819370538,46.895639342906875,Qcells,Alice2018Test,S1_new_origins,12,low-power,24
19,162.0,11.826820766468327,4.349146307680548,11.826820766468327,18.712917920983696,0.0007810167712107509,17.826356409118947,11.798528652274044,15.685019893337875,11.278908093655373,70.08617387266924,68.18951115479067,47.63363551830121,Qcells,Alice2018Test,S1_new_origins,12,low-power,24
20,85.0,9.592351633173818,3.12037783801239,9.592351633173818,14.247338497146751,0.00022692931735156916,18.381471300403856,11.164889638771198,13.676645256406836,9.973895617032275,63.80231220845313,63.207593023322055,45.07047007764664,Qcells,Alice2018Test,S1_new_origins,12,low-power,24
21,85.0,10.030229282877915,2.8885549863665863,10.030229282877915,13.345102558301093,0.0005657998609959324,15.649532656820222,10.331414972499479,11.947926860255011,9.275392244307604,61.445026939689846,60.89338456490879,43.287519015447664,Qcells,Alice2018Test,S1_new_origins,12,low-power,24
22,85.0,94.14477745678492,7.82805121995428,94.14477745678492,17.0449955235694,0.0010875511964380919,4.233447948302094,13.904130239867788,17.71752206886587,27.13393355367904,34.909777898431855,39.29229513483123,24.642514448006462,Qcells,Alice2018Test,S1_new_origins,12,low-power,24
23,132.0,8.886555874057224,2.7412243447942934,8.886555874057224,10.777283756663815,0.0009865722352491205,13.817962153226235,7.817131497409031,11.534687374434828,8.030059479623231,53.203593571273245,51.651475756931134,40.130234517509194,Qcells,Alice2018Test,S1_new_origins,12,low-power,24
0,175.0,23.455714074556383,7.892809516531839,23.455714074556383,33.93679489796441,0.0014660303634351777,53.177899331193295,26.22618176296381,32.49336899264303,25.37823038579833,154.8872236368124,157.85184328601326,104.69417029394862,Qcells,Alice2018Test,S1_new_origins,12,low-power,48
1,178.0,25.365368760821188,7.594405722931708,25.365368760821188,35.67604253294245,0.0041507255381673215,55.59052532307452,26.059420464432073,30.15237331939913,25.0411262316131,161.0108895317796,166.95567168663467,112.06935030337975,Qcells,Alice2018Test,S1_new_origins,12,low-power,48
2,170.0,26.92811273791946,6.570349345736827,26.92811273791946,34.30062628534211,0.0006975152184649688,45.83924376480968,22.720119126214612,25.153476821263897,21.127377083725243,153.5249109901232,159.8778998472793,111.72595468250145,Qcells,Alice2018Test,S1_new_origins,12,low-power,48
3,161.0,19.261169845639124,6.770647399509359,19.261169845639124,28.751125744917754,0.0035569187881172464,44.732988632197944,20.58566784371839,26.182343772311814,18.00103815563662,136.23724480183725,134.5238910968103,94.59387220047834,Qcells,Alice2018Test,S1_new_origins,12,low-power,48
4,142.0,14.846869913001347,5.637735492742574,14.846869913001347,23.310372858865655,0.003233685723562836,35.37354525444522,16.954091458592355,22.27731873256828,13.18904812112069,112.94161010560555,109.18550535717465,75.93617200940473,Qcells,Alice2018Test,S1_new_origins,12,low-power,48
5,112.0,8.232753668049265,3.277367466533786,8.232753668049265,15.41598754300327,0.00032154219481469033,24.39720302806332,11.843529048683395,14.008623756144958,11.18757055681394,86.83565933698588,87.03093426999293,62.0054856968125,Qcells,Alice2018Test,S1_new_origins,12,low-power,48
6,198.0,7.61397778164218,5.510045599584558,7.61397778164218,20.357275451763996,0.00040766284110229896,26.000016735682483,15.052994178040162,18.995179713567797,11.811979255056176,96.50917827619105,93.9874211155894,62.8726930671613,Qcells,Alice2018Test,S1_new_origins,12,low-power,48
7,152.0,12.053197611274074,4.667815463517015,12.053197611274074,21.762867277224345,0.0015351539247718449,29.396976676915354,19.417213021803363,20.976160744095512,14.84213480794125,121.1561530801882,119.26875340941285,79.1010622161768,Qcells,Alice2018Test,S1_new_origins,12,low-power,48
8,170.0,20.915609600771155,5.739325588788506,20.915609600771155,30.72270746755919,0.0026094768322647284,39.9710343813391,19.362927242037458,23.635611056902142,21.08657905779771,138.63174951471427,143.03548537728378,103.37803883258867,Qcells,Alice2018Test,S1_new_origins,12,low-power,48
9,247.0,21.23372457391004,7.391721285954966,21.23372457391004,33.40983204378693,0.0018080295103050437,37.0118080836069,22.237548760127822,29.9955805061946,22.56196398933006,136.62148037891532,135.49778934849604,94.52927486120808,Qcells,Alice2018Test,S1_new_origins,12,low-power,48
10,170.0,19.622580916051735,6.008932824378976,19.622580916051735,27.59244105544785,0.0007927291783475015,34.03100395722407,21.49630461127068,25.624572116661845,19.249287861339877,125.24733914814297,124.10097758823083,88.35798909309433,Qcells,Alice2018Test,S1_new_origins,12,low-power,48
11,217.0,103.03133333084217,10.56927556474857,103.03133333084217,27.822279280233207,0.0020741234316872122,18.051410101528333,21.721261737276823,29.252209443300693,35.163993033302276,88.1133714697051,90.94377089176236,64.77274896551565,Qcells,Alice2018Test,S1_new_origins,12,low-power,48
0,268.0,35.23931711121066,12.096417810867951,35.23931711121066,51.94618506286605,0.00246761724577473,83.06423493595392,39.80607682221945,50.112667939771555,37.98212095518154,235.23874151555273,239.31275476551136,158.57759843955395,Qcells,Alice2018Test,S1_new_origins,12,low-power,72
1,255.0,40.50987846208635,9.961146774332423,40.50987846208635,51.967278653382905,0.0038466538742927374,71.5434334831236,35.199644531391044,37.6865511935345,33.56461274595513,234.1842826431625,245.3726600544159,169.9118768402759,Qcells,Alice2018Test,S1_new_origins,12,low-power,72
2,237.0,27.657069782381825,9.700382446421386,27.657069782381825,41.245022769547276,0.0039048477385760765,62.93886028362112,30.084904606070072,38.25864387850018,25.05231185722601,196.44446051022732,192.7565619255162,135.07606707883696,Qcells,Alice2018Test,S1_new_origins,12,low-power,72
3,178.0,14.683723644307912,5.985367912364332,14.683723644307912,26.2324633772394,0.003207298967918695,41.56487663108535,19.29838374492407,24.20964238252487,17.32534497634524,139.5700537342013,137.98376879846168,97.4594628278586,Qcells,Alice2018Test,S1_new_origins,12,low-power,72
4,274.0,14.235276656208033,8.143053217716476,14.235276656208033,30.601681272887774,0.0017273771008536596,39.93126848054288,25.452825403162088,30.486619561596303,19.76247418440162,156.34124816755306,151.01470721616022,101.87002155315975,Qcells,Alice2018Test,S1_new_origins,12,low-power,72
5,246.0,26.347508337479375,7.774133434173601,26.347508337479375,42.24116892365975,0.0028249164972852132,55.43675931339406,28.380309038718895,33.12033195296916,27.978218936393517,199.95583270354047,205.27695268612584,143.48177256276708,Qcells,Alice2018Test,S1_new_origins,12,low-power,72
6,332.0,30.826076207083855,10.512099123967355,30.826076207083855,47.65717054093367,0.0020349588276566124,55.39327938401077,33.402438398899015,43.672225762601435,32.53585960636234,200.42379258736844,198.70538237181805,139.59974493885474,Qcells,Alice2018Test,S1_new_origins,12,low-power,72
7,302.0,113.06156261372008,13.457830551115158,113.06156261372008,41.167381838534304,0.002639923292683145,33.700942758348546,32.05267670977631,41.20013630355571,44.43938527760987,149.558398409395,151.83715545667113,108.06026798096332,Qcells,Alice2018Test,S1_new_origins,12,low-power,72
0,110.0,16.350908400983,4.287697519437918,16.350908400983,20.756039259103837,0.011534001112642196,29.90533678164079,14.848546469963301,18.175719804734992,15.326689372601418,95.73108716301772,95.1083594597566,66.27368181916827,Qcells,Alice2018Test,S2_new_origins,12,full,24
1,121.0,16.96308922618946,5.666672616138851,16.96308922618946,24.063910485723532,0.016773206335814753,36.510180589042676,16.21072785563453,22.37235497762381,16.415869979351793,104.78422895747283,100.51683109285085,72.67159615225701,Qcells,Alice2018Test,S2_new_origins,12,full,24
2,121.0,15.892071982735493,5.200046851166672,15.892071982735493,23.144159690536885,0.014742394986907822,35.940729255950636,15.366331005705833,20.94446813659693,14.741840057108677,100.84468097287791,98.34280362879433,69.01373152054023,Qcells,Alice2018Test,S2_new_origins,12,full,24
3,121.0,23.846476018613423,5.567329813775922,23.846476018613423,27.877876172258738,0.023320394568080022,37.255868249706594,17.410174624110354,18.726150411162727,18.181880829177935,117.61226729483433,119.41083193726179,86.39410595138455,Qcells,Alice2018Test,S2_new_origins,12,full,24
4,121.0,26.870316658118977,6.034398944866767,26.870316658118977,29.253222527649218,0.24747106065727198,32.09860228753987,16.090739240589997,18.19226339881882,16.0896397482927,114.10126116305736,114.14951046725241,87.29943759449661,Qcells,Alice2018Test,S2_new_origins,12,full,24
5,121.0,22.341824672822483,5.348121498414573,22.341824672822483,26.600858757271247,0.3033079192284335,34.82758364537603,15.617222064920604,19.00720266378136,15.024950162621524,113.04957174565982,113.41738163608773,81.06152857503307,Qcells,Alice2018Test,S2_new_origins,12,full,24
6,121.0,20.374830200442915,5.72443745070202,20.374830200442915,25.047472140295525,0.01302489617577748,33.7048587953664,14.441546310957683,19.41248502552328,14.190854378131316,105.20777611769503,102.22261179295043,76.44363394645313,Qcells,Alice2018Test,S2_new_origins,12,full,24
7,121.0,17.942090914881863,5.633301971319674,17.942090914881863,23.21999485667895,0.03926204316654067,34.19967571604788,14.998444655973922,21.119813769127838,13.069709878115887,103.42710527764258,96.27146774304599,74.24628088433452,Qcells,Alice2018Test,S2_new_origins,12,full,24
8,121.0,20.03396769951857,5.594720937001503,20.03396769951857,24.157176946919897,0.05552027340162838,30.33839264235385,14.48870120402492,21.394337678620598,11.942253560938266,100.14336134405956,94.03047218585948,71.68017163770291,Qcells,Alice2018Test,S2_new_origins,12,full,24
9,121.0,16.797620499085635,5.360369200292482,16.797620499085635,23.01723040255404,0.07703588560898741,33.16327523988996,13.473183265307908,19.015732362069457,10.99683861758132,100.71898141276432,94.53034010282568,71.63564767488192,Qcells,Alice2018Test,S2_new_origins,12,full,24
10,111.0,18.289915801081303,3.6024214533151486,18.289915801081303,19.69766585241023,0.028441354129682156,27.566366617126288,12.734902701549434,17.798640905269828,15.294769666205168,88.05634935813897,86.92951342896396,66.88461308773759,Qcells,Alice2018Test,S2_new_origins,12,full,24
11,121.0,16.806777700447523,4.316564825185765,16.806777700447523,23.17285239374421,0.1717524399750036,35.96781577578439,12.910684587446259,16.335892551001713,12.914937071487365,111.20854709055871,109.4965220791759,85.18476801832792,Qcells,Alice2018Test,S2_new_origins,12,full,24
12,111.0,17.630271433834224,4.248796259765855,17.630271433834224,22.1599601627073,0.00320908996195451,31.462151984660817,12.926942303948051,18.66921736998282,11.568287592818029,99.46767202437849,94.37641031069967,72.278482842962,Qcells,Alice2018Test,S2_new_origins,12,full,24
13,254.0,24.392528758824657,8.39043823233884,24.392528758824657,27.225373840028453,0.076020867869309,41.54275300688544,28.078021480127216,44.98551921872238,29.065295907616612,104.91621001084653,94.81726958816313,77.7734149240609,Qcells,Alice2018Test,S2_new_origins,12,full,24
14,121.0,16.58732678566504,5.070970581151083,16.58732678566504,21.381479396618282,0.18305887389397765,24.538408263719177,17.40470083409687,21.135421110408828,13.894344377510903,105.4616488453427,96.6315226498743,74.42955164924096,Qcells,Alice2018Test,S2_new_origins,12,full,24
15,121.0,14.33939685352632,4.533434762218802,14.33939685352632,23.403684023744184,0.2830354709411756,27.695372478245215,14.482555857635242,17.261696681544176,11.608781721765542,107.1150616702106,104.61379169733614,75.17403184451176,Qcells,Alice2018Test,S2_new_origins,12,full,24
16,121.0,19.696323693001514,4.473146379929292,19.696323693001514,24.882074565661725,0.28934842507800823,28.01458360286264,13.01166244282143,16.973371451194534,15.76907652906927,100.90284765264843,100.79469348836606,77.7724422226926,Qcells,Alice2018Test,S2_new_origins,12,full,24
17,121.0,15.92849212454717,3.9784691225729327,15.92849212454717,23.170081596586414,0.00764923165302252,27.27273060517677,11.785284548420064,15.106849454151266,12.220343603528258,102.24151453349224,100.94333956768003,76.99136767508953,Qcells,Alice2018Test,S2_new_origins,12,full,24
18,121.0,17.225897924791322,4.859817110415082,17.225897924791322,23.855825000782264,0.002991112283244577,26.8159460273139,13.480064606129389,19.633259461918524,15.66775508247625,98.52067068887665,95.49814152201293,71.38243221597558,Qcells,Alice2018Test,S2_new_origins,12,full,24
19,265.0,32.139851591421056,8.864766495128528,32.139851591421056,33.54424515832856,0.038018548887551004,36.529737021248906,26.82024745682905,43.45740418256535,28.238659941500128,109.47088530459914,105.26864772459636,83.15129726509959,Qcells,Alice2018Test,S2_new_origins,12,full,24
20,121.0,17.548394162090485,4.999912978146047,17.548394162090485,23.064072520664432,0.003215881728220977,25.572844645570576,14.236100792755265,19.166469509220168,13.954015552267668,94.13779773834679,89.59879047215746,68.45452441032926,Qcells,Alice2018Test,S2_new_origins,12,full,24
21,121.0,18.1821583664211,4.664849648347106,18.1821583664211,21.88043036022468,0.016318989785869865,21.078589153492324,13.21668054951719,16.939169877274786,13.068781605374335,90.53868295171755,86.36039536009243,65.80212547504885,Qcells,Alice2018Test,S2_new_origins,12,full,24
22,121.0,134.24400354412813,12.008877197415062,134.24400354412813,30.943818510899398,2.82464941991306,5.800940272001021,24.576476721718628,30.71181137142235,36.64023241620181,59.40684520309447,60.803689493788525,40.78403873535781,Qcells,Alice2018Test,S2_new_origins,12,full,24
23,187.0,24.512699437583414,6.164988393839535,24.512699437583414,24.374280196847643,3.890851180400361,28.330549336666888,13.938522936969585,20.241845102520116,15.023445602752785,106.53999765368643,101.343172217677,82.39240112371014,Qcells,Alice2018Test,S2_new_origins,12,full,24
0,231.0,33.313997627172455,9.954370135576767,33.313997627172455,44.81994974482737,0.02830720744845695,66.41551737068349,31.05927432559783,40.548074782358796,31.742559351953215,200.5153161204905,195.62519055260742,138.94527797142527,Qcells,Alice2018Test,S2_new_origins,12,full,48
1,242.0,39.7385480013489,10.767376664942592,39.7385480013489,51.02203586279562,0.03806278955498784,73.19659750565724,32.776505629816185,39.670618547759666,32.92372088628662,218.45694826771222,217.75363556605612,155.40783747192475,Qcells,Alice2018Test,S2_new_origins,12,full,48
2,242.0,49.212141330941456,11.382520443281342,49.212141330941456,55.854081284920454,0.5507789798857056,66.9261859329159,31.7079613055106,37.19946606260019,31.114589910914226,227.15083290871715,227.5668921033402,168.36096616952966,Qcells,Alice2018Test,S2_new_origins,12,full,48
3,242.0,38.31692111532479,11.357739422021693,38.31692111532479,48.26746699697446,0.05228693934231815,67.90453451141425,29.43999096693161,40.53229879465112,27.2605642562472,208.63488139533763,198.4940795359964,150.68991483078764,Qcells,Alice2018Test,S2_new_origins,12,full,48
4,242.0,36.831588198604216,10.955090137293984,36.831588198604216,47.174407349473945,0.13255615901061577,63.501667882243815,27.96188446933283,40.41007004069006,22.939092178519587,200.8623427568239,188.56081228868516,143.3158193125848,Qcells,Alice2018Test,S2_new_origins,12,full,48
5,232.0,35.09669350152883,7.918986278500913,35.09669350152883,42.87051824615444,0.20019379410468574,63.53418239291068,25.645587288995692,34.13453345627154,28.20970673769253,199.26489644869767,196.42603550813985,152.0693811060655,Qcells,Alice2018Test,S2_new_origins,12,full,48
6,365.0,42.022800192658885,12.639234492104693,42.022800192658885,49.38533400273575,0.07922995783126353,73.00490499154625,41.00496378407527,63.654736588705205,40.633583500434646,204.38388203522499,189.1936798988628,150.0518977670229,Qcells,Alice2018Test,S2_new_origins,12,full,48
7,242.0,30.926723639191362,9.604405343369885,30.926723639191362,44.785163420362466,0.4660943448351532,52.233780741964395,31.887256691732116,38.39711779195301,25.503126099276447,212.57671051555332,201.24531434721044,149.60358349375272,Qcells,Alice2018Test,S2_new_origins,12,full,48
8,242.0,35.62481581754868,8.451615502502227,35.62481581754868,48.05215616224813,0.29699765673103073,55.287314208039405,24.79694699124149,32.080220905345804,27.98942013259753,203.1443621861407,201.73803305604608,154.76380989778215,Qcells,Alice2018Test,S2_new_origins,12,full,48
9,386.0,49.365749516212375,13.72458360554361,49.365749516212375,57.40007015911081,0.04100966117079558,63.345683048562805,40.30031206295846,63.09066364448386,43.90641502397637,207.9915559934758,200.76678924660933,154.53372948107523,Qcells,Alice2018Test,S2_new_origins,12,full,48
10,242.0,35.73055252851158,9.664762626493152,35.73055252851158,44.944502880889104,0.01953487151409084,46.65143379906289,27.452781342272456,36.10563938649495,27.022797157642003,184.67648069006432,175.95918583224986,134.2566498853781,Qcells,Alice2018Test,S2_new_origins,12,full,48
11,308.0,158.75670298171158,18.173865591254604,158.75670298171158,55.31809870774704,6.715500600313421,34.13148960866792,38.51499965868821,50.95365647394247,51.66367801895461,165.9468428567809,162.14686171146562,123.17643985906794,Qcells,Alice2018Test,S2_new_origins,12,full,48
0,352.0,49.20606960990795,15.154416986743437,49.20606960990795,67.96410943536426,0.043049602435364764,102.35624662663413,46.42560533130366,61.492542918955735,46.48439940906188,301.35999709336846,293.9679941814017,207.9590094919655,Qcells,Alice2018Test,S2_new_origins,12,full,72
1,363.0,73.05861734955492,16.94985025705726,73.05861734955492,83.73195745717919,0.5740993744537857,104.1820541826225,49.11813592962096,55.92561647376291,49.296470740092154,344.7631002035514,346.9777240406019,254.75507212091424,Qcells,Alice2018Test,S2_new_origins,12,full,72
2,363.0,58.35088881484336,16.952460359023195,58.35088881484336,72.42464394389435,0.10780721274394653,98.2429271537681,43.928692170956545,61.92663647327172,39.20281781718547,308.7782427393972,292.5245517218559,222.37008646849057,Qcells,Alice2018Test,S2_new_origins,12,full,72
3,353.0,51.894314000614465,13.279355478793395,51.894314000614465,65.88774864870848,0.2772296797136732,96.69745763280062,39.11877055430361,53.150265818341,39.206545355273846,299.98387786146196,290.95637561096555,223.7050287809474,Qcells,Alice2018Test,S2_new_origins,12,full,72
4,486.0,58.61012697832392,17.710205073255782,58.61012697832392,70.76681339935404,0.26228883172524114,97.54331325526542,58.40966461817215,84.79015769911403,54.527927877945544,309.8455308805676,285.82520254873714,224.4814494162638,Qcells,Alice2018Test,S2_new_origins,12,full,72
5,363.0,49.964212671075,12.985050264721032,49.964212671075,71.45584018599232,0.5800331276722064,82.98268668628461,39.279502848876746,49.341917586889956,39.59820185436308,310.2594238563512,306.35182475338223,229.93784174229393,Qcells,Alice2018Test,S2_new_origins,12,full,72
6,507.0,66.91414367830288,18.724496583689657,66.91414367830288,80.46414267977525,0.04422554289901655,88.91852769413339,54.536412855713735,82.25713315370402,57.86043057624405,302.12935373182245,290.3655797187668,222.98825389140453,Qcells,Alice2018Test,S2_new_origins,12,full,72
7,429.0,176.93886134813272,22.838715239601704,176.93886134813272,77.19852906797172,6.73181959009929,55.210078762160244,51.731680208205404,67.89282635121727,64.73245962432894,256.4855258084984,248.50725707155797,188.97856533411684,Qcells,Alice2018Test,S2_new_origins,12,full,72
0,28.0,5.335135266683566,0.8823666556746967,5.335135266683566,5.46550391417511,0.010476641589181742,6.78140002678058,2.737243522475569,4.212883242714397,3.482836558974376,23.589080097459373,20.331133152806522,17.869739930677817,Qcells,Alice2018Test,S2_new_origins,12,power-active,24
1,28.0,4.523148285932507,1.1791939633702329,4.523148285932507,5.41765093268784,0.016364535495840028,6.456218012709586,2.0958490401584466,3.8418225470013843,2.881492407180507,22.039012386218758,17.442214113787664,16.381367746798862,Qcells,Alice2018Test,S2_new_origins,12,power-active,24
2,28.0,4.108468946081213,0.9964385568305577,4.108468946081213,5.134769525635236,0.013740808104568267,6.054393651190022,1.7864359464501876,3.325169189468408,2.13794948772545,20.49316309413764,16.881892149296245,15.130303374934922,Qcells,Alice2018Test,S2_new_origins,12,power-active,24
3,36.0,10.264710294446514,2.176532385180327,10.264710294446514,10.211223804217926,0.02017125591225225,11.55167853139268,4.930649218933933,6.193076038892123,5.744645166948064,36.952895641794974,33.91607173012521,28.20818379361009,Qcells,Alice2018Test,S2_new_origins,12,power-active,24
4,36.0,12.802122822514916,2.9423502897127802,12.802122822514916,12.243957132064459,0.24697552749443677,11.057759208709797,5.181363910204709,6.50961198009789,5.868975884873214,39.05510457892807,36.06546305706245,30.738709924483192,Qcells,Alice2018Test,S2_new_origins,12,power-active,24
5,36.0,9.481905770507094,1.8698208078317344,9.481905770507094,9.309497867513901,0.3031059371728037,10.029182959396415,3.8064782690912793,5.5363772612383935,4.118236942315761,34.57081733966588,31.623529198998437,25.89630156254503,Qcells,Alice2018Test,S2_new_origins,12,power-active,24
6,36.0,8.44670936177122,1.919948609751528,8.44670936177122,8.470388076599553,0.012711198728967336,9.218563976081832,3.228352644386079,5.32198222676026,3.743902696948556,31.32937412832825,27.621751713588736,23.658463047321657,Qcells,Alice2018Test,S2_new_origins,12,power-active,24
7,45.0,10.609041907914433,2.6671434127608076,10.609041907914433,11.045953175457168,0.03601882182523357,13.952981903134503,5.625970478827136,9.027972795579046,5.5156234036620235,41.06826246517212,36.34843672559737,32.43757958298765,Qcells,Alice2018Test,S2_new_origins,12,power-active,24
8,45.0,11.638067762775872,2.6649858900894756,11.638067762775872,11.66327992229037,0.05517234445116956,12.132520990930667,4.989464441673238,9.31803757243223,4.8909798593488745,39.93614563566943,35.79780135715361,31.1979767593443,Qcells,Alice2018Test,S2_new_origins,12,power-active,24
9,45.0,9.709570638504292,2.2774238180833537,9.709570638504292,10.420867109734761,0.0741152843808853,12.673771535602478,4.633788584833446,7.4411121002376115,3.844005096592695,38.720953145225536,34.546748961478336,30.09542358943751,Qcells,Alice2018Test,S2_new_origins,12,power-active,24
10,55.0,14.025377553079204,2.038056575231025,14.025377553079204,12.64706910935827,0.028120594163381293,16.63775447696277,6.744804803762824,10.380781812717851,9.523630342356984,48.307312285072555,46.66207786139809,39.13859448297663,Qcells,Alice2018Test,S2_new_origins,12,power-active,24
11,55.0,12.04125518341617,2.2427788220219433,12.04125518341617,12.807896337031428,0.1717416577455398,18.743369170088652,5.547127281534917,8.249440843961384,6.2327201318658565,53.61527508340612,52.08787555195658,43.4353735693697,Qcells,Alice2018Test,S2_new_origins,12,power-active,24
12,55.0,13.413339808993442,2.1837908164094797,13.413339808993442,13.509648906548827,0.003185427711536477,18.093013952968352,6.097691372091319,10.00415709950295,6.0003069446971296,53.34393547038045,49.47291243019825,41.030664057353974,Qcells,Alice2018Test,S2_new_origins,12,power-active,24
13,100.0,20.986760643850186,4.395301399610274,20.986760643850186,14.282854757345483,0.0756366539463577,28.911874089563156,19.80808990522038,34.38637041937677,22.665160262683454,53.8268362405008,45.29228130087494,45.80259033065483,Qcells,Alice2018Test,S2_new_origins,12,power-active,24
14,45.0,9.966027911099186,2.4379629630191655,9.966027911099186,11.1370735754945,0.18173915963422627,10.60715651885877,7.00486960897495,9.643981262380322,5.943849448165464,45.62957895398066,39.60423654930352,35.43222316324253,Qcells,Alice2018Test,S2_new_origins,12,power-active,24
15,45.0,8.9074981168181,2.4986269168337043,8.9074981168181,11.885222567643618,0.28282003127615507,12.229647546190263,5.465174060953807,7.77697578547717,4.717141843169729,45.79097848138443,42.37232438849408,35.070298114333376,Qcells,Alice2018Test,S2_new_origins,12,power-active,24
16,36.0,7.966504432331609,1.3902043325993465,7.966504432331609,8.978948084955976,0.28693131733327787,7.7631397244099976,2.929874461750611,4.497648999456507,4.0956697308273275,31.792220725757915,29.230181644888056,25.783917909486064,Qcells,Alice2018Test,S2_new_origins,12,power-active,24
17,36.0,6.742701784445913,1.3220855811143746,6.742701784445913,8.350500609732963,0.007456862565488087,7.553140102290305,2.504145287453424,3.9469608489871444,2.8071713439724952,32.72039194566849,29.472366033874273,25.601853155707367,Qcells,Alice2018Test,S2_new_origins,12,power-active,24
18,36.0,7.818994117349609,1.817242132140662,7.818994117349609,9.158910877979038,0.0019640995441502843,7.630494352825951,3.0410444982756024,5.322698849061799,4.384699186801561,31.985364182630622,28.18986332830757,24.486792873068712,Qcells,Alice2018Test,S2_new_origins,12,power-active,24
19,91.0,20.310291995381778,4.09661385701074,20.310291995381778,13.75312156048462,0.0372373187840732,18.70338039879768,14.945708927007686,27.371612938732923,16.898967956703572,38.427134083304175,36.54795880595222,35.362623865845684,Qcells,Alice2018Test,S2_new_origins,12,power-active,24
20,36.0,7.956042528916666,1.8795351401336584,7.956042528916666,8.81673402351768,0.0029889524108694067,7.19137334516672,3.0712111539840654,5.489824252813327,3.9801199352353915,30.335485529893653,26.3911974488354,23.38405433268261,Qcells,Alice2018Test,S2_new_origins,12,power-active,24
21,36.0,8.15192908354318,1.7762946619805184,8.15192908354318,8.53532780192358,0.01575318992487393,5.429056496672102,2.885265577017708,4.991243017019774,3.7933893610667306,29.093656012027704,25.467010795183615,22.514606459601183,Qcells,Alice2018Test,S2_new_origins,12,power-active,24
22,36.0,40.09922608734321,4.18082597746078,40.09922608734321,13.898822987330004,2.823561868716621,1.5674923236989264,10.672346481850834,12.994289302556483,9.506298862522778,24.497067304662618,21.511394358957293,16.14152428735135,Qcells,Alice2018Test,S2_new_origins,12,power-active,24
23,45.0,14.457608142994054,3.0369352769552314,14.457608142994054,11.863015472791714,3.8898630081651917,11.92211675629498,4.969479376382839,7.4163830436127105,5.735166687947383,44.37357714529489,40.58488685699441,35.80376035637752,Qcells,Alice2018Test,S2_new_origins,12,power-active,24
0,56.0,9.85828355261607,2.0615606190449296,9.85828355261607,10.883154846862949,0.026841177085021775,13.237618039490165,4.833092562634014,8.054705789715781,6.364328966154882,45.62809248367812,37.773347266594186,34.25110767747668,Qcells,Alice2018Test,S2_new_origins,12,power-active,48
1,64.0,14.373179240527728,3.1729709420108847,14.373179240527728,15.345993329853163,0.033912064016820516,17.606072182582704,6.7170851653841215,9.51824522836053,7.882594654673514,57.44605873593262,50.79796387942146,43.33848716854501,Qcells,Alice2018Test,S2_new_origins,12,power-active,48
2,72.0,22.284028593022004,4.812171097544515,22.284028593022004,21.55345499957836,0.5500814646672404,21.08694216810621,8.987842179295985,12.04598924133628,9.98721282718897,73.62592191859397,67.68899225606091,56.63501148702824,Qcells,Alice2018Test,S2_new_origins,12,power-active,48
3,81.0,19.055751269685654,4.587092022512336,19.055751269685654,19.51634125205672,0.0487300205542009,23.171545879216325,8.854323123213216,14.34995502233931,9.25952610061058,72.39763659350038,63.97018843918611,56.09604263030932,Qcells,Alice2018Test,S2_new_origins,12,power-active,48
4,90.0,21.34763840128016,4.942409708172828,21.34763840128016,22.084147032025136,0.12928762883205486,24.806292526533156,9.623253026506683,16.759149672669842,8.734984955941568,78.65709878089497,70.34455031863196,61.29340034878181,Qcells,Alice2018Test,S2_new_origins,12,power-active,48
5,110.0,26.06663273649537,4.280835397252969,26.06663273649537,25.454965446389696,0.1998622519089211,35.381123647051425,12.291932085297741,18.63022265667923,15.756350474222838,101.92258736847867,98.74995341335463,82.57396805234636,Qcells,Alice2018Test,S2_new_origins,12,power-active,48
6,155.0,34.400100452843645,6.579092216019753,34.400100452843645,27.792503663894312,0.07882208165789417,47.00488804253151,25.905781277311704,44.390527518879736,28.665467207380583,107.17077171088127,94.76519373107318,86.83325438800881,Qcells,Alice2018Test,S2_new_origins,12,power-active,48
7,90.0,18.873526027917286,4.936589879852869,18.873526027917286,23.022296143138114,0.46455919091038134,22.83680406504903,12.470043669928762,17.420957047857495,10.660991291335192,91.42055743536508,81.97656093779757,70.50252127757591,Qcells,Alice2018Test,S2_new_origins,12,power-active,48
8,72.0,14.70920621677752,2.7122899137137213,14.70920621677752,17.32944869468894,0.29438817989876587,15.316279826700306,5.434019749204035,8.444609848443651,6.902841074799823,64.5126126714264,58.70254767876232,51.385771065193424,Qcells,Alice2018Test,S2_new_origins,12,power-active,48
9,127.0,28.12928611273139,5.913855989151402,28.12928611273139,22.912032438463655,0.03920141832822348,26.333874751623636,17.986753425283283,32.694311787794724,21.283667143505134,70.41249826593483,64.7378221342598,59.84941673891439,Qcells,Alice2018Test,S2_new_origins,12,power-active,48
10,72.0,16.10797161245985,3.655829802114177,16.10797161245985,17.35206182544126,0.018742142335743343,12.620429841838826,5.956476731001772,10.481067269833103,7.773509296302121,59.42914154192136,51.85820824401903,45.8986607922838,Qcells,Alice2018Test,S2_new_origins,12,power-active,48
11,81.0,54.55683423033727,7.217761254416011,54.55683423033727,25.761838460121716,6.713424876881814,13.489609079993906,15.641825858233677,20.4106723461692,15.241465550470167,68.87064444995751,62.096281215951706,51.94528464372888,Qcells,Alice2018Test,S2_new_origins,12,power-active,48
0,84.0,13.966752498697282,3.0579991758754868,13.966752498697282,16.017924372498182,0.04058198518959004,19.292011690680187,6.619528509084201,11.379874979184189,8.502278453880333,66.12125557781573,54.65523941589041,49.38141105241158,Qcells,Alice2018Test,S2_new_origins,12,power-active,72
1,108.0,32.548738887468524,6.988703482724841,32.548738887468524,31.764678803796286,0.5702527205794926,32.63862069949891,13.918491398229914,18.239065280228402,15.73185799413703,110.57881756038891,101.60506398618611,84.84319528063833,Qcells,Alice2018Test,S2_new_origins,12,power-active,72
2,126.0,30.693819032461526,7.252077912601813,30.693819032461526,31.179621174347098,0.10390236500537044,35.30406687014699,13.843787564886458,23.66799259477154,14.150505959959455,112.3337822291698,99.76798979633972,87.29401938965363,Qcells,Alice2018Test,S2_new_origins,12,power-active,72
3,155.0,35.776203374999675,6.558259215336322,35.776203374999675,35.87583255612445,0.2739775362898065,48.05489518265391,16.92572067013119,26.071334756916844,19.600355570815534,140.64354051370418,133.29670237483296,112.66939164178386,Qcells,Alice2018Test,S2_new_origins,12,power-active,72
4,200.0,44.36612836394284,9.017055179038918,44.36612836394284,38.92957723938882,0.26056124129212044,57.61204456139028,32.91065088628665,54.03450878126005,34.60931665554605,152.80035066486192,134.36943028037672,122.26547755125135,Qcells,Alice2018Test,S2_new_origins,12,power-active,72
5,117.0,23.61670433359562,5.210916830547424,23.61670433359562,29.21467126233256,0.5772082111749213,27.545927372890574,10.899193810157843,16.221585633920817,11.619982917969555,110.30359115281085,101.07487206725642,86.45606917952682,Qcells,Alice2018Test,S2_new_origins,12,power-active,72
6,163.0,36.08532864164806,7.7933911292850615,36.08532864164806,31.728766461981337,0.04219037073909289,33.52524809679036,21.05796457926735,38.18413604060806,25.263787078740524,100.74798379582849,91.1290195830952,83.23347107159698,Qcells,Alice2018Test,S2_new_origins,12,power-active,72
7,117.0,62.70876331388045,8.99405591639653,62.70876331388045,34.2971662620453,6.729178066806687,18.918665576666005,18.527091435251382,25.401915363188976,19.03485491153689,97.96430046198522,87.56329201113533,74.45989110333007,Qcells,Alice2018Test,S2_new_origins,12,power-active,72
0,82.0,11.015773134299431,3.405330863763221,11.015773134299431,15.290535344928724,0.0010573595234604513,23.123936754860214,12.11130294748773,13.962836562020598,11.843852813627041,72.14200706555835,74.77722630695008,48.403941888490465,Qcells,Alice2018Test,S2_new_origins,12,low-power,24
1,93.0,12.439940940256946,4.487478652768619,12.439940940256946,18.646259553035698,0.0004086708399747258,30.053962576333102,14.114878815476084,18.530532430622426,13.534377572171284,82.74521657125408,83.0746169790632,56.29022840545813,Qcells,Alice2018Test,S2_new_origins,12,low-power,24
2,93.0,11.783603036654279,4.203608294336114,11.783603036654279,18.009390164901646,0.0010015868823395528,29.886335604760607,13.579895059255646,17.619298947128524,12.603890569383227,80.3515178787403,81.4609114794981,53.883428145605315,Qcells,Alice2018Test,S2_new_origins,12,low-power,24
3,85.0,13.581765724166901,3.390797428595595,13.581765724166901,17.666652368040808,0.0031491386558277694,25.704189718313916,12.479525405176425,12.533074372270601,12.437235662229877,80.65937165303934,85.4947602071366,58.185922157774456,Qcells,Alice2018Test,S2_new_origins,12,low-power,24
4,85.0,14.068193835604069,3.0920486551539876,14.068193835604069,17.009265395584766,0.0004955331628351916,21.040843078830076,10.909375330385288,11.68265141872093,10.220663863419484,75.04615658412928,78.08404741018997,56.56072767001341,Qcells,Alice2018Test,S2_new_origins,12,low-power,24
5,85.0,12.859918902315394,3.4783006905828375,12.859918902315394,17.291360889757346,0.00020198205562977741,24.798400685979605,11.810743795829326,13.470825402542971,10.906713220305763,78.47875440599393,81.79385243708933,55.16522701248803,Qcells,Alice2018Test,S2_new_origins,12,low-power,24
6,85.0,11.928120838671697,3.804488840950492,11.928120838671697,16.57708406369597,0.0003136974468101441,24.486294819284574,11.213193666571605,14.090502798763023,10.44695168118276,73.87840198936678,74.60086007936171,52.78517089913146,Qcells,Alice2018Test,S2_new_origins,12,low-power,24
7,76.0,7.333049006967429,2.9661585585588655,7.333049006967429,12.174041681221782,0.003243221341307103,20.24669381291337,9.372474177146785,12.091840973548791,7.55408647445386,62.35884281247046,59.92303101744862,41.808701301346865,Qcells,Alice2018Test,S2_new_origins,12,low-power,24
8,76.0,8.395899936742703,2.9297350469120276,8.395899936742703,12.493897024629526,0.00034792895045883073,18.205871651423184,9.499236762351682,12.076300106188373,7.051273701589391,60.207215708390116,58.23267082870587,40.48219487835862,Qcells,Alice2018Test,S2_new_origins,12,low-power,24
9,76.0,7.08804986058135,3.0829453822091275,7.08804986058135,12.596363292819282,0.002920601228102116,20.48950370428748,8.839394680474463,11.574620261831848,7.152833520988624,61.998028267538785,59.98359114134735,41.54022408544441,Qcells,Alice2018Test,S2_new_origins,12,low-power,24
10,56.0,4.264538248002097,1.5643648780841242,4.264538248002097,7.05059674305196,0.0003207599663008607,10.928612140163523,5.990097897786609,7.417859092551977,5.771139323848181,39.749037073066404,40.26743556756585,27.74601860476095,Qcells,Alice2018Test,S2_new_origins,12,low-power,24
11,66.0,4.7655225170313535,2.0737860031638222,4.7655225170313535,10.364956056712787,1.0782229463778703e-05,17.224446605695732,7.363557305911341,8.086451707040334,6.682216939621509,57.59327200715258,57.40864652721934,41.749394448958206,Qcells,Alice2018Test,S2_new_origins,12,low-power,24
12,56.0,4.216931624840784,2.065005443356374,4.216931624840784,8.650311256158467,2.3662250418032534e-05,13.369138031692463,6.829250931856732,8.665060270479872,5.5679806481208995,46.12373655399803,44.90349788050145,31.24781878560804,Qcells,Alice2018Test,S2_new_origins,12,low-power,24
13,154.0,3.4057681149744656,3.9951368327285643,3.4057681149744656,12.942519082682972,0.00038421392295132355,12.63087891732228,8.269931574906849,10.599148799345615,6.400135644933164,51.08937377034571,49.524988287288195,31.97082459340606,Qcells,Alice2018Test,S2_new_origins,12,low-power,24
14,76.0,6.621298874565851,2.6330076181319177,6.621298874565851,10.244405821123781,0.0013197142597513609,13.931251744860404,10.399831225121927,11.491439848028504,7.950494929345439,59.83206989136203,57.0272861005708,38.99732848599842,Qcells,Alice2018Test,S2_new_origins,12,low-power,24
15,76.0,5.431898736708222,2.034807845385097,5.431898736708222,11.518461456100564,0.00021543966502048464,15.465724932054954,9.017381796681436,9.484720896067007,6.891639878595809,61.32408318882619,62.241467308842076,40.10373373017839,Qcells,Alice2018Test,S2_new_origins,12,low-power,24
16,85.0,11.7298192606699,3.0829420473299467,11.7298192606699,15.903126480705746,0.002417107744730295,20.25144387845264,10.081787981070821,12.475722451738022,11.673406798241942,69.11062692689052,71.56451184347802,51.988524313206504,Qcells,Alice2018Test,S2_new_origins,12,low-power,24
17,85.0,9.185790340101253,2.656383541458559,9.185790340101253,14.81958098685345,0.00019236908753443233,19.719590502886458,9.28113926096664,11.159888605164124,9.413172259555763,69.52112258782374,71.47097353380575,51.38951451938216,Qcells,Alice2018Test,S2_new_origins,12,low-power,24
18,85.0,9.406903807441717,3.0425749782744194,9.406903807441717,14.696914122803225,0.0010270127390942928,19.18545167448795,10.439020107853784,14.310560612856724,11.283055895674687,66.53530650624606,67.30827819370538,46.895639342906875,Qcells,Alice2018Test,S2_new_origins,12,low-power,24
19,174.0,11.829559596039278,4.768152638117791,11.829559596039278,19.791123597843924,0.000781230103477808,17.826356622451215,11.874538529821372,16.085791243832414,11.339691984796547,71.04375122129498,68.72068891864413,47.788673399253916,Qcells,Alice2018Test,S2_new_origins,12,low-power,24
20,85.0,9.592351633173818,3.12037783801239,9.592351633173818,14.247338497146751,0.00022692931735156916,18.381471300403856,11.164889638771198,13.676645256406836,9.973895617032275,63.80231220845313,63.207593023322055,45.07047007764664,Qcells,Alice2018Test,S2_new_origins,12,low-power,24
21,85.0,10.030229282877915,2.8885549863665863,10.030229282877915,13.345102558301093,0.0005657998609959324,15.649532656820222,10.331414972499479,11.947926860255011,9.275392244307604,61.445026939689846,60.89338456490879,43.287519015447664,Qcells,Alice2018Test,S2_new_origins,12,low-power,24
22,85.0,94.14477745678492,7.82805121995428,94.14477745678492,17.0449955235694,0.0010875511964380919,4.233447948302094,13.904130239867788,17.71752206886587,27.13393355367904,34.909777898431855,39.29229513483123,24.642514448006462,Qcells,Alice2018Test,S2_new_origins,12,low-power,24
23,142.0,10.055091294589362,3.128053116884303,10.055091294589362,12.51126472405593,0.000988172235168282,16.408432580371915,8.969043560586744,12.825462058907409,9.288278914805401,62.166420508391525,60.75828536068263,46.58864076733266,Qcells,Alice2018Test,S2_new_origins,12,low-power,24
0,175.0,23.455714074556383,7.892809516531839,23.455714074556383,33.93679489796441,0.0014660303634351777,53.177899331193295,26.22618176296381,32.49336899264303,25.37823038579833,154.8872236368124,157.85184328601326,104.69417029394862,Qcells,Alice2018Test,S2_new_origins,12,low-power,48
1,178.0,25.365368760821188,7.594405722931708,25.365368760821188,35.67604253294245,0.0041507255381673215,55.59052532307452,26.059420464432073,30.15237331939913,25.0411262316131,161.0108895317796,166.95567168663467,112.06935030337975,Qcells,Alice2018Test,S2_new_origins,12,low-power,48
2,170.0,26.92811273791946,6.570349345736827,26.92811273791946,34.30062628534211,0.0006975152184649688,45.83924376480968,22.720119126214612,25.153476821263897,21.127377083725243,153.5249109901232,159.8778998472793,111.72595468250145,Qcells,Alice2018Test,S2_new_origins,12,low-power,48
3,161.0,19.261169845639124,6.770647399509359,19.261169845639124,28.751125744917754,0.0035569187881172464,44.732988632197944,20.58566784371839,26.182343772311814,18.00103815563662,136.23724480183725,134.5238910968103,94.59387220047834,Qcells,Alice2018Test,S2_new_origins,12,low-power,48
4,152.0,15.483949797324053,6.012680429121154,15.483949797324053,25.090260317448802,0.003268530178560947,38.695375355710674,18.33863144282615,23.65092036802022,14.204107222578013,122.2052439759289,118.2162619700532,82.02241896380302,Qcells,Alice2018Test,S2_new_origins,12,low-power,48
5,122.0,9.03006076503345,3.638150881247946,9.03006076503345,17.415552799764747,0.00033154219576463925,28.15305874585925,13.353655203697949,15.504310799592309,12.453356263469688,97.34230908021898,97.67608209478517,69.49541305371916,Qcells,Alice2018Test,S2_new_origins,12,low-power,48
6,210.0,7.622699739815251,6.06014227608494,7.622699739815251,21.592830338841445,0.00040787617336935614,26.000016949014746,15.09918250676358,19.264209069825487,11.968116293054063,97.21311032434375,94.42848616778963,63.2186433790141,Qcells,Alice2018Test,S2_new_origins,12,low-power,48
7,152.0,12.053197611274074,4.667815463517015,12.053197611274074,21.762867277224345,0.0015351539247718449,29.396976676915354,19.417213021803363,20.976160744095512,14.84213480794125,121.1561530801882,119.26875340941285,79.1010622161768,Qcells,Alice2018Test,S2_new_origins,12,low-power,48
8,170.0,20.915609600771155,5.739325588788506,20.915609600771155,30.72270746755919,0.0026094768322647284,39.9710343813391,19.362927242037458,23.635611056902142,21.08657905779771,138.63174951471427,143.03548537728378,103.37803883258867,Qcells,Alice2018Test,S2_new_origins,12,low-power,48
9,259.0,21.236463403480993,7.810727616392209,21.236463403480993,34.48803772064716,0.0018082428425721011,37.011808296939186,22.313558637675158,30.39635185668914,22.622747880471234,137.57905772754106,136.0289671123495,94.68431274216078,Qcells,Alice2018Test,S2_new_origins,12,low-power,48
10,170.0,19.622580916051735,6.008932824378976,19.622580916051735,27.59244105544785,0.0007927291783475015,34.03100395722407,21.49630461127068,25.624572116661845,19.249287861339877,125.24733914814297,124.10097758823083,88.35798909309433,Qcells,Alice2018Test,S2_new_origins,12,low-power,48
11,227.0,104.19986875137431,10.956104336838578,104.19986875137431,29.556260247625325,0.0020757234316063733,20.64188052867401,22.873173800454534,30.54298412777327,36.42221246848445,97.0761984068234,100.05058049551383,71.23115521533909,Qcells,Alice2018Test,S2_new_origins,12,low-power,48
0,268.0,35.23931711121066,12.096417810867951,35.23931711121066,51.94618506286605,0.00246761724577473,83.06423493595392,39.80607682221945,50.112667939771555,37.98212095518154,235.23874151555273,239.31275476551136,158.57759843955395,Qcells,Alice2018Test,S2_new_origins,12,low-power,72
1,255.0,40.50987846208635,9.961146774332423,40.50987846208635,51.967278653382905,0.0038466538742927374,71.5434334831236,35.199644531391044,37.6865511935345,33.56461274595513,234.1842826431625,245.3726600544159,169.9118768402759,Qcells,Alice2018Test,S2_new_origins,12,low-power,72
2,237.0,27.657069782381825,9.700382446421386,27.657069782381825,41.245022769547276,0.0039048477385760765,62.93886028362112,30.084904606070072,38.25864387850018,25.05231185722601,196.44446051022732,192.7565619255162,135.07606707883696,Qcells,Alice2018Test,S2_new_origins,12,low-power,72
3,198.0,16.118110625614804,6.721096263457073,16.118110625614804,30.01191609258403,0.0032521434238667545,48.64256245014674,22.19304988417241,27.07893106142416,19.606189784458312,159.34033734775775,157.65967323613253,111.0356371391636,Qcells,Alice2018Test,S2_new_origins,12,low-power,72
4,286.0,14.243998614381102,8.693149894216859,14.243998614381102,31.837236159965222,0.0017275904331207168,39.93126869387515,25.499013731885505,30.755648917853993,19.918611222399505,157.04518021570576,151.45577226836045,102.21597186501253,Qcells,Alice2018Test,S2_new_origins,12,low-power,72
5,246.0,26.347508337479375,7.774133434173601,26.347508337479375,42.24116892365975,0.0028249164972852132,55.43675931339406,28.380309038718895,33.12033195296916,27.978218936393517,199.95583270354047,205.27695268612584,143.48177256276708,Qcells,Alice2018Test,S2_new_origins,12,low-power,72
6,344.0,30.828815036654806,10.9311054544046,30.828815036654806,48.735376217793906,0.00203517215992367,55.39327959734305,33.47844827644636,44.07299711309598,32.59664349750351,201.38136993599417,199.2365601356715,139.75478281980745,Qcells,Alice2018Test,S2_new_origins,12,low-power,72
7,312.0,114.23009803425222,13.844659323205168,114.23009803425222,42.90136280592642,0.002641523292602306,36.29141318549423,33.20458877295401,42.49091098802829,45.69760471279206,158.52122534651323,160.9439650604227,114.51867423078674,Qcells,Alice2018Test,S2_new_origins,12,low-power,72
0,10223.0,2143.3862100908177,75.12169152363113,2143.3862100908177,95.46069478028865,91.21517602212444,19141.963389263263,891.7568806006701,1424.1008084938046,1443.3777290629353,2029.8558043227,2028.438887974121,1530.9802039745714,Qcells,Alice2018Test,Original,144,full,24
1,20448.0,10618.735332483178,1092.2603516416384,10618.735332483178,1320.472078290372,1215.2138064480864,110977.9219760201,5260.711367879112,7303.735750214659,7339.25925075548,9908.175078215134,9802.422209552144,9583.908188892497,Qcells,Alice2018Test,Original,144,full,24
2,20448.0,18450.480245866755,1194.3385439191725,18450.480245866755,1427.849217635659,1410.8985049518542,115124.29185734724,22453.827155061623,23822.43623966278,21534.575609098385,21547.228661640038,20797.2500442061,17685.33104597997,Qcells,Alice2018Test,Original,144,full,24
3,20448.0,31414.276818441263,1204.6178385975634,31414.276818441263,1728.4323819561039,1258.710544202589,122008.98585476197,37352.968059003346,43420.58125614903,38565.435177941086,36139.267691432746,38125.36906466104,30063.971685690347,Qcells,Alice2018Test,Original,144,full,24
4,20448.0,11280.442266950085,469.89976022287766,11280.442266950085,746.3791769866784,762.7714024011748,124394.79350672681,5102.590934836379,4818.917409928983,5670.716081153987,4683.202395821246,5375.331088821629,3957.3786575977997,Qcells,Alice2018Test,Original,144,full,24
5,20448.0,8535.168988007581,247.649800732127,8535.168988007581,459.6484221175118,31.237905823631646,123110.41378413793,4984.2371990424,5342.947280560896,6020.328652515247,5354.195550351377,6321.4599080662765,4488.7791802263155,Qcells,Alice2018Test,Original,144,full,24
6,20448.0,9012.115396465098,193.2420448583692,9012.115396465098,369.46269431773743,143.640498347607,117508.72061040737,6273.293215116106,7918.482482618996,7052.552453210822,8706.185962470743,8669.236334033618,8832.934896702045,Qcells,Alice2018Test,Original,144,full,24
7,20448.0,12849.711983946283,432.1707829394846,12849.711983946283,531.0704347088738,339.76832260239007,112335.29586095855,6394.984750102214,9155.646837800592,8855.273451579675,12738.501096427399,12708.936143601937,11978.943896425928,Qcells,Alice2018Test,Original,144,full,24
8,20448.0,5489.900426365402,384.3538291188632,5489.900426365402,486.48077162194727,234.98793477548364,110277.42417947901,7428.062948899077,6595.786076248064,4527.059202207897,5306.891683432472,5512.389213811619,4652.932460440483,Qcells,Alice2018Test,Original,144,full,24
9,20304.0,13467.969071399153,426.11993758804437,13467.969071399153,766.4534724216516,80.34523134447018,114382.84661940983,15436.833572684793,16473.05357117498,13406.741270480605,15331.978244135196,15847.054870918753,11986.816637711758,Qcells,Alice2018Test,Original,144,full,24
10,20448.0,14763.719762140003,558.3866425033103,14763.719762140003,875.9298959159374,299.92447875661577,115787.96028095043,15030.764816985367,15969.382913049463,14608.024184769189,17606.61335088249,19230.226610660782,13063.814583265093,Qcells,Alice2018Test,Original,144,full,24
11,20304.0,9218.817704402301,937.0772268320778,9218.817704402301,1232.8608451874559,680.9975139903098,124957.2966093734,9301.344888583939,10778.511887161761,8510.557341447584,10025.26508171915,9987.728850536754,11689.130677406207,Qcells,Alice2018Test,Original,144,full,24
12,11808.0,9050.015232127447,453.5850518788907,9050.015232127447,739.7303809315936,417.4336063140294,114752.3371656791,7099.873891019189,8800.443093832777,7255.856892519762,8980.740994467089,9478.231596506455,10010.466853489177,Qcells,Alice2018Test,Original,144,full,24
13,9301.0,521.216169253986,151.51701986233456,521.216169253986,165.92909415524014,108.36069079994334,11853.90796366956,1640.1621580990586,2815.2587145124007,1256.1245048586195,1965.8440272315422,1584.8379020073382,1687.8134958097278,Qcells,Alice2018Test,Original,144,full,24
14,20371.0,10204.334843089588,1331.0077340864132,10204.334843089588,1361.3010553661363,1378.512832861708,120157.44530803032,10487.176629527303,10977.795641470018,7322.594679655008,11585.633116052031,10929.702685238062,12592.69996930827,Qcells,Alice2018Test,Original,144,full,24
15,20448.0,18699.774562695013,1636.9689199912034,18699.774562695013,1854.6336126469341,1647.0078054686069,122892.82302200691,18619.291490180127,19903.798607391123,17548.65098484448,23884.04677068999,21643.12364029837,19882.867741591657,Qcells,Alice2018Test,Original,144,full,24
16,20448.0,13546.067747928417,1293.747008121094,13546.067747928417,1549.7844046511946,1289.0586692754332,125734.04448907786,8774.561175388355,10670.846056138193,10632.684955311983,11678.993460459698,12420.908483342922,9608.65833155845,Qcells,Alice2018Test,Original,144,full,24
17,20448.0,13984.238388567419,648.4465997876468,13984.238388567419,906.3574768692762,133.55883634913758,126411.89195303511,14974.50075242033,15674.932951258272,12769.927162924945,14288.616209182392,13257.65405601636,16096.502062878099,Qcells,Alice2018Test,Original,144,full,24
18,11808.0,8819.031427013975,475.9758501725998,8819.031427013975,650.1318784383283,530.3216385739826,113017.87075743094,7154.51537155595,8464.47028636951,7149.099348663975,8330.18796280543,8426.442198333074,8995.448359022936,Qcells,Alice2018Test,Original,144,full,24
19,9300.0,325.04937905013577,143.26899873659198,325.04937905013577,178.9280733402058,49.12461669231071,11815.627121590169,825.314672537146,1360.492780765449,737.8990026580476,1294.109689975341,1081.7583536143381,692.4176416499117,Qcells,Alice2018Test,Original,144,full,24
20,20371.0,9602.738754991406,1166.327529488885,9602.738754991406,1168.1265897474923,259.0372374601763,120222.49631239317,18101.12615147021,15808.775912501349,11921.620301794183,11417.240692959667,10371.547685017618,10635.120903985095,Qcells,Alice2018Test,Original,144,full,24
21,20448.0,19065.284945666554,1511.3936144152676,19065.284945666554,1443.7352710873793,90.03967098018786,119607.25487109699,26344.732398499844,24710.072890766787,21404.198670747362,25699.74924159238,21734.02286459947,22110.86756765565,Qcells,Alice2018Test,Original,144,full,24
22,20448.0,28843.408370681234,4795.618529722436,28843.408370681234,4856.160440331184,5905.719995361132,105217.99688367071,32231.37219980171,27946.590513721403,28071.410193836673,33545.059277320004,26685.13167502952,30116.757883061084,Qcells,Alice2018Test,Original,144,full,24
23,11088.0,23635.173036234035,3296.2358318601428,23635.173036234035,4109.265945324836,7230.365878399536,120228.34374964648,26775.491464459556,25110.911731014512,23322.589747026545,24573.30534139578,23293.131421900245,21532.670807236787,Qcells,Alice2018Test,Original,144,full,24
0,30671.0,12762.121542573994,1167.3820431652698,12762.121542573994,1415.9327730706611,1306.428982470211,130119.88536528335,6152.468248479781,8727.836558708466,8782.636979818415,11938.030882537829,11830.861097526265,11114.88839286707,Qcells,Alice2018Test,Original,144,full,48
1,40896.0,49864.757064308,2398.956382516736,49864.757064308,3156.2815995917636,2669.6090491544455,237133.27771210918,59806.795214064994,67243.01749581186,60100.010787039464,57686.49635307278,58922.61910886714,47749.30273167033,Qcells,Alice2018Test,Original,144,full,48
2,40896.0,19815.61125495766,717.5495609550046,19815.61125495766,1206.0275991041915,794.0093082248065,247505.20729086455,10086.828133878778,10161.864690489872,11691.04473366923,10037.39794617263,11696.79099688791,8446.157837824123,Qcells,Alice2018Test,Original,144,full,48
3,40896.0,21861.827380411385,625.4128277978537,21861.827380411385,900.5331290266114,483.40882094999705,229844.016471366,12668.277965218316,17074.129320419597,15907.825904790496,21444.687058898133,21378.172477635584,20811.878793127962,Qcells,Alice2018Test,Original,144,full,48
4,40752.0,18957.869497764546,810.4737667069071,18957.869497764546,1252.9342440436,315.3331661199544,224660.27079888887,22864.89652158388,23068.839647423054,17933.80047268851,20638.869927567663,21359.444084730356,16639.749098152242,Qcells,Alice2018Test,Original,144,full,48
5,40752.0,23982.537466542315,1495.4638693353893,23982.537466542315,2108.790741103393,980.9219927469254,240745.25689032394,24332.10970556932,26747.894800211223,23118.581526216753,27631.878432601643,29217.955461197544,24752.94526067131,Qcells,Alice2018Test,Original,144,full,48
6,21109.0,9571.231401381428,605.1020717412251,9571.231401381428,905.6594750868336,525.794297113973,126606.24512934868,8740.036049118246,11615.701808345177,8511.981397378378,10946.585021698624,11063.069498513792,11698.280349298908,Qcells,Alice2018Test,Original,144,full,48
7,40819.0,28904.109405784606,2967.9766540776154,28904.109405784606,3215.9346680130675,3025.520638330314,243050.26833003724,29106.468119707428,30881.594248861144,24871.24566449949,35469.67988674202,32572.82632553643,32475.567710899937,Qcells,Alice2018Test,Original,144,full,48
8,40896.0,27530.30613649583,1942.19360790874,27530.30613649583,2456.1418815204697,1422.6175056245715,252145.93644211304,23749.061927808696,26345.77900739643,23402.61211823693,25967.609669642097,25678.562539359253,25705.160394436563,Qcells,Alice2018Test,Original,144,full,48
9,21108.0,9144.080806064117,619.2448489091917,9144.080806064117,829.0599517785342,579.4462552662934,124833.49787902106,7979.830044093097,9824.963067134955,7886.998351322024,9624.297652780771,9508.20055194742,9687.86600067284,Qcells,Alice2018Test,Original,144,full,48
10,40819.0,28668.023700657945,2677.721143904153,28668.023700657945,2611.861860834872,349.07690844036426,239829.75118349015,44445.85854997005,40518.84880326816,33325.818972541536,37116.989934552046,32105.57054961709,32745.98847164074,Qcells,Alice2018Test,Original,144,full,48
11,31536.0,52478.58140691524,8091.85436158258,52478.58140691524,8965.426385656016,13136.085873760667,225446.34063331713,59006.863664261255,53057.50224473594,51393.99994086322,58118.364618715816,49978.26309692977,51649.42869029787,Qcells,Alice2018Test,Original,144,full,48
0,51119.0,31212.601788440737,2361.7205870844437,31212.601788440737,2843.7819907063213,2717.327487422068,245244.17722263045,28606.295403541397,32550.27279837125,30317.212588916795,33485.25954417786,32628.11114173236,28800.219438847045,Qcells,Alice2018Test,Original,144,full,72
1,61344.0,51229.88807339896,1922.167399552566,51229.88807339896,2934.459981060296,2052.7198524273945,369514.1931456264,47439.796192882175,53582.44594663895,50256.479911610266,46176.66563760536,49822.16006154897,38510.129523514435,Qcells,Alice2018Test,Original,144,full,72
2,61344.0,27351.727806776802,1009.7666569167172,27351.727806776802,1387.013900648559,718.3967557254815,340121.440650845,20096.340914117383,23669.915396667657,20434.88510699838,26751.578742330632,26890.561691447212,25464.811253568445,Qcells,Alice2018Test,Original,144,full,72
3,61056.0,37450.50653794149,1921.5838069234335,37450.50653794149,2875.244213525046,1061.2672240913957,355128.1035097339,39768.943278254126,43220.948371386236,36525.32279669739,42963.85667673683,45065.010332116275,36739.76189838307,Qcells,Alice2018Test,Original,144,full,72
4,41480.0,19775.566244471036,1936.1098058276377,19775.566244471036,2266.9605304529705,1904.3071299756803,246763.69043737897,19227.21267864557,22593.497449815193,15834.57607703339,22532.21813775063,21992.772183751847,24290.98031860718,Qcells,Alice2018Test,Original,144,full,72
5,61344.0,46230.08069919085,3579.1625278999427,46230.08069919085,4310.775494167403,3069.6253110931775,375038.7594641197,42368.35341798882,46249.577614787595,40951.26310308139,49851.656440331986,47321.68617965763,45588.028136028224,Qcells,Alice2018Test,Original,144,full,72
6,41479.0,18746.819561055527,1785.5723783980775,18746.819561055527,1997.1865415260268,838.4834927264706,245055.99419141436,26080.956195563318,25633.738979636288,19808.618653116224,21041.53834574044,19879.748236965035,20322.98690465795,Qcells,Alice2018Test,Original,144,full,72
7,51984.0,71543.8663525818,9603.24797599785,71543.8663525818,10409.161656743392,13226.125544740855,345053.59550441394,85351.59606276109,77767.57513550266,72798.19861161063,83818.11386030818,71712.28596152923,73760.29625795348,Qcells,Alice2018Test,Original,144,full,72
0,2175.0,1759.1449457062845,46.08242864514611,1759.1449457062845,67.03599016847994,91.21028911095816,19141.8315877627,686.6074211357027,967.8851511892216,1035.591590732659,1488.4073538972732,1450.7065803964508,1220.7538403334331,Qcells,Alice2018Test,Original,144,power-active,24
1,8636.0,8694.713748346543,1053.2438752336845,8694.713748346543,1237.540664405502,1215.2010243171264,110977.58840160034,4205.453122032745,6055.3839115335,6374.371469648816,8484.83033751373,8875.170979712535,8397.416237430494,Qcells,Alice2018Test,Original,144,power-active,24
2,8692.0,15990.869045285313,1159.102340935229,15990.869045285313,1348.1170839441506,1410.8856745325038,115124.03632117671,20365.045146056735,21102.863703704705,19116.64458245934,19801.32713675043,19269.83448920275,16233.125014143225,Qcells,Alice2018Test,Original,144,power-active,24
3,8772.0,27968.491181006466,1170.5168168263117,27968.491181006466,1654.860807562227,1258.7027669464157,122008.95384859109,34198.19226585329,40866.26193887746,35260.884598696604,35375.49428964777,37294.7024803854,29431.7351287853,Qcells,Alice2018Test,Original,144,power-active,24
4,8772.0,7165.4763288150025,443.41367029793577,7165.4763288150025,670.2070955687553,762.7634899203183,124394.72509474157,3738.7574356173313,3608.9797494151844,3873.469288439304,3712.738726487237,4498.3685155714165,3031.8419993729754,Qcells,Alice2018Test,Original,144,power-active,24
5,8772.0,5556.6000113007585,224.26586603870638,5556.6000113007585,387.86723729384005,31.225945368561877,123110.28034407372,3934.7905515808297,4262.341969740984,4467.667125302799,4166.906700700801,5098.797147114198,3793.3938001138827,Qcells,Alice2018Test,Original,144,power-active,24
6,8772.0,7615.844980148906,159.4037431945641,7615.844980148906,305.0282636683322,143.6298836757248,117508.51221237725,5543.713771492258,7143.751479883857,6207.409676300527,7905.039806986696,7970.533333515348,8415.826314056585,Qcells,Alice2018Test,Original,144,power-active,24
7,8775.0,10522.745332589933,358.62080114354086,10522.745332589933,453.8820291595235,339.7611691935399,112335.01964454302,5615.822595254381,8006.195506744351,7863.690529537916,10708.68411211027,11234.46400438129,10430.843932747475,Qcells,Alice2018Test,Original,144,power-active,24
8,8775.0,4414.41163546294,315.0763484686576,4414.41163546294,409.98411119684226,234.97732866349816,110277.0337390188,6780.910776915211,5517.162141506533,3966.2398737661238,4161.730195775917,4823.262227873957,3580.1339340961213,Qcells,Alice2018Test,Original,144,power-active,24
9,8832.0,12211.31231288888,364.8707937938396,12211.31231288888,691.2375896424996,80.33639937955245,114382.56671455597,14866.539152744073,15327.439565617487,12895.482622121306,14223.44028971557,15230.421336889915,10915.604907430823,Qcells,Alice2018Test,Original,144,power-active,24
10,8910.0,14046.762668080173,524.1405195701933,14046.762668080173,819.15179708897,299.919868078045,115787.92642121496,14601.817291710882,15348.671301345936,14026.3316204926,17070.03677741871,18773.71970359972,12484.024099841912,Qcells,Alice2018Test,Original,144,power-active,24
11,8910.0,7430.3335289769175,910.1383468786161,7430.3335289769175,1169.2225731907915,680.9691102496489,124957.17515832846,8956.63321883585,10332.596439082872,7851.310904690753,9343.761040591427,9540.657647082739,11244.642957665339,Qcells,Alice2018Test,Original,144,power-active,24
12,7257.0,7991.394145855709,440.0813170291759,7991.394145855709,701.1785964712643,417.4007235341378,114752.21499450077,6780.278226779926,8465.365035736602,6788.063886496144,8671.118700363326,9213.889524094655,9776.096630326492,Qcells,Alice2018Test,Original,144,power-active,24
13,1653.0,157.12090496966255,106.70357035246953,157.12090496966255,136.17291142759058,108.36009687657221,11853.804675008705,979.6105522113556,1707.2476486693122,820.2790672062813,1107.0770016920262,1163.2724748209553,796.4325024166853,Qcells,Alice2018Test,Original,144,power-active,24
14,9042.0,9141.798485804846,1273.0102216329872,9141.798485804846,1287.490651180499,1378.5117759197135,120157.20271292886,9554.498898118263,9709.294894238496,6573.454754763162,10467.753457297795,10358.368980332594,11317.414848140357,Qcells,Alice2018Test,Original,144,power-active,24
15,9042.0,16546.712817155498,1613.5121082293163,16546.712817155498,1800.8082803243938,1647.0008588958272,122892.52927910486,17721.742215259463,18812.530411748136,16655.710130909796,22998.623473561533,20964.180494674943,19467.467341149157,Qcells,Alice2018Test,Original,144,power-active,24
16,9039.0,11823.983334710483,1267.7594152523695,11823.983334710483,1495.2474957992135,1289.0451092832268,125733.64164693645,8081.719571595876,9781.846633100067,9589.587245608194,10754.000787576471,11960.338521604865,8695.367499049455,Qcells,Alice2018Test,Original,144,power-active,24
17,9039.0,10650.05622925576,622.7392460135053,10650.05622925576,835.9453036141024,133.55240415049528,126411.40971853284,13365.99016787314,14149.290731978477,10885.142415714914,12455.704433895171,11908.862859411442,14785.237957655054,Qcells,Alice2018Test,Original,144,power-active,24
18,7386.0,7787.277628173837,461.23474760600067,7787.277628173837,607.3576350867331,530.3193635421687,113017.56498361619,6804.300658678702,8020.783738893343,6552.257727055423,7691.611046480575,7936.190212097963,8683.295330283621,Qcells,Alice2018Test,Original,144,power-active,24
19,1711.0,149.47321020316372,123.11268138199814,149.47321020316372,159.5605614570686,49.12427685388207,11815.581305091444,577.9943961701077,922.765591505839,508.9863862866998,798.1786043622562,817.8218879141591,474.71668689423865,Qcells,Alice2018Test,Original,144,power-active,24
20,9174.0,8690.867660547648,1130.096249636744,8690.867660547648,1113.8142326134728,259.03549880816547,120222.36911264685,16928.19459421751,14509.382578746377,11085.730312771719,9921.923779106428,9620.44782575599,9603.434271589857,Qcells,Alice2018Test,Original,144,power-active,24
21,9174.0,16708.434095392586,1461.4827180813388,16708.434095392586,1369.2544856169354,90.03223161277826,119607.0686547074,24917.640317523306,22714.991762039353,19876.945574508976,24196.276677906983,20452.168933947745,21133.15311379149,Qcells,Alice2018Test,Original,144,power-active,24
22,9174.0,23159.55318767575,4632.765060229125,23159.55318767575,4713.924386994126,5905.700632748193,105217.68038785023,31314.346510491283,26112.356444569756,25650.830266771944,32063.51495683524,25326.32497634826,29599.603833030546,Qcells,Alice2018Test,Original,144,power-active,24
23,7466.0,20362.792319772987,3280.3578766310475,20362.792319772987,4068.7564116663198,7230.350544191605,120228.1100674399,25886.229364949144,23210.537204582837,21164.835514032595,22240.32859274106,21080.068194484953,20091.619966917802,Qcells,Alice2018Test,Original,144,power-active,24
0,10811.0,10453.858694052828,1099.326303878831,10453.858694052828,1304.576654573982,1306.4113134280844,130119.41998936303,4892.060543168451,7023.269062722721,7409.963060381474,9973.237691411001,10325.877560108987,9618.170077763923,Qcells,Alice2018Test,Original,144,power-active,48
1,17464.0,43959.36022629179,2329.61915776154,43959.36022629179,3002.9778915063803,2669.588441478916,237132.99016976779,54563.237411910035,61969.12564258216,54377.529181155944,55176.82142639821,56564.53696958815,45664.86014292852,Qcells,Alice2018Test,Original,144,power-active,48
2,17544.0,12722.076340115764,667.6795363366421,12722.076340115764,1058.0743328625956,793.98943528888,247505.00543881528,7673.547987198159,7871.321719156165,8341.136413742106,7879.645427188036,9597.165662685604,6825.235799486862,Qcells,Alice2018Test,Original,144,power-active,48
3,17547.0,18138.590312738837,518.0245443381051,18138.590312738837,758.9102928278554,483.39105286926485,229843.5318569202,11159.536366746637,15149.94698662821,14071.100205838435,18613.723919096963,19204.99733789665,18846.67024680408,Qcells,Alice2018Test,Original,144,power-active,48
4,17607.0,16625.723948351806,679.9471422624973,16625.723948351806,1101.2217008393413,315.31372804305084,224659.6004535747,21647.449929659277,20844.60170712405,16861.72249588743,18385.17048549146,20053.68356476389,14495.738841526947,Qcells,Alice2018Test,Original,144,power-active,48
5,17820.0,21477.096197057097,1434.27886644881,21477.096197057097,1988.3743702797613,980.888978327694,240745.10157954367,23558.450510546725,25681.267740428808,21877.642525183364,26413.79781801015,28314.377350682455,23728.66705750725,Qcells,Alice2018Test,Original,144,power-active,48
6,8910.0,8148.515050825371,546.7848873816457,8148.515050825371,837.3515078988546,525.7608204107099,126606.01966950945,7759.8887789912815,10172.612684405907,7608.342953702426,9778.19570205535,10377.16199891561,10572.52913274318,Qcells,Alice2018Test,Original,144,power-active,48
7,18084.0,25688.51130296035,2886.5223298623046,25688.51130296035,3088.2989315048935,3025.512634815541,243049.73199203366,27276.241113377717,28521.825305986637,23229.16488567295,33466.37693085933,31322.54947500753,30784.88218928952,Qcells,Alice2018Test,Original,144,power-active,48
8,18078.0,22474.03956396625,1890.4986612658731,22474.03956396625,2331.1927994133166,1422.5975134337211,252145.0513654694,21447.70973946903,23931.137365078554,20474.729661323137,23209.705221471635,23869.20138101632,23480.60545670452,Qcells,Alice2018Test,Original,144,power-active,48
9,9097.0,7936.750838377004,584.3474289879987,7936.750838377004,766.9181965438015,579.4436403960509,124833.14628870774,7382.295054848808,8943.549330399179,7061.244113342125,8489.789650842826,8754.012100012129,9158.012017177858,Qcells,Alice2018Test,Original,144,power-active,48
10,18348.0,25399.30175594022,2591.5789677180837,25399.30175594022,2483.068718230407,349.0677304209441,239829.43776735404,41845.834911740814,37224.37434078572,30962.67588728071,34118.20045701341,30072.616759703746,30736.58738538134,Qcells,Alice2018Test,Original,144,power-active,48
11,16640.0,43522.34550744874,7913.122936860173,43522.34550744874,8782.680798660445,13136.051176939802,225445.79045529006,57200.57587544044,49322.89364915258,46815.66578080453,54303.84354957628,46406.39317083323,49691.22379994833,Qcells,Alice2018Test,Original,144,power-active,48
0,19503.0,26444.727739338156,2258.4286448140597,26444.727739338156,2652.693738518132,2717.2969879605894,245243.45631053974,25257.10568922518,28126.13276642743,26526.607642840812,29774.56482816144,29595.712049311744,25851.29509190716,Qcells,Alice2018Test,Original,144,power-active,72
1,26316.0,40690.56752112217,1838.1963531629533,40690.56752112217,2712.935140424823,2052.6922022352956,369513.95928740635,41871.740253051525,48737.58365803363,43602.0210124387,43255.13971683577,46891.86814307097,36256.970928272145,Qcells,Alice2018Test,Original,144,power-active,72
2,26322.0,22553.001948201778,833.1008928067637,22553.001948201778,1168.8944040246965,718.3683815327629,340120.5655959389,17940.44714366184,20667.109128134736,18037.340079604553,22775.454114872882,24028.259565770604,22426.8041809002,Qcells,Alice2018Test,Original,144,power-active,72
3,26652.0,33688.40850994596,1799.1496602426498,33688.40850994596,2679.6119599222616,1061.225377707246,355127.6682940991,38424.989663290886,41008.70730604629,34773.12514730464,40637.238107725716,43544.79868757234,34644.271964938125,Qcells,Alice2018Test,Original,144,power-active,72
4,17952.0,17290.31353663024,1819.7951090146328,17290.31353663024,2124.8421590793546,1904.2725963304229,246763.2223824383,17314.387677109546,19881.907578644412,14181.797708465581,20245.949159353153,20735.53097924821,21889.94398088355,Qcells,Alice2018Test,Original,144,power-active,72
5,27120.0,39020.75238112175,3504.0107694951967,39020.75238112175,4132.001079737709,3069.5983723295453,375037.5806445746,39169.4519547285,42743.667776826725,37130.4397922329,46208.328695033226,44833.38187569121,42948.07279785366,Qcells,Alice2018Test,Original,144,power-active,72
6,18271.0,16627.61849892466,1714.4436786247438,16627.61849892466,1880.7324291572743,838.4791392042154,245055.51540135453,24310.48964906634,23452.931909145555,18146.97442611383,18411.71342994925,18374.459925768107,18761.44628876773,Qcells,Alice2018Test,Original,144,power-active,72
7,25814.0,60230.77960284133,9374.605654941506,60230.77960284133,10151.935284277379,13226.08340855258,345052.85910999734,82118.21619296372,72037.88541119194,66692.61135531355,78500.12022748328,66858.56210478093,70824.37691373983,Qcells,Alice2018Test,Original,144,power-active,72
0,8048.0,384.24126438453504,29.039262878485044,384.24126438453504,28.42470461180869,0.00488691116625337,0.13180150056386059,205.14945946496672,456.215657304583,407.78613833027686,541.4484504254281,577.7323075776706,310.2263636411381,Qcells,Alice2018Test,Original,144,low-power,24
1,11812.0,1924.0215841366387,39.01647640795287,1924.0215841366387,82.93141388487089,0.012782130961735845,0.3335744197517472,1055.2582458463673,1248.3518386811577,964.8877811066656,1423.3447407014032,927.2512298396003,1186.4919514620062,Qcells,Alice2018Test,Original,144,low-power,24
2,11756.0,2459.611200581441,35.23620298394375,2459.611200581441,79.73213369150872,0.012830419350205218,0.25553617050239125,2088.7820090048913,2719.5725359580747,2417.9310266390466,1745.9015248896133,1527.415555003345,1452.2060318367357,Qcells,Alice2018Test,Original,144,low-power,24
3,11676.0,3445.7856374347957,34.10102177125095,3445.7856374347957,73.57157439387727,0.007777256175416356,0.03200617085535826,3154.7757931500373,2554.3193172715864,3304.5505792445024,763.7734017849674,830.6665842756067,632.2365569050572,Qcells,Alice2018Test,Original,144,low-power,24
4,11676.0,4114.965938135077,26.486089924941936,4114.965938135077,76.1720814179234,0.007912480856524042,0.06841198523671152,1363.8334992190494,1209.9376605137973,1797.2467927146838,970.4636693340091,876.9625732502126,925.5366582248232,Qcells,Alice2018Test,Original,144,low-power,24
5,11676.0,2978.5689767068197,23.383934693420517,2978.5689767068197,71.78118482367178,0.011960455069767468,0.13344006416091675,1049.4466474615722,1080.605310819911,1552.6615272124495,1187.288849650575,1222.6627609520815,695.3853801124299,Qcells,Alice2018Test,Original,144,low-power,24
6,11676.0,1396.2704163161848,33.83830166380523,1396.2704163161848,64.43443064940527,0.010614671882257188,0.2083980300884298,729.5794436238424,774.731002735141,845.1427769102933,801.1461554840447,698.7030005182709,417.1085826454606,Qcells,Alice2018Test,Original,144,low-power,24
7,11673.0,2326.9666513563484,73.54998179594381,2326.9666513563484,77.1884055493509,0.007153408850079553,0.2762164155191816,779.1621548478306,1149.4513310562502,991.5829220417588,2029.8169843171318,1474.4721392206516,1548.099963678447,Qcells,Alice2018Test,Original,144,low-power,24
8,11673.0,1075.4887909024676,69.27748065020535,1075.4887909024676,76.49666042510546,0.01060611198558038,0.3904404602958758,647.1521719838642,1078.623934741534,560.8193284417688,1145.1614876565534,689.1269859376574,1072.7985263443607,Qcells,Alice2018Test,Original,144,low-power,24
9,11472.0,1256.6567585102737,61.24914379420455,1256.6567585102737,75.21588277915185,0.008831964917709764,0.27990485388948466,570.2944199407211,1145.6140055574797,511.25864835929406,1108.537954419632,616.6335340288226,1071.2117302809452,Qcells,Alice2018Test,Original,144,low-power,24
10,11538.0,716.9570940598368,34.246122933117064,716.9570940598368,56.77809882696739,0.004610678570908637,0.033859735564474386,428.9475252744897,620.7116117035406,581.692564276595,536.5765734637703,456.5069070610679,579.7904834231773,Qcells,Alice2018Test,Original,144,low-power,24
11,11394.0,1788.4841754253869,26.938879953462614,1788.4841754253869,63.63827199666473,0.02840374066070357,0.12145104494448371,344.7116697480892,445.91544807889545,659.2464367568249,681.5040411277149,447.07120345400915,444.48771974085986,Qcells,Alice2018Test,Original,144,low-power,24
12,4551.0,1058.6210862717369,13.50373484971487,1058.6210862717369,38.5517844603296,0.032882779891674124,0.12217117827175125,319.59566423926384,335.0780580961732,467.7930060236189,309.62229410376415,264.3420724117985,234.37022316268812,Qcells,Alice2018Test,Original,144,low-power,24
13,7648.0,364.09526428432343,44.813449509864995,364.09526428432343,29.756182727649563,0.0005939233711917705,0.10328866085688007,660.5516058877032,1108.0110658430883,435.8454376523382,858.7670255395158,421.5654271863824,891.3809933930426,Qcells,Alice2018Test,Original,144,low-power,24
14,11329.0,1062.5363572847468,57.99751245342554,1062.5363572847468,73.8104041856379,0.0010569419947313377,0.24259510149288632,932.6777314090466,1268.5007472315235,749.1399248918502,1117.8796587542304,571.3337049054635,1275.2851211679201,Qcells,Alice2018Test,Original,144,low-power,24
15,11406.0,2153.0617455395204,23.45681176188608,2153.0617455395204,53.82533232253911,0.0069465727795633946,0.2937429020306116,897.5492749206716,1091.2681956429958,892.9408539346894,885.4232971284497,678.9431456234255,415.400400442505,Qcells,Alice2018Test,Original,144,low-power,24
16,11409.0,1722.084413217933,25.987592868723695,1722.084413217933,54.53690885198163,0.013559992205651085,0.40284214144508207,692.8416037924784,888.9994230381226,1043.0977097037817,924.9926728832197,460.5699617380636,913.2908325090007,Qcells,Alice2018Test,Original,144,low-power,24
17,11409.0,3334.182159311655,25.70735377414193,3334.182159311655,70.41217325517403,0.006432198642300966,0.4822345022449146,1608.5105845471844,1525.6422192797756,1884.7847472100227,1832.9117752872112,1348.7911966049192,1311.264105223043,Qcells,Alice2018Test,Original,144,low-power,24
18,4422.0,1031.753798840137,14.74110256659901,1031.753798840137,42.774243351595366,0.0022750318136759043,0.30577381477583077,350.214712877248,443.6865474761666,596.8416216085544,638.576916324856,490.2519862351128,312.15302873931296,Qcells,Alice2018Test,Original,144,low-power,24
19,7589.0,175.57616884697208,20.156317354593806,175.57616884697208,19.3675118831372,0.00033983842863418963,0.04581649872603677,247.32027636703816,437.72718925960953,228.91261637134787,495.9310856130848,263.9364657001791,217.70095475567328,Qcells,Alice2018Test,Original,144,low-power,24
20,11197.0,911.8710944437571,36.231279852140915,911.8710944437571,54.31235713401895,0.001738652010908334,0.12719974639290887,1172.9315572526975,1299.3933337549738,835.8899890224734,1495.316913853233,751.0998592616321,1031.686632395235,Qcells,Alice2018Test,Original,144,low-power,24
21,11274.0,2356.8508502739705,49.91089633392889,2356.8508502739705,74.48078547044518,0.007439367409611874,0.18621638965758164,1427.0920809765378,1995.0811287274473,1527.2530962383792,1503.4725636854014,1281.853930651729,977.714453864186,Qcells,Alice2018Test,Original,144,low-power,24
22,11274.0,5683.855183005463,162.8534694933117,5683.855183005463,142.23605333705578,0.019362612937518456,0.31649582047022334,917.0256893104129,1834.2340691516297,2420.579927064734,1481.5443204847656,1358.8066986812642,517.1540500305338,Qcells,Alice2018Test,Original,144,low-power,24
23,3622.0,3272.3807164610434,15.877955229095477,3272.3807164610434,40.50953365851619,0.015334207930549192,0.23368220656247302,889.2620995104039,1900.3745264316744,2157.7542329939524,2332.9767486547216,2213.063227415288,1441.0508403189783,Qcells,Alice2018Test,Original,144,low-power,24
0,19860.0,2308.2628485211735,68.05573928643787,2308.2628485211735,111.3561184966797,0.017669042127989212,0.4653759203156074,1260.4077053113338,1704.5674959857415,1372.6739194369427,1964.7931911268304,1504.9835374172703,1496.7183151031454,Qcells,Alice2018Test,Original,144,low-power,48
1,23432.0,5905.396838016237,69.33722475519473,5905.396838016237,153.30370808538603,0.020607675525621608,0.2875423413577513,5243.55780215493,5273.8918532296575,5722.481605883553,2509.67492667458,2358.082139278954,2084.4425887417924,Qcells,Alice2018Test,Original,144,low-power,48
2,23352.0,7093.534914841893,49.87002461836245,7093.534914841893,147.9532662415953,0.019872935926291555,0.2018520493976274,2413.28014668062,2290.54297133371,3349.908319927135,2157.7525189845837,2099.625334202295,1620.9220383372533,Qcells,Alice2018Test,Original,144,low-power,48
3,23349.0,3723.2370676725345,107.3882834597491,3723.2370676725345,141.6228361987562,0.01776808073233673,0.4846144456076112,1508.7415984716731,1924.1823337913909,1836.725698952053,2830.9631398011766,2173.175139738921,1965.2085463239073,Qcells,Alice2018Test,Original,144,low-power,48
4,23145.0,2332.1455494127417,130.52662444440983,2332.1455494127417,151.7125432042572,0.019438076903290087,0.6703453141853588,1217.4465919245845,2224.2379402990127,1072.0779768010634,2253.6994420761857,1305.7605199664802,2144.0102566253067,Qcells,Alice2018Test,Original,144,low-power,48
5,22932.0,2505.4412694852235,61.185002886579696,2505.4412694852235,120.41637082363214,0.03301441923161221,0.15531078050895783,773.6591950225794,1066.6270597824366,1240.9390010334193,1218.0806145914848,903.5781105150769,1024.2782031640368,Qcells,Alice2018Test,Original,144,low-power,48
6,12199.0,1422.716350556061,58.317184359579855,1422.716350556061,68.30796718797913,0.03347670326286574,0.22545983912863055,980.1472701269669,1443.089123939262,903.638443675957,1168.38931964328,685.9074995981808,1125.75121655573,Qcells,Alice2018Test,Original,144,low-power,48
7,22735.0,3215.5981028242672,81.45432421531157,3215.5981028242672,127.63573650817699,0.008003514774294727,0.536338003523496,1830.2270063297196,2359.7689428745175,1642.0807788265404,2003.3029558826804,1250.2768505288896,1690.685521610424,Qcells,Alice2018Test,Original,144,low-power,48
8,22818.0,5056.266572529587,51.69494664286563,5056.266572529587,124.94908210715575,0.01999219084795208,0.8850766436899962,2301.352188339664,2414.641642317899,2927.882456913803,2757.9044481704295,1809.3611583429833,2224.5549377320426,Qcells,Alice2018Test,Original,144,low-power,48
9,12011.0,1207.3299676871093,34.89741992119282,1207.3299676871093,62.14175523473261,0.0026148702423100974,0.35159031350186754,597.5349892442865,881.4137367357769,825.7542379799021,1134.5080019379411,754.1884519352919,529.8539834949861,Qcells,Alice2018Test,Original,144,low-power,48
10,22471.0,3268.721944717729,86.1421761860698,3268.721944717729,128.79314260446404,0.00917801942052019,0.31341613605048874,2600.0236382292364,3294.474462482424,2363.1430852608523,2998.7894775386317,2032.9537899133618,2009.401086259421,Qcells,Alice2018Test,Original,144,low-power,48
11,14896.0,8956.235899466506,178.73142472240713,8956.235899466506,182.745586995572,0.034696820868067704,0.5501780270326966,1806.287788820817,3734.608595583302,4578.33416005869,3814.521069139486,3571.8699260965536,1958.204890349512,Qcells,Alice2018Test,Original,144,low-power,48
0,31616.0,4767.874049102611,103.29194227038163,4767.874049102611,191.08825218818845,0.030499461478194417,0.7209120908179989,3349.189714316227,4424.140031943815,3790.6049460759887,3710.694716016443,3032.399092420615,2948.924346939881,Qcells,Alice2018Test,Original,144,low-power,72
1,35028.0,10539.320552276691,83.97104638961339,10539.320552276691,221.5248406354725,0.027650192101707955,0.23385822025298542,5568.05593983066,4844.862288605294,6654.458899171633,2921.5259207695517,2930.291918477905,2253.15859524231,Qcells,Alice2018Test,Original,144,low-power,72
2,35022.0,4798.725858575005,176.66576410995447,4798.725858575005,218.1194966238618,0.0283741927179172,0.8750549059034844,2155.8937704555365,3002.8062685329255,2397.5450273938204,3976.124627457732,2862.3021256765815,3038.0070726682684,Qcells,Alice2018Test,Original,144,low-power,72
3,34404.0,3762.0980279954965,122.43414668078434,3762.0980279954965,195.63225360278398,0.04184638414932206,0.4352156343984423,1343.9536149632993,2212.2410653399156,1752.1976493927125,2326.6185690111183,1520.2116445438987,2095.489933444982,Qcells,Alice2018Test,Original,144,low-power,72
4,23528.0,2485.2527078408075,116.31469681300538,2485.2527078408075,142.118371373617,0.03453364525759685,0.4680549406215142,1912.8250015360131,2711.5898711707864,1652.7783685678082,2286.2689783975106,1257.241204503644,2401.03633772365,Qcells,Alice2018Test,Original,144,low-power,72
5,34224.0,7209.328318069109,75.15175840475166,7209.328318069109,178.77441442969476,0.026938763627515325,1.1788195457206128,3198.9014632603335,3505.909837960897,3820.8233108484915,3643.3277452988787,2488.3043039664108,2639.955338174548,Qcells,Alice2018Test,Original,144,low-power,72
6,23208.0,2119.2010621308673,71.12869977333379,2119.2010621308673,116.45411236875154,0.004353522253218443,0.4787900598947756,1770.4665464969842,2180.8070704907523,1661.6442270023765,2629.824915791174,1505.2883111969245,1561.5406158902213,Qcells,Alice2018Test,Original,144,low-power,72
7,26170.0,11313.08674974047,228.64232105633604,11313.08674974047,257.2263724660172,0.04213618827767945,0.7363944166902816,3233.3798697973543,5729.689724310754,6105.58725629707,5317.993632824889,4853.723856748281,2935.9193442136993,Qcells,Alice2018Test,Original,144,low-power,72
0,30529.0,21048.20403078258,1146.2582223728532,21048.20403078258,1171.7770796331183,657.1166216782522,205235.59442131576,12367.06965190698,14381.123591232968,13338.307918056096,13577.255905322549,13543.139052789285,10460.231335915907,Qcells,Alice2018Test,S1,144,full,24
1,40897.0,33868.62711436597,2751.180309183095,33868.62711436597,3007.763593962845,2431.123490231561,294596.8793026045,17177.81462580273,19806.25876250726,19801.05717051462,23216.8350458797,25086.521956984252,21614.874574258945,Qcells,Alice2018Test,S1,144,full,24
2,40897.0,89963.34839989833,2118.037139821448,89963.34839989833,2615.249769586455,2683.7401027151195,306942.9869904563,83092.14333361898,82961.76439913517,74598.06076135284,66163.45329457926,74221.24117542616,67130.13036375292,Qcells,Alice2018Test,S1,144,full,24
3,40897.0,79941.66812464727,2507.0412853531116,79941.66812464727,3253.6850588253483,2437.8633470699106,327607.095926649,72777.49625563736,82329.64001672399,76083.30943291615,69416.06784991354,75068.04066981991,67256.8781709807,Qcells,Alice2018Test,S1,144,full,24
4,40897.0,48755.41544059398,1215.9865071325364,48755.41544059398,1540.5177448646625,1603.340232410638,331249.19417344214,16605.24632212467,15158.133757528507,15923.143020367872,17181.307073826785,19700.944661830847,13023.333884485006,Qcells,Alice2018Test,S1,144,full,24
5,40897.0,25412.947134306134,994.9532477611253,25412.947134306134,1217.2467583530508,56.736822022466285,327171.21741575137,10764.224257616712,12799.18415340028,13936.136507956577,16095.050874862,16927.934360726762,13288.516837073428,Qcells,Alice2018Test,S1,144,full,24
6,40897.0,28590.570037449375,1260.4665719480213,28590.570037449375,1397.1739319987432,260.5683402169772,310278.1392426548,14444.822136708599,17371.014510180503,17162.418224847475,20874.247633607098,20923.98961165961,18258.809125469033,Qcells,Alice2018Test,S1,144,full,24
7,40897.0,39019.247147971975,1644.7386231869837,39019.247147971975,1537.5989986716056,607.3074590892904,296530.8753007727,21479.37681798821,25145.4837415832,25308.68406692147,29373.20363503519,31625.27437322802,27066.39881631507,Qcells,Alice2018Test,S1,144,full,24
8,40897.0,60369.31744100613,1345.920764272797,60369.31744100613,1285.494102790952,449.0608102029329,289393.65301840147,41810.62636769542,35659.41081612105,29974.732271194312,32942.63977930021,42642.25984463523,30439.47355468087,Qcells,Alice2018Test,S1,144,full,24
9,40611.0,55109.56143787352,1003.02740031467,55109.56143787352,1376.1641015593148,140.4331681525489,298343.53858119337,37799.62137791591,38940.71666149557,35711.614156613905,44029.33149060373,53137.54326158644,37619.55272950096,Qcells,Alice2018Test,S1,144,full,24
10,40755.0,66304.77048529031,1495.977373141752,66304.77048529031,1812.5627305569558,518.8385751616596,303736.99434563494,40954.14858164148,42981.74393833032,40725.294668416675,42294.34422500294,51471.7000096241,37190.9091199855,Qcells,Alice2018Test,S1,144,full,24
11,40611.0,39494.843038316416,1879.5193677289853,39494.843038316416,2105.70866477731,1277.8536175867864,329458.39355560095,26124.650446265034,28818.885143863805,26743.88629993216,22823.94714531669,23823.210826083643,27666.646603837926,Qcells,Alice2018Test,S1,144,full,24
12,40552.0,28593.010797507377,1452.1743515496617,28593.010797507377,1775.4392506070071,797.5043288904809,331947.01531785243,16446.180234581243,20243.331297076482,18438.08450586547,24132.741468012176,24590.871442743257,22097.79855140598,Qcells,Alice2018Test,S1,144,full,24
13,40468.0,44058.95044701257,2708.6743477567893,44058.95044701257,2607.1800630524317,1770.7255041013739,314569.76166388695,22528.114559385693,23933.69041835795,20640.04655783215,25812.202525011155,29504.623376824442,24072.290904816276,Qcells,Alice2018Test,S1,144,full,24
14,40812.0,106141.09892594235,3272.3013022891223,106141.09892594235,3266.1746405864483,2942.102197950419,311536.8378130495,57384.72257335331,67232.26564009006,63145.789756570346,56975.064047680986,65422.75884133483,57785.15168941145,Qcells,Alice2018Test,S1,144,full,24
15,40897.0,133951.1335907096,3385.6708153499685,133951.1335907096,3377.7583893090427,3335.6893035207236,322685.11796798185,92544.90341127635,97926.78732222007,95411.22706582063,82256.88453436876,94396.3879535599,74195.18106241697,Qcells,Alice2018Test,S1,144,full,24
16,40897.0,60530.92516882755,2319.732327549863,60530.92516882755,2599.5784323346084,2167.4513690206068,325063.4170099924,28170.09585351679,31323.159607182624,32648.06023110914,35707.06166030444,42635.99438286022,32748.52735634478,Qcells,Alice2018Test,S1,144,full,24
17,40897.0,30543.888776047923,1341.8894507974805,30543.888776047923,1626.372178283048,184.45436112645277,327230.9110990394,28731.638729903218,31101.687095515856,27974.886899320052,29695.117862169533,28479.247766607266,32524.910279184685,Qcells,Alice2018Test,S1,144,full,24
18,40837.0,29383.47386824869,2016.6994200378945,29383.47386824869,1883.6744605001763,960.4883991745347,322971.7243854586,19297.216826313943,20729.456597704044,18993.22790281725,21583.477708444854,21316.70229703119,21569.097206233466,Qcells,Alice2018Test,S1,144,full,24
19,40611.0,66280.83844786858,1802.7573453632301,66280.83844786858,1575.0445562533025,662.5602427365175,309053.7708130214,24569.522244349784,27304.2231978454,25218.73989413742,26926.841988511627,32538.024152903996,24970.912892213364,Qcells,Alice2018Test,S1,144,full,24
20,40813.0,85928.26960989113,2196.8211552859257,85928.26960989113,2220.7933801653853,436.6366754076614,308476.56178647804,70999.70869582411,63717.051029793896,54794.75635236594,56678.506096316014,66185.51145896359,53344.46160681714,Qcells,Alice2018Test,S1,144,full,24
21,40897.0,148397.38935205602,2576.150099962219,148397.38935205602,2779.401778140163,115.23177197635827,307094.4932117783,127793.13211442834,126962.0954751322,118316.7849918198,94590.28864313902,95132.71571714734,96251.84993740273,Qcells,Alice2018Test,S1,144,full,24
22,40897.0,481822.4910297644,27840.66796606956,481822.4910297644,20920.56115318551,20635.459370380282,259572.23568110875,116504.6108751453,119501.93848094888,120244.48683928038,94409.78847101319,90415.75911387132,95453.33419887845,Qcells,Alice2018Test,S1,144,full,24
23,30408.0,126271.43945889283,14637.358078614261,126271.43945889283,15364.637763297405,25312.17741495769,297564.02960506256,111274.65620686865,108220.02894796358,101708.66491200391,83318.34074588885,92647.95977143159,84148.90386188067,Qcells,Alice2018Test,S1,144,full,24
0,71426.0,54916.83114514855,3897.4385315559516,54916.83114514855,4179.540673595964,3088.240111909814,499832.4737239198,29544.884277709727,34187.38235374028,33139.36508857072,36794.09095120228,38629.66100977357,32075.105910174858,Qcells,Alice2018Test,S1,144,full,48
1,81794.0,169905.01652454562,4625.078425174562,169905.01652454562,5868.934828411805,5121.60344978503,634550.0829171048,155869.63958925664,165291.4044158592,150681.3701942689,135579.52114449296,149289.28184524624,134387.00853473364,Qcells,Alice2018Test,S1,144,full,48
2,81794.0,74168.36257490017,2210.939754893665,74168.36257490017,2757.764503217713,1660.0770544331046,658420.4115891933,27369.470579741388,27957.317910928792,29859.279528324467,33276.357948688776,36628.87902255763,26311.85072155844,Qcells,Alice2018Test,S1,144,full,48
3,81794.0,67609.81718542131,2905.2051951350054,67609.81718542131,2934.772930670346,867.8757993062674,606809.0145434265,35924.19895469678,42516.498251763725,42471.10229176903,50247.451268642326,52549.26398488766,45325.207941784094,Qcells,Alice2018Test,S1,144,full,48
4,81508.0,115478.87887887962,2348.948164587467,115478.87887887962,2661.6582043502644,589.4939783554823,587737.1915995944,79610.24774561136,74600.12747761651,65686.34642780821,76971.97126990397,95779.80310622172,68059.02628418186,Qcells,Alice2018Test,S1,144,full,48
5,81366.0,105799.61352360675,3375.49674087074,105799.61352360675,3918.271395334264,1796.6921927484445,633195.3879012365,67078.79902790653,71800.62908219411,67469.18096834885,65118.291370319625,75294.9108357077,64857.55572382336,Qcells,Alice2018Test,S1,144,full,48
6,81020.0,72651.96124451999,4160.848699306452,72651.96124451999,4382.619313659438,2568.229832991855,646516.7769817393,38974.294793966954,44177.02171543442,39078.13106369763,49944.943993023284,54095.49481956769,46170.08945622225,Qcells,Alice2018Test,S1,144,full,48
7,81709.0,240092.23251665197,6657.9721176390885,240092.23251665197,6643.933029895494,6277.791501471139,634221.9557810321,149929.62598462938,165159.05296231006,158557.01682239093,139231.94858204975,159819.14679489465,131980.33275182848,Qcells,Alice2018Test,S1,144,full,48
8,81794.0,91074.81394487536,3661.6217783473417,91074.81394487536,4225.950610617659,2351.9057301470543,652294.3281090325,56901.73458342,62424.84670269856,60622.9471304292,65402.179522473925,71115.24214946754,65273.43763552942,Qcells,Alice2018Test,S1,144,full,48
9,81448.0,95664.31231611734,3819.4567654011253,95664.31231611734,3458.7190167534786,1623.0486419110528,632025.4951984806,43866.73907066366,48033.679795549426,44211.967796954654,48510.31969695647,53854.72644993519,46540.0100984468,Qcells,Alice2018Test,S1,144,full,48
10,81710.0,234325.65896194702,4772.971255248141,234325.65896194702,5000.195158305546,551.8684473840196,615571.0549982559,198792.8408102523,190679.146504926,173111.54134418574,151268.7947394552,161318.22717611073,149596.3115442198,Qcells,Alice2018Test,S1,144,full,48
11,71305.0,608093.9304886581,42478.026044683844,608093.9304886581,36285.198916482965,45947.636785338,557136.2652861716,227779.26708201406,227721.9674289122,221953.15175128408,177728.1292169019,183063.71888530298,179602.238060759,Qcells,Alice2018Test,S1,144,full,48
0,112323.0,144880.17954504682,6015.4756713774,144880.17954504682,6794.790443182412,5771.980214624927,806775.4607143761,112637.02761132878,117149.1467528755,107737.4258499235,102957.54424578155,112850.90218519965,99205.23627392777,Qcells,Alice2018Test,S1,144,full,72
1,122691.0,154110.03069954718,4717.981040246776,154110.03069954718,6011.449562043068,4097.940401503013,986027.507515842,100146.96683537852,110286.95792765285,105942.5889612405,102692.42579860234,111696.91969237747,93568.72889253925,Qcells,Alice2018Test,S1,144,full,72
2,122691.0,127979.1346264274,4251.1259594078065,127979.1346264274,4220.267033461297,1316.936609509202,896202.6675618277,77734.82532239227,78175.90906788479,72445.83456296338,83190.09104794248,95191.52382952294,75764.681496465,Qcells,Alice2018Test,S1,144,full,72
3,121977.0,160909.17496148025,4378.524141185405,160909.17496148025,5294.435496893574,1937.1253609009932,931538.9264824298,104878.42040582237,110741.3457436896,103180.79512496284,109147.62286092332,128432.45409729409,102477.10845332431,Qcells,Alice2018Test,S1,144,full,72
4,121832.0,178793.0601704623,7433.150001595575,178793.0601704623,7648.793954245886,5510.332030942282,958053.6147947907,96359.01736732031,111409.28735552447,102223.92082026799,106920.00804070423,119518.25366090251,103955.24114563364,Qcells,Alice2018Test,S1,144,full,72
5,122691.0,225025.9475355852,7047.292593697316,225025.9475355852,7603.708999926702,5687.595033667787,974979.4460770139,149446.63799469647,160351.6340249185,156034.1741962498,147659.0640568431,165511.63010302698,139468.61869794663,Qcells,Alice2018Test,S1,144,full,72
6,122261.0,181592.58192600863,6016.277920687048,181592.58192600863,5679.512396918859,2059.6853173187137,940502.0569849578,114866.44776648775,111750.73082534342,99006.72414932057,105188.82579327252,120040.23790889885,99884.47170526403,Qcells,Alice2018Test,S1,144,full,72
7,112202.0,756491.3198407147,45054.17614464605,756491.3198407147,39064.600694623114,46062.86855731435,864230.75849795,355572.3991964427,354684.0629040446,340269.9367431043,272318.4178600409,278196.43460245046,275854.08799816144,Qcells,Alice2018Test,S1,144,full,72
0,11827.0,10335.60179382211,566.9483712443097,10335.60179382211,593.819791280248,657.0948125801358,74681.25096731103,6782.936320372197,7172.258657468038,7322.253567591167,9529.280905438402,10068.109298502482,8682.549711094589,Qcells,Alice2018Test,S1,144,power-active,24
1,18288.0,21445.657848048577,2318.978134585438,21445.657848048577,2446.204255657513,2431.103055184943,164864.55021097447,11094.384791223549,12906.95869374433,13661.745632810262,17886.511924948834,20507.270169165276,17845.504072630007,Qcells,Alice2018Test,S1,144,power-active,24
2,18344.0,52705.617678479764,1720.9432311737341,52705.617678479764,1969.860132124726,2683.7093728462937,171608.42054148152,60310.877010931865,57107.76725055437,50906.758939467996,52282.111008002365,60000.02213214225,52426.89250402466,Qcells,Alice2018Test,S1,144,power-active,24
3,18576.0,55700.596788270064,2129.0619426409253,55700.596788270064,2760.7316126340834,2437.808718312169,185078.43521860676,59929.46480374049,69680.63766498085,62846.89992926562,61470.117542006294,67161.68326172432,60508.41500657766,Qcells,Alice2018Test,S1,144,power-active,24
4,18576.0,25493.231645012074,706.9248129699176,25493.231645012074,987.8859998728711,1603.3247759900746,188219.89730120715,10700.18248442752,10086.975829524014,10360.648249390346,12786.964393993057,15577.84125046105,10728.117788228437,Qcells,Alice2018Test,S1,144,power-active,24
5,18576.0,14445.161399884431,452.45365240323497,14445.161399884431,623.2091038714533,56.72131793481872,185205.36453032168,7999.47273897448,9540.274940355292,10543.169430400852,11656.117365618687,13130.286264056154,11406.361723287768,Qcells,Alice2018Test,S1,144,power-active,24
6,18576.0,18142.747715501293,570.9961635524097,18142.747715501293,764.9895327366124,260.5520267898038,175635.73879390286,11233.726146865662,13404.694253059266,13230.2590217458,16518.621511713274,17375.736230989158,16447.14173003492,Qcells,Alice2018Test,S1,144,power-active,24
7,18720.0,24541.214517903925,1061.6461139826472,24541.214517903925,990.3944108199738,607.2543315330622,169043.3042722261,14185.485167141655,16059.008340677416,17085.75067593278,23111.023403438096,26335.05414379143,22696.153972633012,Qcells,Alice2018Test,S1,144,power-active,24
8,18720.0,35951.239473862646,762.4834782414168,35951.239473862646,762.5615469037689,449.0446949306695,164909.9772778675,29025.140383011993,22516.93604839539,18753.148256796176,24378.055054369583,33614.381244855314,22544.88143648486,Qcells,Alice2018Test,S1,144,power-active,24
9,18777.0,41800.59567898046,654.4878696135197,41800.59567898046,1004.3236487089971,140.38247865112842,171121.36375379213,31195.17974644777,31905.790521755243,29569.755790287953,36289.80212568827,45314.1010661183,31089.81009498812,Qcells,Alice2018Test,S1,144,power-active,24
10,19008.0,41392.541001403726,959.4429260205984,41392.541001403726,1297.8859999487147,518.8295242035251,175670.33929212112,29802.482688474152,29319.831913475446,28387.445460364674,36049.35807024099,44740.17611913609,31415.48378710677,Qcells,Alice2018Test,S1,144,power-active,24
11,19008.0,20394.409390972287,1434.852286033805,20394.409390972287,1626.6149246109078,1277.8247680774032,190115.5766037953,17838.02265615692,20556.868999089194,18902.949315069596,19005.99644796802,20569.20545717886,25087.661516017306,Qcells,Alice2018Test,S1,144,power-active,24
12,19008.0,19919.05519735676,958.0463671295994,19919.05519735676,1263.8911635409631,797.465162321908,192151.32544379876,13195.037817249064,16414.259673539425,15162.62316294217,20040.091915739496,21314.95742183948,20516.707950691212,Qcells,Alice2018Test,S1,144,power-active,24
13,18876.0,29380.115975623576,2170.5389769288236,29380.115975623576,2106.6525470059482,1770.721475506782,181005.9465903571,14554.710041774882,15262.898318025325,14801.155108093493,20983.36706602902,25314.87145694378,20286.36665770853,Qcells,Alice2018Test,S1,144,power-active,24
14,19008.0,56698.92333216763,2753.559209794606,56698.92333216763,2529.6459246190816,2942.082492884046,181619.3055959816,31034.67614290534,33011.90076113829,32037.430731830205,43591.98796604067,52174.68446811063,44234.43181647564,Qcells,Alice2018Test,S1,144,power-active,24
15,19008.0,101565.60194703897,2961.2751603571373,101565.60194703897,2941.0657669785364,3335.6793548993446,185556.71240187305,66463.63277324633,71830.16135479172,69743.32398909115,68322.23510353218,79053.99241205522,61596.77869437175,Qcells,Alice2018Test,S1,144,power-active,24
16,18864.0,44259.8560371847,1955.0102306432404,44259.8560371847,2204.8022159002717,2167.3990225974617,185495.60239110093,18777.816235525665,22835.985238145393,23881.763921022066,29289.422490756264,36377.98504788658,27460.566270207135,Qcells,Alice2018Test,S1,144,power-active,24
17,18864.0,22124.624873596687,1035.8114286493799,22124.624873596687,1252.238555283572,184.44466946179745,186572.33229906298,22789.1809310641,24984.499715060145,21916.915737671705,24703.80194000634,24799.603616872435,29297.92145271837,Qcells,Alice2018Test,S1,144,power-active,24
18,18922.0,18227.129148932116,1134.3512798297684,18227.129148932116,1190.5550212386024,960.4674297801768,184242.53905505076,13770.199079181231,15520.399797053089,14554.868383829113,17280.1833662441,18047.853867325783,19647.402166520398,Qcells,Alice2018Test,S1,144,power-active,24
19,18876.0,38911.60059163263,838.2300115067576,38911.60059163263,867.0662856695726,662.5530940557604,175956.1021510991,14496.194731793345,15664.181021089878,16062.272027492558,21535.727613810835,27289.57111184159,21069.359009127977,Qcells,Alice2018Test,S1,144,power-active,24
20,19008.0,59133.24850785504,1704.6282055861402,59133.24850785504,1685.9202416567318,436.6314664068226,176145.85598979628,55719.71033295266,48504.72125280915,41461.86723274757,44573.916986518954,54031.4136274534,42503.6200360294,Qcells,Alice2018Test,S1,144,power-active,24
21,19008.0,89820.57338863984,2055.84920428038,89820.57338863984,1971.9855930938038,115.21623597124912,175895.06994697236,89546.29022387034,83749.45512187322,78662.43481824051,76484.34642927379,77274.20861405865,77741.31774300871,Qcells,Alice2018Test,S1,144,power-active,24
22,19008.0,142517.0283877108,15620.005714934912,142517.0283877108,18143.543678380418,20635.423785442897,166922.37112699685,76983.77866838683,70785.79479027103,71961.71296476031,74778.67823512522,70442.14437653893,76032.11913288284,Qcells,Alice2018Test,S1,144,power-active,24
23,17441.0,97444.94916234056,13529.772827195638,97444.94916234056,14566.335313465834,25312.146652449737,183585.89637096718,84711.38758783146,83238.27706684927,79302.71777064985,69704.22089121469,78212.26064312975,70509.98121704435,Qcells,Alice2018Test,S1,144,power-active,24
0,30115.0,31781.2596418707,2885.926505829749,31781.2596418707,3040.02404693776,3088.1978677650764,239545.8011782855,17877.32111159573,20079.21735121236,20983.999200401435,27415.79283038722,30575.379467667757,26528.05378372459,Qcells,Alice2018Test,S1,144,power-active,48
1,36920.0,108406.2144667498,3850.0051738146576,108406.2144667498,4730.591744758808,5121.518091158457,356686.8557600879,120240.3418146724,126788.40491553521,113753.65886873366,113752.22855000876,127161.70539386645,112935.30751060232,Qcells,Alice2018Test,S1,144,power-active,48
2,37152.0,39938.393044896475,1159.3784653731532,39938.393044896475,1611.0951037443244,1660.0460939248937,373425.26183152857,18699.655223401995,19627.250769879294,20903.817679791202,24443.081759611716,28708.12751451719,22134.47951151623,Qcells,Alice2018Test,S1,144,power-active,48
3,37296.0,42683.962233405204,1632.6422775350584,42683.962233405204,1755.3839435565865,867.8063583228655,344679.0430661286,25419.211314007356,29463.702593736656,30316.009697678575,39629.64491515141,43710.790374780576,39143.295702667885,Qcells,Alice2018Test,S1,144,power-active,48
4,37497.0,77751.8351528431,1416.9713478549374,77751.8351528431,1766.8851956127642,589.4271735817971,336031.3410316592,60220.32012945973,54422.72657015061,48322.9040470841,60667.85718005782,78928.48231097366,53634.691531472934,Qcells,Alice2018Test,S1,144,power-active,48
5,38016.0,61786.95039237596,2394.2952120544005,61786.95039237596,2924.5009245596225,1796.654292280928,365785.9158959157,47640.50534463114,49876.700912564695,47290.39477543421,55055.35451820901,65309.38157631491,56503.145303124045,Qcells,Alice2018Test,S1,144,power-active,48
6,37884.0,49299.17117298031,3128.585344058425,49299.17117298031,3370.543710546912,2568.1866378286904,373157.27203415567,27749.747859023963,31677.15799156476,29963.77827103567,41023.45898176851,46629.82887878328,40803.0746083998,Qcells,Alice2018Test,S1,144,power-active,48
7,38016.0,158264.52527920663,5714.83437015175,158264.52527920663,5470.711691597624,6277.761847783388,367176.0179978547,97498.30891615161,104842.06211592993,101780.75472092134,111914.22306957275,131228.6768801658,105831.21051084732,Qcells,Alice2018Test,S1,144,power-active,48
8,37728.0,66384.4809107814,2990.821659292623,66384.4809107814,3457.040771183843,2351.843692059255,372067.9346901642,41566.99716658981,47820.48495320556,45798.67965869376,53993.224430762624,61177.58866475898,56758.48772292546,Qcells,Alice2018Test,S1,144,power-active,48
9,37798.0,57138.72974056476,1972.581291336526,57138.72974056476,2057.6213069081764,1623.0205238359383,360198.64120615023,28266.393810974558,31184.580818142975,30617.14041132167,38815.91098005493,45337.424979167365,40716.761175648324,Qcells,Alice2018Test,S1,144,power-active,48
10,38016.0,148953.82189649466,3760.4774098665193,148953.82189649466,3657.905834750536,551.8477023780716,352040.9259367686,145266.00055682307,132254.17637468234,120124.30205098802,121058.26341579274,131305.62224151197,120244.93777903817,Qcells,Alice2018Test,S1,144,power-active,48
11,36449.0,239961.97755005144,29149.778542130553,239961.97755005144,32709.878991846275,45947.570437892595,350508.2674979639,161695.1662562183,154024.07185712026,151264.43073541016,144482.89912633976,148654.4050196686,146542.10034992712,Qcells,Alice2018Test,S1,144,power-active,48
0,48459.0,84486.87732035045,4606.869737003484,84486.87732035045,5009.884179062478,5771.907240611364,411154.22171976685,78188.19812252762,77186.98460176673,71890.75813986943,79697.9038383897,90575.40159980996,78954.94628774922,Qcells,Alice2018Test,S1,144,power-active,72
1,55728.0,95638.98983316646,3288.4404080140794,95638.98983316646,4371.826716378409,4097.854812237058,558503.6970501366,78629.12002714245,89307.88843486001,83750.71760905693,85913.19930161814,95869.81077624152,82642.89451809357,Qcells,Alice2018Test,S1,144,power-active,72
2,56016.0,78635.20170726793,2395.125755776472,78635.20170726793,2517.9454904603563,1316.8510532535342,509589.02034399577,54444.35169701937,51980.63864213198,49069.157954474766,64007.6999695209,77325.17161963589,61688.1771391527,Qcells,Alice2018Test,S1,144,power-active,72
3,56793.0,103587.54607135644,3048.783081667921,103587.54607135644,3928.8245732686205,1937.0367709320562,536907.2796497081,78835.6850910788,81782.49143432,76860.15056572226,91345.15664389722,110623.48264243314,87592.9553981122,Qcells,Alice2018Test,S1,144,power-active,72
4,56892.0,105998.09450514802,5882.14455385303,105998.09450514802,5900.189635165988,5510.269130712744,554776.5776301376,58784.424001929285,64689.058752703095,62001.209002865886,84615.44694780918,98804.5133468939,85037.50642487545,Qcells,Alice2018Test,S1,144,power-active,72
5,56736.0,167950.0828578205,5952.096819649761,167950.0828578205,6398.106538162386,5687.523046958615,557624.6470920364,108030.62993983619,119650.64630799736,115542.00364778478,122315.4595342949,140231.58107681404,118355.26641729719,Qcells,Alice2018Test,S1,144,power-active,72
6,56806.0,116271.97824841991,3677.2094969226628,116271.97824841991,3743.541548564912,2059.651990242763,536344.4971959459,83986.10414392716,79689.3020709522,72079.00764406915,83389.82796657384,99368.83860662067,83220.38121167776,Qcells,Alice2018Test,S1,144,power-active,72
7,55457.0,329782.55093869095,31205.627746410948,329782.55093869095,34681.86458494007,46062.78667386385,526403.337444937,251241.4564800886,237773.5269789933,229926.86555365057,220967.24555561354,225928.61363372728,224283.4180929359,Qcells,Alice2018Test,S1,144,power-active,72
0,18702.0,10712.602236960453,579.3098511285441,10712.602236960453,577.9572883528712,0.021809098116424404,130554.34345400438,5584.1333315347865,7208.864933764913,6016.054350464926,4047.9749998841594,3475.029754286811,1777.6816248213124,Qcells,Alice2018Test,S1,144,low-power,24
1,22609.0,12422.969266317392,432.20217459765905,12422.969266317392,561.5593383053368,0.020435046614236955,129732.32909163025,6083.429834579183,6899.300068762939,6139.3115377043605,5330.323120930863,4579.251787818936,3769.370501628928,Qcells,Alice2018Test,S1,144,low-power,24
2,22553.0,37257.73072141863,397.09390864771404,37257.73072141863,645.3896374617294,0.03072986882361819,135334.56644897422,22781.26632268708,25853.99714858075,23691.301821884706,13881.34228657687,14221.219043283854,14703.237859728353,Qcells,Alice2018Test,S1,144,low-power,24
3,22321.0,24241.071336377252,377.97934271218685,24241.071336377252,492.95344619126456,0.05462875774029071,142528.66070804134,12848.031451896954,12649.002351743118,13236.409503650533,7945.950307907226,7906.357408095623,6748.463164403082,Qcells,Alice2018Test,S1,144,low-power,24
4,22321.0,23262.183795581892,509.0616941626183,23262.183795581892,552.6317449917907,0.015456420565619728,143029.29687223505,5905.06383769716,5071.157928004501,5562.494770977517,4394.342679833703,4123.103411369788,2295.216096256577,Qcells,Alice2018Test,S1,144,low-power,24
5,22321.0,10967.785734421708,542.4995953578904,10967.785734421708,594.0376544815971,0.01550408764756402,141965.85288542972,2764.7515186422256,3258.9092130450013,3392.9670775557333,4438.93350924331,3797.648096670619,1882.1551137856536,Qcells,Alice2018Test,S1,144,low-power,24
6,22321.0,10447.822321948084,689.4704083956116,10447.822321948084,632.1843992621313,0.016313427173589284,134642.40044875254,3211.095989842947,3966.320257121217,3932.1592031016994,4355.626121893843,3548.2533806704355,1811.667395434127,Qcells,Alice2018Test,S1,144,low-power,24
7,22177.0,14478.032630068017,583.092509204338,14478.032630068017,547.204587851631,0.05312755622779502,127487.57102854604,7293.8916508465345,9086.475400905792,8222.933390988708,6262.18023159709,5290.2202294366125,4370.244843682056,Qcells,Alice2018Test,S1,144,low-power,24
8,22177.0,24418.077967143457,583.4372860313817,24418.077967143457,522.9325558871834,0.016115272263260212,124483.67574053399,12785.485984683417,13142.474767725656,11221.584014398135,8564.58472493062,9027.878599779966,7894.592118195994,Qcells,Alice2018Test,S1,144,low-power,24
9,21834.0,13308.965758893075,348.5395307011497,13308.965758893075,371.8404528503181,0.05068950142040831,127222.17482740089,6604.441631468148,7034.9261397402715,6141.858366326008,7739.529364915464,7823.442195468161,6529.742634512889,Qcells,Alice2018Test,S1,144,low-power,24
10,21747.0,24912.229483886564,536.5344471211515,24912.229483886564,514.6767306082417,0.009050958134650754,128066.65505351448,11151.665893167296,13661.912024854833,12337.849208051999,6244.986154761996,6731.5238904880025,5775.42533287871,Qcells,Alice2018Test,S1,144,low-power,24
11,21603.0,19100.43364734412,444.66708169518125,19100.43364734412,479.0937401664021,0.028849509383117384,139342.81695180584,8286.627790108101,8262.016144774585,7840.936984862623,3817.950697348676,3254.0053689047754,2578.9850878205957,Qcells,Alice2018Test,S1,144,low-power,24
12,21544.0,8673.955600150597,494.12798442006067,8673.955600150597,511.5480870660454,0.039166568572589724,139795.68987405332,3251.14241733219,3829.0716235370733,3275.461342923285,4092.6495522726495,3275.914020903767,1581.0906007147744,Qcells,Alice2018Test,S1,144,low-power,24
13,21592.0,14678.834471388998,538.1353708279672,14678.834471388998,500.5275160464821,0.0040285945900640436,133563.8150735292,7973.404517610813,8670.792100332628,5838.891449738645,4828.835458982125,4189.751919880651,3785.924247107745,Qcells,Alice2018Test,S1,144,low-power,24
14,21804.0,49442.175593774664,518.7420924945142,49442.175593774664,736.5287159673649,0.019705066372837244,129917.53221706842,26350.046430447994,34220.36487895181,31108.359024740133,13383.076081640316,13248.074373224228,13550.719872935784,Qcells,Alice2018Test,S1,144,low-power,24
15,21889.0,32385.53164367057,424.3956549928323,32385.53164367057,436.6926223305049,0.009948621373998266,137128.40556610856,26081.27063802991,26096.62596742848,25667.903076729508,13934.649430836507,15342.395541504611,12598.402368045256,Qcells,Alice2018Test,S1,144,low-power,24
16,22033.0,16271.06913164281,364.72209690662294,16271.06913164281,394.77621643433764,0.05234642314167709,139567.81461889212,9392.279617991117,8487.17436903722,8766.296310087058,6417.639169548218,6258.009334973652,5287.9610861376395,Qcells,Alice2018Test,S1,144,low-power,24
17,22033.0,8419.263902451266,306.07802214810033,8419.263902451266,374.1336229994747,0.009691664655368784,140658.57879997682,5942.457798839103,6117.187380455708,6057.971161648342,4991.315922163195,3679.6441497348646,3226.98882646632,Qcells,Alice2018Test,S1,144,low-power,24
18,21915.0,11156.344719316587,882.3481402081256,11156.344719316587,693.1194392615733,0.0209693943592377,138729.18533040842,5527.017747132699,5209.056800650931,4438.359518988145,4303.294342200747,3268.8484297054283,1921.6950397130545,Qcells,Alice2018Test,S1,144,low-power,24
19,21735.0,27369.237856235937,964.5273338564734,27369.237856235937,707.9782705837296,0.007148680756836759,133097.66866192204,10073.327512556425,11640.04217675551,9156.467866644847,5391.114374700814,5248.453041062433,3901.553883085393,Qcells,Alice2018Test,S1,144,low-power,24
20,21805.0,26795.021102036102,492.1929496997865,26795.021102036102,534.8731385086512,0.005209000839160915,132330.70579668213,15279.998362871509,15212.32977698472,13332.889119618398,12104.589109797134,12154.097831510258,10840.841570787736,Qcells,Alice2018Test,S1,144,low-power,24
21,21889.0,58576.81596341627,520.3008956818387,58576.81596341627,807.416185046358,0.015536005109123086,131199.42326480563,38246.84189055787,43212.64035325885,39654.350173579165,18105.94221386525,17858.50710308875,18510.53219439397,Qcells,Alice2018Test,S1,144,low-power,24
22,21889.0,339305.4626420541,12220.662251134623,339305.4626420541,2777.017474805087,0.03558493740517504,92649.86455411227,39520.83220675825,48716.1436906779,48282.77387452009,19631.11023588811,19973.614737332522,19421.215065995646,Qcells,Alice2018Test,S1,144,low-power,24
23,12967.0,28826.490296552332,1107.5852514186342,28826.490296552332,798.3024498315746,0.03076250795368887,113978.1332340956,26563.26861903727,24981.751881114276,22405.947141354118,13614.119854674092,14435.699128301883,13638.922644836277,Qcells,Alice2018Test,S1,144,low-power,24
0,41311.0,23135.57150327784,1011.512025726203,23135.57150327784,1139.5166266582066,0.04224414473066179,260286.6725456342,11667.563166113974,14108.16500252785,12155.365888169285,9378.298120815025,8054.281542105748,5547.052126450247,Qcells,Alice2018Test,S1,144,low-power,48
1,44874.0,61498.802057795896,775.0732513599012,61498.802057795896,1138.3430836529935,0.08535862656390857,277863.2271570168,35629.29777458402,38502.999500323866,36927.71132553525,21827.292594484097,22127.576451379504,21451.70102413143,Qcells,Alice2018Test,S1,144,low-power,48
2,44642.0,34229.96953000361,1051.5612895205093,34229.96953000361,1146.6693994733882,0.03096050821318362,284995.1497576653,8669.815356339399,8330.0671410495,8955.461848533256,8833.276189077018,7920.751508040399,4177.371210042227,Qcells,Alice2018Test,S1,144,low-power,48
3,44498.0,24925.854952016103,1272.5629175999495,24925.854952016103,1179.3889871137615,0.06944098340138455,262129.9714772992,10504.987640689487,13052.795658027007,12155.092594090413,10617.806353490936,8838.473610107047,6181.912239116188,Qcells,Alice2018Test,S1,144,low-power,48
4,44011.0,37727.04372603658,931.9768167325312,37727.04372603658,894.7730087375013,0.06680477368366909,251705.8505679354,19389.927616151577,20177.40090746592,17363.442380724136,16304.114089846096,16851.32079524813,14424.33475270888,Qcells,Alice2018Test,S1,144,low-power,48
5,43350.0,44012.66313123069,981.2015288163326,44012.66313123069,993.7704707746447,0.03790046751776812,267409.47200532054,19438.29368327541,21923.928169629413,20178.786192914617,10062.936852110675,9985.529259392784,8354.410420699302,Qcells,Alice2018Test,S1,144,low-power,48
6,43136.0,23352.79007153959,1032.2633552480277,23352.79007153959,1012.0756031125281,0.04319516316265397,273359.5049475841,11224.546934942999,12499.863723869705,9114.352792661939,8921.485011254774,7465.665940784415,5367.014847822519,Qcells,Alice2018Test,S1,144,low-power,48
7,43693.0,81827.70723744523,943.1377474873468,81827.70723744523,1173.2213382978707,0.029653687746835324,267045.9377831787,52431.317068477954,60316.99084638026,56776.26210146959,27317.72551247684,28590.469914728845,26149.122240981033,Qcells,Alice2018Test,S1,144,low-power,48
8,44066.0,24690.333034094052,670.8001190547233,24690.333034094052,768.9098394338123,0.062038087797046296,280226.3934188711,15334.737416830229,14604.361749492928,14824.26747173539,11408.955091711416,9937.653484708519,8514.949912603954,Qcells,Alice2018Test,S1,144,low-power,48
9,43650.0,38525.5825755525,1846.8754740645975,38525.5825755525,1401.0977098453031,0.028118075116074497,271826.85399233294,15600.345259689118,16849.098977406436,13594.827385632989,9694.408716901553,8517.301470767865,5823.248922798451,Qcells,Alice2018Test,S1,144,low-power,48
10,43694.0,85371.83706545233,1012.493845381625,85371.83706545233,1342.2893235550089,0.020745005948284042,263530.12906148814,53526.84025342939,58424.970130243535,52987.23929319755,30210.531323662377,30012.604934598996,29351.373765181703,Qcells,Alice2018Test,S1,144,low-power,48
11,34856.0,368131.9529386065,13328.247502553264,368131.9529386065,3575.3199246366635,0.06634744535886422,206627.9977882082,66084.10082579554,73697.89557179218,70688.72101587418,33245.23009056225,34409.31386563447,33060.13771083193,Qcells,Alice2018Test,S1,144,low-power,48
0,63864.0,60393.30222469646,1408.6059343739166,60393.30222469646,1784.906264119935,0.07297401355427956,395621.23899461055,34448.829488801035,39962.162151108554,35846.667710053975,23259.640407391915,22275.500585389585,20250.289986178606,Qcells,Alice2018Test,S1,144,low-power,72
1,66963.0,58471.040866380754,1429.540632232696,58471.040866380754,1639.622845664653,0.08558926595347335,427523.81046570616,21517.846808236354,20979.069492792576,22191.871352183734,16779.226496984214,15827.108916136058,10925.834374445296,Qcells,Alice2018Test,S1,144,low-power,72
2,66675.0,49343.93291915952,1856.0002036313326,49343.93291915952,1702.3215430009443,0.0855562556646443,386613.64721783355,23290.473625372917,26195.270425752686,23376.67660848855,19182.391078421544,17866.352209886994,14076.504357312184,Qcells,Alice2018Test,S1,144,low-power,72
3,65184.0,57321.62889012382,1329.741059517483,57321.62889012382,1365.6109236249636,0.08858996893817606,394631.6468327211,26042.735314743546,28958.85430936971,26320.64455924063,17802.466217026144,17808.97145486094,14884.153055212193,Qcells,Alice2018Test,S1,144,low-power,72
4,64940.0,72794.9656653143,1551.0054477425417,72794.9656653143,1748.604319079893,0.06290022953549142,403277.0371646535,37574.593365390974,46720.228602821524,40222.711817402094,22304.561092895114,20713.740314008643,18917.734720758275,Qcells,Alice2018Test,S1,144,low-power,72
5,65955.0,57075.86467776459,1095.1957740475561,57075.86467776459,1205.602461764319,0.0719867091710432,417354.79898497515,41416.0080548601,40700.98771692142,40492.17054846494,25343.604522547936,25280.04902621317,21113.352280649204,Qcells,Alice2018Test,S1,144,low-power,72
6,65455.0,65320.60367758858,2339.068423764382,65320.60367758858,1935.9708483539537,0.0333270759552353,404157.5597890169,30880.343622560642,32061.42875439115,26927.716505251414,21798.997826698713,20671.399302278096,16664.09049358619,Qcells,Alice2018Test,S1,144,low-power,72
7,56745.0,426708.76890202286,13848.548398235102,426708.76890202286,4382.736109683019,0.08188345046798694,337827.4210530122,104330.9427163534,116910.53592505088,110343.07118945324,51351.17230442753,52267.82096872312,51570.669905225834,Qcells,Alice2018Test,S1,144,low-power,72
0,30529.0,21048.20403078258,1146.2582223728532,21048.20403078258,1171.7770796331183,657.1166216782522,205235.59442131576,12367.06965190698,14381.123591232968,13338.307918056096,13577.255905322549,13543.139052789285,10460.231335915907,Qcells,Alice2018Test,S2,144,full,24
1,40897.0,33868.62711436597,2751.180309183095,33868.62711436597,3007.763593962845,2431.123490231561,294596.8793026045,17177.81462580273,19806.25876250726,19801.05717051462,23216.8350458797,25086.521956984252,21614.874574258945,Qcells,Alice2018Test,S2,144,full,24
2,40897.0,89963.34839989833,2118.037139821448,89963.34839989833,2615.249769586455,2683.7401027151195,306942.9869904563,83092.14333361898,82961.76439913517,74598.06076135284,66163.45329457926,74221.24117542616,67130.13036375292,Qcells,Alice2018Test,S2,144,full,24
3,40897.0,79941.66812464727,2507.0412853531116,79941.66812464727,3253.6850588253483,2437.8633470699106,327607.095926649,72777.49625563736,82329.64001672399,76083.30943291615,69416.06784991354,75068.04066981991,67256.8781709807,Qcells,Alice2018Test,S2,144,full,24
4,40897.0,48755.41544059398,1215.9865071325364,48755.41544059398,1540.5177448646625,1603.340232410638,331249.19417344214,16605.24632212467,15158.133757528507,15923.143020367872,17181.307073826785,19700.944661830847,13023.333884485006,Qcells,Alice2018Test,S2,144,full,24
5,40897.0,25412.947134306134,994.9532477611253,25412.947134306134,1217.2467583530508,56.736822022466285,327171.21741575137,10764.224257616712,12799.18415340028,13936.136507956577,16095.050874862,16927.934360726762,13288.516837073428,Qcells,Alice2018Test,S2,144,full,24
6,40897.0,28590.570037449375,1260.4665719480213,28590.570037449375,1397.1739319987432,260.5683402169772,310278.1392426548,14444.822136708599,17371.014510180503,17162.418224847475,20874.247633607098,20923.98961165961,18258.809125469033,Qcells,Alice2018Test,S2,144,full,24
7,40897.0,39019.247147971975,1644.7386231869837,39019.247147971975,1537.5989986716056,607.3074590892904,296530.8753007727,21479.37681798821,25145.4837415832,25308.68406692147,29373.20363503519,31625.27437322802,27066.39881631507,Qcells,Alice2018Test,S2,144,full,24
8,40897.0,60369.31744100613,1345.920764272797,60369.31744100613,1285.494102790952,449.0608102029329,289393.65301840147,41810.62636769542,35659.41081612105,29974.732271194312,32942.63977930021,42642.25984463523,30439.47355468087,Qcells,Alice2018Test,S2,144,full,24
9,40753.0,55404.37991997148,1006.0259019464418,55404.37991997148,1383.6312072506269,140.43366294380988,300024.17991966306,38052.00959472687,39153.57720849053,35948.43727273779,44355.70849045381,53465.48696442064,37872.81434591974,Qcells,Alice2018Test,S2,144,full,24
10,40755.0,66304.77048529031,1495.977373141752,66304.77048529031,1812.5627305569558,518.8385751616596,303736.99434563494,40954.14858164148,42981.74393833032,40725.294668416675,42294.34422500294,51471.7000096241,37190.9091199855,Qcells,Alice2018Test,S2,144,full,24
11,40753.0,39717.68797210337,1882.6774579591067,39717.68797210337,2111.8124695862266,1277.8537595867992,331302.4450695673,26244.70659426614,28931.22507800795,26859.29786547507,22939.52636617328,23923.424985001864,27760.374092976468,Qcells,Alice2018Test,S2,144,full,24
12,40611.0,28596.85422976835,1453.895278275702,28596.85422976835,1777.8736473660242,797.5043299393648,331947.01531890145,16450.566860010462,20250.86395101861,18439.988118404686,24140.94611428281,24599.5656455982,22100.516463908163,Qcells,Alice2018Test,S2,144,full,24
13,40553.0,44112.15401005318,2711.4325779948663,44112.15401005318,2614.8334459303364,1770.7255056124777,314569.7616653981,22548.586627063763,23952.18075303512,20663.91103540508,25833.44947275812,29521.813111472737,24091.83200577092,Qcells,Alice2018Test,S2,144,full,24
14,40812.0,106141.09892594235,3272.3013022891223,106141.09892594235,3266.1746405864483,2942.102197950419,311536.8378130495,57384.72257335331,67232.26564009006,63145.789756570346,56975.064047680986,65422.75884133483,57785.15168941145,Qcells,Alice2018Test,S2,144,full,24
15,40897.0,133951.1335907096,3385.6708153499685,133951.1335907096,3377.7583893090427,3335.6893035207236,322685.11796798185,92544.90341127635,97926.78732222007,95411.22706582063,82256.88453436876,94396.3879535599,74195.18106241697,Qcells,Alice2018Test,S2,144,full,24
16,40897.0,60530.92516882755,2319.732327549863,60530.92516882755,2599.5784323346084,2167.4513690206068,325063.4170099924,28170.09585351679,31323.159607182624,32648.06023110914,35707.06166030444,42635.99438286022,32748.52735634478,Qcells,Alice2018Test,S2,144,full,24
17,40897.0,30543.888776047923,1341.8894507974805,30543.888776047923,1626.372178283048,184.45436112645277,327230.9110990394,28731.638729903218,31101.687095515856,27974.886899320052,29695.117862169533,28479.247766607266,32524.910279184685,Qcells,Alice2018Test,S2,144,full,24
18,40897.0,29386.540329207524,2018.2546740124271,29386.540329207524,1885.5271804153278,960.488400241196,322971.72438652546,19299.11625615834,20734.11841115052,18995.032839916716,21587.44828786584,21320.668898152722,21570.09798463246,Qcells,Alice2018Test,S2,144,full,24
19,40695.0,66320.9692374212,1804.7147139970987,66320.9692374212,1580.9222772809032,662.5602442298436,309053.77081451484,24585.039090635386,27318.885273379754,25235.954701446626,26950.31467875011,32553.097735113417,24995.20474144571,Qcells,Alice2018Test,S2,144,full,24
20,40813.0,85928.26960989113,2196.8211552859257,85928.26960989113,2220.7933801653853,436.6366754076614,308476.56178647804,70999.70869582411,63717.051029793896,54794.75635236594,56678.506096316014,66185.51145896359,53344.46160681714,Qcells,Alice2018Test,S2,144,full,24
21,40897.0,148397.38935205602,2576.150099962219,148397.38935205602,2779.401778140163,115.23177197635827,307094.4932117783,127793.13211442834,126962.0954751322,118316.7849918198,94590.28864313902,95132.71571714734,96251.84993740273,Qcells,Alice2018Test,S2,144,full,24
22,40897.0,481822.4910297644,27840.66796606956,481822.4910297644,20920.56115318551,20635.459370380282,259572.23568110875,116504.6108751453,119501.93848094888,120244.48683928038,94409.78847101319,90415.75911387132,95453.33419887845,Qcells,Alice2018Test,S2,144,full,24
23,30550.0,126938.59346587161,14644.41313542915,126938.59346587161,15373.036272678013,25312.17743767769,299480.2036594204,111704.97977945697,108681.73698510008,102182.97644309593,83688.42299427647,93017.25355603811,84500.52662815205,Qcells,Alice2018Test,S2,144,full,24
0,71426.0,54916.83114514855,3897.4385315559516,54916.83114514855,4179.540673595964,3088.240111909814,499832.4737239198,29544.884277709727,34187.38235374028,33139.36508857072,36794.09095120228,38629.66100977357,32075.105910174858,Qcells,Alice2018Test,S2,144,full,48
1,81794.0,169905.01652454562,4625.078425174562,169905.01652454562,5868.934828411805,5121.60344978503,634550.0829171048,155869.63958925664,165291.4044158592,150681.3701942689,135579.52114449296,149289.28184524624,134387.00853473364,Qcells,Alice2018Test,S2,144,full,48
2,81794.0,74168.36257490017,2210.939754893665,74168.36257490017,2757.764503217713,1660.0770544331046,658420.4115891933,27369.470579741388,27957.317910928792,29859.279528324467,33276.357948688776,36628.87902255763,26311.85072155844,Qcells,Alice2018Test,S2,144,full,48
3,81794.0,67609.81718542131,2905.2051951350054,67609.81718542131,2934.772930670346,867.8757993062674,606809.0145434265,35924.19895469678,42516.498251763725,42471.10229176903,50247.451268642326,52549.26398488766,45325.207941784094,Qcells,Alice2018Test,S2,144,full,48
4,81650.0,115773.69736097769,2351.946666219238,115773.69736097769,2669.125310041577,589.4944731467439,589417.832938064,79862.63596242231,74812.98802461156,65923.16954393216,77298.34826975397,96107.74680905587,68312.28790060061,Qcells,Alice2018Test,S2,144,full,48
5,81508.0,106022.45845739373,3378.654831100859,106022.45845739373,3924.375200143183,1796.6923347484578,635039.4394152028,67198.85517590759,71912.96901633817,67584.59253389173,65233.87059117618,75395.12499462586,64951.28321296196,Qcells,Alice2018Test,S2,144,full,48
6,81164.0,72709.00823982156,4165.327856270569,72709.00823982156,4392.70709329636,2568.229835551842,646516.7769842991,38999.15348707425,44203.04470405372,39103.899153809776,49974.395587040875,54121.37875707095,46192.348469679084,Qcells,Alice2018Test,S2,144,full,48
7,81709.0,240092.23251665197,6657.9721176390885,240092.23251665197,6643.933029895494,6277.791501471139,634221.9557810321,149929.62598462938,165159.05296231006,158557.01682239093,139231.94858204975,159819.14679489465,131980.33275182848,Qcells,Alice2018Test,S2,144,full,48
8,81794.0,91074.81394487536,3661.6217783473417,91074.81394487536,4225.950610617659,2351.9057301470543,652294.3281090325,56901.73458342,62424.84670269856,60622.9471304292,65402.179522473925,71115.24214946754,65273.43763552942,Qcells,Alice2018Test,S2,144,full,48
9,81592.0,95707.50956662878,3822.9693880095283,95707.50956662878,3466.4494576962284,1623.0486444710393,632025.495201041,43884.155346793676,48053.003684530246,44230.98754136332,48537.762966615956,53873.76663326616,46565.302726078145,Qcells,Alice2018Test,S2,144,full,48
10,81710.0,234325.65896194702,4772.971255248141,234325.65896194702,5000.195158305546,551.8684473840196,615571.0549982559,198792.8408102523,190679.146504926,173111.54134418574,151268.7947394552,161318.22717611073,149596.3115442198,Qcells,Alice2018Test,S2,144,full,48
11,71447.0,608761.0844956362,42485.081101498705,608761.0844956362,36293.59742586356,45947.63680805797,559052.4393405287,228209.59065460225,228183.67546604908,222427.463282376,178098.21146528938,183433.0126699096,179953.86082703044,Qcells,Alice2018Test,S2,144,full,48
0,112323.0,144880.17954504682,6015.4756713774,144880.17954504682,6794.790443182412,5771.980214624927,806775.4607143761,112637.02761132878,117149.1467528755,107737.4258499235,102957.54424578155,112850.90218519965,99205.23627392777,Qcells,Alice2018Test,S2,144,full,72
1,122691.0,154110.03069954718,4717.981040246776,154110.03069954718,6011.449562043068,4097.940401503013,986027.507515842,100146.96683537852,110286.95792765285,105942.5889612405,102692.42579860234,111696.91969237747,93568.72889253925,Qcells,Alice2018Test,S2,144,full,72
2,122691.0,127979.1346264274,4251.1259594078065,127979.1346264274,4220.267033461297,1316.936609509202,896202.6675618277,77734.82532239227,78175.90906788479,72445.83456296338,83190.09104794248,95191.52382952294,75764.681496465,Qcells,Alice2018Test,S2,144,full,72
3,122261.0,161426.83837736552,4384.680733047296,161426.83837736552,5308.006407393806,1937.1259976922674,935063.6193348662,105250.86477063445,111066.54622482868,103533.02980662961,109589.57908163003,128860.61195904651,102824.09755888165,Qcells,Alice2018Test,S2,144,full,72
4,121976.0,178850.10716576388,7437.629158559693,178850.10716576388,7658.881733882808,5510.332033502268,958053.6147973505,96383.8760604276,111435.31034414376,102249.68891038015,106949.45963472182,119544.13759840577,103977.50015909047,Qcells,Alice2018Test,S2,144,full,72
5,122691.0,225025.9475355852,7047.292593697316,225025.9475355852,7603.708999926702,5687.595033667787,974979.4460770139,149446.63799469647,160351.6340249185,156034.1741962498,147659.0640568431,165511.63010302698,139468.61869794663,Qcells,Alice2018Test,S2,144,full,72
6,122405.0,181635.77917652007,6019.790543295451,181635.77917652007,5687.242837861608,2059.6853198787003,940502.0569875182,114883.86404261777,111770.05471432423,99025.74389372923,105216.26906293203,120059.27809222983,99909.76433289537,Qcells,Alice2018Test,S2,144,full,72
7,112344.0,757158.4738476928,45061.23120146091,757158.4738476928,39072.99920400371,46062.86858003432,866146.9325523076,356002.7227690304,355145.77094118187,340744.2482741966,272688.50010842877,278565.728387057,276205.7107644332,Qcells,Alice2018Test,S2,144,full,72
0,11827.0,10335.60179382211,566.9483712443097,10335.60179382211,593.819791280248,657.0948125801358,74681.25096731103,6782.936320372197,7172.258657468038,7322.253567591167,9529.280905438402,10068.109298502482,8682.549711094589,Qcells,Alice2018Test,S2,144,power-active,24
1,18288.0,21445.657848048577,2318.978134585438,21445.657848048577,2446.204255657513,2431.103055184943,164864.55021097447,11094.384791223549,12906.95869374433,13661.745632810262,17886.511924948834,20507.270169165276,17845.504072630007,Qcells,Alice2018Test,S2,144,power-active,24
2,18344.0,52705.617678479764,1720.9432311737341,52705.617678479764,1969.860132124726,2683.7093728462937,171608.42054148152,60310.877010931865,57107.76725055437,50906.758939467996,52282.111008002365,60000.02213214225,52426.89250402466,Qcells,Alice2018Test,S2,144,power-active,24
3,18576.0,55700.596788270064,2129.0619426409253,55700.596788270064,2760.7316126340834,2437.808718312169,185078.43521860676,59929.46480374049,69680.63766498085,62846.89992926562,61470.117542006294,67161.68326172432,60508.41500657766,Qcells,Alice2018Test,S2,144,power-active,24
4,18576.0,25493.231645012074,706.9248129699176,25493.231645012074,987.8859998728711,1603.3247759900746,188219.89730120715,10700.18248442752,10086.975829524014,10360.648249390346,12786.964393993057,15577.84125046105,10728.117788228437,Qcells,Alice2018Test,S2,144,power-active,24
5,18576.0,14445.161399884431,452.45365240323497,14445.161399884431,623.2091038714533,56.72131793481872,185205.36453032168,7999.47273897448,9540.274940355292,10543.169430400852,11656.117365618687,13130.286264056154,11406.361723287768,Qcells,Alice2018Test,S2,144,power-active,24
6,18576.0,18142.747715501293,570.9961635524097,18142.747715501293,764.9895327366124,260.5520267898038,175635.73879390286,11233.726146865662,13404.694253059266,13230.2590217458,16518.621511713274,17375.736230989158,16447.14173003492,Qcells,Alice2018Test,S2,144,power-active,24
7,18720.0,24541.214517903925,1061.6461139826472,24541.214517903925,990.3944108199738,607.2543315330622,169043.3042722261,14185.485167141655,16059.008340677416,17085.75067593278,23111.023403438096,26335.05414379143,22696.153972633012,Qcells,Alice2018Test,S2,144,power-active,24
8,18720.0,35951.239473862646,762.4834782414168,35951.239473862646,762.5615469037689,449.0446949306695,164909.9772778675,29025.140383011993,22516.93604839539,18753.148256796176,24378.055054369583,33614.381244855314,22544.88143648486,Qcells,Alice2018Test,S2,144,power-active,24
9,18777.0,41800.59567898046,654.4878696135197,41800.59567898046,1004.3236487089971,140.38247865112842,171121.36375379213,31195.17974644777,31905.790521755243,29569.755790287953,36289.80212568827,45314.1010661183,31089.81009498812,Qcells,Alice2018Test,S2,144,power-active,24
10,19008.0,41392.541001403726,959.4429260205984,41392.541001403726,1297.8859999487147,518.8295242035251,175670.33929212112,29802.482688474152,29319.831913475446,28387.445460364674,36049.35807024099,44740.17611913609,31415.48378710677,Qcells,Alice2018Test,S2,144,power-active,24
11,19008.0,20394.409390972287,1434.852286033805,20394.409390972287,1626.6149246109078,1277.8247680774032,190115.5766037953,17838.02265615692,20556.868999089194,18902.949315069596,19005.99644796802,20569.20545717886,25087.661516017306,Qcells,Alice2018Test,S2,144,power-active,24
12,19008.0,19919.05519735676,958.0463671295994,19919.05519735676,1263.8911635409631,797.465162321908,192151.32544379876,13195.037817249064,16414.259673539425,15162.62316294217,20040.091915739496,21314.95742183948,20516.707950691212,Qcells,Alice2018Test,S2,144,power-active,24
13,18876.0,29380.115975623576,2170.5389769288236,29380.115975623576,2106.6525470059482,1770.721475506782,181005.9465903571,14554.710041774882,15262.898318025325,14801.155108093493,20983.36706602902,25314.87145694378,20286.36665770853,Qcells,Alice2018Test,S2,144,power-active,24
14,19008.0,56698.92333216763,2753.559209794606,56698.92333216763,2529.6459246190816,2942.082492884046,181619.3055959816,31034.67614290534,33011.90076113829,32037.430731830205,43591.98796604067,52174.68446811063,44234.43181647564,Qcells,Alice2018Test,S2,144,power-active,24
15,19008.0,101565.60194703897,2961.2751603571373,101565.60194703897,2941.0657669785364,3335.6793548993446,185556.71240187305,66463.63277324633,71830.16135479172,69743.32398909115,68322.23510353218,79053.99241205522,61596.77869437175,Qcells,Alice2018Test,S2,144,power-active,24
16,18864.0,44259.8560371847,1955.0102306432404,44259.8560371847,2204.8022159002717,2167.3990225974617,185495.60239110093,18777.816235525665,22835.985238145393,23881.763921022066,29289.422490756264,36377.98504788658,27460.566270207135,Qcells,Alice2018Test,S2,144,power-active,24
17,18864.0,22124.624873596687,1035.8114286493799,22124.624873596687,1252.238555283572,184.44466946179745,186572.33229906298,22789.1809310641,24984.499715060145,21916.915737671705,24703.80194000634,24799.603616872435,29297.92145271837,Qcells,Alice2018Test,S2,144,power-active,24
18,18922.0,18227.129148932116,1134.3512798297684,18227.129148932116,1190.5550212386024,960.4674297801768,184242.53905505076,13770.199079181231,15520.399797053089,14554.868383829113,17280.1833662441,18047.853867325783,19647.402166520398,Qcells,Alice2018Test,S2,144,power-active,24
19,18876.0,38911.60059163263,838.2300115067576,38911.60059163263,867.0662856695726,662.5530940557604,175956.1021510991,14496.194731793345,15664.181021089878,16062.272027492558,21535.727613810835,27289.57111184159,21069.359009127977,Qcells,Alice2018Test,S2,144,power-active,24
20,19008.0,59133.24850785504,1704.6282055861402,59133.24850785504,1685.9202416567318,436.6314664068226,176145.85598979628,55719.71033295266,48504.72125280915,41461.86723274757,44573.916986518954,54031.4136274534,42503.6200360294,Qcells,Alice2018Test,S2,144,power-active,24
21,19008.0,89820.57338863984,2055.84920428038,89820.57338863984,1971.9855930938038,115.21623597124912,175895.06994697236,89546.29022387034,83749.45512187322,78662.43481824051,76484.34642927379,77274.20861405865,77741.31774300871,Qcells,Alice2018Test,S2,144,power-active,24
22,19008.0,142517.0283877108,15620.005714934912,142517.0283877108,18143.543678380418,20635.423785442897,166922.37112699685,76983.77866838683,70785.79479027103,71961.71296476031,74778.67823512522,70442.14437653893,76032.11913288284,Qcells,Alice2018Test,S2,144,power-active,24
23,17441.0,97444.94916234056,13529.772827195638,97444.94916234056,14566.335313465834,25312.146652449737,183585.89637096718,84711.38758783146,83238.27706684927,79302.71777064985,69704.22089121469,78212.26064312975,70509.98121704435,Qcells,Alice2018Test,S2,144,power-active,24
0,30115.0,31781.2596418707,2885.926505829749,31781.2596418707,3040.02404693776,3088.1978677650764,239545.8011782855,17877.32111159573,20079.21735121236,20983.999200401435,27415.79283038722,30575.379467667757,26528.05378372459,Qcells,Alice2018Test,S2,144,power-active,48
1,36920.0,108406.2144667498,3850.0051738146576,108406.2144667498,4730.591744758808,5121.518091158457,356686.8557600879,120240.3418146724,126788.40491553521,113753.65886873366,113752.22855000876,127161.70539386645,112935.30751060232,Qcells,Alice2018Test,S2,144,power-active,48
2,37152.0,39938.393044896475,1159.3784653731532,39938.393044896475,1611.0951037443244,1660.0460939248937,373425.26183152857,18699.655223401995,19627.250769879294,20903.817679791202,24443.081759611716,28708.12751451719,22134.47951151623,Qcells,Alice2018Test,S2,144,power-active,48
3,37296.0,42683.962233405204,1632.6422775350584,42683.962233405204,1755.3839435565865,867.8063583228655,344679.0430661286,25419.211314007356,29463.702593736656,30316.009697678575,39629.64491515141,43710.790374780576,39143.295702667885,Qcells,Alice2018Test,S2,144,power-active,48
4,37497.0,77751.8351528431,1416.9713478549374,77751.8351528431,1766.8851956127642,589.4271735817971,336031.3410316592,60220.32012945973,54422.72657015061,48322.9040470841,60667.85718005782,78928.48231097366,53634.691531472934,Qcells,Alice2018Test,S2,144,power-active,48
5,38016.0,61786.95039237596,2394.2952120544005,61786.95039237596,2924.5009245596225,1796.654292280928,365785.9158959157,47640.50534463114,49876.700912564695,47290.39477543421,55055.35451820901,65309.38157631491,56503.145303124045,Qcells,Alice2018Test,S2,144,power-active,48
6,37884.0,49299.17117298031,3128.585344058425,49299.17117298031,3370.543710546912,2568.1866378286904,373157.27203415567,27749.747859023963,31677.15799156476,29963.77827103567,41023.45898176851,46629.82887878328,40803.0746083998,Qcells,Alice2018Test,S2,144,power-active,48
7,38016.0,158264.52527920663,5714.83437015175,158264.52527920663,5470.711691597624,6277.761847783388,367176.0179978547,97498.30891615161,104842.06211592993,101780.75472092134,111914.22306957275,131228.6768801658,105831.21051084732,Qcells,Alice2018Test,S2,144,power-active,48
8,37728.0,66384.4809107814,2990.821659292623,66384.4809107814,3457.040771183843,2351.843692059255,372067.9346901642,41566.99716658981,47820.48495320556,45798.67965869376,53993.224430762624,61177.58866475898,56758.48772292546,Qcells,Alice2018Test,S2,144,power-active,48
9,37798.0,57138.72974056476,1972.581291336526,57138.72974056476,2057.6213069081764,1623.0205238359383,360198.64120615023,28266.393810974558,31184.580818142975,30617.14041132167,38815.91098005493,45337.424979167365,40716.761175648324,Qcells,Alice2018Test,S2,144,power-active,48
10,38016.0,148953.82189649466,3760.4774098665193,148953.82189649466,3657.905834750536,551.8477023780716,352040.9259367686,145266.00055682307,132254.17637468234,120124.30205098802,121058.26341579274,131305.62224151197,120244.93777903817,Qcells,Alice2018Test,S2,144,power-active,48
11,36449.0,239961.97755005144,29149.778542130553,239961.97755005144,32709.878991846275,45947.570437892595,350508.2674979639,161695.1662562183,154024.07185712026,151264.43073541016,144482.89912633976,148654.4050196686,146542.10034992712,Qcells,Alice2018Test,S2,144,power-active,48
0,48459.0,84486.87732035045,4606.869737003484,84486.87732035045,5009.884179062478,5771.907240611364,411154.22171976685,78188.19812252762,77186.98460176673,71890.75813986943,79697.9038383897,90575.40159980996,78954.94628774922,Qcells,Alice2018Test,S2,144,power-active,72
1,55728.0,95638.98983316646,3288.4404080140794,95638.98983316646,4371.826716378409,4097.854812237058,558503.6970501366,78629.12002714245,89307.88843486001,83750.71760905693,85913.19930161814,95869.81077624152,82642.89451809357,Qcells,Alice2018Test,S2,144,power-active,72
2,56016.0,78635.20170726793,2395.125755776472,78635.20170726793,2517.9454904603563,1316.8510532535342,509589.02034399577,54444.35169701937,51980.63864213198,49069.157954474766,64007.6999695209,77325.17161963589,61688.1771391527,Qcells,Alice2018Test,S2,144,power-active,72
3,56793.0,103587.54607135644,3048.783081667921,103587.54607135644,3928.8245732686205,1937.0367709320562,536907.2796497081,78835.6850910788,81782.49143432,76860.15056572226,91345.15664389722,110623.48264243314,87592.9553981122,Qcells,Alice2018Test,S2,144,power-active,72
4,56892.0,105998.09450514802,5882.14455385303,105998.09450514802,5900.189635165988,5510.269130712744,554776.5776301376,58784.424001929285,64689.058752703095,62001.209002865886,84615.44694780918,98804.5133468939,85037.50642487545,Qcells,Alice2018Test,S2,144,power-active,72
5,56736.0,167950.0828578205,5952.096819649761,167950.0828578205,6398.106538162386,5687.523046958615,557624.6470920364,108030.62993983619,119650.64630799736,115542.00364778478,122315.4595342949,140231.58107681404,118355.26641729719,Qcells,Alice2018Test,S2,144,power-active,72
6,56806.0,116271.97824841991,3677.2094969226628,116271.97824841991,3743.541548564912,2059.651990242763,536344.4971959459,83986.10414392716,79689.3020709522,72079.00764406915,83389.82796657384,99368.83860662067,83220.38121167776,Qcells,Alice2018Test,S2,144,power-active,72
7,55457.0,329782.55093869095,31205.627746410948,329782.55093869095,34681.86458494007,46062.78667386385,526403.337444937,251241.4564800886,237773.5269789933,229926.86555365057,220967.24555561354,225928.61363372728,224283.4180929359,Qcells,Alice2018Test,S2,144,power-active,72
0,18702.0,10712.602236960453,579.3098511285441,10712.602236960453,577.9572883528712,0.021809098116424404,130554.34345400438,5584.1333315347865,7208.864933764913,6016.054350464926,4047.9749998841594,3475.029754286811,1777.6816248213124,Qcells,Alice2018Test,S2,144,low-power,24
1,22609.0,12422.969266317392,432.20217459765905,12422.969266317392,561.5593383053368,0.020435046614236955,129732.32909163025,6083.429834579183,6899.300068762939,6139.3115377043605,5330.323120930863,4579.251787818936,3769.370501628928,Qcells,Alice2018Test,S2,144,low-power,24
2,22553.0,37257.73072141863,397.09390864771404,37257.73072141863,645.3896374617294,0.03072986882361819,135334.56644897422,22781.26632268708,25853.99714858075,23691.301821884706,13881.34228657687,14221.219043283854,14703.237859728353,Qcells,Alice2018Test,S2,144,low-power,24
3,22321.0,24241.071336377252,377.97934271218685,24241.071336377252,492.95344619126456,0.05462875774029071,142528.66070804134,12848.031451896954,12649.002351743118,13236.409503650533,7945.950307907226,7906.357408095623,6748.463164403082,Qcells,Alice2018Test,S2,144,low-power,24
4,22321.0,23262.183795581892,509.0616941626183,23262.183795581892,552.6317449917907,0.015456420565619728,143029.29687223505,5905.06383769716,5071.157928004501,5562.494770977517,4394.342679833703,4123.103411369788,2295.216096256577,Qcells,Alice2018Test,S2,144,low-power,24
5,22321.0,10967.785734421708,542.4995953578904,10967.785734421708,594.0376544815971,0.01550408764756402,141965.85288542972,2764.7515186422256,3258.9092130450013,3392.9670775557333,4438.93350924331,3797.648096670619,1882.1551137856536,Qcells,Alice2018Test,S2,144,low-power,24
6,22321.0,10447.822321948084,689.4704083956116,10447.822321948084,632.1843992621313,0.016313427173589284,134642.40044875254,3211.095989842947,3966.320257121217,3932.1592031016994,4355.626121893843,3548.2533806704355,1811.667395434127,Qcells,Alice2018Test,S2,144,low-power,24
7,22177.0,14478.032630068017,583.092509204338,14478.032630068017,547.204587851631,0.05312755622779502,127487.57102854604,7293.8916508465345,9086.475400905792,8222.933390988708,6262.18023159709,5290.2202294366125,4370.244843682056,Qcells,Alice2018Test,S2,144,low-power,24
8,22177.0,24418.077967143457,583.4372860313817,24418.077967143457,522.9325558871834,0.016115272263260212,124483.67574053399,12785.485984683417,13142.474767725656,11221.584014398135,8564.58472493062,9027.878599779966,7894.592118195994,Qcells,Alice2018Test,S2,144,low-power,24
9,21976.0,13603.784240991035,351.5380323329216,13603.784240991035,379.3075585416295,0.051184292681381374,128902.81616587064,6856.829848279106,7247.786686735253,6378.681482449857,8065.906364765537,8151.385898302335,6783.004250931648,Qcells,Alice2018Test,S2,144,low-power,24
10,21747.0,24912.229483886564,536.5344471211515,24912.229483886564,514.6767306082417,0.009050958134650754,128066.65505351448,11151.665893167296,13661.912024854833,12337.849208051999,6244.986154761996,6731.5238904880025,5775.42533287871,Qcells,Alice2018Test,S2,144,low-power,24
11,21745.0,19323.278581131082,447.82517192530173,19323.278581131082,485.19754497531983,0.02899150939660666,141186.8684657722,8406.683938109216,8374.356078918736,7956.348550405516,3933.529918205251,3354.219527822991,2672.712576959171,Qcells,Alice2018Test,S2,144,low-power,24
12,21603.0,8677.799032411565,495.84891114610207,8677.799032411565,513.9824838250635,0.0391676174562359,139795.6898751025,3255.5290427614027,3836.604277479196,3277.3649554625076,4100.854198543296,3284.6082237586966,1583.8085132169651,Qcells,Alice2018Test,S2,144,low-power,24
13,21677.0,14732.038034429608,540.8936010660437,14732.038034429608,508.1808989243867,0.0040301056936223635,133563.8150750403,7993.876585288884,8689.282435009796,5862.755927311573,4850.0824067290905,4206.941654528942,3805.4653480623883,Qcells,Alice2018Test,S2,144,low-power,24
14,21804.0,49442.175593774664,518.7420924945142,49442.175593774664,736.5287159673649,0.019705066372837244,129917.53221706842,26350.046430447994,34220.36487895181,31108.359024740133,13383.076081640316,13248.074373224228,13550.719872935784,Qcells,Alice2018Test,S2,144,low-power,24
15,21889.0,32385.53164367057,424.3956549928323,32385.53164367057,436.6926223305049,0.009948621373998266,137128.40556610856,26081.27063802991,26096.62596742848,25667.903076729508,13934.649430836507,15342.395541504611,12598.402368045256,Qcells,Alice2018Test,S2,144,low-power,24
16,22033.0,16271.06913164281,364.72209690662294,16271.06913164281,394.77621643433764,0.05234642314167709,139567.81461889212,9392.279617991117,8487.17436903722,8766.296310087058,6417.639169548218,6258.009334973652,5287.9610861376395,Qcells,Alice2018Test,S2,144,low-power,24
17,22033.0,8419.263902451266,306.07802214810033,8419.263902451266,374.1336229994747,0.009691664655368784,140658.57879997682,5942.457798839103,6117.187380455708,6057.971161648342,4991.315922163195,3679.6441497348646,3226.98882646632,Qcells,Alice2018Test,S2,144,low-power,24
18,21975.0,11159.411180275416,883.9033941826593,11159.411180275416,694.9721591767258,0.020970461020573,138729.18533147537,5528.917176977096,5213.718614097421,4440.164456087608,4307.264921621731,3272.8150308269546,1922.695818112039,Qcells,Alice2018Test,S2,144,low-power,24
19,21819.0,27409.368645788563,966.4847024903418,27409.368645788563,713.8559916113298,0.0071501740827061505,133097.6686634154,10088.844358842023,11654.704252289863,9173.682673954052,5414.587064939302,5263.526623271854,3925.8457323177445,Qcells,Alice2018Test,S2,144,low-power,24
20,21805.0,26795.021102036102,492.1929496997865,26795.021102036102,534.8731385086512,0.005209000839160915,132330.70579668213,15279.998362871509,15212.32977698472,13332.889119618398,12104.589109797134,12154.097831510258,10840.841570787736,Qcells,Alice2018Test,S2,144,low-power,24
21,21889.0,58576.81596341627,520.3008956818387,58576.81596341627,807.416185046358,0.015536005109123086,131199.42326480563,38246.84189055787,43212.64035325885,39654.350173579165,18105.94221386525,17858.50710308875,18510.53219439397,Qcells,Alice2018Test,S2,144,low-power,24
22,21889.0,339305.4626420541,12220.662251134623,339305.4626420541,2777.017474805087,0.03558493740517504,92649.86455411227,39520.83220675825,48716.1436906779,48282.77387452009,19631.11023588811,19973.614737332522,19421.215065995646,Qcells,Alice2018Test,S2,144,low-power,24
23,13109.0,29493.644303531055,1114.6403082335182,29493.644303531055,806.700959212185,0.030785227952540836,115894.30728845319,26993.592191625492,25443.45991825086,22880.258672446136,13984.202103061722,14804.99291290854,13990.545411107687,Qcells,Alice2018Test,S2,144,low-power,24
0,41311.0,23135.57150327784,1011.512025726203,23135.57150327784,1139.5166266582066,0.04224414473066179,260286.6725456342,11667.563166113974,14108.16500252785,12155.365888169285,9378.298120815025,8054.281542105748,5547.052126450247,Qcells,Alice2018Test,S2,144,low-power,48
1,44874.0,61498.802057795896,775.0732513599012,61498.802057795896,1138.3430836529935,0.08535862656390857,277863.2271570168,35629.29777458402,38502.999500323866,36927.71132553525,21827.292594484097,22127.576451379504,21451.70102413143,Qcells,Alice2018Test,S2,144,low-power,48
2,44642.0,34229.96953000361,1051.5612895205093,34229.96953000361,1146.6693994733882,0.03096050821318362,284995.1497576653,8669.815356339399,8330.0671410495,8955.461848533256,8833.276189077018,7920.751508040399,4177.371210042227,Qcells,Alice2018Test,S2,144,low-power,48
3,44498.0,24925.854952016103,1272.5629175999495,24925.854952016103,1179.3889871137615,0.06944098340138455,262129.9714772992,10504.987640689487,13052.795658027007,12155.092594090413,10617.806353490936,8838.473610107047,6181.912239116188,Qcells,Alice2018Test,S2,144,low-power,48
4,44153.0,38021.86220813457,934.9753183643028,38021.86220813457,902.2401144288125,0.06729956494464207,253386.49190640508,19642.31583296254,20390.261454460902,17600.265496847984,16630.491089696163,17179.264498082306,14677.596369127636,Qcells,Alice2018Test,S2,144,low-power,48
5,43492.0,44235.50806501766,984.3596190464528,44235.50806501766,999.8742755835617,0.03804246753125735,269253.5235192866,19558.34983127651,22036.26810377355,20294.19775845749,10178.516072967244,10085.743418311002,8448.137909837871,Qcells,Alice2018Test,S2,144,low-power,48
6,43280.0,23409.837066841184,1036.7425122121451,23409.837066841184,1022.16338274945,0.04319772314985826,273359.5049501445,11249.405628050285,12525.886712488998,9140.12088277409,8950.936605272389,7491.549878287635,5389.273861279354,Qcells,Alice2018Test,S2,144,low-power,48
7,43693.0,81827.70723744523,943.1377474873468,81827.70723744523,1173.2213382978707,0.029653687746835324,267045.9377831787,52431.317068477954,60316.99084638026,56776.26210146959,27317.72551247684,28590.469914728845,26149.122240981033,Qcells,Alice2018Test,S2,144,low-power,48
8,44066.0,24690.333034094052,670.8001190547233,24690.333034094052,768.9098394338123,0.062038087797046296,280226.3934188711,15334.737416830229,14604.361749492928,14824.26747173539,11408.955091711416,9937.653484708519,8514.949912603954,Qcells,Alice2018Test,S2,144,low-power,48
9,43794.0,38568.779826063954,1850.3880966729987,38568.779826063954,1408.8281507880558,0.028120635103279217,271826.8539948934,15617.761535819116,16868.42286638728,13613.84713004166,9721.85198656103,8536.341654098813,5848.541550429784,Qcells,Alice2018Test,S2,144,low-power,48
10,43694.0,85371.83706545233,1012.493845381625,85371.83706545233,1342.2893235550089,0.020745005948284042,263530.12906148814,53526.84025342939,58424.970130243535,52987.23929319755,30210.531323662377,30012.604934598996,29351.373765181703,Qcells,Alice2018Test,S2,144,low-power,48
11,34998.0,368799.1069455851,13335.30255936814,368799.1069455851,3583.718434017277,0.06637016535771592,208544.17184256573,66514.42439838375,74159.60360892877,71163.03254696625,33615.31233894989,34778.6076502411,33411.76047710335,Qcells,Alice2018Test,S2,144,low-power,48
0,63864.0,60393.30222469646,1408.6059343739166,60393.30222469646,1784.906264119935,0.07297401355427956,395621.23899461055,34448.829488801035,39962.162151108554,35846.667710053975,23259.640407391915,22275.500585389585,20250.289986178606,Qcells,Alice2018Test,S2,144,low-power,72
1,66963.0,58471.040866380754,1429.540632232696,58471.040866380754,1639.622845664653,0.08558926595347335,427523.81046570616,21517.846808236354,20979.069492792576,22191.871352183734,16779.226496984214,15827.108916136058,10925.834374445296,Qcells,Alice2018Test,S2,144,low-power,72
2,66675.0,49343.93291915952,1856.0002036313326,49343.93291915952,1702.3215430009443,0.0855562556646443,386613.64721783355,23290.473625372917,26195.270425752686,23376.67660848855,19182.391078421544,17866.352209886994,14076.504357312184,Qcells,Alice2018Test,S2,144,low-power,72
3,65468.0,57839.292306008734,1335.8976513793757,57839.292306008734,1379.181834125193,0.08922676021263826,398156.3396851567,26415.17967955561,29284.05479050881,26672.879240907376,18244.422437732792,18237.129316613322,15231.14216076953,Qcells,Alice2018Test,S2,144,low-power,72
4,65084.0,72852.01266061589,1555.4846047066592,72852.01266061589,1758.6920987168148,0.0629027895226957,403277.0371672139,37599.45205849826,46746.25159144081,40248.479907514244,22334.01268691273,20739.624251511865,18939.993734215106,Qcells,Alice2018Test,S2,144,low-power,72
5,65955.0,57075.86467776459,1095.1957740475561,57075.86467776459,1205.602461764319,0.0719867091710432,417354.79898497515,41416.0080548601,40700.98771692142,40492.17054846494,25343.604522547936,25280.04902621317,21113.352280649204,Qcells,Alice2018Test,S2,144,low-power,72
6,65599.0,65363.800928100034,2342.581046372783,65363.800928100034,1943.7012892967066,0.03332963594244002,404157.55979157734,30897.759898690645,32080.75264337199,26946.736249660084,21826.44109635819,20690.439485609044,16689.383121217525,Qcells,Alice2018Test,S2,144,low-power,72
7,56887.0,427375.92290900147,13855.603455049977,427375.92290900147,4391.134619063629,0.08190617046683801,339743.595107369,104761.26628894173,117372.24396218755,110817.38272054539,51721.2545528152,52637.114753329784,51922.2926714973,Qcells,Alice2018Test,S2,144,low-power,72
0,20306.0,18904.817820691766,1071.1365308492227,18904.817820691766,1076.316384852829,565.9014456561276,186093.63103205245,11475.312771306313,12957.022782739157,11894.93018899316,11547.40010099986,11514.700164815165,8929.25113194134,Qcells,Alice2018Test,S1_new_origins,144,full,24
1,20449.0,23249.89178188279,1658.9199575414573,23249.89178188279,1687.2915156724741,1215.9096837834709,183618.9573265845,11917.10325792361,12502.523012292617,12461.797919759145,13308.659967664575,15284.099747432101,12030.966385366437,Qcells,Alice2018Test,S1_new_origins,144,full,24
2,20449.0,71512.86815403156,923.6985959022762,71512.86815403156,1187.4005519507957,1272.8415977632637,191818.69513310902,60638.316178557296,59139.32815947236,53063.48515225432,44616.224632939215,53423.99113122,49444.799317773024,Qcells,Alice2018Test,S1_new_origins,144,full,24
3,20449.0,48527.39130620607,1302.42344675555,48527.39130620607,1525.2526768692433,1179.1528028673201,205598.11007188662,35424.52819663411,38909.05876057496,37517.87425497506,33276.80015848079,36942.67160515897,37192.90648529039,Qcells,Alice2018Test,S1_new_origins,144,full,24
4,20449.0,37474.97317364387,746.0867469096579,37474.97317364387,794.1385678779834,840.5688300094648,206854.40066671505,11502.655387288298,10339.216347599526,10252.426939213878,12498.104678005531,14325.613573009205,9065.955226887208,Qcells,Alice2018Test,S1_new_origins,144,full,24
5,20449.0,16877.778146298555,747.3034470289978,16877.778146298555,757.5983362355386,25.498916198834703,204060.80363161344,5779.9870585743065,7456.236872839392,7915.807855441325,10740.85532451061,10606.474452660485,8799.737656847115,Qcells,Alice2018Test,S1_new_origins,144,full,24
6,20449.0,19578.45464098428,1067.2245270896522,19578.45464098428,1027.7112376810062,116.92784186937025,192769.41863224749,8171.528921592496,9452.532027561492,10109.865771636667,12168.061671136376,12254.753277625974,9425.874228767,Qcells,Alice2018Test,S1_new_origins,144,full,24
7,20449.0,26169.535164025685,1212.5678402475003,26169.535164025685,1006.5285639627306,267.5391364868997,184195.5794398137,15084.392067885989,15989.836903782603,16453.41061534182,16634.7025386078,18916.338229626064,15087.45491988914,Qcells,Alice2018Test,S1_new_origins,144,full,24
8,20449.0,54879.417014640734,961.566935153935,54879.417014640734,799.0133311690046,214.07287542744933,179116.22883892266,34382.563418796366,29063.624739872972,25447.673068986427,27635.74809586772,37129.87063082365,25786.541094240383,Qcells,Alice2018Test,S1_new_origins,144,full,24
9,20307.0,41641.592366474346,576.907462726626,41641.592366474346,609.7106291376635,60.08793680807866,183960.6919617835,22362.78780523113,22467.663090320548,22304.87288613336,28697.353246468574,37290.488390667706,25632.73609178922,Qcells,Alice2018Test,S1_new_origins,144,full,24
10,20307.0,51541.05072315033,937.5907306384402,51541.05072315033,936.6328346410177,218.91409640504384,187949.0340646846,25923.383764656075,27012.36102528081,26117.270483647502,24687.73087412053,32241.47339896327,24127.094536720364,Qcells,Alice2018Test,S1_new_origins,144,full,24
11,20307.0,30276.0253339141,942.442140896908,30276.0253339141,872.8478195898527,596.8561035964756,204501.0969462279,16823.305557681084,18040.373256702023,18233.328958484624,12798.682063597547,13835.481975546883,15977.5159264317,Qcells,Alice2018Test,S1_new_origins,144,full,24
12,28744.0,19542.99556537993,998.5892996707695,19542.99556537993,1035.708869675414,380.0707225764514,217194.67815217344,9346.306343562057,11442.888203243718,11182.227613345685,15152.000473545075,15112.6398462368,12087.331697916818,Qcells,Alice2018Test,S1_new_origins,144,full,24
13,31167.0,43537.73427775855,2557.1573278944543,43537.73427775855,2441.250968897189,1662.3648133014308,302715.8537002175,20887.952401286635,21118.431703845556,19383.922052973525,23846.358497779613,27919.785474817094,22384.477409006562,Qcells,Alice2018Test,S1_new_origins,144,full,24
14,20441.0,95936.76408285281,1941.2935682027064,95936.76408285281,1904.8735852203117,1563.5893650887124,191379.39250501964,46897.545943826015,56254.469998620094,55823.19507691534,45389.43093162895,54493.05615609674,45192.451720103185,Qcells,Alice2018Test,S1_new_origins,144,full,24
15,20449.0,115251.35902801454,1748.701895358768,115251.35902801454,1523.1247766621093,1688.6814980521142,199792.29494597527,73925.6119210961,78022.98871482894,77862.57608097614,58372.83776367878,72753.2643132615,54312.313320825386,Qcells,Alice2018Test,S1_new_origins,144,full,24
16,20449.0,46984.85742089912,1025.9853194287705,46984.85742089912,1049.7940276834138,878.3926997451706,199329.37252091488,19395.53467812845,20652.313551044437,22015.375275797152,24028.06819984477,30215.085899517308,23139.86902478633,Qcells,Alice2018Test,S1_new_origins,144,full,24
17,20449.0,16559.650387480495,693.4428510098331,16559.650387480495,720.0147014137706,50.89552477731529,200819.0191460046,13757.137977482857,15426.754144257613,15204.959736395098,15406.501652987166,15221.593710590949,16428.408216306576,Qcells,Alice2018Test,S1_new_origins,144,full,24
18,29029.0,20564.442441234718,1540.7235698652944,20564.442441234718,1233.5425820618482,430.166760600553,209953.85362802783,12142.701454757991,12264.986311334522,11844.128554153274,13253.289745639404,12890.260098698107,12573.64884721055,Qcells,Alice2018Test,S1_new_origins,144,full,24
19,31311.0,65955.78906881838,1659.488346626639,65955.78906881838,1396.116482913097,613.4356260442066,297238.1436914312,23744.207571812633,25943.730417079954,24480.840891479365,25632.732298536288,31456.265799289667,24278.495250563446,Qcells,Alice2018Test,S1_new_origins,144,full,24
20,20442.0,76325.5308548997,1030.4936257970407,76325.5308548997,1052.6667904178923,177.59943794748506,188254.0654740847,52898.58254435389,47908.27511729253,42873.13605057174,45261.26540335636,55813.96377394598,42709.340702832036,Qcells,Alice2018Test,S1_new_origins,144,full,24
21,20449.0,129332.10440638955,1064.7564855469525,129332.10440638955,1335.6665070527833,25.19210099617038,187487.238340681,101448.39971592843,102252.02258436533,96912.5863210724,68890.53940154664,73398.69285254787,74140.98236974706,Qcells,Alice2018Test,S1_new_origins,144,full,24
22,20449.0,452979.0826590834,23045.04943634711,452979.0826590834,16064.400712854338,14729.739375019144,154354.2387974382,84273.23867534354,91555.34796722748,92173.07664544365,60864.729193693245,63730.6274388418,65336.57631581736,Qcells,Alice2018Test,S1_new_origins,144,full,24
23,19320.0,102636.26642265881,11341.122246754121,102636.26642265881,11255.371817972567,18081.811536558154,177335.68585541644,84499.16474240912,83109.11721694905,78386.07516497736,58745.03540449308,69354.82834953135,62616.23305464386,Qcells,Alice2018Test,S1_new_origins,144,full,24
0,40755.0,42154.709602574585,2730.0564883906795,42154.709602574585,2763.607900525302,1781.8111294395987,369712.5883586368,23392.416029229946,25459.54579503178,24356.72810875229,24856.060068664432,26798.799912247283,20960.21751730779,Qcells,Alice2018Test,S1_new_origins,144,full,48
1,40898.0,120040.25946023755,2226.1220426578243,120040.25946023755,2712.653228820039,2451.9944006305836,397416.8052049958,96062.84437519137,98048.38692004724,90581.3594072294,77893.02479142003,90366.66273637893,86637.70580306342,Qcells,Alice2018Test,S1_new_origins,144,full,48
2,40898.0,54352.7513199424,1493.3901939386562,54352.7513199424,1551.7369041135214,866.0677462082995,410915.2042983283,17282.642445862602,17795.453220438914,18168.234794655207,23238.96000251616,24932.08802566972,17865.69288373433,Qcells,Alice2018Test,S1_new_origins,144,full,48
3,40898.0,45747.98980500996,2279.7923673371524,45747.98980500996,2034.2398016437376,384.4669783562701,376964.9980720614,23255.92098947849,25442.368931344103,26563.276386978458,28802.764209744182,31171.091507252037,24513.329148656147,Qcells,Alice2018Test,S1_new_origins,144,full,48
4,40756.0,96521.00938111503,1538.47439788056,96521.00938111503,1408.7239603066673,274.16081223552794,363076.92080070626,56745.35122402751,51531.28783019356,47752.54595511975,56333.10134233626,74420.35902149137,51419.27718602962,Qcells,Alice2018Test,S1_new_origins,144,full,48
5,40614.0,81817.07605706445,1880.032871535347,81817.07605706445,1809.480654230871,815.7702000015192,392450.1310109123,42746.68932233716,45052.73428198283,44350.59944213212,37486.4129377181,46076.95537451015,40104.61046315203,Qcells,Alice2018Test,S1_new_origins,144,full,48
6,59911.0,63080.72984313846,3555.746627565225,63080.72984313846,3476.9598385726013,2042.435535877881,519910.53185239085,30234.258744848707,32561.319907089284,30566.149666319205,38998.358971324626,43032.42532105389,34471.80910692343,Qcells,Alice2018Test,S1_new_origins,144,full,48
7,40890.0,211188.12311086737,3689.9954635614727,211188.12311086737,3427.9983618824212,3252.27086314083,391171.68745099474,120823.15786492222,134277.45871344898,133685.7711578915,103762.26869530772,127246.32046935824,99504.7650409285,Qcells,Alice2018Test,S1_new_origins,144,full,48
8,40898.0,63544.50780837964,1719.4281704386042,63544.50780837964,1769.8087290971853,929.2882245224861,400148.3916669193,33152.672655611335,36079.06769530207,37220.335012192285,39434.569852831904,45436.67961010826,39568.27724109287,Qcells,Alice2018Test,S1_new_origins,144,full,48
9,60340.0,86520.23151005314,3200.2119164919336,86520.23151005314,2629.6590649749446,1043.6023866447604,507191.9973194591,35886.90902657061,38208.716728414474,36324.96944563267,38886.022044175654,44346.52589798778,36852.14409777395,Qcells,Alice2018Test,S1_new_origins,144,full,48
10,40891.0,205657.63526128896,2095.2501113439926,205657.63526128896,2388.3332974706755,202.79153894365533,375741.30381476594,154346.98226028227,150160.2977016579,139785.72237164425,114151.804804903,129212.65662649389,116850.32307257909,Qcells,Alice2018Test,S1_new_origins,144,full,48
11,39769.0,555615.349081743,34386.17168310121,555615.349081743,27319.772530826922,32811.55091157729,331689.9246528543,168772.4034177527,174664.4651841763,170559.15181042094,119609.7645981863,133085.45578837316,127952.80937046123,Qcells,Alice2018Test,S1_new_origins,144,full,48
0,61204.0,113667.57775660617,3653.7550842929554,113667.57775660617,3951.0084524760964,3054.6527272028634,561531.2834917457,84030.73220778728,84598.87395450418,77420.21326100668,69472.28470160362,80222.79104346735,70405.01683508085,Qcells,Alice2018Test,S1_new_origins,144,full,72
1,61347.0,102880.14262614859,2795.81364069421,102880.14262614859,3076.989580982764,2045.2205490756198,616513.3143702147,52707.17064249674,56704.511981013886,55686.10904963026,56515.76016099694,61874.75963082868,55058.59936902473,Qcells,Alice2018Test,S1_new_origins,144,full,72
2,61347.0,100627.40681965067,3241.3593024910874,100627.40681965067,2833.25313281274,598.5398537837186,556081.2269109844,57638.48440827485,54505.99367121709,52010.949455964896,56438.51230561191,68300.96213807567,50299.870242896526,Qcells,Alice2018Test,S1_new_origins,144,full,72
3,60921.0,123458.66842353872,2456.9403342619757,123458.66842353872,2419.1912833685315,875.8581368095977,576410.822972696,65109.477127568265,67520.39737230347,66655.47232826546,66183.76618418659,83367.4437651779,65737.34655494125,Qcells,Alice2018Test,S1_new_origins,144,full,72
4,80352.0,159017.49392599124,5497.040195767935,159017.49392599124,5381.833423792912,3606.024900966592,711289.924357411,77131.8046886747,88815.78990570935,86389.34474323456,84387.78990295362,97525.48147715064,79664.26082702656,Qcells,Alice2018Test,S1_new_origins,144,full,72
5,61347.0,178795.86683639415,3468.1300657973707,178795.86683639415,3292.9335057592957,2617.9697225745986,599940.686612895,107078.28457670737,114102.05641013104,115082.9110931684,97807.40761651073,118189.94392336972,93880.5905619183,Qcells,Alice2018Test,S1_new_origins,144,full,72
6,80782.0,162845.762364953,4230.7055422889725,162845.762364953,3682.325855392837,1221.2018245922447,695446.062793544,88785.49157092453,86116.99184570703,79198.1054962044,84147.28744753206,100160.48967193376,79561.48480060603,Qcells,Alice2018Test,S1_new_origins,144,full,72
7,60218.0,684947.4534881327,35450.92816864817,684947.4534881327,28655.43903787971,32836.74301257346,519177.1629935348,270220.80313368153,276916.48776854173,267471.7381314934,188500.30399973277,206484.14864092114,202093.79174020822,Qcells,Alice2018Test,S1_new_origins,144,full,72
0,9652.0,8576.456848115826,520.8659425991638,8576.456848115826,526.7838011117674,565.8845234691775,55539.41937954839,6096.328899236496,6204.373506278817,6286.66197685851,8040.873551541128,8617.402718106032,7461.795870761168,Qcells,Alice2018Test,S1_new_origins,144,power-active,24
1,9652.0,12750.944099702036,1265.7342593517508,12750.944099702036,1208.6635912520082,1215.902030867818,53886.96180937413,6888.931669190804,6851.574782210831,7287.374163161444,9401.681587435109,11632.09918945276,9448.087835199507,Qcells,Alice2018Test,S1_new_origins,144,power-active,24
2,9652.0,36714.748633194446,561.8408902385063,36714.748633194446,621.7430481805748,1272.8236983137886,56484.384220304775,39945.83186487513,36004.90354684972,31790.114357008668,32480.78387125194,40730.187642939505,36193.76748988143,Qcells,Alice2018Test,S1_new_origins,144,power-active,24
3,9804.0,27732.105607263587,958.5451258146138,27732.105607263587,1105.8708050718562,1179.1059513657565,63069.481370015645,25731.272537887224,28814.37572610344,27586.015330569026,26094.623252358513,29866.980781338916,31076.67987779235,Qcells,Alice2018Test,S1_new_origins,144,power-active,24
4,9804.0,18327.755316197054,263.51114267198176,18327.755316197054,317.67890430411603,840.5612860697548,63825.17220646564,6961.425048810183,6477.996080108835,6487.178960951038,9074.225667505823,11079.472734889636,7696.275788855459,Qcells,Alice2018Test,S1_new_origins,144,power-active,24
5,9804.0,8888.561388583666,228.18778636452842,8888.561388583666,235.34186657761325,25.495372566256883,62095.08418624812,4064.682187393649,5277.932970614303,6075.5023050980435,7489.210664917877,8031.489116941957,7612.967923173895,Qcells,Alice2018Test,S1_new_origins,144,power-active,24
6,9804.0,10526.90273535239,411.59242035784547,10526.90273535239,459.9612690682805,116.92214311407892,58127.226581525734,5690.01237537339,6260.9427731754195,7022.849345445256,8613.58170472658,9405.2028974738,8031.31541597834,Qcells,Alice2018Test,S1_new_origins,144,power-active,24
7,9945.0,14018.469185314014,703.0253128391062,14018.469185314014,536.5123816604508,267.4931623395223,56708.28462768319,8569.66257188728,8052.812833933071,9222.060146394875,12402.339291327846,15100.590139410111,12265.310039885526,Qcells,Alice2018Test,S1_new_origins,144,power-active,24
8,9945.0,31536.827838399782,447.4071297727582,31536.827838399782,352.57743570692645,214.06736626717182,54632.94353884871,22244.22960609679,16999.773906888848,14786.908383030062,20216.32485859365,28791.119016981353,18964.747502388735,Qcells,Alice2018Test,S1_new_origins,144,power-active,24
9,9945.0,29589.283366091575,289.61707581968034,29589.283366091575,313.0860590664974,60.046079271576005,56738.79703923621,16328.640593703705,16578.350956137747,16674.27316816665,22066.36183597274,30083.67972922838,20174.20518755729,Qcells,Alice2018Test,S1_new_origins,144,power-active,24
10,10098.0,27345.77833332362,435.3024064504053,27345.77833332362,478.7342028597439,218.90965612547996,59882.41287090585,15200.665396763254,13971.16061212953,14361.113839872105,18979.321292822304,25966.456415536348,18931.459687264836,Qcells,Alice2018Test,S1_new_origins,144,power-active,24
11,10098.0,12964.07586199537,524.7139391551889,12964.07586199537,457.3923514201156,596.855657827753,65158.40144546665,8881.38943732109,10224.272560006335,11051.638410378802,9662.235407376591,11028.547810096119,13843.018558351963,Qcells,Alice2018Test,S1_new_origins,144,power-active,24
12,11751.0,11927.661051501067,517.9650501004237,11927.661051501067,562.7125670696983,380.06443878777037,77399.11044929812,6414.759590469135,7948.894637802816,8374.55927644602,11368.973215376192,12101.06789774483,10740.611320364724,Qcells,Alice2018Test,S1_new_origins,144,power-active,24
13,17223.0,29222.995070653924,2063.8354065763533,29222.995070653924,1970.479635578357,1662.3613786302103,169152.14191534847,13575.099489563527,13555.65066935602,13980.876040887211,19876.290064336994,24151.598982122818,19489.934155291845,Qcells,Alice2018Test,S1_new_origins,144,power-active,24
14,9966.0,47557.12484636282,1480.5489881616195,47557.12484636282,1242.1552734385843,1563.5707169643354,61462.10288305282,21480.17724478707,23302.60586689981,25463.975977067053,33124.2345087429,41816.31548777802,32917.0169683353,Qcells,Alice2018Test,S1_new_origins,144,power-active,24
15,9966.0,85018.88912988342,1347.7630521278218,85018.88912988342,1140.2574866541443,1688.6784960035218,62664.18312276802,48741.89055798691,53017.63094304352,53087.61385818128,45323.6116299707,58089.81191738028,42129.31135322258,Qcells,Alice2018Test,S1_new_origins,144,power-active,24
16,9825.0,32435.872702474233,687.2508153908714,32435.872702474233,709.5547201010575,878.3539133142351,59761.96074416444,10696.096663929813,13054.138605045353,14292.176675413868,18535.421703179796,24417.64652628173,18765.198771157673,Qcells,Alice2018Test,S1_new_origins,144,power-active,24
17,9825.0,11474.568644340878,413.0721826358746,11474.568644340878,416.29325166947035,50.8922653113022,60160.92258052993,9423.19076319095,10835.208983081691,11031.773321956789,12248.097506111164,12890.740757460992,14512.683495063295,Qcells,Alice2018Test,S1_new_origins,144,power-active,24
18,11536.0,10439.851520758295,673.1165322237663,10439.851520758295,583.1973861518698,430.14806623800774,71224.97407143471,6965.898420502538,7499.616058159763,8002.610656773688,9588.572319763516,10111.66365522779,10964.106836236797,Qcells,Alice2018Test,S1_new_origins,144,power-active,24
19,17165.0,38762.12738142947,715.1173301247596,38762.12738142947,707.5057242125042,613.4288172018782,164140.5208460077,13918.20033562323,14741.415429584044,15553.28564120586,20737.54900944857,26471.74922392743,20594.64232223373,Qcells,Alice2018Test,S1_new_origins,144,power-active,24
20,9834.0,50442.380847307395,574.5319559493942,50442.380847307395,572.1060090432599,177.59596759865684,55923.48687714943,38791.5157387351,33995.33867406277,30376.136919975826,34651.99320741253,44410.965801697406,32900.18576443954,Qcells,Alice2018Test,S1_new_origins,144,power-active,24
21,9834.0,73112.13929324725,594.3664861990434,73112.13929324725,602.7311074768699,25.184004358470872,56288.00129226487,64628.6499063471,61034.463359833964,58785.4892437316,52288.06975136681,56822.03968011082,56608.16462921727,Qcells,Alice2018Test,S1_new_origins,144,power-active,24
22,9834.0,119357.47520003507,10987.240654705789,119357.47520003507,13429.6192913863,14729.723152694687,61704.690739146616,45669.43215789564,44673.438345701245,46310.88269798832,42715.16327828995,45115.81940019062,46432.51529985225,Qcells,Alice2018Test,S1_new_origins,144,power-active,24
23,9975.0,77082.15684256757,10249.414950564593,77082.15684256757,10497.578901799518,18081.796108258124,63357.7863035273,58825.158222882295,60027.73986226642,58137.882256617166,47463.892298473686,57132.1924486447,50418.36125012656,Qcells,Alice2018Test,S1_new_origins,144,power-active,24
0,19304.0,21327.400947817878,1786.6002019509149,21327.400947817878,1735.4473923637754,1781.7865543369958,109426.38118892246,12985.2605684273,13055.948288489652,13574.036140019953,17442.55513897623,20249.50190755879,16909.883705960685,Qcells,Alice2018Test,S1_new_origins,144,power-active,48
1,19456.0,64446.85424045803,1520.3860160531199,64446.85424045803,1727.6138532524324,2451.929649679544,119553.8655903204,65677.10440276236,64819.279272953136,59376.129687577675,58575.40712361046,70597.1684242784,67270.44736767378,Qcells,Alice2018Test,S1_new_origins,144,power-active,48
2,19608.0,27216.31670478069,491.6989290365103,27216.31670478069,553.020770881729,866.0566586360119,125920.25639271371,11026.107236203843,11755.92905072314,12562.681266049089,16563.436332423706,19110.961851831573,15309.243712029345,Qcells,Alice2018Test,S1_new_origins,144,power-active,48
3,19749.0,24545.37192066638,1114.6177331969527,24545.37192066638,996.4736507287311,384.415305453601,114835.5112092089,14259.67494726066,14313.755607108485,16244.909491840126,21015.920996054403,24505.793036883937,20296.62545586387,Qcells,Alice2018Test,S1_new_origins,144,power-active,48
4,19890.0,61126.11120449137,737.0242055924391,61126.11120449137,665.6634947734234,274.1134455387486,111371.74057808479,38572.87019980049,33578.12486302658,31461.181551196714,42282.68669456635,58874.79874620977,39138.95268994599,Qcells,Alice2018Test,S1_new_origins,144,power-active,48
5,20196.0,40309.85419531894,960.0163456055944,40309.85419531894,936.1265542798599,815.7653139532327,125040.8143163725,24082.05483408435,24195.43317213584,25412.752250250916,28641.55670019889,36995.00422563245,32774.47824561681,Qcells,Alice2018Test,S1_new_origins,144,power-active,48
6,28974.0,41150.65612215495,2581.80045667678,41150.65612215495,2533.192202648057,2042.4258174179802,246551.2523646466,19989.85908003267,21504.54530715883,22355.435317333242,31245.26327971319,36252.6668798677,30230.545475656563,Qcells,Alice2018Test,S1_new_origins,144,power-active,48
7,19932.0,132576.01397624635,2828.3120402894397,132576.01397624635,2382.412760092727,3252.249212967855,124126.28600582088,70222.0678027739,76320.23680994332,78551.5898352483,78447.84613871358,99906.12740515827,75046.32832155788,Qcells,Alice2018Test,S1_new_origins,144,power-active,48
8,19650.0,43910.441346815125,1100.3229980267458,43910.441346815125,1125.847971770527,929.2461786255369,119922.88332469438,20119.28742712076,23889.34758812701,25323.949997370637,30783.519209290967,37308.38728374272,33277.88226622097,Qcells,Alice2018Test,S1_new_origins,144,power-active,48
9,28701.0,49201.978902187744,1388.233862348526,49201.978902187744,1290.7031103643747,1043.5768834398853,235365.49491744244,20884.098756125764,22241.031487743807,23555.896297979547,30326.12132921209,36583.41287915523,31558.749158470513,Qcells,Alice2018Test,S1_new_origins,144,power-active,48
10,19668.0,123554.52014055467,1168.8984421484363,123554.52014055467,1174.8371165201293,202.77997195712783,112211.48816941427,103420.16564508215,95029.80203389665,89161.62616370732,86940.06295877934,101233.00548180824,89508.35039365682,Qcells,Alice2018Test,S1_new_origins,144,power-active,48
11,19809.0,196439.63204260267,21236.655605270378,196439.63204260267,23927.198193185806,32811.51926095281,125062.47704267394,104494.59038077794,104701.17820796768,104448.76495460559,90179.05557676358,102248.01184883538,96850.87654997874,Qcells,Alice2018Test,S1_new_origins,144,power-active,48
0,28956.0,58042.14958101231,2348.441092189422,58042.14958101231,2357.190440544351,3054.6102526507857,165910.76540922732,52931.092433302416,49060.851835339345,45364.150497028604,49923.3390102282,60979.68955049828,53103.65119584215,Qcells,Alice2018Test,S1_new_origins,144,power-active,72
1,29412.0,54948.4223120443,1450.2440548511252,54948.4223120443,1658.8915759535867,2045.1626100017686,188989.73776272926,36757.37977409105,40570.30477682654,40148.69659661811,42658.05958478224,48977.94263317051,46385.92358982167,Qcells,Alice2018Test,S1_new_origins,144,power-active,72
2,29694.0,56082.19975906614,1562.0248629697119,56082.19975906614,1349.0510864356575,598.4826717207736,169468.45474805761,36503.90455335745,31313.529513997342,31031.817874870176,41232.245854648034,53296.91205386526,39261.37295825259,Qcells,Alice2018Test,S1_new_origins,144,power-active,72
3,30141.0,69899.13756141053,1249.633421425274,69899.13756141053,1249.212613346356,875.811393224809,181779.61135560885,40410.69542778804,40773.784128273626,42087.025418417536,50707.918536171615,67078.68395486081,52948.68343317408,Qcells,Alice2018Test,S1_new_origins,144,power-active,72
4,38940.0,88707.78096851784,4062.3494448384,88707.78096851784,3775.3474760866393,3605.9965343823173,308013.35524769936,41470.036324819754,44807.15117405866,47819.41129440031,64369.497788456065,78068.98236764575,63147.56244399187,Qcells,Alice2018Test,S1_new_origins,144,power-active,72
5,29616.0,128929.33047669848,2448.086050154567,128929.33047669848,2266.1054584246704,2617.9246746290573,182587.06644746265,68861.17798510766,76906.9785311705,78411.56385555193,76107.13083926176,95398.19920112292,75407.19361944347,Qcells,Alice2018Test,S1_new_origins,144,power-active,72
6,38535.0,99644.3597494952,1962.765818297921,99644.3597494952,1862.809119407634,1221.1728510385426,291288.98179459176,59675.61449486088,56236.37016180656,53932.033217955366,64978.11453662463,80994.37868085258,64458.93492291006,Qcells,Alice2018Test,S1_new_origins,144,power-active,72
7,29643.0,269551.77133584954,21831.022091469422,269551.77133584954,24529.92930066268,32836.70326531128,181350.47833493885,169123.240287125,165735.64156780165,163234.25419833726,142467.12532813026,159070.05152894623,153459.041179196,Qcells,Alice2018Test,S1_new_origins,144,power-active,72
0,10654.0,10328.360972575923,550.270588250059,10328.360972575923,549.5325837410621,0.016922186950170948,130554.2116525041,5378.983872069819,6752.649276460334,5608.268212134647,3506.526549458732,2897.297446709139,1467.4552611801726,Qcells,Alice2018Test,S1_new_origins,144,low-power,24
1,10797.0,10498.94768218075,393.18569818970616,10498.94768218075,478.6279244204652,0.0076529156525011275,129731.99551721044,5028.171588732816,5650.948230081783,5174.423756597696,3906.9783802294605,3652.0005579793387,2582.8785501669213,Qcells,Alice2018Test,S1_new_origins,144,low-power,24
2,10797.0,34798.11952083717,361.8577056637701,34798.11952083717,565.6575037702204,0.017899449473412998,135334.31091280418,20692.484313682187,23134.424612622668,21273.370795245653,12135.440761687263,12693.803488280508,13251.031827891617,Qcells,Alice2018Test,S1_new_origins,144,low-power,24
3,10645.0,20795.28569894245,343.8783209409358,20795.28569894245,419.38187179738736,0.046851501564874325,142528.62870187097,9693.255658746915,10094.683034471527,9931.858924406037,7182.1769061222585,7075.690823820021,6116.226607498027,Qcells,Alice2018Test,S1_new_origins,144,low-power,24
4,10645.0,19147.21785744681,482.5756042376763,19147.21785744681,476.4596635738672,0.007543939709095586,143029.22846024943,4541.230338478111,3861.220267490701,3765.2479782628347,3423.879010499693,3246.140838119575,1369.6794380317547,Qcells,Alice2018Test,S1_new_origins,144,low-power,24
5,10645.0,7989.216757714891,519.1156606644698,7989.216757714891,522.2564696579254,0.003543632577796556,141965.71944536516,1715.3048711806564,2178.30390222509,1840.305550343282,3251.6446595927346,2574.985335718536,1186.7697336732238,Qcells,Alice2018Test,S1_new_origins,144,low-power,24
6,10645.0,9051.5519056319,655.6321067318065,9051.5519056319,567.7499686127256,0.0056987552913320555,134642.19205072182,2481.5165462191035,3191.589254386077,3087.016426191407,3554.4799664098014,2849.550380152162,1394.5588127886663,Qcells,Alice2018Test,S1_new_origins,144,low-power,24
7,10504.0,12151.065978711671,509.5425274083941,12151.065978711671,470.0161823022801,0.045974147377715394,127487.29481213064,6514.729495998704,7937.0240698495445,7231.350468946952,4232.3632472799545,3815.748090215957,2822.1448800036087,Qcells,Alice2018Test,S1_new_origins,144,low-power,24
8,10504.0,23342.58917624098,514.159805381177,23342.58917624098,446.435895462078,0.005509160277679779,124483.28530007394,12138.333812699555,12063.850832984124,10660.764685956367,7419.423237274061,8338.751613842309,6821.793591851632,Qcells,Alice2018Test,S1_new_origins,144,low-power,24
9,10362.0,12052.309000382807,287.2903869069453,12052.309000382807,296.624570071166,0.04185753650269856,127221.89492254733,6034.147211527432,5889.312134182793,5630.599717966713,6630.9914104958325,7206.808661439336,5458.530904231943,Qcells,Alice2018Test,S1_new_origins,144,low-power,24
10,10209.0,24195.27238982673,502.28832418803523,24195.27238982673,457.8986317812741,0.004440279563742087,128066.62119377874,10722.718367892809,13041.200413151286,11756.156643775399,5708.409581298229,6275.016983426937,5195.634849455532,Qcells,Alice2018Test,S1_new_origins,144,low-power,24
11,10209.0,17311.949471918742,417.72820174171864,17311.949471918742,415.4554681697375,0.00044576872241381,139342.69550076115,7941.9161203600115,7816.100696695689,7181.6905481058,3136.4466562209623,2806.9341654507675,2134.497368079735,Qcells,Alice2018Test,S1_new_origins,144,low-power,24
12,16993.0,7615.334513878864,480.62424957034585,7615.334513878864,472.99630260571587,0.006283788680915419,139795.56770287504,2931.546753092926,3493.9935654409,2807.668336899666,3783.0272581688855,3011.5719484919687,1346.720377552086,Qcells,Alice2018Test,S1_new_origins,144,low-power,24
13,13944.0,14314.739207104674,493.321921318102,14314.739207104674,470.7713333188325,0.003434671218872277,133563.71178486908,7312.852911723109,7562.781034489543,5403.046012086308,3970.0684334426082,3768.18649269427,2894.5432537147008,Qcells,Alice2018Test,S1_new_origins,144,low-power,24
14,10475.0,48379.639236489915,460.7445800410885,48379.639236489915,662.7183117817273,0.018648124378105937,129917.2896219669,25417.368699038947,32951.864131720286,30359.219099848287,12265.196422886085,12676.740668318766,12275.43475176786,Qcells,Alice2018Test,S1_new_origins,144,low-power,24
15,10483.0,30232.469898131047,400.93884323094625,30232.469898131047,382.8672900079657,0.0030020485944348622,137128.1118232071,25183.721363109235,25005.357771785508,24774.962222794817,13049.226133708058,14663.452395881188,12183.001967602746,Qcells,Alice2018Test,S1_new_origins,144,low-power,24
16,10624.0,14548.984718424876,338.73450403789946,14548.984718424876,340.23930758235616,0.03878643093602586,139567.41177675035,8699.438014198642,7598.1749459991,7723.198600383273,5492.646496665003,5797.439373235589,4374.670253628639,Qcells,Alice2018Test,S1_new_origins,144,low-power,24
17,10624.0,5085.08174313961,280.3706683739585,5085.08174313961,303.7214497443004,0.0032594660130678037,140658.09656547464,4333.947214291926,4591.5451611759345,4173.186414438318,3158.4041468759833,2330.8529531299455,1915.724721243278,Qcells,Alice2018Test,S1_new_origins,144,low-power,24
18,17493.0,10124.590920476447,867.6070376415266,10124.590920476447,650.3451959099781,0.018694362545561817,138728.87955659363,5176.803034255452,4765.370253174767,3841.517897379591,3664.71742587589,2778.596443470314,1609.542010973743,Qcells,Alice2018Test,S1_new_origins,144,low-power,24
19,14146.0,27193.661687388947,944.3710165018795,27193.661687388947,688.6107587005928,0.006808842328202592,133097.62284542367,9826.007236189387,11202.314987495904,8927.555250273499,4895.183289087729,4984.516575362254,3683.8529283297203,Qcells,Alice2018Test,S1_new_origins,144,low-power,24
20,10608.0,25883.150007592347,455.96166984764574,25883.150007592347,480.5607813746323,0.0034703488282525627,132330.57859693535,14107.066805618811,13912.936443229743,12496.999130595927,10609.272195943902,11402.997972248619,9809.154938392494,Qcells,Alice2018Test,S1_new_origins,144,low-power,24
21,10615.0,56219.9651131423,470.3899993479094,56219.9651131423,732.9353995759127,0.008096637699511255,131199.23704841608,36819.7498095813,41217.559224531375,38127.097077340804,16602.469650179843,16576.65317243703,17532.817740529794,Qcells,Alice2018Test,S1_new_origins,144,low-power,24
22,10615.0,333621.60745904874,12057.808781641315,333621.60745904874,2634.78142146803,0.016222324467656604,92649.54805829153,38603.80651744785,46881.90962152625,45862.193947455344,18149.565915403346,18614.80803865124,18904.06101596511,Qcells,Alice2018Test,S1_new_origins,144,low-power,24
23,9345.0,25554.10958009129,1091.7072961895387,25554.10958009129,757.7929161730585,0.01542830002313967,113977.89955188903,25674.00651952687,23081.377354682587,20248.192908360168,11281.14310601937,12222.635900886593,12197.871804517295,Qcells,Alice2018Test,S1_new_origins,144,low-power,24
0,21451.0,20827.308654756678,943.4562864397654,20827.308654756678,1028.1605081615278,0.024575102602672066,260286.20716971453,10407.155460802634,12403.597506542123,10782.691968732344,7413.504929688193,6549.298004688478,4050.3338113470954,Qcells,Alice2018Test,S1_new_origins,144,low-power,48
1,21442.0,55593.40521977963,705.7360266047058,55593.40521977963,985.0393755676083,0.06475095103828733,277862.9396146753,30385.73997242912,33229.107647094206,31205.229719651703,19317.617667809518,19769.49431210054,19367.258435389624,Qcells,Alice2018Test,S1_new_origins,144,low-power,48
2,21290.0,27136.43461516173,1001.6912649021464,27136.43461516173,998.7161332317929,0.011087572286892193,284994.9479056146,6256.535209658767,6039.524169715785,5605.553528606114,6675.523670092423,5821.126173838114,2556.4491717049787,Qcells,Alice2018Test,S1_new_origins,144,low-power,48
3,21149.0,21202.617884343577,1165.1746341402,21202.617884343577,1037.766150915005,0.05167290266904749,262129.4868628523,8996.246042217803,11128.61332423562,10318.366895138359,7786.843213689754,6665.298470368119,4216.7036927922745,Qcells,Alice2018Test,S1_new_origins,144,low-power,48
4,20866.0,35394.89817662377,801.4501922881221,35394.89817662377,743.0604655332444,0.04736669678037841,251705.18022262127,18172.481024226978,17953.16296716692,16291.364403923084,14050.414647769892,15545.560275281645,12280.324496083571,Qcells,Alice2018Test,S1_new_origins,144,low-power,48
5,20418.0,41507.22186174548,920.0165259297538,41507.22186174548,873.3540999510118,0.00488604828615585,267409.3166945399,18664.63448825282,20857.30110984698,18937.84719188121,8844.856237519194,9081.9511488777,7330.132217535268,Qcells,Alice2018Test,S1_new_origins,144,low-power,48
6,30937.0,21930.07372098354,973.9461708884478,21930.07372098354,943.767635924548,0.009718459899787722,273359.27948774403,10244.399664816028,11056.77459993044,8210.714348985977,7753.095691611493,6779.758441186236,4241.2636312667855,Qcells,Alice2018Test,S1_new_origins,144,low-power,48
7,20958.0,78612.10913462097,861.6834232720349,78612.10913462097,1045.5856017896936,0.02165017297254075,267045.40144517395,50601.09006214822,57957.221903505735,55134.18132264306,25314.42255659415,27340.19306419996,24458.43671937061,Qcells,Alice2018Test,S1_new_origins,144,low-power,48
8,21248.0,19634.06646156448,619.105172411858,19634.06646156448,643.9607573266568,0.04204589694909387,280225.50834222505,13033.385228490564,12189.720107175028,11896.385014821584,8651.05064354099,8128.2923263655375,6290.394974871917,Qcells,Alice2018Test,S1_new_origins,144,low-power,48
9,31639.0,37318.2526078654,1811.9780541434052,37318.2526078654,1338.9559546105702,0.025503204873764496,271826.50240201806,15002.810270444834,15967.68524067067,12769.07314765309,8559.900714963618,7763.113018832571,5293.394939303467,Qcells,Alice2018Test,S1_new_origins,144,low-power,48
10,21223.0,82103.11512073467,926.3516691955554,82103.11512073467,1213.4961809505448,0.011566986527763836,263529.81564535137,50926.81661520015,55130.49566776109,50624.09620793673,27211.741846123736,27979.651144685642,27341.97267892229,Qcells,Alice2018Test,S1_new_origins,144,low-power,48
11,19960.0,359175.71703914023,13149.51607783086,359175.71703914023,3392.57433764109,0.0316506244907963,206627.44761018053,64277.81303697475,69963.28697620885,66110.38685581546,29430.70902142271,30837.443939537847,31101.93282048238,Qcells,Alice2018Test,S1_new_origins,144,low-power,48
0,32248.0,55625.428175593865,1305.3139921035347,55625.428175593865,1593.8180119317483,0.04247455207608502,395620.5180825191,31099.639774484822,35538.02211916477,32056.062763978,19548.945691375455,19243.10149296898,17301.365639238713,Qcells,Alice2018Test,S1_new_origins,144,low-power,72
1,31935.0,47931.72031410414,1345.5695858430818,47931.72031410414,1418.0980050291798,0.05793907385176686,427523.5766074857,15949.79086840569,16134.207204187322,15537.412453012157,13857.70057621468,12896.816997658143,8672.675779202988,Qcells,Alice2018Test,S1_new_origins,144,low-power,72
2,31653.0,44545.20706058452,1679.3344395213783,44545.20706058452,1484.2020463770832,0.05718206294672757,386612.772162926,21134.57985491736,23192.464157219758,20979.131581094727,15206.266450963814,15004.050084210421,11038.497284643914,Qcells,Alice2018Test,S1_new_origins,144,low-power,72
3,30780.0,53559.530862128304,1207.3069128366994,53559.530862128304,1169.9786700221791,0.046743584788854896,394631.2116170873,24698.781699780266,26746.613244029795,24568.446909847913,15475.847648015022,16288.759810317037,12788.663121767207,Qcells,Alice2018Test,S1_new_origins,144,low-power,72
4,41412.0,70309.71295747349,1434.6907509295365,70309.71295747349,1606.4859477062753,0.028366584277893625,403276.56910971063,35661.76836385497,44008.638731650724,38569.933448834265,20018.292114497588,19456.49910950501,16516.698383034647,Qcells,Alice2018Test,S1_new_origins,144,low-power,72
5,31731.0,49866.53635969553,1020.0440156428054,49866.53635969553,1026.828047334623,0.04504794554352875,417353.62016543216,38217.10659159976,37195.07787896053,36671.34723761644,21700.27677724906,22791.744722246745,18473.396942474657,Qcells,Alice2018Test,S1_new_origins,144,low-power,72
6,42247.0,63201.40261545773,2267.939723991048,63201.40261545773,1819.516735985202,0.028973553702017152,404157.08099895355,29109.877076063654,29880.621683900416,25266.072278249037,19169.17291090755,19166.11099108118,15102.549877695968,Qcells,Alice2018Test,S1_new_origins,144,low-power,72
7,30575.0,415395.68215228256,13619.906077178768,415395.68215228256,4125.509737216999,0.03974726219030783,337826.6846585971,101097.56284655596,111180.84620074012,104237.48393315628,46033.17867160264,47414.09711197488,48634.75056101218,Qcells,Alice2018Test,S1_new_origins,144,low-power,72
0,20306.0,18904.817820691766,1071.1365308492227,18904.817820691766,1076.316384852829,565.9014456561276,186093.63103205245,11475.312771306313,12957.022782739157,11894.93018899316,11547.40010099986,11514.700164815165,8929.25113194134,Qcells,Alice2018Test,S2_new_origins,144,full,24
1,20449.0,23249.89178188279,1658.9199575414573,23249.89178188279,1687.2915156724741,1215.9096837834709,183618.9573265845,11917.10325792361,12502.523012292617,12461.797919759145,13308.659967664575,15284.099747432101,12030.966385366437,Qcells,Alice2018Test,S2_new_origins,144,full,24
2,20449.0,71512.86815403156,923.6985959022762,71512.86815403156,1187.4005519507957,1272.8415977632637,191818.69513310902,60638.316178557296,59139.32815947236,53063.48515225432,44616.224632939215,53423.99113122,49444.799317773024,Qcells,Alice2018Test,S2_new_origins,144,full,24
3,20449.0,48527.39130620607,1302.42344675555,48527.39130620607,1525.2526768692433,1179.1528028673201,205598.11007188662,35424.52819663411,38909.05876057496,37517.87425497506,33276.80015848079,36942.67160515897,37192.90648529039,Qcells,Alice2018Test,S2_new_origins,144,full,24
4,20449.0,37474.97317364387,746.0867469096579,37474.97317364387,794.1385678779834,840.5688300094648,206854.40066671505,11502.655387288298,10339.216347599526,10252.426939213878,12498.104678005531,14325.613573009205,9065.955226887208,Qcells,Alice2018Test,S2_new_origins,144,full,24
5,20449.0,16877.778146298555,747.3034470289978,16877.778146298555,757.5983362355386,25.498916198834703,204060.80363161344,5779.9870585743065,7456.236872839392,7915.807855441325,10740.85532451061,10606.474452660485,8799.737656847115,Qcells,Alice2018Test,S2_new_origins,144,full,24
6,20449.0,19578.45464098428,1067.2245270896522,19578.45464098428,1027.7112376810062,116.92784186937025,192769.41863224749,8171.528921592496,9452.532027561492,10109.865771636667,12168.061671136376,12254.753277625974,9425.874228767,Qcells,Alice2018Test,S2_new_origins,144,full,24
7,20449.0,26169.535164025685,1212.5678402475003,26169.535164025685,1006.5285639627306,267.5391364868997,184195.5794398137,15084.392067885989,15989.836903782603,16453.41061534182,16634.7025386078,18916.338229626064,15087.45491988914,Qcells,Alice2018Test,S2_new_origins,144,full,24
8,20449.0,54879.417014640734,961.566935153935,54879.417014640734,799.0133311690046,214.07287542744933,179116.22883892266,34382.563418796366,29063.624739872972,25447.673068986427,27635.74809586772,37129.87063082365,25786.541094240383,Qcells,Alice2018Test,S2_new_origins,144,full,24
9,20449.0,41936.41084857234,579.9059643583977,41936.41084857234,617.1777348289747,60.08843159933963,185641.3333002532,22615.17602204209,22680.523637315546,22541.69600225722,29023.73024631861,37618.4320935019,25885.997708207975,Qcells,Alice2018Test,S2_new_origins,144,full,24
10,20307.0,51541.05072315033,937.5907306384402,51541.05072315033,936.6328346410177,218.91409640504384,187949.0340646846,25923.383764656075,27012.36102528081,26117.270483647502,24687.73087412053,32241.47339896327,24127.094536720364,Qcells,Alice2018Test,S2_new_origins,144,full,24
11,20449.0,30498.87026770107,945.6002311270279,30498.87026770107,878.9516243987712,596.8562455964897,206345.14846019412,16943.36170568221,18152.713190846192,18348.740524027504,12914.261284454109,13935.696134465097,16071.24341557028,Qcells,Alice2018Test,S2_new_origins,144,full,24
12,28803.0,19546.8389976409,1000.3102263968113,19546.8389976409,1038.1432664344327,380.0707236253349,217194.6781532222,9350.692968991272,11450.42085718583,11184.131225884908,15160.205119815724,15121.334049091734,12090.049610419015,Qcells,Alice2018Test,S2_new_origins,144,full,24
13,31252.0,43590.93784079916,2559.9155581325313,43590.93784079916,2448.904351775094,1662.3648148125346,302715.8537017286,20908.424468964706,21136.922038522727,19407.786530546455,23867.605445526577,27936.97520946539,22404.018509961206,Qcells,Alice2018Test,S2_new_origins,144,full,24
14,20441.0,95936.76408285281,1941.2935682027064,95936.76408285281,1904.8735852203117,1563.5893650887124,191379.39250501964,46897.545943826015,56254.469998620094,55823.19507691534,45389.43093162895,54493.05615609674,45192.451720103185,Qcells,Alice2018Test,S2_new_origins,144,full,24
15,20449.0,115251.35902801454,1748.701895358768,115251.35902801454,1523.1247766621093,1688.6814980521142,199792.29494597527,73925.6119210961,78022.98871482894,77862.57608097614,58372.83776367878,72753.2643132615,54312.313320825386,Qcells,Alice2018Test,S2_new_origins,144,full,24
16,20449.0,46984.85742089912,1025.9853194287705,46984.85742089912,1049.7940276834138,878.3926997451706,199329.37252091488,19395.53467812845,20652.313551044437,22015.375275797152,24028.06819984477,30215.085899517308,23139.86902478633,Qcells,Alice2018Test,S2_new_origins,144,full,24
17,20449.0,16559.650387480495,693.4428510098331,16559.650387480495,720.0147014137706,50.89552477731529,200819.0191460046,13757.137977482857,15426.754144257613,15204.959736395098,15406.501652987166,15221.593710590949,16428.408216306576,Qcells,Alice2018Test,S2_new_origins,144,full,24
18,29089.0,20567.508902193553,1542.278823839827,20567.508902193553,1235.3953019769997,430.166761667214,209953.85362909452,12144.600884602385,12269.648124781008,11845.933491252734,13257.260325060388,12894.226699819626,12574.649625609525,Qcells,Alice2018Test,S2_new_origins,144,full,24
19,31395.0,65995.91985837101,1661.4457152605075,65995.91985837101,1401.9942039406976,613.4356275375328,297238.14369292464,23759.724418098234,25958.392492614308,24498.055698788572,25656.20498877477,31471.33938149909,24302.78709979579,Qcells,Alice2018Test,S2_new_origins,144,full,24
20,20442.0,76325.5308548997,1030.4936257970407,76325.5308548997,1052.6667904178923,177.59943794748506,188254.0654740847,52898.58254435389,47908.27511729253,42873.13605057174,45261.26540335636,55813.96377394598,42709.340702832036,Qcells,Alice2018Test,S2_new_origins,144,full,24
21,20449.0,129332.10440638955,1064.7564855469525,129332.10440638955,1335.6665070527833,25.19210099617038,187487.238340681,101448.39971592843,102252.02258436533,96912.5863210724,68890.53940154664,73398.69285254787,74140.98236974706,Qcells,Alice2018Test,S2_new_origins,144,full,24
22,20449.0,452979.0826590834,23045.04943634711,452979.0826590834,16064.400712854338,14729.739375019144,154354.2387974382,84273.23867534354,91555.34796722748,92173.07664544365,60864.729193693245,63730.6274388418,65336.57631581736,Qcells,Alice2018Test,S2_new_origins,144,full,24
23,19462.0,103303.4204296376,11348.177303569006,103303.4204296376,11263.77032735318,18081.81155927815,179251.85990977386,84929.48831499736,83570.82525408559,78860.38669606934,59115.11765288077,69724.1221341379,62967.85582091527,Qcells,Alice2018Test,S2_new_origins,144,full,24
0,40755.0,42154.709602574585,2730.0564883906795,42154.709602574585,2763.607900525302,1781.8111294395987,369712.5883586368,23392.416029229946,25459.54579503178,24356.72810875229,24856.060068664432,26798.799912247283,20960.21751730779,Qcells,Alice2018Test,S2_new_origins,144,full,48
1,40898.0,120040.25946023755,2226.1220426578243,120040.25946023755,2712.653228820039,2451.9944006305836,397416.8052049958,96062.84437519137,98048.38692004724,90581.3594072294,77893.02479142003,90366.66273637893,86637.70580306342,Qcells,Alice2018Test,S2_new_origins,144,full,48
2,40898.0,54352.7513199424,1493.3901939386562,54352.7513199424,1551.7369041135214,866.0677462082995,410915.2042983283,17282.642445862602,17795.453220438914,18168.234794655207,23238.96000251616,24932.08802566972,17865.69288373433,Qcells,Alice2018Test,S2_new_origins,144,full,48
3,40898.0,45747.98980500996,2279.7923673371524,45747.98980500996,2034.2398016437376,384.4669783562701,376964.9980720614,23255.92098947849,25442.368931344103,26563.276386978458,28802.764209744182,31171.091507252037,24513.329148656147,Qcells,Alice2018Test,S2_new_origins,144,full,48
4,40898.0,96815.82786321313,1541.4728995123328,96815.82786321313,1416.191065997979,274.16130702678856,364757.5621391761,56997.739440838486,51744.14837718852,47989.36907124363,56659.478342186325,74748.30272432552,51672.53880244837,Qcells,Alice2018Test,S2_new_origins,144,full,48
5,40756.0,82039.92099085142,1883.1909617654683,82039.92099085142,1815.5844590397878,815.7703420015333,394294.1825248787,42866.74547033827,45165.07421612701,44466.01100767495,37601.99215857465,46177.16953342836,40198.33795229064,Qcells,Alice2018Test,S2_new_origins,144,full,48
6,60055.0,63137.77683844005,3560.2257845293434,63137.77683844005,3487.0476182095244,2042.4355384378687,519910.5318549505,30259.11743795599,32587.34289570856,30591.917756431354,39027.81056534226,43058.309258557114,34494.06812038027,Qcells,Alice2018Test,S2_new_origins,144,full,48
7,40890.0,211188.12311086737,3689.9954635614727,211188.12311086737,3427.9983618824212,3252.27086314083,391171.68745099474,120823.15786492222,134277.45871344898,133685.7711578915,103762.26869530772,127246.32046935824,99504.7650409285,Qcells,Alice2018Test,S2_new_origins,144,full,48
8,40898.0,63544.50780837964,1719.4281704386042,63544.50780837964,1769.8087290971853,929.2882245224861,400148.3916669193,33152.672655611335,36079.06769530207,37220.335012192285,39434.569852831904,45436.67961010826,39568.27724109287,Qcells,Alice2018Test,S2_new_origins,144,full,48
9,60484.0,86563.42876056457,3203.724539100335,86563.42876056457,2637.389505917697,1043.602389204747,507191.99732201954,35904.3253027006,38228.04061739529,36343.989190041335,38913.46531383513,44365.56608131873,36877.43672540529,Qcells,Alice2018Test,S2_new_origins,144,full,48
10,40891.0,205657.63526128896,2095.2501113439926,205657.63526128896,2388.3332974706755,202.79153894365533,375741.30381476594,154346.98226028227,150160.2977016579,139785.72237164425,114151.804804903,129212.65662649389,116850.32307257909,Qcells,Alice2018Test,S2_new_origins,144,full,48
11,39911.0,556282.5030887213,34393.22673991612,556282.5030887213,27328.171040207526,32811.55093429731,333606.0987072121,169202.72699034092,175126.17322131316,171033.46334151275,119979.84684657391,133454.74957297987,128304.43213673266,Qcells,Alice2018Test,S2_new_origins,144,full,48
0,61204.0,113667.57775660617,3653.7550842929554,113667.57775660617,3951.0084524760964,3054.6527272028634,561531.2834917457,84030.73220778728,84598.87395450418,77420.21326100668,69472.28470160362,80222.79104346735,70405.01683508085,Qcells,Alice2018Test,S2_new_origins,144,full,72
1,61347.0,102880.14262614859,2795.81364069421,102880.14262614859,3076.989580982764,2045.2205490756198,616513.3143702147,52707.17064249674,56704.511981013886,55686.10904963026,56515.76016099694,61874.75963082868,55058.59936902473,Qcells,Alice2018Test,S2_new_origins,144,full,72
2,61347.0,100627.40681965067,3241.3593024910874,100627.40681965067,2833.25313281274,598.5398537837186,556081.2269109844,57638.48440827485,54505.99367121709,52010.949455964896,56438.51230561191,68300.96213807567,50299.870242896526,Qcells,Alice2018Test,S2_new_origins,144,full,72
3,61205.0,123976.33183942371,2463.096926123868,123976.33183942371,2432.762193868763,875.8587736008727,579935.5158251321,65481.921492380294,67845.59785344257,67007.7070099322,66625.72240489321,83795.60162693032,66084.33566049863,Qcells,Alice2018Test,S2_new_origins,144,full,72
4,80496.0,159074.54092129282,5501.519352732053,159074.54092129282,5391.921203429834,3606.0249035265797,711289.9243599706,77156.66338178198,88841.81289432861,86415.11283334669,84417.24149697126,97551.36541465386,79686.5198404834,Qcells,Alice2018Test,S2_new_origins,144,full,72
5,61347.0,178795.86683639415,3468.1300657973707,178795.86683639415,3292.9335057592957,2617.9697225745986,599940.686612895,107078.28457670737,114102.05641013104,115082.9110931684,97807.40761651073,118189.94392336972,93880.5905619183,Qcells,Alice2018Test,S2_new_origins,144,full,72
6,80926.0,162888.9596154644,4234.218164897374,162888.9596154644,3690.0562963355896,1221.2018271522313,695446.0627961045,88802.9078470545,86136.31573468784,79217.12524061307,84174.73071719153,100179.5298552647,79586.77742823737,Qcells,Alice2018Test,S2_new_origins,144,full,72
7,60360.0,685614.6074951108,35457.98322546307,685614.6074951108,28663.837547260315,32836.743035293475,521093.33704789245,270651.12670626934,277378.19580567884,267946.0496625855,188870.38624812025,206853.44242552778,202445.4145064797,Qcells,Alice2018Test,S2_new_origins,144,full,72
0,9652.0,8576.456848115826,520.8659425991638,8576.456848115826,526.7838011117674,565.8845234691775,55539.41937954839,6096.328899236496,6204.373506278817,6286.66197685851,8040.873551541128,8617.402718106032,7461.795870761168,Qcells,Alice2018Test,S2_new_origins,144,power-active,24
1,9652.0,12750.944099702036,1265.7342593517508,12750.944099702036,1208.6635912520082,1215.902030867818,53886.96180937413,6888.931669190804,6851.574782210831,7287.374163161444,9401.681587435109,11632.09918945276,9448.087835199507,Qcells,Alice2018Test,S2_new_origins,144,power-active,24
2,9652.0,36714.748633194446,561.8408902385063,36714.748633194446,621.7430481805748,1272.8236983137886,56484.384220304775,39945.83186487513,36004.90354684972,31790.114357008668,32480.78387125194,40730.187642939505,36193.76748988143,Qcells,Alice2018Test,S2_new_origins,144,power-active,24
3,9804.0,27732.105607263587,958.5451258146138,27732.105607263587,1105.8708050718562,1179.1059513657565,63069.481370015645,25731.272537887224,28814.37572610344,27586.015330569026,26094.623252358513,29866.980781338916,31076.67987779235,Qcells,Alice2018Test,S2_new_origins,144,power-active,24
4,9804.0,18327.755316197054,263.51114267198176,18327.755316197054,317.67890430411603,840.5612860697548,63825.17220646564,6961.425048810183,6477.996080108835,6487.178960951038,9074.225667505823,11079.472734889636,7696.275788855459,Qcells,Alice2018Test,S2_new_origins,144,power-active,24
5,9804.0,8888.561388583666,228.18778636452842,8888.561388583666,235.34186657761325,25.495372566256883,62095.08418624812,4064.682187393649,5277.932970614303,6075.5023050980435,7489.210664917877,8031.489116941957,7612.967923173895,Qcells,Alice2018Test,S2_new_origins,144,power-active,24
6,9804.0,10526.90273535239,411.59242035784547,10526.90273535239,459.9612690682805,116.92214311407892,58127.226581525734,5690.01237537339,6260.9427731754195,7022.849345445256,8613.58170472658,9405.2028974738,8031.31541597834,Qcells,Alice2018Test,S2_new_origins,144,power-active,24
7,9945.0,14018.469185314014,703.0253128391062,14018.469185314014,536.5123816604508,267.4931623395223,56708.28462768319,8569.66257188728,8052.812833933071,9222.060146394875,12402.339291327846,15100.590139410111,12265.310039885526,Qcells,Alice2018Test,S2_new_origins,144,power-active,24
8,9945.0,31536.827838399782,447.4071297727582,31536.827838399782,352.57743570692645,214.06736626717182,54632.94353884871,22244.22960609679,16999.773906888848,14786.908383030062,20216.32485859365,28791.119016981353,18964.747502388735,Qcells,Alice2018Test,S2_new_origins,144,power-active,24
9,9945.0,29589.283366091575,289.61707581968034,29589.283366091575,313.0860590664974,60.046079271576005,56738.79703923621,16328.640593703705,16578.350956137747,16674.27316816665,22066.36183597274,30083.67972922838,20174.20518755729,Qcells,Alice2018Test,S2_new_origins,144,power-active,24
10,10098.0,27345.77833332362,435.3024064504053,27345.77833332362,478.7342028597439,218.90965612547996,59882.41287090585,15200.665396763254,13971.16061212953,14361.113839872105,18979.321292822304,25966.456415536348,18931.459687264836,Qcells,Alice2018Test,S2_new_origins,144,power-active,24
11,10098.0,12964.07586199537,524.7139391551889,12964.07586199537,457.3923514201156,596.855657827753,65158.40144546665,8881.38943732109,10224.272560006335,11051.638410378802,9662.235407376591,11028.547810096119,13843.018558351963,Qcells,Alice2018Test,S2_new_origins,144,power-active,24
12,11751.0,11927.661051501067,517.9650501004237,11927.661051501067,562.7125670696983,380.06443878777037,77399.11044929812,6414.759590469135,7948.894637802816,8374.55927644602,11368.973215376192,12101.06789774483,10740.611320364724,Qcells,Alice2018Test,S2_new_origins,144,power-active,24
13,17223.0,29222.995070653924,2063.8354065763533,29222.995070653924,1970.479635578357,1662.3613786302103,169152.14191534847,13575.099489563527,13555.65066935602,13980.876040887211,19876.290064336994,24151.598982122818,19489.934155291845,Qcells,Alice2018Test,S2_new_origins,144,power-active,24
14,9966.0,47557.12484636282,1480.5489881616195,47557.12484636282,1242.1552734385843,1563.5707169643354,61462.10288305282,21480.17724478707,23302.60586689981,25463.975977067053,33124.2345087429,41816.31548777802,32917.0169683353,Qcells,Alice2018Test,S2_new_origins,144,power-active,24
15,9966.0,85018.88912988342,1347.7630521278218,85018.88912988342,1140.2574866541443,1688.6784960035218,62664.18312276802,48741.89055798691,53017.63094304352,53087.61385818128,45323.6116299707,58089.81191738028,42129.31135322258,Qcells,Alice2018Test,S2_new_origins,144,power-active,24
16,9825.0,32435.872702474233,687.2508153908714,32435.872702474233,709.5547201010575,878.3539133142351,59761.96074416444,10696.096663929813,13054.138605045353,14292.176675413868,18535.421703179796,24417.64652628173,18765.198771157673,Qcells,Alice2018Test,S2_new_origins,144,power-active,24
17,9825.0,11474.568644340878,413.0721826358746,11474.568644340878,416.29325166947035,50.8922653113022,60160.92258052993,9423.19076319095,10835.208983081691,11031.773321956789,12248.097506111164,12890.740757460992,14512.683495063295,Qcells,Alice2018Test,S2_new_origins,144,power-active,24
18,11536.0,10439.851520758295,673.1165322237663,10439.851520758295,583.1973861518698,430.14806623800774,71224.97407143471,6965.898420502538,7499.616058159763,8002.610656773688,9588.572319763516,10111.66365522779,10964.106836236797,Qcells,Alice2018Test,S2_new_origins,144,power-active,24
19,17165.0,38762.12738142947,715.1173301247596,38762.12738142947,707.5057242125042,613.4288172018782,164140.5208460077,13918.20033562323,14741.415429584044,15553.28564120586,20737.54900944857,26471.74922392743,20594.64232223373,Qcells,Alice2018Test,S2_new_origins,144,power-active,24
20,9834.0,50442.380847307395,574.5319559493942,50442.380847307395,572.1060090432599,177.59596759865684,55923.48687714943,38791.5157387351,33995.33867406277,30376.136919975826,34651.99320741253,44410.965801697406,32900.18576443954,Qcells,Alice2018Test,S2_new_origins,144,power-active,24
21,9834.0,73112.13929324725,594.3664861990434,73112.13929324725,602.7311074768699,25.184004358470872,56288.00129226487,64628.6499063471,61034.463359833964,58785.4892437316,52288.06975136681,56822.03968011082,56608.16462921727,Qcells,Alice2018Test,S2_new_origins,144,power-active,24
22,9834.0,119357.47520003507,10987.240654705789,119357.47520003507,13429.6192913863,14729.723152694687,61704.690739146616,45669.43215789564,44673.438345701245,46310.88269798832,42715.16327828995,45115.81940019062,46432.51529985225,Qcells,Alice2018Test,S2_new_origins,144,power-active,24
23,9975.0,77082.15684256757,10249.414950564593,77082.15684256757,10497.578901799518,18081.796108258124,63357.7863035273,58825.158222882295,60027.73986226642,58137.882256617166,47463.892298473686,57132.1924486447,50418.36125012656,Qcells,Alice2018Test,S2_new_origins,144,power-active,24
0,19304.0,21327.400947817878,1786.6002019509149,21327.400947817878,1735.4473923637754,1781.7865543369958,109426.38118892246,12985.2605684273,13055.948288489652,13574.036140019953,17442.55513897623,20249.50190755879,16909.883705960685,Qcells,Alice2018Test,S2_new_origins,144,power-active,48
1,19456.0,64446.85424045803,1520.3860160531199,64446.85424045803,1727.6138532524324,2451.929649679544,119553.8655903204,65677.10440276236,64819.279272953136,59376.129687577675,58575.40712361046,70597.1684242784,67270.44736767378,Qcells,Alice2018Test,S2_new_origins,144,power-active,48
2,19608.0,27216.31670478069,491.6989290365103,27216.31670478069,553.020770881729,866.0566586360119,125920.25639271371,11026.107236203843,11755.92905072314,12562.681266049089,16563.436332423706,19110.961851831573,15309.243712029345,Qcells,Alice2018Test,S2_new_origins,144,power-active,48
3,19749.0,24545.37192066638,1114.6177331969527,24545.37192066638,996.4736507287311,384.415305453601,114835.5112092089,14259.67494726066,14313.755607108485,16244.909491840126,21015.920996054403,24505.793036883937,20296.62545586387,Qcells,Alice2018Test,S2_new_origins,144,power-active,48
4,19890.0,61126.11120449137,737.0242055924391,61126.11120449137,665.6634947734234,274.1134455387486,111371.74057808479,38572.87019980049,33578.12486302658,31461.181551196714,42282.68669456635,58874.79874620977,39138.95268994599,Qcells,Alice2018Test,S2_new_origins,144,power-active,48
5,20196.0,40309.85419531894,960.0163456055944,40309.85419531894,936.1265542798599,815.7653139532327,125040.8143163725,24082.05483408435,24195.43317213584,25412.752250250916,28641.55670019889,36995.00422563245,32774.47824561681,Qcells,Alice2018Test,S2_new_origins,144,power-active,48
6,28974.0,41150.65612215495,2581.80045667678,41150.65612215495,2533.192202648057,2042.4258174179802,246551.2523646466,19989.85908003267,21504.54530715883,22355.435317333242,31245.26327971319,36252.6668798677,30230.545475656563,Qcells,Alice2018Test,S2_new_origins,144,power-active,48
7,19932.0,132576.01397624635,2828.3120402894397,132576.01397624635,2382.412760092727,3252.249212967855,124126.28600582088,70222.0678027739,76320.23680994332,78551.5898352483,78447.84613871358,99906.12740515827,75046.32832155788,Qcells,Alice2018Test,S2_new_origins,144,power-active,48
8,19650.0,43910.441346815125,1100.3229980267458,43910.441346815125,1125.847971770527,929.2461786255369,119922.88332469438,20119.28742712076,23889.34758812701,25323.949997370637,30783.519209290967,37308.38728374272,33277.88226622097,Qcells,Alice2018Test,S2_new_origins,144,power-active,48
9,28701.0,49201.978902187744,1388.233862348526,49201.978902187744,1290.7031103643747,1043.5768834398853,235365.49491744244,20884.098756125764,22241.031487743807,23555.896297979547,30326.12132921209,36583.41287915523,31558.749158470513,Qcells,Alice2018Test,S2_new_origins,144,power-active,48
10,19668.0,123554.52014055467,1168.8984421484363,123554.52014055467,1174.8371165201293,202.77997195712783,112211.48816941427,103420.16564508215,95029.80203389665,89161.62616370732,86940.06295877934,101233.00548180824,89508.35039365682,Qcells,Alice2018Test,S2_new_origins,144,power-active,48
11,19809.0,196439.63204260267,21236.655605270378,196439.63204260267,23927.198193185806,32811.51926095281,125062.47704267394,104494.59038077794,104701.17820796768,104448.76495460559,90179.05557676358,102248.01184883538,96850.87654997874,Qcells,Alice2018Test,S2_new_origins,144,power-active,48
0,28956.0,58042.14958101231,2348.441092189422,58042.14958101231,2357.190440544351,3054.6102526507857,165910.76540922732,52931.092433302416,49060.851835339345,45364.150497028604,49923.3390102282,60979.68955049828,53103.65119584215,Qcells,Alice2018Test,S2_new_origins,144,power-active,72
1,29412.0,54948.4223120443,1450.2440548511252,54948.4223120443,1658.8915759535867,2045.1626100017686,188989.73776272926,36757.37977409105,40570.30477682654,40148.69659661811,42658.05958478224,48977.94263317051,46385.92358982167,Qcells,Alice2018Test,S2_new_origins,144,power-active,72
2,29694.0,56082.19975906614,1562.0248629697119,56082.19975906614,1349.0510864356575,598.4826717207736,169468.45474805761,36503.90455335745,31313.529513997342,31031.817874870176,41232.245854648034,53296.91205386526,39261.37295825259,Qcells,Alice2018Test,S2_new_origins,144,power-active,72
3,30141.0,69899.13756141053,1249.633421425274,69899.13756141053,1249.212613346356,875.811393224809,181779.61135560885,40410.69542778804,40773.784128273626,42087.025418417536,50707.918536171615,67078.68395486081,52948.68343317408,Qcells,Alice2018Test,S2_new_origins,144,power-active,72
4,38940.0,88707.78096851784,4062.3494448384,88707.78096851784,3775.3474760866393,3605.9965343823173,308013.35524769936,41470.036324819754,44807.15117405866,47819.41129440031,64369.497788456065,78068.98236764575,63147.56244399187,Qcells,Alice2018Test,S2_new_origins,144,power-active,72
5,29616.0,128929.33047669848,2448.086050154567,128929.33047669848,2266.1054584246704,2617.9246746290573,182587.06644746265,68861.17798510766,76906.9785311705,78411.56385555193,76107.13083926176,95398.19920112292,75407.19361944347,Qcells,Alice2018Test,S2_new_origins,144,power-active,72
6,38535.0,99644.3597494952,1962.765818297921,99644.3597494952,1862.809119407634,1221.1728510385426,291288.98179459176,59675.61449486088,56236.37016180656,53932.033217955366,64978.11453662463,80994.37868085258,64458.93492291006,Qcells,Alice2018Test,S2_new_origins,144,power-active,72
7,29643.0,269551.77133584954,21831.022091469422,269551.77133584954,24529.92930066268,32836.70326531128,181350.47833493885,169123.240287125,165735.64156780165,163234.25419833726,142467.12532813026,159070.05152894623,153459.041179196,Qcells,Alice2018Test,S2_new_origins,144,power-active,72
0,10654.0,10328.360972575923,550.270588250059,10328.360972575923,549.5325837410621,0.016922186950170948,130554.2116525041,5378.983872069819,6752.649276460334,5608.268212134647,3506.526549458732,2897.297446709139,1467.4552611801726,Qcells,Alice2018Test,S2_new_origins,144,low-power,24
1,10797.0,10498.94768218075,393.18569818970616,10498.94768218075,478.6279244204652,0.0076529156525011275,129731.99551721044,5028.171588732816,5650.948230081783,5174.423756597696,3906.9783802294605,3652.0005579793387,2582.8785501669213,Qcells,Alice2018Test,S2_new_origins,144,low-power,24
2,10797.0,34798.11952083717,361.8577056637701,34798.11952083717,565.6575037702204,0.017899449473412998,135334.31091280418,20692.484313682187,23134.424612622668,21273.370795245653,12135.440761687263,12693.803488280508,13251.031827891617,Qcells,Alice2018Test,S2_new_origins,144,low-power,24
3,10645.0,20795.28569894245,343.8783209409358,20795.28569894245,419.38187179738736,0.046851501564874325,142528.62870187097,9693.255658746915,10094.683034471527,9931.858924406037,7182.1769061222585,7075.690823820021,6116.226607498027,Qcells,Alice2018Test,S2_new_origins,144,low-power,24
4,10645.0,19147.21785744681,482.5756042376763,19147.21785744681,476.4596635738672,0.007543939709095586,143029.22846024943,4541.230338478111,3861.220267490701,3765.2479782628347,3423.879010499693,3246.140838119575,1369.6794380317547,Qcells,Alice2018Test,S2_new_origins,144,low-power,24
5,10645.0,7989.216757714891,519.1156606644698,7989.216757714891,522.2564696579254,0.003543632577796556,141965.71944536516,1715.3048711806564,2178.30390222509,1840.305550343282,3251.6446595927346,2574.985335718536,1186.7697336732238,Qcells,Alice2018Test,S2_new_origins,144,low-power,24
6,10645.0,9051.5519056319,655.6321067318065,9051.5519056319,567.7499686127256,0.0056987552913320555,134642.19205072182,2481.5165462191035,3191.589254386077,3087.016426191407,3554.4799664098014,2849.550380152162,1394.5588127886663,Qcells,Alice2018Test,S2_new_origins,144,low-power,24
7,10504.0,12151.065978711671,509.5425274083941,12151.065978711671,470.0161823022801,0.045974147377715394,127487.29481213064,6514.729495998704,7937.0240698495445,7231.350468946952,4232.3632472799545,3815.748090215957,2822.1448800036087,Qcells,Alice2018Test,S2_new_origins,144,low-power,24
8,10504.0,23342.58917624098,514.159805381177,23342.58917624098,446.435895462078,0.005509160277679779,124483.28530007394,12138.333812699555,12063.850832984124,10660.764685956367,7419.423237274061,8338.751613842309,6821.793591851632,Qcells,Alice2018Test,S2_new_origins,144,low-power,24
9,10504.0,12347.127482480764,290.2888885387173,12347.127482480764,304.09167576247734,0.042352327763671684,128902.53626101709,6286.5354283383895,6102.172681177775,5867.422834090563,6957.368410345905,7534.752364273511,5711.792520650702,Qcells,Alice2018Test,S2_new_origins,144,low-power,24
10,10209.0,24195.27238982673,502.28832418803523,24195.27238982673,457.8986317812741,0.004440279563742087,128066.62119377874,10722.718367892809,13041.200413151286,11756.156643775399,5708.409581298229,6275.016983426937,5195.634849455532,Qcells,Alice2018Test,S2_new_origins,144,low-power,24
11,10351.0,17534.794405705707,420.8862919718391,17534.794405705707,421.55927297865526,0.0005877687359030896,141186.7470147275,8061.972268361126,7928.440630839839,7297.1021136486925,3252.025877077535,2907.1483243689836,2228.22485721831,Qcells,Alice2018Test,S2_new_origins,144,low-power,24
12,17052.0,7619.177946139836,482.34517629638725,7619.177946139836,475.43069936473404,0.006284837564561797,139795.5677039242,2935.933378522139,3501.5262193830226,2809.5719494388886,3791.2319044395317,3020.2661513468984,1349.4382900542766,Qcells,Alice2018Test,S2_new_origins,144,low-power,24
13,14029.0,14367.942770145284,496.0801515561785,14367.942770145284,478.4247161967371,0.003436182322430597,133563.71178638018,7333.32497940118,7581.271369166712,5426.910489659236,3991.315381189575,3785.3762273425614,2914.084354669344,Qcells,Alice2018Test,S2_new_origins,144,low-power,24
14,10475.0,48379.639236489915,460.7445800410885,48379.639236489915,662.7183117817273,0.018648124378105937,129917.2896219669,25417.368699038947,32951.864131720286,30359.219099848287,12265.196422886085,12676.740668318766,12275.43475176786,Qcells,Alice2018Test,S2_new_origins,144,low-power,24
15,10483.0,30232.469898131047,400.93884323094625,30232.469898131047,382.8672900079657,0.0030020485944348622,137128.1118232071,25183.721363109235,25005.357771785508,24774.962222794817,13049.226133708058,14663.452395881188,12183.001967602746,Qcells,Alice2018Test,S2_new_origins,144,low-power,24
16,10624.0,14548.984718424876,338.73450403789946,14548.984718424876,340.23930758235616,0.03878643093602586,139567.41177675035,8699.438014198642,7598.1749459991,7723.198600383273,5492.646496665003,5797.439373235589,4374.670253628639,Qcells,Alice2018Test,S2_new_origins,144,low-power,24
17,10624.0,5085.08174313961,280.3706683739585,5085.08174313961,303.7214497443004,0.0032594660130678037,140658.09656547464,4333.947214291926,4591.5451611759345,4173.186414438318,3158.4041468759833,2330.8529531299455,1915.724721243278,Qcells,Alice2018Test,S2_new_origins,144,low-power,24
18,17553.0,10127.657381435276,869.1622916160603,10127.657381435276,652.1979158251305,0.018695429206897117,138728.87955766058,5178.702464099849,4770.0320666212565,3843.322834479055,3668.688005296875,2782.5630445918405,1610.5427893727274,Qcells,Alice2018Test,S2_new_origins,144,low-power,24
19,14230.0,27233.792476941573,946.3283851357479,27233.792476941573,694.4884797281932,0.006810335654071983,133097.62284691702,9841.524082474985,11216.977063030256,8944.770057582704,4918.655979326217,4999.590157571675,3708.144777562072,Qcells,Alice2018Test,S2_new_origins,144,low-power,24
20,10608.0,25883.150007592347,455.96166984764574,25883.150007592347,480.5607813746323,0.0034703488282525627,132330.57859693535,14107.066805618811,13912.936443229743,12496.999130595927,10609.272195943902,11402.997972248619,9809.154938392494,Qcells,Alice2018Test,S2_new_origins,144,low-power,24
21,10615.0,56219.9651131423,470.3899993479094,56219.9651131423,732.9353995759127,0.008096637699511255,131199.23704841608,36819.7498095813,41217.559224531375,38127.097077340804,16602.469650179843,16576.65317243703,17532.817740529794,Qcells,Alice2018Test,S2_new_origins,144,low-power,24
22,10615.0,333621.60745904874,12057.808781641315,333621.60745904874,2634.78142146803,0.016222324467656604,92649.54805829153,38603.80651744785,46881.90962152625,45862.193947455344,18149.565915403346,18614.80803865124,18904.06101596511,Qcells,Alice2018Test,S2_new_origins,144,low-power,24
23,9487.0,26221.263587070007,1098.7623530044227,26221.263587070007,766.1914255536689,0.015451020021991826,115894.07360624662,26104.33009211509,23543.085391819186,20722.504439452183,11651.225354406999,12591.929685493249,12549.49457078871,Qcells,Alice2018Test,S2_new_origins,144,low-power,24
0,21451.0,20827.308654756678,943.4562864397654,20827.308654756678,1028.1605081615278,0.024575102602672066,260286.20716971453,10407.155460802634,12403.597506542123,10782.691968732344,7413.504929688193,6549.298004688478,4050.3338113470954,Qcells,Alice2018Test,S2_new_origins,144,low-power,48
1,21442.0,55593.40521977963,705.7360266047058,55593.40521977963,985.0393755676083,0.06475095103828733,277862.9396146753,30385.73997242912,33229.107647094206,31205.229719651703,19317.617667809518,19769.49431210054,19367.258435389624,Qcells,Alice2018Test,S2_new_origins,144,low-power,48
2,21290.0,27136.43461516173,1001.6912649021464,27136.43461516173,998.7161332317929,0.011087572286892193,284994.9479056146,6256.535209658767,6039.524169715785,5605.553528606114,6675.523670092423,5821.126173838114,2556.4491717049787,Qcells,Alice2018Test,S2_new_origins,144,low-power,48
3,21149.0,21202.617884343577,1165.1746341402,21202.617884343577,1037.766150915005,0.05167290266904749,262129.4868628523,8996.246042217803,11128.61332423562,10318.366895138359,7786.843213689754,6665.298470368119,4216.7036927922745,Qcells,Alice2018Test,S2_new_origins,144,low-power,48
4,21008.0,35689.716658721765,804.4486939198937,35689.716658721765,750.5275712245555,0.04786148804135148,253385.82156109097,18424.869241037948,18166.0235141619,16528.187520046926,14376.791647619959,15873.503978115828,12533.586112502326,Qcells,Alice2018Test,S2_new_origins,144,low-power,48
5,20560.0,41730.06679553243,923.1746161598743,41730.06679553243,879.4579047599291,0.00502804829964518,269253.36820850597,18784.690636253923,20969.641043991123,19053.25875742408,8960.43545837576,9182.165307795922,7423.859706673839,Qcells,Alice2018Test,S2_new_origins,144,low-power,48
6,31081.0,21987.120716285124,978.4253278525655,21987.120716285124,953.8554155614707,0.009721019886992442,273359.2794903044,10269.25835792331,11082.797588549734,8236.482439098128,7782.547285629109,6805.642378689455,4263.52264472362,Qcells,Alice2018Test,S2_new_origins,144,low-power,48
7,20958.0,78612.10913462097,861.6834232720349,78612.10913462097,1045.5856017896936,0.02165017297254075,267045.40144517395,50601.09006214822,57957.221903505735,55134.18132264306,25314.42255659415,27340.19306419996,24458.43671937061,Qcells,Alice2018Test,S2_new_origins,144,low-power,48
8,21248.0,19634.06646156448,619.105172411858,19634.06646156448,643.9607573266568,0.04204589694909387,280225.50834222505,13033.385228490564,12189.720107175028,11896.385014821584,8651.05064354099,8128.2923263655375,6290.394974871917,Qcells,Alice2018Test,S2_new_origins,144,low-power,48
9,31783.0,37361.44985837685,1815.4906767518064,37361.44985837685,1346.6863955533229,0.025505764860969216,271826.5024045785,15020.226546574831,15987.009129651507,12788.092892061757,8587.34398462309,7782.15320216352,5318.687566934802,Qcells,Alice2018Test,S2_new_origins,144,low-power,48
10,21223.0,82103.11512073467,926.3516691955554,82103.11512073467,1213.4961809505448,0.011566986527763836,263529.81564535137,50926.81661520015,55130.49566776109,50624.09620793673,27211.741846123736,27979.651144685642,27341.97267892229,Qcells,Alice2018Test,S2_new_origins,144,low-power,48
11,20102.0,359842.87104611885,13156.571134645737,359842.87104611885,3400.9728470217037,0.031673344489648265,208543.62166453808,64708.136609562964,70424.99501334543,66584.69838690753,29800.791269810317,31206.737724144485,31453.555586753795,Qcells,Alice2018Test,S2_new_origins,144,low-power,48
0,32248.0,55625.428175593865,1305.3139921035347,55625.428175593865,1593.8180119317483,0.04247455207608502,395620.5180825191,31099.639774484822,35538.02211916477,32056.062763978,19548.945691375455,19243.10149296898,17301.365639238713,Qcells,Alice2018Test,S2_new_origins,144,low-power,72
1,31935.0,47931.72031410414,1345.5695858430818,47931.72031410414,1418.0980050291798,0.05793907385176686,427523.5766074857,15949.79086840569,16134.207204187322,15537.412453012157,13857.70057621468,12896.816997658143,8672.675779202988,Qcells,Alice2018Test,S2_new_origins,144,low-power,72
2,31653.0,44545.20706058452,1679.3344395213783,44545.20706058452,1484.2020463770832,0.05718206294672757,386612.772162926,21134.57985491736,23192.464157219758,20979.131581094727,15206.266450963814,15004.050084210421,11038.497284643914,Qcells,Alice2018Test,S2_new_origins,144,low-power,72
3,31064.0,54077.19427801321,1213.463504698593,54077.19427801321,1183.5495805224077,0.047380376063317235,398155.90446952294,25071.22606459233,27071.8137251689,24920.681591514658,15917.803868721667,16716.91767206943,13135.652227324543,Qcells,Alice2018Test,S2_new_origins,144,low-power,72
4,41556.0,70366.75995277507,1439.1699078936542,70366.75995277507,1616.573727343198,0.028369144265098345,403276.56911227107,35686.62705696225,44034.66172027002,38595.701538946414,20047.743708515205,19482.38304700823,16538.95739649148,Qcells,Alice2018Test,S2_new_origins,144,low-power,72
5,31731.0,49866.53635969553,1020.0440156428054,49866.53635969553,1026.828047334623,0.04504794554352875,417353.62016543216,38217.10659159976,37195.07787896053,36671.34723761644,21700.27677724906,22791.744722246745,18473.396942474657,Qcells,Alice2018Test,S2_new_origins,144,low-power,72
6,42391.0,63244.59986596918,2271.45234659945,63244.59986596918,1827.2471769279546,0.028976113689221872,404157.081001514,29127.29335219365,29899.945572881254,25285.092022657704,19196.61618056702,19185.151174412127,15127.842505327302,Qcells,Alice2018Test,S2_new_origins,144,low-power,72
7,30717.0,416062.8361592612,13626.961133993644,416062.8361592612,4133.908246597615,0.0397699821891598,339742.858712954,101527.88641914428,111642.5542378768,104711.79546424843,46403.26091999031,47783.39089658154,48986.37332728364,Qcells,Alice2018Test,S2_new_origins,144,low-power,72
