block,count,Original A_SSE,Original B_SSE,Expanded A_SSE,Expanded B_SSE,Inverted42_SSE,Inverted43_SSE,Inverted44_SSE,Daily_SSE,Last-value_SSE,site,period,support,horizon,scope,block_hours
0,41472.0,22319187.061331134,24083665.150211457,29993378.424422912,23027964.361597534,18408836.45626635,17154515.50382544,15814658.575576762,35840700.89984971,78638947.29660541,YULARA_COMBINED,2017,complete_H144,144,full,24
1,41472.0,19936183.32625142,9572228.81433379,45603182.65930428,14362917.931789968,11252048.019826563,9637650.74725049,8886061.933218941,16162217.575439943,121269549.86738983,YULARA_COMBINED,2017,complete_H144,144,full,24
2,41472.0,13884247.210880227,1375826.6748379795,38840385.79647315,3277440.021568441,9563379.836794576,7599757.928730895,7065649.127166313,2009564.9326045387,105468784.29856841,YULARA_COMBINED,2017,complete_H144,144,full,24
3,41472.0,12891403.45532009,1168677.5415030762,35895272.424188495,3380326.08943607,5803856.6848315615,5268145.823745838,5439100.964291204,2271339.0337327663,97945944.84641287,YULARA_COMBINED,2017,complete_H144,144,full,24
4,41472.0,27657545.13624282,13262727.956755836,27274262.739077695,11161875.630201595,14159573.037834864,13749950.51403228,14917428.696738033,16298065.509089045,62754312.01908761,YULARA_COMBINED,2017,complete_H144,144,full,24
5,41472.0,30865057.40613562,11064498.346979897,20395525.528989404,11875632.549527572,9532567.729167666,13923489.392357094,15644651.92568375,17270265.68641137,23255554.49232992,YULARA_COMBINED,2017,complete_H144,144,full,24
6,41472.0,32986004.914244108,15621255.806275219,30471639.99405164,16880787.429625675,18963400.857824743,19946034.51791257,20690314.53535055,21815324.412443355,70121644.32945171,YULARA_COMBINED,2017,complete_H144,144,full,24
7,41472.0,15017538.435716992,11274760.010312987,38797050.494233795,13935529.716979627,13398292.190277893,10439258.554499637,9201200.946618032,19844292.50794976,103951036.88513616,YULARA_COMBINED,2017,complete_H144,144,full,24
8,41472.0,19284949.264387835,13849778.906925501,21083164.857768144,9941113.756538827,9298613.87716809,9371304.571484264,10251995.089311859,18875287.248162914,51320123.55821818,YULARA_COMBINED,2017,complete_H144,144,full,24
9,41472.0,20412914.57087288,9770649.501988128,35803128.856368974,12941290.471414672,16171936.722213525,14037415.218796153,13649093.88219824,15357416.436779987,91170648.49855663,YULARA_COMBINED,2017,complete_H144,144,full,24
10,41472.0,18941873.54407212,10640883.30516373,37879283.995498694,10691182.13263653,15139440.06903664,13133395.775172802,12866012.310652118,14761126.916734112,100539568.6655638,YULARA_COMBINED,2017,complete_H144,144,full,24
11,41472.0,19155248.81161699,4805606.964277327,37129860.9215222,8102675.738946094,10213789.602848683,9533999.236458387,9413440.540463781,9317845.128247617,99809764.62330219,YULARA_COMBINED,2017,complete_H144,144,full,24
12,41472.0,16881870.22753563,3594849.2753961305,42447322.53953262,7251723.999099983,11675128.537186164,9866237.451186629,9430556.11538787,7971700.610484249,111524870.34156887,YULARA_COMBINED,2017,complete_H144,144,full,24
13,41472.0,17240328.29364104,7443250.017947593,32091132.457649324,7256816.442049066,9424445.761751555,8859915.255900271,9080413.88214747,10687853.900208814,86311079.00857916,YULARA_COMBINED,2017,complete_H144,144,full,24
14,41472.0,16445457.041090256,7602236.247082462,45062241.61217241,10943015.739545934,9894096.416111346,8455066.98208946,7729987.393022019,10484126.067160381,119238571.63615794,YULARA_COMBINED,2017,complete_H144,144,full,24
15,41472.0,15316550.203660458,308613.0659963771,43693429.87465859,3963030.2531667408,8807348.950575525,9373820.826510359,8679342.285923203,928611.8858726195,115289776.13635017,YULARA_COMBINED,2017,complete_H144,144,full,24
16,41472.0,12600201.27158841,205209.05672118685,41077964.601382904,3347587.6761009065,6073384.795922468,5930541.529819448,5515011.4587905845,69137.79997417744,110606494.1886549,YULARA_COMBINED,2017,complete_H144,144,full,24
17,41472.0,11659823.73282401,196745.21950757655,38901011.40832486,2984521.111450212,4625687.961657544,5028453.114684483,4881719.4996470455,90043.89363478989,105295381.14649121,YULARA_COMBINED,2017,complete_H144,144,full,24
18,41472.0,16359500.54941625,3510302.5510755964,40124431.698360756,5755036.644703031,7161555.292654214,7064045.395834109,6724653.214594625,3710444.774080523,104879381.08180842,YULARA_COMBINED,2017,complete_H144,144,full,24
19,41472.0,17952245.413487826,2029757.2393310207,44965095.13135097,5959971.8633493865,8048779.764240223,7687045.987414825,7044224.941843749,4229783.503793114,116462650.89047568,YULARA_COMBINED,2017,complete_H144,144,full,24
20,41472.0,18790137.026935447,639194.4972413117,47941102.19396521,5142115.509922679,9021375.471791409,9148168.327587035,8141346.813025202,146775.0268642279,124665060.65009174,YULARA_COMBINED,2017,complete_H144,144,full,24
21,41472.0,15581626.718773864,1485896.8050094335,46494839.68833713,5046681.744871057,8984930.34246426,9297007.052161714,8318096.663046793,1486430.4687085585,123667600.1538629,YULARA_COMBINED,2017,complete_H144,144,full,24
22,41472.0,16941559.18184237,3189206.0585408537,38211920.81172037,4281043.129062908,8029868.358657429,8323119.0377457915,7838044.108315874,4602010.788743203,102306637.50594863,YULARA_COMBINED,2017,complete_H144,144,full,24
23,41472.0,16664265.092052924,3258798.4419403425,42755406.6734984,6310746.733901228,9575007.409136849,8460794.096139109,8830852.208049674,5363107.626825983,113619983.40057698,YULARA_COMBINED,2017,complete_H144,144,full,24
24,41472.0,17762901.82618371,1413648.826338646,40617644.93611441,4090451.427724422,5323527.53082692,5911960.377961812,5709724.770784648,2388128.411318391,107180120.9593544,YULARA_COMBINED,2017,complete_H144,144,full,24
25,41472.0,15184122.754332323,3664449.9074024823,40128407.09269191,5944825.240841085,7866175.803216422,9320188.479593866,9342412.947036725,4689704.798381708,106999187.38676123,YULARA_COMBINED,2017,complete_H144,144,full,24
26,41472.0,20697239.816671755,10399063.797100095,30206387.54431294,8796906.824615603,11826716.096251948,11009328.157645414,11361792.560479905,12858812.841168359,81485902.87925692,YULARA_COMBINED,2017,complete_H144,144,full,24
27,41472.0,14378496.96382094,4794506.0271411715,42256300.88853293,10107252.0606616,6499065.024165899,6843236.379687334,6056624.412207314,12185181.512015162,112752436.25746691,YULARA_COMBINED,2017,complete_H144,144,full,24
28,41472.0,12798869.524930717,445449.0156821813,44312757.46764503,4473585.740632377,8294746.937783663,9150357.456719356,7622842.381975961,84648.6567529708,118987352.65787806,YULARA_COMBINED,2017,complete_H144,144,full,24
29,41472.0,22460138.4870591,466243.9282721286,47433311.86004583,4651493.234193001,8155060.664051914,7564032.667083035,6105391.554094487,37498.2216183024,122563015.10991374,YULARA_COMBINED,2017,complete_H144,144,full,24
30,41472.0,15906169.275799591,390365.2285069224,46907127.97349913,4475717.65577084,10858987.291717563,11326257.973987332,9973683.552062688,11977.599258292297,124165014.62857792,YULARA_COMBINED,2017,complete_H144,144,full,24
31,41472.0,16254266.741876114,403408.932088751,47715502.02758665,4573945.207117911,10615055.95311548,11375705.056235293,10169072.833204158,14060.512213494601,125930107.94359209,YULARA_COMBINED,2017,complete_H144,144,full,24
32,41472.0,4744387216.890792,440342802.84223884,48094565.15647257,20628838.91319833,14253278.781433035,13261311.417015538,12945961.577373493,41242.515757966496,121209325.46100105,YULARA_COMBINED,2017,complete_H144,144,full,24
33,41472.0,10711690128.269978,861386371.1195542,47784875.41884103,38876436.33464409,11892121.906332776,11034989.401558967,12946632.44172003,88546.0679343608,114426535.4586434,YULARA_COMBINED,2017,complete_H144,144,full,24
34,41472.0,10636772278.726616,862506526.6783174,46875582.71548778,38092410.67257326,11570486.52899189,10967013.144022077,12952620.478569403,565492.545395719,112627973.24835533,YULARA_COMBINED,2017,complete_H144,144,full,24
35,41472.0,10518122697.358177,835824532.7585735,39433256.106442474,33309115.511076264,13624221.673365988,12885026.571540449,15366080.9227139,6961639.310382292,96726642.69419618,YULARA_COMBINED,2017,complete_H144,144,full,24
36,41472.0,10468075942.634893,794139947.7294751,28513296.95658383,26375536.70960037,12393200.860091802,11974660.27661142,13755591.678784702,14412826.420813318,67273173.79705617,YULARA_COMBINED,2017,complete_H144,144,full,24
37,41472.0,5322852428.209693,451236731.9790951,36605646.68062178,26090915.52725078,13384021.10838972,12302293.935103137,13697842.998893697,9799688.577110376,90042501.82728456,YULARA_COMBINED,2017,complete_H144,144,full,24
38,41472.0,25970724.065670278,16118286.485461373,22365723.972292773,12865278.808594815,16912063.768653173,15074458.606344158,16946375.966443524,21178293.38598429,46118793.81325158,YULARA_COMBINED,2017,complete_H144,144,full,24
39,41472.0,14330895.294420838,14763970.529633349,33894223.83539713,17091885.844864596,8545297.643743558,7388132.31494353,7215794.287550111,24266006.372618407,94589105.17941706,YULARA_COMBINED,2017,complete_H144,144,full,24
40,41472.0,26226480.940583777,21989355.37153521,14947655.677422687,16825214.257298768,19549340.88755424,18463097.83672685,19696915.296544965,30045445.719533842,22815825.345249616,YULARA_COMBINED,2017,complete_H144,144,full,24
41,41472.0,22524446.23320154,8730731.384442633,19049795.67014934,9735108.57563941,12420032.052254558,12810481.702943984,13017381.063023653,11814476.73505528,49063821.35949228,YULARA_COMBINED,2017,complete_H144,144,full,24
42,41472.0,55258903.13080867,8954570.930159772,26961904.538857862,11573229.585253235,13295860.779253175,12630935.182284439,11795707.418630218,14186647.968143834,73901119.6652759,YULARA_COMBINED,2017,complete_H144,144,full,24
43,41472.0,21392112.60352076,11952345.749884102,35386770.56054166,12380392.225223823,13989188.609643497,11648944.679709483,11048271.915423892,14645542.65866877,94831379.6510316,YULARA_COMBINED,2017,complete_H144,144,full,24
44,41472.0,15593329.28527073,5482934.77533655,40072132.506393,8087474.176143918,13382919.460411994,10751640.346228415,9485439.380289983,10554470.945060238,106667643.3790611,YULARA_COMBINED,2017,complete_H144,144,full,24
45,41472.0,22780976.508712716,4190481.8625205327,43978878.30673676,7604238.683316372,11270119.366427833,10759199.441903878,9724454.445546422,4410672.741262648,114012123.46227352,YULARA_COMBINED,2017,complete_H144,144,full,24
46,41472.0,21076597.45586296,4085016.928237866,42729693.54144756,6822126.07136633,14635265.493587546,13184161.237733355,11566379.149517111,6607500.134742847,112369701.7468991,YULARA_COMBINED,2017,complete_H144,144,full,24
47,41472.0,14931140.778245596,2913691.95617475,41259628.81545867,5762810.300738586,9200153.114711907,8553309.833973397,7475187.833600124,6299095.114873492,109692177.43481648,YULARA_COMBINED,2017,complete_H144,144,full,24
48,41472.0,25360988.450141907,11921133.220570317,31249405.10704427,10660917.217347827,11880784.25883497,13168956.498803027,12960358.03546912,15596569.48015087,83093467.3310151,YULARA_COMBINED,2017,complete_H144,144,full,24
49,41472.0,21225230.22185452,17038508.017728243,31160940.50830725,13162274.938768946,14953191.6519601,13261731.495023796,14895146.615164986,24286097.287431635,83662511.21290495,YULARA_COMBINED,2017,complete_H144,144,full,24
50,41472.0,24741878.91779047,6128184.466635672,29234403.58943754,6332172.494839445,4990570.3775724685,5009239.030245237,5007089.096875463,9524247.798751136,84249328.52332823,YULARA_COMBINED,2017,complete_H144,144,full,24
51,41472.0,13646474.65976499,2755015.1473380174,44852074.191652134,8187670.590094472,5644880.918773328,6357910.352267724,5681374.424847721,3091198.432848523,117253377.13695504,YULARA_COMBINED,2017,complete_H144,144,full,24
52,41472.0,11744395.55217131,2078284.686105485,40845908.22062233,4236769.870733391,5331245.222291977,5912812.967188892,5532456.382394209,2254724.01974742,107721493.9991231,YULARA_COMBINED,2017,complete_H144,144,full,24
53,41472.0,19812003.1664514,4547135.931468894,41051035.26130285,6795032.750984906,8432310.445559956,9567340.798180131,8531568.775205115,6773177.7772279065,107867366.34359919,YULARA_COMBINED,2017,complete_H144,144,full,24
54,41472.0,14842911.885873422,2256788.501339384,42375682.47613883,5411909.736836028,6692061.59993733,7264079.66613269,6520552.166441623,6057979.994834402,112517917.27646366,YULARA_COMBINED,2017,complete_H144,144,full,24
55,41472.0,36947685.229037344,17773438.931719866,35817750.724454984,15867672.942095807,15015312.083908014,15204989.939669535,15920782.750431351,21916116.36141997,87386216.69058016,YULARA_COMBINED,2017,complete_H144,144,full,24
56,41472.0,27768106.845682174,12189349.516540987,23412714.930285253,8370846.049285746,11599030.888737068,11143186.94732177,12287875.38053348,20498700.595948115,57333098.36472178,YULARA_COMBINED,2017,complete_H144,144,full,24
57,41472.0,22477864.508665726,12983813.747710397,38403863.68020827,15367132.88943878,13386031.89304852,12482882.23497543,12400327.812184699,17483078.249145955,103713426.8247346,YULARA_COMBINED,2017,complete_H144,144,full,24
58,41472.0,28284774.08195622,14410891.071586393,28751920.065228816,12161272.488708746,13817873.327330347,14208198.848564215,14407908.48714704,21256791.549843874,74742701.76410204,YULARA_COMBINED,2017,complete_H144,144,full,24
59,41472.0,63131973.116639875,15062970.383578788,20423296.238847155,11485745.628007492,11286045.199204315,11293213.853975674,12593108.900800908,26403882.033467777,57193371.31359347,YULARA_COMBINED,2017,complete_H144,144,full,24
60,41472.0,21192863.96633468,13879446.16073013,37061073.89731347,14486752.399082113,12756365.179052558,12186701.64449557,11824646.537096165,18593045.828915242,100309411.52170809,YULARA_COMBINED,2017,complete_H144,144,full,24
61,41472.0,20049147.91515606,4459881.149875474,41340086.419886924,7332504.522113475,17618107.654499207,13864011.261899369,13154128.926801959,7083018.21566349,109278896.15556921,YULARA_COMBINED,2017,complete_H144,144,full,24
62,41472.0,23062055.799988445,5752921.152720635,48613725.79748718,8814806.308932772,15585910.429164888,13398902.954648362,12225204.158738265,6325144.071622886,126318586.72145656,YULARA_COMBINED,2017,complete_H144,144,full,24
63,41472.0,14965295.046913913,436850.8018573605,44389476.51231778,3706156.5414881175,10406857.288558237,9725378.060362669,8591781.725625148,392340.0003263589,116702699.07177834,YULARA_COMBINED,2017,complete_H144,144,full,24
64,41472.0,19333085.843023047,1766821.3611305451,48495060.59857216,6172653.569522996,11062981.928219596,11334788.279230228,10243788.767138792,1694065.3755920772,126918650.98880833,YULARA_COMBINED,2017,complete_H144,144,full,24
65,41472.0,16631657.605374595,4590230.798819992,40427059.53570029,5290541.1611749325,9146051.99517447,8133499.097630941,8137357.783420704,6652926.584720719,107397305.91056213,YULARA_COMBINED,2017,complete_H144,144,full,24
66,41472.0,28570747.300203104,28039039.827034313,15274155.18479303,20259438.27521531,14882203.379623089,14175657.255521655,15789377.388325626,39866024.893793374,23817060.541788932,YULARA_COMBINED,2017,complete_H144,144,full,24
67,41472.0,15435834.62246538,27599677.46308066,45462470.479840815,30893382.082281914,11177361.416631777,9904075.473297276,9172194.137165558,40592388.38747808,117893452.33484411,YULARA_COMBINED,2017,complete_H144,144,full,24
68,41472.0,18588248.4026031,587417.0177571824,46574816.557027385,4707652.55660651,8525455.00081757,8699749.037571523,7606942.253426507,546419.4129337781,121122649.23695546,YULARA_COMBINED,2017,complete_H144,144,full,24
69,41472.0,18051780.219543453,2130156.300198763,40302503.99788866,3791290.5132106626,7960555.993157692,8691523.533887066,7787110.318867975,2296075.597536667,108612209.44668895,YULARA_COMBINED,2017,complete_H144,144,full,24
70,41472.0,21334374.760540538,3438140.4779182,43654807.05186002,5129972.88830489,7265418.142478008,7419087.54754542,6707944.953721268,2524861.6083406066,114970419.41528517,YULARA_COMBINED,2017,complete_H144,144,full,24
71,41472.0,11192554.47921616,7242589.692926806,25909795.872302726,4845892.951795897,5546616.138297941,6221200.341084788,6190131.294620037,10005540.074530343,72993560.64427812,YULARA_COMBINED,2017,complete_H144,144,full,24
72,41472.0,15383521.354957756,5414642.728902458,33564854.65183415,7456654.3347212095,6926372.524247324,6617161.275908926,6437185.363422887,8168177.157663765,91868859.92654227,YULARA_COMBINED,2017,complete_H144,144,full,24
73,41472.0,35262301.07957074,22088924.618786566,19127646.458817314,16245805.968619818,23333306.161111787,24134650.543289784,24817395.85460043,30382775.95052069,44958140.61836088,YULARA_COMBINED,2017,complete_H144,144,full,24
74,41472.0,14037733.013921713,23543943.69120187,43049731.63859882,24905479.825881656,10814730.138679462,9994128.68392897,8557848.189768096,34004184.31781984,112416444.83165729,YULARA_COMBINED,2017,complete_H144,144,full,24
75,41472.0,15123395.568844117,896706.7099978523,42993733.56975205,4385725.3902374515,5727192.644313955,5841627.8039484145,5676599.105815138,1935381.276496874,112542360.0810323,YULARA_COMBINED,2017,complete_H144,144,full,24
76,41472.0,15563049.793612376,2684512.703810458,40674521.95851288,4968395.67101321,5738666.9557462325,7108524.014600272,7018800.4471629625,3131257.187722838,107879327.00332369,YULARA_COMBINED,2017,complete_H144,144,full,24
77,41472.0,22076183.50539924,11139490.585554918,34259130.35581148,10160770.24012845,11482850.014605796,11883565.744437654,12490178.125547837,12533259.106064089,89895794.56015208,YULARA_COMBINED,2017,complete_H144,144,full,24
78,41472.0,16753046.267831687,8302214.6414358225,29031965.444723066,7869160.532091019,11347985.071817905,9626666.453172812,11616585.507074647,16616779.248647476,77927632.74198815,YULARA_COMBINED,2017,complete_H144,144,full,24
79,41472.0,14285210.240730923,4974449.6180732725,40565748.02047431,9291481.475025674,4745311.374501916,6577250.631674093,6086964.292220031,10045427.395166105,106360393.46747595,YULARA_COMBINED,2017,complete_H144,144,full,24
80,41472.0,16482314.058627892,679712.6032645854,44863720.21114712,4931744.829083109,4962511.788335491,6043095.2559935935,5330135.576299576,614108.8329317833,116017864.83270791,YULARA_COMBINED,2017,complete_H144,144,full,24
81,41472.0,13393154.775236135,287184.2206313123,44152567.07404499,3855075.895002036,5758843.192229544,6519148.229675503,5903110.0365511635,18333.103350682908,115409711.2437865,YULARA_COMBINED,2017,complete_H144,144,full,24
82,41472.0,12564511.887170581,254056.23601989643,41245756.42977935,3202970.4858116084,4654028.569237931,5661504.975440989,5254055.658083154,93935.56700601467,109168307.78760478,YULARA_COMBINED,2017,complete_H144,144,full,24
83,41472.0,11658936.280753434,167994.81844076279,39141334.58982324,2845282.0201981864,3543473.5894435234,4190823.2828039043,4085209.850004005,57639.76687799152,105165337.11537276,YULARA_COMBINED,2017,complete_H144,144,full,24
84,41472.0,10709497.452296609,483570.7901782278,37623966.51099045,2912549.6721782456,3015802.3718520557,4826739.859102381,4352551.398673727,439000.2476470768,102743676.90083802,YULARA_COMBINED,2017,complete_H144,144,full,24
85,41472.0,13075325.254310198,1095007.0241062348,36817489.24439791,3337905.3186332164,3449856.5954576503,4625368.464786208,4425931.891470529,1151821.6337838972,98611890.62133785,YULARA_COMBINED,2017,complete_H144,144,full,24
86,41472.0,15719675.523167266,4864296.161017909,33704650.049644716,5746077.471683669,6758464.305381165,7078810.239433521,7410705.017850554,5117365.092634464,89263867.96338369,YULARA_COMBINED,2017,complete_H144,144,full,24
87,41472.0,32326436.421569657,18709955.47943208,17509785.14722024,15249453.241658244,17815816.28044181,18548844.790810894,20844247.34152067,26879357.775490396,31605897.65194193,YULARA_COMBINED,2017,complete_H144,144,full,24
88,41472.0,24273443.50755225,13208646.53391091,25859417.48513358,14258732.950847322,14945005.857092218,12690693.597888935,13962771.40162824,19586444.610636998,69780624.0248643,YULARA_COMBINED,2017,complete_H144,144,full,24
89,41472.0,27835471.285547163,14119743.840418082,25334235.2070781,13180413.337741941,13266068.893808836,14000220.249546414,15258521.898999209,21939453.65931217,62956961.34835786,YULARA_COMBINED,2017,complete_H144,144,full,24
90,41472.0,23105975.43100908,13341039.94164804,30035571.400306612,13163650.26967984,16299491.72870309,13971167.42533264,13912392.297842927,21881390.474171344,78200137.18370897,YULARA_COMBINED,2017,complete_H144,144,full,24
91,41472.0,23205805.135698535,9905797.476204913,31208032.051270705,10709116.66478884,14276101.686924815,12068507.892834192,13001178.724179544,18315092.45484023,83096520.7467334,YULARA_COMBINED,2017,complete_H144,144,full,24
0,82944.0,42255370.38758254,33655893.96454524,75596561.08372717,37390882.29338753,29660884.476092942,26792166.251075897,24700720.50879571,52002918.47528964,199908497.16399527,YULARA_COMBINED,2017,complete_H144,144,full,48
1,82944.0,26775650.66620032,2544504.2163410555,74735658.22066154,6657766.111004517,15367236.521626124,12867903.75247671,12504750.091457509,4280903.966337304,203414729.1449814,YULARA_COMBINED,2017,complete_H144,144,full,48
2,82944.0,58522602.54237842,24327226.30373572,47669788.268067084,23037508.17972915,23692140.767002515,27673439.90638936,30562080.622421812,33568331.19550038,86009866.51141769,YULARA_COMBINED,2017,complete_H144,144,full,48
3,82944.0,48003543.34996109,26896015.816588182,69268690.4882855,30816317.14660533,32361693.04810266,30385293.072412178,29891515.481968597,41659616.92039308,174072681.21458778,YULARA_COMBINED,2017,complete_H144,144,full,48
4,82944.0,39697863.835260764,23620428.408913635,56886293.7141371,22882404.227953482,25470550.599381648,23408719.790280405,23901088.971510112,34232703.68494291,142490772.05677485,YULARA_COMBINED,2017,complete_H144,144,full,48
5,82944.0,38097122.35568913,15446490.269441042,75009144.91702099,18793857.871582642,25353229.671885345,22667395.011631183,22279452.85111592,24078972.04498172,200349333.28886598,YULARA_COMBINED,2017,complete_H144,144,full,48
6,82944.0,34122198.5211767,11038099.293343715,74538454.99718188,14508540.441149065,21099574.29893773,18726152.707086902,18510969.997535348,18659554.510693036,197835949.35014817,YULARA_COMBINED,2017,complete_H144,144,full,48
7,82944.0,31762007.24475069,7910849.313078835,88755671.4868311,14906045.99271266,18701445.366686884,17828887.80859984,16409329.678945223,11412737.953033,234528347.77250808,YULARA_COMBINED,2017,complete_H144,144,full,48
8,82944.0,24260025.00441244,401954.27622876386,79978976.00970778,6332108.787551117,10699072.75758001,10958994.64450394,10396730.95843762,159181.6936089673,215901875.33514625,YULARA_COMBINED,2017,complete_H144,144,full,48
9,82944.0,34311745.96290403,5540059.790406616,85089526.82971181,11715008.508052416,15210335.056894457,14751091.383248929,13768878.156438379,7940228.277873638,221342031.97228405,YULARA_COMBINED,2017,complete_H144,144,full,48
10,82944.0,34371763.74570932,2125091.302250744,94435941.88230242,10188797.254793739,18006305.814255644,18445175.379748754,16459443.476071991,1633205.4955727858,248332660.80395475,YULARA_COMBINED,2017,complete_H144,144,full,48
11,82944.0,33605824.273895286,6448004.500481198,80967327.4852188,10591789.862964138,17604875.76779428,16783913.133884907,16668896.316365536,9965118.415569188,215926620.90652552,YULARA_COMBINED,2017,complete_H144,144,full,48
12,82944.0,32947024.58051607,5078098.733741124,80746052.02880639,10035276.668565514,13189703.334043337,15232148.857555682,15052137.717821367,7077833.209700098,214179308.34611565,YULARA_COMBINED,2017,complete_H144,144,full,48
13,82944.0,35075736.78049271,15193569.824241266,72462688.4328458,18904158.88527721,18325781.120417852,17852564.537332762,17418416.972687226,25043994.353183556,194238339.13672397,YULARA_COMBINED,2017,complete_H144,144,full,48
14,82944.0,35259008.01198982,911692.9439543103,91746069.32769087,9125078.97482537,16449807.601835577,16714390.123802392,13728233.936070444,122146.8783712733,241550367.76779154,YULARA_COMBINED,2017,complete_H144,144,full,48
15,82944.0,32160436.017675757,793774.160595674,94622630.00108585,9049662.862888755,21474043.244833045,22701963.03022263,20142756.385266844,26038.11147178691,250095122.5721698,YULARA_COMBINED,2017,complete_H144,144,full,48
16,82944.0,15456077345.160759,1301729173.9617934,95879440.57531366,59505275.24784241,26145400.68776583,24296300.818574477,25892594.01909353,129788.58369232733,235635860.9196446,YULARA_COMBINED,2017,complete_H144,144,full,48
17,82944.0,21154894976.08478,1698331059.4368894,86308838.82193021,71401526.18364951,25194708.202357862,23852039.7155625,28318701.40128331,7527131.8557780115,209354615.94255137,YULARA_COMBINED,2017,complete_H144,144,full,48
18,82944.0,15790928370.844597,1245376679.7085698,65118943.63720553,52466452.236851156,25777221.96848151,24276954.211714577,27453434.67767837,24212514.997923702,157315675.62434083,YULARA_COMBINED,2017,complete_H144,144,full,48
19,82944.0,40301619.36009113,30882257.01509473,56259947.8076899,29957164.653459404,25457361.412396744,22462590.921287682,24162170.253993623,45444299.75860274,140707898.99266866,YULARA_COMBINED,2017,complete_H144,144,full,48
20,82944.0,48750927.17378535,30720086.75597785,33997451.34757204,26560322.832938176,31969372.939808797,31273579.539670836,32714296.35956863,41859922.45458915,71879646.70474188,YULARA_COMBINED,2017,complete_H144,144,full,48
21,82944.0,76651015.73432949,20906916.680043858,62348675.099399544,23953621.810477026,27285049.388896678,24279879.86199392,22843979.33405414,28832190.626812596,168732499.31630725,YULARA_COMBINED,2017,complete_H144,144,full,48
22,82944.0,38374305.79398346,9673416.637857089,84051010.81312978,15691712.859460307,24653038.826839805,21510839.78813231,19209893.825836428,14965143.686322898,220679766.84133434,YULARA_COMBINED,2017,complete_H144,144,full,48
23,82944.0,36007738.23410857,6998708.884412616,83989322.35690624,12584936.372104896,23835418.60829944,21737471.071706768,19041566.983117238,12906595.249616338,222061879.18171546,YULARA_COMBINED,2017,complete_H144,144,full,48
24,82944.0,46586218.67199641,28959641.23829854,62410345.615351535,23823192.156116765,26833975.91079508,26430687.99382681,27855504.650634125,39882666.76758254,166755978.54392007,YULARA_COMBINED,2017,complete_H144,144,full,48
25,82944.0,38388353.57755544,8883199.613973685,74086477.7810896,14519843.084933909,10635451.296345789,11367149.38251295,10688463.521723188,12615446.231599685,201502705.6602829,YULARA_COMBINED,2017,complete_H144,144,full,48
26,82944.0,31556398.718622703,6625420.6175743835,81896943.48192532,11031802.62171829,13763555.667851932,15480153.765369013,14064025.157599313,9027901.796975335,215588860.3427224,YULARA_COMBINED,2017,complete_H144,144,full,48
27,82944.0,51790597.11491075,20030227.43305924,78193433.20059392,21279582.678931855,21707373.683845337,22469069.605802223,22441334.91687297,27974096.35625436,199904133.96704382,YULARA_COMBINED,2017,complete_H144,144,full,48
28,82944.0,50245971.354347914,25173163.264251392,61816578.61049357,23737978.93872452,24985062.7817856,23626069.182297185,24688203.192718174,37981778.84509409,161046525.18945637,YULARA_COMBINED,2017,complete_H144,144,full,48
29,82944.0,91416747.1985961,29473861.455165178,49175216.304076,23647018.116716255,25103918.526534647,25501412.70253992,27001017.387947936,47660673.58331162,131936073.07769562,YULARA_COMBINED,2017,complete_H144,144,full,48
30,82944.0,41242011.8814907,18339327.310605586,78401160.31720033,21819256.92119559,30374472.83355174,26050712.906394918,24978775.463898096,25676064.044578727,209588307.6772775,YULARA_COMBINED,2017,complete_H144,144,full,48
31,82944.0,38027350.84690235,6189771.954577998,93003202.30980493,12520962.850420883,25992767.717723086,23124281.01501104,20816985.8843634,6717484.071949243,243021285.793235,YULARA_COMBINED,2017,complete_H144,144,full,48
32,82944.0,35964743.44839762,6357052.159950537,88922120.13427235,11463194.73069793,20209033.92339404,19468287.37686117,18381146.550559495,8346991.960312792,234315956.8993704,YULARA_COMBINED,2017,complete_H144,144,full,48
33,82944.0,44006581.92266852,55638717.290114924,60736625.6646338,51152820.357497215,26059564.796254847,24079732.728818946,24961571.52549117,80458413.28127135,141710512.87663326,YULARA_COMBINED,2017,complete_H144,144,full,48
34,82944.0,36640028.622146554,2717573.3179559456,86877320.55491592,8498943.069817176,16486010.993975248,17391272.571458604,15394052.572294496,2842495.0104704453,229734858.68364462,YULARA_COMBINED,2017,complete_H144,144,full,48
35,82944.0,32526929.239756703,10680730.170845004,69564602.92416266,9975865.840100788,12812034.280775942,13640287.8886302,12898076.248341309,12530401.682870954,187963980.05956343,YULARA_COMBINED,2017,complete_H144,144,full,48
36,82944.0,50645822.4345285,27503567.34768904,52692501.110651515,23702460.303341053,30259678.685359105,30751811.81919872,31254581.218023323,38550953.10818447,136827000.54490298,YULARA_COMBINED,2017,complete_H144,144,full,48
37,82944.0,29161128.582765818,24440650.401199717,86043465.20835093,29291205.216119125,16541922.782993408,15835756.487877393,14234447.29558325,35939565.594316706,224958804.9126894,YULARA_COMBINED,2017,complete_H144,144,full,48
38,82944.0,37639233.29901159,13824003.289365377,74933652.31432429,15129165.91114167,17221516.970352024,18992089.75903793,19508978.57271077,15664516.293786926,197775121.5634757,YULARA_COMBINED,2017,complete_H144,144,full,48
39,82944.0,31038256.50856261,13276664.259509088,69597713.46519743,17160642.007116694,16093296.446319798,16203917.08484691,17703549.799294658,26662206.64381357,184288026.20946398,YULARA_COMBINED,2017,complete_H144,144,full,48
40,82944.0,29875468.83386402,966896.8238958984,89016287.28519215,8786820.724085143,10721354.980565036,12562243.485669112,11233245.612850735,632441.9362824649,231427576.07649437,YULARA_COMBINED,2017,complete_H144,144,full,48
41,82944.0,24223448.16792405,422051.0544606589,80387091.01960263,6048252.506009799,8197502.158681457,9852328.258244885,9339265.50808716,151575.33388400613,214333644.90297735,YULARA_COMBINED,2017,complete_H144,144,full,48
42,82944.0,23784822.706606824,1578577.8142844604,74441455.75538833,6250454.990811458,6465658.967309706,9452108.323888594,8778483.290144276,1590821.8814309745,201355567.5221757,YULARA_COMBINED,2017,complete_H144,144,full,48
43,82944.0,48046111.944736876,23574251.640449997,51214435.19686493,20995530.713341918,24574280.585823003,25627655.030244432,28254952.359371226,31996722.868124865,120869765.61532564,YULARA_COMBINED,2017,complete_H144,144,full,48
44,82944.0,52108914.79309932,27328390.37432896,51193652.69221172,27439146.288589295,28211074.750901077,26690913.847435348,29221293.300627466,41525898.26994913,132737585.37322217,YULARA_COMBINED,2017,complete_H144,144,full,48
45,82944.0,46311780.5667076,23246837.41785297,61243603.45157738,23872766.934468705,30575593.415627856,26039675.318166856,26913571.02202244,40196482.929011576,161296657.93044218,YULARA_COMBINED,2017,complete_H144,144,full,48
0,124416.0,56139617.59846279,35031720.639383204,114436946.88020034,40668322.314955905,39224264.31288753,34391924.17980684,31766369.635962024,54012483.40789416,305377281.462564,YULARA_COMBINED,2017,complete_H144,144,full,72
1,124416.0,71414005.99769847,25495903.8452388,83565060.69225563,26417834.269165225,29495997.451834053,32941585.730135184,36001181.58671295,35839670.22923319,183955811.35783067,YULARA_COMBINED,2017,complete_H144,144,full,72
2,124416.0,67288492.61434893,40745794.72351368,90351855.3460536,40757430.903144106,41660306.925270766,39756597.643896446,40143510.57128041,60534904.168556035,225392804.77280587,YULARA_COMBINED,2017,complete_H144,144,full,72
3,124416.0,58510036.92656201,25217139.77142918,110812273.77338995,31735148.342997342,41525166.394098796,36704810.23042738,35928546.73331412,39436388.48176177,291519981.78742266,YULARA_COMBINED,2017,complete_H144,144,full,72
4,124416.0,50567655.56226697,18640335.54042617,119600696.60935444,25451556.180695027,30993670.715049088,27181219.68917637,26240957.390557382,29143680.5778534,317074520.98630613,YULARA_COMBINED,2017,complete_H144,144,full,72
5,124416.0,39576575.20807284,710567.3422251396,123672405.8843663,10295139.040717844,19506421.70815554,20332815.471014295,19076073.244360793,1087793.5794815877,331191651.47149634,YULARA_COMBINED,2017,complete_H144,144,full,72
6,124416.0,53101882.98983951,6179254.287647922,133030629.023677,16857124.0179751,24231710.528685864,23899259.710835923,21910224.96946358,8087003.304737868,346007092.6223761,YULARA_COMBINED,2017,complete_H144,144,full,72
7,124416.0,49187450.99266919,7933901.305490632,127462167.17355587,15638471.607835189,26589806.110258527,26080920.18604662,24986992.979412336,11451548.884277739,339594221.0603891,YULARA_COMBINED,2017,complete_H144,144,full,72
8,124416.0,53644264.39718775,15477162.53084122,110952439.57311925,18832183.493181102,25016419.430295285,26241477.01520109,26413930.278301265,19936646.05086847,295665211.22537225,YULARA_COMBINED,2017,complete_H144,144,full,72
9,124416.0,49637504.975810766,5706198.971095478,134002370.21622382,19232331.03548696,22948872.626001433,23557626.503489703,19784858.348277736,12307328.39038642,354302804.0252583,YULARA_COMBINED,2017,complete_H144,144,full,72
10,124416.0,4776547652.908466,441136577.00283456,142717195.1575586,29678501.77608707,35727322.02626607,35963274.44723816,33088717.962640338,67280.62722975337,371304448.0331711,YULARA_COMBINED,2017,complete_H144,144,full,72
11,124416.0,31866585104.354763,2559717430.5564456,134093714.24077119,110277962.51829363,37086830.10869062,34887029.117121436,41265333.843003295,7615677.923712373,323781151.40119463,YULARA_COMBINED,2017,complete_H144,144,full,72
12,124416.0,15816899094.910273,1261494966.194032,87484667.60949828,65331731.04544594,42689285.7371347,39351412.818058684,44399810.64412186,45390808.38390796,203434469.43759245,YULARA_COMBINED,2017,complete_H144,144,full,72
13,124416.0,63081822.46820619,45484057.28561116,67891675.18296917,43652208.6778028,40514670.58355239,38661711.854614384,39930090.64711874,66125928.827207565,166468751.88415894,YULARA_COMBINED,2017,complete_H144,144,full,72
14,124416.0,92244345.01960018,26389851.455380373,102420807.60579261,32041095.986620974,40667968.84930867,35031520.20822234,32329418.7143441,39386661.571872875,275400142.6953686,YULARA_COMBINED,2017,complete_H144,144,full,72
15,124416.0,58788714.74282128,11189190.746933147,127968200.6636429,20189175.055421293,35105537.97472731,32496670.51361067,28766021.428663634,17317267.990878977,336074002.64398944,YULARA_COMBINED,2017,complete_H144,144,full,72
16,124416.0,71328097.58978681,35087825.7049342,91644749.20478924,30155364.650956236,31824546.28836755,31439927.024072032,32862593.747509617,49406914.5663337,251005307.0672484,YULARA_COMBINED,2017,complete_H144,144,full,72
17,124416.0,45202873.37838766,9380435.764912393,126749017.67357743,19219473.21181277,19408436.586625252,21838064.11763675,19745399.58244702,12119100.229823863,332842237.47967684,YULARA_COMBINED,2017,complete_H144,144,full,72
18,124416.0,79558703.9605929,32219576.949600197,101606148.1308792,29650428.728217606,33306404.57258239,33612256.55312397,34729210.29740646,48472796.95220246,257237232.33176568,YULARA_COMBINED,2017,complete_H144,144,full,72
19,124416.0,113894611.70726183,42457675.20287551,87579079.9842842,39014151.006155066,38489950.419583164,37984294.93751532,39401345.20013259,65143751.832457535,235649499.90242982,YULARA_COMBINED,2017,complete_H144,144,full,72
20,124416.0,64304067.68147913,24092248.463326234,127014886.11468755,30634063.230128374,45960383.26271661,39449615.86104331,37203979.622636385,32001208.11620162,335906894.398734,YULARA_COMBINED,2017,complete_H144,144,full,72
21,124416.0,50930038.49531157,6793902.961807904,133311596.64659016,15169351.272186028,30615891.211952273,29193665.43722382,26972928.276184637,8739331.96063915,351018655.9711481,YULARA_COMBINED,2017,complete_H144,144,full,72
22,124416.0,62594830.32527166,56226134.30787205,107311442.22166128,55860472.91410373,34585019.79707241,32779481.766390473,32568513.778917678,81004832.69420505,262833162.1135886,YULARA_COMBINED,2017,complete_H144,144,full,72
23,124416.0,50578709.45930025,12810886.471043782,109867106.9220513,13767156.35331145,20772590.27393361,22331811.42251729,20685186.567209285,14826477.28040761,296576189.50625175,YULARA_COMBINED,2017,complete_H144,144,full,72
24,124416.0,64683555.44845021,51047511.03889083,95742232.74925032,48607940.12922272,41074408.824038535,40745940.50312772,39812429.40779144,72555137.42600432,249243445.37656027,YULARA_COMBINED,2017,complete_H144,144,full,72
25,124416.0,52762628.86785575,14720709.999363229,117927385.88407625,19514891.301379133,22948709.61466598,24833717.562986363,25185577.67852597,17599897.570283797,310317481.6445088,YULARA_COMBINED,2017,complete_H144,144,full,72
26,124416.0,47520570.56719048,13956376.862773668,114461433.67634459,22092386.836199798,21055808.23465529,22247012.340840504,23033685.375594236,27276315.47674537,300305891.0421717,YULARA_COMBINED,2017,complete_H144,144,full,72
27,124416.0,37616602.943160124,709235.2750919716,124539658.09364752,9903328.401011819,13956345.350911021,16371476.487920402,15242375.544638349,169908.43723468904,329743356.1467643,YULARA_COMBINED,2017,complete_H144,144,full,72
28,124416.0,39504498.22977409,6442873.97530237,108146105.805033,11996532.462495135,13224123.27269086,16530918.563322134,16189188.307994835,6708186.974065442,290619435.4855595,YULARA_COMBINED,2017,complete_H144,144,full,72
29,124416.0,84435351.2146691,46038345.85376104,68703437.83943194,42688599.53024745,46026891.031342834,45239758.63824626,50065540.64214814,68405256.04543959,164343483.0251643,YULARA_COMBINED,2017,complete_H144,144,full,72
30,82944.0,46311780.5667076,23246837.41785297,61243603.45157738,23872766.934468705,30575593.415627856,26039675.318166856,26913571.02202244,40196482.929011576,161296657.93044218,YULARA_COMBINED,2017,complete_H144,144,full,72
0,19884.0,15287794.169071294,23836471.613113817,21558123.988444496,21824800.095480803,16941042.382390182,15160527.130707202,13675802.6527449,35839779.284931794,45254220.18032554,YULARA_COMBINED,2017,complete_H144,144,power-active,24
1,20386.0,17336486.520653334,9492554.656232838,39524223.344926424,13797006.868272614,10618090.854936413,9185275.482454251,8313858.65912173,16162036.823540855,70907294.67587717,YULARA_COMBINED,2017,complete_H144,144,power-active,24
2,20429.0,11271893.703744942,1314737.6865722262,32651001.921190333,2794606.7673853897,8684665.906240119,6969469.938380954,6262332.428513866,2009449.5911507,62720743.29736136,YULARA_COMBINED,2017,complete_H144,144,power-active,24
3,20448.0,10355161.364836639,1127089.4265261304,30042188.881604843,2978209.6139815217,4986997.380286598,4838600.335813653,4806917.339466072,2271259.761014245,56895568.256722376,YULARA_COMBINED,2017,complete_H144,144,power-active,24
4,19389.0,15469528.237765163,13000875.60966029,18091446.008664817,10086508.595258754,12835675.030905096,12847309.571433676,13629876.869975459,16222457.224609291,39973409.22859637,YULARA_COMBINED,2017,complete_H144,144,power-active,24
5,18571.0,13708073.448953036,10545640.622796133,7464675.224761728,9517251.556360088,7961040.984539233,12078824.492756547,13584808.829980401,17127094.939934142,15930186.290553214,YULARA_COMBINED,2017,complete_H144,144,power-active,24
6,19496.0,20625795.16792948,15328688.030655699,20935765.090408675,15396265.514306668,17123280.165790983,17571299.68680636,17961650.24417749,21815190.343751505,45505761.78877213,YULARA_COMBINED,2017,complete_H144,144,power-active,24
7,20865.0,12021103.229516037,11229834.7631734,32763899.053922992,13580185.2986405,12746901.394536102,9785335.691820113,8373443.8383944025,19844257.49400133,63027653.797354236,YULARA_COMBINED,2017,complete_H144,144,power-active,24
8,20463.0,11705541.781710764,13745919.968962044,12926907.844861912,9210779.017478045,8712282.63539656,8914855.10580654,9620350.821041057,18872847.435010903,32038948.895127583,YULARA_COMBINED,2017,complete_H144,144,power-active,24
9,20160.0,14776298.537133817,9666247.935249012,28177591.9937268,12170982.22984292,15389991.238758871,13172834.303982422,12555296.809587652,15357166.059077222,59365975.25045992,YULARA_COMBINED,2017,complete_H144,144,power-active,24
10,20800.0,15180793.238489265,10564614.774211299,31730933.75193911,10449464.703303687,14255528.711350922,12397537.875395995,11888624.312018152,14760992.81178814,61971576.69400764,YULARA_COMBINED,2017,complete_H144,144,power-active,24
11,20801.0,15076679.35742535,4760219.262821633,31116590.319607813,7718786.709674674,9671435.027369652,9245624.565592784,8991552.27486006,9317753.974090729,59541641.61575422,YULARA_COMBINED,2017,complete_H144,144,power-active,24
12,21024.0,14718801.233420976,3552230.8511414235,36754633.60016969,6826215.925330532,10908359.79527781,9367559.758402437,8702362.465243515,7971653.735686318,65982267.92342738,YULARA_COMBINED,2017,complete_H144,144,power-active,24
13,21103.0,12783976.984004067,7376804.94446599,25444659.55226298,6818129.989184224,8795176.1648494,8500820.980848191,8552905.867503433,10687663.66301941,58001578.88636685,YULARA_COMBINED,2017,complete_H144,144,power-active,24
14,20945.0,14114900.224293659,7531798.16225484,39703708.83902078,10600900.903581548,9387502.432568682,8196073.3036695765,7335934.230818211,10483883.700011505,70131146.36878997,YULARA_COMBINED,2017,complete_H144,144,power-active,24
15,21024.0,13264838.739726927,250487.25167246893,38464867.86962447,3467493.119021065,8129813.738975473,8960157.023653457,8026097.0430447785,928607.9246318224,68248617.59237683,YULARA_COMBINED,2017,complete_H144,144,power-active,24
16,21024.0,10270394.118610565,154005.97064828067,36041738.43413271,2871373.925313645,5530619.78444017,5698982.789517701,5116794.654059284,69136.03828174862,65858153.30254073,YULARA_COMBINED,2017,complete_H144,144,power-active,24
17,21024.0,9559810.155456599,154144.7165990081,33976703.91264628,2554471.5908744545,3985854.047490349,4732443.603304992,4373838.483250317,90041.85351312993,62827894.661393456,YULARA_COMBINED,2017,complete_H144,144,power-active,24
18,21024.0,13431012.971169017,3436444.4855550127,34762218.98630248,5349856.02247119,6279921.69339987,6563480.846378878,5961459.657731153,3710439.6907469337,65822361.48172298,YULARA_COMBINED,2017,complete_H144,144,power-active,24
19,21024.0,15739923.1837362,1961186.3979153107,39750098.670882486,5574915.056698271,7194208.158341469,7200932.135524168,6285722.726955761,4229775.110574139,69463276.61471297,YULARA_COMBINED,2017,complete_H144,144,power-active,24
20,21024.0,17153100.774529845,570122.6062440872,42986320.71741026,4719067.664542529,8358833.062022031,8792310.866869086,7561558.508679013,146770.4190402756,73932422.61162058,YULARA_COMBINED,2017,complete_H144,144,power-active,24
21,21168.0,13755505.894910859,1401303.2802621417,41429447.13618375,4581689.628169153,8687452.771852039,9166278.08886277,8074865.894275644,1486408.7880232118,76053555.86615285,YULARA_COMBINED,2017,complete_H144,144,power-active,24
22,21090.0,13505504.741575992,3121297.978455135,32806211.323430687,3848043.9185202518,7298896.78325429,7864125.00717882,7200929.219450247,4601969.723931369,63784324.17032918,YULARA_COMBINED,2017,complete_H144,144,power-active,24
23,21235.0,13885530.35337182,3219432.2422793517,37731492.10024164,5981747.220526881,8833046.496326342,8027768.3429619,8118547.708161862,5363085.927362371,69523545.63139994,YULARA_COMBINED,2017,complete_H144,144,power-active,24
24,21168.0,14638700.986644447,1378220.053713881,35671517.14351736,3751648.740834103,4640141.319614068,5478344.986482273,5007950.062194941,2387987.148995035,64612331.74569907,YULARA_COMBINED,2017,complete_H144,144,power-active,24
25,21312.0,13028370.493639389,3610706.3542929427,35538049.66477371,5644057.966782988,7326388.459569661,9013823.909551699,8782033.808290021,4689524.424824265,64907271.98544783,YULARA_COMBINED,2017,complete_H144,144,power-active,24
26,21744.0,14861637.622235827,10327181.051839238,24627559.09837436,8498103.666591275,11118617.488511998,10600523.698637893,10673485.813868431,12858577.620194783,51734864.31020713,YULARA_COMBINED,2017,complete_H144,144,power-active,24
27,21456.0,11526155.895227315,4742794.07614545,37511580.40786903,9636303.391971394,6200008.727143244,6714770.410625715,5789863.402924419,12184918.829691067,67344915.13152668,YULARA_COMBINED,2017,complete_H144,144,power-active,24
28,21456.0,10200545.492427366,385211.747948234,39867573.5729721,4057851.1749111186,8118948.749820562,9076420.778969515,7447835.747255373,84646.19998542854,71107826.50298093,YULARA_COMBINED,2017,complete_H144,144,power-active,24
29,21456.0,19675882.874288045,409053.2700686827,42645049.27732827,4240572.794662173,7563684.447631237,7320401.673059613,5716619.414587531,37491.01569057313,73386452.50781026,YULARA_COMBINED,2017,complete_H144,144,power-active,24
30,21600.0,14466404.745013634,312142.0556824032,42197449.61217669,4041465.2662081746,10570424.857155005,11190731.772745533,9726549.82889494,11975.499881529891,75027593.74156626,YULARA_COMBINED,2017,complete_H144,144,power-active,24
31,21600.0,14728180.764944004,327298.347490063,43129767.22611412,4118458.964951416,10310935.333115874,11231230.914066778,9897637.21595789,14058.716808679028,75920519.23918682,YULARA_COMBINED,2017,complete_H144,144,power-active,24
32,21600.0,1596671788.5814226,74124386.48152001,42424703.658437505,11431501.699412234,12971715.971444169,11589616.647989154,11541914.465711309,41241.92169739068,73081175.14658058,YULARA_COMBINED,2017,complete_H144,144,power-active,24
33,21600.0,5729293918.433512,447991086.94569767,42135088.95828804,24485042.473567102,10147364.284225697,8763465.040220406,11501014.70112447,88543.97663152764,69080453.8443469,YULARA_COMBINED,2017,complete_H144,144,power-active,24
34,21668.0,5665469633.962754,451300767.8212983,41361096.81622528,24162390.2810374,9881950.984917052,8748616.219753698,11527627.076353978,565488.0938865076,68131623.47050884,YULARA_COMBINED,2017,complete_H144,144,power-active,24
35,21532.0,5537689640.893895,423463784.17024225,33552011.951878235,20594853.969071914,11891033.347887749,10706358.301513037,13964005.300078994,6961531.931496941,58358724.03234667,YULARA_COMBINED,2017,complete_H144,144,power-active,24
36,21092.0,5395965120.483155,381201887.38157153,21139219.94985096,15955498.341092406,10696779.482575506,10057619.369521875,12521450.716905706,14411998.767146582,41972332.30739984,YULARA_COMBINED,2017,complete_H144,144,power-active,24
37,20362.0,3858822652.722611,419265822.0538781,30449847.603502862,22330965.885817435,11946890.109701052,10375543.749606041,12881783.758901035,9757513.063584274,54368940.898612924,YULARA_COMBINED,2017,complete_H144,144,power-active,24
38,20678.0,14452228.461978376,15883182.99932419,12938269.97397097,11915089.424903031,14686805.593617521,13598026.799759781,14955750.269192994,21116212.624697816,29998667.565356724,YULARA_COMBINED,2017,complete_H144,144,power-active,24
39,21676.0,10966718.986605123,14713032.433191177,28650201.13897311,16683737.117730362,8137978.288764648,7093180.779909341,6794682.543827703,24265864.299284913,58016440.979826175,YULARA_COMBINED,2017,complete_H144,144,power-active,24
40,20441.0,12662992.332519919,21805340.616561405,4858933.023995764,15318897.66956533,18654337.712214444,17731429.30321396,18645988.71245012,30025170.255133465,15894103.532521764,YULARA_COMBINED,2017,complete_H144,144,power-active,24
41,22039.0,11736959.749997068,8493753.069724621,11697195.485154152,8541295.63277792,11646010.952876618,11993377.668530852,12061724.92535402,11814447.107470673,32843790.64934012,YULARA_COMBINED,2017,complete_H144,144,power-active,24
42,20987.0,13198832.243963523,8581440.090658547,20990677.03404703,10776299.560277233,12688632.96221018,12096754.838486025,11013112.601749513,14182857.654658508,37164978.98069005,YULARA_COMBINED,2017,complete_H144,144,power-active,24
43,21138.0,15283169.31370133,11756903.531543678,29186532.557698842,11552994.209586294,13274358.130552763,11118259.114181835,10355721.128888866,14643137.798335817,62518279.42721775,YULARA_COMBINED,2017,complete_H144,144,power-active,24
44,21372.0,12431781.313322416,5401351.895245848,34720322.76179491,7815115.121207352,12891907.852729306,10337526.396731628,8904558.546759991,10554057.551474107,65639994.161679156,YULARA_COMBINED,2017,complete_H144,144,power-active,24
45,20887.0,16557582.440448904,4069205.262713645,38354563.571391076,7188092.633501763,10547368.488326237,10248646.713987244,8975932.324574508,4279247.053551909,68463655.38820846,YULARA_COMBINED,2017,complete_H144,144,power-active,24
46,20948.0,17613051.886359833,4007107.756335829,37433736.828717016,6532508.503654448,13733375.816291954,12516575.825452281,10736651.941648263,6600262.690895377,65927694.374362364,YULARA_COMBINED,2017,complete_H144,144,power-active,24
47,22032.0,11991865.810165733,2866200.566074259,36782155.73838192,5387371.288544078,8866599.481032345,8342908.001793288,7125894.983934075,6298970.049987242,67770509.70939924,YULARA_COMBINED,2017,complete_H144,144,power-active,24
48,21964.0,17945192.738850616,11806532.912801066,26084816.897013772,10189508.557924272,11372375.55939133,12711170.622507554,12439466.508051336,15596549.289542865,54955458.72645782,YULARA_COMBINED,2017,complete_H144,144,power-active,24
49,21593.0,14917915.954989867,16877932.03920139,25507230.510137234,12578932.229829103,14387700.67521161,12737656.593785651,14048798.671624003,24285234.804090343,48297872.02056157,YULARA_COMBINED,2017,complete_H144,144,power-active,24
50,22176.0,14143951.613154165,6068914.00342323,24872896.074999515,5968031.906740325,4703501.114304962,4810848.94667226,4651078.274774246,9524156.541765923,50837572.69752483,YULARA_COMBINED,2017,complete_H144,144,power-active,24
51,22039.0,11883149.146042043,2706848.125591687,40889204.437237695,7761583.091242937,5328730.099771587,6220433.224378257,5391139.489382244,3091175.3353159614,70317295.2764118,YULARA_COMBINED,2017,complete_H144,144,power-active,24
52,22100.0,9693280.490070922,2017560.4183329013,36679653.400739014,3821494.372831525,4984551.666137064,5739849.493827146,5193474.7843637755,2254658.134615609,66391158.520028956,YULARA_COMBINED,2017,complete_H144,144,power-active,24
53,22101.0,16128215.022257296,4474292.956104285,36345257.939147145,6424593.563036366,8178293.260884274,9352173.524259912,8193329.957403525,6773154.837792364,68963413.56271744,YULARA_COMBINED,2017,complete_H144,144,power-active,24
54,22176.0,12368243.339553779,2199575.9097377243,38257594.0380304,5092446.967685951,6386082.341922721,7100563.763509235,6219409.07721596,6057969.446740599,68138709.68727842,YULARA_COMBINED,2017,complete_H144,144,power-active,24
55,20167.0,21287874.537469544,13025773.243078204,28006998.21979426,11554880.901018994,11384032.150711194,11691836.926763818,11888423.91100665,15527418.876772948,57128180.22671056,YULARA_COMBINED,2017,complete_H144,144,power-active,24
56,18425.0,13729623.0228666,11803649.952833973,14183282.086892346,7447228.511430818,9512702.401748698,9417859.05340619,10163542.100022849,20466427.981910337,31475852.66286976,YULARA_COMBINED,2017,complete_H144,144,power-active,24
57,22176.0,17683673.963714436,12879557.413331179,33591473.95378557,15093496.768290298,12580029.75362575,11855318.38188683,11504389.037448158,17482843.327747308,66625594.24246173,YULARA_COMBINED,2017,complete_H144,144,power-active,24
58,21819.0,19890869.546027172,13923530.936533619,22615890.13674697,11372530.005375281,12823447.113907052,13383043.79297084,13369685.327095998,21189344.198982943,50256313.76843309,YULARA_COMBINED,2017,complete_H144,144,power-active,24
59,22032.0,40302278.80136881,14548005.701080022,15244995.790886512,11057497.575018942,10901039.213723602,10905009.236837557,11985266.483693993,26403243.47865364,32228556.497101564,YULARA_COMBINED,2017,complete_H144,144,power-active,24
60,22108.0,17226971.105313204,13788941.224227306,32264234.603236783,14030021.307015607,12369180.415097559,11813473.419327868,11408102.777057618,18592882.14980595,63840387.309302755,YULARA_COMBINED,2017,complete_H144,144,power-active,24
61,22169.0,16474250.897031661,4318400.252383794,36390762.883000195,7125032.118697752,17318706.70464417,13619798.997856924,12775588.081059767,7082776.157104233,66304335.605739765,YULARA_COMBINED,2017,complete_H144,144,power-active,24
62,22246.0,20648803.570462108,5547314.519765442,44411733.15424095,8391779.065951394,15130598.353990497,13035444.758396799,11775461.946772005,6325066.337205195,75623600.0558929,YULARA_COMBINED,2017,complete_H144,144,power-active,24
63,22538.0,13363059.17490186,371830.7850182941,40092131.56628584,3261242.659514008,10219476.23057393,9626489.067710917,8385013.01529096,392301.6179463699,71498825.12559457,YULARA_COMBINED,2017,complete_H144,144,power-active,24
64,22464.0,17276241.07657043,1687806.8068809723,44353987.80285529,5741652.787475299,10812892.437352277,11185940.440833423,9983207.197634695,1694003.7763626722,78944739.57178926,YULARA_COMBINED,2017,complete_H144,144,power-active,24
65,22084.0,13226326.745067606,4511343.540920721,35919904.862472124,4890694.985773707,8839763.604281986,7938527.735550138,7828840.938612246,6642766.202427285,67059781.04381469,YULARA_COMBINED,2017,complete_H144,144,power-active,24
66,21762.0,15778899.880146205,27643577.660356518,6327305.5319943745,19096957.862101384,13946068.882920424,13371183.504471267,14906030.218772974,39852687.769558795,16623823.191220988,YULARA_COMBINED,2017,complete_H144,144,power-active,24
67,22682.0,14110514.551143637,27511853.371920828,41430901.23336285,30352365.033316538,10837299.396973236,9719193.264761748,8837983.734163465,40592191.00030186,72462268.17479968,YULARA_COMBINED,2017,complete_H144,144,power-active,24
68,22464.0,16808824.98230289,534258.5681450627,42587778.73528426,4328831.5692131715,8226928.631819676,8527661.800898561,7294834.286663796,546363.637670694,73876484.84868649,YULARA_COMBINED,2017,complete_H144,144,power-active,24
69,22395.0,13777830.28372599,1760185.2793499287,36010937.07605729,3426818.256204359,7604483.003192826,8347883.774484487,7284117.89199081,2296071.85074063,69671695.44949754,YULARA_COMBINED,2017,complete_H144,144,power-active,24
70,22747.0,14082136.57534658,2292446.8480624417,39927513.63929432,4775066.684293529,6798734.199573482,6803353.678299049,6201692.671306139,2524756.160602379,71210566.9654276,YULARA_COMBINED,2017,complete_H144,144,power-active,24
71,22545.0,7966485.774454644,7184612.705362401,20740624.83288756,4488905.548945129,5372553.197989125,6061810.917644449,5904224.145862022,10004701.499605227,48499092.635438435,YULARA_COMBINED,2017,complete_H144,144,power-active,24
72,22313.0,11585201.99315661,5356881.8287378475,29005313.286510028,7148541.259078306,6552667.274676727,6394524.036354292,6070403.681766267,8167386.989053213,59877351.28507278,YULARA_COMBINED,2017,complete_H144,144,power-active,24
73,22464.0,21264190.837228943,21854774.332584295,12239225.153603083,15271302.535684772,22442899.59456025,23257212.621455543,23870038.436239693,30382728.322536055,32101470.257128235,YULARA_COMBINED,2017,complete_H144,144,power-active,24
74,22539.0,11878137.294905374,23404533.43747605,38972391.42078685,24144526.820683263,10615150.413652923,9857083.832666894,8314832.804369493,34004118.559471436,68828991.73028049,YULARA_COMBINED,2017,complete_H144,144,power-active,24
75,22396.0,12267009.367937822,844213.475877784,39028302.78547621,3997795.7103608437,5377621.572918788,5626062.927505892,5296969.989271113,1935350.1667327206,68822287.90816651,YULARA_COMBINED,2017,complete_H144,144,power-active,24
76,22601.0,13039904.441220436,2626771.179401699,36875470.87347281,4634798.381507309,5478242.604234693,6888378.769501463,6622278.42840887,3131207.297328655,68646618.54989824,YULARA_COMBINED,2017,complete_H144,144,power-active,24
77,22683.0,16881590.4225887,11074219.373286258,30329323.66830952,9954435.092518102,11168568.543857856,11543344.21618462,11925498.481177803,12533161.009174582,59172147.87700716,YULARA_COMBINED,2017,complete_H144,144,power-active,24
78,22752.0,12277313.788835187,8222307.976663612,24314751.3218354,7488437.190081214,10785714.89959094,9114117.636674618,10799736.767475562,16616723.074403614,50162875.22809438,YULARA_COMBINED,2017,complete_H144,144,power-active,24
79,22608.0,12663600.268486483,4930468.2951112995,36925020.77647071,8994434.89600194,4575807.741709628,6409505.3080605,5725356.430541969,10045384.299016863,64431283.62889157,YULARA_COMBINED,2017,complete_H144,144,power-active,24
80,22608.0,15091631.809051203,638755.4638103328,41083390.94789565,4571512.5052910345,4708868.0683207335,5899269.794576985,5041868.9207449425,614101.5831626131,71294413.33644827,YULARA_COMBINED,2017,complete_H144,144,power-active,24
81,22464.0,11915549.138916504,237109.0128568906,40354929.67175995,3461195.0261113592,5506558.592060654,6385710.217265778,5634376.145978445,18331.870793869723,70069934.17343241,YULARA_COMBINED,2017,complete_H144,144,power-active,24
82,22608.0,10316430.184500884,205140.74795183956,37548742.29287275,2780626.0898350207,4451226.001738393,5544730.934844377,5010294.204951873,93932.94086759868,66604170.99598784,YULARA_COMBINED,2017,complete_H144,144,power-active,24
83,22608.0,9772154.508717129,123344.17430863944,35707879.75275002,2534643.278569386,3235265.645087957,4020757.8381631593,3718757.860005178,57636.199669629226,64205491.0910943,YULARA_COMBINED,2017,complete_H144,144,power-active,24
84,22464.0,8734027.480575157,437251.47958492336,34140576.150229245,2655094.6551792985,2818081.144643327,4688017.692147236,4079110.5185647863,438966.01632850064,63186389.73641327,YULARA_COMBINED,2017,complete_H144,144,power-active,24
85,22617.0,11153263.822240576,1060354.3041275833,32981500.38368661,3025763.6661146227,3224992.4287685547,4391361.481515782,3976821.4149036324,1151751.9229650123,62787826.48292666,YULARA_COMBINED,2017,complete_H144,144,power-active,24
86,22110.0,12484846.077395955,4822449.943540939,29298476.20760923,5486921.1481006555,6362143.260166599,6698081.948773921,6815823.020476738,5116947.20549605,56277038.550107986,YULARA_COMBINED,2017,complete_H144,144,power-active,24
87,20544.0,15695282.468921185,18425339.727866955,8494385.70756621,13896178.091696339,17198466.30334756,17829560.98919489,19733390.87767302,26770559.379518297,20118189.496421594,YULARA_COMBINED,2017,complete_H144,144,power-active,24
88,21993.0,15139665.018728599,13054370.677812574,19963159.781159822,13434514.924401743,13644108.09594717,11756764.801728213,12618365.538323207,19585411.666817572,42916368.63545704,YULARA_COMBINED,2017,complete_H144,144,power-active,24
89,19449.0,16803659.94165472,13002417.105151819,17636285.866069987,11233992.441685228,11941553.8507933,12842709.088873653,13749845.146913653,20208448.963852316,37904005.51440105,YULARA_COMBINED,2017,complete_H144,144,power-active,24
90,21939.0,16776707.708108628,13078582.754626594,24495973.97520006,12693480.014191445,15073484.069479749,13085524.376742788,12845265.164892972,21878296.72651098,48043473.44152691,YULARA_COMBINED,2017,complete_H144,144,power-active,24
91,21418.0,15489562.211010221,9770878.634762624,24971514.34854463,10135916.839178063,13460294.806361517,11411789.412860215,12040634.597499479,18310095.98540218,49350281.93496748,YULARA_COMBINED,2017,complete_H144,144,power-active,24
0,40270.0,32624280.68972463,33329026.269346673,61082347.33337096,35621806.96375345,27559133.23732658,24345802.613161474,21989661.31186662,52001816.10847266,116161514.85620268,YULARA_COMBINED,2017,complete_H144,144,power-active,48
1,40877.0,21627055.068581596,2441827.1130983564,62693190.80279522,5772816.3813669095,13671663.286526721,11808070.274194602,11069249.767979927,4280709.352164944,119616311.55408372,YULARA_COMBINED,2017,complete_H144,144,power-active,48
2,37960.0,29177601.68671818,23546516.232456423,25556121.23342654,19603760.15161884,20796716.015444327,24926134.064190228,27214685.69995585,33349552.16454341,55903595.5191496,YULARA_COMBINED,2017,complete_H144,144,power-active,48
3,40361.0,32646898.397445526,26558522.79382909,53699664.144331664,28976450.812947195,29870181.560327116,27356635.378626503,26335094.082571883,41659447.83775278,108533415.5861263,YULARA_COMBINED,2017,complete_H144,144,power-active,48
4,40623.0,26481840.318844594,23412167.904211033,41104499.838588655,21381761.247320972,24102273.87415545,22087689.409788974,22175647.63062871,34230013.49408812,91404924.14558758,YULARA_COMBINED,2017,complete_H144,144,power-active,48
5,41601.0,30257472.595914632,15324834.037032923,62847524.07154694,18168251.41297837,23926963.73872058,21643162.440988787,20880176.58687822,24078746.7858789,121513218.30976203,YULARA_COMBINED,2017,complete_H144,144,power-active,48
6,42127.0,27502778.217425026,10929035.795607414,62199293.15243264,13644345.91451475,19703535.960127205,17868380.73925065,17255268.332746934,18659317.398705713,123983846.80979422,YULARA_COMBINED,2017,complete_H144,144,power-active,48
7,41969.0,27379738.96402059,7782285.413927314,78168576.70864512,14068394.022602607,17517316.17154414,17156230.327323053,15362031.273862988,11412491.624643326,138379763.9611666,YULARA_COMBINED,2017,complete_H144,144,power-active,48
8,42048.0,19830204.27406718,308150.6872472888,70018442.34677908,5425845.516188105,9516473.831930516,10431426.392822696,9490633.13730961,159177.8917948785,128686047.96393423,YULARA_COMBINED,2017,complete_H144,144,power-active,48
9,42048.0,29170936.15490526,5397630.883470326,74512317.65718497,10924771.079169478,13474129.851741344,13764412.981903046,12247182.38468692,7940214.801321076,135285638.09643587,YULARA_COMBINED,2017,complete_H144,144,power-active,48
10,42192.0,30908606.669440694,1971425.886506228,84415767.85359412,9300757.292711664,17046285.83387408,17958588.95573184,15636424.402954651,1633179.207063487,149985978.47777343,YULARA_COMBINED,2017,complete_H144,144,power-active,48
11,42325.0,27391035.09494783,6340730.220734483,70537703.42367235,9829791.139047137,16131943.27958064,15891893.350140734,15319476.927612102,9965055.651293732,133307869.80172913,YULARA_COMBINED,2017,complete_H144,144,power-active,48
12,42480.0,27667071.48028388,4988926.408006823,71209566.80829121,9395706.707617093,11966529.779183734,14492168.896033978,13789983.870484967,7077511.573819296,129519603.73114687,YULARA_COMBINED,2017,complete_H144,144,power-active,48
13,43200.0,26387793.517463136,15069975.1279847,62139139.50624342,18134407.058562662,17318626.21565525,17315294.10926361,16463349.216792848,25043496.449885864,119079779.44173387,YULARA_COMBINED,2017,complete_H144,144,power-active,48
14,42912.0,29876428.366715405,794265.0180169162,82512622.85030034,8298423.969573296,15682633.197451806,16396822.452029137,13164455.161842905,122137.2156760014,144494279.01079127,YULARA_COMBINED,2017,complete_H144,144,power-active,48
15,43200.0,29194585.509957623,639440.403172466,85327216.83829093,8159924.231159598,20881360.19027089,22421962.686812356,19624187.044852827,26034.21669020891,150948112.98075306,YULARA_COMBINED,2017,complete_H144,144,power-active,48
16,43200.0,7325965707.01493,522115473.42721766,84559792.61672555,35916544.17297933,23119080.255669866,20353081.688209593,23042929.16683578,129785.89832891838,142161628.99092728,YULARA_COMBINED,2017,complete_H144,144,power-active,48
17,43200.0,11203159274.856634,874764551.9915419,74913108.76810353,44757244.250109345,21772984.33280482,19454974.521266747,25491632.376432944,7527020.0253834445,126490347.50285564,YULARA_COMBINED,2017,complete_H144,144,power-active,48
18,41454.0,9254787773.205776,800467709.4354507,51589067.553353764,38286464.226909816,22643669.592276577,20433163.119127914,25403234.475806717,24169511.83073083,96341273.20601268,YULARA_COMBINED,2017,complete_H144,144,power-active,48
19,42354.0,25418947.4485835,30596215.432515375,41588471.112944014,28598826.54263339,22824783.88238216,20691207.57966912,21750432.813020706,45382076.92398276,88015108.54518287,YULARA_COMBINED,2017,complete_H144,144,power-active,48
20,42480.0,24399952.08251697,30299093.686286002,16556128.509149916,23860193.302343242,30300348.665091038,29724806.971744765,30707713.63780413,41839617.36260408,48737894.18186193,YULARA_COMBINED,2017,complete_H144,144,power-active,48
21,42125.0,28482001.557664845,20338343.62220226,50177209.59174585,22329293.769863512,25962991.09276296,23215013.952667844,21368833.730638396,28825995.45299437,99683258.40790793,YULARA_COMBINED,2017,complete_H144,144,power-active,48
22,42259.0,28989363.753771294,9470557.15795948,73074886.33318597,15003207.75470911,23439276.341055505,20586173.110718872,17880490.8713345,14833304.605026023,134103649.54988773,YULARA_COMBINED,2017,complete_H144,144,power-active,48
23,42980.0,29604917.696525566,6873308.322410086,74215892.56709896,11919879.79219852,22599975.29732431,20859483.827245552,17862546.925582334,12899232.740882609,133698204.08376169,YULARA_COMBINED,2017,complete_H144,144,power-active,48
24,43557.0,32863108.69384047,28684464.952002455,51592047.407150954,22768440.7877534,25760076.234602943,25448827.216293223,26488265.179675326,39881784.09363322,103253330.74701948,YULARA_COMBINED,2017,complete_H144,144,power-active,48
25,44215.0,26027100.75919621,8775762.129014893,65762100.51223722,13729614.997983253,10032231.214076567,11031282.171050515,10042217.764156489,12615331.877081875,121154867.97393662,YULARA_COMBINED,2017,complete_H144,144,power-active,48
26,44201.0,25821495.512328185,6491853.374437187,73024911.33988619,10246087.935867881,13162844.927021345,15092023.018087052,13386804.741767285,9027812.972407974,135354572.0827465,YULARA_COMBINED,2017,complete_H144,144,power-active,48
27,42343.0,33656117.877023354,15225349.152815925,66264592.257824704,16647327.868704937,17770114.492633916,18792400.690273054,18107832.988222606,21585388.323513515,125266889.91398907,YULARA_COMBINED,2017,complete_H144,144,power-active,48
28,40601.0,31413296.98658105,24683207.366165165,47774756.0406779,22540725.2797211,22092732.155374456,21273177.435293015,21667931.137471013,37949271.30965762,98101446.90533169,YULARA_COMBINED,2017,complete_H144,144,power-active,48
29,43851.0,60193148.347395994,28471536.63761365,37860885.92763347,22430027.5803942,23724486.327630673,24288053.029808365,25354951.81078999,47592587.67763659,82484870.26553468,YULARA_COMBINED,2017,complete_H144,144,power-active,48
30,44277.0,33701222.002344884,18107341.476611096,68654997.48623699,21155053.425713327,29687887.119741715,25433272.41718478,24183690.85811739,25675658.306910183,130144722.91504253,YULARA_COMBINED,2017,complete_H144,144,power-active,48
31,44784.0,34011862.74536394,5919145.30478374,84503864.72052693,11653021.725465395,25350074.584564462,22661933.82610774,20160474.962062974,6717367.955151573,147122425.18148744,YULARA_COMBINED,2017,complete_H144,144,power-active,48
32,44548.0,30502567.821638,6199150.347801691,80273892.66532749,10632347.773249025,19652656.041634254,19124468.176383555,17812048.13624697,8336769.978789957,146004520.61560392,YULARA_COMBINED,2017,complete_H144,144,power-active,48
33,44444.0,29889414.431289844,55155431.03227734,47758206.76535723,49449322.895417854,24783368.27989366,23090376.769233007,23744013.952936437,80444878.76986071,89086091.36602063,YULARA_COMBINED,2017,complete_H144,144,power-active,48
34,44859.0,30586655.266028844,2294443.8474949906,78598715.81134138,7755649.825417523,15831411.635012494,16875545.575383022,14578952.178654589,2842435.488411326,143548180.2981839,YULARA_COMBINED,2017,complete_H144,144,power-active,48
35,45292.0,22048622.349801227,9477059.553424852,60668138.47218188,9263972.23323866,12171287.39756261,12865164.595943494,12105916.817168148,12529457.660207614,119709659.60086614,YULARA_COMBINED,2017,complete_H144,144,power-active,48
36,44777.0,32849392.830385555,27211656.161322147,41244538.44011308,22419843.794763066,28995566.869236983,29651736.65780983,29940442.118005957,38550115.31158925,91978821.54220101,YULARA_COMBINED,2017,complete_H144,144,power-active,48
37,44935.0,24145146.662843205,24248746.913353827,78000694.20626314,28142322.531044118,15992771.98657171,15483146.760172775,13611802.793640614,35939468.7262041,137651279.63844708,YULARA_COMBINED,2017,complete_H144,144,power-active,48
38,45284.0,29921494.863809157,13700990.552687962,67204794.54178235,14589233.474025419,16646811.148092555,18431722.985686105,18547776.909586664,15664368.306503234,127818766.42690551,YULARA_COMBINED,2017,complete_H144,144,power-active,48
39,45360.0,24940914.057321686,13152776.271774912,61239772.098306134,16482872.086083153,15361522.641300568,15523622.944735132,16525093.198017545,26662107.37342047,114594158.85698603,YULARA_COMBINED,2017,complete_H144,144,power-active,48
40,45072.0,27007180.947967697,875864.4766672231,81438320.6196556,8032707.531402394,10215426.660381397,12284980.01184276,10676245.066723378,632433.4539564825,141364347.5098809,YULARA_COMBINED,2017,complete_H144,144,power-active,48
41,45216.0,20088584.693218004,328484.92226047907,73256622.04562284,5315269.368404403,7686491.6468263455,9565488.773007525,8729052.064957043,151569.14053722785,130809662.08708234,YULARA_COMBINED,2017,complete_H144,144,power-active,48
42,45081.0,19887291.302815713,1497605.7837125051,67122076.53391586,5680858.321293917,6043073.573411886,9079379.173663016,8055931.933468416,1590717.9392935126,125974216.21933994,YULARA_COMBINED,2017,complete_H144,144,power-active,48
43,42654.0,28180128.54631715,23247789.67140789,37792861.915175475,19383099.239796992,23560609.56351417,24527642.937968794,26549213.898149762,31887506.585014347,76395228.04652956,YULARA_COMBINED,2017,complete_H144,144,power-active,48
44,41442.0,31943324.9603833,26056787.782964397,37599445.64722985,24668507.366086982,25585661.946740467,24599473.890601836,26368210.68523686,39793860.63066991,80820374.14985812,YULARA_COMBINED,2017,complete_H144,144,power-active,48
45,43357.0,32266269.919118866,22849461.389389228,49467488.32374467,22829396.85336949,28533778.875841327,24497313.789602984,24885899.762392446,40188392.71191311,97393755.37649424,YULARA_COMBINED,2017,complete_H144,144,power-active,48
0,60699.0,43896174.393469565,34643763.955918856,93733349.25456122,38416413.7311388,36243799.14356668,31315272.55154242,28251993.74038047,54011265.69962333,178882258.15356404,YULARA_COMBINED,2017,complete_H144,144,power-active,72
1,58408.0,39532763.051554896,24673605.658982556,55598310.11503143,22581969.76560035,25783713.395730954,29764734.400003865,32021603.03942194,35620811.92555766,112799163.77587211,YULARA_COMBINED,2017,complete_H144,144,power-active,72
2,60824.0,44352440.17915634,40304442.76279111,66626571.989193514,38187229.83042524,38582464.195723705,36271490.48443307,35955444.90361296,60532295.272763684,140572364.48125353,YULARA_COMBINED,2017,complete_H144,144,power-active,72
3,61761.0,45033771.13304844,24991081.972281955,91025116.0652738,30339233.64282127,39316954.97747949,34815996.74497122,33435473.396465886,39435912.8449561,180879193.5602215,YULARA_COMBINED,2017,complete_H144,144,power-active,72
4,63072.0,41617678.44171867,18460833.95786224,101903001.99145348,24245246.818096332,29091038.39269586,26064454.042920236,24591202.56356517,29143201.098717194,194114993.17858395,YULARA_COMBINED,2017,complete_H144,144,power-active,72
5,63072.0,33095043.013794113,558637.9389197576,108483310.21640344,8893338.63520917,17646287.570906,19391583.416476153,17516730.180354383,1087785.8164266997,196934665.5563107,YULARA_COMBINED,2017,complete_H144,144,power-active,72
6,63072.0,46324036.92943511,5967753.489714417,117498638.37459518,15643838.743711993,21832962.91376336,22556723.84877213,19808740.893365968,8086985.22036135,209218060.7080566,YULARA_COMBINED,2017,complete_H144,144,power-active,72
7,63493.0,41146540.98985869,7742033.500996623,111967150.55985615,14411480.767216275,24819396.051432684,25058171.439003494,23394342.821887773,11451464.439316936,209361425.66788197,YULARA_COMBINED,2017,complete_H144,144,power-active,72
8,64224.0,42528709.10251973,15316107.459846068,95837125.9066656,17893810.374208357,23085147.267695732,25092692.594671875,24463469.684353415,19936089.194014087,181254468.04135388,YULARA_COMBINED,2017,complete_H144,144,power-active,72
9,64368.0,41402584.26194278,5537059.09416236,120024203.25816938,17934727.361544665,21882641.924595036,23111592.86265485,18954318.564767327,12307056.04536708,211839194.14231762,YULARA_COMBINED,2017,complete_H144,144,power-active,72
10,64800.0,1625866374.09138,74763826.88469246,127751920.4967284,19591425.930571828,33853076.161715046,34011579.33480155,31166101.510564115,67276.13838759958,224029288.1273337,YULARA_COMBINED,2017,complete_H144,144,power-active,72
11,64800.0,16932453193.290134,1322755638.937239,117048197.72639148,69242286.72367649,31920348.617030505,28218439.56148712,36992647.07755746,7615564.002014974,195570801.34720266,YULARA_COMBINED,2017,complete_H144,144,power-active,72
12,62132.0,9269240001.66776,816350892.4347742,64527337.52732469,50201553.6518129,37330475.185894094,34031189.91888769,40358984.74499975,45285724.455428556,126339940.77136955,YULARA_COMBINED,2017,complete_H144,144,power-active,72
13,64156.0,35366671.06912208,45012126.11947721,45206329.64812302,40543930.4200737,38438326.9538557,36817987.75165416,37502396.18163185,66105481.66188889,106754335.16168809,YULARA_COMBINED,2017,complete_H144,144,power-active,72
14,63497.0,40913782.87098729,25739695.51744809,84897532.35354072,30144408.891070854,38854898.9454923,33552540.349399474,30273392.277398393,39380053.00446844,165323252.56958714,YULARA_COMBINED,2017,complete_H144,144,power-active,72
15,63867.0,46162500.13697456,10942513.585123722,112570456.13849007,19107972.425700314,33147343.78565054,31108130.541232783,26838479.250156812,17178479.79443452,202161859.47197002,YULARA_COMBINED,2017,complete_H144,144,power-active,72
16,65733.0,47007060.30699456,34753378.95542567,76464943.48215047,28736472.694493733,30463577.348907914,30259676.162965465,31139343.45444959,49405940.635399096,154090903.44454482,YULARA_COMBINED,2017,complete_H144,144,power-active,72
17,66240.0,37704644.65837027,9198701.500028871,113914115.77712388,18007671.027110822,18491575.02679292,21312456.24246534,18777944.231149513,12118988.30772394,205671867.35915843,YULARA_COMBINED,2017,complete_H144,144,power-active,72
18,60768.0,47385740.899889916,27028999.105649915,80447874.34471706,24094556.38013573,27282816.894382633,28210259.74367926,28271375.08824544,42051816.30542387,156742742.57685882,YULARA_COMBINED,2017,complete_H144,144,power-active,72
19,66027.0,77876822.31111056,41351094.050944805,71452359.88141882,37523524.34868456,36304516.0812564,36143371.41169526,36859340.848238125,65075431.00538379,149110464.50799626,YULARA_COMBINED,2017,complete_H144,144,power-active,72
20,66523.0,54350025.57280697,23654655.99637652,113066730.64047799,29546832.49166474,44818485.47373218,38468717.17558157,35959152.80488936,32000724.644115396,205768322.97093543,YULARA_COMBINED,2017,complete_H144,144,power-active,72
21,67086.0,43865626.996539846,6570981.132819986,120366024.23161338,13893590.432763034,29872132.272208158,28750957.24409447,26197061.15153793,8729071.596736329,217503345.7411985,YULARA_COMBINED,2017,complete_H144,144,power-active,72
22,66908.0,46698239.413592726,55689689.60042242,90345985.5006415,53778154.46463104,33010296.911713358,31618038.57013158,31038848.239600237,80991242.40753135,162962576.21470687,YULARA_COMBINED,2017,complete_H144,144,power-active,72
23,67687.0,35826452.63352724,11237244.832774779,96679075.54823908,12690790.489443019,19775770.40075545,21213048.370428007,19390034.709158942,14825529.51094824,189381355.05036375,YULARA_COMBINED,2017,complete_H144,144,power-active,72
24,67316.0,44727530.12529098,50616189.59879819,80216929.86089994,46564370.61544631,39610717.28288998,39508820.49047678,38255274.9223755,72554233.87106065,160807813.27248153,YULARA_COMBINED,2017,complete_H144,144,power-active,72
25,67680.0,42188504.2317469,14545204.028565742,106233097.32725844,18587029.184386272,22024432.721011322,24057785.91319197,23844746.898857784,17599718.47323595,196641054.33507177,YULARA_COMBINED,2017,complete_H144,144,power-active,72
26,67968.0,40032545.866372965,13791531.735585256,102323163.04620194,21054384.591374174,20070390.70962133,21422892.739312124,21566962.11876247,27276208.95658307,185888572.1934343,YULARA_COMBINED,2017,complete_H144,144,power-active,72
27,67680.0,32004133.832134474,565593.9351173701,113611551.71738271,8776464.394515753,13193050.238887012,15951198.990273284,14363428.210935494,169901.01133109763,200879596.26051435,YULARA_COMBINED,2017,complete_H144,144,power-active,72
28,67191.0,32372137.38021168,6320055.727253441,96420552.74152495,11167779.46939457,12405216.833578484,15777461.122436926,14871754.953945167,6707665.144789568,182251254.76944792,YULARA_COMBINED,2017,complete_H144,144,power-active,72
29,61986.0,47638607.429304555,44482127.51083135,46093831.35479605,38564685.457783334,42784128.25008804,42429034.87979685,46101601.56290986,66564420.01018817,100938563.64627971,YULARA_COMBINED,2017,complete_H144,144,power-active,72
30,43357.0,32266269.919118866,22849461.389389228,49467488.32374467,22829396.85336949,28533778.875841327,24497313.789602984,24885899.762392446,40188392.71191311,97393755.37649424,YULARA_COMBINED,2017,complete_H144,144,power-active,72
0,21588.0,7031392.892259825,247193.5370976789,8435254.435978398,1203164.2661167202,1467794.0738761527,1993988.3731182367,2138855.922831866,921.614917964728,33384727.11627993,YULARA_COMBINED,2017,complete_H144,144,low-power,24
1,21086.0,2599696.8055980685,79674.15810096076,6078959.314377849,565911.0635173491,633957.1648901693,452375.2647962129,572203.2740972228,180.75189909377121,50362255.19151261,YULARA_COMBINED,2017,complete_H144,144,low-power,24
2,21043.0,2612353.5071352934,61088.98826575374,6189383.875282789,482833.25418305054,878713.930554455,630287.9903499344,803316.6986524443,115.34145383668776,42748041.001207165,YULARA_COMBINED,2017,complete_H144,144,low-power,24
3,21024.0,2536242.090483447,41588.11497694573,5853083.542583626,402116.47545454954,816859.3045449597,429545.48793218436,632183.6248251282,79.27271852139758,41050376.58969053,YULARA_COMBINED,2017,complete_H144,144,low-power,24
4,22083.0,12188016.898477634,261852.34709554294,9182816.730412887,1075367.0349428423,1323898.0069297487,902640.9425985963,1287551.826762572,75608.28447974159,22780902.790491257,YULARA_COMBINED,2017,complete_H144,144,low-power,24
5,22901.0,17156983.957182594,518857.7241837698,12930850.304227669,2358380.993167481,1571526.744628438,1844664.899600547,2059843.0957033592,143170.74647724463,7325368.201776708,YULARA_COMBINED,2017,complete_H144,144,low-power,24
6,21976.0,12360209.746314619,292567.77561949694,9535874.903642949,1484521.9153190022,1840120.6920337596,2374734.831106215,2728664.291173059,134.06869187002613,24615882.540679518,YULARA_COMBINED,2017,complete_H144,144,low-power,24
7,20607.0,2996435.2062009466,44925.24713959184,6033151.440310825,355344.418339114,651390.7957417959,653922.8626795135,827757.1082236228,35.01394844466515,40923383.08778185,YULARA_COMBINED,2017,complete_H144,144,low-power,24
8,21009.0,7579407.482677082,103858.93796343856,8156257.01290625,730334.7390607756,586331.24177154,456449.4656777306,631644.2682707863,2439.8131520595553,19281174.663090605,YULARA_COMBINED,2017,complete_H144,144,low-power,24
9,21312.0,5636616.033739076,104401.5667391117,7625536.862642165,770308.2415717578,781945.4834546513,864580.914813721,1093797.0726105855,250.37770275864494,31804673.24809674,YULARA_COMBINED,2017,complete_H144,144,low-power,24
10,20672.0,3761080.3055828777,76268.53095243611,6148350.243559609,241717.42933285932,883911.3576857072,735857.899776803,977387.998633952,134.10494598070164,38567991.97155617,YULARA_COMBINED,2017,complete_H144,144,low-power,24
11,20671.0,4078569.454191637,45387.70145569114,6013270.601914402,383889.02927142504,542354.5754790135,288374.6708655949,421888.26560372784,91.15415688359214,40268123.00754786,YULARA_COMBINED,2017,complete_H144,144,low-power,24
12,20448.0,2163068.9941146453,42618.42425470852,5692688.939362912,425508.07376944943,766768.7419083377,498677.69278420636,728193.6501443471,46.874797931315946,45542602.41814159,YULARA_COMBINED,2017,complete_H144,144,low-power,24
13,20369.0,4456351.309636977,66445.07348160025,6646472.905386322,438686.4528648439,629269.596902143,359094.27505208174,527508.0146440468,190.23718940708923,28309500.12221233,YULARA_COMBINED,2017,complete_H144,144,low-power,24
14,20527.0,2330556.8167965887,70438.08482762442,5358532.773151581,342114.83596438874,506593.98354265944,258993.67841987673,394053.16220380063,242.3671488634642,49107425.26736797,YULARA_COMBINED,2017,complete_H144,144,low-power,24
15,20448.0,2051711.4639335128,58125.814323907936,5228562.005034148,495537.1341456737,677535.2116000581,413663.80285690876,653245.2428784299,3.961240796517754,47041158.54397338,YULARA_COMBINED,2017,complete_H144,144,low-power,24
16,20448.0,2329807.152977854,51203.08607290607,5036226.167250168,476213.7507872608,542765.0114823015,231558.7403017523,398216.8047312982,1.761692428898147,44748340.88611414,YULARA_COMBINED,2017,complete_H144,144,low-power,24
17,20448.0,2100013.5773674124,42600.50290856839,4924307.495678588,430049.52057575533,639833.9141671932,296009.5113794946,507881.01639671635,2.0401216599903127,42467486.48509772,YULARA_COMBINED,2017,complete_H144,144,low-power,24
18,20448.0,2928487.5782472296,73858.06552058306,5362212.712058262,405180.62223183736,881633.5992543494,500564.5494552354,763193.5568634683,5.083333590698639,39057019.60008537,YULARA_COMBINED,2017,complete_H144,144,low-power,24
19,20448.0,2212322.2297516116,68570.84141570934,5214996.460468497,385056.8066511104,854571.6058987585,486113.85189064866,758502.2148879877,8.393218975163617,46999374.275762744,YULARA_COMBINED,2017,complete_H144,144,low-power,24
20,20448.0,1637036.25240559,69071.89099722492,4954781.476554924,423047.8453801541,662542.4097693725,355857.46071794716,579788.3043461816,4.6078239523640026,50732638.03847127,YULARA_COMBINED,2017,complete_H144,144,low-power,24
21,20304.0,1826120.82386302,84593.52474729027,5065392.552153392,464992.1167019097,297477.57061220525,130728.96329895996,243230.76877115146,21.680685344652538,47614044.28771018,YULARA_COMBINED,2017,complete_H144,144,low-power,24
22,20382.0,3436054.440266384,67908.08008571756,5405709.4882897055,432999.2105426632,730971.5754031264,458994.03056696936,637114.8888656177,41.06481183794505,38522313.33561955,YULARA_COMBINED,2017,complete_H144,144,low-power,24
23,20237.0,2778734.738681099,39366.19966099493,5023914.573256746,328999.51337434916,741960.912810513,433025.7531772087,712304.4998878072,21.699463612032314,44096437.76917699,YULARA_COMBINED,2017,complete_H144,144,low-power,24
24,20304.0,3124200.83953925,35428.7726247651,4946127.79259702,338802.6868903201,683386.2112128487,433615.39147952816,701774.7085897177,141.26232335636163,42567789.21365542,YULARA_COMBINED,2017,complete_H144,144,low-power,24
25,20160.0,2155752.26069293,53743.553109536144,4590357.427918164,300767.2740580987,539787.343646758,306364.57004217646,560379.1387467033,180.37355744420768,42091915.401313335,YULARA_COMBINED,2017,complete_H144,144,low-power,24
26,19728.0,5835602.194435925,71882.7452608387,5578828.445938575,298803.1580243291,708098.6077399468,408804.4590075353,688306.7466114591,235.22097357345666,29751038.569049746,YULARA_COMBINED,2017,complete_H144,144,low-power,24
27,20016.0,2852341.068593621,51711.950995716696,4744720.480663883,470948.66869020485,299056.2970226612,128465.96906161626,266761.00928289973,262.68232411030056,45407521.125940256,YULARA_COMBINED,2017,complete_H144,144,low-power,24
28,20016.0,2598324.032503359,60237.267733947716,4445183.894672864,415734.56572125806,175798.18796310204,73936.6777498509,175006.63472058828,2.4567675421423054,47879526.15489703,YULARA_COMBINED,2017,complete_H144,144,low-power,24
29,20016.0,2784255.612771039,57190.6582034459,4788262.582717564,410920.4395308229,591376.2164206778,243630.99402342323,388772.1395069531,7.2059277292609645,49176562.602103345,YULARA_COMBINED,2017,complete_H144,144,low-power,24
30,19872.0,1439764.5307859539,78223.17282451942,4709678.3613224495,434252.38956266467,288562.4345625561,135526.20124181165,247133.72316774284,2.0993767624079447,49137420.88701171,YULARA_COMBINED,2017,complete_H144,144,low-power,24
31,19872.0,1526085.9769321238,76110.58459868774,4585734.801472525,455486.2421664934,304120.6199996162,144474.14216851158,271435.617246293,1.7954048155704048,50009588.70440521,YULARA_COMBINED,2017,complete_H144,144,low-power,24
32,19872.0,3147715428.3093677,366218416.360719,5669861.498035116,9197337.213786108,1281562.8099888563,1671694.769026376,1404047.1116621727,0.5940605758140816,48128150.31442044,YULARA_COMBINED,2017,complete_H144,144,low-power,24
33,19872.0,4982396209.836479,413395284.1738563,5649786.460553006,14391393.861076994,1744757.6221070676,2271524.3613385493,1445617.7405955545,2.0913028330158068,45346081.61429661,YULARA_COMBINED,2017,complete_H144,144,low-power,24
34,19804.0,4971302644.763863,411205758.8570194,5514485.899262526,13930020.391535854,1688535.5440748243,2218396.9242683765,1424993.4022154266,4.451509211145397,44496349.7778464,YULARA_COMBINED,2017,complete_H144,144,low-power,24
35,19940.0,4980433056.464285,412360748.58833104,5881244.154564227,12714261.542004388,1733188.325478223,2178668.2700273925,1402075.6226349114,107.37888535116903,38367918.66184944,YULARA_COMBINED,2017,complete_H144,144,low-power,24
36,20380.0,5072110822.151726,412938060.34790325,7374077.006732848,10420038.368507948,1696421.3775163072,1917040.907089549,1234140.9618789877,827.6536667294434,25300841.48965628,YULARA_COMBINED,2017,complete_H144,144,low-power,24
37,21110.0,1464029775.487083,31970909.92521677,6155799.077118914,3759949.6414333596,1437130.9986886608,1926750.18549709,816059.239992664,42175.51352609172,35673560.92867165,YULARA_COMBINED,2017,complete_H144,144,low-power,24
38,20794.0,11518495.603691913,235103.48613720472,9427453.998321792,950189.3836917859,2225258.175035619,1476431.8065843713,1990625.6972505248,62080.76128648266,16120126.247894837,YULARA_COMBINED,2017,complete_H144,144,low-power,24
39,19796.0,3364176.307815737,50938.09644217146,5244022.696424046,408148.7271342387,407319.35497892,294951.53503418557,421111.74372241664,142.07333350020417,36572664.199590884,YULARA_COMBINED,2017,complete_H144,144,low-power,24
40,21031.0,13563488.608063849,184014.75497382326,10088722.653426936,1506316.5877334115,895003.1753398323,731668.5335128993,1050926.584094854,20275.464400407163,6921721.812727863,YULARA_COMBINED,2017,complete_H144,144,low-power,24
41,19433.0,10787486.483204463,236978.3147180172,7352600.1849952005,1193812.9428614776,774021.0993779447,817104.0344131427,955656.1376696365,29.62758460002669,16220030.710152114,YULARA_COMBINED,2017,complete_H144,144,low-power,24
42,20485.0,42060070.886845104,373130.8395012418,5971227.504810839,796930.024976003,607227.8170430064,534180.3437984037,782594.8168806981,3790.3134853239912,36736140.6845856,YULARA_COMBINED,2017,complete_H144,144,low-power,24
43,20334.0,6108943.289819437,195442.21834041693,6200238.002842833,827398.0156375179,714830.4790907324,530685.5655276526,692550.786535038,2404.860332941942,32313100.223813716,YULARA_COMBINED,2017,complete_H144,144,low-power,24
44,20100.0,3161547.971948324,81582.88009070003,5351809.744598122,272359.0549365641,491011.6076826732,414113.9494967838,580880.8335299783,413.39358613074813,41027649.21738204,YULARA_COMBINED,2017,complete_H144,144,low-power,24
45,20585.0,6223394.068263831,121276.59980689241,5624314.735345679,416146.0498146123,722750.8781016114,510552.72791662964,748522.120971917,131425.6877107337,45548468.07406487,YULARA_COMBINED,2017,complete_H144,144,low-power,24
46,20524.0,3463545.5695031076,77909.17190203887,5295956.712730486,289617.56771188014,901889.6772956108,667585.4122810822,829727.2078688364,7237.443847478049,46442007.37253681,YULARA_COMBINED,2017,complete_H144,144,low-power,24
47,19440.0,2939274.9680798617,47491.39010049208,4477473.077076723,375439.01219450484,333553.63367955334,210401.83218011164,349292.8496660511,125.06488625198749,41921667.725417174,YULARA_COMBINED,2017,complete_H144,144,low-power,24
48,19508.0,7415795.711291291,114600.30776924336,5164588.210030494,471408.65942356247,508408.6994436448,457785.8762954537,520891.5274177818,20.190608002748668,28138008.604557376,YULARA_COMBINED,2017,complete_H144,144,low-power,24
49,19879.0,6307314.266864627,160575.9785268473,5653709.998170018,583342.7089398367,565490.9767484862,524074.90123814275,846347.9435409809,862.4833412902539,35364639.19234332,YULARA_COMBINED,2017,complete_H144,144,low-power,24
50,19296.0,10597927.304636301,59270.46321244737,4361507.514438015,364140.58809912374,287069.2632675142,198390.08357297574,356010.8221012135,91.2569852107993,33411755.82580319,YULARA_COMBINED,2017,complete_H144,144,low-power,24
51,19433.0,1763325.513722949,48167.02174632742,3962869.7544144755,426087.49885153014,316150.81900174177,137477.12788946048,290234.9354654821,23.097532563855303,46936081.86054303,YULARA_COMBINED,2017,complete_H144,144,low-power,24
52,19372.0,2051115.0621003788,60724.26777258465,4166254.819883282,415275.4979018648,346693.5561549235,172963.4733617434,338981.598030438,65.88513180885425,41330335.47909414,YULARA_COMBINED,2017,complete_H144,144,low-power,24
53,19371.0,3683788.144194101,72842.97536460521,4705777.322155747,370439.1879485375,254017.18467567986,215167.2739202191,338238.81780159334,22.93943554505574,38903952.78088174,YULARA_COMBINED,2017,complete_H144,144,low-power,24
54,19296.0,2474668.5463196747,57212.59160166045,4118088.438108447,319462.7691500745,305979.2580146213,163515.9026234558,301143.08922567236,10.548093805559265,44379207.58918528,YULARA_COMBINED,2017,complete_H144,144,low-power,24
55,21305.0,15659810.69156782,4747665.688641668,7810752.504660738,4312792.041076803,3631279.933196822,3513153.012905731,4032358.8394246995,6388697.484647016,30258036.46386962,YULARA_COMBINED,2017,complete_H144,144,low-power,24
56,23047.0,14038483.822815593,385699.56370700273,9229432.843392905,923617.5378549275,2086328.4869883761,1725327.8939155731,2124333.2805106286,32272.614037779305,25857245.70185199,YULARA_COMBINED,2017,complete_H144,144,low-power,24
57,19296.0,4794190.544951295,104256.33437921811,4812389.726422722,273636.12114847807,806002.1394227699,627563.8530885945,895938.774736534,234.92139864827263,37087832.58227293,YULARA_COMBINED,2017,complete_H144,144,low-power,24
58,19653.0,8393904.535929041,487360.1350527775,6136029.928481899,788742.4833334564,994426.2134232884,825155.0555933735,1038223.1600510307,67447.35086094514,24486387.995668948,YULARA_COMBINED,2017,complete_H144,144,low-power,24
59,19440.0,22829694.31527102,514964.68249876326,5178300.447960663,428248.0529885534,385005.9854807105,388204.6171381155,607842.4171069178,638.5548141372593,24964814.81649194,YULARA_COMBINED,2017,complete_H144,144,low-power,24
60,19364.0,3965892.8610214824,90504.93650280744,4796839.294076682,456731.09206650255,387184.7639549882,373228.22516770504,416543.7600385357,163.67910930657584,36469024.21240544,YULARA_COMBINED,2017,complete_H144,144,low-power,24
61,19303.0,3574897.018124392,141480.8974916817,4949323.536886664,207472.40341572746,299400.94985503773,244212.26404244333,378540.84574218874,242.0585592511633,42974560.54982949,YULARA_COMBINED,2017,complete_H144,144,low-power,24
62,19226.0,2413252.2295263377,205606.6329551962,4201992.643246231,423027.24298138544,455312.075174394,363458.1962515761,449742.2119662598,77.73441768734851,50694986.66556363,YULARA_COMBINED,2017,complete_H144,144,low-power,24
63,18934.0,1602235.8720120713,65020.01683906649,4297344.946031882,444913.8819741107,187381.05798430354,98888.9926517619,206768.71033417992,38.38237998893968,45203873.94618372,YULARA_COMBINED,2017,complete_H144,144,low-power,24
64,19008.0,2056844.766452603,79014.5542495719,4141072.7957168543,431000.78204768826,250089.49086731975,148847.83839681093,260581.5695040924,61.59922940596596,47973911.41701911,YULARA_COMBINED,2017,complete_H144,144,low-power,24
65,19388.0,3405330.8603069964,78887.25789927098,4507154.673228094,399846.17540122446,306288.3908924718,194971.36208080887,308516.8448084576,10160.382293428578,40337524.86674743,YULARA_COMBINED,2017,complete_H144,144,low-power,24
66,19710.0,12791847.420056898,395462.16667776153,8946849.652798656,1162480.413113922,936134.496702647,804473.751050392,883347.169552666,13337.124234501645,7193237.350567921,YULARA_COMBINED,2017,complete_H144,144,low-power,24
67,18790.0,1325320.0713217582,87824.09115980405,4031569.2464779653,541017.0489653678,340062.0196585414,184882.20853552956,334210.4030020992,197.38717619082533,45431184.16004442,YULARA_COMBINED,2017,complete_H144,144,low-power,24
68,19008.0,1779423.4203002169,53158.44961211926,3987037.8217431693,378820.9873933367,298526.3689978957,172087.2366729534,312107.96676271537,55.775263084775396,47246164.38826903,YULARA_COMBINED,2017,complete_H144,144,low-power,24
69,19077.0,4273949.93581746,369971.0208488348,4291566.92183132,364472.2570063053,356072.9899648623,343639.7594025903,502992.4268771743,3.746796035620231,38940513.99719141,YULARA_COMBINED,2017,complete_H144,144,low-power,24
70,18725.0,7252238.185193962,1145693.6298557622,3727293.4125656732,354906.2040113574,466683.9429045172,615733.8692463699,506252.282415131,105.44773822809304,43759852.4498576,YULARA_COMBINED,2017,complete_H144,144,low-power,24
71,18927.0,3226068.7047615186,57976.98756440781,5169171.039415152,356987.4028507634,174062.94030881734,159389.42344033686,285907.148758027,838.5749251085576,24494468.00883972,YULARA_COMBINED,2017,complete_H144,144,low-power,24
72,19159.0,3798319.3618011386,57760.90016461246,4559541.365324127,308113.0756428899,373705.2495706013,222637.23955463755,366781.6816566277,790.1686105589797,31991508.64146948,YULARA_COMBINED,2017,complete_H144,144,low-power,24
73,19008.0,13998110.242341807,234150.28620227188,6888421.305214248,974503.4329350392,890406.5665515373,877437.9218342748,947357.4183607306,47.627984652573524,12856670.36123267,YULARA_COMBINED,2017,complete_H144,144,low-power,24
74,18933.0,2159595.719016349,139410.2537258064,4077340.217811954,760953.0051984031,199579.72502653932,137044.85126206948,243015.3853986096,65.75834838065711,43587453.10137679,YULARA_COMBINED,2017,complete_H144,144,low-power,24
75,19076.0,2856386.200906278,52493.23412006792,3965430.7842758624,387929.67987661215,349571.07139516895,215564.87644253054,379629.11654402537,31.10976415382891,43720072.17286571,YULARA_COMBINED,2017,complete_H144,144,low-power,24
76,18871.0,2523145.3523919443,57741.524408758414,3799051.0850400403,333597.28950590076,260424.3515115418,220145.2450988136,396522.0187541,49.89039418515801,39232708.4534255,YULARA_COMBINED,2017,complete_H144,144,low-power,24
77,18789.0,5194593.0828105165,65271.21226866266,3929806.687501983,206335.14761032967,314281.4707479382,340221.52825302543,564679.6443700369,98.09688950458562,30723646.6831449,YULARA_COMBINED,2017,complete_H144,144,low-power,24
78,18720.0,4475732.478996493,79906.66477220505,4717214.122887688,380723.3420097992,562270.172226958,512548.8164981948,816848.7395990936,56.17424386211305,27764757.51389372,YULARA_COMBINED,2017,complete_H144,144,low-power,24
79,18864.0,1621609.9722444334,43981.32296197911,3640727.2440036396,297046.5790237252,169503.6327922848,167745.32361359484,361607.8616780628,43.09614923880233,41929109.838584386,YULARA_COMBINED,2017,complete_H144,144,low-power,24
80,18864.0,1390682.2495766873,40957.13945425353,3780329.2632514173,360232.3237920735,253643.72001475975,143825.4614166036,288266.6555546308,7.249769171360586,44723451.49625961,YULARA_COMBINED,2017,complete_H144,144,low-power,24
81,19008.0,1477605.636319641,50075.20777442199,3797637.4022849863,393880.86889067333,252284.60016888875,133438.01240972333,268733.8905727143,1.2325568131864757,45339777.07035409,YULARA_COMBINED,2017,complete_H144,144,low-power,24
82,18864.0,2248081.7026697006,48915.488068056766,3697014.136906616,422344.39597659046,202802.56749954398,116774.04059660959,243761.4531312883,2.626138415992648,42564136.791616976,YULARA_COMBINED,2017,complete_H144,144,low-power,24
83,18864.0,1886781.7720363012,44650.64413212336,3433454.837073197,310638.741628803,308207.9443555678,170065.4446407437,366451.9899988274,3.5672083622866646,40959846.02427835,YULARA_COMBINED,2017,complete_H144,144,low-power,24
84,19008.0,1975469.9717214692,46319.3105933049,3483390.3607611973,257455.01699894492,197721.22720873164,138722.16695513876,273440.8801089412,34.231318576496534,39557287.16442465,YULARA_COMBINED,2017,complete_H144,144,low-power,24
85,18855.0,1922061.4320696243,34652.719978651745,3835988.8607112723,312141.6525185934,224864.16668909398,234006.98327042363,449110.4765669054,69.71081888426274,35824064.13841112,YULARA_COMBINED,2017,complete_H144,144,low-power,24
86,19362.0,3234829.44577132,41846.21747696726,4406173.842035487,259156.32358301032,396321.0452145632,380728.2906596083,594881.997373815,417.8871384102279,32986829.413275577,YULARA_COMBINED,2017,complete_H144,144,low-power,24
87,20928.0,16631153.952648457,284615.75156514294,9015399.439654035,1353275.1499619156,617349.9770942616,719283.8016159674,1110856.4638476819,108798.39597206414,11487708.155520331,YULARA_COMBINED,2017,complete_H144,144,low-power,24
88,19479.0,9133778.488823654,154275.8560983268,5896257.703973754,824218.026445596,1300897.7611450301,933928.7961607195,1344405.8633050388,1032.9438193941241,26864255.38940725,YULARA_COMBINED,2017,complete_H144,144,low-power,24
89,22023.0,11031811.343892425,1117326.7352662499,7697949.341008125,1946420.8960567194,1324515.04301554,1157511.1606727622,1508676.7520855567,1731004.6954598585,25052955.833956875,YULARA_COMBINED,2017,complete_H144,144,low-power,24
90,19533.0,6329267.722900466,262457.1870214459,5539597.42510654,470170.2554883894,1226007.659223352,885643.0485898588,1067127.1329499758,3093.7476603737814,30156663.742182054,YULARA_COMBINED,2017,complete_H144,144,low-power,24
91,20054.0,7716242.924688317,134918.84144229672,6236517.702726082,573199.8256107738,815806.8805632701,656718.4799739778,960544.1266800676,4996.4694380613355,33746238.81176581,YULARA_COMBINED,2017,complete_H144,144,low-power,24
0,42674.0,9631089.697857892,326867.6951986395,14514213.750356264,1769075.329634068,2101751.238766321,2446363.6379144485,2711059.1969290897,1102.3668170584988,83746982.30779254,YULARA_COMBINED,2017,complete_H144,144,low-power,48
1,42067.0,5148595.597618737,102677.1032426995,12042467.417866416,884949.7296376007,1695573.2350994125,1059833.4782821182,1435500.32347757,194.6141723580856,83798417.59089766,YULARA_COMBINED,2017,complete_H144,144,low-power,48
2,44984.0,29345000.85566023,780710.0712793136,22113667.034640543,3433748.028110322,2895424.7515581874,2747305.842199146,3347394.9224659316,218779.03095698616,30106270.992267963,YULARA_COMBINED,2017,complete_H144,144,low-power,48
3,42583.0,15356644.952515572,337493.0227590883,15569026.343953775,1839866.3336581162,2491511.4877755516,3028657.6937857294,3556421.399396679,169.08264031469136,65539265.62846135,YULARA_COMBINED,2017,complete_H144,144,low-power,48
4,42321.0,13216023.516416144,208260.50470255024,15781793.87554841,1500642.9806325347,1368276.7252261913,1321030.3804914507,1725441.3408813707,2690.1908548182014,51085847.911187366,YULARA_COMBINED,2017,complete_H144,144,low-power,48
5,41343.0,7839649.75977451,121656.23240812738,12161620.845474022,625606.4586042841,1426265.933164721,1024232.5706423966,1399276.26423768,225.2591028642939,78836114.97910397,YULARA_COMBINED,2017,complete_H144,144,low-power,48
6,40817.0,6619420.303751626,109063.49773630875,12339161.844749236,864194.5266342936,1396038.3388104804,857771.9678362879,1255701.6647883928,237.11198733840538,73852102.5403538,YULARA_COMBINED,2017,complete_H144,144,low-power,48
7,40975.0,4382268.280730107,128563.89915153234,10587094.778185727,837651.9701100625,1184129.195142718,672657.4812767854,1047298.4050822307,246.32838965998215,96148583.81134145,YULARA_COMBINED,2017,complete_H144,144,low-power,48
8,40896.0,4429820.730345271,93803.58898147444,9960533.662928754,906263.2713630165,1182598.9256494956,527568.2516812468,906097.8211280158,3.8018140888884577,87215827.37121189,YULARA_COMBINED,2017,complete_H144,144,low-power,48
9,40896.0,5140809.807998836,142428.90693629245,10577209.172526749,790237.4288829473,1736205.2051531088,986678.4013458841,1521695.7717514562,13.476552565862255,86056393.87584813,YULARA_COMBINED,2017,complete_H144,144,low-power,48
10,40752.0,3463157.0762686096,153665.41574451522,10020174.028708318,888039.9620820637,960019.9803815782,486586.42401690717,823019.0731173329,26.288509297016546,98346682.32618135,YULARA_COMBINED,2017,complete_H144,144,low-power,48
11,40619.0,6214789.17894748,107274.27974671239,10429624.061546458,761998.7239170121,1472932.488213639,892019.7837441781,1349419.3887534253,62.76427544997737,82618751.10479644,YULARA_COMBINED,2017,complete_H144,144,low-power,48
12,40464.0,5279953.100232177,89172.32573430124,9536485.220515177,639569.9609484196,1223173.5548596052,739979.9615217048,1262153.8473364203,321.63588080056945,84659704.61496876,YULARA_COMBINED,2017,complete_H144,144,low-power,48
13,39744.0,8687943.263029555,123594.69625655538,10323548.926602459,769751.826714534,1007154.904762608,537270.4280691524,955067.7558943593,497.90329768375716,75158559.6949901,YULARA_COMBINED,2017,complete_H144,144,low-power,48
14,40032.0,5382579.645274397,117427.9259373935,9233446.477390425,826655.0052520811,767174.4043837797,317567.671773274,563778.7742275412,9.66269527140326,97056088.75700046,YULARA_COMBINED,2017,complete_H144,144,low-power,48
15,39744.0,2965850.50771808,154333.7574232072,9295413.162794972,889738.631729159,592683.0545621722,280000.3434103232,518569.340414035,3.8947815779783532,99147009.59141694,YULARA_COMBINED,2017,complete_H144,144,low-power,48
16,39744.0,8130111638.145842,779613700.534575,11319647.958588123,23588731.074863106,3026320.432095927,3943219.130364928,2849664.852257729,2.685363408829888,93474231.92871709,YULARA_COMBINED,2017,complete_H144,144,low-power,48
17,39744.0,9951735701.228144,823566507.4453508,11395730.05382676,26644281.933540247,3421723.8695530463,4397065.194295771,2827069.024850337,111.83039456231444,82864268.43969582,YULARA_COMBINED,2017,complete_H144,144,low-power,48
18,41490.0,6536140597.638816,444908970.2731199,13529876.083851766,14179988.009941306,3133552.3762049694,3843791.092586643,2050200.2018716522,43003.16719282116,60974402.418327905,YULARA_COMBINED,2017,complete_H144,144,low-power,48
19,40590.0,14882671.91150765,286041.5825793761,14671476.694745844,1358338.110826022,2632577.5300145405,1771383.3416185575,2411737.4409729457,62222.83461998286,52692790.447485745,YULARA_COMBINED,2017,complete_H144,144,low-power,48
20,40464.0,24350975.091268316,420993.0696918402,17441322.83842212,2700129.53059489,1669024.2747177747,1548772.5679260409,2006582.7217644905,20305.091985007206,23141752.52287998,YULARA_COMBINED,2017,complete_H144,144,low-power,48
21,40819.0,48169014.1766646,568573.0578416585,12171465.507653667,1624328.0406135225,1322058.296133738,1064865.9093260567,1475145.603415734,6195.173818265931,69049240.90839933,YULARA_COMBINED,2017,complete_H144,144,low-power,48
22,40685.0,9384942.040212153,202859.47989759248,10976124.479943795,688505.1047511762,1213762.4857842855,924666.6774134132,1329402.9545018973,131839.08129686446,86576117.291447,YULARA_COMBINED,2017,complete_H144,144,low-power,48
23,39964.0,6402820.537582973,125400.56200253103,9773429.7898072,665056.5799063847,1235443.310975164,877987.2444611953,1179020.0575348884,7362.508733730029,88363675.09795411,YULARA_COMBINED,2017,complete_H144,144,low-power,48
24,39387.0,13723109.978155902,275176.2862960905,10818298.208200518,1054751.3683634002,1073899.6761921314,981860.7775335961,1367239.4709587635,882.6739492930026,63502647.79690068,YULARA_COMBINED,2017,complete_H144,144,low-power,48
25,38729.0,12361252.818359246,107437.48495877499,8324377.268852504,790228.0869506542,603220.0822692561,335867.21146243677,646245.7575666957,114.35451777465462,80347837.68634634,YULARA_COMBINED,2017,complete_H144,144,low-power,48
26,38743.0,5734903.206294479,133567.24313718986,8872032.142039035,785714.6858504021,600710.7408306034,388130.7472819626,677220.4158320316,88.82456735390997,80234288.2599759,YULARA_COMBINED,2017,complete_H144,144,low-power,48
27,40601.0,18134479.23788749,4804878.280243329,11928840.942769188,4632254.810226874,3937259.1912114425,3676668.9155291873,4333501.928650372,6388708.032740821,74637244.05305485,YULARA_COMBINED,2017,complete_H144,144,low-power,48
28,42343.0,18832674.36776689,489955.8980862202,14041822.569815634,1197253.6590034051,2892330.626411148,2352891.747004166,3020272.0552471634,32507.535436427548,62945078.2841249,YULARA_COMBINED,2017,complete_H144,144,low-power,48
29,39093.0,31223598.85120006,1002324.81755154,11314330.376442552,1216990.5363220111,1379432.1989039984,1213359.6727314875,1646065.5771579507,68085.90567508226,49451202.812160894,YULARA_COMBINED,2017,complete_H144,144,low-power,48
30,38667.0,7540789.879145874,231985.83399448908,9746162.830963349,664203.4954822299,686585.7138100262,617440.4892101483,795084.6057807247,405.73766855773886,79443584.76223491,YULARA_COMBINED,2017,complete_H144,144,low-power,48
31,38160.0,4015488.1015384044,270626.64979426254,8499337.589278106,867941.1249554959,642693.1331586979,462347.188903338,656510.9223004399,116.1167976762882,95898860.61174741,YULARA_COMBINED,2017,complete_H144,144,low-power,48
32,38396.0,5462175.626759596,157901.81214884276,8648227.468944948,830846.9574489137,556377.8817597916,343819.20047761966,569098.4143125498,10221.981522834545,88311436.28376648,YULARA_COMBINED,2017,complete_H144,144,low-power,48
33,38500.0,14117167.491378665,483286.2578375657,12978418.89927663,1703497.4620792903,1276196.5163611884,989355.9595859213,1217557.5725547671,13534.511410692474,52624421.51061233,YULARA_COMBINED,2017,complete_H144,144,low-power,48
34,38085.0,6053373.356117678,423129.47046095406,8278604.743574482,743293.244399642,654599.358962758,515726.99607554387,815100.3936398891,59.522059120395646,86186678.3854604,YULARA_COMBINED,2017,complete_H144,144,low-power,48
35,37652.0,10478306.8899555,1203670.617420168,8896464.451980824,711893.606862121,640746.8832133341,775123.2926867072,792159.4311731581,944.0226633366508,68254320.4586973,YULARA_COMBINED,2017,complete_H144,144,low-power,48
36,38167.0,17796429.604142934,291911.1863668842,11447962.670538377,1282616.5085779289,1264111.8161221384,1100075.161388912,1314139.1000173579,837.7965952115527,44848179.00270221,YULARA_COMBINED,2017,complete_H144,144,low-power,48
37,38009.0,5015981.919922627,191903.48784587433,8042771.002087816,1148882.6850750155,549150.7964217082,352609.7277046001,622644.5019426349,96.86811253448595,87307525.27424242,YULARA_COMBINED,2017,complete_H144,144,low-power,48
38,37660.0,7717738.435202458,123012.73667742098,7728857.772542014,539932.4371162298,574705.8222594803,560366.7733518397,961201.6631241378,147.98728368974366,69956355.13657041,YULARA_COMBINED,2017,complete_H144,144,low-power,48
39,37584.0,6097342.45124093,123887.98773418418,8357941.366891329,677769.9210335243,731773.805019242,680294.1401117903,1178456.6012771558,99.27039310091536,69693867.35247815,YULARA_COMBINED,2017,complete_H144,144,low-power,48
40,37872.0,2868287.885896326,91032.34722867544,7577966.665536411,754113.1926827473,505928.3201836483,277263.473826327,557000.5461273451,8.48232598454706,90063228.56661375,YULARA_COMBINED,2017,complete_H144,144,low-power,48
41,37728.0,4134863.474705998,93566.13220018007,7130468.973979807,732983.1376053938,511010.5118551118,286839.48523735325,610213.4431301157,6.193346778279313,83523982.81589524,YULARA_COMBINED,2017,complete_H144,144,low-power,48
42,37863.0,3897531.4037910905,80972.03057195667,7319379.22147246,569596.6695175382,422585.393897826,372729.15022556245,722551.3566758466,103.94213746075927,75381351.30283582,YULARA_COMBINED,2017,complete_H144,144,low-power,48
43,40290.0,19865983.39841977,326461.96904211014,13421573.28168952,1612431.4735449261,1013671.0223088245,1100012.0922755748,1705738.4612214977,109216.28311047438,44474537.56879592,YULARA_COMBINED,2017,complete_H144,144,low-power,48
44,41502.0,20165589.832716066,1271602.5913645767,13594207.044981904,2770638.922502316,2625412.8041605717,2091439.9568334823,2853082.6153905955,1732037.6392792524,51917211.22336415,YULARA_COMBINED,2017,complete_H144,144,low-power,48
45,39587.0,14045510.64758879,397376.0284637427,11776115.12783262,1043370.0810991628,2041814.5397866208,1542361.5285638387,2027671.2596300424,8090.217098435117,63902902.55394787,YULARA_COMBINED,2017,complete_H144,144,low-power,48
0,63717.0,12243443.204993188,387956.68346439325,20703597.62563905,2251908.5838171174,2980465.169320778,3076651.628264385,3514375.895581536,1217.7082708951873,126495023.30899963,YULARA_COMBINED,2017,complete_H144,144,low-power,72
1,66008.0,31881242.94614366,822298.1862562592,27966750.577224176,3835864.503564875,3712284.056103146,3176851.3301313296,3979578.54729106,218858.30367550757,71156647.58195841,YULARA_COMBINED,2017,complete_H144,144,low-power,72
2,63592.0,22936052.435192645,441351.96072252677,23725283.356860045,2570201.072718893,3077842.729547087,3485107.1594634587,4188065.6676674653,2608.8957923742473,84820440.2915519,YULARA_COMBINED,2017,complete_H144,144,low-power,72
3,62655.0,13476265.793513589,226057.7991472388,19787157.708116177,1395914.7001760427,2208211.4166193753,1888813.485456122,2493073.3368482664,475.6368056229381,110640788.22720079,YULARA_COMBINED,2017,complete_H144,144,low-power,72
4,61344.0,8949977.12054821,179501.5825639331,17697694.617900822,1206309.362598682,1902632.3223531395,1116765.6462561665,1649754.8269921944,479.47913620186944,122959527.80772187,YULARA_COMBINED,2017,complete_H144,144,low-power,72
5,61344.0,6481532.194278787,151929.4033053824,15189095.667962883,1401800.4055086893,1860134.137249554,941232.0545381545,1559343.0640064452,7.763054885406224,134256985.91518548,YULARA_COMBINED,2017,complete_H144,144,low-power,72
6,61344.0,6777846.06040442,211500.79793351752,15531990.649081662,1213285.274263102,2398747.6149224816,1342535.8620638305,2101484.0760976407,18.084376518226264,136789031.9143193,YULARA_COMBINED,2017,complete_H144,144,low-power,72
7,60923.0,8040910.002810505,191867.80449400272,15495016.613699831,1226990.8406189245,1770410.0588258442,1022748.747043138,1592650.1575245766,84.44496079462999,130232795.39250664,YULARA_COMBINED,2017,complete_H144,144,low-power,72
8,60192.0,11115555.294668106,161055.07099514006,15115313.666453773,938373.1189727485,1931272.16259955,1148784.4205292403,1950460.5939478811,556.8568543740269,114410743.18401842,YULARA_COMBINED,2017,complete_H144,144,low-power,72
9,60048.0,8234920.713868013,169139.8769331104,13978166.958054313,1297603.673942286,1066230.7014064407,446033.64083489036,830539.7835104408,272.34501938170393,142463609.8829408,YULARA_COMBINED,2017,complete_H144,144,low-power,72
10,59616.0,3150681278.8170857,366372750.1181422,14965274.660830079,10087075.845515272,1874245.8645510285,1951695.1124366987,1922616.452076207,4.4888421537924375,147275159.90583742,YULARA_COMBINED,2017,complete_H144,144,low-power,72
11,59616.0,14934131911.064623,1236961791.619207,17045516.51437978,41035675.79461721,5166481.491660117,6668589.555634317,4272686.765445894,113.92169739533026,128210350.05399245,YULARA_COMBINED,2017,complete_H144,144,low-power,72
12,62284.0,6547659093.242513,445144073.75925696,22957330.08217358,15130177.393633096,5358810.5512405895,5320222.899171018,4040825.8991221795,105083.92847930372,77094528.66622272,YULARA_COMBINED,2017,complete_H144,144,low-power,72
13,60260.0,27715151.39908403,471931.16613401193,22685345.534846194,3108278.2577291266,2076343.629696697,1843724.1029602261,2427694.4654869037,20447.16531850741,59714416.72247078,YULARA_COMBINED,2017,complete_H144,144,low-power,72
14,60919.0,51330562.14861288,650155.9379323575,17523275.252251785,1896687.0955500873,1813069.903816411,1478979.8588228403,2056026.4369457127,6608.567404396678,110076890.12578131,YULARA_COMBINED,2017,complete_H144,144,low-power,72
15,60549.0,12626214.605846798,246677.1618094233,15397744.525152896,1081202.6297209975,1958194.1890767745,1388539.9723778218,1927542.1785068037,138788.1964444637,133912143.17201878,YULARA_COMBINED,2017,complete_H144,144,low-power,72
16,58683.0,24321037.28279218,334446.74950853805,15179805.722638534,1418891.9564625255,1360968.9394596445,1180250.8611065727,1723250.2930599765,973.9309345038022,96914403.62270394,YULARA_COMBINED,2017,complete_H144,144,low-power,72
17,58176.0,7498228.720017426,181734.26488351723,12834901.896453511,1211802.1847019328,916861.5598323449,525607.8751714227,967455.3512975137,111.92209991776534,127170370.12051885,YULARA_COMBINED,2017,complete_H144,144,low-power,72
18,63648.0,32172963.06070308,5190577.843950327,21158273.78616209,5555872.3480817955,6023587.678199819,5401996.809444762,6457835.20916101,6420980.646778596,100494489.75490697,YULARA_COMBINED,2017,complete_H144,144,low-power,72
19,58389.0,36017789.39615138,1106581.151930759,16126720.10286528,1490626.6574704906,2185434.338326771,1840923.52582008,2542004.351894482,68320.82707373054,86539035.3944338,YULARA_COMBINED,2017,complete_H144,144,low-power,72
20,57893.0,9954042.108672224,437592.4669496855,13948155.474209571,1087230.7384636158,1141897.7889844193,980898.6854617243,1244826.8177469824,483.47208624508704,130138571.42779854,YULARA_COMBINED,2017,complete_H144,144,low-power,72
21,57330.0,7064411.498771669,222921.82898790934,12945572.414976848,1275760.8394230234,743758.9397440943,442708.1931293809,775867.124646731,10260.363902823485,133515310.22995003,YULARA_COMBINED,2017,complete_H144,144,low-power,72
22,57508.0,15896590.911678886,536444.707449685,16965456.7210198,2082318.4494726262,1574722.8853590833,1161443.1962588755,1529665.5393174826,13590.286673777255,99870585.89888136,YULARA_COMBINED,2017,complete_H144,144,low-power,72
23,56729.0,14752256.825772943,1573641.6382690025,13188031.373812133,1076365.8638684272,996819.8731781966,1118763.052089299,1295151.8580503326,947.7694593722708,107194834.45588876,YULARA_COMBINED,2017,complete_H144,144,low-power,72
24,57100.0,19956025.323159292,431321.44009269064,15525302.888350349,2043569.5137763321,1463691.541148679,1237120.0126509815,1557154.4854159663,903.5549435922079,88435632.10407893,YULARA_COMBINED,2017,complete_H144,144,low-power,72
25,56736.0,10574124.63610873,175505.97079748893,11694288.556817876,927862.1169928417,924276.8936546489,775931.6497943704,1340830.7796681637,179.09704784357274,113676427.30943596,YULARA_COMBINED,2017,complete_H144,144,low-power,72
26,56448.0,7488024.700817617,164845.12718843797,12138270.630142743,1038002.2448255977,985417.5250340017,824119.6015283937,1466723.2568317875,106.52016227227598,114417318.84873784,YULARA_COMBINED,2017,complete_H144,144,low-power,72
27,56736.0,5612469.111025639,143641.33997460213,10928106.376264801,1126864.0064960667,763295.1120240017,420277.49764707644,878947.3337028291,7.425903591465787,128863759.88624938,YULARA_COMBINED,2017,complete_H144,144,low-power,72
28,57225.0,7132360.849562406,122818.24804892391,11725553.063507957,828752.9931005492,818906.4391123902,753457.4408851704,1317433.3540496614,521.8292758709874,108368180.71611138,YULARA_COMBINED,2017,complete_H144,144,low-power,72
29,62430.0,36796743.78536454,1556218.3429297202,22609606.484635897,4123914.072464229,3242762.781254833,2810723.7584494506,3963939.079238281,1840836.035251317,63404919.378884576,YULARA_COMBINED,2017,complete_H144,144,low-power,72
30,39587.0,14045510.64758879,397376.0284637427,11776115.12783262,1043370.0810991628,2041814.5397866208,1542361.5285638387,2027671.2596300424,8090.217098435117,63902902.55394787,YULARA_COMBINED,2017,complete_H144,144,low-power,72
0,41472.0,22319187.061331134,24083665.150211457,29993378.424422912,23027964.361597534,18408836.45626635,17154515.50382544,15814658.575576762,35840700.89984971,78638947.29660541,YULARA_COMBINED,2017,pointwise_finite,144,full,24
1,41472.0,19936183.32625142,9572228.81433379,45603182.65930428,14362917.931789968,11252048.019826563,9637650.74725049,8886061.933218941,16162217.575439943,121269549.86738983,YULARA_COMBINED,2017,pointwise_finite,144,full,24
2,41472.0,13884247.210880227,1375826.6748379795,38840385.79647315,3277440.021568441,9563379.836794576,7599757.928730895,7065649.127166313,2009564.9326045387,105468784.29856841,YULARA_COMBINED,2017,pointwise_finite,144,full,24
3,41472.0,12891403.45532009,1168677.5415030762,35895272.424188495,3380326.08943607,5803856.6848315615,5268145.823745838,5439100.964291204,2271339.0337327663,97945944.84641287,YULARA_COMBINED,2017,pointwise_finite,144,full,24
4,41472.0,27657545.13624282,13262727.956755836,27274262.739077695,11161875.630201595,14159573.037834864,13749950.51403228,14917428.696738033,16298065.509089045,62754312.01908761,YULARA_COMBINED,2017,pointwise_finite,144,full,24
5,41472.0,30865057.40613562,11064498.346979897,20395525.528989404,11875632.549527572,9532567.729167666,13923489.392357094,15644651.92568375,17270265.68641137,23255554.49232992,YULARA_COMBINED,2017,pointwise_finite,144,full,24
6,41472.0,32986004.914244108,15621255.806275219,30471639.99405164,16880787.429625675,18963400.857824743,19946034.51791257,20690314.53535055,21815324.412443355,70121644.32945171,YULARA_COMBINED,2017,pointwise_finite,144,full,24
7,41472.0,15017538.435716992,11274760.010312987,38797050.494233795,13935529.716979627,13398292.190277893,10439258.554499637,9201200.946618032,19844292.50794976,103951036.88513616,YULARA_COMBINED,2017,pointwise_finite,144,full,24
8,41472.0,19284949.264387835,13849778.906925501,21083164.857768144,9941113.756538827,9298613.87716809,9371304.571484264,10251995.089311859,18875287.248162914,51320123.55821818,YULARA_COMBINED,2017,pointwise_finite,144,full,24
9,41472.0,20412914.57087288,9770649.501988128,35803128.856368974,12941290.471414672,16171936.722213525,14037415.218796153,13649093.88219824,15357416.436779987,91170648.49855663,YULARA_COMBINED,2017,pointwise_finite,144,full,24
10,41472.0,18941873.54407212,10640883.30516373,37879283.995498694,10691182.13263653,15139440.06903664,13133395.775172802,12866012.310652118,14761126.916734112,100539568.6655638,YULARA_COMBINED,2017,pointwise_finite,144,full,24
11,41472.0,19155248.81161699,4805606.964277327,37129860.9215222,8102675.738946094,10213789.602848683,9533999.236458387,9413440.540463781,9317845.128247617,99809764.62330219,YULARA_COMBINED,2017,pointwise_finite,144,full,24
12,41472.0,16881870.22753563,3594849.2753961305,42447322.53953262,7251723.999099983,11675128.537186164,9866237.451186629,9430556.11538787,7971700.610484249,111524870.34156887,YULARA_COMBINED,2017,pointwise_finite,144,full,24
13,41472.0,17240328.29364104,7443250.017947593,32091132.457649324,7256816.442049066,9424445.761751555,8859915.255900271,9080413.88214747,10687853.900208814,86311079.00857916,YULARA_COMBINED,2017,pointwise_finite,144,full,24
14,41472.0,16445457.041090256,7602236.247082462,45062241.61217241,10943015.739545934,9894096.416111346,8455066.98208946,7729987.393022019,10484126.067160381,119238571.63615794,YULARA_COMBINED,2017,pointwise_finite,144,full,24
15,41472.0,15316550.203660458,308613.0659963771,43693429.87465859,3963030.2531667408,8807348.950575525,9373820.826510359,8679342.285923203,928611.8858726195,115289776.13635017,YULARA_COMBINED,2017,pointwise_finite,144,full,24
16,41472.0,12600201.27158841,205209.05672118685,41077964.601382904,3347587.6761009065,6073384.795922468,5930541.529819448,5515011.4587905845,69137.79997417744,110606494.1886549,YULARA_COMBINED,2017,pointwise_finite,144,full,24
17,41472.0,11659823.73282401,196745.21950757655,38901011.40832486,2984521.111450212,4625687.961657544,5028453.114684483,4881719.4996470455,90043.89363478989,105295381.14649121,YULARA_COMBINED,2017,pointwise_finite,144,full,24
18,41472.0,16359500.54941625,3510302.5510755964,40124431.698360756,5755036.644703031,7161555.292654214,7064045.395834109,6724653.214594625,3710444.774080523,104879381.08180842,YULARA_COMBINED,2017,pointwise_finite,144,full,24
19,41472.0,17952245.413487826,2029757.2393310207,44965095.13135097,5959971.8633493865,8048779.764240223,7687045.987414825,7044224.941843749,4229783.503793114,116462650.89047568,YULARA_COMBINED,2017,pointwise_finite,144,full,24
20,41472.0,18790137.026935447,639194.4972413117,47941102.19396521,5142115.509922679,9021375.471791409,9148168.327587035,8141346.813025202,146775.0268642279,124665060.65009174,YULARA_COMBINED,2017,pointwise_finite,144,full,24
21,41472.0,15581626.718773864,1485896.8050094335,46494839.68833713,5046681.744871057,8984930.34246426,9297007.052161714,8318096.663046793,1486430.4687085585,123667600.1538629,YULARA_COMBINED,2017,pointwise_finite,144,full,24
22,41472.0,16941559.18184237,3189206.0585408537,38211920.81172037,4281043.129062908,8029868.358657429,8323119.0377457915,7838044.108315874,4602010.788743203,102306637.50594863,YULARA_COMBINED,2017,pointwise_finite,144,full,24
23,41472.0,16664265.092052924,3258798.4419403425,42755406.6734984,6310746.733901228,9575007.409136849,8460794.096139109,8830852.208049674,5363107.626825983,113619983.40057698,YULARA_COMBINED,2017,pointwise_finite,144,full,24
24,41472.0,17762901.82618371,1413648.826338646,40617644.93611441,4090451.427724422,5323527.53082692,5911960.377961812,5709724.770784648,2388128.411318391,107180120.9593544,YULARA_COMBINED,2017,pointwise_finite,144,full,24
25,41472.0,15184122.754332323,3664449.9074024823,40128407.09269191,5944825.240841085,7866175.803216422,9320188.479593866,9342412.947036725,4689704.798381708,106999187.38676123,YULARA_COMBINED,2017,pointwise_finite,144,full,24
26,41472.0,20697239.816671755,10399063.797100095,30206387.54431294,8796906.824615603,11826716.096251948,11009328.157645414,11361792.560479905,12858812.841168359,81485902.87925692,YULARA_COMBINED,2017,pointwise_finite,144,full,24
27,41472.0,14378496.96382094,4794506.0271411715,42256300.88853293,10107252.0606616,6499065.024165899,6843236.379687334,6056624.412207314,12185181.512015162,112752436.25746691,YULARA_COMBINED,2017,pointwise_finite,144,full,24
28,41472.0,12798869.524930717,445449.0156821813,44312757.46764503,4473585.740632377,8294746.937783663,9150357.456719356,7622842.381975961,84648.6567529708,118987352.65787806,YULARA_COMBINED,2017,pointwise_finite,144,full,24
29,41472.0,22460138.4870591,466243.9282721286,47433311.86004583,4651493.234193001,8155060.664051914,7564032.667083035,6105391.554094487,37498.2216183024,122563015.10991374,YULARA_COMBINED,2017,pointwise_finite,144,full,24
30,41472.0,15906169.275799591,390365.2285069224,46907127.97349913,4475717.65577084,10858987.291717563,11326257.973987332,9973683.552062688,11977.599258292297,124165014.62857792,YULARA_COMBINED,2017,pointwise_finite,144,full,24
31,41472.0,16254266.741876114,403408.932088751,47715502.02758665,4573945.207117911,10615055.95311548,11375705.056235293,10169072.833204158,14060.512213494601,125930107.94359209,YULARA_COMBINED,2017,pointwise_finite,144,full,24
32,41472.0,4744387216.890792,440342802.84223884,48094565.15647257,20628838.91319833,14253278.781433035,13261311.417015538,12945961.577373493,41242.515757966496,121209325.46100105,YULARA_COMBINED,2017,pointwise_finite,144,full,24
33,41472.0,10711690128.269978,861386371.1195542,47784875.41884103,38876436.33464409,11892121.906332776,11034989.401558967,12946632.44172003,88546.0679343608,114426535.4586434,YULARA_COMBINED,2017,pointwise_finite,144,full,24
34,41472.0,10636772278.726616,862506526.6783174,46875582.71548778,38092410.67257326,11570486.52899189,10967013.144022077,12952620.478569403,565492.545395719,112627973.24835533,YULARA_COMBINED,2017,pointwise_finite,144,full,24
35,41472.0,10518122697.358177,835824532.7585735,39433256.106442474,33309115.511076264,13624221.673365988,12885026.571540449,15366080.9227139,6961639.310382292,96726642.69419618,YULARA_COMBINED,2017,pointwise_finite,144,full,24
36,41472.0,10468075942.634893,794139947.7294751,28513296.95658383,26375536.70960037,12393200.860091802,11974660.27661142,13755591.678784702,14412826.420813318,67273173.79705617,YULARA_COMBINED,2017,pointwise_finite,144,full,24
37,41472.0,5322852428.209693,451236731.9790951,36605646.68062178,26090915.52725078,13384021.10838972,12302293.935103137,13697842.998893697,9799688.577110376,90042501.82728456,YULARA_COMBINED,2017,pointwise_finite,144,full,24
38,41472.0,25970724.065670278,16118286.485461373,22365723.972292773,12865278.808594815,16912063.768653173,15074458.606344158,16946375.966443524,21178293.38598429,46118793.81325158,YULARA_COMBINED,2017,pointwise_finite,144,full,24
39,41472.0,14330895.294420838,14763970.529633349,33894223.83539713,17091885.844864596,8545297.643743558,7388132.31494353,7215794.287550111,24266006.372618407,94589105.17941706,YULARA_COMBINED,2017,pointwise_finite,144,full,24
40,41472.0,26226480.940583777,21989355.37153521,14947655.677422687,16825214.257298768,19549340.88755424,18463097.83672685,19696915.296544965,30045445.719533842,22815825.345249616,YULARA_COMBINED,2017,pointwise_finite,144,full,24
41,41472.0,22524446.23320154,8730731.384442633,19049795.67014934,9735108.57563941,12420032.052254558,12810481.702943984,13017381.063023653,11814476.73505528,49063821.35949228,YULARA_COMBINED,2017,pointwise_finite,144,full,24
42,41472.0,55258903.13080867,8954570.930159772,26961904.538857862,11573229.585253235,13295860.779253175,12630935.182284439,11795707.418630218,14186647.968143834,73901119.6652759,YULARA_COMBINED,2017,pointwise_finite,144,full,24
43,41472.0,21392112.60352076,11952345.749884102,35386770.56054166,12380392.225223823,13989188.609643497,11648944.679709483,11048271.915423892,14645542.65866877,94831379.6510316,YULARA_COMBINED,2017,pointwise_finite,144,full,24
44,41472.0,15593329.28527073,5482934.77533655,40072132.506393,8087474.176143918,13382919.460411994,10751640.346228415,9485439.380289983,10554470.945060238,106667643.3790611,YULARA_COMBINED,2017,pointwise_finite,144,full,24
45,41472.0,22780976.508712716,4190481.8625205327,43978878.30673676,7604238.683316372,11270119.366427833,10759199.441903878,9724454.445546422,4410672.741262648,114012123.46227352,YULARA_COMBINED,2017,pointwise_finite,144,full,24
46,41472.0,21076597.45586296,4085016.928237866,42729693.54144756,6822126.07136633,14635265.493587546,13184161.237733355,11566379.149517111,6607500.134742847,112369701.7468991,YULARA_COMBINED,2017,pointwise_finite,144,full,24
47,41472.0,14931140.778245596,2913691.95617475,41259628.81545867,5762810.300738586,9200153.114711907,8553309.833973397,7475187.833600124,6299095.114873492,109692177.43481648,YULARA_COMBINED,2017,pointwise_finite,144,full,24
48,41472.0,25360988.450141907,11921133.220570317,31249405.10704427,10660917.217347827,11880784.25883497,13168956.498803027,12960358.03546912,15596569.48015087,83093467.3310151,YULARA_COMBINED,2017,pointwise_finite,144,full,24
49,41472.0,21225230.22185452,17038508.017728243,31160940.50830725,13162274.938768946,14953191.6519601,13261731.495023796,14895146.615164986,24286097.287431635,83662511.21290495,YULARA_COMBINED,2017,pointwise_finite,144,full,24
50,41472.0,24741878.91779047,6128184.466635672,29234403.58943754,6332172.494839445,4990570.3775724685,5009239.030245237,5007089.096875463,9524247.798751136,84249328.52332823,YULARA_COMBINED,2017,pointwise_finite,144,full,24
51,41472.0,13646474.65976499,2755015.1473380174,44852074.191652134,8187670.590094472,5644880.918773328,6357910.352267724,5681374.424847721,3091198.432848523,117253377.13695504,YULARA_COMBINED,2017,pointwise_finite,144,full,24
52,41472.0,11744395.55217131,2078284.686105485,40845908.22062233,4236769.870733391,5331245.222291977,5912812.967188892,5532456.382394209,2254724.01974742,107721493.9991231,YULARA_COMBINED,2017,pointwise_finite,144,full,24
53,41472.0,19812003.1664514,4547135.931468894,41051035.26130285,6795032.750984906,8432310.445559956,9567340.798180131,8531568.775205115,6773177.7772279065,107867366.34359919,YULARA_COMBINED,2017,pointwise_finite,144,full,24
54,41472.0,14842911.885873422,2256788.501339384,42375682.47613883,5411909.736836028,6692061.59993733,7264079.66613269,6520552.166441623,6057979.994834402,112517917.27646366,YULARA_COMBINED,2017,pointwise_finite,144,full,24
55,41472.0,36947685.229037344,17773438.931719866,35817750.724454984,15867672.942095807,15015312.083908014,15204989.939669535,15920782.750431351,21916116.36141997,87386216.69058016,YULARA_COMBINED,2017,pointwise_finite,144,full,24
56,41472.0,27768106.845682174,12189349.516540987,23412714.930285253,8370846.049285746,11599030.888737068,11143186.94732177,12287875.38053348,20498700.595948115,57333098.36472178,YULARA_COMBINED,2017,pointwise_finite,144,full,24
57,41472.0,22477864.508665726,12983813.747710397,38403863.68020827,15367132.88943878,13386031.89304852,12482882.23497543,12400327.812184699,17483078.249145955,103713426.8247346,YULARA_COMBINED,2017,pointwise_finite,144,full,24
58,41472.0,28284774.08195622,14410891.071586393,28751920.065228816,12161272.488708746,13817873.327330347,14208198.848564215,14407908.48714704,21256791.549843874,74742701.76410204,YULARA_COMBINED,2017,pointwise_finite,144,full,24
59,41472.0,63131973.116639875,15062970.383578788,20423296.238847155,11485745.628007492,11286045.199204315,11293213.853975674,12593108.900800908,26403882.033467777,57193371.31359347,YULARA_COMBINED,2017,pointwise_finite,144,full,24
60,41472.0,21192863.96633468,13879446.16073013,37061073.89731347,14486752.399082113,12756365.179052558,12186701.64449557,11824646.537096165,18593045.828915242,100309411.52170809,YULARA_COMBINED,2017,pointwise_finite,144,full,24
61,41472.0,20049147.91515606,4459881.149875474,41340086.419886924,7332504.522113475,17618107.654499207,13864011.261899369,13154128.926801959,7083018.21566349,109278896.15556921,YULARA_COMBINED,2017,pointwise_finite,144,full,24
62,41472.0,23062055.799988445,5752921.152720635,48613725.79748718,8814806.308932772,15585910.429164888,13398902.954648362,12225204.158738265,6325144.071622886,126318586.72145656,YULARA_COMBINED,2017,pointwise_finite,144,full,24
63,41472.0,14965295.046913913,436850.8018573605,44389476.51231778,3706156.5414881175,10406857.288558237,9725378.060362669,8591781.725625148,392340.0003263589,116702699.07177834,YULARA_COMBINED,2017,pointwise_finite,144,full,24
64,41472.0,19333085.843023047,1766821.3611305451,48495060.59857216,6172653.569522996,11062981.928219596,11334788.279230228,10243788.767138792,1694065.3755920772,126918650.98880833,YULARA_COMBINED,2017,pointwise_finite,144,full,24
65,41472.0,16631657.605374595,4590230.798819992,40427059.53570029,5290541.1611749325,9146051.99517447,8133499.097630941,8137357.783420704,6652926.584720719,107397305.91056213,YULARA_COMBINED,2017,pointwise_finite,144,full,24
66,41472.0,28570747.300203104,28039039.827034313,15274155.18479303,20259438.27521531,14882203.379623089,14175657.255521655,15789377.388325626,39866024.893793374,23817060.541788932,YULARA_COMBINED,2017,pointwise_finite,144,full,24
67,41472.0,15435834.62246538,27599677.46308066,45462470.479840815,30893382.082281914,11177361.416631777,9904075.473297276,9172194.137165558,40592388.38747808,117893452.33484411,YULARA_COMBINED,2017,pointwise_finite,144,full,24
68,41472.0,18588248.4026031,587417.0177571824,46574816.557027385,4707652.55660651,8525455.00081757,8699749.037571523,7606942.253426507,546419.4129337781,121122649.23695546,YULARA_COMBINED,2017,pointwise_finite,144,full,24
69,41472.0,18051780.219543453,2130156.300198763,40302503.99788866,3791290.5132106626,7960555.993157692,8691523.533887066,7787110.318867975,2296075.597536667,108612209.44668895,YULARA_COMBINED,2017,pointwise_finite,144,full,24
70,41472.0,21334374.760540538,3438140.4779182,43654807.05186002,5129972.88830489,7265418.142478008,7419087.54754542,6707944.953721268,2524861.6083406066,114970419.41528517,YULARA_COMBINED,2017,pointwise_finite,144,full,24
71,41472.0,11192554.47921616,7242589.692926806,25909795.872302726,4845892.951795897,5546616.138297941,6221200.341084788,6190131.294620037,10005540.074530343,72993560.64427812,YULARA_COMBINED,2017,pointwise_finite,144,full,24
72,41472.0,15383521.354957756,5414642.728902458,33564854.65183415,7456654.3347212095,6926372.524247324,6617161.275908926,6437185.363422887,8168177.157663765,91868859.92654227,YULARA_COMBINED,2017,pointwise_finite,144,full,24
73,41472.0,35262301.07957074,22088924.618786566,19127646.458817314,16245805.968619818,23333306.161111787,24134650.543289784,24817395.85460043,30382775.95052069,44958140.61836088,YULARA_COMBINED,2017,pointwise_finite,144,full,24
74,41472.0,14037733.013921713,23543943.69120187,43049731.63859882,24905479.825881656,10814730.138679462,9994128.68392897,8557848.189768096,34004184.31781984,112416444.83165729,YULARA_COMBINED,2017,pointwise_finite,144,full,24
75,41472.0,15123395.568844117,896706.7099978523,42993733.56975205,4385725.3902374515,5727192.644313955,5841627.8039484145,5676599.105815138,1935381.276496874,112542360.0810323,YULARA_COMBINED,2017,pointwise_finite,144,full,24
76,41472.0,15563049.793612376,2684512.703810458,40674521.95851288,4968395.67101321,5738666.9557462325,7108524.014600272,7018800.4471629625,3131257.187722838,107879327.00332369,YULARA_COMBINED,2017,pointwise_finite,144,full,24
77,41472.0,22076183.50539924,11139490.585554918,34259130.35581148,10160770.24012845,11482850.014605796,11883565.744437654,12490178.125547837,12533259.106064089,89895794.56015208,YULARA_COMBINED,2017,pointwise_finite,144,full,24
78,41472.0,16753046.267831687,8302214.6414358225,29031965.444723066,7869160.532091019,11347985.071817905,9626666.453172812,11616585.507074647,16616779.248647476,77927632.74198815,YULARA_COMBINED,2017,pointwise_finite,144,full,24
79,41472.0,14285210.240730923,4974449.6180732725,40565748.02047431,9291481.475025674,4745311.374501916,6577250.631674093,6086964.292220031,10045427.395166105,106360393.46747595,YULARA_COMBINED,2017,pointwise_finite,144,full,24
80,41472.0,16482314.058627892,679712.6032645854,44863720.21114712,4931744.829083109,4962511.788335491,6043095.2559935935,5330135.576299576,614108.8329317833,116017864.83270791,YULARA_COMBINED,2017,pointwise_finite,144,full,24
81,41472.0,13393154.775236135,287184.2206313123,44152567.07404499,3855075.895002036,5758843.192229544,6519148.229675503,5903110.0365511635,18333.103350682908,115409711.2437865,YULARA_COMBINED,2017,pointwise_finite,144,full,24
82,41472.0,12564511.887170581,254056.23601989643,41245756.42977935,3202970.4858116084,4654028.569237931,5661504.975440989,5254055.658083154,93935.56700601467,109168307.78760478,YULARA_COMBINED,2017,pointwise_finite,144,full,24
83,41472.0,11658936.280753434,167994.81844076279,39141334.58982324,2845282.0201981864,3543473.5894435234,4190823.2828039043,4085209.850004005,57639.76687799152,105165337.11537276,YULARA_COMBINED,2017,pointwise_finite,144,full,24
84,41472.0,10709497.452296609,483570.7901782278,37623966.51099045,2912549.6721782456,3015802.3718520557,4826739.859102381,4352551.398673727,439000.2476470768,102743676.90083802,YULARA_COMBINED,2017,pointwise_finite,144,full,24
85,41472.0,13075325.254310198,1095007.0241062348,36817489.24439791,3337905.3186332164,3449856.5954576503,4625368.464786208,4425931.891470529,1151821.6337838972,98611890.62133785,YULARA_COMBINED,2017,pointwise_finite,144,full,24
86,41472.0,15719675.523167266,4864296.161017909,33704650.049644716,5746077.471683669,6758464.305381165,7078810.239433521,7410705.017850554,5117365.092634464,89263867.96338369,YULARA_COMBINED,2017,pointwise_finite,144,full,24
87,41472.0,32326436.421569657,18709955.47943208,17509785.14722024,15249453.241658244,17815816.28044181,18548844.790810894,20844247.34152067,26879357.775490396,31605897.65194193,YULARA_COMBINED,2017,pointwise_finite,144,full,24
88,41472.0,24273443.50755225,13208646.53391091,25859417.48513358,14258732.950847322,14945005.857092218,12690693.597888935,13962771.40162824,19586444.610636998,69780624.0248643,YULARA_COMBINED,2017,pointwise_finite,144,full,24
89,41472.0,27835471.285547163,14119743.840418082,25334235.2070781,13180413.337741941,13266068.893808836,14000220.249546414,15258521.898999209,21939453.65931217,62956961.34835786,YULARA_COMBINED,2017,pointwise_finite,144,full,24
90,41472.0,23105975.43100908,13341039.94164804,30035571.400306612,13163650.26967984,16299491.72870309,13971167.42533264,13912392.297842927,21881390.474171344,78200137.18370897,YULARA_COMBINED,2017,pointwise_finite,144,full,24
91,41472.0,23205805.135698535,9905797.476204913,31208032.051270705,10709116.66478884,14276101.686924815,12068507.892834192,13001178.724179544,18315092.45484023,83096520.7467334,YULARA_COMBINED,2017,pointwise_finite,144,full,24
0,82944.0,42255370.38758254,33655893.96454524,75596561.08372717,37390882.29338753,29660884.476092942,26792166.251075897,24700720.50879571,52002918.47528964,199908497.16399527,YULARA_COMBINED,2017,pointwise_finite,144,full,48
1,82944.0,26775650.66620032,2544504.2163410555,74735658.22066154,6657766.111004517,15367236.521626124,12867903.75247671,12504750.091457509,4280903.966337304,203414729.1449814,YULARA_COMBINED,2017,pointwise_finite,144,full,48
2,82944.0,58522602.54237842,24327226.30373572,47669788.268067084,23037508.17972915,23692140.767002515,27673439.90638936,30562080.622421812,33568331.19550038,86009866.51141769,YULARA_COMBINED,2017,pointwise_finite,144,full,48
3,82944.0,48003543.34996109,26896015.816588182,69268690.4882855,30816317.14660533,32361693.04810266,30385293.072412178,29891515.481968597,41659616.92039308,174072681.21458778,YULARA_COMBINED,2017,pointwise_finite,144,full,48
4,82944.0,39697863.835260764,23620428.408913635,56886293.7141371,22882404.227953482,25470550.599381648,23408719.790280405,23901088.971510112,34232703.68494291,142490772.05677485,YULARA_COMBINED,2017,pointwise_finite,144,full,48
5,82944.0,38097122.35568913,15446490.269441042,75009144.91702099,18793857.871582642,25353229.671885345,22667395.011631183,22279452.85111592,24078972.04498172,200349333.28886598,YULARA_COMBINED,2017,pointwise_finite,144,full,48
6,82944.0,34122198.5211767,11038099.293343715,74538454.99718188,14508540.441149065,21099574.29893773,18726152.707086902,18510969.997535348,18659554.510693036,197835949.35014817,YULARA_COMBINED,2017,pointwise_finite,144,full,48
7,82944.0,31762007.24475069,7910849.313078835,88755671.4868311,14906045.99271266,18701445.366686884,17828887.80859984,16409329.678945223,11412737.953033,234528347.77250808,YULARA_COMBINED,2017,pointwise_finite,144,full,48
8,82944.0,24260025.00441244,401954.27622876386,79978976.00970778,6332108.787551117,10699072.75758001,10958994.64450394,10396730.95843762,159181.6936089673,215901875.33514625,YULARA_COMBINED,2017,pointwise_finite,144,full,48
9,82944.0,34311745.96290403,5540059.790406616,85089526.82971181,11715008.508052416,15210335.056894457,14751091.383248929,13768878.156438379,7940228.277873638,221342031.97228405,YULARA_COMBINED,2017,pointwise_finite,144,full,48
10,82944.0,34371763.74570932,2125091.302250744,94435941.88230242,10188797.254793739,18006305.814255644,18445175.379748754,16459443.476071991,1633205.4955727858,248332660.80395475,YULARA_COMBINED,2017,pointwise_finite,144,full,48
11,82944.0,33605824.273895286,6448004.500481198,80967327.4852188,10591789.862964138,17604875.76779428,16783913.133884907,16668896.316365536,9965118.415569188,215926620.90652552,YULARA_COMBINED,2017,pointwise_finite,144,full,48
12,82944.0,32947024.58051607,5078098.733741124,80746052.02880639,10035276.668565514,13189703.334043337,15232148.857555682,15052137.717821367,7077833.209700098,214179308.34611565,YULARA_COMBINED,2017,pointwise_finite,144,full,48
13,82944.0,35075736.78049271,15193569.824241266,72462688.4328458,18904158.88527721,18325781.120417852,17852564.537332762,17418416.972687226,25043994.353183556,194238339.13672397,YULARA_COMBINED,2017,pointwise_finite,144,full,48
14,82944.0,35259008.01198982,911692.9439543103,91746069.32769087,9125078.97482537,16449807.601835577,16714390.123802392,13728233.936070444,122146.8783712733,241550367.76779154,YULARA_COMBINED,2017,pointwise_finite,144,full,48
15,82944.0,32160436.017675757,793774.160595674,94622630.00108585,9049662.862888755,21474043.244833045,22701963.03022263,20142756.385266844,26038.11147178691,250095122.5721698,YULARA_COMBINED,2017,pointwise_finite,144,full,48
16,82944.0,15456077345.160759,1301729173.9617934,95879440.57531366,59505275.24784241,26145400.68776583,24296300.818574477,25892594.01909353,129788.58369232733,235635860.9196446,YULARA_COMBINED,2017,pointwise_finite,144,full,48
17,82944.0,21154894976.08478,1698331059.4368894,86308838.82193021,71401526.18364951,25194708.202357862,23852039.7155625,28318701.40128331,7527131.8557780115,209354615.94255137,YULARA_COMBINED,2017,pointwise_finite,144,full,48
18,82944.0,15790928370.844597,1245376679.7085698,65118943.63720553,52466452.236851156,25777221.96848151,24276954.211714577,27453434.67767837,24212514.997923702,157315675.62434083,YULARA_COMBINED,2017,pointwise_finite,144,full,48
19,82944.0,40301619.36009113,30882257.01509473,56259947.8076899,29957164.653459404,25457361.412396744,22462590.921287682,24162170.253993623,45444299.75860274,140707898.99266866,YULARA_COMBINED,2017,pointwise_finite,144,full,48
20,82944.0,48750927.17378535,30720086.75597785,33997451.34757204,26560322.832938176,31969372.939808797,31273579.539670836,32714296.35956863,41859922.45458915,71879646.70474188,YULARA_COMBINED,2017,pointwise_finite,144,full,48
21,82944.0,76651015.73432949,20906916.680043858,62348675.099399544,23953621.810477026,27285049.388896678,24279879.86199392,22843979.33405414,28832190.626812596,168732499.31630725,YULARA_COMBINED,2017,pointwise_finite,144,full,48
22,82944.0,38374305.79398346,9673416.637857089,84051010.81312978,15691712.859460307,24653038.826839805,21510839.78813231,19209893.825836428,14965143.686322898,220679766.84133434,YULARA_COMBINED,2017,pointwise_finite,144,full,48
23,82944.0,36007738.23410857,6998708.884412616,83989322.35690624,12584936.372104896,23835418.60829944,21737471.071706768,19041566.983117238,12906595.249616338,222061879.18171546,YULARA_COMBINED,2017,pointwise_finite,144,full,48
24,82944.0,46586218.67199641,28959641.23829854,62410345.615351535,23823192.156116765,26833975.91079508,26430687.99382681,27855504.650634125,39882666.76758254,166755978.54392007,YULARA_COMBINED,2017,pointwise_finite,144,full,48
25,82944.0,38388353.57755544,8883199.613973685,74086477.7810896,14519843.084933909,10635451.296345789,11367149.38251295,10688463.521723188,12615446.231599685,201502705.6602829,YULARA_COMBINED,2017,pointwise_finite,144,full,48
26,82944.0,31556398.718622703,6625420.6175743835,81896943.48192532,11031802.62171829,13763555.667851932,15480153.765369013,14064025.157599313,9027901.796975335,215588860.3427224,YULARA_COMBINED,2017,pointwise_finite,144,full,48
27,82944.0,51790597.11491075,20030227.43305924,78193433.20059392,21279582.678931855,21707373.683845337,22469069.605802223,22441334.91687297,27974096.35625436,199904133.96704382,YULARA_COMBINED,2017,pointwise_finite,144,full,48
28,82944.0,50245971.354347914,25173163.264251392,61816578.61049357,23737978.93872452,24985062.7817856,23626069.182297185,24688203.192718174,37981778.84509409,161046525.18945637,YULARA_COMBINED,2017,pointwise_finite,144,full,48
29,82944.0,91416747.1985961,29473861.455165178,49175216.304076,23647018.116716255,25103918.526534647,25501412.70253992,27001017.387947936,47660673.58331162,131936073.07769562,YULARA_COMBINED,2017,pointwise_finite,144,full,48
30,82944.0,41242011.8814907,18339327.310605586,78401160.31720033,21819256.92119559,30374472.83355174,26050712.906394918,24978775.463898096,25676064.044578727,209588307.6772775,YULARA_COMBINED,2017,pointwise_finite,144,full,48
31,82944.0,38027350.84690235,6189771.954577998,93003202.30980493,12520962.850420883,25992767.717723086,23124281.01501104,20816985.8843634,6717484.071949243,243021285.793235,YULARA_COMBINED,2017,pointwise_finite,144,full,48
32,82944.0,35964743.44839762,6357052.159950537,88922120.13427235,11463194.73069793,20209033.92339404,19468287.37686117,18381146.550559495,8346991.960312792,234315956.8993704,YULARA_COMBINED,2017,pointwise_finite,144,full,48
33,82944.0,44006581.92266852,55638717.290114924,60736625.6646338,51152820.357497215,26059564.796254847,24079732.728818946,24961571.52549117,80458413.28127135,141710512.87663326,YULARA_COMBINED,2017,pointwise_finite,144,full,48
34,82944.0,36640028.622146554,2717573.3179559456,86877320.55491592,8498943.069817176,16486010.993975248,17391272.571458604,15394052.572294496,2842495.0104704453,229734858.68364462,YULARA_COMBINED,2017,pointwise_finite,144,full,48
35,82944.0,32526929.239756703,10680730.170845004,69564602.92416266,9975865.840100788,12812034.280775942,13640287.8886302,12898076.248341309,12530401.682870954,187963980.05956343,YULARA_COMBINED,2017,pointwise_finite,144,full,48
36,82944.0,50645822.4345285,27503567.34768904,52692501.110651515,23702460.303341053,30259678.685359105,30751811.81919872,31254581.218023323,38550953.10818447,136827000.54490298,YULARA_COMBINED,2017,pointwise_finite,144,full,48
37,82944.0,29161128.582765818,24440650.401199717,86043465.20835093,29291205.216119125,16541922.782993408,15835756.487877393,14234447.29558325,35939565.594316706,224958804.9126894,YULARA_COMBINED,2017,pointwise_finite,144,full,48
38,82944.0,37639233.29901159,13824003.289365377,74933652.31432429,15129165.91114167,17221516.970352024,18992089.75903793,19508978.57271077,15664516.293786926,197775121.5634757,YULARA_COMBINED,2017,pointwise_finite,144,full,48
39,82944.0,31038256.50856261,13276664.259509088,69597713.46519743,17160642.007116694,16093296.446319798,16203917.08484691,17703549.799294658,26662206.64381357,184288026.20946398,YULARA_COMBINED,2017,pointwise_finite,144,full,48
40,82944.0,29875468.83386402,966896.8238958984,89016287.28519215,8786820.724085143,10721354.980565036,12562243.485669112,11233245.612850735,632441.9362824649,231427576.07649437,YULARA_COMBINED,2017,pointwise_finite,144,full,48
41,82944.0,24223448.16792405,422051.0544606589,80387091.01960263,6048252.506009799,8197502.158681457,9852328.258244885,9339265.50808716,151575.33388400613,214333644.90297735,YULARA_COMBINED,2017,pointwise_finite,144,full,48
42,82944.0,23784822.706606824,1578577.8142844604,74441455.75538833,6250454.990811458,6465658.967309706,9452108.323888594,8778483.290144276,1590821.8814309745,201355567.5221757,YULARA_COMBINED,2017,pointwise_finite,144,full,48
43,82944.0,48046111.944736876,23574251.640449997,51214435.19686493,20995530.713341918,24574280.585823003,25627655.030244432,28254952.359371226,31996722.868124865,120869765.61532564,YULARA_COMBINED,2017,pointwise_finite,144,full,48
44,82944.0,52108914.79309932,27328390.37432896,51193652.69221172,27439146.288589295,28211074.750901077,26690913.847435348,29221293.300627466,41525898.26994913,132737585.37322217,YULARA_COMBINED,2017,pointwise_finite,144,full,48
45,82944.0,46311780.5667076,23246837.41785297,61243603.45157738,23872766.934468705,30575593.415627856,26039675.318166856,26913571.02202244,40196482.929011576,161296657.93044218,YULARA_COMBINED,2017,pointwise_finite,144,full,48
0,124416.0,56139617.59846279,35031720.639383204,114436946.88020034,40668322.314955905,39224264.31288753,34391924.17980684,31766369.635962024,54012483.40789416,305377281.462564,YULARA_COMBINED,2017,pointwise_finite,144,full,72
1,124416.0,71414005.99769847,25495903.8452388,83565060.69225563,26417834.269165225,29495997.451834053,32941585.730135184,36001181.58671295,35839670.22923319,183955811.35783067,YULARA_COMBINED,2017,pointwise_finite,144,full,72
2,124416.0,67288492.61434893,40745794.72351368,90351855.3460536,40757430.903144106,41660306.925270766,39756597.643896446,40143510.57128041,60534904.168556035,225392804.77280587,YULARA_COMBINED,2017,pointwise_finite,144,full,72
3,124416.0,58510036.92656201,25217139.77142918,110812273.77338995,31735148.342997342,41525166.394098796,36704810.23042738,35928546.73331412,39436388.48176177,291519981.78742266,YULARA_COMBINED,2017,pointwise_finite,144,full,72
4,124416.0,50567655.56226697,18640335.54042617,119600696.60935444,25451556.180695027,30993670.715049088,27181219.68917637,26240957.390557382,29143680.5778534,317074520.98630613,YULARA_COMBINED,2017,pointwise_finite,144,full,72
5,124416.0,39576575.20807284,710567.3422251396,123672405.8843663,10295139.040717844,19506421.70815554,20332815.471014295,19076073.244360793,1087793.5794815877,331191651.47149634,YULARA_COMBINED,2017,pointwise_finite,144,full,72
6,124416.0,53101882.98983951,6179254.287647922,133030629.023677,16857124.0179751,24231710.528685864,23899259.710835923,21910224.96946358,8087003.304737868,346007092.6223761,YULARA_COMBINED,2017,pointwise_finite,144,full,72
7,124416.0,49187450.99266919,7933901.305490632,127462167.17355587,15638471.607835189,26589806.110258527,26080920.18604662,24986992.979412336,11451548.884277739,339594221.0603891,YULARA_COMBINED,2017,pointwise_finite,144,full,72
8,124416.0,53644264.39718775,15477162.53084122,110952439.57311925,18832183.493181102,25016419.430295285,26241477.01520109,26413930.278301265,19936646.05086847,295665211.22537225,YULARA_COMBINED,2017,pointwise_finite,144,full,72
9,124416.0,49637504.975810766,5706198.971095478,134002370.21622382,19232331.03548696,22948872.626001433,23557626.503489703,19784858.348277736,12307328.39038642,354302804.0252583,YULARA_COMBINED,2017,pointwise_finite,144,full,72
10,124416.0,4776547652.908466,441136577.00283456,142717195.1575586,29678501.77608707,35727322.02626607,35963274.44723816,33088717.962640338,67280.62722975337,371304448.0331711,YULARA_COMBINED,2017,pointwise_finite,144,full,72
11,124416.0,31866585104.354763,2559717430.5564456,134093714.24077119,110277962.51829363,37086830.10869062,34887029.117121436,41265333.843003295,7615677.923712373,323781151.40119463,YULARA_COMBINED,2017,pointwise_finite,144,full,72
12,124416.0,15816899094.910273,1261494966.194032,87484667.60949828,65331731.04544594,42689285.7371347,39351412.818058684,44399810.64412186,45390808.38390796,203434469.43759245,YULARA_COMBINED,2017,pointwise_finite,144,full,72
13,124416.0,63081822.46820619,45484057.28561116,67891675.18296917,43652208.6778028,40514670.58355239,38661711.854614384,39930090.64711874,66125928.827207565,166468751.88415894,YULARA_COMBINED,2017,pointwise_finite,144,full,72
14,124416.0,92244345.01960018,26389851.455380373,102420807.60579261,32041095.986620974,40667968.84930867,35031520.20822234,32329418.7143441,39386661.571872875,275400142.6953686,YULARA_COMBINED,2017,pointwise_finite,144,full,72
15,124416.0,58788714.74282128,11189190.746933147,127968200.6636429,20189175.055421293,35105537.97472731,32496670.51361067,28766021.428663634,17317267.990878977,336074002.64398944,YULARA_COMBINED,2017,pointwise_finite,144,full,72
16,124416.0,71328097.58978681,35087825.7049342,91644749.20478924,30155364.650956236,31824546.28836755,31439927.024072032,32862593.747509617,49406914.5663337,251005307.0672484,YULARA_COMBINED,2017,pointwise_finite,144,full,72
17,124416.0,45202873.37838766,9380435.764912393,126749017.67357743,19219473.21181277,19408436.586625252,21838064.11763675,19745399.58244702,12119100.229823863,332842237.47967684,YULARA_COMBINED,2017,pointwise_finite,144,full,72
18,124416.0,79558703.9605929,32219576.949600197,101606148.1308792,29650428.728217606,33306404.57258239,33612256.55312397,34729210.29740646,48472796.95220246,257237232.33176568,YULARA_COMBINED,2017,pointwise_finite,144,full,72
19,124416.0,113894611.70726183,42457675.20287551,87579079.9842842,39014151.006155066,38489950.419583164,37984294.93751532,39401345.20013259,65143751.832457535,235649499.90242982,YULARA_COMBINED,2017,pointwise_finite,144,full,72
20,124416.0,64304067.68147913,24092248.463326234,127014886.11468755,30634063.230128374,45960383.26271661,39449615.86104331,37203979.622636385,32001208.11620162,335906894.398734,YULARA_COMBINED,2017,pointwise_finite,144,full,72
21,124416.0,50930038.49531157,6793902.961807904,133311596.64659016,15169351.272186028,30615891.211952273,29193665.43722382,26972928.276184637,8739331.96063915,351018655.9711481,YULARA_COMBINED,2017,pointwise_finite,144,full,72
22,124416.0,62594830.32527166,56226134.30787205,107311442.22166128,55860472.91410373,34585019.79707241,32779481.766390473,32568513.778917678,81004832.69420505,262833162.1135886,YULARA_COMBINED,2017,pointwise_finite,144,full,72
23,124416.0,50578709.45930025,12810886.471043782,109867106.9220513,13767156.35331145,20772590.27393361,22331811.42251729,20685186.567209285,14826477.28040761,296576189.50625175,YULARA_COMBINED,2017,pointwise_finite,144,full,72
24,124416.0,64683555.44845021,51047511.03889083,95742232.74925032,48607940.12922272,41074408.824038535,40745940.50312772,39812429.40779144,72555137.42600432,249243445.37656027,YULARA_COMBINED,2017,pointwise_finite,144,full,72
25,124416.0,52762628.86785575,14720709.999363229,117927385.88407625,19514891.301379133,22948709.61466598,24833717.562986363,25185577.67852597,17599897.570283797,310317481.6445088,YULARA_COMBINED,2017,pointwise_finite,144,full,72
26,124416.0,47520570.56719048,13956376.862773668,114461433.67634459,22092386.836199798,21055808.23465529,22247012.340840504,23033685.375594236,27276315.47674537,300305891.0421717,YULARA_COMBINED,2017,pointwise_finite,144,full,72
27,124416.0,37616602.943160124,709235.2750919716,124539658.09364752,9903328.401011819,13956345.350911021,16371476.487920402,15242375.544638349,169908.43723468904,329743356.1467643,YULARA_COMBINED,2017,pointwise_finite,144,full,72
28,124416.0,39504498.22977409,6442873.97530237,108146105.805033,11996532.462495135,13224123.27269086,16530918.563322134,16189188.307994835,6708186.974065442,290619435.4855595,YULARA_COMBINED,2017,pointwise_finite,144,full,72
29,124416.0,84435351.2146691,46038345.85376104,68703437.83943194,42688599.53024745,46026891.031342834,45239758.63824626,50065540.64214814,68405256.04543959,164343483.0251643,YULARA_COMBINED,2017,pointwise_finite,144,full,72
30,82944.0,46311780.5667076,23246837.41785297,61243603.45157738,23872766.934468705,30575593.415627856,26039675.318166856,26913571.02202244,40196482.929011576,161296657.93044218,YULARA_COMBINED,2017,pointwise_finite,144,full,72
0,19884.0,15287794.169071294,23836471.613113817,21558123.988444496,21824800.095480803,16941042.382390182,15160527.130707202,13675802.6527449,35839779.284931794,45254220.18032554,YULARA_COMBINED,2017,pointwise_finite,144,power-active,24
1,20386.0,17336486.520653334,9492554.656232838,39524223.344926424,13797006.868272614,10618090.854936413,9185275.482454251,8313858.65912173,16162036.823540855,70907294.67587717,YULARA_COMBINED,2017,pointwise_finite,144,power-active,24
2,20429.0,11271893.703744942,1314737.6865722262,32651001.921190333,2794606.7673853897,8684665.906240119,6969469.938380954,6262332.428513866,2009449.5911507,62720743.29736136,YULARA_COMBINED,2017,pointwise_finite,144,power-active,24
3,20448.0,10355161.364836639,1127089.4265261304,30042188.881604843,2978209.6139815217,4986997.380286598,4838600.335813653,4806917.339466072,2271259.761014245,56895568.256722376,YULARA_COMBINED,2017,pointwise_finite,144,power-active,24
4,19389.0,15469528.237765163,13000875.60966029,18091446.008664817,10086508.595258754,12835675.030905096,12847309.571433676,13629876.869975459,16222457.224609291,39973409.22859637,YULARA_COMBINED,2017,pointwise_finite,144,power-active,24
5,18571.0,13708073.448953036,10545640.622796133,7464675.224761728,9517251.556360088,7961040.984539233,12078824.492756547,13584808.829980401,17127094.939934142,15930186.290553214,YULARA_COMBINED,2017,pointwise_finite,144,power-active,24
6,19496.0,20625795.16792948,15328688.030655699,20935765.090408675,15396265.514306668,17123280.165790983,17571299.68680636,17961650.24417749,21815190.343751505,45505761.78877213,YULARA_COMBINED,2017,pointwise_finite,144,power-active,24
7,20865.0,12021103.229516037,11229834.7631734,32763899.053922992,13580185.2986405,12746901.394536102,9785335.691820113,8373443.8383944025,19844257.49400133,63027653.797354236,YULARA_COMBINED,2017,pointwise_finite,144,power-active,24
8,20463.0,11705541.781710764,13745919.968962044,12926907.844861912,9210779.017478045,8712282.63539656,8914855.10580654,9620350.821041057,18872847.435010903,32038948.895127583,YULARA_COMBINED,2017,pointwise_finite,144,power-active,24
9,20160.0,14776298.537133817,9666247.935249012,28177591.9937268,12170982.22984292,15389991.238758871,13172834.303982422,12555296.809587652,15357166.059077222,59365975.25045992,YULARA_COMBINED,2017,pointwise_finite,144,power-active,24
10,20800.0,15180793.238489265,10564614.774211299,31730933.75193911,10449464.703303687,14255528.711350922,12397537.875395995,11888624.312018152,14760992.81178814,61971576.69400764,YULARA_COMBINED,2017,pointwise_finite,144,power-active,24
11,20801.0,15076679.35742535,4760219.262821633,31116590.319607813,7718786.709674674,9671435.027369652,9245624.565592784,8991552.27486006,9317753.974090729,59541641.61575422,YULARA_COMBINED,2017,pointwise_finite,144,power-active,24
12,21024.0,14718801.233420976,3552230.8511414235,36754633.60016969,6826215.925330532,10908359.79527781,9367559.758402437,8702362.465243515,7971653.735686318,65982267.92342738,YULARA_COMBINED,2017,pointwise_finite,144,power-active,24
13,21103.0,12783976.984004067,7376804.94446599,25444659.55226298,6818129.989184224,8795176.1648494,8500820.980848191,8552905.867503433,10687663.66301941,58001578.88636685,YULARA_COMBINED,2017,pointwise_finite,144,power-active,24
14,20945.0,14114900.224293659,7531798.16225484,39703708.83902078,10600900.903581548,9387502.432568682,8196073.3036695765,7335934.230818211,10483883.700011505,70131146.36878997,YULARA_COMBINED,2017,pointwise_finite,144,power-active,24
15,21024.0,13264838.739726927,250487.25167246893,38464867.86962447,3467493.119021065,8129813.738975473,8960157.023653457,8026097.0430447785,928607.9246318224,68248617.59237683,YULARA_COMBINED,2017,pointwise_finite,144,power-active,24
16,21024.0,10270394.118610565,154005.97064828067,36041738.43413271,2871373.925313645,5530619.78444017,5698982.789517701,5116794.654059284,69136.03828174862,65858153.30254073,YULARA_COMBINED,2017,pointwise_finite,144,power-active,24
17,21024.0,9559810.155456599,154144.7165990081,33976703.91264628,2554471.5908744545,3985854.047490349,4732443.603304992,4373838.483250317,90041.85351312993,62827894.661393456,YULARA_COMBINED,2017,pointwise_finite,144,power-active,24
18,21024.0,13431012.971169017,3436444.4855550127,34762218.98630248,5349856.02247119,6279921.69339987,6563480.846378878,5961459.657731153,3710439.6907469337,65822361.48172298,YULARA_COMBINED,2017,pointwise_finite,144,power-active,24
19,21024.0,15739923.1837362,1961186.3979153107,39750098.670882486,5574915.056698271,7194208.158341469,7200932.135524168,6285722.726955761,4229775.110574139,69463276.61471297,YULARA_COMBINED,2017,pointwise_finite,144,power-active,24
20,21024.0,17153100.774529845,570122.6062440872,42986320.71741026,4719067.664542529,8358833.062022031,8792310.866869086,7561558.508679013,146770.4190402756,73932422.61162058,YULARA_COMBINED,2017,pointwise_finite,144,power-active,24
21,21168.0,13755505.894910859,1401303.2802621417,41429447.13618375,4581689.628169153,8687452.771852039,9166278.08886277,8074865.894275644,1486408.7880232118,76053555.86615285,YULARA_COMBINED,2017,pointwise_finite,144,power-active,24
22,21090.0,13505504.741575992,3121297.978455135,32806211.323430687,3848043.9185202518,7298896.78325429,7864125.00717882,7200929.219450247,4601969.723931369,63784324.17032918,YULARA_COMBINED,2017,pointwise_finite,144,power-active,24
23,21235.0,13885530.35337182,3219432.2422793517,37731492.10024164,5981747.220526881,8833046.496326342,8027768.3429619,8118547.708161862,5363085.927362371,69523545.63139994,YULARA_COMBINED,2017,pointwise_finite,144,power-active,24
24,21168.0,14638700.986644447,1378220.053713881,35671517.14351736,3751648.740834103,4640141.319614068,5478344.986482273,5007950.062194941,2387987.148995035,64612331.74569907,YULARA_COMBINED,2017,pointwise_finite,144,power-active,24
25,21312.0,13028370.493639389,3610706.3542929427,35538049.66477371,5644057.966782988,7326388.459569661,9013823.909551699,8782033.808290021,4689524.424824265,64907271.98544783,YULARA_COMBINED,2017,pointwise_finite,144,power-active,24
26,21744.0,14861637.622235827,10327181.051839238,24627559.09837436,8498103.666591275,11118617.488511998,10600523.698637893,10673485.813868431,12858577.620194783,51734864.31020713,YULARA_COMBINED,2017,pointwise_finite,144,power-active,24
27,21456.0,11526155.895227315,4742794.07614545,37511580.40786903,9636303.391971394,6200008.727143244,6714770.410625715,5789863.402924419,12184918.829691067,67344915.13152668,YULARA_COMBINED,2017,pointwise_finite,144,power-active,24
28,21456.0,10200545.492427366,385211.747948234,39867573.5729721,4057851.1749111186,8118948.749820562,9076420.778969515,7447835.747255373,84646.19998542854,71107826.50298093,YULARA_COMBINED,2017,pointwise_finite,144,power-active,24
29,21456.0,19675882.874288045,409053.2700686827,42645049.27732827,4240572.794662173,7563684.447631237,7320401.673059613,5716619.414587531,37491.01569057313,73386452.50781026,YULARA_COMBINED,2017,pointwise_finite,144,power-active,24
30,21600.0,14466404.745013634,312142.0556824032,42197449.61217669,4041465.2662081746,10570424.857155005,11190731.772745533,9726549.82889494,11975.499881529891,75027593.74156626,YULARA_COMBINED,2017,pointwise_finite,144,power-active,24
31,21600.0,14728180.764944004,327298.347490063,43129767.22611412,4118458.964951416,10310935.333115874,11231230.914066778,9897637.21595789,14058.716808679028,75920519.23918682,YULARA_COMBINED,2017,pointwise_finite,144,power-active,24
32,21600.0,1596671788.5814226,74124386.48152001,42424703.658437505,11431501.699412234,12971715.971444169,11589616.647989154,11541914.465711309,41241.92169739068,73081175.14658058,YULARA_COMBINED,2017,pointwise_finite,144,power-active,24
33,21600.0,5729293918.433512,447991086.94569767,42135088.95828804,24485042.473567102,10147364.284225697,8763465.040220406,11501014.70112447,88543.97663152764,69080453.8443469,YULARA_COMBINED,2017,pointwise_finite,144,power-active,24
34,21668.0,5665469633.962754,451300767.8212983,41361096.81622528,24162390.2810374,9881950.984917052,8748616.219753698,11527627.076353978,565488.0938865076,68131623.47050884,YULARA_COMBINED,2017,pointwise_finite,144,power-active,24
35,21532.0,5537689640.893895,423463784.17024225,33552011.951878235,20594853.969071914,11891033.347887749,10706358.301513037,13964005.300078994,6961531.931496941,58358724.03234667,YULARA_COMBINED,2017,pointwise_finite,144,power-active,24
36,21092.0,5395965120.483155,381201887.38157153,21139219.94985096,15955498.341092406,10696779.482575506,10057619.369521875,12521450.716905706,14411998.767146582,41972332.30739984,YULARA_COMBINED,2017,pointwise_finite,144,power-active,24
37,20362.0,3858822652.722611,419265822.0538781,30449847.603502862,22330965.885817435,11946890.109701052,10375543.749606041,12881783.758901035,9757513.063584274,54368940.898612924,YULARA_COMBINED,2017,pointwise_finite,144,power-active,24
38,20678.0,14452228.461978376,15883182.99932419,12938269.97397097,11915089.424903031,14686805.593617521,13598026.799759781,14955750.269192994,21116212.624697816,29998667.565356724,YULARA_COMBINED,2017,pointwise_finite,144,power-active,24
39,21676.0,10966718.986605123,14713032.433191177,28650201.13897311,16683737.117730362,8137978.288764648,7093180.779909341,6794682.543827703,24265864.299284913,58016440.979826175,YULARA_COMBINED,2017,pointwise_finite,144,power-active,24
40,20441.0,12662992.332519919,21805340.616561405,4858933.023995764,15318897.66956533,18654337.712214444,17731429.30321396,18645988.71245012,30025170.255133465,15894103.532521764,YULARA_COMBINED,2017,pointwise_finite,144,power-active,24
41,22039.0,11736959.749997068,8493753.069724621,11697195.485154152,8541295.63277792,11646010.952876618,11993377.668530852,12061724.92535402,11814447.107470673,32843790.64934012,YULARA_COMBINED,2017,pointwise_finite,144,power-active,24
42,20987.0,13198832.243963523,8581440.090658547,20990677.03404703,10776299.560277233,12688632.96221018,12096754.838486025,11013112.601749513,14182857.654658508,37164978.98069005,YULARA_COMBINED,2017,pointwise_finite,144,power-active,24
43,21138.0,15283169.31370133,11756903.531543678,29186532.557698842,11552994.209586294,13274358.130552763,11118259.114181835,10355721.128888866,14643137.798335817,62518279.42721775,YULARA_COMBINED,2017,pointwise_finite,144,power-active,24
44,21372.0,12431781.313322416,5401351.895245848,34720322.76179491,7815115.121207352,12891907.852729306,10337526.396731628,8904558.546759991,10554057.551474107,65639994.161679156,YULARA_COMBINED,2017,pointwise_finite,144,power-active,24
45,20887.0,16557582.440448904,4069205.262713645,38354563.571391076,7188092.633501763,10547368.488326237,10248646.713987244,8975932.324574508,4279247.053551909,68463655.38820846,YULARA_COMBINED,2017,pointwise_finite,144,power-active,24
46,20948.0,17613051.886359833,4007107.756335829,37433736.828717016,6532508.503654448,13733375.816291954,12516575.825452281,10736651.941648263,6600262.690895377,65927694.374362364,YULARA_COMBINED,2017,pointwise_finite,144,power-active,24
47,22032.0,11991865.810165733,2866200.566074259,36782155.73838192,5387371.288544078,8866599.481032345,8342908.001793288,7125894.983934075,6298970.049987242,67770509.70939924,YULARA_COMBINED,2017,pointwise_finite,144,power-active,24
48,21964.0,17945192.738850616,11806532.912801066,26084816.897013772,10189508.557924272,11372375.55939133,12711170.622507554,12439466.508051336,15596549.289542865,54955458.72645782,YULARA_COMBINED,2017,pointwise_finite,144,power-active,24
49,21593.0,14917915.954989867,16877932.03920139,25507230.510137234,12578932.229829103,14387700.67521161,12737656.593785651,14048798.671624003,24285234.804090343,48297872.02056157,YULARA_COMBINED,2017,pointwise_finite,144,power-active,24
50,22176.0,14143951.613154165,6068914.00342323,24872896.074999515,5968031.906740325,4703501.114304962,4810848.94667226,4651078.274774246,9524156.541765923,50837572.69752483,YULARA_COMBINED,2017,pointwise_finite,144,power-active,24
51,22039.0,11883149.146042043,2706848.125591687,40889204.437237695,7761583.091242937,5328730.099771587,6220433.224378257,5391139.489382244,3091175.3353159614,70317295.2764118,YULARA_COMBINED,2017,pointwise_finite,144,power-active,24
52,22100.0,9693280.490070922,2017560.4183329013,36679653.400739014,3821494.372831525,4984551.666137064,5739849.493827146,5193474.7843637755,2254658.134615609,66391158.520028956,YULARA_COMBINED,2017,pointwise_finite,144,power-active,24
53,22101.0,16128215.022257296,4474292.956104285,36345257.939147145,6424593.563036366,8178293.260884274,9352173.524259912,8193329.957403525,6773154.837792364,68963413.56271744,YULARA_COMBINED,2017,pointwise_finite,144,power-active,24
54,22176.0,12368243.339553779,2199575.9097377243,38257594.0380304,5092446.967685951,6386082.341922721,7100563.763509235,6219409.07721596,6057969.446740599,68138709.68727842,YULARA_COMBINED,2017,pointwise_finite,144,power-active,24
55,20167.0,21287874.537469544,13025773.243078204,28006998.21979426,11554880.901018994,11384032.150711194,11691836.926763818,11888423.91100665,15527418.876772948,57128180.22671056,YULARA_COMBINED,2017,pointwise_finite,144,power-active,24
56,18425.0,13729623.0228666,11803649.952833973,14183282.086892346,7447228.511430818,9512702.401748698,9417859.05340619,10163542.100022849,20466427.981910337,31475852.66286976,YULARA_COMBINED,2017,pointwise_finite,144,power-active,24
57,22176.0,17683673.963714436,12879557.413331179,33591473.95378557,15093496.768290298,12580029.75362575,11855318.38188683,11504389.037448158,17482843.327747308,66625594.24246173,YULARA_COMBINED,2017,pointwise_finite,144,power-active,24
58,21819.0,19890869.546027172,13923530.936533619,22615890.13674697,11372530.005375281,12823447.113907052,13383043.79297084,13369685.327095998,21189344.198982943,50256313.76843309,YULARA_COMBINED,2017,pointwise_finite,144,power-active,24
59,22032.0,40302278.80136881,14548005.701080022,15244995.790886512,11057497.575018942,10901039.213723602,10905009.236837557,11985266.483693993,26403243.47865364,32228556.497101564,YULARA_COMBINED,2017,pointwise_finite,144,power-active,24
60,22108.0,17226971.105313204,13788941.224227306,32264234.603236783,14030021.307015607,12369180.415097559,11813473.419327868,11408102.777057618,18592882.14980595,63840387.309302755,YULARA_COMBINED,2017,pointwise_finite,144,power-active,24
61,22169.0,16474250.897031661,4318400.252383794,36390762.883000195,7125032.118697752,17318706.70464417,13619798.997856924,12775588.081059767,7082776.157104233,66304335.605739765,YULARA_COMBINED,2017,pointwise_finite,144,power-active,24
62,22246.0,20648803.570462108,5547314.519765442,44411733.15424095,8391779.065951394,15130598.353990497,13035444.758396799,11775461.946772005,6325066.337205195,75623600.0558929,YULARA_COMBINED,2017,pointwise_finite,144,power-active,24
63,22538.0,13363059.17490186,371830.7850182941,40092131.56628584,3261242.659514008,10219476.23057393,9626489.067710917,8385013.01529096,392301.6179463699,71498825.12559457,YULARA_COMBINED,2017,pointwise_finite,144,power-active,24
64,22464.0,17276241.07657043,1687806.8068809723,44353987.80285529,5741652.787475299,10812892.437352277,11185940.440833423,9983207.197634695,1694003.7763626722,78944739.57178926,YULARA_COMBINED,2017,pointwise_finite,144,power-active,24
65,22084.0,13226326.745067606,4511343.540920721,35919904.862472124,4890694.985773707,8839763.604281986,7938527.735550138,7828840.938612246,6642766.202427285,67059781.04381469,YULARA_COMBINED,2017,pointwise_finite,144,power-active,24
66,21762.0,15778899.880146205,27643577.660356518,6327305.5319943745,19096957.862101384,13946068.882920424,13371183.504471267,14906030.218772974,39852687.769558795,16623823.191220988,YULARA_COMBINED,2017,pointwise_finite,144,power-active,24
67,22682.0,14110514.551143637,27511853.371920828,41430901.23336285,30352365.033316538,10837299.396973236,9719193.264761748,8837983.734163465,40592191.00030186,72462268.17479968,YULARA_COMBINED,2017,pointwise_finite,144,power-active,24
68,22464.0,16808824.98230289,534258.5681450627,42587778.73528426,4328831.5692131715,8226928.631819676,8527661.800898561,7294834.286663796,546363.637670694,73876484.84868649,YULARA_COMBINED,2017,pointwise_finite,144,power-active,24
69,22395.0,13777830.28372599,1760185.2793499287,36010937.07605729,3426818.256204359,7604483.003192826,8347883.774484487,7284117.89199081,2296071.85074063,69671695.44949754,YULARA_COMBINED,2017,pointwise_finite,144,power-active,24
70,22747.0,14082136.57534658,2292446.8480624417,39927513.63929432,4775066.684293529,6798734.199573482,6803353.678299049,6201692.671306139,2524756.160602379,71210566.9654276,YULARA_COMBINED,2017,pointwise_finite,144,power-active,24
71,22545.0,7966485.774454644,7184612.705362401,20740624.83288756,4488905.548945129,5372553.197989125,6061810.917644449,5904224.145862022,10004701.499605227,48499092.635438435,YULARA_COMBINED,2017,pointwise_finite,144,power-active,24
72,22313.0,11585201.99315661,5356881.8287378475,29005313.286510028,7148541.259078306,6552667.274676727,6394524.036354292,6070403.681766267,8167386.989053213,59877351.28507278,YULARA_COMBINED,2017,pointwise_finite,144,power-active,24
73,22464.0,21264190.837228943,21854774.332584295,12239225.153603083,15271302.535684772,22442899.59456025,23257212.621455543,23870038.436239693,30382728.322536055,32101470.257128235,YULARA_COMBINED,2017,pointwise_finite,144,power-active,24
74,22539.0,11878137.294905374,23404533.43747605,38972391.42078685,24144526.820683263,10615150.413652923,9857083.832666894,8314832.804369493,34004118.559471436,68828991.73028049,YULARA_COMBINED,2017,pointwise_finite,144,power-active,24
75,22396.0,12267009.367937822,844213.475877784,39028302.78547621,3997795.7103608437,5377621.572918788,5626062.927505892,5296969.989271113,1935350.1667327206,68822287.90816651,YULARA_COMBINED,2017,pointwise_finite,144,power-active,24
76,22601.0,13039904.441220436,2626771.179401699,36875470.87347281,4634798.381507309,5478242.604234693,6888378.769501463,6622278.42840887,3131207.297328655,68646618.54989824,YULARA_COMBINED,2017,pointwise_finite,144,power-active,24
77,22683.0,16881590.4225887,11074219.373286258,30329323.66830952,9954435.092518102,11168568.543857856,11543344.21618462,11925498.481177803,12533161.009174582,59172147.87700716,YULARA_COMBINED,2017,pointwise_finite,144,power-active,24
78,22752.0,12277313.788835187,8222307.976663612,24314751.3218354,7488437.190081214,10785714.89959094,9114117.636674618,10799736.767475562,16616723.074403614,50162875.22809438,YULARA_COMBINED,2017,pointwise_finite,144,power-active,24
79,22608.0,12663600.268486483,4930468.2951112995,36925020.77647071,8994434.89600194,4575807.741709628,6409505.3080605,5725356.430541969,10045384.299016863,64431283.62889157,YULARA_COMBINED,2017,pointwise_finite,144,power-active,24
80,22608.0,15091631.809051203,638755.4638103328,41083390.94789565,4571512.5052910345,4708868.0683207335,5899269.794576985,5041868.9207449425,614101.5831626131,71294413.33644827,YULARA_COMBINED,2017,pointwise_finite,144,power-active,24
81,22464.0,11915549.138916504,237109.0128568906,40354929.67175995,3461195.0261113592,5506558.592060654,6385710.217265778,5634376.145978445,18331.870793869723,70069934.17343241,YULARA_COMBINED,2017,pointwise_finite,144,power-active,24
82,22608.0,10316430.184500884,205140.74795183956,37548742.29287275,2780626.0898350207,4451226.001738393,5544730.934844377,5010294.204951873,93932.94086759868,66604170.99598784,YULARA_COMBINED,2017,pointwise_finite,144,power-active,24
83,22608.0,9772154.508717129,123344.17430863944,35707879.75275002,2534643.278569386,3235265.645087957,4020757.8381631593,3718757.860005178,57636.199669629226,64205491.0910943,YULARA_COMBINED,2017,pointwise_finite,144,power-active,24
84,22464.0,8734027.480575157,437251.47958492336,34140576.150229245,2655094.6551792985,2818081.144643327,4688017.692147236,4079110.5185647863,438966.01632850064,63186389.73641327,YULARA_COMBINED,2017,pointwise_finite,144,power-active,24
85,22617.0,11153263.822240576,1060354.3041275833,32981500.38368661,3025763.6661146227,3224992.4287685547,4391361.481515782,3976821.4149036324,1151751.9229650123,62787826.48292666,YULARA_COMBINED,2017,pointwise_finite,144,power-active,24
86,22110.0,12484846.077395955,4822449.943540939,29298476.20760923,5486921.1481006555,6362143.260166599,6698081.948773921,6815823.020476738,5116947.20549605,56277038.550107986,YULARA_COMBINED,2017,pointwise_finite,144,power-active,24
87,20544.0,15695282.468921185,18425339.727866955,8494385.70756621,13896178.091696339,17198466.30334756,17829560.98919489,19733390.87767302,26770559.379518297,20118189.496421594,YULARA_COMBINED,2017,pointwise_finite,144,power-active,24
88,21993.0,15139665.018728599,13054370.677812574,19963159.781159822,13434514.924401743,13644108.09594717,11756764.801728213,12618365.538323207,19585411.666817572,42916368.63545704,YULARA_COMBINED,2017,pointwise_finite,144,power-active,24
89,19449.0,16803659.94165472,13002417.105151819,17636285.866069987,11233992.441685228,11941553.8507933,12842709.088873653,13749845.146913653,20208448.963852316,37904005.51440105,YULARA_COMBINED,2017,pointwise_finite,144,power-active,24
90,21939.0,16776707.708108628,13078582.754626594,24495973.97520006,12693480.014191445,15073484.069479749,13085524.376742788,12845265.164892972,21878296.72651098,48043473.44152691,YULARA_COMBINED,2017,pointwise_finite,144,power-active,24
91,21418.0,15489562.211010221,9770878.634762624,24971514.34854463,10135916.839178063,13460294.806361517,11411789.412860215,12040634.597499479,18310095.98540218,49350281.93496748,YULARA_COMBINED,2017,pointwise_finite,144,power-active,24
0,40270.0,32624280.68972463,33329026.269346673,61082347.33337096,35621806.96375345,27559133.23732658,24345802.613161474,21989661.31186662,52001816.10847266,116161514.85620268,YULARA_COMBINED,2017,pointwise_finite,144,power-active,48
1,40877.0,21627055.068581596,2441827.1130983564,62693190.80279522,5772816.3813669095,13671663.286526721,11808070.274194602,11069249.767979927,4280709.352164944,119616311.55408372,YULARA_COMBINED,2017,pointwise_finite,144,power-active,48
2,37960.0,29177601.68671818,23546516.232456423,25556121.23342654,19603760.15161884,20796716.015444327,24926134.064190228,27214685.69995585,33349552.16454341,55903595.5191496,YULARA_COMBINED,2017,pointwise_finite,144,power-active,48
3,40361.0,32646898.397445526,26558522.79382909,53699664.144331664,28976450.812947195,29870181.560327116,27356635.378626503,26335094.082571883,41659447.83775278,108533415.5861263,YULARA_COMBINED,2017,pointwise_finite,144,power-active,48
4,40623.0,26481840.318844594,23412167.904211033,41104499.838588655,21381761.247320972,24102273.87415545,22087689.409788974,22175647.63062871,34230013.49408812,91404924.14558758,YULARA_COMBINED,2017,pointwise_finite,144,power-active,48
5,41601.0,30257472.595914632,15324834.037032923,62847524.07154694,18168251.41297837,23926963.73872058,21643162.440988787,20880176.58687822,24078746.7858789,121513218.30976203,YULARA_COMBINED,2017,pointwise_finite,144,power-active,48
6,42127.0,27502778.217425026,10929035.795607414,62199293.15243264,13644345.91451475,19703535.960127205,17868380.73925065,17255268.332746934,18659317.398705713,123983846.80979422,YULARA_COMBINED,2017,pointwise_finite,144,power-active,48
7,41969.0,27379738.96402059,7782285.413927314,78168576.70864512,14068394.022602607,17517316.17154414,17156230.327323053,15362031.273862988,11412491.624643326,138379763.9611666,YULARA_COMBINED,2017,pointwise_finite,144,power-active,48
8,42048.0,19830204.27406718,308150.6872472888,70018442.34677908,5425845.516188105,9516473.831930516,10431426.392822696,9490633.13730961,159177.8917948785,128686047.96393423,YULARA_COMBINED,2017,pointwise_finite,144,power-active,48
9,42048.0,29170936.15490526,5397630.883470326,74512317.65718497,10924771.079169478,13474129.851741344,13764412.981903046,12247182.38468692,7940214.801321076,135285638.09643587,YULARA_COMBINED,2017,pointwise_finite,144,power-active,48
10,42192.0,30908606.669440694,1971425.886506228,84415767.85359412,9300757.292711664,17046285.83387408,17958588.95573184,15636424.402954651,1633179.207063487,149985978.47777343,YULARA_COMBINED,2017,pointwise_finite,144,power-active,48
11,42325.0,27391035.09494783,6340730.220734483,70537703.42367235,9829791.139047137,16131943.27958064,15891893.350140734,15319476.927612102,9965055.651293732,133307869.80172913,YULARA_COMBINED,2017,pointwise_finite,144,power-active,48
12,42480.0,27667071.48028388,4988926.408006823,71209566.80829121,9395706.707617093,11966529.779183734,14492168.896033978,13789983.870484967,7077511.573819296,129519603.73114687,YULARA_COMBINED,2017,pointwise_finite,144,power-active,48
13,43200.0,26387793.517463136,15069975.1279847,62139139.50624342,18134407.058562662,17318626.21565525,17315294.10926361,16463349.216792848,25043496.449885864,119079779.44173387,YULARA_COMBINED,2017,pointwise_finite,144,power-active,48
14,42912.0,29876428.366715405,794265.0180169162,82512622.85030034,8298423.969573296,15682633.197451806,16396822.452029137,13164455.161842905,122137.2156760014,144494279.01079127,YULARA_COMBINED,2017,pointwise_finite,144,power-active,48
15,43200.0,29194585.509957623,639440.403172466,85327216.83829093,8159924.231159598,20881360.19027089,22421962.686812356,19624187.044852827,26034.21669020891,150948112.98075306,YULARA_COMBINED,2017,pointwise_finite,144,power-active,48
16,43200.0,7325965707.01493,522115473.42721766,84559792.61672555,35916544.17297933,23119080.255669866,20353081.688209593,23042929.16683578,129785.89832891838,142161628.99092728,YULARA_COMBINED,2017,pointwise_finite,144,power-active,48
17,43200.0,11203159274.856634,874764551.9915419,74913108.76810353,44757244.250109345,21772984.33280482,19454974.521266747,25491632.376432944,7527020.0253834445,126490347.50285564,YULARA_COMBINED,2017,pointwise_finite,144,power-active,48
18,41454.0,9254787773.205776,800467709.4354507,51589067.553353764,38286464.226909816,22643669.592276577,20433163.119127914,25403234.475806717,24169511.83073083,96341273.20601268,YULARA_COMBINED,2017,pointwise_finite,144,power-active,48
19,42354.0,25418947.4485835,30596215.432515375,41588471.112944014,28598826.54263339,22824783.88238216,20691207.57966912,21750432.813020706,45382076.92398276,88015108.54518287,YULARA_COMBINED,2017,pointwise_finite,144,power-active,48
20,42480.0,24399952.08251697,30299093.686286002,16556128.509149916,23860193.302343242,30300348.665091038,29724806.971744765,30707713.63780413,41839617.36260408,48737894.18186193,YULARA_COMBINED,2017,pointwise_finite,144,power-active,48
21,42125.0,28482001.557664845,20338343.62220226,50177209.59174585,22329293.769863512,25962991.09276296,23215013.952667844,21368833.730638396,28825995.45299437,99683258.40790793,YULARA_COMBINED,2017,pointwise_finite,144,power-active,48
22,42259.0,28989363.753771294,9470557.15795948,73074886.33318597,15003207.75470911,23439276.341055505,20586173.110718872,17880490.8713345,14833304.605026023,134103649.54988773,YULARA_COMBINED,2017,pointwise_finite,144,power-active,48
23,42980.0,29604917.696525566,6873308.322410086,74215892.56709896,11919879.79219852,22599975.29732431,20859483.827245552,17862546.925582334,12899232.740882609,133698204.08376169,YULARA_COMBINED,2017,pointwise_finite,144,power-active,48
24,43557.0,32863108.69384047,28684464.952002455,51592047.407150954,22768440.7877534,25760076.234602943,25448827.216293223,26488265.179675326,39881784.09363322,103253330.74701948,YULARA_COMBINED,2017,pointwise_finite,144,power-active,48
25,44215.0,26027100.75919621,8775762.129014893,65762100.51223722,13729614.997983253,10032231.214076567,11031282.171050515,10042217.764156489,12615331.877081875,121154867.97393662,YULARA_COMBINED,2017,pointwise_finite,144,power-active,48
26,44201.0,25821495.512328185,6491853.374437187,73024911.33988619,10246087.935867881,13162844.927021345,15092023.018087052,13386804.741767285,9027812.972407974,135354572.0827465,YULARA_COMBINED,2017,pointwise_finite,144,power-active,48
27,42343.0,33656117.877023354,15225349.152815925,66264592.257824704,16647327.868704937,17770114.492633916,18792400.690273054,18107832.988222606,21585388.323513515,125266889.91398907,YULARA_COMBINED,2017,pointwise_finite,144,power-active,48
28,40601.0,31413296.98658105,24683207.366165165,47774756.0406779,22540725.2797211,22092732.155374456,21273177.435293015,21667931.137471013,37949271.30965762,98101446.90533169,YULARA_COMBINED,2017,pointwise_finite,144,power-active,48
29,43851.0,60193148.347395994,28471536.63761365,37860885.92763347,22430027.5803942,23724486.327630673,24288053.029808365,25354951.81078999,47592587.67763659,82484870.26553468,YULARA_COMBINED,2017,pointwise_finite,144,power-active,48
30,44277.0,33701222.002344884,18107341.476611096,68654997.48623699,21155053.425713327,29687887.119741715,25433272.41718478,24183690.85811739,25675658.306910183,130144722.91504253,YULARA_COMBINED,2017,pointwise_finite,144,power-active,48
31,44784.0,34011862.74536394,5919145.30478374,84503864.72052693,11653021.725465395,25350074.584564462,22661933.82610774,20160474.962062974,6717367.955151573,147122425.18148744,YULARA_COMBINED,2017,pointwise_finite,144,power-active,48
32,44548.0,30502567.821638,6199150.347801691,80273892.66532749,10632347.773249025,19652656.041634254,19124468.176383555,17812048.13624697,8336769.978789957,146004520.61560392,YULARA_COMBINED,2017,pointwise_finite,144,power-active,48
33,44444.0,29889414.431289844,55155431.03227734,47758206.76535723,49449322.895417854,24783368.27989366,23090376.769233007,23744013.952936437,80444878.76986071,89086091.36602063,YULARA_COMBINED,2017,pointwise_finite,144,power-active,48
34,44859.0,30586655.266028844,2294443.8474949906,78598715.81134138,7755649.825417523,15831411.635012494,16875545.575383022,14578952.178654589,2842435.488411326,143548180.2981839,YULARA_COMBINED,2017,pointwise_finite,144,power-active,48
35,45292.0,22048622.349801227,9477059.553424852,60668138.47218188,9263972.23323866,12171287.39756261,12865164.595943494,12105916.817168148,12529457.660207614,119709659.60086614,YULARA_COMBINED,2017,pointwise_finite,144,power-active,48
36,44777.0,32849392.830385555,27211656.161322147,41244538.44011308,22419843.794763066,28995566.869236983,29651736.65780983,29940442.118005957,38550115.31158925,91978821.54220101,YULARA_COMBINED,2017,pointwise_finite,144,power-active,48
37,44935.0,24145146.662843205,24248746.913353827,78000694.20626314,28142322.531044118,15992771.98657171,15483146.760172775,13611802.793640614,35939468.7262041,137651279.63844708,YULARA_COMBINED,2017,pointwise_finite,144,power-active,48
38,45284.0,29921494.863809157,13700990.552687962,67204794.54178235,14589233.474025419,16646811.148092555,18431722.985686105,18547776.909586664,15664368.306503234,127818766.42690551,YULARA_COMBINED,2017,pointwise_finite,144,power-active,48
39,45360.0,24940914.057321686,13152776.271774912,61239772.098306134,16482872.086083153,15361522.641300568,15523622.944735132,16525093.198017545,26662107.37342047,114594158.85698603,YULARA_COMBINED,2017,pointwise_finite,144,power-active,48
40,45072.0,27007180.947967697,875864.4766672231,81438320.6196556,8032707.531402394,10215426.660381397,12284980.01184276,10676245.066723378,632433.4539564825,141364347.5098809,YULARA_COMBINED,2017,pointwise_finite,144,power-active,48
41,45216.0,20088584.693218004,328484.92226047907,73256622.04562284,5315269.368404403,7686491.6468263455,9565488.773007525,8729052.064957043,151569.14053722785,130809662.08708234,YULARA_COMBINED,2017,pointwise_finite,144,power-active,48
42,45081.0,19887291.302815713,1497605.7837125051,67122076.53391586,5680858.321293917,6043073.573411886,9079379.173663016,8055931.933468416,1590717.9392935126,125974216.21933994,YULARA_COMBINED,2017,pointwise_finite,144,power-active,48
43,42654.0,28180128.54631715,23247789.67140789,37792861.915175475,19383099.239796992,23560609.56351417,24527642.937968794,26549213.898149762,31887506.585014347,76395228.04652956,YULARA_COMBINED,2017,pointwise_finite,144,power-active,48
44,41442.0,31943324.9603833,26056787.782964397,37599445.64722985,24668507.366086982,25585661.946740467,24599473.890601836,26368210.68523686,39793860.63066991,80820374.14985812,YULARA_COMBINED,2017,pointwise_finite,144,power-active,48
45,43357.0,32266269.919118866,22849461.389389228,49467488.32374467,22829396.85336949,28533778.875841327,24497313.789602984,24885899.762392446,40188392.71191311,97393755.37649424,YULARA_COMBINED,2017,pointwise_finite,144,power-active,48
0,60699.0,43896174.393469565,34643763.955918856,93733349.25456122,38416413.7311388,36243799.14356668,31315272.55154242,28251993.74038047,54011265.69962333,178882258.15356404,YULARA_COMBINED,2017,pointwise_finite,144,power-active,72
1,58408.0,39532763.051554896,24673605.658982556,55598310.11503143,22581969.76560035,25783713.395730954,29764734.400003865,32021603.03942194,35620811.92555766,112799163.77587211,YULARA_COMBINED,2017,pointwise_finite,144,power-active,72
2,60824.0,44352440.17915634,40304442.76279111,66626571.989193514,38187229.83042524,38582464.195723705,36271490.48443307,35955444.90361296,60532295.272763684,140572364.48125353,YULARA_COMBINED,2017,pointwise_finite,144,power-active,72
3,61761.0,45033771.13304844,24991081.972281955,91025116.0652738,30339233.64282127,39316954.97747949,34815996.74497122,33435473.396465886,39435912.8449561,180879193.5602215,YULARA_COMBINED,2017,pointwise_finite,144,power-active,72
4,63072.0,41617678.44171867,18460833.95786224,101903001.99145348,24245246.818096332,29091038.39269586,26064454.042920236,24591202.56356517,29143201.098717194,194114993.17858395,YULARA_COMBINED,2017,pointwise_finite,144,power-active,72
5,63072.0,33095043.013794113,558637.9389197576,108483310.21640344,8893338.63520917,17646287.570906,19391583.416476153,17516730.180354383,1087785.8164266997,196934665.5563107,YULARA_COMBINED,2017,pointwise_finite,144,power-active,72
6,63072.0,46324036.92943511,5967753.489714417,117498638.37459518,15643838.743711993,21832962.91376336,22556723.84877213,19808740.893365968,8086985.22036135,209218060.7080566,YULARA_COMBINED,2017,pointwise_finite,144,power-active,72
7,63493.0,41146540.98985869,7742033.500996623,111967150.55985615,14411480.767216275,24819396.051432684,25058171.439003494,23394342.821887773,11451464.439316936,209361425.66788197,YULARA_COMBINED,2017,pointwise_finite,144,power-active,72
8,64224.0,42528709.10251973,15316107.459846068,95837125.9066656,17893810.374208357,23085147.267695732,25092692.594671875,24463469.684353415,19936089.194014087,181254468.04135388,YULARA_COMBINED,2017,pointwise_finite,144,power-active,72
9,64368.0,41402584.26194278,5537059.09416236,120024203.25816938,17934727.361544665,21882641.924595036,23111592.86265485,18954318.564767327,12307056.04536708,211839194.14231762,YULARA_COMBINED,2017,pointwise_finite,144,power-active,72
10,64800.0,1625866374.09138,74763826.88469246,127751920.4967284,19591425.930571828,33853076.161715046,34011579.33480155,31166101.510564115,67276.13838759958,224029288.1273337,YULARA_COMBINED,2017,pointwise_finite,144,power-active,72
11,64800.0,16932453193.290134,1322755638.937239,117048197.72639148,69242286.72367649,31920348.617030505,28218439.56148712,36992647.07755746,7615564.002014974,195570801.34720266,YULARA_COMBINED,2017,pointwise_finite,144,power-active,72
12,62132.0,9269240001.66776,816350892.4347742,64527337.52732469,50201553.6518129,37330475.185894094,34031189.91888769,40358984.74499975,45285724.455428556,126339940.77136955,YULARA_COMBINED,2017,pointwise_finite,144,power-active,72
13,64156.0,35366671.06912208,45012126.11947721,45206329.64812302,40543930.4200737,38438326.9538557,36817987.75165416,37502396.18163185,66105481.66188889,106754335.16168809,YULARA_COMBINED,2017,pointwise_finite,144,power-active,72
14,63497.0,40913782.87098729,25739695.51744809,84897532.35354072,30144408.891070854,38854898.9454923,33552540.349399474,30273392.277398393,39380053.00446844,165323252.56958714,YULARA_COMBINED,2017,pointwise_finite,144,power-active,72
15,63867.0,46162500.13697456,10942513.585123722,112570456.13849007,19107972.425700314,33147343.78565054,31108130.541232783,26838479.250156812,17178479.79443452,202161859.47197002,YULARA_COMBINED,2017,pointwise_finite,144,power-active,72
16,65733.0,47007060.30699456,34753378.95542567,76464943.48215047,28736472.694493733,30463577.348907914,30259676.162965465,31139343.45444959,49405940.635399096,154090903.44454482,YULARA_COMBINED,2017,pointwise_finite,144,power-active,72
17,66240.0,37704644.65837027,9198701.500028871,113914115.77712388,18007671.027110822,18491575.02679292,21312456.24246534,18777944.231149513,12118988.30772394,205671867.35915843,YULARA_COMBINED,2017,pointwise_finite,144,power-active,72
18,60768.0,47385740.899889916,27028999.105649915,80447874.34471706,24094556.38013573,27282816.894382633,28210259.74367926,28271375.08824544,42051816.30542387,156742742.57685882,YULARA_COMBINED,2017,pointwise_finite,144,power-active,72
19,66027.0,77876822.31111056,41351094.050944805,71452359.88141882,37523524.34868456,36304516.0812564,36143371.41169526,36859340.848238125,65075431.00538379,149110464.50799626,YULARA_COMBINED,2017,pointwise_finite,144,power-active,72
20,66523.0,54350025.57280697,23654655.99637652,113066730.64047799,29546832.49166474,44818485.47373218,38468717.17558157,35959152.80488936,32000724.644115396,205768322.97093543,YULARA_COMBINED,2017,pointwise_finite,144,power-active,72
21,67086.0,43865626.996539846,6570981.132819986,120366024.23161338,13893590.432763034,29872132.272208158,28750957.24409447,26197061.15153793,8729071.596736329,217503345.7411985,YULARA_COMBINED,2017,pointwise_finite,144,power-active,72
22,66908.0,46698239.413592726,55689689.60042242,90345985.5006415,53778154.46463104,33010296.911713358,31618038.57013158,31038848.239600237,80991242.40753135,162962576.21470687,YULARA_COMBINED,2017,pointwise_finite,144,power-active,72
23,67687.0,35826452.63352724,11237244.832774779,96679075.54823908,12690790.489443019,19775770.40075545,21213048.370428007,19390034.709158942,14825529.51094824,189381355.05036375,YULARA_COMBINED,2017,pointwise_finite,144,power-active,72
24,67316.0,44727530.12529098,50616189.59879819,80216929.86089994,46564370.61544631,39610717.28288998,39508820.49047678,38255274.9223755,72554233.87106065,160807813.27248153,YULARA_COMBINED,2017,pointwise_finite,144,power-active,72
25,67680.0,42188504.2317469,14545204.028565742,106233097.32725844,18587029.184386272,22024432.721011322,24057785.91319197,23844746.898857784,17599718.47323595,196641054.33507177,YULARA_COMBINED,2017,pointwise_finite,144,power-active,72
26,67968.0,40032545.866372965,13791531.735585256,102323163.04620194,21054384.591374174,20070390.70962133,21422892.739312124,21566962.11876247,27276208.95658307,185888572.1934343,YULARA_COMBINED,2017,pointwise_finite,144,power-active,72
27,67680.0,32004133.832134474,565593.9351173701,113611551.71738271,8776464.394515753,13193050.238887012,15951198.990273284,14363428.210935494,169901.01133109763,200879596.26051435,YULARA_COMBINED,2017,pointwise_finite,144,power-active,72
28,67191.0,32372137.38021168,6320055.727253441,96420552.74152495,11167779.46939457,12405216.833578484,15777461.122436926,14871754.953945167,6707665.144789568,182251254.76944792,YULARA_COMBINED,2017,pointwise_finite,144,power-active,72
29,61986.0,47638607.429304555,44482127.51083135,46093831.35479605,38564685.457783334,42784128.25008804,42429034.87979685,46101601.56290986,66564420.01018817,100938563.64627971,YULARA_COMBINED,2017,pointwise_finite,144,power-active,72
30,43357.0,32266269.919118866,22849461.389389228,49467488.32374467,22829396.85336949,28533778.875841327,24497313.789602984,24885899.762392446,40188392.71191311,97393755.37649424,YULARA_COMBINED,2017,pointwise_finite,144,power-active,72
0,21588.0,7031392.892259825,247193.5370976789,8435254.435978398,1203164.2661167202,1467794.0738761527,1993988.3731182367,2138855.922831866,921.614917964728,33384727.11627993,YULARA_COMBINED,2017,pointwise_finite,144,low-power,24
1,21086.0,2599696.8055980685,79674.15810096076,6078959.314377849,565911.0635173491,633957.1648901693,452375.2647962129,572203.2740972228,180.75189909377121,50362255.19151261,YULARA_COMBINED,2017,pointwise_finite,144,low-power,24
2,21043.0,2612353.5071352934,61088.98826575374,6189383.875282789,482833.25418305054,878713.930554455,630287.9903499344,803316.6986524443,115.34145383668776,42748041.001207165,YULARA_COMBINED,2017,pointwise_finite,144,low-power,24
3,21024.0,2536242.090483447,41588.11497694573,5853083.542583626,402116.47545454954,816859.3045449597,429545.48793218436,632183.6248251282,79.27271852139758,41050376.58969053,YULARA_COMBINED,2017,pointwise_finite,144,low-power,24
4,22083.0,12188016.898477634,261852.34709554294,9182816.730412887,1075367.0349428423,1323898.0069297487,902640.9425985963,1287551.826762572,75608.28447974159,22780902.790491257,YULARA_COMBINED,2017,pointwise_finite,144,low-power,24
5,22901.0,17156983.957182594,518857.7241837698,12930850.304227669,2358380.993167481,1571526.744628438,1844664.899600547,2059843.0957033592,143170.74647724463,7325368.201776708,YULARA_COMBINED,2017,pointwise_finite,144,low-power,24
6,21976.0,12360209.746314619,292567.77561949694,9535874.903642949,1484521.9153190022,1840120.6920337596,2374734.831106215,2728664.291173059,134.06869187002613,24615882.540679518,YULARA_COMBINED,2017,pointwise_finite,144,low-power,24
7,20607.0,2996435.2062009466,44925.24713959184,6033151.440310825,355344.418339114,651390.7957417959,653922.8626795135,827757.1082236228,35.01394844466515,40923383.08778185,YULARA_COMBINED,2017,pointwise_finite,144,low-power,24
8,21009.0,7579407.482677082,103858.93796343856,8156257.01290625,730334.7390607756,586331.24177154,456449.4656777306,631644.2682707863,2439.8131520595553,19281174.663090605,YULARA_COMBINED,2017,pointwise_finite,144,low-power,24
9,21312.0,5636616.033739076,104401.5667391117,7625536.862642165,770308.2415717578,781945.4834546513,864580.914813721,1093797.0726105855,250.37770275864494,31804673.24809674,YULARA_COMBINED,2017,pointwise_finite,144,low-power,24
10,20672.0,3761080.3055828777,76268.53095243611,6148350.243559609,241717.42933285932,883911.3576857072,735857.899776803,977387.998633952,134.10494598070164,38567991.97155617,YULARA_COMBINED,2017,pointwise_finite,144,low-power,24
11,20671.0,4078569.454191637,45387.70145569114,6013270.601914402,383889.02927142504,542354.5754790135,288374.6708655949,421888.26560372784,91.15415688359214,40268123.00754786,YULARA_COMBINED,2017,pointwise_finite,144,low-power,24
12,20448.0,2163068.9941146453,42618.42425470852,5692688.939362912,425508.07376944943,766768.7419083377,498677.69278420636,728193.6501443471,46.874797931315946,45542602.41814159,YULARA_COMBINED,2017,pointwise_finite,144,low-power,24
13,20369.0,4456351.309636977,66445.07348160025,6646472.905386322,438686.4528648439,629269.596902143,359094.27505208174,527508.0146440468,190.23718940708923,28309500.12221233,YULARA_COMBINED,2017,pointwise_finite,144,low-power,24
14,20527.0,2330556.8167965887,70438.08482762442,5358532.773151581,342114.83596438874,506593.98354265944,258993.67841987673,394053.16220380063,242.3671488634642,49107425.26736797,YULARA_COMBINED,2017,pointwise_finite,144,low-power,24
15,20448.0,2051711.4639335128,58125.814323907936,5228562.005034148,495537.1341456737,677535.2116000581,413663.80285690876,653245.2428784299,3.961240796517754,47041158.54397338,YULARA_COMBINED,2017,pointwise_finite,144,low-power,24
16,20448.0,2329807.152977854,51203.08607290607,5036226.167250168,476213.7507872608,542765.0114823015,231558.7403017523,398216.8047312982,1.761692428898147,44748340.88611414,YULARA_COMBINED,2017,pointwise_finite,144,low-power,24
17,20448.0,2100013.5773674124,42600.50290856839,4924307.495678588,430049.52057575533,639833.9141671932,296009.5113794946,507881.01639671635,2.0401216599903127,42467486.48509772,YULARA_COMBINED,2017,pointwise_finite,144,low-power,24
18,20448.0,2928487.5782472296,73858.06552058306,5362212.712058262,405180.62223183736,881633.5992543494,500564.5494552354,763193.5568634683,5.083333590698639,39057019.60008537,YULARA_COMBINED,2017,pointwise_finite,144,low-power,24
19,20448.0,2212322.2297516116,68570.84141570934,5214996.460468497,385056.8066511104,854571.6058987585,486113.85189064866,758502.2148879877,8.393218975163617,46999374.275762744,YULARA_COMBINED,2017,pointwise_finite,144,low-power,24
20,20448.0,1637036.25240559,69071.89099722492,4954781.476554924,423047.8453801541,662542.4097693725,355857.46071794716,579788.3043461816,4.6078239523640026,50732638.03847127,YULARA_COMBINED,2017,pointwise_finite,144,low-power,24
21,20304.0,1826120.82386302,84593.52474729027,5065392.552153392,464992.1167019097,297477.57061220525,130728.96329895996,243230.76877115146,21.680685344652538,47614044.28771018,YULARA_COMBINED,2017,pointwise_finite,144,low-power,24
22,20382.0,3436054.440266384,67908.08008571756,5405709.4882897055,432999.2105426632,730971.5754031264,458994.03056696936,637114.8888656177,41.06481183794505,38522313.33561955,YULARA_COMBINED,2017,pointwise_finite,144,low-power,24
23,20237.0,2778734.738681099,39366.19966099493,5023914.573256746,328999.51337434916,741960.912810513,433025.7531772087,712304.4998878072,21.699463612032314,44096437.76917699,YULARA_COMBINED,2017,pointwise_finite,144,low-power,24
24,20304.0,3124200.83953925,35428.7726247651,4946127.79259702,338802.6868903201,683386.2112128487,433615.39147952816,701774.7085897177,141.26232335636163,42567789.21365542,YULARA_COMBINED,2017,pointwise_finite,144,low-power,24
25,20160.0,2155752.26069293,53743.553109536144,4590357.427918164,300767.2740580987,539787.343646758,306364.57004217646,560379.1387467033,180.37355744420768,42091915.401313335,YULARA_COMBINED,2017,pointwise_finite,144,low-power,24
26,19728.0,5835602.194435925,71882.7452608387,5578828.445938575,298803.1580243291,708098.6077399468,408804.4590075353,688306.7466114591,235.22097357345666,29751038.569049746,YULARA_COMBINED,2017,pointwise_finite,144,low-power,24
27,20016.0,2852341.068593621,51711.950995716696,4744720.480663883,470948.66869020485,299056.2970226612,128465.96906161626,266761.00928289973,262.68232411030056,45407521.125940256,YULARA_COMBINED,2017,pointwise_finite,144,low-power,24
28,20016.0,2598324.032503359,60237.267733947716,4445183.894672864,415734.56572125806,175798.18796310204,73936.6777498509,175006.63472058828,2.4567675421423054,47879526.15489703,YULARA_COMBINED,2017,pointwise_finite,144,low-power,24
29,20016.0,2784255.612771039,57190.6582034459,4788262.582717564,410920.4395308229,591376.2164206778,243630.99402342323,388772.1395069531,7.2059277292609645,49176562.602103345,YULARA_COMBINED,2017,pointwise_finite,144,low-power,24
30,19872.0,1439764.5307859539,78223.17282451942,4709678.3613224495,434252.38956266467,288562.4345625561,135526.20124181165,247133.72316774284,2.0993767624079447,49137420.88701171,YULARA_COMBINED,2017,pointwise_finite,144,low-power,24
31,19872.0,1526085.9769321238,76110.58459868774,4585734.801472525,455486.2421664934,304120.6199996162,144474.14216851158,271435.617246293,1.7954048155704048,50009588.70440521,YULARA_COMBINED,2017,pointwise_finite,144,low-power,24
32,19872.0,3147715428.3093677,366218416.360719,5669861.498035116,9197337.213786108,1281562.8099888563,1671694.769026376,1404047.1116621727,0.5940605758140816,48128150.31442044,YULARA_COMBINED,2017,pointwise_finite,144,low-power,24
33,19872.0,4982396209.836479,413395284.1738563,5649786.460553006,14391393.861076994,1744757.6221070676,2271524.3613385493,1445617.7405955545,2.0913028330158068,45346081.61429661,YULARA_COMBINED,2017,pointwise_finite,144,low-power,24
34,19804.0,4971302644.763863,411205758.8570194,5514485.899262526,13930020.391535854,1688535.5440748243,2218396.9242683765,1424993.4022154266,4.451509211145397,44496349.7778464,YULARA_COMBINED,2017,pointwise_finite,144,low-power,24
35,19940.0,4980433056.464285,412360748.58833104,5881244.154564227,12714261.542004388,1733188.325478223,2178668.2700273925,1402075.6226349114,107.37888535116903,38367918.66184944,YULARA_COMBINED,2017,pointwise_finite,144,low-power,24
36,20380.0,5072110822.151726,412938060.34790325,7374077.006732848,10420038.368507948,1696421.3775163072,1917040.907089549,1234140.9618789877,827.6536667294434,25300841.48965628,YULARA_COMBINED,2017,pointwise_finite,144,low-power,24
37,21110.0,1464029775.487083,31970909.92521677,6155799.077118914,3759949.6414333596,1437130.9986886608,1926750.18549709,816059.239992664,42175.51352609172,35673560.92867165,YULARA_COMBINED,2017,pointwise_finite,144,low-power,24
38,20794.0,11518495.603691913,235103.48613720472,9427453.998321792,950189.3836917859,2225258.175035619,1476431.8065843713,1990625.6972505248,62080.76128648266,16120126.247894837,YULARA_COMBINED,2017,pointwise_finite,144,low-power,24
39,19796.0,3364176.307815737,50938.09644217146,5244022.696424046,408148.7271342387,407319.35497892,294951.53503418557,421111.74372241664,142.07333350020417,36572664.199590884,YULARA_COMBINED,2017,pointwise_finite,144,low-power,24
40,21031.0,13563488.608063849,184014.75497382326,10088722.653426936,1506316.5877334115,895003.1753398323,731668.5335128993,1050926.584094854,20275.464400407163,6921721.812727863,YULARA_COMBINED,2017,pointwise_finite,144,low-power,24
41,19433.0,10787486.483204463,236978.3147180172,7352600.1849952005,1193812.9428614776,774021.0993779447,817104.0344131427,955656.1376696365,29.62758460002669,16220030.710152114,YULARA_COMBINED,2017,pointwise_finite,144,low-power,24
42,20485.0,42060070.886845104,373130.8395012418,5971227.504810839,796930.024976003,607227.8170430064,534180.3437984037,782594.8168806981,3790.3134853239912,36736140.6845856,YULARA_COMBINED,2017,pointwise_finite,144,low-power,24
43,20334.0,6108943.289819437,195442.21834041693,6200238.002842833,827398.0156375179,714830.4790907324,530685.5655276526,692550.786535038,2404.860332941942,32313100.223813716,YULARA_COMBINED,2017,pointwise_finite,144,low-power,24
44,20100.0,3161547.971948324,81582.88009070003,5351809.744598122,272359.0549365641,491011.6076826732,414113.9494967838,580880.8335299783,413.39358613074813,41027649.21738204,YULARA_COMBINED,2017,pointwise_finite,144,low-power,24
45,20585.0,6223394.068263831,121276.59980689241,5624314.735345679,416146.0498146123,722750.8781016114,510552.72791662964,748522.120971917,131425.6877107337,45548468.07406487,YULARA_COMBINED,2017,pointwise_finite,144,low-power,24
46,20524.0,3463545.5695031076,77909.17190203887,5295956.712730486,289617.56771188014,901889.6772956108,667585.4122810822,829727.2078688364,7237.443847478049,46442007.37253681,YULARA_COMBINED,2017,pointwise_finite,144,low-power,24
47,19440.0,2939274.9680798617,47491.39010049208,4477473.077076723,375439.01219450484,333553.63367955334,210401.83218011164,349292.8496660511,125.06488625198749,41921667.725417174,YULARA_COMBINED,2017,pointwise_finite,144,low-power,24
48,19508.0,7415795.711291291,114600.30776924336,5164588.210030494,471408.65942356247,508408.6994436448,457785.8762954537,520891.5274177818,20.190608002748668,28138008.604557376,YULARA_COMBINED,2017,pointwise_finite,144,low-power,24
49,19879.0,6307314.266864627,160575.9785268473,5653709.998170018,583342.7089398367,565490.9767484862,524074.90123814275,846347.9435409809,862.4833412902539,35364639.19234332,YULARA_COMBINED,2017,pointwise_finite,144,low-power,24
50,19296.0,10597927.304636301,59270.46321244737,4361507.514438015,364140.58809912374,287069.2632675142,198390.08357297574,356010.8221012135,91.2569852107993,33411755.82580319,YULARA_COMBINED,2017,pointwise_finite,144,low-power,24
51,19433.0,1763325.513722949,48167.02174632742,3962869.7544144755,426087.49885153014,316150.81900174177,137477.12788946048,290234.9354654821,23.097532563855303,46936081.86054303,YULARA_COMBINED,2017,pointwise_finite,144,low-power,24
52,19372.0,2051115.0621003788,60724.26777258465,4166254.819883282,415275.4979018648,346693.5561549235,172963.4733617434,338981.598030438,65.88513180885425,41330335.47909414,YULARA_COMBINED,2017,pointwise_finite,144,low-power,24
53,19371.0,3683788.144194101,72842.97536460521,4705777.322155747,370439.1879485375,254017.18467567986,215167.2739202191,338238.81780159334,22.93943554505574,38903952.78088174,YULARA_COMBINED,2017,pointwise_finite,144,low-power,24
54,19296.0,2474668.5463196747,57212.59160166045,4118088.438108447,319462.7691500745,305979.2580146213,163515.9026234558,301143.08922567236,10.548093805559265,44379207.58918528,YULARA_COMBINED,2017,pointwise_finite,144,low-power,24
55,21305.0,15659810.69156782,4747665.688641668,7810752.504660738,4312792.041076803,3631279.933196822,3513153.012905731,4032358.8394246995,6388697.484647016,30258036.46386962,YULARA_COMBINED,2017,pointwise_finite,144,low-power,24
56,23047.0,14038483.822815593,385699.56370700273,9229432.843392905,923617.5378549275,2086328.4869883761,1725327.8939155731,2124333.2805106286,32272.614037779305,25857245.70185199,YULARA_COMBINED,2017,pointwise_finite,144,low-power,24
57,19296.0,4794190.544951295,104256.33437921811,4812389.726422722,273636.12114847807,806002.1394227699,627563.8530885945,895938.774736534,234.92139864827263,37087832.58227293,YULARA_COMBINED,2017,pointwise_finite,144,low-power,24
58,19653.0,8393904.535929041,487360.1350527775,6136029.928481899,788742.4833334564,994426.2134232884,825155.0555933735,1038223.1600510307,67447.35086094514,24486387.995668948,YULARA_COMBINED,2017,pointwise_finite,144,low-power,24
59,19440.0,22829694.31527102,514964.68249876326,5178300.447960663,428248.0529885534,385005.9854807105,388204.6171381155,607842.4171069178,638.5548141372593,24964814.81649194,YULARA_COMBINED,2017,pointwise_finite,144,low-power,24
60,19364.0,3965892.8610214824,90504.93650280744,4796839.294076682,456731.09206650255,387184.7639549882,373228.22516770504,416543.7600385357,163.67910930657584,36469024.21240544,YULARA_COMBINED,2017,pointwise_finite,144,low-power,24
61,19303.0,3574897.018124392,141480.8974916817,4949323.536886664,207472.40341572746,299400.94985503773,244212.26404244333,378540.84574218874,242.0585592511633,42974560.54982949,YULARA_COMBINED,2017,pointwise_finite,144,low-power,24
62,19226.0,2413252.2295263377,205606.6329551962,4201992.643246231,423027.24298138544,455312.075174394,363458.1962515761,449742.2119662598,77.73441768734851,50694986.66556363,YULARA_COMBINED,2017,pointwise_finite,144,low-power,24
63,18934.0,1602235.8720120713,65020.01683906649,4297344.946031882,444913.8819741107,187381.05798430354,98888.9926517619,206768.71033417992,38.38237998893968,45203873.94618372,YULARA_COMBINED,2017,pointwise_finite,144,low-power,24
64,19008.0,2056844.766452603,79014.5542495719,4141072.7957168543,431000.78204768826,250089.49086731975,148847.83839681093,260581.5695040924,61.59922940596596,47973911.41701911,YULARA_COMBINED,2017,pointwise_finite,144,low-power,24
65,19388.0,3405330.8603069964,78887.25789927098,4507154.673228094,399846.17540122446,306288.3908924718,194971.36208080887,308516.8448084576,10160.382293428578,40337524.86674743,YULARA_COMBINED,2017,pointwise_finite,144,low-power,24
66,19710.0,12791847.420056898,395462.16667776153,8946849.652798656,1162480.413113922,936134.496702647,804473.751050392,883347.169552666,13337.124234501645,7193237.350567921,YULARA_COMBINED,2017,pointwise_finite,144,low-power,24
67,18790.0,1325320.0713217582,87824.09115980405,4031569.2464779653,541017.0489653678,340062.0196585414,184882.20853552956,334210.4030020992,197.38717619082533,45431184.16004442,YULARA_COMBINED,2017,pointwise_finite,144,low-power,24
68,19008.0,1779423.4203002169,53158.44961211926,3987037.8217431693,378820.9873933367,298526.3689978957,172087.2366729534,312107.96676271537,55.775263084775396,47246164.38826903,YULARA_COMBINED,2017,pointwise_finite,144,low-power,24
69,19077.0,4273949.93581746,369971.0208488348,4291566.92183132,364472.2570063053,356072.9899648623,343639.7594025903,502992.4268771743,3.746796035620231,38940513.99719141,YULARA_COMBINED,2017,pointwise_finite,144,low-power,24
70,18725.0,7252238.185193962,1145693.6298557622,3727293.4125656732,354906.2040113574,466683.9429045172,615733.8692463699,506252.282415131,105.44773822809304,43759852.4498576,YULARA_COMBINED,2017,pointwise_finite,144,low-power,24
71,18927.0,3226068.7047615186,57976.98756440781,5169171.039415152,356987.4028507634,174062.94030881734,159389.42344033686,285907.148758027,838.5749251085576,24494468.00883972,YULARA_COMBINED,2017,pointwise_finite,144,low-power,24
72,19159.0,3798319.3618011386,57760.90016461246,4559541.365324127,308113.0756428899,373705.2495706013,222637.23955463755,366781.6816566277,790.1686105589797,31991508.64146948,YULARA_COMBINED,2017,pointwise_finite,144,low-power,24
73,19008.0,13998110.242341807,234150.28620227188,6888421.305214248,974503.4329350392,890406.5665515373,877437.9218342748,947357.4183607306,47.627984652573524,12856670.36123267,YULARA_COMBINED,2017,pointwise_finite,144,low-power,24
74,18933.0,2159595.719016349,139410.2537258064,4077340.217811954,760953.0051984031,199579.72502653932,137044.85126206948,243015.3853986096,65.75834838065711,43587453.10137679,YULARA_COMBINED,2017,pointwise_finite,144,low-power,24
75,19076.0,2856386.200906278,52493.23412006792,3965430.7842758624,387929.67987661215,349571.07139516895,215564.87644253054,379629.11654402537,31.10976415382891,43720072.17286571,YULARA_COMBINED,2017,pointwise_finite,144,low-power,24
76,18871.0,2523145.3523919443,57741.524408758414,3799051.0850400403,333597.28950590076,260424.3515115418,220145.2450988136,396522.0187541,49.89039418515801,39232708.4534255,YULARA_COMBINED,2017,pointwise_finite,144,low-power,24
77,18789.0,5194593.0828105165,65271.21226866266,3929806.687501983,206335.14761032967,314281.4707479382,340221.52825302543,564679.6443700369,98.09688950458562,30723646.6831449,YULARA_COMBINED,2017,pointwise_finite,144,low-power,24
78,18720.0,4475732.478996493,79906.66477220505,4717214.122887688,380723.3420097992,562270.172226958,512548.8164981948,816848.7395990936,56.17424386211305,27764757.51389372,YULARA_COMBINED,2017,pointwise_finite,144,low-power,24
79,18864.0,1621609.9722444334,43981.32296197911,3640727.2440036396,297046.5790237252,169503.6327922848,167745.32361359484,361607.8616780628,43.09614923880233,41929109.838584386,YULARA_COMBINED,2017,pointwise_finite,144,low-power,24
80,18864.0,1390682.2495766873,40957.13945425353,3780329.2632514173,360232.3237920735,253643.72001475975,143825.4614166036,288266.6555546308,7.249769171360586,44723451.49625961,YULARA_COMBINED,2017,pointwise_finite,144,low-power,24
81,19008.0,1477605.636319641,50075.20777442199,3797637.4022849863,393880.86889067333,252284.60016888875,133438.01240972333,268733.8905727143,1.2325568131864757,45339777.07035409,YULARA_COMBINED,2017,pointwise_finite,144,low-power,24
82,18864.0,2248081.7026697006,48915.488068056766,3697014.136906616,422344.39597659046,202802.56749954398,116774.04059660959,243761.4531312883,2.626138415992648,42564136.791616976,YULARA_COMBINED,2017,pointwise_finite,144,low-power,24
83,18864.0,1886781.7720363012,44650.64413212336,3433454.837073197,310638.741628803,308207.9443555678,170065.4446407437,366451.9899988274,3.5672083622866646,40959846.02427835,YULARA_COMBINED,2017,pointwise_finite,144,low-power,24
84,19008.0,1975469.9717214692,46319.3105933049,3483390.3607611973,257455.01699894492,197721.22720873164,138722.16695513876,273440.8801089412,34.231318576496534,39557287.16442465,YULARA_COMBINED,2017,pointwise_finite,144,low-power,24
85,18855.0,1922061.4320696243,34652.719978651745,3835988.8607112723,312141.6525185934,224864.16668909398,234006.98327042363,449110.4765669054,69.71081888426274,35824064.13841112,YULARA_COMBINED,2017,pointwise_finite,144,low-power,24
86,19362.0,3234829.44577132,41846.21747696726,4406173.842035487,259156.32358301032,396321.0452145632,380728.2906596083,594881.997373815,417.8871384102279,32986829.413275577,YULARA_COMBINED,2017,pointwise_finite,144,low-power,24
87,20928.0,16631153.952648457,284615.75156514294,9015399.439654035,1353275.1499619156,617349.9770942616,719283.8016159674,1110856.4638476819,108798.39597206414,11487708.155520331,YULARA_COMBINED,2017,pointwise_finite,144,low-power,24
88,19479.0,9133778.488823654,154275.8560983268,5896257.703973754,824218.026445596,1300897.7611450301,933928.7961607195,1344405.8633050388,1032.9438193941241,26864255.38940725,YULARA_COMBINED,2017,pointwise_finite,144,low-power,24
89,22023.0,11031811.343892425,1117326.7352662499,7697949.341008125,1946420.8960567194,1324515.04301554,1157511.1606727622,1508676.7520855567,1731004.6954598585,25052955.833956875,YULARA_COMBINED,2017,pointwise_finite,144,low-power,24
90,19533.0,6329267.722900466,262457.1870214459,5539597.42510654,470170.2554883894,1226007.659223352,885643.0485898588,1067127.1329499758,3093.7476603737814,30156663.742182054,YULARA_COMBINED,2017,pointwise_finite,144,low-power,24
91,20054.0,7716242.924688317,134918.84144229672,6236517.702726082,573199.8256107738,815806.8805632701,656718.4799739778,960544.1266800676,4996.4694380613355,33746238.81176581,YULARA_COMBINED,2017,pointwise_finite,144,low-power,24
0,42674.0,9631089.697857892,326867.6951986395,14514213.750356264,1769075.329634068,2101751.238766321,2446363.6379144485,2711059.1969290897,1102.3668170584988,83746982.30779254,YULARA_COMBINED,2017,pointwise_finite,144,low-power,48
1,42067.0,5148595.597618737,102677.1032426995,12042467.417866416,884949.7296376007,1695573.2350994125,1059833.4782821182,1435500.32347757,194.6141723580856,83798417.59089766,YULARA_COMBINED,2017,pointwise_finite,144,low-power,48
2,44984.0,29345000.85566023,780710.0712793136,22113667.034640543,3433748.028110322,2895424.7515581874,2747305.842199146,3347394.9224659316,218779.03095698616,30106270.992267963,YULARA_COMBINED,2017,pointwise_finite,144,low-power,48
3,42583.0,15356644.952515572,337493.0227590883,15569026.343953775,1839866.3336581162,2491511.4877755516,3028657.6937857294,3556421.399396679,169.08264031469136,65539265.62846135,YULARA_COMBINED,2017,pointwise_finite,144,low-power,48
4,42321.0,13216023.516416144,208260.50470255024,15781793.87554841,1500642.9806325347,1368276.7252261913,1321030.3804914507,1725441.3408813707,2690.1908548182014,51085847.911187366,YULARA_COMBINED,2017,pointwise_finite,144,low-power,48
5,41343.0,7839649.75977451,121656.23240812738,12161620.845474022,625606.4586042841,1426265.933164721,1024232.5706423966,1399276.26423768,225.2591028642939,78836114.97910397,YULARA_COMBINED,2017,pointwise_finite,144,low-power,48
6,40817.0,6619420.303751626,109063.49773630875,12339161.844749236,864194.5266342936,1396038.3388104804,857771.9678362879,1255701.6647883928,237.11198733840538,73852102.5403538,YULARA_COMBINED,2017,pointwise_finite,144,low-power,48
7,40975.0,4382268.280730107,128563.89915153234,10587094.778185727,837651.9701100625,1184129.195142718,672657.4812767854,1047298.4050822307,246.32838965998215,96148583.81134145,YULARA_COMBINED,2017,pointwise_finite,144,low-power,48
8,40896.0,4429820.730345271,93803.58898147444,9960533.662928754,906263.2713630165,1182598.9256494956,527568.2516812468,906097.8211280158,3.8018140888884577,87215827.37121189,YULARA_COMBINED,2017,pointwise_finite,144,low-power,48
9,40896.0,5140809.807998836,142428.90693629245,10577209.172526749,790237.4288829473,1736205.2051531088,986678.4013458841,1521695.7717514562,13.476552565862255,86056393.87584813,YULARA_COMBINED,2017,pointwise_finite,144,low-power,48
10,40752.0,3463157.0762686096,153665.41574451522,10020174.028708318,888039.9620820637,960019.9803815782,486586.42401690717,823019.0731173329,26.288509297016546,98346682.32618135,YULARA_COMBINED,2017,pointwise_finite,144,low-power,48
11,40619.0,6214789.17894748,107274.27974671239,10429624.061546458,761998.7239170121,1472932.488213639,892019.7837441781,1349419.3887534253,62.76427544997737,82618751.10479644,YULARA_COMBINED,2017,pointwise_finite,144,low-power,48
12,40464.0,5279953.100232177,89172.32573430124,9536485.220515177,639569.9609484196,1223173.5548596052,739979.9615217048,1262153.8473364203,321.63588080056945,84659704.61496876,YULARA_COMBINED,2017,pointwise_finite,144,low-power,48
13,39744.0,8687943.263029555,123594.69625655538,10323548.926602459,769751.826714534,1007154.904762608,537270.4280691524,955067.7558943593,497.90329768375716,75158559.6949901,YULARA_COMBINED,2017,pointwise_finite,144,low-power,48
14,40032.0,5382579.645274397,117427.9259373935,9233446.477390425,826655.0052520811,767174.4043837797,317567.671773274,563778.7742275412,9.66269527140326,97056088.75700046,YULARA_COMBINED,2017,pointwise_finite,144,low-power,48
15,39744.0,2965850.50771808,154333.7574232072,9295413.162794972,889738.631729159,592683.0545621722,280000.3434103232,518569.340414035,3.8947815779783532,99147009.59141694,YULARA_COMBINED,2017,pointwise_finite,144,low-power,48
16,39744.0,8130111638.145842,779613700.534575,11319647.958588123,23588731.074863106,3026320.432095927,3943219.130364928,2849664.852257729,2.685363408829888,93474231.92871709,YULARA_COMBINED,2017,pointwise_finite,144,low-power,48
17,39744.0,9951735701.228144,823566507.4453508,11395730.05382676,26644281.933540247,3421723.8695530463,4397065.194295771,2827069.024850337,111.83039456231444,82864268.43969582,YULARA_COMBINED,2017,pointwise_finite,144,low-power,48
18,41490.0,6536140597.638816,444908970.2731199,13529876.083851766,14179988.009941306,3133552.3762049694,3843791.092586643,2050200.2018716522,43003.16719282116,60974402.418327905,YULARA_COMBINED,2017,pointwise_finite,144,low-power,48
19,40590.0,14882671.91150765,286041.5825793761,14671476.694745844,1358338.110826022,2632577.5300145405,1771383.3416185575,2411737.4409729457,62222.83461998286,52692790.447485745,YULARA_COMBINED,2017,pointwise_finite,144,low-power,48
20,40464.0,24350975.091268316,420993.0696918402,17441322.83842212,2700129.53059489,1669024.2747177747,1548772.5679260409,2006582.7217644905,20305.091985007206,23141752.52287998,YULARA_COMBINED,2017,pointwise_finite,144,low-power,48
21,40819.0,48169014.1766646,568573.0578416585,12171465.507653667,1624328.0406135225,1322058.296133738,1064865.9093260567,1475145.603415734,6195.173818265931,69049240.90839933,YULARA_COMBINED,2017,pointwise_finite,144,low-power,48
22,40685.0,9384942.040212153,202859.47989759248,10976124.479943795,688505.1047511762,1213762.4857842855,924666.6774134132,1329402.9545018973,131839.08129686446,86576117.291447,YULARA_COMBINED,2017,pointwise_finite,144,low-power,48
23,39964.0,6402820.537582973,125400.56200253103,9773429.7898072,665056.5799063847,1235443.310975164,877987.2444611953,1179020.0575348884,7362.508733730029,88363675.09795411,YULARA_COMBINED,2017,pointwise_finite,144,low-power,48
24,39387.0,13723109.978155902,275176.2862960905,10818298.208200518,1054751.3683634002,1073899.6761921314,981860.7775335961,1367239.4709587635,882.6739492930026,63502647.79690068,YULARA_COMBINED,2017,pointwise_finite,144,low-power,48
25,38729.0,12361252.818359246,107437.48495877499,8324377.268852504,790228.0869506542,603220.0822692561,335867.21146243677,646245.7575666957,114.35451777465462,80347837.68634634,YULARA_COMBINED,2017,pointwise_finite,144,low-power,48
26,38743.0,5734903.206294479,133567.24313718986,8872032.142039035,785714.6858504021,600710.7408306034,388130.7472819626,677220.4158320316,88.82456735390997,80234288.2599759,YULARA_COMBINED,2017,pointwise_finite,144,low-power,48
27,40601.0,18134479.23788749,4804878.280243329,11928840.942769188,4632254.810226874,3937259.1912114425,3676668.9155291873,4333501.928650372,6388708.032740821,74637244.05305485,YULARA_COMBINED,2017,pointwise_finite,144,low-power,48
28,42343.0,18832674.36776689,489955.8980862202,14041822.569815634,1197253.6590034051,2892330.626411148,2352891.747004166,3020272.0552471634,32507.535436427548,62945078.2841249,YULARA_COMBINED,2017,pointwise_finite,144,low-power,48
29,39093.0,31223598.85120006,1002324.81755154,11314330.376442552,1216990.5363220111,1379432.1989039984,1213359.6727314875,1646065.5771579507,68085.90567508226,49451202.812160894,YULARA_COMBINED,2017,pointwise_finite,144,low-power,48
30,38667.0,7540789.879145874,231985.83399448908,9746162.830963349,664203.4954822299,686585.7138100262,617440.4892101483,795084.6057807247,405.73766855773886,79443584.76223491,YULARA_COMBINED,2017,pointwise_finite,144,low-power,48
31,38160.0,4015488.1015384044,270626.64979426254,8499337.589278106,867941.1249554959,642693.1331586979,462347.188903338,656510.9223004399,116.1167976762882,95898860.61174741,YULARA_COMBINED,2017,pointwise_finite,144,low-power,48
32,38396.0,5462175.626759596,157901.81214884276,8648227.468944948,830846.9574489137,556377.8817597916,343819.20047761966,569098.4143125498,10221.981522834545,88311436.28376648,YULARA_COMBINED,2017,pointwise_finite,144,low-power,48
33,38500.0,14117167.491378665,483286.2578375657,12978418.89927663,1703497.4620792903,1276196.5163611884,989355.9595859213,1217557.5725547671,13534.511410692474,52624421.51061233,YULARA_COMBINED,2017,pointwise_finite,144,low-power,48
34,38085.0,6053373.356117678,423129.47046095406,8278604.743574482,743293.244399642,654599.358962758,515726.99607554387,815100.3936398891,59.522059120395646,86186678.3854604,YULARA_COMBINED,2017,pointwise_finite,144,low-power,48
35,37652.0,10478306.8899555,1203670.617420168,8896464.451980824,711893.606862121,640746.8832133341,775123.2926867072,792159.4311731581,944.0226633366508,68254320.4586973,YULARA_COMBINED,2017,pointwise_finite,144,low-power,48
36,38167.0,17796429.604142934,291911.1863668842,11447962.670538377,1282616.5085779289,1264111.8161221384,1100075.161388912,1314139.1000173579,837.7965952115527,44848179.00270221,YULARA_COMBINED,2017,pointwise_finite,144,low-power,48
37,38009.0,5015981.919922627,191903.48784587433,8042771.002087816,1148882.6850750155,549150.7964217082,352609.7277046001,622644.5019426349,96.86811253448595,87307525.27424242,YULARA_COMBINED,2017,pointwise_finite,144,low-power,48
38,37660.0,7717738.435202458,123012.73667742098,7728857.772542014,539932.4371162298,574705.8222594803,560366.7733518397,961201.6631241378,147.98728368974366,69956355.13657041,YULARA_COMBINED,2017,pointwise_finite,144,low-power,48
39,37584.0,6097342.45124093,123887.98773418418,8357941.366891329,677769.9210335243,731773.805019242,680294.1401117903,1178456.6012771558,99.27039310091536,69693867.35247815,YULARA_COMBINED,2017,pointwise_finite,144,low-power,48
40,37872.0,2868287.885896326,91032.34722867544,7577966.665536411,754113.1926827473,505928.3201836483,277263.473826327,557000.5461273451,8.48232598454706,90063228.56661375,YULARA_COMBINED,2017,pointwise_finite,144,low-power,48
41,37728.0,4134863.474705998,93566.13220018007,7130468.973979807,732983.1376053938,511010.5118551118,286839.48523735325,610213.4431301157,6.193346778279313,83523982.81589524,YULARA_COMBINED,2017,pointwise_finite,144,low-power,48
42,37863.0,3897531.4037910905,80972.03057195667,7319379.22147246,569596.6695175382,422585.393897826,372729.15022556245,722551.3566758466,103.94213746075927,75381351.30283582,YULARA_COMBINED,2017,pointwise_finite,144,low-power,48
43,40290.0,19865983.39841977,326461.96904211014,13421573.28168952,1612431.4735449261,1013671.0223088245,1100012.0922755748,1705738.4612214977,109216.28311047438,44474537.56879592,YULARA_COMBINED,2017,pointwise_finite,144,low-power,48
44,41502.0,20165589.832716066,1271602.5913645767,13594207.044981904,2770638.922502316,2625412.8041605717,2091439.9568334823,2853082.6153905955,1732037.6392792524,51917211.22336415,YULARA_COMBINED,2017,pointwise_finite,144,low-power,48
45,39587.0,14045510.64758879,397376.0284637427,11776115.12783262,1043370.0810991628,2041814.5397866208,1542361.5285638387,2027671.2596300424,8090.217098435117,63902902.55394787,YULARA_COMBINED,2017,pointwise_finite,144,low-power,48
0,63717.0,12243443.204993188,387956.68346439325,20703597.62563905,2251908.5838171174,2980465.169320778,3076651.628264385,3514375.895581536,1217.7082708951873,126495023.30899963,YULARA_COMBINED,2017,pointwise_finite,144,low-power,72
1,66008.0,31881242.94614366,822298.1862562592,27966750.577224176,3835864.503564875,3712284.056103146,3176851.3301313296,3979578.54729106,218858.30367550757,71156647.58195841,YULARA_COMBINED,2017,pointwise_finite,144,low-power,72
2,63592.0,22936052.435192645,441351.96072252677,23725283.356860045,2570201.072718893,3077842.729547087,3485107.1594634587,4188065.6676674653,2608.8957923742473,84820440.2915519,YULARA_COMBINED,2017,pointwise_finite,144,low-power,72
3,62655.0,13476265.793513589,226057.7991472388,19787157.708116177,1395914.7001760427,2208211.4166193753,1888813.485456122,2493073.3368482664,475.6368056229381,110640788.22720079,YULARA_COMBINED,2017,pointwise_finite,144,low-power,72
4,61344.0,8949977.12054821,179501.5825639331,17697694.617900822,1206309.362598682,1902632.3223531395,1116765.6462561665,1649754.8269921944,479.47913620186944,122959527.80772187,YULARA_COMBINED,2017,pointwise_finite,144,low-power,72
5,61344.0,6481532.194278787,151929.4033053824,15189095.667962883,1401800.4055086893,1860134.137249554,941232.0545381545,1559343.0640064452,7.763054885406224,134256985.91518548,YULARA_COMBINED,2017,pointwise_finite,144,low-power,72
6,61344.0,6777846.06040442,211500.79793351752,15531990.649081662,1213285.274263102,2398747.6149224816,1342535.8620638305,2101484.0760976407,18.084376518226264,136789031.9143193,YULARA_COMBINED,2017,pointwise_finite,144,low-power,72
7,60923.0,8040910.002810505,191867.80449400272,15495016.613699831,1226990.8406189245,1770410.0588258442,1022748.747043138,1592650.1575245766,84.44496079462999,130232795.39250664,YULARA_COMBINED,2017,pointwise_finite,144,low-power,72
8,60192.0,11115555.294668106,161055.07099514006,15115313.666453773,938373.1189727485,1931272.16259955,1148784.4205292403,1950460.5939478811,556.8568543740269,114410743.18401842,YULARA_COMBINED,2017,pointwise_finite,144,low-power,72
9,60048.0,8234920.713868013,169139.8769331104,13978166.958054313,1297603.673942286,1066230.7014064407,446033.64083489036,830539.7835104408,272.34501938170393,142463609.8829408,YULARA_COMBINED,2017,pointwise_finite,144,low-power,72
10,59616.0,3150681278.8170857,366372750.1181422,14965274.660830079,10087075.845515272,1874245.8645510285,1951695.1124366987,1922616.452076207,4.4888421537924375,147275159.90583742,YULARA_COMBINED,2017,pointwise_finite,144,low-power,72
11,59616.0,14934131911.064623,1236961791.619207,17045516.51437978,41035675.79461721,5166481.491660117,6668589.555634317,4272686.765445894,113.92169739533026,128210350.05399245,YULARA_COMBINED,2017,pointwise_finite,144,low-power,72
12,62284.0,6547659093.242513,445144073.75925696,22957330.08217358,15130177.393633096,5358810.5512405895,5320222.899171018,4040825.8991221795,105083.92847930372,77094528.66622272,YULARA_COMBINED,2017,pointwise_finite,144,low-power,72
13,60260.0,27715151.39908403,471931.16613401193,22685345.534846194,3108278.2577291266,2076343.629696697,1843724.1029602261,2427694.4654869037,20447.16531850741,59714416.72247078,YULARA_COMBINED,2017,pointwise_finite,144,low-power,72
14,60919.0,51330562.14861288,650155.9379323575,17523275.252251785,1896687.0955500873,1813069.903816411,1478979.8588228403,2056026.4369457127,6608.567404396678,110076890.12578131,YULARA_COMBINED,2017,pointwise_finite,144,low-power,72
15,60549.0,12626214.605846798,246677.1618094233,15397744.525152896,1081202.6297209975,1958194.1890767745,1388539.9723778218,1927542.1785068037,138788.1964444637,133912143.17201878,YULARA_COMBINED,2017,pointwise_finite,144,low-power,72
16,58683.0,24321037.28279218,334446.74950853805,15179805.722638534,1418891.9564625255,1360968.9394596445,1180250.8611065727,1723250.2930599765,973.9309345038022,96914403.62270394,YULARA_COMBINED,2017,pointwise_finite,144,low-power,72
17,58176.0,7498228.720017426,181734.26488351723,12834901.896453511,1211802.1847019328,916861.5598323449,525607.8751714227,967455.3512975137,111.92209991776534,127170370.12051885,YULARA_COMBINED,2017,pointwise_finite,144,low-power,72
18,63648.0,32172963.06070308,5190577.843950327,21158273.78616209,5555872.3480817955,6023587.678199819,5401996.809444762,6457835.20916101,6420980.646778596,100494489.75490697,YULARA_COMBINED,2017,pointwise_finite,144,low-power,72
19,58389.0,36017789.39615138,1106581.151930759,16126720.10286528,1490626.6574704906,2185434.338326771,1840923.52582008,2542004.351894482,68320.82707373054,86539035.3944338,YULARA_COMBINED,2017,pointwise_finite,144,low-power,72
20,57893.0,9954042.108672224,437592.4669496855,13948155.474209571,1087230.7384636158,1141897.7889844193,980898.6854617243,1244826.8177469824,483.47208624508704,130138571.42779854,YULARA_COMBINED,2017,pointwise_finite,144,low-power,72
21,57330.0,7064411.498771669,222921.82898790934,12945572.414976848,1275760.8394230234,743758.9397440943,442708.1931293809,775867.124646731,10260.363902823485,133515310.22995003,YULARA_COMBINED,2017,pointwise_finite,144,low-power,72
22,57508.0,15896590.911678886,536444.707449685,16965456.7210198,2082318.4494726262,1574722.8853590833,1161443.1962588755,1529665.5393174826,13590.286673777255,99870585.89888136,YULARA_COMBINED,2017,pointwise_finite,144,low-power,72
23,56729.0,14752256.825772943,1573641.6382690025,13188031.373812133,1076365.8638684272,996819.8731781966,1118763.052089299,1295151.8580503326,947.7694593722708,107194834.45588876,YULARA_COMBINED,2017,pointwise_finite,144,low-power,72
24,57100.0,19956025.323159292,431321.44009269064,15525302.888350349,2043569.5137763321,1463691.541148679,1237120.0126509815,1557154.4854159663,903.5549435922079,88435632.10407893,YULARA_COMBINED,2017,pointwise_finite,144,low-power,72
25,56736.0,10574124.63610873,175505.97079748893,11694288.556817876,927862.1169928417,924276.8936546489,775931.6497943704,1340830.7796681637,179.09704784357274,113676427.30943596,YULARA_COMBINED,2017,pointwise_finite,144,low-power,72
26,56448.0,7488024.700817617,164845.12718843797,12138270.630142743,1038002.2448255977,985417.5250340017,824119.6015283937,1466723.2568317875,106.52016227227598,114417318.84873784,YULARA_COMBINED,2017,pointwise_finite,144,low-power,72
27,56736.0,5612469.111025639,143641.33997460213,10928106.376264801,1126864.0064960667,763295.1120240017,420277.49764707644,878947.3337028291,7.425903591465787,128863759.88624938,YULARA_COMBINED,2017,pointwise_finite,144,low-power,72
28,57225.0,7132360.849562406,122818.24804892391,11725553.063507957,828752.9931005492,818906.4391123902,753457.4408851704,1317433.3540496614,521.8292758709874,108368180.71611138,YULARA_COMBINED,2017,pointwise_finite,144,low-power,72
29,62430.0,36796743.78536454,1556218.3429297202,22609606.484635897,4123914.072464229,3242762.781254833,2810723.7584494506,3963939.079238281,1840836.035251317,63404919.378884576,YULARA_COMBINED,2017,pointwise_finite,144,low-power,72
30,39587.0,14045510.64758879,397376.0284637427,11776115.12783262,1043370.0810991628,2041814.5397866208,1542361.5285638387,2027671.2596300424,8090.217098435117,63902902.55394787,YULARA_COMBINED,2017,pointwise_finite,144,low-power,72
