block,count,Original A_SSE,Original B_SSE,Expanded A_SSE,Expanded B_SSE,Inverted42_SSE,Inverted43_SSE,Inverted44_SSE,Daily_SSE,Last-value_SSE,site,period,support,horizon,scope,block_hours
0,41472.0,10236112.13408465,1577579.513672575,33515392.7825795,5045573.248668423,4973426.148873683,4435566.645727337,5167144.246106746,4290529.566782471,91785040.27538106,YULARA_COMBINED,2018,complete_H144,144,full,24
1,41472.0,11630364.124608144,252551.89584916361,35329558.502516,3279001.0419239257,6510920.552580045,5567576.95539135,6489252.308715481,50329.58765114126,94524581.57404894,YULARA_COMBINED,2018,complete_H144,144,full,24
2,41472.0,13566250.825038323,414975.27648189536,37260408.19348115,3741801.015222148,5092886.2157675475,4894073.8593854625,5490641.600547356,210560.4473381447,98840504.89720474,YULARA_COMBINED,2018,complete_H144,144,full,24
3,41472.0,10586053.524517976,462419.00884722354,34777630.847738415,2984903.073001428,5650531.45466217,4052307.445536761,4649196.635604458,512058.6586085601,94741465.85573283,YULARA_COMBINED,2018,complete_H144,144,full,24
4,41472.0,17869821.081428047,2398471.2547696773,33907405.826257214,4221650.207717366,8447664.288530856,7738326.152311723,8375335.341441577,2200713.2923339666,91752378.00857651,YULARA_COMBINED,2018,complete_H144,144,full,24
5,41472.0,14253197.739077365,459446.22064829594,35092872.23148105,3728272.037736667,6237170.763382969,5485130.400630325,5988397.991576951,1975038.023936137,94963733.39199407,YULARA_COMBINED,2018,complete_H144,144,full,24
6,41472.0,9461654.18991315,145608.83546807367,33661339.01397687,2759487.9514747034,5308452.714491542,4941896.279410835,5619916.270923775,50598.887070205325,92590422.27483946,YULARA_COMBINED,2018,complete_H144,144,full,24
7,41472.0,13507502.2036433,284736.9072579969,31443525.595024873,2640067.6088096397,8800953.750766529,9166385.895381946,10133004.845780533,329550.325540424,87226601.00143985,YULARA_COMBINED,2018,complete_H144,144,full,24
8,41472.0,11244475.262944316,394212.0937328975,32732447.26414777,3027636.3587795603,5040550.061553004,4553670.252386305,5272996.757314863,278305.7081681327,90490189.17184131,YULARA_COMBINED,2018,complete_H144,144,full,24
9,41472.0,11026982.049221268,3338239.5945315007,33248428.458956227,5411523.679626168,8536549.865085222,7652402.434285547,8682799.381441325,3370549.423796869,87428167.00145972,YULARA_COMBINED,2018,complete_H144,144,full,24
10,41472.0,19650014.398170933,7456268.340314261,30279522.661354292,8068569.471617639,18796699.356150977,16016377.263345802,18108687.43715311,10703548.838258639,75808929.27921057,YULARA_COMBINED,2018,complete_H144,144,full,24
11,41472.0,14002935.057103945,2922300.06443312,31952164.06853868,5751235.777371045,10451117.054675795,9128628.282287613,10465657.086285967,5524502.908274303,84965273.42197202,YULARA_COMBINED,2018,complete_H144,144,full,24
12,41472.0,14378367.515839348,992394.8819655163,32366638.419658072,3611834.904975277,8530843.556868399,8234265.456327479,8999743.996088123,1600430.3167293184,87468530.75294359,YULARA_COMBINED,2018,complete_H144,144,full,24
13,41472.0,11162380.319572588,422997.5531597933,34738304.393810116,3639752.6296057166,3895499.36825579,3205417.2875610967,3522827.2890179,461926.60772574827,93765370.99758817,YULARA_COMBINED,2018,complete_H144,144,full,24
14,41472.0,13015973.952334773,172841.477023852,34357469.407080665,3059223.201983393,7847289.125208352,7713794.888456495,8113191.461053489,10669.869544286415,93648710.08027998,YULARA_COMBINED,2018,complete_H144,144,full,24
15,41472.0,11387778.340630565,742266.4618665387,32864341.886701103,3202642.344804359,7357965.5042815665,6185584.6545814015,6874008.390454057,726827.2796269228,88674782.74385269,YULARA_COMBINED,2018,complete_H144,144,full,24
16,41472.0,12373535.088986343,1819153.8424526188,30548473.99903318,3805351.780109863,9722719.515846979,8504089.471212916,9874097.701640531,2183769.910360949,80862682.32997636,YULARA_COMBINED,2018,complete_H144,144,full,24
17,41472.0,26735654.738839358,12037890.625808585,21000636.15687281,11149008.559609162,20275276.52211259,19199937.588721696,22471877.418622073,14998118.904267794,39461670.164981864,YULARA_COMBINED,2018,complete_H144,144,full,24
18,41472.0,21084262.678143803,4330450.305080357,25764166.869911093,8062081.312997284,17858734.27383399,15783968.237368302,18175529.917493835,7762639.426922277,63265130.254472815,YULARA_COMBINED,2018,complete_H144,144,full,24
19,41472.0,15870701.657168893,6837432.38184406,24365109.827398166,7033266.047849253,13710422.321193378,12646394.548524134,14610326.411246896,11101576.787518725,62654948.69253716,YULARA_COMBINED,2018,complete_H144,144,full,24
20,41472.0,17901164.25780739,5049703.876732444,27975896.882604502,6885239.632646412,13877028.246695697,11876583.93981686,13707068.653261285,8544348.548438612,72798695.34152743,YULARA_COMBINED,2018,complete_H144,144,full,24
21,41472.0,9304803.29204497,1891363.4344093238,29579525.800961018,4512930.089565403,6267432.494232063,6612402.386277269,7751308.407688853,4584342.820639253,81257496.32934724,YULARA_COMBINED,2018,complete_H144,144,full,24
22,41472.0,8705110.331263477,550209.107410959,29935675.32047555,3194046.7815777515,5896818.151413631,5563105.642042822,6666515.027280062,379938.24216034485,81705738.66136608,YULARA_COMBINED,2018,complete_H144,144,full,24
23,41472.0,13766506.652941816,1604235.6526294819,29385202.44687775,3700772.837898936,12517963.31913628,10535003.466474434,11873941.32506485,1984448.6308223002,77751979.84133701,YULARA_COMBINED,2018,complete_H144,144,full,24
24,41472.0,19084995.121213626,5594255.755279462,29075236.943441346,7310026.464119839,15150346.777343914,14547052.249391364,15964346.783412369,6399502.656255283,73383366.93863145,YULARA_COMBINED,2018,complete_H144,144,full,24
25,41472.0,35397188.81646616,21576523.318109237,17829846.339361936,19431737.56155848,27782138.58814932,25760925.16089985,29261976.539449487,29821393.57144223,8292720.778330498,YULARA_COMBINED,2018,complete_H144,144,full,24
26,41472.0,12292370.031139579,21826055.690035246,28657713.62799473,21943845.812320914,8966022.865700526,9252033.864302846,9855997.029313954,31633432.342139836,77078798.30419071,YULARA_COMBINED,2018,complete_H144,144,full,24
27,41472.0,13845530.623691602,3896610.1675153775,29322502.774885412,5759170.139367651,10333621.477595415,9137688.771381197,10111383.25679215,5717097.020391544,77367788.54283972,YULARA_COMBINED,2018,complete_H144,144,full,24
28,41472.0,15129123.464492453,2204889.0958332648,30833518.34474975,5289834.33385338,10396414.16237877,10274798.931544166,11375951.634662,4632027.382587905,79747038.49081193,YULARA_COMBINED,2018,complete_H144,144,full,24
29,41472.0,10673039.215714099,807122.6852580337,30373521.87558016,3395364.692356643,7500206.351231534,7439463.664037306,8243128.5427470505,2355026.4657896096,82022733.37055993,YULARA_COMBINED,2018,complete_H144,144,full,24
30,41472.0,9618932.736217331,262243.45426378236,28832639.116541818,2640955.850700024,5672798.719265359,4772167.437743794,5465981.603344805,443028.87181805004,78248483.42169137,YULARA_COMBINED,2018,complete_H144,144,full,24
31,41472.0,18003463.65271428,3679948.945211407,26800067.40521903,5135523.199460508,7371691.357275993,7713663.806959079,9660361.019900626,3393431.4935418847,69710303.09103784,YULARA_COMBINED,2018,complete_H144,144,full,24
32,41472.0,25107105.53397605,14780945.530830353,17642869.24981435,13016503.22802492,15635011.032804593,15760531.596913477,18994589.401747562,18766210.423211697,18174442.704167806,YULARA_COMBINED,2018,complete_H144,144,full,24
33,41472.0,11534386.887877794,17118984.253149766,32000747.613689795,19143335.494509183,6518391.568532786,5900757.606913248,5756402.932171497,25678732.591525026,86011051.2079124,YULARA_COMBINED,2018,complete_H144,144,full,24
34,41472.0,7652105.117033592,1683304.5078025712,25839621.743987434,2737079.6640552133,3870077.2207948556,3427177.19414647,3998567.0634669685,1954471.5436201848,69554002.96680814,YULARA_COMBINED,2018,complete_H144,144,full,24
35,41472.0,9332234.270132026,971241.7740143774,30057909.697951984,4239252.399451514,4739997.4212491745,4754266.340429132,5323459.180476837,1728335.1848439472,81826412.37146783,YULARA_COMBINED,2018,complete_H144,144,full,24
36,41472.0,18598693.603673037,5902382.6002892675,22854625.306985527,5546618.349145672,7861024.418034778,8307216.299737531,9357862.264498185,6400102.470432928,59360854.88597489,YULARA_COMBINED,2018,complete_H144,144,full,24
37,41472.0,9161498.7070967,1458327.8396012655,27488908.769027814,4750211.2693403,4682611.902692494,4028485.330011091,4516702.075775336,5223856.070988454,73962380.64121841,YULARA_COMBINED,2018,complete_H144,144,full,24
38,41472.0,8532912.84414553,156094.92305628877,25562408.406978607,2293997.3725234694,5177969.835838226,5641542.888802706,6756622.349620656,62950.045816852195,70555454.18881501,YULARA_COMBINED,2018,complete_H144,144,full,24
39,41472.0,12818288.975401597,321618.8618337553,29214394.26127,3271303.325125057,8392490.413319804,7374396.914570134,8267809.114055664,116274.7185365168,76972507.49493724,YULARA_COMBINED,2018,complete_H144,144,full,24
40,41472.0,9802855.609348139,253413.25874416114,30221351.29138641,3200006.6078876513,5547927.371676864,5374402.145324977,6010690.780738866,53875.151505282185,80614231.0924409,YULARA_COMBINED,2018,complete_H144,144,full,24
41,41472.0,8585079.837306106,186151.13042649566,30365125.217712943,3034211.21018712,3467187.701483886,2797671.0847233306,3184728.20443539,21480.745464173935,81374749.75025311,YULARA_COMBINED,2018,complete_H144,144,full,24
42,41472.0,10717952.403595243,193286.2969816116,30900860.141763415,3129152.179160806,5737539.659440146,5053808.285593864,5127739.801618561,12355.663253359091,82768555.93794075,YULARA_COMBINED,2018,complete_H144,144,full,24
43,41472.0,8608429.683409411,161722.2604249142,29231017.11154232,2675474.7182519194,4094016.2117776945,3612113.813023365,4001975.263089386,42165.16711856754,78894413.58748947,YULARA_COMBINED,2018,complete_H144,144,full,24
44,20592.0,4775241.838721201,112164.36049824946,12883948.42688205,1434800.160666899,2381112.4288570904,1842604.980011093,1982094.6972506056,1569.5462842194943,19282559.845744804,YULARA_COMBINED,2018,complete_H144,144,full,24
45,20581.0,6011113.2459193915,287139.6892681594,11412590.106069585,1403584.6720300438,4280140.221082559,4031533.006008476,4023157.983193426,180944.709717457,17733066.78128326,YULARA_COMBINED,2018,complete_H144,144,full,24
46,20556.0,2213830.0405803965,125769.36654243903,8278204.117910297,1000762.4808224369,454303.3326483998,556837.2287247371,674591.1839578494,78117.81210898285,29386168.364037078,YULARA_COMBINED,2018,complete_H144,144,full,24
47,41328.0,10474906.465014793,757753.0556438493,29155257.414941132,3502602.993356606,5062383.658577042,4400240.501881981,4642438.904574662,502869.47485002317,77246322.87378892,YULARA_COMBINED,2018,complete_H144,144,full,24
48,41472.0,11181357.400577132,221770.4635210983,29532255.874340817,3021836.584462809,6247320.819853453,6232617.819848332,6567576.908839572,496977.98088356,78164744.08846572,YULARA_COMBINED,2018,complete_H144,144,full,24
49,41472.0,9336285.883276908,159092.34329309996,28228551.789893348,2668939.0919670323,4834712.79993097,4385347.239719761,4689841.328501332,50449.471017360665,74424826.30562527,YULARA_COMBINED,2018,complete_H144,144,full,24
50,41472.0,14976615.500893729,995215.7233723664,28579614.333435122,3267198.128287716,7023253.929513634,8138126.386534962,8552450.630510006,446855.6747847996,74230614.93097748,YULARA_COMBINED,2018,complete_H144,144,full,24
51,41472.0,17928489.7062105,6510600.536254658,19112168.830460552,6211296.009970234,7443477.150858359,8356139.708870549,9588925.754801955,8119631.742024529,35153645.12906942,YULARA_COMBINED,2018,complete_H144,144,full,24
52,41472.0,10421913.276156694,4136274.8722906467,27427793.44744423,7440956.230507585,6415623.030258637,6549374.619344895,7211951.333959668,6915380.1591211,69150749.83798197,YULARA_COMBINED,2018,complete_H144,144,full,24
53,41472.0,8160538.02238486,611531.534188808,27252321.315389447,3193526.066380115,4481227.350257153,3648117.6137320222,4025051.527012041,1033579.744358362,71485977.19644603,YULARA_COMBINED,2018,complete_H144,144,full,24
54,41472.0,9418075.28688447,591136.8991141499,25711810.834468838,2899364.6676345123,4560088.183315487,4318319.626957824,5091317.837077959,517819.1537289652,67523438.29738723,YULARA_COMBINED,2018,complete_H144,144,full,24
55,41472.0,17223012.79541111,4682823.173657759,21764543.83378583,5932573.849692601,10135037.977395663,11302220.246924348,13381372.597579883,5260878.144711157,47171943.96131562,YULARA_COMBINED,2018,complete_H144,144,full,24
56,41472.0,17192286.445414945,6370399.16607909,22686559.014319945,6936706.12130409,11270488.779372241,11475040.55175533,13425923.619536031,9320677.666652363,50493472.02477768,YULARA_COMBINED,2018,complete_H144,144,full,24
57,41472.0,9521651.21268776,2623930.8160555535,23629163.585538156,4633441.293645149,4717250.5354487905,5019950.429566223,6408260.892876484,4484947.0387031995,61968703.483646244,YULARA_COMBINED,2018,complete_H144,144,full,24
58,41472.0,8946274.975478765,251360.4203936179,25744835.155285876,3019752.945394937,4208605.142884324,3677356.2011639336,4603720.154139765,46697.179583498924,65886077.912598275,YULARA_COMBINED,2018,complete_H144,144,full,24
59,41472.0,11344579.157466752,913996.1565337989,27519074.652971428,3836705.1328265583,6869065.035087895,6833572.006124764,7612054.521596192,696602.1934396892,69126620.72284076,YULARA_COMBINED,2018,complete_H144,144,full,24
60,41472.0,15085860.0870305,2359931.9170565875,27241723.5264801,4759324.025954899,9978147.260194218,10178706.960058678,10721199.924446095,2745265.7462342996,65223790.18390285,YULARA_COMBINED,2018,complete_H144,144,full,24
61,41472.0,9463747.155336844,839189.1937186661,26892274.144681647,3321536.7245454406,5286367.48470621,4602661.625309387,4675554.959410673,2489361.301951402,70387479.93817851,YULARA_COMBINED,2018,complete_H144,144,full,24
62,41472.0,9381606.609271452,168921.17244188825,26379527.164048318,2719067.8551972634,4678869.856617066,4738164.262480154,5362105.333916189,6174.875135129804,69337392.61475454,YULARA_COMBINED,2018,complete_H144,144,full,24
63,41472.0,9991951.169433672,184855.74482058556,26549161.10131438,2810171.608917964,5660779.304684819,5598985.4635783415,5602341.026544307,5872.533186432573,69111987.74185507,YULARA_COMBINED,2018,complete_H144,144,full,24
64,41472.0,11025218.653464466,302279.0373299333,26577628.955707535,2915442.6013080375,4378516.350274481,4266906.193500418,4828247.571198834,98161.5566479141,69389873.75571057,YULARA_COMBINED,2018,complete_H144,144,full,24
65,41472.0,12580176.51941336,3341875.1077491613,24232866.857439756,4979503.01867752,5470375.390582718,5486305.044432253,6609532.148377418,3414267.8625721657,55597236.51510647,YULARA_COMBINED,2018,complete_H144,144,full,24
66,20592.0,12824058.063620169,1839907.0981218142,10557165.843851952,2594040.3126696926,5379886.277542311,6252089.762074502,7010813.520502325,2357464.7665039804,6887802.134349465,YULARA_COMBINED,2018,complete_H144,144,full,24
67,41328.0,18077443.732950866,5924779.765144059,22686623.59285132,7499159.962783254,10609796.771412697,12333224.92819987,13960387.202598546,10179201.467771595,49333168.1292353,YULARA_COMBINED,2018,complete_H144,144,full,24
68,41472.0,25063264.140482806,5412241.848788657,18799636.930918064,7235263.610509478,10670160.480688838,13034357.592780985,15078282.400619475,7279943.484635556,27730395.567171764,YULARA_COMBINED,2018,complete_H144,144,full,24
69,41472.0,27795298.88616121,2954127.549148739,16973379.200245395,5370311.189282446,11958767.696611125,13783326.824918736,16842354.79601576,5564234.149238851,21596229.34850972,YULARA_COMBINED,2018,complete_H144,144,full,24
70,41472.0,22939815.0195429,5029124.772934981,21092096.085221663,7853016.664457344,13791560.621795876,15120021.538570506,17465278.157725543,6625782.702466035,46531102.95612943,YULARA_COMBINED,2018,complete_H144,144,full,24
71,41472.0,17059018.793964483,3185431.364432385,20888995.380171213,5572591.729179777,12140122.157544663,13209276.019781902,15521185.971799916,6138543.728893784,41022941.13532067,YULARA_COMBINED,2018,complete_H144,144,full,24
72,41472.0,7524706.540708905,2440395.3471553186,25140397.52941557,5521544.015087264,3074143.8588033104,3585460.0057128025,4758511.496522307,5884813.5749949245,64632121.3323524,YULARA_COMBINED,2018,complete_H144,144,full,24
73,41472.0,9916237.023608502,554559.7807418744,25852267.527404632,2830131.333645249,4927772.871563169,4600042.203508053,4710247.34782445,9813.617684540906,65800772.20971996,YULARA_COMBINED,2018,complete_H144,144,full,24
74,41472.0,8286966.215269149,178832.1784917112,24965244.924991842,2631274.2673363625,3091325.856222836,2685980.7590875267,3392876.1104923435,14936.045051866757,63958116.982591204,YULARA_COMBINED,2018,complete_H144,144,full,24
75,41472.0,9016444.185877105,196335.60086218678,25298202.938452728,2824070.4647139986,4021569.2770295492,3839090.004167562,4419783.57541387,21104.479429151186,65117912.224983655,YULARA_COMBINED,2018,complete_H144,144,full,24
76,41472.0,10878061.29866705,1229873.91424785,23951425.171534583,3161925.2529140245,5971378.354286035,5485661.13452485,5875265.26963068,1069072.1285338541,60221274.814472675,YULARA_COMBINED,2018,complete_H144,144,full,24
77,41472.0,8764902.935703086,443097.5011889571,26448090.17926314,3489146.479385669,5127942.092205889,4671309.85982467,4988086.309708937,1117313.602318306,66987332.17019643,YULARA_COMBINED,2018,complete_H144,144,full,24
78,41472.0,9241990.063293641,342152.4572282029,27463596.225262847,3197878.2404341265,5204771.565411667,4533054.445017547,4821569.7122133225,149917.67131823086,70292138.20101301,YULARA_COMBINED,2018,complete_H144,144,full,24
79,41472.0,16111799.5920635,5288689.405511663,22101382.323875807,5525305.603366922,10833442.021915372,10691626.593898967,10480578.893387156,5601507.597391453,49822076.79306593,YULARA_COMBINED,2018,complete_H144,144,full,24
80,41472.0,12966733.483142179,1733946.9822468357,25178209.283792492,4794263.706909431,8608662.083672572,9475995.498522995,9198621.676101182,5219088.696928625,60059729.956791654,YULARA_COMBINED,2018,complete_H144,144,full,24
81,41472.0,9504640.652642429,515985.6946973994,25679464.374934066,3214611.348907927,5097496.299232045,5037024.617528252,5829331.772321966,900332.4542014778,64774125.620068386,YULARA_COMBINED,2018,complete_H144,144,full,24
82,41472.0,12056523.936225103,1657427.956235083,26792279.001999114,4095165.632313746,8633296.05599139,8040817.832226104,7731069.8651124025,1421541.265233079,64955633.97801157,YULARA_COMBINED,2018,complete_H144,144,full,24
83,41472.0,12289752.264113827,445847.17887308885,25944146.445125334,3073771.0907152644,8551537.862364557,8184511.799051747,8036391.745876924,1342746.478296229,65208675.88549492,YULARA_COMBINED,2018,complete_H144,144,full,24
84,41472.0,10239867.188373609,184684.1222868415,26210435.757590543,2891047.2224213276,7707650.631760014,7849267.45620472,7880167.614415793,103112.80029068788,66630790.97959334,YULARA_COMBINED,2018,complete_H144,144,full,24
85,41472.0,8664953.657181518,182254.4745869095,25655991.561240997,2719406.7955368645,6768223.765732672,6488143.035044209,6328783.226749978,13060.332058141854,64867181.822763406,YULARA_COMBINED,2018,complete_H144,144,full,24
86,41472.0,10534143.352042368,216888.40181174938,26699058.480954155,3033504.2952873386,8520489.923796862,8144136.659311402,7711838.7951657325,23533.79923465912,67357116.9769941,YULARA_COMBINED,2018,complete_H144,144,full,24
87,41472.0,9182214.51720964,399118.0726226489,25283029.008650742,2848064.332435789,6287124.434989084,5737934.1966603,5858248.514417873,240098.25314761396,62554427.801188655,YULARA_COMBINED,2018,complete_H144,144,full,24
88,41472.0,11855631.327309342,257273.30608325393,24714404.081553183,2705237.9562380477,5444124.769865432,5194767.42612068,5890777.293594514,202830.73276721602,63912871.126656726,YULARA_COMBINED,2018,complete_H144,144,full,24
89,41472.0,12191938.431123022,199979.1675415715,24438714.90545674,2775175.3271718756,5591113.624405545,5394546.8370373985,5371269.689844989,17934.40994648984,63341863.01968107,YULARA_COMBINED,2018,complete_H144,144,full,24
90,41472.0,9287662.680973459,250597.23897458584,26139437.11998967,3034956.2828451563,6328757.908581257,5847957.579030611,5675336.234625127,66552.06798477774,66155775.20843854,YULARA_COMBINED,2018,complete_H144,144,full,24
0,82944.0,21866476.25869279,1830131.409521739,68844951.2850955,8324574.290592357,11484346.701453729,10003143.601118693,11656396.554822236,4340859.154433615,186309621.84943002,YULARA_COMBINED,2018,complete_H144,144,full,48
1,82944.0,24152304.349556286,877394.2853291187,72038039.04121949,6726704.088223579,10743417.670429707,8946381.304922223,10139838.236151818,722619.1059467046,193581970.75293782,YULARA_COMBINED,2018,complete_H144,144,full,48
2,82944.0,32123018.820505407,2857917.4754179753,69000278.05773829,7949922.24545403,14684835.051913846,13223456.552942043,14363733.33301852,4175751.316270102,186716111.40057048,YULARA_COMBINED,2018,complete_H144,144,full,48
3,82944.0,22969156.39355645,430345.7427260706,65104864.609001756,5399555.5602843445,14109406.465258071,14108282.17479278,15752921.116704306,380149.212610629,179817023.27627957,YULARA_COMBINED,2018,complete_H144,144,full,48
4,82944.0,22271457.312165584,3732451.688264399,65980875.72310398,8439160.038405724,13577099.926638223,12206072.686671857,13955796.1387562,3648855.131965004,177918356.1733011,YULARA_COMBINED,2018,complete_H144,144,full,48
5,82944.0,33652949.45527489,10378568.404747391,62231686.72989297,13819805.248988684,29247816.41082676,25145005.545633387,28574344.52343904,16228051.74653294,160774202.70118257,YULARA_COMBINED,2018,complete_H144,144,full,48
6,82944.0,25540747.83541192,1415392.4351253093,67104942.81346824,7251587.534580985,12426342.925124189,11439682.743888581,12522571.285106013,2062356.9244550678,181233901.750532,YULARA_COMBINED,2018,complete_H144,144,full,48
7,82944.0,24403752.292965345,915107.9388903904,67221811.2937818,6261865.546787751,15205254.629489908,13899379.543037884,14987199.851507537,737497.1491712094,182323492.82413262,YULARA_COMBINED,2018,complete_H144,144,full,48
8,82944.0,39109189.8278257,13857044.468261201,51549110.15590601,14954360.339719022,29997996.03795956,27704027.0599346,32345975.1202626,17181888.814628743,120324352.49495831,YULARA_COMBINED,2018,complete_H144,144,full,48
9,82944.0,36954964.33531264,11167882.68692442,50129276.697309226,15095347.360846529,31569156.59502739,28430362.785892468,32785856.328740705,18864216.214441024,125920078.94701016,YULARA_COMBINED,2018,complete_H144,144,full,48
10,82944.0,27205967.54985239,6941067.31114177,57555422.68356553,11398169.722211814,20144460.740927737,18488986.326094147,21458377.060950126,13128691.36907787,154056191.67087483,YULARA_COMBINED,2018,complete_H144,144,full,48
11,82944.0,22471616.984205298,2154444.7600404397,59320877.767353244,6894819.61947669,18414781.470549908,16098109.108517254,18540456.3523449,2364386.872982645,159457718.50270322,YULARA_COMBINED,2018,complete_H144,144,full,48
12,82944.0,54482183.93767975,27170779.073388696,46905083.28280327,26741764.025678307,42932485.36549322,40307977.41029121,45226323.3228618,36220896.22769752,81676087.716962,YULARA_COMBINED,2018,complete_H144,144,full,48
13,82944.0,26137900.65483117,25722665.857550647,57980216.40288012,27703015.95168859,19299644.343295928,18389722.63568405,19967380.286106087,37350529.36253138,154446586.84703034,YULARA_COMBINED,2018,complete_H144,144,full,48
14,82944.0,25802162.680206545,3012011.7810912947,61207040.22032988,8685199.026210027,17896620.5136103,17714262.59558146,19619080.177409068,6987053.848377515,161769771.86137187,YULARA_COMBINED,2018,complete_H144,144,full,48
15,82944.0,27622396.3889316,3942192.3994751903,55632706.52176087,7776479.050160537,13044490.07654135,12485831.244702859,15126342.623245412,3836460.3653599336,147958786.51272908,YULARA_COMBINED,2018,complete_H144,144,full,48
16,82944.0,36641492.4218539,31899929.78398011,49643616.86350417,32159838.722534116,22153402.601337392,21661289.203826685,24750992.333919067,44444943.014736734,104185493.91208029,YULARA_COMBINED,2018,complete_H144,144,full,48
17,82944.0,16984339.387165617,2654546.281816947,55897531.44193936,6976332.063506732,8610074.64204402,8181443.5345756,9322026.24394381,3682806.728464131,151380415.33827603,YULARA_COMBINED,2018,complete_H144,144,full,48
18,82944.0,27760192.31076973,7360710.439890525,50343534.07601335,10296829.618485972,12543636.320727272,12335701.629748628,13874564.340273514,11623958.541421374,133323235.52719328,YULARA_COMBINED,2018,complete_H144,144,full,48
19,82944.0,21351201.81954711,477713.7848900441,54776802.668248534,5565300.69764853,13570460.249158027,13015939.803372826,15024431.463676337,179224.76435336907,147527961.68375236,YULARA_COMBINED,2018,complete_H144,144,full,48
20,82944.0,18387935.446654264,439564.3891706567,60586476.50909934,6234217.81807477,9015115.073160745,8172073.230048306,9195418.985174268,75355.89696945612,161988980.84269395,YULARA_COMBINED,2018,complete_H144,144,full,48
21,82944.0,19326382.087004635,355008.557406526,60131877.253305726,5804626.8974127285,9831555.871217834,8665922.098617243,9129715.06470795,54520.83037192664,161662969.52543005,YULARA_COMBINED,2018,complete_H144,144,full,48
22,41173.0,10786355.08464059,399304.04976640886,24296538.532951638,2838384.8326969417,6661252.649939652,5874137.986019566,6005252.680444027,182514.2560016765,37015626.62702805,YULARA_COMBINED,2018,complete_H144,144,full,48
23,61884.0,12688736.50559519,883522.4221862886,37433461.532851405,4503365.474179038,5516686.991225443,4957077.730606719,5317030.08853251,580987.2869590063,106632491.23782603,YULARA_COMBINED,2018,complete_H144,144,full,48
24,82944.0,20517643.283854023,380862.80681419885,57760807.664234206,5690775.676429837,11082033.619784411,10617965.059568085,11257418.237340907,547427.4519009199,152589570.3940907,YULARA_COMBINED,2018,complete_H144,144,full,48
25,82944.0,32905105.207104288,7505816.259627019,47691783.163895644,9478494.138257949,14466731.080372004,16494266.09540551,18141376.385311984,8566487.416809335,109384260.06004696,YULARA_COMBINED,2018,complete_H144,144,full,48
26,82944.0,18582451.298541553,4747806.406479453,54680114.7628337,10634482.29688771,10896850.380515793,10197492.233076926,11237002.860971713,7948959.903479462,140636727.03442806,YULARA_COMBINED,2018,complete_H144,144,full,48
27,82944.0,26641088.082295585,5273960.0727719,47476354.66825463,8831938.517327115,14695126.160711152,15620539.873882178,18472690.43465786,5778697.298440123,114695382.25870286,YULARA_COMBINED,2018,complete_H144,144,full,48
28,82944.0,26713937.658102687,8994329.982134627,46315722.59985803,11570147.414949251,15987739.314821048,16494990.98132153,19834184.512412507,13805624.705355568,112462175.50842391,YULARA_COMBINED,2018,complete_H144,144,full,48
29,82944.0,20290854.132945504,1165356.576927417,53263909.80825735,6856458.078221497,11077670.177972216,10510928.207288714,12215774.67573596,743299.3730231881,135012698.6354389,YULARA_COMBINED,2018,complete_H144,144,full,48
30,82944.0,24549607.242367364,3199121.110775256,54133997.671161756,8080860.750500345,15264514.744900428,14781368.585368045,15396754.883856758,5234627.048185705,135611270.1220814,YULARA_COMBINED,2018,complete_H144,144,full,48
31,82944.0,19373557.77870512,353776.91726247425,52928688.26536271,5529239.46411523,10339649.161301902,10337149.726058492,10964446.360460507,12047.408321562376,138449380.35660955,YULARA_COMBINED,2018,complete_H144,144,full,48
32,82944.0,23605395.172877833,3644154.145079095,50810495.81314729,7894945.619985557,9848891.740857195,9753211.237932673,11437779.719576238,3512429.419220079,124987110.2708171,YULARA_COMBINED,2018,complete_H144,144,full,48
33,61920.0,30901501.796571035,7764686.863265874,33243789.436703272,10093200.275452955,15989683.048955014,18585314.69027436,20971200.723100908,12536666.234275578,56220970.26358475,YULARA_COMBINED,2018,complete_H144,144,full,48
34,82944.0,52858563.026643954,8366369.397937404,35773016.13116345,12605574.799791912,22628928.177299943,26817684.417699717,31920637.196635213,12844177.633874405,49326624.91568154,YULARA_COMBINED,2018,complete_H144,144,full,48
35,82944.0,39998833.81350741,8214556.137367372,41981091.465392865,13425608.393637134,25931682.77934058,28329297.558352437,32986464.129525468,12764326.431359805,87554044.09145012,YULARA_COMBINED,2018,complete_H144,144,full,48
36,82944.0,17440943.5643174,2994955.127897196,50992665.05682019,8351675.348732523,8001916.73036648,8185502.209220846,9468758.844346767,5894627.192679466,130432893.54207228,YULARA_COMBINED,2018,complete_H144,144,full,48
37,82944.0,17303410.40114626,375167.77935389825,50263447.86344458,5455344.732050362,7112895.13325239,6525070.763255088,7812659.685906216,36040.52448101794,129076029.20757486,YULARA_COMBINED,2018,complete_H144,144,full,48
38,82944.0,19642964.234370157,1672971.4154368085,50399515.35079776,6651071.732299685,11099320.446491934,10156970.994349519,10863351.579339622,2186385.7308521583,127208606.9846691,YULARA_COMBINED,2018,complete_H144,144,full,48
39,82944.0,25353789.655357126,5630841.862739867,49564978.54913867,8723183.843801046,16038213.58732703,15224681.038916517,15302148.60560048,5751425.268709683,120114214.99407905,YULARA_COMBINED,2018,complete_H144,144,full,48
40,82944.0,22471374.135784585,2249932.676944235,50857673.65872657,8008875.055817352,13706158.38290462,14513020.116051244,15027953.44842315,6119421.151130104,124833855.57686004,YULARA_COMBINED,2018,complete_H144,144,full,48
41,82944.0,24346276.200338937,2103275.135108172,52736425.44712444,7168936.7230290165,17184833.918355957,16225329.631277854,15767461.61098932,2764287.743529311,130164309.86350648,YULARA_COMBINED,2018,complete_H144,144,full,48
42,82944.0,18904820.845555123,366938.59687375126,51866427.31883151,5610454.017958191,14475874.397492694,14337410.49124894,14208950.84116576,116173.13234882984,131497972.80235681,YULARA_COMBINED,2018,complete_H144,144,full,48
43,82944.0,19716357.86925203,616006.474434399,51982087.48960485,5881568.627723127,14807614.35878597,13882070.855971718,13570087.309583616,263632.0523822733,129911544.77818292,YULARA_COMBINED,2018,complete_H144,144,full,48
44,82944.0,24047569.758432385,457252.47362482536,49153118.98700986,5480413.283409929,11035238.39427097,10589314.263158077,11262046.983439492,220765.14271370572,127254734.14633782,YULARA_COMBINED,2018,complete_H144,144,full,48
45,41472.0,9287662.680973459,250597.23897458584,26139437.11998967,3034956.2828451563,6328757.908581257,5847957.579030611,5675336.234625127,66552.06798477774,66155775.20843854,YULARA_COMBINED,2018,complete_H144,144,full,48
0,124416.0,35432727.08373111,2245106.6860036366,106105359.4785766,12066375.305814503,16577232.917221276,14897217.460504165,17147038.155369587,4551419.601771751,285150126.74663496,YULARA_COMBINED,2018,complete_H144,144,full,72
1,124416.0,42709072.34502335,3320336.484265201,103777908.90547657,10934825.31845546,20335366.50657598,17275763.998478804,19012929.968622953,4687809.974878664,281457577.25630355,YULARA_COMBINED,2018,complete_H144,144,full,72
2,124416.0,34213631.65650076,824557.8364589673,97837311.8731495,8427191.919063902,19149956.526811074,18661952.427179087,21025917.874019165,658454.9207787616,270307212.44812095,YULARA_COMBINED,2018,complete_H144,144,full,72
3,124416.0,44679931.50449612,13716807.999278897,95480115.18884909,19231328.92861488,37784366.275912,32797407.979918927,37257143.904880345,19598601.170329817,248202369.7026424,YULARA_COMBINED,2018,complete_H144,144,full,72
4,124416.0,38556721.78774672,1588233.912149162,101462412.22054888,10310810.736564364,20273632.0503325,19153477.632345084,20635762.74615948,2073026.7939993527,274882611.83081234,YULARA_COMBINED,2018,complete_H144,144,full,72
5,124416.0,50496968.16845629,14599310.93012774,84413452.04260701,18157002.68452335,37355961.54224114,33889611.714516,39219983.510716654,17908716.094255667,208999135.23881054,YULARA_COMBINED,2018,complete_H144,144,full,72
6,124416.0,54856128.59312001,16217586.563656865,78105173.57991377,21980586.993492916,45446184.841723084,40306946.725709304,46492924.98200198,27408564.76287962,198718774.28853756,YULARA_COMBINED,2018,complete_H144,144,full,72
7,124416.0,31776420.276250258,4045808.1944497665,88900403.56831437,11407749.709042085,24682213.964781985,22710511.494794507,26291764.760033797,6948729.6936218925,240715214.83205017,YULARA_COMBINED,2018,complete_H144,144,full,72
8,124416.0,66774553.96881931,48996834.76342394,75562796.91079795,48685609.837999314,51898508.23119378,49560011.27459407,55082320.35217576,67854328.56983733,158754886.02115268,YULARA_COMBINED,2018,complete_H144,144,full,72
9,124416.0,39647693.30389814,6908621.948606663,90529542.99521525,14444369.16557769,28230241.9912057,26851951.36696264,29730463.43420124,12704150.868769059,239137560.4042117,YULARA_COMBINED,2018,complete_H144,144,full,72
10,124416.0,52729501.92290758,18723137.93030553,73275575.77157532,20792982.278185457,28679501.10934592,28246362.841616273,34120932.024993,22602670.788571633,166133229.2168968,YULARA_COMBINED,2018,complete_H144,144,full,72
11,124416.0,28518726.275043402,19773530.53496672,87898279.05562916,26119667.558015976,15128466.210576808,14082201.141488843,15078429.176115286,29361539.31998913,237391466.54618847,YULARA_COMBINED,2018,complete_H144,144,full,72
12,124416.0,36293105.15491525,7516805.362946808,75905942.48299208,12590826.991009437,17721606.156565495,17977244.51855131,20631186.689894196,11686908.587238224,203878689.71600837,YULARA_COMBINED,2018,complete_H144,144,full,72
13,124416.0,31206224.42205582,761183.2510044122,89800870.77036929,9505521.143199822,17407605.48648057,15546470.144618416,17463228.0992299,191630.6155059733,238961488.33763087,YULARA_COMBINED,2018,complete_H144,144,full,72
14,103536.0,24101623.92572582,467172.9179047754,73015825.6801878,7239427.058079626,12212668.300074924,10508527.078628335,11111809.761958564,56090.37665614612,180945529.37117484,YULARA_COMBINED,2018,complete_H144,144,full,72
15,82465.0,18699849.75151458,1170662.1114544503,48846051.638921045,5906950.146209074,9796827.212307988,8988610.736615187,9340188.071725946,761931.9966764638,124365558.01910934,YULARA_COMBINED,2018,complete_H144,144,full,72
16,124416.0,35494258.78474774,1376078.5301865647,86340421.99766941,8957973.804717552,18105287.54929804,18756091.446103044,19809868.8678509,994283.1266857198,226820185.32506812,YULARA_COMBINED,2018,complete_H144,144,full,72
17,124416.0,36510941.00475211,11258406.9427341,73792283.59329432,16845778.306857955,18340327.531374153,18553631.941947456,20825928.61577366,16068591.64550397,175790372.16349754,YULARA_COMBINED,2018,complete_H144,144,full,72
18,124416.0,43833374.52771058,11644359.238850988,70162913.68257448,15768644.638631219,25965614.940083407,27095580.425637495,31898614.054193918,15099374.96509249,165188854.2834807,YULARA_COMBINED,2018,complete_H144,144,full,72
19,124416.0,29812505.345633287,3789287.3929829746,76893073.39379548,11489899.371866636,15794920.713421015,15530878.636854922,18624035.56861243,5228246.411726389,196981402.1190853,YULARA_COMBINED,2018,complete_H144,144,full,72
20,124416.0,33931213.85163882,3368042.2832171433,80513524.8352101,10799928.605697615,19943384.601517484,19519532.847848196,20758860.217772953,5240801.923320839,204948662.73683605,YULARA_COMBINED,2018,complete_H144,144,full,72
21,124416.0,33597346.34231146,3829009.8898996795,77359656.91446178,10705117.228903517,15509671.04554202,15352196.70151101,17040120.746120546,3518301.952406512,194099098.0126718,YULARA_COMBINED,2018,complete_H144,144,full,72
22,103392.0,55964765.93705386,13176928.712054526,52043426.36762129,17328463.885962423,26659843.529643834,31619672.283055328,36049483.12372035,19816609.718911137,83951365.83075649,YULARA_COMBINED,2018,complete_H144,144,full,72
23,124416.0,67794132.69966857,11168683.686516121,58954470.665638246,18795919.582919553,37890450.47595167,42112624.38327116,49828818.92554122,18328560.580598667,109150273.43995988,YULARA_COMBINED,2018,complete_H144,144,full,72
24,124416.0,25727909.77958653,3173787.306388908,75957909.981812,10982949.61606889,11093242.586589312,10871482.968308369,12861634.954839112,5909563.237731336,194391010.5246636,YULARA_COMBINED,2018,complete_H144,144,full,72
25,124416.0,28659408.42024726,1869307.0162989951,75697718.28925052,9475142.197013685,15120889.723521471,13996060.998517076,15283135.154753493,2207490.210281309,192326519.2096531,YULARA_COMBINED,2018,complete_H144,144,full,72
26,124416.0,38320523.13849933,7364788.8449866995,74743187.83293127,13517447.550710484,24646875.67099962,24700676.537439503,24500770.281701673,10970513.965638315,180173944.9508705,YULARA_COMBINED,2018,complete_H144,144,full,72
27,124416.0,33850916.85298138,2619260.8298055697,78415889.82205844,10383548.071936948,22282330.217588007,21262354.248806123,21596793.38331129,3664620.1977307876,194938435.48357478,YULARA_COMBINED,2018,complete_H144,144,full,72
28,124416.0,29438964.197597492,583826.9986855012,78565485.79978564,8643958.313245539,22996364.32128955,22481547.150560297,21920789.636331547,139706.9315834888,198855089.779351,YULARA_COMBINED,2018,complete_H144,144,full,72
29,124416.0,33229784.275642022,856370.5462474757,74436147.99566059,8328477.615845723,17322362.829260077,16327248.45981838,17120295.497857396,460863.39586131996,189809161.94752643,YULARA_COMBINED,2018,complete_H144,144,full,72
30,41472.0,9287662.680973459,250597.23897458584,26139437.11998967,3034956.2828451563,6328757.908581257,5847957.579030611,5675336.234625127,66552.06798477774,66155775.20843854,YULARA_COMBINED,2018,complete_H144,144,full,72
0,19584.0,7868810.124574043,1529267.186258904,27191063.228591252,4400470.164864172,3689401.0401715473,3705614.600789502,4022360.6158869467,4290427.578049199,52716170.81938684,YULARA_COMBINED,2018,complete_H144,144,power-active,24
1,19383.0,8993844.1335564,204102.00455226327,28870930.46773329,2717020.445387756,4689937.502691422,4471635.910949668,4825988.592847312,50122.6023251204,54057881.72389514,YULARA_COMBINED,2018,complete_H144,144,power-active,24
2,19497.0,11340227.761626497,364407.8518264014,30676805.826171804,3223470.254054231,3734383.560439613,4130147.254928566,4245125.841049743,210539.64653128484,56744892.607317686,YULARA_COMBINED,2018,complete_H144,144,power-active,24
3,19584.0,8289838.581629837,421862.89421981026,27992023.881355535,2492597.676030526,4511516.817487942,3509131.2675802875,3815085.6019199206,512035.05015018093,54905243.835280396,YULARA_COMBINED,2018,complete_H144,144,power-active,24
4,19527.0,10482644.759471886,2006953.0775423704,27156282.487559382,3726494.8287712387,6511882.906338703,6465344.467109425,6618313.207304351,2200692.464971005,53274174.27216328,YULARA_COMBINED,2018,complete_H144,144,power-active,24
5,19440.0,10733467.251613634,353968.6903024486,28280846.528635006,3164363.0761815044,4549668.506990642,4586180.902273662,4748043.882647162,1975019.7530279723,55366996.455286816,YULARA_COMBINED,2018,complete_H144,144,power-active,24
6,19440.0,7068066.912931974,106504.92745738443,26927704.041945558,2242135.7693713387,4055517.754253786,4278475.455129316,4604596.9179847585,50597.72432193482,53597639.791983455,YULARA_COMBINED,2018,complete_H144,144,power-active,24
7,19296.0,10298852.302348316,247695.0469062656,24473368.45900333,2062106.621809518,7124263.882088812,8182982.669149198,8699484.634145858,329529.01855743927,51459327.432503596,YULARA_COMBINED,2018,complete_H144,144,power-active,24
8,19240.0,8496566.303591298,352432.53078849206,25952994.114024777,2494309.5488173803,3719302.780144389,3861101.9705896154,4208441.773169369,278293.68084514386,51902465.01260526,YULARA_COMBINED,2018,complete_H144,144,power-active,24
9,19043.0,8669092.318219924,3278744.823103939,26158911.098622438,4743269.269825689,7251226.965990018,6948174.01905255,7612238.439102579,3370283.2962176534,50612737.42369456,YULARA_COMBINED,2018,complete_H144,144,power-active,24
10,18432.0,12622311.930275586,7295879.629540523,21625680.2719856,7029328.248289234,15115696.261148743,13077914.602377066,14440554.79082032,10702231.339217378,43254069.27582908,YULARA_COMBINED,2018,complete_H144,144,power-active,24
11,18541.0,9648775.417783715,2833502.5257365527,24078985.472975258,4981762.424322477,7304946.827213327,6809962.761162691,7386797.8196180565,5524437.34964603,48512735.22557112,YULARA_COMBINED,2018,complete_H144,144,power-active,24
12,19008.0,10082296.028360073,956682.9406825274,25110435.497156244,3043219.250474016,5931132.737751494,6387367.1282620095,6489455.915028723,1600284.9604660058,50184898.45183553,YULARA_COMBINED,2018,complete_H144,144,power-active,24
13,19008.0,8951147.264407877,372408.96944168676,27263455.97122746,3046300.124655037,2994520.0431338237,2803246.3752126624,2860321.431371723,461922.7796355497,53591024.09398778,YULARA_COMBINED,2018,complete_H144,144,power-active,24
14,19008.0,10422361.555765273,127111.0888477541,26803177.25259406,2441870.41857183,5964049.524471434,6559366.853828781,6603725.1083157975,10662.87306786882,53609883.73491748,YULARA_COMBINED,2018,complete_H144,144,power-active,24
15,19008.0,8622266.331136888,694086.7656494508,25197321.219744507,2566757.603171808,5528536.936916229,5101431.310271981,5426939.874398573,726790.2827962602,51322796.81214056,YULARA_COMBINED,2018,complete_H144,144,power-active,24
16,18864.0,9298025.262623975,1768399.6676890375,22660964.740287468,3160424.4281635536,7523877.534005245,7084773.837092983,7989878.493369843,2183585.602070366,45857835.93328957,YULARA_COMBINED,2018,complete_H144,144,power-active,24
17,18576.0,14755515.931874448,11856580.226954138,10590087.420443881,9710801.47218533,17028475.826647624,16613150.827179944,19048622.335857254,14997890.123324137,23667946.665486988,YULARA_COMBINED,2018,complete_H144,144,power-active,24
18,18720.0,13110473.024545975,4168093.7515710127,16953854.516570177,6842415.860185115,14163733.595215183,12975362.685391592,14477231.438707493,7762519.005533548,37385468.65710457,YULARA_COMBINED,2018,complete_H144,144,power-active,24
19,18467.0,9281870.650299812,6742172.339174947,15973358.989686355,6115190.66768242,10975432.391916841,10718067.013333676,11968352.279950678,11101093.990231205,35992483.991559654,YULARA_COMBINED,2018,complete_H144,144,power-active,24
20,18829.0,12168099.025119862,4930503.818056129,19823398.901745033,5907300.61127662,10683090.83459731,9613289.3615164,10688380.50167067,8543740.109788934,42899993.62921751,YULARA_COMBINED,2018,complete_H144,144,power-active,24
21,18920.0,7032811.455172627,1856555.6506262722,22123191.554978605,3897864.466416727,4529877.331245515,5477619.048807554,6042508.034317069,4584205.395181956,46686924.937938206,YULARA_COMBINED,2018,complete_H144,144,power-active,24
22,18699.0,6042635.016153288,495669.8177562322,22131384.952294677,2486040.887220645,4677234.876787891,4842673.574306924,5582660.784255864,379296.0738486661,46458133.072110124,YULARA_COMBINED,2018,complete_H144,144,power-active,24
23,18829.0,9719625.381722229,1554054.3655496654,21287195.357979417,2996140.3131334437,8671146.82357927,8098755.637430687,8677290.737295602,1983547.2254350225,45870498.14648987,YULARA_COMBINED,2018,complete_H144,144,power-active,24
24,18455.0,12791943.743120395,5504891.3735443475,20545362.12879877,6424380.373578544,12192517.486798506,12435374.644464439,13214685.032141494,6398348.805688235,43984784.79763031,YULARA_COMBINED,2018,complete_H144,144,power-active,24
25,17401.0,12299849.275173135,21223876.046649363,3553265.5598563794,16512497.995873474,23104032.392508116,22125231.874621384,24725902.070273552,29809421.74186934,5748563.917136563,YULARA_COMBINED,2018,complete_H144,144,power-active,24
26,19008.0,8455980.974861046,21628623.470622532,20423747.257589772,20497580.716183726,7114447.217977094,7367118.204298403,7560242.637232913,31633426.789724603,45320293.80485868,YULARA_COMBINED,2018,complete_H144,144,power-active,24
27,18665.0,9381326.724963253,3795382.288986242,20878146.432593055,4941102.268386097,8083908.883316886,7717343.299756385,8243669.707251486,5716623.37897981,44960118.439565234,YULARA_COMBINED,2018,complete_H144,144,power-active,24
28,18288.0,10378453.881128136,2123142.5661179037,21824711.610906832,4418447.474765166,7727983.844074167,8298882.607860624,8795900.62326303,4631810.374063262,47072002.83723775,YULARA_COMBINED,2018,complete_H144,144,power-active,24
29,18432.0,7718796.438927438,761068.0149089879,21662118.189781994,2734851.1032055775,5378681.340508563,5808657.246589774,6199762.887683102,2355008.9304970866,46646070.46006485,YULARA_COMBINED,2018,complete_H144,144,power-active,24
30,18576.0,6740483.855045657,221487.30370550178,20262938.74078606,1921371.3426403245,4129687.988510509,3697332.539218938,4098264.5644516335,443025.55489890726,44376379.82430914,YULARA_COMBINED,2018,complete_H144,144,power-active,24
31,18078.0,12507718.174734974,3572591.9954238655,17617101.288312037,4187437.389286666,6480759.162184299,6895469.562091879,8537212.903951045,3388315.0724696694,39797491.67990403,YULARA_COMBINED,2018,complete_H144,144,power-active,24
32,17868.0,10581613.570629302,14503960.564408796,4156601.6059613773,10869210.437465457,12798366.375817403,13723948.816647789,16341838.388068395,18757602.1582601,11095463.837383918,YULARA_COMBINED,2018,complete_H144,144,power-active,24
33,18288.0,8123300.701090135,16998723.7993419,22524107.231440227,17986302.382312156,4695423.886513645,4186176.4690773566,3912910.537845793,25678551.736997336,48718274.83229354,YULARA_COMBINED,2018,complete_H144,144,power-active,24
34,18288.0,4711119.101343231,1627131.7774591998,15987184.452862093,1876865.1473860217,2924273.822756766,2701664.5930812624,3124291.7295899126,1954462.592197348,39021568.91191664,YULARA_COMBINED,2018,complete_H144,144,power-active,24
35,18288.0,6828574.562871793,922344.7003730915,20703141.375184834,3384498.3473404613,3416924.923600584,3690310.45276544,4079599.0601918576,1728333.5575504387,46433440.94882618,YULARA_COMBINED,2018,complete_H144,144,power-active,24
36,18144.0,10838780.462848008,5828076.656137406,12926151.617212998,4539494.717616522,6605227.388987703,7206179.514857414,8064800.274860532,6400074.638339634,34448013.41982101,YULARA_COMBINED,2018,complete_H144,144,power-active,24
37,18144.0,5825096.833930071,1380427.4222011114,18267579.869900394,3739950.6072150543,3435021.9138892842,3056322.272772278,3303157.8489808897,5223844.834724712,41819538.44775952,YULARA_COMBINED,2018,complete_H144,144,power-active,24
38,18144.0,5429552.966763104,106317.15486058449,16436790.887495682,1435791.2779773257,3972074.815917104,4726690.099272811,5541214.760802525,62945.079701960756,39856818.46084232,YULARA_COMBINED,2018,complete_H144,144,power-active,24
39,18144.0,8653412.470957404,258692.26702803845,19844481.590531852,2409676.501783542,5441800.23631838,5293232.139278188,5670554.95205536,116272.8485807169,43377704.845954895,YULARA_COMBINED,2018,complete_H144,144,power-active,24
40,18144.0,6904275.284650887,198593.5367464522,20374155.94489051,2376056.4647606467,4084437.5012119533,4274158.149505807,4655302.316998851,53871.73637317852,45662522.54558026,YULARA_COMBINED,2018,complete_H144,144,power-active,24
41,18144.0,6109057.679463973,130889.16274039992,20352951.69914415,2213499.8892958052,2518772.729784287,2126655.8733707904,2358037.779128563,21472.50243375863,46127731.08522555,YULARA_COMBINED,2018,complete_H144,144,power-active,24
42,18144.0,7683069.480024226,143130.21356196134,20956851.780190393,2310142.4634111733,4241276.307672105,3882003.8128737775,3855079.7630428476,12353.715061115183,46858528.17894121,YULARA_COMBINED,2018,complete_H144,144,power-active,24
43,18144.0,6059825.020676168,106131.51951097835,19446443.79891108,1844490.4854820452,2876167.1015764885,2653745.929434919,2922078.4586063037,42155.54466536195,44697399.89318242,YULARA_COMBINED,2018,complete_H144,144,power-active,24
44,5755.0,2550772.6897988794,63065.347269290476,6266620.02852233,902523.8645918097,1467130.4195004045,1128915.0435485796,1193124.176552952,1568.1693359951096,18024959.70101879,YULARA_COMBINED,2018,complete_H144,144,power-active,24
45,4828.0,2720576.8126398637,64362.97031951145,4632944.669376003,750616.8099947069,2501713.884279681,2326859.101123859,2253538.417455098,1316.2513708063227,13210894.161790142,YULARA_COMBINED,2018,complete_H144,144,power-active,24
46,3906.0,608413.7415287497,75646.60828914639,2118883.105258761,478478.37094788667,244643.02369646778,220550.65703013094,285881.5692546214,78117.07008810001,5829541.524496929,YULARA_COMBINED,2018,complete_H144,144,power-active,24
47,17712.0,6900868.705970217,629236.6185540338,18713676.947974592,2538127.6787883723,3658089.6820440046,3335119.0485706055,3422393.242009874,502653.27847073565,43304546.89300784,YULARA_COMBINED,2018,complete_H144,144,power-active,24
48,18091.0,7784495.101028724,172914.56266360625,19341869.67001926,2181508.9842887884,4442345.505532849,4565053.582730781,4786214.1127308,496899.45851276035,44530468.72650239,YULARA_COMBINED,2018,complete_H144,144,power-active,24
49,18000.0,5867412.288679639,106881.6572576526,17945861.795112208,1779985.7903150492,3297232.5993562248,3095498.9925392545,3267768.371141356,50383.43879630532,42412318.16019499,YULARA_COMBINED,2018,complete_H144,144,power-active,24
50,18053.0,6949396.447405478,563679.6346679372,18299086.3815378,2400508.8212584076,4908021.910010957,5887866.416423704,6159779.218441546,446844.53642287804,41995533.9358575,YULARA_COMBINED,2018,complete_H144,144,power-active,24
51,17751.0,7987413.413212061,6343002.32584618,6595001.691021425,4717001.072038525,5531978.647129759,6610195.164278541,7623926.654428929,8119147.499788855,20478669.210570727,YULARA_COMBINED,2018,complete_H144,144,power-active,24
52,17661.0,6661294.801215538,4030325.112830649,16455957.275969796,6258561.217441317,4448962.898574539,4536532.688769185,4910522.11136038,6914922.151307522,39023097.1773616,YULARA_COMBINED,2018,complete_H144,144,power-active,24
53,17619.0,5058032.303645045,555791.6667167883,16430322.749052681,2244021.4553456195,2832532.1473120544,2388884.0932217236,2606219.837895959,1033536.2923513083,40433630.43186733,YULARA_COMBINED,2018,complete_H144,144,power-active,24
54,17856.0,5891744.065235011,532490.8763280029,15392074.745852822,1931276.900609914,3036325.3701784443,3058548.5596848573,3652042.215754488,517770.19571431965,38841357.168793194,YULARA_COMBINED,2018,complete_H144,144,power-active,24
55,17611.0,8747043.603022609,4551751.393363309,10545398.112662416,4517980.438513157,7590738.689374137,8890618.52151352,10504100.966987858,5260549.364483955,29013831.520499956,YULARA_COMBINED,2018,complete_H144,144,power-active,24
56,17381.0,8982903.42447811,6139514.669883501,11391809.261324238,5261921.3907762645,7727844.6122698225,8142810.52821609,9325388.199648488,9320143.158284517,28083304.57030614,YULARA_COMBINED,2018,complete_H144,144,power-active,24
57,17568.0,5965031.452244642,2555235.088381558,13389901.204870136,3478632.345821886,3198566.5357835367,3695134.2491154964,4738239.463576541,4484882.704452459,34768253.46194437,YULARA_COMBINED,2018,complete_H144,144,power-active,24
58,17712.0,5032791.521241323,183820.32068752957,15118057.739574585,1964517.6985568113,2870031.870350965,2765427.3754317933,3393839.6352361324,46694.577791577685,37408916.39964849,YULARA_COMBINED,2018,complete_H144,144,power-active,24
59,17661.0,6756334.070788783,848481.4553330954,16676122.189485386,2797977.4007745273,4769031.302024091,4972011.6318164645,5483675.869545759,696551.7741385294,39508403.782745615,YULARA_COMBINED,2018,complete_H144,144,power-active,24
60,17619.0,9176680.162153123,2254670.4217372015,15672381.367962226,3660539.1354708886,7393240.5570821725,7675365.87198944,8060217.571754978,2745159.9620721806,38803350.27502902,YULARA_COMBINED,2018,complete_H144,144,power-active,24
61,17712.0,6044905.43897277,771629.216835693,15982539.610829826,2419343.178868709,3437478.4910026356,3175172.0311912857,3154928.567324737,2489310.447685629,39855682.93015019,YULARA_COMBINED,2018,complete_H144,144,power-active,24
62,17568.0,6035407.690065596,113056.61838512345,15423472.14411825,1699914.0583870546,3027375.8182539325,3376593.659147485,3838035.0887632426,6171.206241456038,38931739.43555428,YULARA_COMBINED,2018,complete_H144,144,power-active,24
63,17568.0,6422115.061815461,124834.04178478353,15537584.98220247,1775874.18615559,3659481.266294707,3873389.575599746,3854243.600590556,5870.565096619506,38763751.867375545,YULARA_COMBINED,2018,complete_H144,144,power-active,24
64,17568.0,7492999.491508351,234717.09205357454,15560431.330541216,1879414.0627360893,2922666.0762638506,3022570.1767551545,3443425.390265074,98155.76735537831,38674603.24601943,YULARA_COMBINED,2018,complete_H144,144,power-active,24
65,17424.0,7531309.911163529,3234690.9306685375,12284987.37862049,3680044.226765661,4389460.860621502,4669548.115452377,5559124.157017457,3413688.002855714,32397156.362153098,YULARA_COMBINED,2018,complete_H144,144,power-active,24
66,5130.0,2977617.181326477,1694098.3613148718,2151746.3970291903,1408421.4828665087,3263558.2713950234,3899127.2725480944,4577634.035719354,2357428.7497937176,6664780.262066645,YULARA_COMBINED,2018,complete_H144,144,power-active,24
67,17183.0,9716367.479540642,5712849.6322936965,11164050.830685683,5835456.338602113,7983901.532978156,9210555.899364369,10348805.936444132,10178712.642456446,28363500.07082329,YULARA_COMBINED,2018,complete_H144,144,power-active,24
68,17089.0,11813544.33568633,5184588.768662038,5820007.653824117,5093921.322104805,7996199.9527269825,10398439.027996486,12027053.048563924,7279410.602941802,16287687.159984931,YULARA_COMBINED,2018,complete_H144,144,power-active,24
69,17230.0,13080429.535079198,2696408.156477476,4121800.3635169705,3023465.943820844,9697481.302022915,11644456.777067551,14037924.239515882,5564205.229975887,12921339.937012926,YULARA_COMBINED,2018,complete_H144,144,power-active,24
70,17330.0,13304481.005643934,4820371.45097606,10187631.845999496,5999505.543713781,9824884.134354841,11412252.747509262,12984574.844102725,6625722.492767229,27178453.605788153,YULARA_COMBINED,2018,complete_H144,144,power-active,24
71,17230.0,8459625.55812236,3030873.189436172,8739262.763305204,3828414.9397712313,9055623.425875422,10639299.574204626,12283428.011698646,6138489.715819569,24844184.27266575,YULARA_COMBINED,2018,complete_H144,144,power-active,24
72,17280.0,4994528.464448071,2360088.323699966,13813022.997194324,4349904.264579472,2131663.8853275236,2882354.5023654797,3747273.9173689447,5884664.804691236,36367687.81432243,YULARA_COMBINED,2018,complete_H144,144,power-active,24
73,17424.0,5830575.2915553395,162328.03268429716,14367520.130501406,1739663.730870463,3146786.942243915,3047947.677960861,3071477.460229705,9812.644974172823,37211419.7465825,YULARA_COMBINED,2018,complete_H144,144,power-active,24
74,17424.0,5134101.43451417,115578.87361870619,13346801.017213132,1517423.5198020423,1841716.5385905455,1763115.4204965173,2238293.2738816175,14934.834301148314,36188115.47143431,YULARA_COMBINED,2018,complete_H144,144,power-active,24
75,17424.0,5828120.435467699,137785.74441023247,13748788.45215253,1715707.9215404543,2468038.941703345,2570523.433936,3027856.5293666325,21100.511551141844,36811579.536562696,YULARA_COMBINED,2018,complete_H144,144,power-active,24
76,17424.0,5975742.613111148,1172038.9701079875,12295954.403658643,2013466.3503126581,3868068.9470659154,3891313.3679816737,4169348.556693738,1069071.800449684,33982800.68797868,YULARA_COMBINED,2018,complete_H144,144,power-active,24
77,17424.0,5399414.749442824,377008.6232218881,14864619.66292596,2345145.1565336064,3122723.400767864,3015651.5904929414,3219167.4169037123,1117312.5153565537,37904875.76438631,YULARA_COMBINED,2018,complete_H144,144,power-active,24
78,17525.0,6034614.293529414,282652.9579432319,15774933.665931132,2158036.166822069,3216038.8094035327,2941150.873427945,3096338.5599475433,149896.83221603392,39582187.27736427,YULARA_COMBINED,2018,complete_H144,144,power-active,24
79,17517.0,7874844.097475412,5195626.319334835,9782100.031310994,4251244.959652742,7762851.809047782,8129785.041832701,7974535.75954582,5601430.956953484,28455165.655650694,YULARA_COMBINED,2018,complete_H144,144,power-active,24
80,17518.0,6796913.670942365,1634447.6978634985,13376429.773280025,3429503.7761923647,5954186.258418689,6334948.1809599865,6048836.108548568,5219039.511886541,34809447.92439773,YULARA_COMBINED,2018,complete_H144,144,power-active,24
81,17327.0,5971318.269001633,443799.1613888438,13943364.10739787,2108985.9333275235,3016777.5889083114,3348641.8745655706,3980329.383035308,900120.8383559996,36398968.18349722,YULARA_COMBINED,2018,complete_H144,144,power-active,24
82,17233.0,7117836.947190935,1545949.0962922317,14631929.4585715,2879624.7386081065,5824751.171368587,5583087.494857003,5384382.278022075,1421196.3918731736,37152983.73500512,YULARA_COMBINED,2018,complete_H144,144,power-active,24
83,17424.0,7328020.009057427,395607.03480075765,14143412.860939527,2017324.033092506,5220022.417083107,5248428.000470264,5157158.475918074,1342665.7787003857,36950503.97546744,YULARA_COMBINED,2018,complete_H144,144,power-active,24
84,17424.0,6098654.906278224,127542.13724091974,14529709.88852371,1804951.0235656276,4351474.108221457,4788938.6265314035,4876347.117996165,103112.28288882601,37554747.4466359,YULARA_COMBINED,2018,complete_H144,144,power-active,24
85,17568.0,4865842.423038901,121623.07727133529,14037321.175424637,1649089.2354881354,3775602.15229094,3922044.214871322,3926902.0685458304,13058.880638967443,36924177.85544413,YULARA_COMBINED,2018,complete_H144,144,power-active,24
86,17568.0,6324989.017895358,156461.33130946977,15110541.132669833,1974017.5927656253,4924774.335926325,4986664.078788428,4692812.6656909,23533.569681302226,38251439.4701335,YULARA_COMBINED,2018,complete_H144,144,power-active,24
87,17568.0,5449268.558953326,335183.11423971935,13379819.497691538,1734378.1506987184,3619551.3442849936,3512551.775605972,3644690.3588628564,240096.86113306484,36347680.07010968,YULARA_COMBINED,2018,complete_H144,144,power-active,24
88,17568.0,7686696.137676499,190140.34475676104,13210189.856330387,1652011.3097914157,3202447.263013538,3253145.748278406,3816383.028321247,202830.02678039658,36224085.79901314,YULARA_COMBINED,2018,complete_H144,144,power-active,24
89,17568.0,7292268.326453448,131842.79864185237,12999523.212449426,1651149.5112849255,3744315.554407042,3819314.1634289306,3624084.055969687,17933.275405399134,35946512.11785164,YULARA_COMBINED,2018,complete_H144,144,power-active,24
90,17568.0,5538408.142021668,188891.69091163183,14625737.198772345,1959480.749387581,4031512.315262734,3989199.829465981,3824892.530371473,66551.80526765746,37509080.79992862,YULARA_COMBINED,2018,complete_H144,144,power-active,24
0,38967.0,16862654.25813044,1733369.1908111668,56061993.69632455,7117490.610251935,8379338.542862971,8177250.511739174,8848349.208734252,4340550.180374327,106774052.54328203,YULARA_COMBINED,2018,complete_H144,144,power-active,48
1,39081.0,19630066.34325634,786270.7460462124,58668829.70752735,5716067.930084761,8245900.377927554,7639278.522508859,8060211.442969665,722574.6966814654,111650136.44259816,YULARA_COMBINED,2018,complete_H144,144,power-active,48
2,38967.0,21216112.0110855,2360921.7678448185,55437129.01619434,6890857.904952739,11061551.413329352,11051525.369383095,11366357.089951504,4175712.2179989773,108641170.72745013,YULARA_COMBINED,2018,complete_H144,144,power-active,48
3,38736.0,17366919.215280287,354199.97436364944,51401072.50094894,4304242.391180853,11179781.636342602,12461458.124278508,13304081.55213061,380126.7428793743,105056967.22448707,YULARA_COMBINED,2018,complete_H144,144,power-active,48
4,38283.0,17165658.621811233,3631177.3538924316,52111905.21264716,7237578.818643075,10970529.746134413,10809275.989642156,11820680.21227195,3648576.977062793,102515202.43629977,YULARA_COMBINED,2018,complete_H144,144,power-active,48
5,36973.0,22271087.34805929,10129382.155277077,45704665.74496087,12011090.672611713,22420643.088362053,19887877.363539778,21827352.610438373,16226668.688863415,91766804.5014003,YULARA_COMBINED,2018,complete_H144,144,power-active,48
6,38016.0,19033443.292767964,1329091.9101242123,52373891.46838373,6089519.375129053,8925652.780885322,9190613.503474673,9349777.34640043,2062207.7401015535,103775922.54582337,YULARA_COMBINED,2018,complete_H144,144,power-active,48
7,38016.0,19044627.88690215,821197.8544972048,52000498.47233855,5008628.021743641,11492586.46138768,11660798.16410077,12030664.982714366,737453.155864129,104932680.547058,YULARA_COMBINED,2018,complete_H144,144,power-active,48
8,37440.0,24053541.19449843,13624979.894643174,33251052.16073135,12871225.900348887,24552353.360652853,23697924.664272923,27038500.829227105,17181475.725394506,69525782.59877658,YULARA_COMBINED,2018,complete_H144,144,power-active,48
9,37187.0,22392343.674845792,10910266.090745974,32927213.50625653,12957606.527867539,25139165.987132024,23693429.69872522,26445583.71865818,18863612.99576474,73377952.64866422,YULARA_COMBINED,2018,complete_H144,144,power-active,48
10,37749.0,19200910.480292495,6787059.468682401,41946590.456723645,9805165.077693352,15212968.165842824,15090908.41032395,16730888.535987731,13127945.504970895,89586918.56715582,YULARA_COMBINED,2018,complete_H144,144,power-active,48
11,37528.0,15762260.39787552,2049724.1833058975,43418580.31027408,5482181.200354094,13348381.700367156,12941429.2117376,14259951.521551471,2362843.2992836875,92328631.21859992,YULARA_COMBINED,2018,complete_H144,144,power-active,48
12,35856.0,25091793.018293522,26728767.420193713,24098627.688655157,22936878.369451985,35296549.879306674,34560606.51908582,37940587.10241499,36207770.54755765,49733348.71476687,YULARA_COMBINED,2018,complete_H144,144,power-active,48
13,37673.0,17837307.69982431,25424005.759608768,41301893.69018284,25438682.9845698,15198356.101293975,15084461.504054781,15803912.344484398,37350050.168704405,90280412.24442388,YULARA_COMBINED,2018,complete_H144,144,power-active,48
14,36720.0,18097250.320055574,2884210.581026892,43486829.80068882,7153298.577970749,13106665.184582744,14107539.854450403,14995663.51094613,6986819.304560345,93718073.29730257,YULARA_COMBINED,2018,complete_H144,144,power-active,48
15,36654.0,19248202.029780634,3794079.299129368,37880040.02909808,6108808.731927002,10610447.150694804,10592802.101310818,12635477.468402691,3831340.6273685778,84173871.50421311,YULARA_COMBINED,2018,complete_H144,144,power-active,48
16,36156.0,18704914.27171945,31502684.363750678,26680708.837401595,28855512.819777604,17493790.262331046,17910125.28572513,20254748.92591418,44436153.895257466,59813738.669677466,YULARA_COMBINED,2018,complete_H144,144,power-active,48
17,36576.0,11539693.664215019,2549476.4778322936,36690325.82804688,5261363.494726484,6341198.7463573525,6391975.045846699,7203890.789781771,3682796.1497477787,85455009.86074279,YULARA_COMBINED,2018,complete_H144,144,power-active,48
18,36288.0,16663877.29677807,7208504.078338514,31193731.487113383,8279445.32483158,10040249.302876988,10262501.787629679,11367958.123841403,11623919.47306434,76267551.86758052,YULARA_COMBINED,2018,complete_H144,144,power-active,48
19,36288.0,14082965.437720513,365009.4218886227,36281272.47802748,3845467.7797608674,9413875.052235471,10019922.238551002,11211769.71285788,179217.9282826775,83234523.30679736,YULARA_COMBINED,2018,complete_H144,144,power-active,48
20,36288.0,13013332.964114858,329482.6994868524,40727107.64403456,4589556.3540564515,6603210.2309962455,6400814.022876596,7013340.096127401,75344.2388069372,91790253.63080582,YULARA_COMBINED,2018,complete_H144,144,power-active,48
21,36288.0,13742894.500700377,249261.7330729396,40403295.57910154,4154632.9488932155,7117443.4092486,6535749.742308695,6777158.221649159,54509.25972647711,91555928.07212369,YULARA_COMBINED,2018,complete_H144,144,power-active,48
22,10583.0,5271349.502438738,127428.3175888019,10899564.697898334,1653140.6745865168,3968844.303780084,3455774.1446724394,3446662.59400805,2884.420706801432,31235853.862808935,YULARA_COMBINED,2018,complete_H144,144,power-active,48
23,21618.0,7509282.447498966,704883.2268431804,20832560.05323336,3016606.0497362576,3902732.705740472,3555669.705600736,3708274.811264496,580770.3485588357,49134088.417504765,YULARA_COMBINED,2018,complete_H144,144,power-active,48
24,36091.0,13651907.389708372,279796.2199212593,37287731.46513151,3961494.7746038414,7739578.104889077,7660552.57527004,8053982.483872165,547282.8973090657,86942786.88669735,YULARA_COMBINED,2018,complete_H144,144,power-active,48
25,35804.0,14936809.860617543,6906681.960514118,24894088.072559223,7117509.89329693,10440000.55714073,12498061.580702253,13783705.872870484,8565992.036211733,62474203.146428205,YULARA_COMBINED,2018,complete_H144,144,power-active,48
26,35280.0,11719327.10486058,4586116.779547429,32886280.025022477,8502582.67278694,7281495.045886602,6925416.781990901,7516741.949256336,7948458.443658825,79456727.60922906,YULARA_COMBINED,2018,complete_H144,144,power-active,48
27,35467.0,14638787.66825761,5084242.269691321,25937472.858515233,6449257.339123069,10627064.059552576,11949167.081198387,14156143.182742337,5778319.5601982735,67855188.68929315,YULARA_COMBINED,2018,complete_H144,144,power-active,48
28,34949.0,14947934.876722736,8694749.758265056,24781710.466194402,8740553.73659815,10926411.148053357,11837944.777331587,14063627.663225023,13805025.862736989,62851558.03225056,YULARA_COMBINED,2018,complete_H144,144,power-active,48
29,35373.0,11789125.592030102,1032301.7760206242,31794179.929059986,4762495.099331342,7639063.172375057,7737439.007248255,8877515.504781889,743246.3519301072,76917320.18239415,YULARA_COMBINED,2018,complete_H144,144,power-active,48
30,35331.0,15221585.6011259,3026299.638572893,31654920.97879203,6079882.314339599,10830719.048084818,10850537.90318072,11215146.139079712,5234470.409757806,78659033.20517921,YULARA_COMBINED,2018,complete_H144,144,power-active,48
31,35136.0,12457522.751881063,237890.66016990686,30961057.126320697,3475788.244542642,6686857.084548631,7249983.234747231,7692278.689353799,12041.77133807557,77695491.30292983,YULARA_COMBINED,2018,complete_H144,144,power-active,48
32,34992.0,15024309.402671874,3469408.022722113,27845418.709161684,5559458.2895017415,7312126.936885354,7692118.292207534,9002549.54728253,3511843.770211093,71071759.60817257,YULARA_COMBINED,2018,complete_H144,144,power-active,48
33,22313.0,12693984.660867123,7406947.99360857,13315797.227714878,7243877.821468622,11247459.8043732,13109683.17191246,14926439.972163478,12536141.392250154,35028280.33288994,YULARA_COMBINED,2018,complete_H144,144,power-active,48
34,34319.0,24893973.870765526,7880996.925139516,9941808.01734108,8117387.265925649,17693681.254749905,22042895.805064056,26064977.288079824,12843615.832917685,29209027.096997865,YULARA_COMBINED,2018,complete_H144,144,power-active,48
35,34560.0,21764106.563766263,7851244.640412232,18926894.609304715,9827920.483485008,18880507.560230248,22051552.321713865,25268002.85580138,12764212.208586797,52022637.87845394,YULARA_COMBINED,2018,complete_H144,144,power-active,48
36,34704.0,10825103.756003423,2522416.3563842652,28180543.127695713,6089567.995449933,5278450.827571439,5930302.180326338,6818751.377598644,5894477.4496654,73579107.56090498,YULARA_COMBINED,2018,complete_H144,144,power-active,48
37,34848.0,10962221.869981859,253364.61802893865,27095589.469365675,3233131.441342496,4309755.480293895,4333638.854432515,5266149.803248253,36035.345852290135,72999695.00799693,YULARA_COMBINED,2018,complete_H144,144,power-active,48
38,34848.0,11375157.362553978,1549047.5933298746,27160574.066584587,4358611.50684626,6990792.347833781,6906964.9584746165,7388515.97359745,2186384.3158062366,71887676.45236501,YULARA_COMBINED,2018,complete_H144,144,power-active,48
39,35042.0,13909458.391004825,5478279.277278065,25557033.69724215,6409281.126474813,10978890.618451321,11070935.915260646,11070874.319493353,5751327.7891695155,68037352.93301503,YULARA_COMBINED,2018,complete_H144,144,power-active,48
40,34845.0,12768231.939943993,2078246.8592523413,27319793.8806779,5538489.709519888,8970963.847327007,9683590.055525554,10029165.491583869,6119160.350242536,71208416.10789493,YULARA_COMBINED,2018,complete_H144,144,power-active,48
41,34657.0,14445856.956248365,1941556.1310929873,28775342.31951102,4896948.771700615,11044773.588451695,10831515.495327272,10541540.753940154,2763862.1705735554,74103487.71047257,YULARA_COMBINED,2018,complete_H144,144,power-active,48
42,34992.0,10964497.329317123,249165.21451225507,28567031.06394835,3454040.259053764,8127076.260512395,8710982.841402737,8803249.186541986,116171.16352779354,74478925.30208,YULARA_COMBINED,2018,complete_H144,144,power-active,48
43,35136.0,11774257.576848704,491644.44554918905,28490360.630361326,3708395.743464345,8544325.680211326,8499215.854394406,8337503.024553753,263630.4308143671,74599119.54024316,YULARA_COMBINED,2018,complete_H144,144,power-active,48
44,35136.0,14978964.464129955,321983.14339861326,26209713.068779815,3303160.821076339,6946762.8174205795,7072459.911707339,7440467.084290934,220763.30218579574,72170597.91686465,YULARA_COMBINED,2018,complete_H144,144,power-active,48
45,17568.0,5538408.142021668,188891.69091163183,14625737.198772345,1959480.749387581,4031512.315262734,3989199.829465981,3824892.530371473,66551.80526765746,37509080.79992862,YULARA_COMBINED,2018,complete_H144,144,power-active,48
0,58464.0,28202882.019756936,2097777.0426375684,86738799.52249631,10340960.864306163,12113722.103302578,12307397.766667748,13093475.049783994,4551089.82690561,163518945.15059957,YULARA_COMBINED,2018,complete_H144,144,power-active,72
1,58551.0,29505950.592715356,2782784.662064628,83429152.8975499,9383455.580983263,15573068.230817294,14560656.636963367,15181442.691871438,4687747.268149157,163546414.56273058,YULARA_COMBINED,2018,complete_H144,144,power-active,72
2,57976.0,25863485.51887159,706632.5051521419,77354066.61497372,6798551.939998234,14899084.416487,16322560.094868124,17512523.325299986,658420.4237245179,156959432.23709232,YULARA_COMBINED,2018,complete_H144,144,power-active,72
3,56016.0,30940179.66627922,13408126.97838102,71863576.8435833,16754359.942437412,29671870.054352056,26836051.382592335,29439591.049540933,19596951.985081024,142379541.92509487,YULARA_COMBINED,2018,complete_H144,144,power-active,72
4,57024.0,29455804.848533265,1456202.9989719666,79177068.72097768,8531389.793700887,14889702.305356745,15749980.35730344,15953502.454716217,2072870.6131694224,157385806.28074077,YULARA_COMBINED,2018,complete_H144,144,power-active,72
5,56448.0,32675807.525635302,14319066.660292627,58448373.380475834,15437983.503520701,30080890.29756911,28799355.9745449,32465440.70362568,17908266.008190766,120848579.41091712,YULARA_COMBINED,2018,complete_H144,144,power-active,72
6,56016.0,34560442.699965686,15840769.908802103,52750612.40800158,18864907.13914418,35822256.82172933,33306719.06024164,37133964.2203288,27407353.10555366,116277946.2778818,YULARA_COMBINED,2018,complete_H144,144,power-active,72
7,56448.0,22795071.853048135,3906279.8339321744,65541771.865252785,9380045.666770816,17878259.031612705,18419048.26054518,20302459.55586855,6947048.694465641,139015556.15653804,YULARA_COMBINED,2018,complete_H144,144,power-active,72
8,54864.0,33547773.993154563,48357390.89081621,44522374.946244895,43434459.08563573,42410997.09728379,41927724.72338429,45500829.73964786,67841197.33728223,95053642.51962556,YULARA_COMBINED,2018,complete_H144,144,power-active,72
9,55385.0,27478577.04501881,6679592.870013131,64364976.233281866,12094400.846356848,21190574.067899603,21824883.1542068,23239333.218197655,12703442.683540108,138678191.73686764,YULARA_COMBINED,2018,complete_H144,144,power-active,72
10,54522.0,29829815.600409944,18298039.863538172,42036641.63505943,16978019.169392463,23408813.5265122,24316750.917958576,28977315.856471065,22588942.785628673,95269335.3415969,YULARA_COMBINED,2018,complete_H144,144,power-active,72
11,54864.0,19662994.365305144,19548200.27717421,59214433.0594871,23247665.87703865,11036622.632871022,10578151.514924046,11116801.327627555,29361347.886745036,134173284.69303636,YULARA_COMBINED,2018,complete_H144,144,power-active,72
12,54432.0,22093430.26354118,7314821.233199096,47630522.37460903,9715236.602808915,14012324.118794095,14989191.886902483,16909172.884643916,11686864.552766316,116124370.32842289,YULARA_COMBINED,2018,complete_H144,144,power-active,72
13,54432.0,21666745.43507227,588174.9665148903,60571589.2345664,6999232.855840004,12045010.467314607,11694046.162154807,12683895.048182745,191617.0873876541,135167958.47676072,YULARA_COMBINED,2018,complete_H144,144,power-active,72
14,42043.0,16293667.190499261,312327.0803422302,46669915.607623875,5057156.813485024,8584573.828749008,7664664.785857271,7970282.3982021175,56077.42906247222,109580887.77314247,YULARA_COMBINED,2018,complete_H144,144,power-active,72
15,26446.0,10229859.260138828,769246.1971626917,25465504.722609375,3767222.859730964,6404446.590020159,5882528.806724588,5961813.228719594,582086.599929642,62344982.5792949,YULARA_COMBINED,2018,complete_H144,144,power-active,72
16,54144.0,20601303.837113854,843475.8545891972,55586817.84666929,6362003.59586224,12647600.014900042,13548418.991693726,14213761.702313693,994127.4337319429,128938320.82255492,YULARA_COMBINED,2018,complete_H144,144,power-active,72
17,53031.0,19706740.518072635,10929119.105393616,39481281.71604395,13219583.74482547,12813473.69301637,13535611.946269438,15140668.603685258,16067605.943447683,99935396.81979972,YULARA_COMBINED,2018,complete_H144,144,power-active,72
18,52848.0,23621691.0927357,11223756.939574819,37329282.11983945,11711178.729899332,18354908.67182239,20091977.609414455,23481531.382390816,15098462.718482811,95938493.25959937,YULARA_COMBINED,2018,complete_H144,144,power-active,72
19,52941.0,17754157.04427476,3587536.864402183,45184081.133930095,8241127.445153222,10837629.708158582,11432573.25636377,13615754.968358425,5228129.056382558,111685573.64433838,YULARA_COMBINED,2018,complete_H144,144,power-active,72
20,52899.0,21256993.29119148,3139356.256958017,47078393.122910306,7779796.372726651,13858094.866338745,14227131.562328212,15053181.227842951,5240641.615999251,117590772.64073342,YULARA_COMBINED,2018,complete_H144,144,power-active,72
21,52560.0,21446424.464487333,3594242.064506897,43383003.69136415,7335332.475657336,10971608.203180052,11565507.867807275,12856793.147873104,3517714.3353077127,109835511.47554807,YULARA_COMBINED,2018,complete_H144,144,power-active,72
22,39402.0,24507528.996553447,12591536.762270637,19135804.881538983,12337799.143573422,19243659.757100172,23508122.199908968,26953493.020727366,19815551.995191943,51315967.492874876,YULARA_COMBINED,2018,complete_H144,144,power-active,72
23,51790.0,34844536.09884551,10547652.796889706,23048694.972821694,12851386.427305857,28577988.862253174,33696009.09878142,39305927.09531722,18328417.438562684,64943977.81546692,YULARA_COMBINED,2018,complete_H144,144,power-active,72
24,52128.0,15959205.190517602,2637995.2300029737,41527344.1449088,7606991.5152519755,7120167.366161979,7693417.600822853,9057044.65148026,5909412.283966544,109767223.0323392,YULARA_COMBINED,2018,complete_H144,144,power-active,72
25,52272.0,17203277.7980217,1686833.3377401072,40909362.518737085,6074319.428386707,9458831.28953711,9477488.392410621,10416372.502964068,2207484.8273573783,108699255.98892781,YULARA_COMBINED,2018,complete_H144,144,power-active,72
26,52560.0,20706372.0619472,7112726.975141561,38933463.47052214,9838784.902667176,16933076.87687002,17405884.096220605,17119710.428041916,10970367.301056063,102846800.85741279,YULARA_COMBINED,2018,complete_H144,144,power-active,72
27,51984.0,20417175.22524999,2385355.2924818327,42718706.426908925,7005934.705028132,14061551.177359998,14180157.36989285,14521870.136975478,3663983.0089295604,110502455.89396968,YULARA_COMBINED,2018,complete_H144,144,power-active,72
28,52560.0,17289486.347212475,405626.54582172463,43677572.19661818,5428057.85181939,13051850.596438726,13697646.920191158,13496061.852232885,139704.73320909584,112730364.77221346,YULARA_COMBINED,2018,complete_H144,144,power-active,72
29,52704.0,20428233.023083296,657166.2576383322,39589532.56647139,5037538.971775054,10566314.161705561,10585011.687313318,11085157.443153773,460860.16331886186,108518277.98697446,YULARA_COMBINED,2018,complete_H144,144,power-active,72
30,17568.0,5538408.142021668,188891.69091163183,14625737.198772345,1959480.749387581,4031512.315262734,3989199.829465981,3824892.530371473,66551.80526765746,37509080.79992862,YULARA_COMBINED,2018,complete_H144,144,power-active,72
0,21888.0,2367302.0095106116,48312.327413670726,6324329.553988264,645103.0838042502,1284025.108702137,729952.0449378372,1144783.6302197895,101.9887332804274,39068869.45599427,YULARA_COMBINED,2018,complete_H144,144,low-power,24
1,22089.0,2636519.9910517563,48449.89129690031,6458628.034782738,561980.59653617,1820983.0498886213,1095941.044441676,1663263.715868168,206.98532602086362,40466699.850153655,YULARA_COMBINED,2018,complete_H144,144,low-power,24
2,21975.0,2226023.063411816,50567.42465549434,6583602.3673093775,518330.76116791734,1358502.6553279385,763926.6044568989,1245515.7594976106,20.8008068598841,42095612.289887086,YULARA_COMBINED,2018,complete_H144,144,low-power,24
3,21888.0,2296214.9428881397,40556.11462741298,6785606.966382919,492305.39697090036,1139014.6371742294,543176.177956472,834111.033684533,23.608458378519302,39836222.020452484,YULARA_COMBINED,2018,complete_H144,144,low-power,24
4,21945.0,7387176.321956151,391518.1772273079,6751123.338697788,495155.37894612947,1935781.3821921523,1272981.6852023052,1757022.134137223,20.827362958423553,38478203.73641321,YULARA_COMBINED,2018,complete_H144,144,low-power,24
5,22032.0,3519730.4874637374,105477.53034584715,6812025.702846075,563908.9615551626,1687502.2563923367,898949.4983566491,1240354.108929786,18.270908165725064,39596736.936707206,YULARA_COMBINED,2018,complete_H144,144,low-power,24
6,22032.0,2393587.276981186,39103.90801068934,6733634.972031344,517352.18210336677,1252934.960237761,663420.8242815097,1015319.3529390084,1.1627482705044911,38992782.48285593,YULARA_COMBINED,2018,complete_H144,144,low-power,24
7,22176.0,3208649.901294981,37041.860351731506,6970157.136021526,577960.9870001229,1676689.868677721,983403.2262327499,1433520.2116346897,21.306982984758257,35767273.56893637,YULARA_COMBINED,2018,complete_H144,144,low-power,24
8,22232.0,2747908.959353016,41779.56294440517,6779453.150122987,533326.8099621789,1321247.2814086112,692568.2817966891,1064554.984145486,12.027322988807569,38587724.15923597,YULARA_COMBINED,2018,complete_H144,144,low-power,24
9,22429.0,2357889.731001337,59494.771427560256,7089517.360333814,668254.4098004763,1285322.899095202,704228.4152329975,1070560.9423387486,266.127579215296,36815429.57776517,YULARA_COMBINED,2018,complete_H144,144,low-power,24
10,23040.0,7027702.467895343,160388.71077373542,8653842.389368678,1039241.2233284062,3681003.0950022317,2938462.6609687246,3668132.6463328023,1317.49904126479,32554860.003381506,YULARA_COMBINED,2018,complete_H144,144,low-power,24
11,22931.0,4354159.639320226,88797.53869656894,7873178.595563439,769473.3530485686,3146170.227462464,2318665.5211249166,3078859.2666679053,65.55862827502432,36452538.196400896,YULARA_COMBINED,2018,complete_H144,144,low-power,24
12,22464.0,4296071.487479266,35711.941282988846,7256202.922501807,568615.6545012562,2599710.8191169053,1846898.3280654764,2510288.0810594023,145.35626331273565,37283632.30110809,YULARA_COMBINED,2018,complete_H144,144,low-power,24
13,22464.0,2211233.0551647115,50588.583718107024,7474848.422582673,593452.5049506768,900979.3251219663,402170.9123484346,662505.8576461785,3.828090198615385,40174346.90360044,YULARA_COMBINED,2018,complete_H144,144,low-power,24
14,22464.0,2593612.3965695077,45730.38817609781,7554292.154486673,617352.783411561,1883239.6007369205,1154428.034627711,1509466.3527376852,6.996476417592517,40038826.34536252,YULARA_COMBINED,2018,complete_H144,144,low-power,24
15,22464.0,2765512.009493684,48179.69621708736,7667020.666956595,635884.7416325522,1829428.5673653274,1084153.3443094192,1447068.5160554785,36.996830662399205,37351985.931712106,YULARA_COMBINED,2018,complete_H144,144,low-power,24
16,22608.0,3075509.8263623836,50754.174763581315,7887509.258745711,644927.3519463079,2198841.981841725,1419315.6341199314,1884219.208270684,184.308290583171,35004846.396686636,YULARA_COMBINED,2018,complete_H144,144,low-power,24
17,22896.0,11980138.8069649,181310.3988544369,10410548.736428937,1438207.0874238177,3246800.695464965,2586786.761541762,3423255.082764818,228.78094366478047,15793723.499494852,YULARA_COMBINED,2018,complete_H144,144,low-power,24
18,22752.0,7973789.653597795,162356.55350934548,8810312.353340937,1219665.4528121636,3695000.678618811,2808605.5519767185,3698298.478786353,120.4213887268172,25879661.597368255,YULARA_COMBINED,2018,complete_H144,144,low-power,24
19,23005.0,6588831.006869059,95260.04266910964,8391750.837711774,918075.3801668342,2734989.9292765334,1928327.5351904852,2641974.13129623,482.79728752695956,26662464.700977568,YULARA_COMBINED,2018,complete_H144,144,low-power,24
20,22643.0,5733065.232687523,119200.05867631477,8152497.9808594575,977939.0213697882,3193937.4120983803,2263294.578300456,3018688.1515906155,608.4386496778261,29898701.712309938,YULARA_COMBINED,2018,complete_H144,144,low-power,24
21,22552.0,2271991.8368723537,34807.78378305147,7456334.245982401,615065.6231486723,1737555.162986545,1134783.337469718,1708800.3733717822,137.42545729505213,34570571.391409054,YULARA_COMBINED,2018,complete_H144,144,low-power,24
22,22773.0,2662475.3151101805,54539.28965472675,7804290.368180858,708005.8943571075,1219583.2746257398,720432.0677359005,1083854.243024198,642.1683116788217,35247605.589255884,YULARA_COMBINED,2018,complete_H144,144,low-power,24
23,22643.0,4046881.271219593,50181.28707981576,8098007.088898371,704632.5247654936,3846816.4955570134,2436247.829043734,3196650.5877692522,901.4053872769944,31881481.694847114,YULARA_COMBINED,2018,complete_H144,144,low-power,24
24,23017.0,6293051.378093249,89364.38173512135,8529874.814642608,885646.0905412928,2957829.2905454007,2111677.6049269107,2749661.751270885,1153.8505670518318,29398582.141001076,YULARA_COMBINED,2018,complete_H144,144,low-power,24
25,24071.0,23097339.541293036,352647.27145990776,14276580.779505549,2919239.56568502,4678106.195641184,3635693.28627849,4536074.469175928,11971.829572836565,2544156.861193934,YULARA_COMBINED,2018,complete_H144,144,low-power,24
26,22464.0,3836389.056278536,197432.21941271803,8233966.37040496,1446265.0961372373,1851575.6477234364,1884915.660004444,2295754.392081056,5.552415205039257,31758504.499331985,YULARA_COMBINED,2018,complete_H144,144,low-power,24
27,22807.0,4464203.898728347,101227.87852913687,8444356.342292313,818067.8709815528,2249712.5942785274,1420345.471624817,1867713.5495406655,473.64141173758225,32407670.103274483,YULARA_COMBINED,2018,complete_H144,144,low-power,24
28,23184.0,4750669.583364322,81746.52971536046,9008806.73384291,871386.8590882136,2668430.318304605,1975916.3236835343,2580051.0113989655,217.00852464077823,32675035.65357428,YULARA_COMBINED,2018,complete_H144,144,low-power,24
29,23040.0,2954242.7767866566,46054.670349045395,8711403.68579816,660513.5891510614,2121525.010722972,1630806.417447538,2043365.6550639537,17.535292523925342,35376662.91049507,YULARA_COMBINED,2018,complete_H144,144,low-power,24
30,22896.0,2878448.881171675,40756.15055828064,8569700.375755752,719584.5080596997,1543110.730754851,1074834.898524857,1367717.038893175,3.316919142784799,33872103.597382225,YULARA_COMBINED,2018,complete_H144,144,low-power,24
31,23394.0,5495745.47797928,107356.94978754397,9182966.116907,948085.810173844,890932.1950916918,818194.2448671992,1123148.1159495788,5116.421072217784,29912811.411133792,YULARA_COMBINED,2018,complete_H144,144,low-power,24
32,23604.0,14525491.963346744,276984.966421551,13486267.64385298,2147292.790559457,2836644.6569871977,2036582.7802656714,2652751.0136791803,8608.264951629031,7078978.866783872,YULARA_COMBINED,2018,complete_H144,144,low-power,24
33,23184.0,3411086.1867876793,120260.4538078581,9476640.382249571,1157033.112197029,1822967.6820191385,1714581.137835892,1843492.3943257027,180.854527661494,37292776.37561891,YULARA_COMBINED,2018,complete_H144,144,low-power,24
34,23184.0,2940986.0156903667,56172.73034337282,9852437.291125327,860214.5166691922,945803.398038084,725512.6010652093,874275.3338770496,8.951422834791112,30532434.05489148,YULARA_COMBINED,2018,complete_H144,144,low-power,24
35,23184.0,2503659.7072602324,48897.07364128674,9354768.322767135,854754.0521110535,1323072.497648591,1063955.8876636936,1243860.1202849813,1.6272935090330516,35392971.42264157,YULARA_COMBINED,2018,complete_H144,144,low-power,24
36,23328.0,7759913.140825018,74305.94415186303,9928473.689772533,1007123.6315291483,1255797.029047077,1101036.7848801212,1293061.9896376652,27.832093288713974,24912841.466153875,YULARA_COMBINED,2018,complete_H144,144,low-power,24
37,23328.0,3336401.873166632,77900.41740015683,9221328.899127426,1010260.6621252424,1247589.988803206,972163.0572388119,1213544.2267944412,11.2362637384654,32142842.19345892,YULARA_COMBINED,2018,complete_H144,144,low-power,24
38,23328.0,3103359.8773824284,49777.768195704346,9125617.519482924,858206.0945461419,1205895.0199211184,914852.7895298909,1215407.5888181403,4.966114891461681,30698635.72797262,YULARA_COMBINED,2018,complete_H144,144,low-power,24
39,23328.0,4164876.504444184,62926.594805716784,9369912.670738155,861626.823341514,2950690.1770014223,2081164.7752919423,2597254.162000308,1.8699558000346854,33594802.648982376,YULARA_COMBINED,2018,complete_H144,144,low-power,24
40,23328.0,2898580.324697246,54819.721997708984,9847195.346495908,823950.1431270068,1463489.870464915,1100243.995819161,1355388.4637400103,3.4151321037226015,34951708.54686058,YULARA_COMBINED,2018,complete_H144,144,low-power,24
41,23328.0,2476022.157842132,55261.96768609572,10012173.518568834,820711.3208913133,948414.9716995979,671015.2113525359,826690.4253068296,8.243030415312603,35247018.66502751,YULARA_COMBINED,2018,complete_H144,144,low-power,24
42,23328.0,3034882.923571029,50156.08341965002,9944008.361573031,819009.7157496348,1496263.3517680396,1171804.4727200824,1272660.0385757098,1.9481922439007142,35910027.75899952,YULARA_COMBINED,2018,complete_H144,144,low-power,24
43,23328.0,2548604.6627332433,55590.74091393578,9784573.312631207,830984.2327698773,1217849.1102012063,958367.8835884474,1079896.804483085,9.622453205623037,34197013.69430691,YULARA_COMBINED,2018,complete_H144,144,low-power,24
44,14837.0,2224469.148922321,49099.01322895895,6617328.398359715,532276.2960750894,913982.0093566861,713689.9364625127,788970.5206976539,1.376948224383933,1257600.1447260245,YULARA_COMBINED,2018,complete_H144,144,low-power,24
45,15753.0,3290536.433279528,222776.71894864805,6779645.436693578,652967.8620353363,1778426.336802882,1704673.9048846173,1769619.5657383264,179628.4583466507,4522172.619493107,YULARA_COMBINED,2018,complete_H144,144,low-power,24
46,16650.0,1605416.2990516473,50122.75825329264,6159321.012651531,522284.10987455025,209660.3089519319,336286.5716946062,388709.6147032283,0.7420208828169613,23556626.839540195,YULARA_COMBINED,2018,complete_H144,144,low-power,24
47,23616.0,3574037.7590445797,128516.4370898164,10441580.46696652,964475.3145682298,1404293.9765330371,1065121.4533113756,1220045.6625647906,216.19637928779636,33941775.98078114,YULARA_COMBINED,2018,complete_H144,144,low-power,24
48,23381.0,3396862.299548404,48855.900857491964,10190386.204321552,840327.6001740219,1804975.314320598,1667564.2371175454,1781362.7961087744,78.52237079905248,33634275.36196326,YULARA_COMBINED,2018,complete_H144,144,low-power,24
49,23472.0,3468873.594597268,52210.68603544728,10282689.994781122,888953.3016519793,1537480.2005747403,1289848.2471805057,1422072.957359974,66.03222105541586,32012508.14543023,YULARA_COMBINED,2018,complete_H144,144,low-power,24
50,23419.0,8027219.0534882415,431536.08870442887,10280527.951897332,866689.3070293071,2115232.0195026635,2250259.970111261,2392671.41206846,11.138361921417294,32235080.995119937,YULARA_COMBINED,2018,complete_H144,144,low-power,24
51,23721.0,9941076.292998467,167598.21040848547,12517167.139439117,1494294.9379317071,1911498.5037286014,1745944.5445920078,1964999.1003730353,484.2422356711084,14674975.918498697,YULARA_COMBINED,2018,complete_H144,144,low-power,24
52,23811.0,3760618.474941161,105949.75945999824,10971836.171474416,1182395.0130662685,1966660.13168409,2012841.9305757142,2301429.2225993006,458.00781357406356,30127652.66062029,YULARA_COMBINED,2018,complete_H144,144,low-power,24
53,23853.0,3102505.718739819,55739.86747201935,10821998.566336796,949504.6110344948,1648695.2029450985,1259233.5205103045,1418831.6891160829,43.45200705460434,31052346.764578715,YULARA_COMBINED,2018,complete_H144,144,low-power,24
54,23616.0,3526331.221649461,58646.022786146554,10319736.08861601,968087.7670245988,1523762.8131370386,1259771.0672729688,1439275.6213234777,48.95801464533746,28682081.12859402,YULARA_COMBINED,2018,complete_H144,144,low-power,24
55,23861.0,8475969.192388516,131071.78029444278,11219145.721123418,1414593.411179443,2544299.288021517,2411601.725410829,2877271.630592019,328.78022720747185,18158112.440815695,YULARA_COMBINED,2018,complete_H144,144,low-power,24
56,24091.0,8209383.0209368495,230884.4961955884,11294749.752995715,1674784.730527831,3542644.167102431,3332230.023539246,4100535.4198875544,534.5083678429405,22410167.454471502,YULARA_COMBINED,2018,complete_H144,144,low-power,24
57,23904.0,3556619.760443115,68695.72767399333,10239262.380667977,1154808.9478232642,1518683.9996652503,1324816.1804507226,1670021.4292999462,64.33425075171043,27200450.02170186,YULARA_COMBINED,2018,complete_H144,144,low-power,24
58,23760.0,3913483.454237434,67540.09970608834,10626777.415711308,1055235.2468381256,1338573.2725333623,911928.8257321402,1209880.5189036294,2.6017919212085583,28477161.512949742,YULARA_COMBINED,2018,complete_H144,144,low-power,24
59,23811.0,4588245.086677973,65514.7012007042,10842952.463486053,1038727.7320520324,2100033.7330638035,1861560.3743083063,2128378.652050434,50.41930115957761,29618216.94009512,YULARA_COMBINED,2018,complete_H144,144,low-power,24
60,23853.0,5909179.924877377,105261.49531938373,11569342.158517867,1098784.8904840122,2584906.703112021,2503341.08806925,2660982.352691115,105.78416212215821,26420439.908873834,YULARA_COMBINED,2018,complete_H144,144,low-power,24
61,23760.0,3418841.71636408,67559.97688297393,10909734.533851828,902193.5456767313,1848888.9937035756,1427489.5941180976,1520626.3920859313,50.85426577667454,30531797.008028377,YULARA_COMBINED,2018,complete_H144,144,low-power,24
62,23904.0,3346198.9192058514,55864.55405676499,10956055.01993005,1019153.7968102071,1651494.0383631266,1361570.60333267,1524070.2451529477,3.6688936737681375,30405653.179200307,YULARA_COMBINED,2018,complete_H144,144,low-power,24
63,23904.0,3569836.107618207,60021.70303580209,11011576.119111935,1034297.4227623743,2001298.0383901177,1725595.8879785952,1748097.4259537458,1.9680898130592293,30348235.874479584,YULARA_COMBINED,2018,complete_H144,144,low-power,24
64,23904.0,3532219.1619561007,67561.94527635873,11017197.625166327,1036028.5385719482,1455850.2740106264,1244336.016745267,1384822.1809337619,5.789292535794812,30715270.509691134,YULARA_COMBINED,2018,complete_H144,144,low-power,24
65,24048.0,5048866.60824984,107184.1770806239,11947879.478819268,1299458.7919118628,1080914.5299612142,816756.928979872,1050407.9913599556,579.8597164482544,23200080.152953323,YULARA_COMBINED,2018,complete_H144,144,low-power,24
66,15462.0,9846440.882293692,145808.73680694305,8405419.446822762,1185618.829803184,2116328.006147287,2352962.489526406,2433179.484782965,36.01671026491084,223021.87228282407,YULARA_COMBINED,2018,complete_H144,144,low-power,24
67,24145.0,8361076.253410227,211930.13285036394,11522572.762165617,1663703.624181143,2625895.238434521,3122669.028835504,3611581.266154424,488.8253151464207,20969668.058411956,YULARA_COMBINED,2018,complete_H144,144,low-power,24
68,24383.0,13249719.804796465,227653.08012661664,12979629.277093945,2141342.2884046747,2673960.527961839,2635918.5647844896,3051229.3520555673,532.8816937572232,11442708.40718682,YULARA_COMBINED,2018,complete_H144,144,low-power,24
69,24242.0,14714869.351082,257719.3926712694,12851578.836728431,2346845.2454616027,2261286.394588207,2138870.0478511774,2804430.556499879,28.919262958600378,8674889.411496796,YULARA_COMBINED,2018,complete_H144,144,low-power,24
70,24142.0,9635334.013898958,208753.3219589259,10904464.239222148,1853511.1207435667,3966676.4874410434,3707768.7910612375,4480703.313622807,60.209698804634705,19352649.350341283,YULARA_COMBINED,2018,complete_H144,144,low-power,24
71,24242.0,8599393.235842112,154558.17499621297,12149732.616866017,1744176.7894085532,3084498.731669259,2569976.44557727,3237757.960101262,54.0130742146202,16178756.862654917,YULARA_COMBINED,2018,complete_H144,144,low-power,24
72,24192.0,2530178.0762608266,80307.02345535684,11327374.532221258,1171639.7505077908,942479.973475786,703105.5033473182,1011237.5791533595,148.77030369335685,28264433.518029932,YULARA_COMBINED,2018,complete_H144,144,low-power,24
73,24048.0,4085661.732053159,392231.7480575772,11484747.39690321,1090467.6027747863,1780985.9293192455,1552094.525547196,1638769.8875947478,0.9727103680883123,28589352.463137448,YULARA_COMBINED,2018,complete_H144,144,low-power,24
74,24048.0,3152864.7807549755,63253.30487300493,11618443.907778703,1113850.7475343228,1249609.3176322903,922865.338591011,1154582.8366107242,1.2107507184535289,27770001.51115691,YULARA_COMBINED,2018,complete_H144,144,low-power,24
75,24048.0,3188323.7504094047,58549.856451954314,11549414.486300195,1108362.5431735425,1553530.3353262008,1268566.570231561,1391927.0460472375,3.9678780093606156,28306332.688420985,YULARA_COMBINED,2018,complete_H144,144,low-power,24
76,24048.0,4902318.685555895,57834.94413986083,11655470.767875941,1148458.902601368,2103309.40722012,1594347.7665431702,1705916.7129369434,0.3280841711547525,26238474.126494,YULARA_COMBINED,2018,complete_H144,144,low-power,24
77,24048.0,3365488.1862602583,66088.87796706888,11583470.516337167,1144001.3228520586,2005218.691438028,1655658.269331724,1768918.8928052275,1.0869617536212572,29082456.4058101,YULARA_COMBINED,2018,complete_H144,144,low-power,24
78,23947.0,3207375.769764228,59499.49928497067,11688662.55933171,1039842.0736120555,1988732.756008135,1591903.5715896015,1725231.1522657769,20.83910219691583,30709950.923648704,YULARA_COMBINED,2018,complete_H144,144,low-power,24
79,23955.0,8236955.494588079,93063.08617682735,12319282.292564824,1274060.6437141793,3070590.2128675985,2561841.552066268,2506043.1338413362,76.64043796429432,21366911.13741525,YULARA_COMBINED,2018,complete_H144,144,low-power,24
80,23954.0,6169819.812199813,99499.28438333617,11801779.510512508,1364759.930717065,2654475.825253885,3141047.317563019,3149785.5675526243,49.185042082140974,25250282.03239388,YULARA_COMBINED,2018,complete_H144,144,low-power,24
81,24145.0,3533322.383640796,72186.53330855566,11736100.267536197,1105625.4155804003,2080718.7103237319,1688382.7429626863,1849002.3892866545,211.61584547802534,28375157.436571173,YULARA_COMBINED,2018,complete_H144,144,low-power,24
82,24239.0,4938686.989034178,111478.85994285055,12160349.543427601,1215540.8937056428,2808544.8846228127,2457730.337369098,2346687.58709033,344.87335990379137,27802650.243006404,YULARA_COMBINED,2018,complete_H144,144,low-power,24
83,24048.0,4961732.255056403,50240.14407233169,11800733.584185807,1056447.0576227598,3331515.4452814474,2936083.7985814796,2879233.2699588467,80.69959584336227,28258171.910027504,YULARA_COMBINED,2018,complete_H144,144,low-power,24
84,24048.0,4141212.2820953913,57141.98504592179,11680725.869066846,1086096.1988557,3356176.5235385583,3060328.82967332,3003820.496419616,0.5174018618795961,29076043.53295739,YULARA_COMBINED,2018,complete_H144,144,low-power,24
85,23904.0,3799111.2341426173,60631.397315574235,11618670.385816332,1070317.5600487273,2992621.6134417304,2566098.82017289,2401881.158204142,1.4514191744192562,27943003.967319276,YULARA_COMBINED,2018,complete_H144,144,low-power,24
86,23904.0,4209154.334147007,60427.0705022797,11588517.348284306,1059486.7025217162,3595715.5878705354,3157472.580522971,3019026.1294748406,0.2295533568724762,29105677.50686063,YULARA_COMBINED,2018,complete_H144,144,low-power,24
87,23904.0,3732945.958256309,63934.95838292926,11903209.510959184,1113686.1817370702,2667573.090704097,2225382.4210543255,2213558.1555550187,1.3920145491359621,26206747.731078994,YULARA_COMBINED,2018,complete_H144,144,low-power,24
88,23904.0,4168935.189632842,67132.96132649294,11504214.22522278,1053226.6464466325,2241677.5068518957,1941621.6778422738,2074394.2652732718,0.7059868194050396,27688785.32764358,YULARA_COMBINED,2018,complete_H144,144,low-power,24
89,23904.0,4899670.10466958,68136.36889971927,11439191.693007283,1124025.81588695,1846798.069998507,1575232.673608472,1747185.6338753055,1.1345410907012157,27395350.901829436,YULARA_COMBINED,2018,complete_H144,144,low-power,24
90,23904.0,3749254.538951793,61705.54806295419,11513699.921217276,1075475.5334575712,2297245.5933185318,1858757.7495646381,1850443.7042536552,0.2627171202798103,28646694.408509858,YULARA_COMBINED,2018,complete_H144,144,low-power,24
0,43977.0,5003822.00056237,96762.21871057102,12782957.588770997,1207083.6803404205,3105008.1585907596,1825893.0893795118,2808047.3460879577,308.9740593012908,79535569.30614805,YULARA_COMBINED,2018,complete_H144,144,low-power,48
1,43863.0,4522238.006299958,91123.53928290731,13369209.333692282,1010636.1581388174,2497517.2925021676,1307102.7824133728,2079626.7931821425,44.40926523840341,81931834.31033958,YULARA_COMBINED,2018,complete_H144,144,low-power,48
2,43977.0,10906906.809419887,496995.707573156,13563149.041543847,1059064.3405012921,3623283.6385844867,2171931.183558957,2997376.24306701,39.09827112414861,78074940.67312045,YULARA_COMBINED,2018,complete_H144,144,low-power,48
3,44208.0,5602237.178276165,76145.76836242089,13703792.10805288,1095313.1691034902,2929624.828915482,1646824.0505142612,2448839.564573699,22.46973125526274,74760056.05179231,YULARA_COMBINED,2018,complete_H144,144,low-power,48
4,44661.0,5105798.690354349,101274.33437196538,13868970.5104568,1201581.2197626552,2606570.180503812,1396796.6970296872,2135115.9264842332,278.1549022041037,75403153.73700115,YULARA_COMBINED,2018,complete_H144,144,low-power,48
5,45971.0,11381862.10721556,249186.24947030444,16527020.984932117,1808714.5763769732,6827173.322464695,5257128.182093642,6746991.9130007075,1383.0576695398163,69007398.19978243,YULARA_COMBINED,2018,complete_H144,144,low-power,48
6,44928.0,6507304.542643974,86300.52500109588,14731051.345084481,1162068.159451933,3500690.144238872,2249069.240413915,3172793.9387055784,149.18435351135088,77457979.20470859,YULARA_COMBINED,2018,complete_H144,144,low-power,48
7,44928.0,5359124.406063191,93910.08439318519,15221312.821443267,1253237.5250441132,3712668.1681022476,2238581.3789371294,2956534.8687931676,43.993307079991695,77390812.27707449,YULARA_COMBINED,2018,complete_H144,144,low-power,48
8,45504.0,15055648.633327287,232064.57361801816,18298057.995174635,2083134.4393701255,5445642.677306687,4006102.3956616935,5307474.291035499,413.0892342479516,50798569.89618145,YULARA_COMBINED,2018,complete_H144,144,low-power,48
9,45757.0,14562620.660466854,257616.59617845505,17202063.19105273,2137740.8329789974,6429990.607895338,4736933.087167199,6340272.610082586,603.2186762537772,52542126.298345864,YULARA_COMBINED,2018,complete_H144,144,low-power,48
10,45195.0,8005057.069559874,154007.84245936628,15608832.22684186,1593004.6445184597,4931492.575084915,3398077.9157701656,4727488.5249623945,745.8641069728784,64469273.10371903,YULARA_COMBINED,2018,complete_H144,144,low-power,48
11,45416.0,6709356.586329773,104720.57673454263,15902297.457079222,1412638.4191226,5066399.770182754,3156679.8967796345,4280504.8307934515,1543.5736989558156,67129087.28410284,YULARA_COMBINED,2018,complete_H144,144,low-power,48
12,47088.0,29390390.91938628,442011.6531950293,22806455.59414814,3804885.656226313,7635935.486186588,5747370.891205399,7285736.220446815,13125.680139888393,31942739.00219501,YULARA_COMBINED,2018,complete_H144,144,low-power,48
13,45271.0,8300592.955006885,298660.0979418546,16678322.71269729,2264332.96711879,4101288.2420019647,3305261.131629261,4163467.9416217166,479.19382694262146,64166174.602606505,YULARA_COMBINED,2018,complete_H144,144,low-power,48
14,46224.0,7704912.360150976,127801.20006440581,17720210.41964107,1531900.4482392764,4789955.329027572,3606722.741131075,4623416.666462915,234.5438171647035,68051698.56406935,YULARA_COMBINED,2018,complete_H144,144,low-power,48
15,46290.0,8374194.359150955,148113.10034582482,17752666.492662754,1667670.3182335435,2434042.9258465413,1893029.1433920574,2490865.154842754,5119.737991360569,63784915.00851605,YULARA_COMBINED,2018,complete_H144,144,low-power,48
16,46788.0,17936578.150134455,397245.42022940895,22962908.026102524,3304325.9027564838,4659612.339006338,3751163.9181015673,4496243.408004898,8789.11947929052,44371755.24240277,YULARA_COMBINED,2018,complete_H144,144,low-power,48
17,46368.0,5444645.722950606,105069.80398465983,19207205.613892462,1714968.568780245,2268875.895686674,1789468.4887289035,2118135.4541620295,10.578716343824182,65925405.47753308,YULARA_COMBINED,2018,complete_H144,144,low-power,48
18,46656.0,11096315.013991661,152206.3615520197,19149802.588899944,2017384.293654392,2503387.01785028,2073199.8421189345,2506606.216432107,39.06835702717936,57055683.65961281,YULARA_COMBINED,2018,complete_H144,144,low-power,48
19,46656.0,7268236.381826613,112704.36300142115,18495530.19022107,1719832.9178876572,4156585.1969225407,2996017.564821839,3812661.750818447,6.836070691496364,64293438.37695502,YULARA_COMBINED,2018,complete_H144,144,low-power,48
20,46656.0,5374602.482539375,110081.68968380475,19859368.86506475,1644661.464018321,2411904.842164514,1771259.2071716983,2182078.88904684,11.658162519035209,70198727.21188809,YULARA_COMBINED,2018,complete_H144,144,low-power,48
21,46656.0,5583487.586304275,105746.82433358577,19728581.674204234,1649993.948519511,2714112.461969245,2130172.356308531,2352556.843058799,11.570645449523754,70107041.45330653,YULARA_COMBINED,2018,complete_H144,144,low-power,48
22,30590.0,5515005.582201846,271875.732177607,13396973.8350533,1185244.1581104258,2692408.346159569,2418363.841347127,2558590.086435979,179629.83529487508,5779772.764219132,YULARA_COMBINED,2018,complete_H144,144,low-power,48
23,40266.0,5179454.05809623,178639.1953431092,16600901.479618052,1486759.4244427802,1613954.2854849692,1401408.0250059823,1608755.2772680179,216.9384001706133,57498402.82032134,YULARA_COMBINED,2018,complete_H144,144,low-power,48
24,46853.0,6865735.894145673,101066.58689293922,20473076.19910269,1729280.9018260012,3342455.514895339,2957412.48429805,3203435.753468746,144.55459185446853,65646783.5073935,YULARA_COMBINED,2018,complete_H144,144,low-power,48
25,47140.0,17968295.34648669,599134.2991129142,22797695.09133644,2360984.244961013,4026730.5232312656,3996204.514703272,4357670.512441495,495.3805975925257,46910056.913618594,YULARA_COMBINED,2018,complete_H144,144,low-power,48
26,47664.0,6863124.193680976,161689.62693201748,21793834.7378112,2131899.624100764,3615355.334629186,3272075.4510860154,3720260.911715382,501.4598206286682,61179999.42519896,YULARA_COMBINED,2018,complete_H144,144,low-power,48
27,47477.0,12002300.414037984,189717.80308058936,21538881.80973942,2382681.1782040396,4068062.101158557,3671372.7926837914,4316547.251915496,377.7382418528093,46840193.56940972,YULARA_COMBINED,2018,complete_H144,144,low-power,48
28,47995.0,11766002.781379957,299580.2238695817,21534012.13366367,2829593.6783510977,5061328.166767683,4657046.2039899705,5770556.849187501,598.8426185946507,49610617.47617336,YULARA_COMBINED,2018,complete_H144,144,low-power,48
29,47571.0,8501728.540915402,133054.80090679252,21469729.87919735,2093962.97889016,3438607.005597168,2773489.2000404433,3338259.170954063,53.02109308078616,58095378.45304493,YULARA_COMBINED,2018,complete_H144,144,low-power,48
30,47613.0,9328021.641241452,172821.47220235772,22479076.692369692,2000978.4361607444,4433795.696815595,3930830.6821873463,4181608.744777048,156.63842789883273,56952236.91690222,YULARA_COMBINED,2018,complete_H144,144,low-power,48
31,47808.0,6916035.026824054,115886.25709256696,21967631.13904198,2053451.2195725827,3652792.07675324,3087166.4913112703,3272167.671106695,5.636983486827373,60753889.05367986,YULARA_COMBINED,2018,complete_H144,144,low-power,48
32,47952.0,8581085.770205947,174746.1223569827,22965077.103985596,2335487.3304838114,2536764.803971838,2061092.9457251416,2435230.172293719,585.6490089840493,53915350.662644476,YULARA_COMBINED,2018,complete_H144,144,low-power,48
33,39607.0,18207517.135703914,357738.86965730676,19927992.208988387,2849322.45398433,4742223.2445818065,5475631.518361909,6044760.75093739,524.8420254113315,21192689.93069478,YULARA_COMBINED,2018,complete_H144,144,low-power,48
34,48625.0,27964589.155878473,485372.47279788577,25831208.11382238,4488187.533866279,4935246.92255005,4774788.61263567,5855659.908555448,561.8009567158235,20117597.81868361,YULARA_COMBINED,2018,complete_H144,144,low-power,48
35,48384.0,18234727.249741096,363311.49695513904,23054196.856088184,3597687.9101521224,7051175.2191103045,6277745.236638514,7718461.273724076,114.22277301925493,35531406.21299621,YULARA_COMBINED,2018,complete_H144,144,low-power,48
36,48240.0,6615839.808313987,472538.7715129341,22812121.929124456,2262107.3532825764,2723465.902795029,2255200.028894513,2650007.466748109,149.74301406144525,56853785.98116738,YULARA_COMBINED,2018,complete_H144,144,low-power,48
37,48096.0,6341188.531164382,121803.16132495923,23167858.394078884,2222213.290707866,2803139.652958491,2191431.9088225695,2546509.8826579596,5.178628727814146,56076334.19957788,YULARA_COMBINED,2018,complete_H144,144,low-power,48
38,48096.0,8267806.871816161,123923.82210692971,23238941.2842131,2292460.225453428,4108528.0986581524,3250006.035874896,3474835.6057421705,1.4150459247760085,55320930.532304056,YULARA_COMBINED,2018,complete_H144,144,low-power,48
39,47902.0,11444331.264352305,152562.585461798,24007944.851896517,2313902.717326236,5059322.968875733,4153745.12365587,4231274.286107114,97.47954016121015,52076862.06106395,YULARA_COMBINED,2018,complete_H144,144,low-power,48
40,48099.0,9703142.19584061,171685.81769189175,23537879.77804871,2470385.3462974685,4735194.535577615,4829430.0605257,4998787.956839276,260.80088756016613,53625439.46896505,YULARA_COMBINED,2018,complete_H144,144,low-power,48
41,48287.0,9900419.244090583,161719.00401518232,23961083.127613418,2271987.9513283996,6140060.329904271,5393814.1359505765,5225920.857049184,425.57295574715334,56060822.1530339,YULARA_COMBINED,2018,complete_H144,144,low-power,48
42,47952.0,7940323.516238008,117773.38236149607,23299396.25488318,2156413.7589044278,6348798.136980283,5626427.649846212,5405701.654623761,1.9688210362988532,57019047.50027664,YULARA_COMBINED,2018,complete_H144,144,low-power,48
43,47808.0,7942100.2924033115,124362.0288852091,23491726.859243505,2173172.8842587867,6263288.678574635,5382855.001577292,5232584.285029866,1.621567906008439,55312425.23793966,YULARA_COMBINED,2018,complete_H144,144,low-power,48
44,47808.0,9068605.294302424,135269.3302262122,22943405.918230075,2177252.462333582,4088475.5768504064,3516854.351450743,3821579.899148577,1.8405279101062557,55084136.229473,YULARA_COMBINED,2018,complete_H144,144,low-power,48
45,23904.0,3749254.538951793,61705.54806295419,11513699.921217276,1075475.5334575712,2297245.5933185318,1858757.7495646381,1850443.7042536552,0.2627171202798103,28646694.408509858,YULARA_COMBINED,2018,complete_H144,144,low-power,48
0,65952.0,7229845.063974186,147329.64336606557,19366559.956080373,1725414.4415083383,4463510.813918701,2589819.693836413,4053563.1055855723,329.77486616117454,121631181.59603511,YULARA_COMBINED,2018,complete_H144,144,low-power,72
1,65865.0,13203121.752308024,537551.822200568,20348756.00792677,1551369.7374721928,4762298.2757587135,2715107.3615154284,3831487.2767515425,62.706729502667805,117911162.69357303,YULARA_COMBINED,2018,complete_H144,144,low-power,72
2,66440.0,8350146.137629183,117925.33130682605,20483245.25817584,1628639.9790656683,4250872.110324096,2339392.33231095,3513394.5487191817,34.497054244070306,113347780.21102817,YULARA_COMBINED,2018,complete_H144,144,low-power,72
3,68400.0,13739751.838216905,308681.0208978646,23616538.34526593,2476968.986177451,8112496.221559896,5961356.597326639,7817552.855339455,1649.1852487551114,105822827.77754764,YULARA_COMBINED,2018,complete_H144,144,low-power,72
4,67392.0,9100916.939213473,132030.91317719364,22285343.49957113,1779420.9428634942,5383929.744975802,3403497.2750416244,4682260.291443267,156.1808299289434,117496805.5500711,YULARA_COMBINED,2018,complete_H144,144,low-power,72
5,67968.0,17821160.64282096,280244.2698351056,25965078.662131228,2719019.1810026793,7275071.244672018,5090255.739971111,6754542.807090981,450.08606491035096,88150555.82789363,YULARA_COMBINED,2018,complete_H144,144,low-power,72
6,68400.0,20295685.89315436,376816.6548547693,25354561.171912175,3115679.854348786,9623928.019993713,7000227.665467658,9358960.761673205,1211.6573259316044,82440828.01065575,YULARA_COMBINED,2018,complete_H144,144,low-power,72
7,67968.0,8981348.423202127,139528.36051759403,23358631.703061637,2027704.0422712727,6803954.933169298,4291463.2342493525,5989305.204165244,1680.9991562508685,101699658.6755119,YULARA_COMBINED,2018,complete_H144,144,low-power,72
8,69552.0,33226779.97566481,639443.8726077467,31040421.964553077,5251150.752363547,9487511.133910032,7632286.551209838,9581490.612527862,13131.232555093431,63701243.50152702,YULARA_COMBINED,2018,complete_H144,144,low-power,72
9,69031.0,12169116.258879343,229029.0785935427,26164566.76193337,2349968.3192208325,7039667.923306113,5027068.2127558915,6491130.216003584,708.1852289022855,100459368.66734374,YULARA_COMBINED,2018,complete_H144,144,low-power,72
10,69894.0,22899686.322497703,425098.06676737586,31238934.13651575,3814963.108793001,5270687.582833733,3929611.923657727,5143616.168521938,13728.0029429896,70863893.87529984,YULARA_COMBINED,2018,complete_H144,144,low-power,72
11,69552.0,8855731.909738267,225330.25779251757,28683845.99614205,2872001.6809772737,4091843.5777058117,3504049.626564795,3961627.8484877315,191.43324400531804,103218181.85315213,YULARA_COMBINED,2018,complete_H144,144,low-power,72
12,69984.0,14199674.89137408,201984.1297477241,28275420.108382866,2875590.3882005373,3709282.0377714,2988052.631648822,3722013.8052502447,44.03447191864106,87754319.38758548,YULARA_COMBINED,2018,complete_H144,144,low-power,72
13,69984.0,9539478.986983558,173008.28448952158,29229281.535802893,2506288.287359834,5362595.019165935,3852423.9824636434,4779333.051047151,13.52811831906989,103793529.86087044,YULARA_COMBINED,2018,complete_H144,144,low-power,72
14,61493.0,7807956.735226598,154845.8375625448,26345910.072563928,2182270.2445946,3628094.471325929,2843862.292771045,3141527.3637564513,12.947593673907685,71364641.59803252,YULARA_COMBINED,2018,complete_H144,144,low-power,72
15,56019.0,8469990.491375748,401415.9142917574,23380546.91631163,2139727.286478117,3392380.6222878513,3106081.929890599,3378374.8430063445,179845.39674682112,62020575.43981445,YULARA_COMBINED,2018,complete_H144,144,low-power,72
16,70272.0,14892954.947633917,532602.6755973679,30753604.151000027,2595970.208855307,5457687.534398007,5207672.4544093115,5596107.165537209,155.69295377588588,97881864.50251353,YULARA_COMBINED,2018,complete_H144,144,low-power,72
17,71385.0,16804200.486679435,329287.8373405032,34311001.877250284,3626194.562032472,5526853.83835779,5018019.995678019,5685260.012088427,985.7020562997757,75854975.34369774,YULARA_COMBINED,2018,complete_H144,144,low-power,72
18,71568.0,20211683.434974816,420602.2992761778,32833631.562735133,4057465.9087318694,7610706.268260986,7003602.816223035,8417082.671803046,912.2466096957494,69250361.0238813,YULARA_COMBINED,2018,complete_H144,144,low-power,72
19,71475.0,12058348.301358515,201750.52858078582,31708992.25986536,3248771.9267134177,4957291.005262414,4098305.3804911682,5008280.600254015,117.35534383249671,85295828.47474667,YULARA_COMBINED,2018,complete_H144,144,low-power,72
20,71517.0,12674220.560447324,228686.02625912236,33435131.712299738,3020132.232970954,6085289.73517872,5292401.285520018,5705678.9899299955,160.30732157260059,87357890.09610248,YULARA_COMBINED,2018,complete_H144,144,low-power,72
21,71856.0,12150921.87782415,234767.82539278487,33976653.22309754,3369784.753246187,4538062.84236196,3786688.833703729,4183327.5982474615,587.6170987971084,84263586.537124,YULARA_COMBINED,2018,complete_H144,144,low-power,72
22,63990.0,31457236.940500382,585391.9497839232,32907621.48608237,4990664.742389009,7416183.772543644,8111550.083146394,9095990.10299296,1057.7237191685542,32635398.337881602,YULARA_COMBINED,2018,complete_H144,144,low-power,72
23,72626.0,32949596.600823086,621030.8896264081,35905775.69281661,5944533.155613728,9312461.613698503,8416615.284489691,10522891.830223946,143.1420359778555,44206295.62449303,YULARA_COMBINED,2018,complete_H144,144,low-power,72
24,72288.0,9768704.589068959,535792.0763859391,34430565.836903155,3375958.1008168994,3973075.2204273213,3178065.367485524,3804590.303358836,150.9537647798986,84623787.4923243,YULARA_COMBINED,2018,complete_H144,144,low-power,72
25,72144.0,11456130.622225555,182473.678558884,34788355.77051329,3400822.768626968,5662058.433984343,4518572.606106454,4866762.651789413,5.3829239341366275,83627263.22072507,YULARA_COMBINED,2018,complete_H144,144,low-power,72
26,71856.0,17614151.076552108,252061.86984513406,35809724.362408996,3678662.6480433,7713798.794129618,7294792.441218886,7381059.853659736,146.66458224335102,77327144.09345785,YULARA_COMBINED,2018,complete_H144,144,low-power,72
27,72432.0,13433741.627731375,233905.5373237376,35697183.39514958,3377613.3669088054,8220779.040228001,7082196.878913263,7074923.246335836,637.1888012251795,84435979.58960512,YULARA_COMBINED,2018,complete_H144,144,low-power,72
28,71856.0,12149477.850385012,178200.4528637755,34887913.60316749,3215900.461426144,9944513.72485083,8783900.230369171,8424727.78409861,2.1983743931713304,86124725.00713739,YULARA_COMBINED,2018,complete_H144,144,low-power,72
29,71712.0,12801551.252558736,199204.28860914163,34846615.429189265,3290938.644070653,6756048.667554492,5742236.772505074,6035138.054703592,3.232542459242219,81290883.9605519,YULARA_COMBINED,2018,complete_H144,144,low-power,72
30,23904.0,3749254.538951793,61705.54806295419,11513699.921217276,1075475.5334575712,2297245.5933185318,1858757.7495646381,1850443.7042536552,0.2627171202798103,28646694.408509858,YULARA_COMBINED,2018,complete_H144,144,low-power,72
0,41472.0,10236112.13408465,1577579.513672575,33515392.7825795,5045573.248668423,4973426.148873683,4435566.645727337,5167144.246106746,4290529.566782471,91785040.27538106,YULARA_COMBINED,2018,pointwise_finite,144,full,24
1,41472.0,11630364.124608144,252551.89584916361,35329558.502516,3279001.0419239257,6510920.552580045,5567576.95539135,6489252.308715481,50329.58765114126,94524581.57404894,YULARA_COMBINED,2018,pointwise_finite,144,full,24
2,41472.0,13566250.825038323,414975.27648189536,37260408.19348115,3741801.015222148,5092886.2157675475,4894073.8593854625,5490641.600547356,210560.4473381447,98840504.89720474,YULARA_COMBINED,2018,pointwise_finite,144,full,24
3,41472.0,10586053.524517976,462419.00884722354,34777630.847738415,2984903.073001428,5650531.45466217,4052307.445536761,4649196.635604458,512058.6586085601,94741465.85573283,YULARA_COMBINED,2018,pointwise_finite,144,full,24
4,41472.0,17869821.081428047,2398471.2547696773,33907405.826257214,4221650.207717366,8447664.288530856,7738326.152311723,8375335.341441577,2200713.2923339666,91752378.00857651,YULARA_COMBINED,2018,pointwise_finite,144,full,24
5,41472.0,14253197.739077365,459446.22064829594,35092872.23148105,3728272.037736667,6237170.763382969,5485130.400630325,5988397.991576951,1975038.023936137,94963733.39199407,YULARA_COMBINED,2018,pointwise_finite,144,full,24
6,41472.0,9461654.18991315,145608.83546807367,33661339.01397687,2759487.9514747034,5308452.714491542,4941896.279410835,5619916.270923775,50598.887070205325,92590422.27483946,YULARA_COMBINED,2018,pointwise_finite,144,full,24
7,41472.0,13507502.2036433,284736.9072579969,31443525.595024873,2640067.6088096397,8800953.750766529,9166385.895381946,10133004.845780533,329550.325540424,87226601.00143985,YULARA_COMBINED,2018,pointwise_finite,144,full,24
8,41472.0,11244475.262944316,394212.0937328975,32732447.26414777,3027636.3587795603,5040550.061553004,4553670.252386305,5272996.757314863,278305.7081681327,90490189.17184131,YULARA_COMBINED,2018,pointwise_finite,144,full,24
9,41472.0,11026982.049221268,3338239.5945315007,33248428.458956227,5411523.679626168,8536549.865085222,7652402.434285547,8682799.381441325,3370549.423796869,87428167.00145972,YULARA_COMBINED,2018,pointwise_finite,144,full,24
10,41472.0,19650014.398170933,7456268.340314261,30279522.661354292,8068569.471617639,18796699.356150977,16016377.263345802,18108687.43715311,10703548.838258639,75808929.27921057,YULARA_COMBINED,2018,pointwise_finite,144,full,24
11,41472.0,14002935.057103945,2922300.06443312,31952164.06853868,5751235.777371045,10451117.054675795,9128628.282287613,10465657.086285967,5524502.908274303,84965273.42197202,YULARA_COMBINED,2018,pointwise_finite,144,full,24
12,41472.0,14378367.515839348,992394.8819655163,32366638.419658072,3611834.904975277,8530843.556868399,8234265.456327479,8999743.996088123,1600430.3167293184,87468530.75294359,YULARA_COMBINED,2018,pointwise_finite,144,full,24
13,41472.0,11162380.319572588,422997.5531597933,34738304.393810116,3639752.6296057166,3895499.36825579,3205417.2875610967,3522827.2890179,461926.60772574827,93765370.99758817,YULARA_COMBINED,2018,pointwise_finite,144,full,24
14,41472.0,13015973.952334773,172841.477023852,34357469.407080665,3059223.201983393,7847289.125208352,7713794.888456495,8113191.461053489,10669.869544286415,93648710.08027998,YULARA_COMBINED,2018,pointwise_finite,144,full,24
15,41472.0,11387778.340630565,742266.4618665387,32864341.886701103,3202642.344804359,7357965.5042815665,6185584.6545814015,6874008.390454057,726827.2796269228,88674782.74385269,YULARA_COMBINED,2018,pointwise_finite,144,full,24
16,41472.0,12373535.088986343,1819153.8424526188,30548473.99903318,3805351.780109863,9722719.515846979,8504089.471212916,9874097.701640531,2183769.910360949,80862682.32997636,YULARA_COMBINED,2018,pointwise_finite,144,full,24
17,41472.0,26735654.738839358,12037890.625808585,21000636.15687281,11149008.559609162,20275276.52211259,19199937.588721696,22471877.418622073,14998118.904267794,39461670.164981864,YULARA_COMBINED,2018,pointwise_finite,144,full,24
18,41472.0,21084262.678143803,4330450.305080357,25764166.869911093,8062081.312997284,17858734.27383399,15783968.237368302,18175529.917493835,7762639.426922277,63265130.254472815,YULARA_COMBINED,2018,pointwise_finite,144,full,24
19,41472.0,15870701.657168893,6837432.38184406,24365109.827398166,7033266.047849253,13710422.321193378,12646394.548524134,14610326.411246896,11101576.787518725,62654948.69253716,YULARA_COMBINED,2018,pointwise_finite,144,full,24
20,41472.0,17901164.25780739,5049703.876732444,27975896.882604502,6885239.632646412,13877028.246695697,11876583.93981686,13707068.653261285,8544348.548438612,72798695.34152743,YULARA_COMBINED,2018,pointwise_finite,144,full,24
21,41472.0,9304803.29204497,1891363.4344093238,29579525.800961018,4512930.089565403,6267432.494232063,6612402.386277269,7751308.407688853,4584342.820639253,81257496.32934724,YULARA_COMBINED,2018,pointwise_finite,144,full,24
22,41472.0,8705110.331263477,550209.107410959,29935675.32047555,3194046.7815777515,5896818.151413631,5563105.642042822,6666515.027280062,379938.24216034485,81705738.66136608,YULARA_COMBINED,2018,pointwise_finite,144,full,24
23,41472.0,13766506.652941816,1604235.6526294819,29385202.44687775,3700772.837898936,12517963.31913628,10535003.466474434,11873941.32506485,1984448.6308223002,77751979.84133701,YULARA_COMBINED,2018,pointwise_finite,144,full,24
24,41472.0,19084995.121213626,5594255.755279462,29075236.943441346,7310026.464119839,15150346.777343914,14547052.249391364,15964346.783412369,6399502.656255283,73383366.93863145,YULARA_COMBINED,2018,pointwise_finite,144,full,24
25,41472.0,35397188.81646616,21576523.318109237,17829846.339361936,19431737.56155848,27782138.58814932,25760925.16089985,29261976.539449487,29821393.57144223,8292720.778330498,YULARA_COMBINED,2018,pointwise_finite,144,full,24
26,41472.0,12292370.031139579,21826055.690035246,28657713.62799473,21943845.812320914,8966022.865700526,9252033.864302846,9855997.029313954,31633432.342139836,77078798.30419071,YULARA_COMBINED,2018,pointwise_finite,144,full,24
27,41472.0,13845530.623691602,3896610.1675153775,29322502.774885412,5759170.139367651,10333621.477595415,9137688.771381197,10111383.25679215,5717097.020391544,77367788.54283972,YULARA_COMBINED,2018,pointwise_finite,144,full,24
28,41472.0,15129123.464492453,2204889.0958332648,30833518.34474975,5289834.33385338,10396414.16237877,10274798.931544166,11375951.634662,4632027.382587905,79747038.49081193,YULARA_COMBINED,2018,pointwise_finite,144,full,24
29,41472.0,10673039.215714099,807122.6852580337,30373521.87558016,3395364.692356643,7500206.351231534,7439463.664037306,8243128.5427470505,2355026.4657896096,82022733.37055993,YULARA_COMBINED,2018,pointwise_finite,144,full,24
30,41472.0,9618932.736217331,262243.45426378236,28832639.116541818,2640955.850700024,5672798.719265359,4772167.437743794,5465981.603344805,443028.87181805004,78248483.42169137,YULARA_COMBINED,2018,pointwise_finite,144,full,24
31,41472.0,18003463.65271428,3679948.945211407,26800067.40521903,5135523.199460508,7371691.357275993,7713663.806959079,9660361.019900626,3393431.4935418847,69710303.09103784,YULARA_COMBINED,2018,pointwise_finite,144,full,24
32,41472.0,25107105.53397605,14780945.530830353,17642869.24981435,13016503.22802492,15635011.032804593,15760531.596913477,18994589.401747562,18766210.423211697,18174442.704167806,YULARA_COMBINED,2018,pointwise_finite,144,full,24
33,41472.0,11534386.887877794,17118984.253149766,32000747.613689795,19143335.494509183,6518391.568532786,5900757.606913248,5756402.932171497,25678732.591525026,86011051.2079124,YULARA_COMBINED,2018,pointwise_finite,144,full,24
34,41472.0,7652105.117033592,1683304.5078025712,25839621.743987434,2737079.6640552133,3870077.2207948556,3427177.19414647,3998567.0634669685,1954471.5436201848,69554002.96680814,YULARA_COMBINED,2018,pointwise_finite,144,full,24
35,41472.0,9332234.270132026,971241.7740143774,30057909.697951984,4239252.399451514,4739997.4212491745,4754266.340429132,5323459.180476837,1728335.1848439472,81826412.37146783,YULARA_COMBINED,2018,pointwise_finite,144,full,24
36,41472.0,18598693.603673037,5902382.6002892675,22854625.306985527,5546618.349145672,7861024.418034778,8307216.299737531,9357862.264498185,6400102.470432928,59360854.88597489,YULARA_COMBINED,2018,pointwise_finite,144,full,24
37,41472.0,9161498.7070967,1458327.8396012655,27488908.769027814,4750211.2693403,4682611.902692494,4028485.330011091,4516702.075775336,5223856.070988454,73962380.64121841,YULARA_COMBINED,2018,pointwise_finite,144,full,24
38,41472.0,8532912.84414553,156094.92305628877,25562408.406978607,2293997.3725234694,5177969.835838226,5641542.888802706,6756622.349620656,62950.045816852195,70555454.18881501,YULARA_COMBINED,2018,pointwise_finite,144,full,24
39,41472.0,12818288.975401597,321618.8618337553,29214394.26127,3271303.325125057,8392490.413319804,7374396.914570134,8267809.114055664,116274.7185365168,76972507.49493724,YULARA_COMBINED,2018,pointwise_finite,144,full,24
40,41472.0,9802855.609348139,253413.25874416114,30221351.29138641,3200006.6078876513,5547927.371676864,5374402.145324977,6010690.780738866,53875.151505282185,80614231.0924409,YULARA_COMBINED,2018,pointwise_finite,144,full,24
41,41472.0,8585079.837306106,186151.13042649566,30365125.217712943,3034211.21018712,3467187.701483886,2797671.0847233306,3184728.20443539,21480.745464173935,81374749.75025311,YULARA_COMBINED,2018,pointwise_finite,144,full,24
42,41472.0,10717952.403595243,193286.2969816116,30900860.141763415,3129152.179160806,5737539.659440146,5053808.285593864,5127739.801618561,12355.663253359091,82768555.93794075,YULARA_COMBINED,2018,pointwise_finite,144,full,24
43,41472.0,8608429.683409411,161722.2604249142,29231017.11154232,2675474.7182519194,4094016.2117776945,3612113.813023365,4001975.263089386,42165.16711856754,78894413.58748947,YULARA_COMBINED,2018,pointwise_finite,144,full,24
44,41184.0,8963507.7860928,204262.03425226276,29725941.58378017,2969802.1190164103,3830416.234752295,3267929.1993148937,3770014.183389501,5642.033370023881,79001962.26811789,YULARA_COMBINED,2018,pointwise_finite,144,full,24
45,41041.0,13124264.420774404,1285751.06601466,29452317.6493942,3560848.7482182235,7825831.111001823,7597913.455305176,7697411.888201381,1032588.1199515089,76619659.66435967,YULARA_COMBINED,2018,pointwise_finite,144,full,24
46,41041.0,9262767.825741453,398772.7767554396,28678972.44456885,3071090.816169108,4753856.137097106,4971195.011465289,5579179.95180983,1044716.2192379598,76315462.62392426,YULARA_COMBINED,2018,pointwise_finite,144,full,24
47,41328.0,10474906.465014793,757753.0556438493,29155257.414941132,3502602.993356606,5062383.658577042,4400240.501881981,4642438.904574662,502869.47485002317,77246322.87378892,YULARA_COMBINED,2018,pointwise_finite,144,full,24
48,41472.0,11181357.400577132,221770.4635210983,29532255.874340817,3021836.584462809,6247320.819853453,6232617.819848332,6567576.908839572,496977.98088356,78164744.08846572,YULARA_COMBINED,2018,pointwise_finite,144,full,24
49,41472.0,9336285.883276908,159092.34329309996,28228551.789893348,2668939.0919670323,4834712.79993097,4385347.239719761,4689841.328501332,50449.471017360665,74424826.30562527,YULARA_COMBINED,2018,pointwise_finite,144,full,24
50,41472.0,14976615.500893729,995215.7233723664,28579614.333435122,3267198.128287716,7023253.929513634,8138126.386534962,8552450.630510006,446855.6747847996,74230614.93097748,YULARA_COMBINED,2018,pointwise_finite,144,full,24
51,41472.0,17928489.7062105,6510600.536254658,19112168.830460552,6211296.009970234,7443477.150858359,8356139.708870549,9588925.754801955,8119631.742024529,35153645.12906942,YULARA_COMBINED,2018,pointwise_finite,144,full,24
52,41472.0,10421913.276156694,4136274.8722906467,27427793.44744423,7440956.230507585,6415623.030258637,6549374.619344895,7211951.333959668,6915380.1591211,69150749.83798197,YULARA_COMBINED,2018,pointwise_finite,144,full,24
53,41472.0,8160538.02238486,611531.534188808,27252321.315389447,3193526.066380115,4481227.350257153,3648117.6137320222,4025051.527012041,1033579.744358362,71485977.19644603,YULARA_COMBINED,2018,pointwise_finite,144,full,24
54,41472.0,9418075.28688447,591136.8991141499,25711810.834468838,2899364.6676345123,4560088.183315487,4318319.626957824,5091317.837077959,517819.1537289652,67523438.29738723,YULARA_COMBINED,2018,pointwise_finite,144,full,24
55,41472.0,17223012.79541111,4682823.173657759,21764543.83378583,5932573.849692601,10135037.977395663,11302220.246924348,13381372.597579883,5260878.144711157,47171943.96131562,YULARA_COMBINED,2018,pointwise_finite,144,full,24
56,41472.0,17192286.445414945,6370399.16607909,22686559.014319945,6936706.12130409,11270488.779372241,11475040.55175533,13425923.619536031,9320677.666652363,50493472.02477768,YULARA_COMBINED,2018,pointwise_finite,144,full,24
57,41472.0,9521651.21268776,2623930.8160555535,23629163.585538156,4633441.293645149,4717250.5354487905,5019950.429566223,6408260.892876484,4484947.0387031995,61968703.483646244,YULARA_COMBINED,2018,pointwise_finite,144,full,24
58,41472.0,8946274.975478765,251360.4203936179,25744835.155285876,3019752.945394937,4208605.142884324,3677356.2011639336,4603720.154139765,46697.179583498924,65886077.912598275,YULARA_COMBINED,2018,pointwise_finite,144,full,24
59,41472.0,11344579.157466752,913996.1565337989,27519074.652971428,3836705.1328265583,6869065.035087895,6833572.006124764,7612054.521596192,696602.1934396892,69126620.72284076,YULARA_COMBINED,2018,pointwise_finite,144,full,24
60,41472.0,15085860.0870305,2359931.9170565875,27241723.5264801,4759324.025954899,9978147.260194218,10178706.960058678,10721199.924446095,2745265.7462342996,65223790.18390285,YULARA_COMBINED,2018,pointwise_finite,144,full,24
61,41472.0,9463747.155336844,839189.1937186661,26892274.144681647,3321536.7245454406,5286367.48470621,4602661.625309387,4675554.959410673,2489361.301951402,70387479.93817851,YULARA_COMBINED,2018,pointwise_finite,144,full,24
62,41472.0,9381606.609271452,168921.17244188825,26379527.164048318,2719067.8551972634,4678869.856617066,4738164.262480154,5362105.333916189,6174.875135129804,69337392.61475454,YULARA_COMBINED,2018,pointwise_finite,144,full,24
63,41472.0,9991951.169433672,184855.74482058556,26549161.10131438,2810171.608917964,5660779.304684819,5598985.4635783415,5602341.026544307,5872.533186432573,69111987.74185507,YULARA_COMBINED,2018,pointwise_finite,144,full,24
64,41472.0,11025218.653464466,302279.0373299333,26577628.955707535,2915442.6013080375,4378516.350274481,4266906.193500418,4828247.571198834,98161.5566479141,69389873.75571057,YULARA_COMBINED,2018,pointwise_finite,144,full,24
65,41472.0,12580176.51941336,3341875.1077491613,24232866.857439756,4979503.01867752,5470375.390582718,5486305.044432253,6609532.148377418,3414267.8625721657,55597236.51510647,YULARA_COMBINED,2018,pointwise_finite,144,full,24
66,41184.0,23859697.942852054,5830702.430077914,19888846.14517189,6825678.849774705,9822264.786285117,11737867.538259914,13189353.093389714,8502409.946159046,31446744.66852513,YULARA_COMBINED,2018,pointwise_finite,144,full,24
67,41328.0,18077443.732950866,5924779.765144059,22686623.59285132,7499159.962783254,10609796.771412697,12333224.92819987,13960387.202598546,10179201.467771595,49333168.1292353,YULARA_COMBINED,2018,pointwise_finite,144,full,24
68,41472.0,25063264.140482806,5412241.848788657,18799636.930918064,7235263.610509478,10670160.480688838,13034357.592780985,15078282.400619475,7279943.484635556,27730395.567171764,YULARA_COMBINED,2018,pointwise_finite,144,full,24
69,41472.0,27795298.88616121,2954127.549148739,16973379.200245395,5370311.189282446,11958767.696611125,13783326.824918736,16842354.79601576,5564234.149238851,21596229.34850972,YULARA_COMBINED,2018,pointwise_finite,144,full,24
70,41472.0,22939815.0195429,5029124.772934981,21092096.085221663,7853016.664457344,13791560.621795876,15120021.538570506,17465278.157725543,6625782.702466035,46531102.95612943,YULARA_COMBINED,2018,pointwise_finite,144,full,24
71,41472.0,17059018.793964483,3185431.364432385,20888995.380171213,5572591.729179777,12140122.157544663,13209276.019781902,15521185.971799916,6138543.728893784,41022941.13532067,YULARA_COMBINED,2018,pointwise_finite,144,full,24
72,41472.0,7524706.540708905,2440395.3471553186,25140397.52941557,5521544.015087264,3074143.8588033104,3585460.0057128025,4758511.496522307,5884813.5749949245,64632121.3323524,YULARA_COMBINED,2018,pointwise_finite,144,full,24
73,41472.0,9916237.023608502,554559.7807418744,25852267.527404632,2830131.333645249,4927772.871563169,4600042.203508053,4710247.34782445,9813.617684540906,65800772.20971996,YULARA_COMBINED,2018,pointwise_finite,144,full,24
74,41472.0,8286966.215269149,178832.1784917112,24965244.924991842,2631274.2673363625,3091325.856222836,2685980.7590875267,3392876.1104923435,14936.045051866757,63958116.982591204,YULARA_COMBINED,2018,pointwise_finite,144,full,24
75,41472.0,9016444.185877105,196335.60086218678,25298202.938452728,2824070.4647139986,4021569.2770295492,3839090.004167562,4419783.57541387,21104.479429151186,65117912.224983655,YULARA_COMBINED,2018,pointwise_finite,144,full,24
76,41472.0,10878061.29866705,1229873.91424785,23951425.171534583,3161925.2529140245,5971378.354286035,5485661.13452485,5875265.26963068,1069072.1285338541,60221274.814472675,YULARA_COMBINED,2018,pointwise_finite,144,full,24
77,41472.0,8764902.935703086,443097.5011889571,26448090.17926314,3489146.479385669,5127942.092205889,4671309.85982467,4988086.309708937,1117313.602318306,66987332.17019643,YULARA_COMBINED,2018,pointwise_finite,144,full,24
78,41472.0,9241990.063293641,342152.4572282029,27463596.225262847,3197878.2404341265,5204771.565411667,4533054.445017547,4821569.7122133225,149917.67131823086,70292138.20101301,YULARA_COMBINED,2018,pointwise_finite,144,full,24
79,41472.0,16111799.5920635,5288689.405511663,22101382.323875807,5525305.603366922,10833442.021915372,10691626.593898967,10480578.893387156,5601507.597391453,49822076.79306593,YULARA_COMBINED,2018,pointwise_finite,144,full,24
80,41472.0,12966733.483142179,1733946.9822468357,25178209.283792492,4794263.706909431,8608662.083672572,9475995.498522995,9198621.676101182,5219088.696928625,60059729.956791654,YULARA_COMBINED,2018,pointwise_finite,144,full,24
81,41472.0,9504640.652642429,515985.6946973994,25679464.374934066,3214611.348907927,5097496.299232045,5037024.617528252,5829331.772321966,900332.4542014778,64774125.620068386,YULARA_COMBINED,2018,pointwise_finite,144,full,24
82,41472.0,12056523.936225103,1657427.956235083,26792279.001999114,4095165.632313746,8633296.05599139,8040817.832226104,7731069.8651124025,1421541.265233079,64955633.97801157,YULARA_COMBINED,2018,pointwise_finite,144,full,24
83,41472.0,12289752.264113827,445847.17887308885,25944146.445125334,3073771.0907152644,8551537.862364557,8184511.799051747,8036391.745876924,1342746.478296229,65208675.88549492,YULARA_COMBINED,2018,pointwise_finite,144,full,24
84,41472.0,10239867.188373609,184684.1222868415,26210435.757590543,2891047.2224213276,7707650.631760014,7849267.45620472,7880167.614415793,103112.80029068788,66630790.97959334,YULARA_COMBINED,2018,pointwise_finite,144,full,24
85,41472.0,8664953.657181518,182254.4745869095,25655991.561240997,2719406.7955368645,6768223.765732672,6488143.035044209,6328783.226749978,13060.332058141854,64867181.822763406,YULARA_COMBINED,2018,pointwise_finite,144,full,24
86,41472.0,10534143.352042368,216888.40181174938,26699058.480954155,3033504.2952873386,8520489.923796862,8144136.659311402,7711838.7951657325,23533.79923465912,67357116.9769941,YULARA_COMBINED,2018,pointwise_finite,144,full,24
87,41472.0,9182214.51720964,399118.0726226489,25283029.008650742,2848064.332435789,6287124.434989084,5737934.1966603,5858248.514417873,240098.25314761396,62554427.801188655,YULARA_COMBINED,2018,pointwise_finite,144,full,24
88,41472.0,11855631.327309342,257273.30608325393,24714404.081553183,2705237.9562380477,5444124.769865432,5194767.42612068,5890777.293594514,202830.73276721602,63912871.126656726,YULARA_COMBINED,2018,pointwise_finite,144,full,24
89,41472.0,12191938.431123022,199979.1675415715,24438714.90545674,2775175.3271718756,5591113.624405545,5394546.8370373985,5371269.689844989,17934.40994648984,63341863.01968107,YULARA_COMBINED,2018,pointwise_finite,144,full,24
90,41472.0,9287662.680973459,250597.23897458584,26139437.11998967,3034956.2828451563,6328757.908581257,5847957.579030611,5675336.234625127,66552.06798477774,66155775.20843854,YULARA_COMBINED,2018,pointwise_finite,144,full,24
0,82944.0,21866476.25869279,1830131.409521739,68844951.2850955,8324574.290592357,11484346.701453729,10003143.601118693,11656396.554822236,4340859.154433615,186309621.84943002,YULARA_COMBINED,2018,pointwise_finite,144,full,48
1,82944.0,24152304.349556286,877394.2853291187,72038039.04121949,6726704.088223579,10743417.670429707,8946381.304922223,10139838.236151818,722619.1059467046,193581970.75293782,YULARA_COMBINED,2018,pointwise_finite,144,full,48
2,82944.0,32123018.820505407,2857917.4754179753,69000278.05773829,7949922.24545403,14684835.051913846,13223456.552942043,14363733.33301852,4175751.316270102,186716111.40057048,YULARA_COMBINED,2018,pointwise_finite,144,full,48
3,82944.0,22969156.39355645,430345.7427260706,65104864.609001756,5399555.5602843445,14109406.465258071,14108282.17479278,15752921.116704306,380149.212610629,179817023.27627957,YULARA_COMBINED,2018,pointwise_finite,144,full,48
4,82944.0,22271457.312165584,3732451.688264399,65980875.72310398,8439160.038405724,13577099.926638223,12206072.686671857,13955796.1387562,3648855.131965004,177918356.1733011,YULARA_COMBINED,2018,pointwise_finite,144,full,48
5,82944.0,33652949.45527489,10378568.404747391,62231686.72989297,13819805.248988684,29247816.41082676,25145005.545633387,28574344.52343904,16228051.74653294,160774202.70118257,YULARA_COMBINED,2018,pointwise_finite,144,full,48
6,82944.0,25540747.83541192,1415392.4351253093,67104942.81346824,7251587.534580985,12426342.925124189,11439682.743888581,12522571.285106013,2062356.9244550678,181233901.750532,YULARA_COMBINED,2018,pointwise_finite,144,full,48
7,82944.0,24403752.292965345,915107.9388903904,67221811.2937818,6261865.546787751,15205254.629489908,13899379.543037884,14987199.851507537,737497.1491712094,182323492.82413262,YULARA_COMBINED,2018,pointwise_finite,144,full,48
8,82944.0,39109189.8278257,13857044.468261201,51549110.15590601,14954360.339719022,29997996.03795956,27704027.0599346,32345975.1202626,17181888.814628743,120324352.49495831,YULARA_COMBINED,2018,pointwise_finite,144,full,48
9,82944.0,36954964.33531264,11167882.68692442,50129276.697309226,15095347.360846529,31569156.59502739,28430362.785892468,32785856.328740705,18864216.214441024,125920078.94701016,YULARA_COMBINED,2018,pointwise_finite,144,full,48
10,82944.0,27205967.54985239,6941067.31114177,57555422.68356553,11398169.722211814,20144460.740927737,18488986.326094147,21458377.060950126,13128691.36907787,154056191.67087483,YULARA_COMBINED,2018,pointwise_finite,144,full,48
11,82944.0,22471616.984205298,2154444.7600404397,59320877.767353244,6894819.61947669,18414781.470549908,16098109.108517254,18540456.3523449,2364386.872982645,159457718.50270322,YULARA_COMBINED,2018,pointwise_finite,144,full,48
12,82944.0,54482183.93767975,27170779.073388696,46905083.28280327,26741764.025678307,42932485.36549322,40307977.41029121,45226323.3228618,36220896.22769752,81676087.716962,YULARA_COMBINED,2018,pointwise_finite,144,full,48
13,82944.0,26137900.65483117,25722665.857550647,57980216.40288012,27703015.95168859,19299644.343295928,18389722.63568405,19967380.286106087,37350529.36253138,154446586.84703034,YULARA_COMBINED,2018,pointwise_finite,144,full,48
14,82944.0,25802162.680206545,3012011.7810912947,61207040.22032988,8685199.026210027,17896620.5136103,17714262.59558146,19619080.177409068,6987053.848377515,161769771.86137187,YULARA_COMBINED,2018,pointwise_finite,144,full,48
15,82944.0,27622396.3889316,3942192.3994751903,55632706.52176087,7776479.050160537,13044490.07654135,12485831.244702859,15126342.623245412,3836460.3653599336,147958786.51272908,YULARA_COMBINED,2018,pointwise_finite,144,full,48
16,82944.0,36641492.4218539,31899929.78398011,49643616.86350417,32159838.722534116,22153402.601337392,21661289.203826685,24750992.333919067,44444943.014736734,104185493.91208029,YULARA_COMBINED,2018,pointwise_finite,144,full,48
17,82944.0,16984339.387165617,2654546.281816947,55897531.44193936,6976332.063506732,8610074.64204402,8181443.5345756,9322026.24394381,3682806.728464131,151380415.33827603,YULARA_COMBINED,2018,pointwise_finite,144,full,48
18,82944.0,27760192.31076973,7360710.439890525,50343534.07601335,10296829.618485972,12543636.320727272,12335701.629748628,13874564.340273514,11623958.541421374,133323235.52719328,YULARA_COMBINED,2018,pointwise_finite,144,full,48
19,82944.0,21351201.81954711,477713.7848900441,54776802.668248534,5565300.69764853,13570460.249158027,13015939.803372826,15024431.463676337,179224.76435336907,147527961.68375236,YULARA_COMBINED,2018,pointwise_finite,144,full,48
20,82944.0,18387935.446654264,439564.3891706567,60586476.50909934,6234217.81807477,9015115.073160745,8172073.230048306,9195418.985174268,75355.89696945612,161988980.84269395,YULARA_COMBINED,2018,pointwise_finite,144,full,48
21,82944.0,19326382.087004635,355008.557406526,60131877.253305726,5804626.8974127285,9831555.871217834,8665922.098617243,9129715.06470795,54520.83037192664,161662969.52543005,YULARA_COMBINED,2018,pointwise_finite,144,full,48
22,82225.0,22087772.206867225,1490013.1002669225,59178259.23317434,6530650.867234637,11656247.345754122,10865842.654620068,11467426.071590887,1038230.153321533,155621621.93247765,YULARA_COMBINED,2018,pointwise_finite,144,full,48
23,82369.0,19737674.290756248,1156525.8323992915,57834229.85951,6573693.809525703,9816239.79567414,9371435.513347263,10221618.8563845,1547585.6940879824,153561785.49771315,YULARA_COMBINED,2018,pointwise_finite,144,full,48
24,82944.0,20517643.283854023,380862.80681419885,57760807.664234206,5690775.676429837,11082033.619784411,10617965.059568085,11257418.237340907,547427.4519009199,152589570.3940907,YULARA_COMBINED,2018,pointwise_finite,144,full,48
25,82944.0,32905105.207104288,7505816.259627019,47691783.163895644,9478494.138257949,14466731.080372004,16494266.09540551,18141376.385311984,8566487.416809335,109384260.06004696,YULARA_COMBINED,2018,pointwise_finite,144,full,48
26,82944.0,18582451.298541553,4747806.406479453,54680114.7628337,10634482.29688771,10896850.380515793,10197492.233076926,11237002.860971713,7948959.903479462,140636727.03442806,YULARA_COMBINED,2018,pointwise_finite,144,full,48
27,82944.0,26641088.082295585,5273960.0727719,47476354.66825463,8831938.517327115,14695126.160711152,15620539.873882178,18472690.43465786,5778697.298440123,114695382.25870286,YULARA_COMBINED,2018,pointwise_finite,144,full,48
28,82944.0,26713937.658102687,8994329.982134627,46315722.59985803,11570147.414949251,15987739.314821048,16494990.98132153,19834184.512412507,13805624.705355568,112462175.50842391,YULARA_COMBINED,2018,pointwise_finite,144,full,48
29,82944.0,20290854.132945504,1165356.576927417,53263909.80825735,6856458.078221497,11077670.177972216,10510928.207288714,12215774.67573596,743299.3730231881,135012698.6354389,YULARA_COMBINED,2018,pointwise_finite,144,full,48
30,82944.0,24549607.242367364,3199121.110775256,54133997.671161756,8080860.750500345,15264514.744900428,14781368.585368045,15396754.883856758,5234627.048185705,135611270.1220814,YULARA_COMBINED,2018,pointwise_finite,144,full,48
31,82944.0,19373557.77870512,353776.91726247425,52928688.26536271,5529239.46411523,10339649.161301902,10337149.726058492,10964446.360460507,12047.408321562376,138449380.35660955,YULARA_COMBINED,2018,pointwise_finite,144,full,48
32,82944.0,23605395.172877833,3644154.145079095,50810495.81314729,7894945.619985557,9848891.740857195,9753211.237932673,11437779.719576238,3512429.419220079,124987110.2708171,YULARA_COMBINED,2018,pointwise_finite,144,full,48
33,82512.0,41937141.67580292,11755482.195221974,42575469.738023154,14324838.812557971,20432061.557697788,24071092.46645978,27149740.295988273,18681611.41393064,80779912.79776041,YULARA_COMBINED,2018,pointwise_finite,144,full,48
34,82944.0,52858563.026643954,8366369.397937404,35773016.13116345,12605574.799791912,22628928.177299943,26817684.417699717,31920637.196635213,12844177.633874405,49326624.91568154,YULARA_COMBINED,2018,pointwise_finite,144,full,48
35,82944.0,39998833.81350741,8214556.137367372,41981091.465392865,13425608.393637134,25931682.77934058,28329297.558352437,32986464.129525468,12764326.431359805,87554044.09145012,YULARA_COMBINED,2018,pointwise_finite,144,full,48
36,82944.0,17440943.5643174,2994955.127897196,50992665.05682019,8351675.348732523,8001916.73036648,8185502.209220846,9468758.844346767,5894627.192679466,130432893.54207228,YULARA_COMBINED,2018,pointwise_finite,144,full,48
37,82944.0,17303410.40114626,375167.77935389825,50263447.86344458,5455344.732050362,7112895.13325239,6525070.763255088,7812659.685906216,36040.52448101794,129076029.20757486,YULARA_COMBINED,2018,pointwise_finite,144,full,48
38,82944.0,19642964.234370157,1672971.4154368085,50399515.35079776,6651071.732299685,11099320.446491934,10156970.994349519,10863351.579339622,2186385.7308521583,127208606.9846691,YULARA_COMBINED,2018,pointwise_finite,144,full,48
39,82944.0,25353789.655357126,5630841.862739867,49564978.54913867,8723183.843801046,16038213.58732703,15224681.038916517,15302148.60560048,5751425.268709683,120114214.99407905,YULARA_COMBINED,2018,pointwise_finite,144,full,48
40,82944.0,22471374.135784585,2249932.676944235,50857673.65872657,8008875.055817352,13706158.38290462,14513020.116051244,15027953.44842315,6119421.151130104,124833855.57686004,YULARA_COMBINED,2018,pointwise_finite,144,full,48
41,82944.0,24346276.200338937,2103275.135108172,52736425.44712444,7168936.7230290165,17184833.918355957,16225329.631277854,15767461.61098932,2764287.743529311,130164309.86350648,YULARA_COMBINED,2018,pointwise_finite,144,full,48
42,82944.0,18904820.845555123,366938.59687375126,51866427.31883151,5610454.017958191,14475874.397492694,14337410.49124894,14208950.84116576,116173.13234882984,131497972.80235681,YULARA_COMBINED,2018,pointwise_finite,144,full,48
43,82944.0,19716357.86925203,616006.474434399,51982087.48960485,5881568.627723127,14807614.35878597,13882070.855971718,13570087.309583616,263632.0523822733,129911544.77818292,YULARA_COMBINED,2018,pointwise_finite,144,full,48
44,82944.0,24047569.758432385,457252.47362482536,49153118.98700986,5480413.283409929,11035238.39427097,10589314.263158077,11262046.983439492,220765.14271370572,127254734.14633782,YULARA_COMBINED,2018,pointwise_finite,144,full,48
45,41472.0,9287662.680973459,250597.23897458584,26139437.11998967,3034956.2828451563,6328757.908581257,5847957.579030611,5675336.234625127,66552.06798477774,66155775.20843854,YULARA_COMBINED,2018,pointwise_finite,144,full,48
0,124416.0,35432727.08373111,2245106.6860036366,106105359.4785766,12066375.305814503,16577232.917221276,14897217.460504165,17147038.155369587,4551419.601771751,285150126.74663496,YULARA_COMBINED,2018,pointwise_finite,144,full,72
1,124416.0,42709072.34502335,3320336.484265201,103777908.90547657,10934825.31845546,20335366.50657598,17275763.998478804,19012929.968622953,4687809.974878664,281457577.25630355,YULARA_COMBINED,2018,pointwise_finite,144,full,72
2,124416.0,34213631.65650076,824557.8364589673,97837311.8731495,8427191.919063902,19149956.526811074,18661952.427179087,21025917.874019165,658454.9207787616,270307212.44812095,YULARA_COMBINED,2018,pointwise_finite,144,full,72
3,124416.0,44679931.50449612,13716807.999278897,95480115.18884909,19231328.92861488,37784366.275912,32797407.979918927,37257143.904880345,19598601.170329817,248202369.7026424,YULARA_COMBINED,2018,pointwise_finite,144,full,72
4,124416.0,38556721.78774672,1588233.912149162,101462412.22054888,10310810.736564364,20273632.0503325,19153477.632345084,20635762.74615948,2073026.7939993527,274882611.83081234,YULARA_COMBINED,2018,pointwise_finite,144,full,72
5,124416.0,50496968.16845629,14599310.93012774,84413452.04260701,18157002.68452335,37355961.54224114,33889611.714516,39219983.510716654,17908716.094255667,208999135.23881054,YULARA_COMBINED,2018,pointwise_finite,144,full,72
6,124416.0,54856128.59312001,16217586.563656865,78105173.57991377,21980586.993492916,45446184.841723084,40306946.725709304,46492924.98200198,27408564.76287962,198718774.28853756,YULARA_COMBINED,2018,pointwise_finite,144,full,72
7,124416.0,31776420.276250258,4045808.1944497665,88900403.56831437,11407749.709042085,24682213.964781985,22710511.494794507,26291764.760033797,6948729.6936218925,240715214.83205017,YULARA_COMBINED,2018,pointwise_finite,144,full,72
8,124416.0,66774553.96881931,48996834.76342394,75562796.91079795,48685609.837999314,51898508.23119378,49560011.27459407,55082320.35217576,67854328.56983733,158754886.02115268,YULARA_COMBINED,2018,pointwise_finite,144,full,72
9,124416.0,39647693.30389814,6908621.948606663,90529542.99521525,14444369.16557769,28230241.9912057,26851951.36696264,29730463.43420124,12704150.868769059,239137560.4042117,YULARA_COMBINED,2018,pointwise_finite,144,full,72
10,124416.0,52729501.92290758,18723137.93030553,73275575.77157532,20792982.278185457,28679501.10934592,28246362.841616273,34120932.024993,22602670.788571633,166133229.2168968,YULARA_COMBINED,2018,pointwise_finite,144,full,72
11,124416.0,28518726.275043402,19773530.53496672,87898279.05562916,26119667.558015976,15128466.210576808,14082201.141488843,15078429.176115286,29361539.31998913,237391466.54618847,YULARA_COMBINED,2018,pointwise_finite,144,full,72
12,124416.0,36293105.15491525,7516805.362946808,75905942.48299208,12590826.991009437,17721606.156565495,17977244.51855131,20631186.689894196,11686908.587238224,203878689.71600837,YULARA_COMBINED,2018,pointwise_finite,144,full,72
13,124416.0,31206224.42205582,761183.2510044122,89800870.77036929,9505521.143199822,17407605.48648057,15546470.144618416,17463228.0992299,191630.6155059733,238961488.33763087,YULARA_COMBINED,2018,pointwise_finite,144,full,72
14,124128.0,28289889.873097412,559270.5916587893,89857818.83708596,8774429.016429137,13661972.105970126,11933851.297932142,12899729.248097459,60162.86374195048,240664931.79354784,YULARA_COMBINED,2018,pointwise_finite,144,full,72
15,123410.0,32861938.711530656,2442276.898413946,87286547.50890411,10134542.557743937,17642070.906675983,16969348.968652423,17919030.744585887,2580173.814039492,230181445.16207296,YULARA_COMBINED,2018,pointwise_finite,144,full,72
16,124416.0,35494258.78474774,1376078.5301865647,86340421.99766941,8957973.804717552,18105287.54929804,18756091.446103044,19809868.8678509,994283.1266857198,226820185.32506812,YULARA_COMBINED,2018,pointwise_finite,144,full,72
17,124416.0,36510941.00475211,11258406.9427341,73792283.59329432,16845778.306857955,18340327.531374153,18553631.941947456,20825928.61577366,16068591.64550397,175790372.16349754,YULARA_COMBINED,2018,pointwise_finite,144,full,72
18,124416.0,43833374.52771058,11644359.238850988,70162913.68257448,15768644.638631219,25965614.940083407,27095580.425637495,31898614.054193918,15099374.96509249,165188854.2834807,YULARA_COMBINED,2018,pointwise_finite,144,full,72
19,124416.0,29812505.345633287,3789287.3929829746,76893073.39379548,11489899.371866636,15794920.713421015,15530878.636854922,18624035.56861243,5228246.411726389,196981402.1190853,YULARA_COMBINED,2018,pointwise_finite,144,full,72
20,124416.0,33931213.85163882,3368042.2832171433,80513524.8352101,10799928.605697615,19943384.601517484,19519532.847848196,20758860.217772953,5240801.923320839,204948662.73683605,YULARA_COMBINED,2018,pointwise_finite,144,full,72
21,124416.0,33597346.34231146,3829009.8898996795,77359656.91446178,10705117.228903517,15509671.04554202,15352196.70151101,17040120.746120546,3518301.952406512,194099098.0126718,YULARA_COMBINED,2018,pointwise_finite,144,full,72
22,123984.0,67000405.81628576,17167724.044010624,61375106.66894117,21560102.423067488,31102222.038386606,37105450.05924076,42228022.69660773,25961554.898566198,108510308.36493224,YULARA_COMBINED,2018,pointwise_finite,144,full,72
23,124416.0,67794132.69966857,11168683.686516121,58954470.665638246,18795919.582919553,37890450.47595167,42112624.38327116,49828818.92554122,18328560.580598667,109150273.43995988,YULARA_COMBINED,2018,pointwise_finite,144,full,72
24,124416.0,25727909.77958653,3173787.306388908,75957909.981812,10982949.61606889,11093242.586589312,10871482.968308369,12861634.954839112,5909563.237731336,194391010.5246636,YULARA_COMBINED,2018,pointwise_finite,144,full,72
25,124416.0,28659408.42024726,1869307.0162989951,75697718.28925052,9475142.197013685,15120889.723521471,13996060.998517076,15283135.154753493,2207490.210281309,192326519.2096531,YULARA_COMBINED,2018,pointwise_finite,144,full,72
26,124416.0,38320523.13849933,7364788.8449866995,74743187.83293127,13517447.550710484,24646875.67099962,24700676.537439503,24500770.281701673,10970513.965638315,180173944.9508705,YULARA_COMBINED,2018,pointwise_finite,144,full,72
27,124416.0,33850916.85298138,2619260.8298055697,78415889.82205844,10383548.071936948,22282330.217588007,21262354.248806123,21596793.38331129,3664620.1977307876,194938435.48357478,YULARA_COMBINED,2018,pointwise_finite,144,full,72
28,124416.0,29438964.197597492,583826.9986855012,78565485.79978564,8643958.313245539,22996364.32128955,22481547.150560297,21920789.636331547,139706.9315834888,198855089.779351,YULARA_COMBINED,2018,pointwise_finite,144,full,72
29,124416.0,33229784.275642022,856370.5462474757,74436147.99566059,8328477.615845723,17322362.829260077,16327248.45981838,17120295.497857396,460863.39586131996,189809161.94752643,YULARA_COMBINED,2018,pointwise_finite,144,full,72
30,41472.0,9287662.680973459,250597.23897458584,26139437.11998967,3034956.2828451563,6328757.908581257,5847957.579030611,5675336.234625127,66552.06798477774,66155775.20843854,YULARA_COMBINED,2018,pointwise_finite,144,full,72
0,19584.0,7868810.124574043,1529267.186258904,27191063.228591252,4400470.164864172,3689401.0401715473,3705614.600789502,4022360.6158869467,4290427.578049199,52716170.81938684,YULARA_COMBINED,2018,pointwise_finite,144,power-active,24
1,19383.0,8993844.1335564,204102.00455226327,28870930.46773329,2717020.445387756,4689937.502691422,4471635.910949668,4825988.592847312,50122.6023251204,54057881.72389514,YULARA_COMBINED,2018,pointwise_finite,144,power-active,24
2,19497.0,11340227.761626497,364407.8518264014,30676805.826171804,3223470.254054231,3734383.560439613,4130147.254928566,4245125.841049743,210539.64653128484,56744892.607317686,YULARA_COMBINED,2018,pointwise_finite,144,power-active,24
3,19584.0,8289838.581629837,421862.89421981026,27992023.881355535,2492597.676030526,4511516.817487942,3509131.2675802875,3815085.6019199206,512035.05015018093,54905243.835280396,YULARA_COMBINED,2018,pointwise_finite,144,power-active,24
4,19527.0,10482644.759471886,2006953.0775423704,27156282.487559382,3726494.8287712387,6511882.906338703,6465344.467109425,6618313.207304351,2200692.464971005,53274174.27216328,YULARA_COMBINED,2018,pointwise_finite,144,power-active,24
5,19440.0,10733467.251613634,353968.6903024486,28280846.528635006,3164363.0761815044,4549668.506990642,4586180.902273662,4748043.882647162,1975019.7530279723,55366996.455286816,YULARA_COMBINED,2018,pointwise_finite,144,power-active,24
6,19440.0,7068066.912931974,106504.92745738443,26927704.041945558,2242135.7693713387,4055517.754253786,4278475.455129316,4604596.9179847585,50597.72432193482,53597639.791983455,YULARA_COMBINED,2018,pointwise_finite,144,power-active,24
7,19296.0,10298852.302348316,247695.0469062656,24473368.45900333,2062106.621809518,7124263.882088812,8182982.669149198,8699484.634145858,329529.01855743927,51459327.432503596,YULARA_COMBINED,2018,pointwise_finite,144,power-active,24
8,19240.0,8496566.303591298,352432.53078849206,25952994.114024777,2494309.5488173803,3719302.780144389,3861101.9705896154,4208441.773169369,278293.68084514386,51902465.01260526,YULARA_COMBINED,2018,pointwise_finite,144,power-active,24
9,19043.0,8669092.318219924,3278744.823103939,26158911.098622438,4743269.269825689,7251226.965990018,6948174.01905255,7612238.439102579,3370283.2962176534,50612737.42369456,YULARA_COMBINED,2018,pointwise_finite,144,power-active,24
10,18432.0,12622311.930275586,7295879.629540523,21625680.2719856,7029328.248289234,15115696.261148743,13077914.602377066,14440554.79082032,10702231.339217378,43254069.27582908,YULARA_COMBINED,2018,pointwise_finite,144,power-active,24
11,18541.0,9648775.417783715,2833502.5257365527,24078985.472975258,4981762.424322477,7304946.827213327,6809962.761162691,7386797.8196180565,5524437.34964603,48512735.22557112,YULARA_COMBINED,2018,pointwise_finite,144,power-active,24
12,19008.0,10082296.028360073,956682.9406825274,25110435.497156244,3043219.250474016,5931132.737751494,6387367.1282620095,6489455.915028723,1600284.9604660058,50184898.45183553,YULARA_COMBINED,2018,pointwise_finite,144,power-active,24
13,19008.0,8951147.264407877,372408.96944168676,27263455.97122746,3046300.124655037,2994520.0431338237,2803246.3752126624,2860321.431371723,461922.7796355497,53591024.09398778,YULARA_COMBINED,2018,pointwise_finite,144,power-active,24
14,19008.0,10422361.555765273,127111.0888477541,26803177.25259406,2441870.41857183,5964049.524471434,6559366.853828781,6603725.1083157975,10662.87306786882,53609883.73491748,YULARA_COMBINED,2018,pointwise_finite,144,power-active,24
15,19008.0,8622266.331136888,694086.7656494508,25197321.219744507,2566757.603171808,5528536.936916229,5101431.310271981,5426939.874398573,726790.2827962602,51322796.81214056,YULARA_COMBINED,2018,pointwise_finite,144,power-active,24
16,18864.0,9298025.262623975,1768399.6676890375,22660964.740287468,3160424.4281635536,7523877.534005245,7084773.837092983,7989878.493369843,2183585.602070366,45857835.93328957,YULARA_COMBINED,2018,pointwise_finite,144,power-active,24
17,18576.0,14755515.931874448,11856580.226954138,10590087.420443881,9710801.47218533,17028475.826647624,16613150.827179944,19048622.335857254,14997890.123324137,23667946.665486988,YULARA_COMBINED,2018,pointwise_finite,144,power-active,24
18,18720.0,13110473.024545975,4168093.7515710127,16953854.516570177,6842415.860185115,14163733.595215183,12975362.685391592,14477231.438707493,7762519.005533548,37385468.65710457,YULARA_COMBINED,2018,pointwise_finite,144,power-active,24
19,18467.0,9281870.650299812,6742172.339174947,15973358.989686355,6115190.66768242,10975432.391916841,10718067.013333676,11968352.279950678,11101093.990231205,35992483.991559654,YULARA_COMBINED,2018,pointwise_finite,144,power-active,24
20,18829.0,12168099.025119862,4930503.818056129,19823398.901745033,5907300.61127662,10683090.83459731,9613289.3615164,10688380.50167067,8543740.109788934,42899993.62921751,YULARA_COMBINED,2018,pointwise_finite,144,power-active,24
21,18920.0,7032811.455172627,1856555.6506262722,22123191.554978605,3897864.466416727,4529877.331245515,5477619.048807554,6042508.034317069,4584205.395181956,46686924.937938206,YULARA_COMBINED,2018,pointwise_finite,144,power-active,24
22,18699.0,6042635.016153288,495669.8177562322,22131384.952294677,2486040.887220645,4677234.876787891,4842673.574306924,5582660.784255864,379296.0738486661,46458133.072110124,YULARA_COMBINED,2018,pointwise_finite,144,power-active,24
23,18829.0,9719625.381722229,1554054.3655496654,21287195.357979417,2996140.3131334437,8671146.82357927,8098755.637430687,8677290.737295602,1983547.2254350225,45870498.14648987,YULARA_COMBINED,2018,pointwise_finite,144,power-active,24
24,18455.0,12791943.743120395,5504891.3735443475,20545362.12879877,6424380.373578544,12192517.486798506,12435374.644464439,13214685.032141494,6398348.805688235,43984784.79763031,YULARA_COMBINED,2018,pointwise_finite,144,power-active,24
25,17401.0,12299849.275173135,21223876.046649363,3553265.5598563794,16512497.995873474,23104032.392508116,22125231.874621384,24725902.070273552,29809421.74186934,5748563.917136563,YULARA_COMBINED,2018,pointwise_finite,144,power-active,24
26,19008.0,8455980.974861046,21628623.470622532,20423747.257589772,20497580.716183726,7114447.217977094,7367118.204298403,7560242.637232913,31633426.789724603,45320293.80485868,YULARA_COMBINED,2018,pointwise_finite,144,power-active,24
27,18665.0,9381326.724963253,3795382.288986242,20878146.432593055,4941102.268386097,8083908.883316886,7717343.299756385,8243669.707251486,5716623.37897981,44960118.439565234,YULARA_COMBINED,2018,pointwise_finite,144,power-active,24
28,18288.0,10378453.881128136,2123142.5661179037,21824711.610906832,4418447.474765166,7727983.844074167,8298882.607860624,8795900.62326303,4631810.374063262,47072002.83723775,YULARA_COMBINED,2018,pointwise_finite,144,power-active,24
29,18432.0,7718796.438927438,761068.0149089879,21662118.189781994,2734851.1032055775,5378681.340508563,5808657.246589774,6199762.887683102,2355008.9304970866,46646070.46006485,YULARA_COMBINED,2018,pointwise_finite,144,power-active,24
30,18576.0,6740483.855045657,221487.30370550178,20262938.74078606,1921371.3426403245,4129687.988510509,3697332.539218938,4098264.5644516335,443025.55489890726,44376379.82430914,YULARA_COMBINED,2018,pointwise_finite,144,power-active,24
31,18078.0,12507718.174734974,3572591.9954238655,17617101.288312037,4187437.389286666,6480759.162184299,6895469.562091879,8537212.903951045,3388315.0724696694,39797491.67990403,YULARA_COMBINED,2018,pointwise_finite,144,power-active,24
32,17868.0,10581613.570629302,14503960.564408796,4156601.6059613773,10869210.437465457,12798366.375817403,13723948.816647789,16341838.388068395,18757602.1582601,11095463.837383918,YULARA_COMBINED,2018,pointwise_finite,144,power-active,24
33,18288.0,8123300.701090135,16998723.7993419,22524107.231440227,17986302.382312156,4695423.886513645,4186176.4690773566,3912910.537845793,25678551.736997336,48718274.83229354,YULARA_COMBINED,2018,pointwise_finite,144,power-active,24
34,18288.0,4711119.101343231,1627131.7774591998,15987184.452862093,1876865.1473860217,2924273.822756766,2701664.5930812624,3124291.7295899126,1954462.592197348,39021568.91191664,YULARA_COMBINED,2018,pointwise_finite,144,power-active,24
35,18288.0,6828574.562871793,922344.7003730915,20703141.375184834,3384498.3473404613,3416924.923600584,3690310.45276544,4079599.0601918576,1728333.5575504387,46433440.94882618,YULARA_COMBINED,2018,pointwise_finite,144,power-active,24
36,18144.0,10838780.462848008,5828076.656137406,12926151.617212998,4539494.717616522,6605227.388987703,7206179.514857414,8064800.274860532,6400074.638339634,34448013.41982101,YULARA_COMBINED,2018,pointwise_finite,144,power-active,24
37,18144.0,5825096.833930071,1380427.4222011114,18267579.869900394,3739950.6072150543,3435021.9138892842,3056322.272772278,3303157.8489808897,5223844.834724712,41819538.44775952,YULARA_COMBINED,2018,pointwise_finite,144,power-active,24
38,18144.0,5429552.966763104,106317.15486058449,16436790.887495682,1435791.2779773257,3972074.815917104,4726690.099272811,5541214.760802525,62945.079701960756,39856818.46084232,YULARA_COMBINED,2018,pointwise_finite,144,power-active,24
39,18144.0,8653412.470957404,258692.26702803845,19844481.590531852,2409676.501783542,5441800.23631838,5293232.139278188,5670554.95205536,116272.8485807169,43377704.845954895,YULARA_COMBINED,2018,pointwise_finite,144,power-active,24
40,18144.0,6904275.284650887,198593.5367464522,20374155.94489051,2376056.4647606467,4084437.5012119533,4274158.149505807,4655302.316998851,53871.73637317852,45662522.54558026,YULARA_COMBINED,2018,pointwise_finite,144,power-active,24
41,18144.0,6109057.679463973,130889.16274039992,20352951.69914415,2213499.8892958052,2518772.729784287,2126655.8733707904,2358037.779128563,21472.50243375863,46127731.08522555,YULARA_COMBINED,2018,pointwise_finite,144,power-active,24
42,18144.0,7683069.480024226,143130.21356196134,20956851.780190393,2310142.4634111733,4241276.307672105,3882003.8128737775,3855079.7630428476,12353.715061115183,46858528.17894121,YULARA_COMBINED,2018,pointwise_finite,144,power-active,24
43,18144.0,6059825.020676168,106131.51951097835,19446443.79891108,1844490.4854820452,2876167.1015764885,2653745.929434919,2922078.4586063037,42155.54466536195,44697399.89318242,YULARA_COMBINED,2018,pointwise_finite,144,power-active,24
44,17980.0,6136420.521037877,133415.96731600762,19970801.34039894,2148234.5134545565,2785183.3226103853,2412914.00284413,2738173.5530186277,5640.065685056237,44884262.991760574,YULARA_COMBINED,2018,pointwise_finite,144,power-active,24
45,17681.0,8221710.038458484,285543.6540859032,19336561.80035292,2086991.9154131694,5170256.028724909,4913114.081296516,4811909.492680855,108786.56526669186,43635069.91416756,YULARA_COMBINED,2018,pointwise_finite,144,power-active,24
46,17788.0,6352863.540604215,305949.3044570124,18640263.69394748,2225833.49866485,3336692.1493168776,3600399.480091514,4053134.039024276,1044714.7827182173,43192062.28713934,YULARA_COMBINED,2018,pointwise_finite,144,power-active,24
47,17712.0,6900868.705970217,629236.6185540338,18713676.947974592,2538127.6787883723,3658089.6820440046,3335119.0485706055,3422393.242009874,502653.27847073565,43304546.89300784,YULARA_COMBINED,2018,pointwise_finite,144,power-active,24
48,18091.0,7784495.101028724,172914.56266360625,19341869.67001926,2181508.9842887884,4442345.505532849,4565053.582730781,4786214.1127308,496899.45851276035,44530468.72650239,YULARA_COMBINED,2018,pointwise_finite,144,power-active,24
49,18000.0,5867412.288679639,106881.6572576526,17945861.795112208,1779985.7903150492,3297232.5993562248,3095498.9925392545,3267768.371141356,50383.43879630532,42412318.16019499,YULARA_COMBINED,2018,pointwise_finite,144,power-active,24
50,18053.0,6949396.447405478,563679.6346679372,18299086.3815378,2400508.8212584076,4908021.910010957,5887866.416423704,6159779.218441546,446844.53642287804,41995533.9358575,YULARA_COMBINED,2018,pointwise_finite,144,power-active,24
51,17751.0,7987413.413212061,6343002.32584618,6595001.691021425,4717001.072038525,5531978.647129759,6610195.164278541,7623926.654428929,8119147.499788855,20478669.210570727,YULARA_COMBINED,2018,pointwise_finite,144,power-active,24
52,17661.0,6661294.801215538,4030325.112830649,16455957.275969796,6258561.217441317,4448962.898574539,4536532.688769185,4910522.11136038,6914922.151307522,39023097.1773616,YULARA_COMBINED,2018,pointwise_finite,144,power-active,24
53,17619.0,5058032.303645045,555791.6667167883,16430322.749052681,2244021.4553456195,2832532.1473120544,2388884.0932217236,2606219.837895959,1033536.2923513083,40433630.43186733,YULARA_COMBINED,2018,pointwise_finite,144,power-active,24
54,17856.0,5891744.065235011,532490.8763280029,15392074.745852822,1931276.900609914,3036325.3701784443,3058548.5596848573,3652042.215754488,517770.19571431965,38841357.168793194,YULARA_COMBINED,2018,pointwise_finite,144,power-active,24
55,17611.0,8747043.603022609,4551751.393363309,10545398.112662416,4517980.438513157,7590738.689374137,8890618.52151352,10504100.966987858,5260549.364483955,29013831.520499956,YULARA_COMBINED,2018,pointwise_finite,144,power-active,24
56,17381.0,8982903.42447811,6139514.669883501,11391809.261324238,5261921.3907762645,7727844.6122698225,8142810.52821609,9325388.199648488,9320143.158284517,28083304.57030614,YULARA_COMBINED,2018,pointwise_finite,144,power-active,24
57,17568.0,5965031.452244642,2555235.088381558,13389901.204870136,3478632.345821886,3198566.5357835367,3695134.2491154964,4738239.463576541,4484882.704452459,34768253.46194437,YULARA_COMBINED,2018,pointwise_finite,144,power-active,24
58,17712.0,5032791.521241323,183820.32068752957,15118057.739574585,1964517.6985568113,2870031.870350965,2765427.3754317933,3393839.6352361324,46694.577791577685,37408916.39964849,YULARA_COMBINED,2018,pointwise_finite,144,power-active,24
59,17661.0,6756334.070788783,848481.4553330954,16676122.189485386,2797977.4007745273,4769031.302024091,4972011.6318164645,5483675.869545759,696551.7741385294,39508403.782745615,YULARA_COMBINED,2018,pointwise_finite,144,power-active,24
60,17619.0,9176680.162153123,2254670.4217372015,15672381.367962226,3660539.1354708886,7393240.5570821725,7675365.87198944,8060217.571754978,2745159.9620721806,38803350.27502902,YULARA_COMBINED,2018,pointwise_finite,144,power-active,24
61,17712.0,6044905.43897277,771629.216835693,15982539.610829826,2419343.178868709,3437478.4910026356,3175172.0311912857,3154928.567324737,2489310.447685629,39855682.93015019,YULARA_COMBINED,2018,pointwise_finite,144,power-active,24
62,17568.0,6035407.690065596,113056.61838512345,15423472.14411825,1699914.0583870546,3027375.8182539325,3376593.659147485,3838035.0887632426,6171.206241456038,38931739.43555428,YULARA_COMBINED,2018,pointwise_finite,144,power-active,24
63,17568.0,6422115.061815461,124834.04178478353,15537584.98220247,1775874.18615559,3659481.266294707,3873389.575599746,3854243.600590556,5870.565096619506,38763751.867375545,YULARA_COMBINED,2018,pointwise_finite,144,power-active,24
64,17568.0,7492999.491508351,234717.09205357454,15560431.330541216,1879414.0627360893,2922666.0762638506,3022570.1767551545,3443425.390265074,98155.76735537831,38674603.24601943,YULARA_COMBINED,2018,pointwise_finite,144,power-active,24
65,17424.0,7531309.911163529,3234690.9306685375,12284987.37862049,3680044.226765661,4389460.860621502,4669548.115452377,5559124.157017457,3413688.002855714,32397156.362153098,YULARA_COMBINED,2018,pointwise_finite,144,power-active,24
66,17351.0,10267595.57681614,5630543.003152577,6920806.365950434,5075732.275511973,7491381.408914362,9117688.296210961,10313618.77651823,8502309.169889072,19181110.504739854,YULARA_COMBINED,2018,pointwise_finite,144,power-active,24
67,17183.0,9716367.479540642,5712849.6322936965,11164050.830685683,5835456.338602113,7983901.532978156,9210555.899364369,10348805.936444132,10178712.642456446,28363500.07082329,YULARA_COMBINED,2018,pointwise_finite,144,power-active,24
68,17089.0,11813544.33568633,5184588.768662038,5820007.653824117,5093921.322104805,7996199.9527269825,10398439.027996486,12027053.048563924,7279410.602941802,16287687.159984931,YULARA_COMBINED,2018,pointwise_finite,144,power-active,24
69,17230.0,13080429.535079198,2696408.156477476,4121800.3635169705,3023465.943820844,9697481.302022915,11644456.777067551,14037924.239515882,5564205.229975887,12921339.937012926,YULARA_COMBINED,2018,pointwise_finite,144,power-active,24
70,17330.0,13304481.005643934,4820371.45097606,10187631.845999496,5999505.543713781,9824884.134354841,11412252.747509262,12984574.844102725,6625722.492767229,27178453.605788153,YULARA_COMBINED,2018,pointwise_finite,144,power-active,24
71,17230.0,8459625.55812236,3030873.189436172,8739262.763305204,3828414.9397712313,9055623.425875422,10639299.574204626,12283428.011698646,6138489.715819569,24844184.27266575,YULARA_COMBINED,2018,pointwise_finite,144,power-active,24
72,17280.0,4994528.464448071,2360088.323699966,13813022.997194324,4349904.264579472,2131663.8853275236,2882354.5023654797,3747273.9173689447,5884664.804691236,36367687.81432243,YULARA_COMBINED,2018,pointwise_finite,144,power-active,24
73,17424.0,5830575.2915553395,162328.03268429716,14367520.130501406,1739663.730870463,3146786.942243915,3047947.677960861,3071477.460229705,9812.644974172823,37211419.7465825,YULARA_COMBINED,2018,pointwise_finite,144,power-active,24
74,17424.0,5134101.43451417,115578.87361870619,13346801.017213132,1517423.5198020423,1841716.5385905455,1763115.4204965173,2238293.2738816175,14934.834301148314,36188115.47143431,YULARA_COMBINED,2018,pointwise_finite,144,power-active,24
75,17424.0,5828120.435467699,137785.74441023247,13748788.45215253,1715707.9215404543,2468038.941703345,2570523.433936,3027856.5293666325,21100.511551141844,36811579.536562696,YULARA_COMBINED,2018,pointwise_finite,144,power-active,24
76,17424.0,5975742.613111148,1172038.9701079875,12295954.403658643,2013466.3503126581,3868068.9470659154,3891313.3679816737,4169348.556693738,1069071.800449684,33982800.68797868,YULARA_COMBINED,2018,pointwise_finite,144,power-active,24
77,17424.0,5399414.749442824,377008.6232218881,14864619.66292596,2345145.1565336064,3122723.400767864,3015651.5904929414,3219167.4169037123,1117312.5153565537,37904875.76438631,YULARA_COMBINED,2018,pointwise_finite,144,power-active,24
78,17525.0,6034614.293529414,282652.9579432319,15774933.665931132,2158036.166822069,3216038.8094035327,2941150.873427945,3096338.5599475433,149896.83221603392,39582187.27736427,YULARA_COMBINED,2018,pointwise_finite,144,power-active,24
79,17517.0,7874844.097475412,5195626.319334835,9782100.031310994,4251244.959652742,7762851.809047782,8129785.041832701,7974535.75954582,5601430.956953484,28455165.655650694,YULARA_COMBINED,2018,pointwise_finite,144,power-active,24
80,17518.0,6796913.670942365,1634447.6978634985,13376429.773280025,3429503.7761923647,5954186.258418689,6334948.1809599865,6048836.108548568,5219039.511886541,34809447.92439773,YULARA_COMBINED,2018,pointwise_finite,144,power-active,24
81,17327.0,5971318.269001633,443799.1613888438,13943364.10739787,2108985.9333275235,3016777.5889083114,3348641.8745655706,3980329.383035308,900120.8383559996,36398968.18349722,YULARA_COMBINED,2018,pointwise_finite,144,power-active,24
82,17233.0,7117836.947190935,1545949.0962922317,14631929.4585715,2879624.7386081065,5824751.171368587,5583087.494857003,5384382.278022075,1421196.3918731736,37152983.73500512,YULARA_COMBINED,2018,pointwise_finite,144,power-active,24
83,17424.0,7328020.009057427,395607.03480075765,14143412.860939527,2017324.033092506,5220022.417083107,5248428.000470264,5157158.475918074,1342665.7787003857,36950503.97546744,YULARA_COMBINED,2018,pointwise_finite,144,power-active,24
84,17424.0,6098654.906278224,127542.13724091974,14529709.88852371,1804951.0235656276,4351474.108221457,4788938.6265314035,4876347.117996165,103112.28288882601,37554747.4466359,YULARA_COMBINED,2018,pointwise_finite,144,power-active,24
85,17568.0,4865842.423038901,121623.07727133529,14037321.175424637,1649089.2354881354,3775602.15229094,3922044.214871322,3926902.0685458304,13058.880638967443,36924177.85544413,YULARA_COMBINED,2018,pointwise_finite,144,power-active,24
86,17568.0,6324989.017895358,156461.33130946977,15110541.132669833,1974017.5927656253,4924774.335926325,4986664.078788428,4692812.6656909,23533.569681302226,38251439.4701335,YULARA_COMBINED,2018,pointwise_finite,144,power-active,24
87,17568.0,5449268.558953326,335183.11423971935,13379819.497691538,1734378.1506987184,3619551.3442849936,3512551.775605972,3644690.3588628564,240096.86113306484,36347680.07010968,YULARA_COMBINED,2018,pointwise_finite,144,power-active,24
88,17568.0,7686696.137676499,190140.34475676104,13210189.856330387,1652011.3097914157,3202447.263013538,3253145.748278406,3816383.028321247,202830.02678039658,36224085.79901314,YULARA_COMBINED,2018,pointwise_finite,144,power-active,24
89,17568.0,7292268.326453448,131842.79864185237,12999523.212449426,1651149.5112849255,3744315.554407042,3819314.1634289306,3624084.055969687,17933.275405399134,35946512.11785164,YULARA_COMBINED,2018,pointwise_finite,144,power-active,24
90,17568.0,5538408.142021668,188891.69091163183,14625737.198772345,1959480.749387581,4031512.315262734,3989199.829465981,3824892.530371473,66551.80526765746,37509080.79992862,YULARA_COMBINED,2018,pointwise_finite,144,power-active,24
0,38967.0,16862654.25813044,1733369.1908111668,56061993.69632455,7117490.610251935,8379338.542862971,8177250.511739174,8848349.208734252,4340550.180374327,106774052.54328203,YULARA_COMBINED,2018,pointwise_finite,144,power-active,48
1,39081.0,19630066.34325634,786270.7460462124,58668829.70752735,5716067.930084761,8245900.377927554,7639278.522508859,8060211.442969665,722574.6966814654,111650136.44259816,YULARA_COMBINED,2018,pointwise_finite,144,power-active,48
2,38967.0,21216112.0110855,2360921.7678448185,55437129.01619434,6890857.904952739,11061551.413329352,11051525.369383095,11366357.089951504,4175712.2179989773,108641170.72745013,YULARA_COMBINED,2018,pointwise_finite,144,power-active,48
3,38736.0,17366919.215280287,354199.97436364944,51401072.50094894,4304242.391180853,11179781.636342602,12461458.124278508,13304081.55213061,380126.7428793743,105056967.22448707,YULARA_COMBINED,2018,pointwise_finite,144,power-active,48
4,38283.0,17165658.621811233,3631177.3538924316,52111905.21264716,7237578.818643075,10970529.746134413,10809275.989642156,11820680.21227195,3648576.977062793,102515202.43629977,YULARA_COMBINED,2018,pointwise_finite,144,power-active,48
5,36973.0,22271087.34805929,10129382.155277077,45704665.74496087,12011090.672611713,22420643.088362053,19887877.363539778,21827352.610438373,16226668.688863415,91766804.5014003,YULARA_COMBINED,2018,pointwise_finite,144,power-active,48
6,38016.0,19033443.292767964,1329091.9101242123,52373891.46838373,6089519.375129053,8925652.780885322,9190613.503474673,9349777.34640043,2062207.7401015535,103775922.54582337,YULARA_COMBINED,2018,pointwise_finite,144,power-active,48
7,38016.0,19044627.88690215,821197.8544972048,52000498.47233855,5008628.021743641,11492586.46138768,11660798.16410077,12030664.982714366,737453.155864129,104932680.547058,YULARA_COMBINED,2018,pointwise_finite,144,power-active,48
8,37440.0,24053541.19449843,13624979.894643174,33251052.16073135,12871225.900348887,24552353.360652853,23697924.664272923,27038500.829227105,17181475.725394506,69525782.59877658,YULARA_COMBINED,2018,pointwise_finite,144,power-active,48
9,37187.0,22392343.674845792,10910266.090745974,32927213.50625653,12957606.527867539,25139165.987132024,23693429.69872522,26445583.71865818,18863612.99576474,73377952.64866422,YULARA_COMBINED,2018,pointwise_finite,144,power-active,48
10,37749.0,19200910.480292495,6787059.468682401,41946590.456723645,9805165.077693352,15212968.165842824,15090908.41032395,16730888.535987731,13127945.504970895,89586918.56715582,YULARA_COMBINED,2018,pointwise_finite,144,power-active,48
11,37528.0,15762260.39787552,2049724.1833058975,43418580.31027408,5482181.200354094,13348381.700367156,12941429.2117376,14259951.521551471,2362843.2992836875,92328631.21859992,YULARA_COMBINED,2018,pointwise_finite,144,power-active,48
12,35856.0,25091793.018293522,26728767.420193713,24098627.688655157,22936878.369451985,35296549.879306674,34560606.51908582,37940587.10241499,36207770.54755765,49733348.71476687,YULARA_COMBINED,2018,pointwise_finite,144,power-active,48
13,37673.0,17837307.69982431,25424005.759608768,41301893.69018284,25438682.9845698,15198356.101293975,15084461.504054781,15803912.344484398,37350050.168704405,90280412.24442388,YULARA_COMBINED,2018,pointwise_finite,144,power-active,48
14,36720.0,18097250.320055574,2884210.581026892,43486829.80068882,7153298.577970749,13106665.184582744,14107539.854450403,14995663.51094613,6986819.304560345,93718073.29730257,YULARA_COMBINED,2018,pointwise_finite,144,power-active,48
15,36654.0,19248202.029780634,3794079.299129368,37880040.02909808,6108808.731927002,10610447.150694804,10592802.101310818,12635477.468402691,3831340.6273685778,84173871.50421311,YULARA_COMBINED,2018,pointwise_finite,144,power-active,48
16,36156.0,18704914.27171945,31502684.363750678,26680708.837401595,28855512.819777604,17493790.262331046,17910125.28572513,20254748.92591418,44436153.895257466,59813738.669677466,YULARA_COMBINED,2018,pointwise_finite,144,power-active,48
17,36576.0,11539693.664215019,2549476.4778322936,36690325.82804688,5261363.494726484,6341198.7463573525,6391975.045846699,7203890.789781771,3682796.1497477787,85455009.86074279,YULARA_COMBINED,2018,pointwise_finite,144,power-active,48
18,36288.0,16663877.29677807,7208504.078338514,31193731.487113383,8279445.32483158,10040249.302876988,10262501.787629679,11367958.123841403,11623919.47306434,76267551.86758052,YULARA_COMBINED,2018,pointwise_finite,144,power-active,48
19,36288.0,14082965.437720513,365009.4218886227,36281272.47802748,3845467.7797608674,9413875.052235471,10019922.238551002,11211769.71285788,179217.9282826775,83234523.30679736,YULARA_COMBINED,2018,pointwise_finite,144,power-active,48
20,36288.0,13013332.964114858,329482.6994868524,40727107.64403456,4589556.3540564515,6603210.2309962455,6400814.022876596,7013340.096127401,75344.2388069372,91790253.63080582,YULARA_COMBINED,2018,pointwise_finite,144,power-active,48
21,36288.0,13742894.500700377,249261.7330729396,40403295.57910154,4154632.9488932155,7117443.4092486,6535749.742308695,6777158.221649159,54509.25972647711,91555928.07212369,YULARA_COMBINED,2018,pointwise_finite,144,power-active,48
22,35661.0,14358130.559496349,418959.6214019107,39307363.1407519,4235226.428867724,7955439.351335297,7326028.084140646,7550083.045699482,114426.63095174813,88519332.90592816,YULARA_COMBINED,2018,pointwise_finite,144,power-active,48
23,35500.0,13253732.246574441,935185.9230110464,37353940.64192201,4763961.177453225,6994781.831360886,6935518.528662118,7475527.281034153,1547368.061188956,86496609.1801472,YULARA_COMBINED,2018,pointwise_finite,144,power-active,48
24,36091.0,13651907.389708372,279796.2199212593,37287731.46513151,3961494.7746038414,7739578.104889077,7660552.57527004,8053982.483872165,547282.8973090657,86942786.88669735,YULARA_COMBINED,2018,pointwise_finite,144,power-active,48
25,35804.0,14936809.860617543,6906681.960514118,24894088.072559223,7117509.89329693,10440000.55714073,12498061.580702253,13783705.872870484,8565992.036211733,62474203.146428205,YULARA_COMBINED,2018,pointwise_finite,144,power-active,48
26,35280.0,11719327.10486058,4586116.779547429,32886280.025022477,8502582.67278694,7281495.045886602,6925416.781990901,7516741.949256336,7948458.443658825,79456727.60922906,YULARA_COMBINED,2018,pointwise_finite,144,power-active,48
27,35467.0,14638787.66825761,5084242.269691321,25937472.858515233,6449257.339123069,10627064.059552576,11949167.081198387,14156143.182742337,5778319.5601982735,67855188.68929315,YULARA_COMBINED,2018,pointwise_finite,144,power-active,48
28,34949.0,14947934.876722736,8694749.758265056,24781710.466194402,8740553.73659815,10926411.148053357,11837944.777331587,14063627.663225023,13805025.862736989,62851558.03225056,YULARA_COMBINED,2018,pointwise_finite,144,power-active,48
29,35373.0,11789125.592030102,1032301.7760206242,31794179.929059986,4762495.099331342,7639063.172375057,7737439.007248255,8877515.504781889,743246.3519301072,76917320.18239415,YULARA_COMBINED,2018,pointwise_finite,144,power-active,48
30,35331.0,15221585.6011259,3026299.638572893,31654920.97879203,6079882.314339599,10830719.048084818,10850537.90318072,11215146.139079712,5234470.409757806,78659033.20517921,YULARA_COMBINED,2018,pointwise_finite,144,power-active,48
31,35136.0,12457522.751881063,237890.66016990686,30961057.126320697,3475788.244542642,6686857.084548631,7249983.234747231,7692278.689353799,12041.77133807557,77695491.30292983,YULARA_COMBINED,2018,pointwise_finite,144,power-active,48
32,34992.0,15024309.402671874,3469408.022722113,27845418.709161684,5559458.2895017415,7312126.936885354,7692118.292207534,9002549.54728253,3511843.770211093,71071759.60817257,YULARA_COMBINED,2018,pointwise_finite,144,power-active,48
33,34534.0,19983963.05635678,11343392.635446273,18084857.196636114,10911188.614114089,15475282.941892538,18328244.195575356,20662424.71296237,18681021.812345512,47544610.5755631,YULARA_COMBINED,2018,pointwise_finite,144,power-active,48
34,34319.0,24893973.870765526,7880996.925139516,9941808.01734108,8117387.265925649,17693681.254749905,22042895.805064056,26064977.288079824,12843615.832917685,29209027.096997865,YULARA_COMBINED,2018,pointwise_finite,144,power-active,48
35,34560.0,21764106.563766263,7851244.640412232,18926894.609304715,9827920.483485008,18880507.560230248,22051552.321713865,25268002.85580138,12764212.208586797,52022637.87845394,YULARA_COMBINED,2018,pointwise_finite,144,power-active,48
36,34704.0,10825103.756003423,2522416.3563842652,28180543.127695713,6089567.995449933,5278450.827571439,5930302.180326338,6818751.377598644,5894477.4496654,73579107.56090498,YULARA_COMBINED,2018,pointwise_finite,144,power-active,48
37,34848.0,10962221.869981859,253364.61802893865,27095589.469365675,3233131.441342496,4309755.480293895,4333638.854432515,5266149.803248253,36035.345852290135,72999695.00799693,YULARA_COMBINED,2018,pointwise_finite,144,power-active,48
38,34848.0,11375157.362553978,1549047.5933298746,27160574.066584587,4358611.50684626,6990792.347833781,6906964.9584746165,7388515.97359745,2186384.3158062366,71887676.45236501,YULARA_COMBINED,2018,pointwise_finite,144,power-active,48
39,35042.0,13909458.391004825,5478279.277278065,25557033.69724215,6409281.126474813,10978890.618451321,11070935.915260646,11070874.319493353,5751327.7891695155,68037352.93301503,YULARA_COMBINED,2018,pointwise_finite,144,power-active,48
40,34845.0,12768231.939943993,2078246.8592523413,27319793.8806779,5538489.709519888,8970963.847327007,9683590.055525554,10029165.491583869,6119160.350242536,71208416.10789493,YULARA_COMBINED,2018,pointwise_finite,144,power-active,48
41,34657.0,14445856.956248365,1941556.1310929873,28775342.31951102,4896948.771700615,11044773.588451695,10831515.495327272,10541540.753940154,2763862.1705735554,74103487.71047257,YULARA_COMBINED,2018,pointwise_finite,144,power-active,48
42,34992.0,10964497.329317123,249165.21451225507,28567031.06394835,3454040.259053764,8127076.260512395,8710982.841402737,8803249.186541986,116171.16352779354,74478925.30208,YULARA_COMBINED,2018,pointwise_finite,144,power-active,48
43,35136.0,11774257.576848704,491644.44554918905,28490360.630361326,3708395.743464345,8544325.680211326,8499215.854394406,8337503.024553753,263630.4308143671,74599119.54024316,YULARA_COMBINED,2018,pointwise_finite,144,power-active,48
44,35136.0,14978964.464129955,321983.14339861326,26209713.068779815,3303160.821076339,6946762.8174205795,7072459.911707339,7440467.084290934,220763.30218579574,72170597.91686465,YULARA_COMBINED,2018,pointwise_finite,144,power-active,48
45,17568.0,5538408.142021668,188891.69091163183,14625737.198772345,1959480.749387581,4031512.315262734,3989199.829465981,3824892.530371473,66551.80526765746,37509080.79992862,YULARA_COMBINED,2018,pointwise_finite,144,power-active,48
0,58464.0,28202882.019756936,2097777.0426375684,86738799.52249631,10340960.864306163,12113722.103302578,12307397.766667748,13093475.049783994,4551089.82690561,163518945.15059957,YULARA_COMBINED,2018,pointwise_finite,144,power-active,72
1,58551.0,29505950.592715356,2782784.662064628,83429152.8975499,9383455.580983263,15573068.230817294,14560656.636963367,15181442.691871438,4687747.268149157,163546414.56273058,YULARA_COMBINED,2018,pointwise_finite,144,power-active,72
2,57976.0,25863485.51887159,706632.5051521419,77354066.61497372,6798551.939998234,14899084.416487,16322560.094868124,17512523.325299986,658420.4237245179,156959432.23709232,YULARA_COMBINED,2018,pointwise_finite,144,power-active,72
3,56016.0,30940179.66627922,13408126.97838102,71863576.8435833,16754359.942437412,29671870.054352056,26836051.382592335,29439591.049540933,19596951.985081024,142379541.92509487,YULARA_COMBINED,2018,pointwise_finite,144,power-active,72
4,57024.0,29455804.848533265,1456202.9989719666,79177068.72097768,8531389.793700887,14889702.305356745,15749980.35730344,15953502.454716217,2072870.6131694224,157385806.28074077,YULARA_COMBINED,2018,pointwise_finite,144,power-active,72
5,56448.0,32675807.525635302,14319066.660292627,58448373.380475834,15437983.503520701,30080890.29756911,28799355.9745449,32465440.70362568,17908266.008190766,120848579.41091712,YULARA_COMBINED,2018,pointwise_finite,144,power-active,72
6,56016.0,34560442.699965686,15840769.908802103,52750612.40800158,18864907.13914418,35822256.82172933,33306719.06024164,37133964.2203288,27407353.10555366,116277946.2778818,YULARA_COMBINED,2018,pointwise_finite,144,power-active,72
7,56448.0,22795071.853048135,3906279.8339321744,65541771.865252785,9380045.666770816,17878259.031612705,18419048.26054518,20302459.55586855,6947048.694465641,139015556.15653804,YULARA_COMBINED,2018,pointwise_finite,144,power-active,72
8,54864.0,33547773.993154563,48357390.89081621,44522374.946244895,43434459.08563573,42410997.09728379,41927724.72338429,45500829.73964786,67841197.33728223,95053642.51962556,YULARA_COMBINED,2018,pointwise_finite,144,power-active,72
9,55385.0,27478577.04501881,6679592.870013131,64364976.233281866,12094400.846356848,21190574.067899603,21824883.1542068,23239333.218197655,12703442.683540108,138678191.73686764,YULARA_COMBINED,2018,pointwise_finite,144,power-active,72
10,54522.0,29829815.600409944,18298039.863538172,42036641.63505943,16978019.169392463,23408813.5265122,24316750.917958576,28977315.856471065,22588942.785628673,95269335.3415969,YULARA_COMBINED,2018,pointwise_finite,144,power-active,72
11,54864.0,19662994.365305144,19548200.27717421,59214433.0594871,23247665.87703865,11036622.632871022,10578151.514924046,11116801.327627555,29361347.886745036,134173284.69303636,YULARA_COMBINED,2018,pointwise_finite,144,power-active,72
12,54432.0,22093430.26354118,7314821.233199096,47630522.37460903,9715236.602808915,14012324.118794095,14989191.886902483,16909172.884643916,11686864.552766316,116124370.32842289,YULARA_COMBINED,2018,pointwise_finite,144,power-active,72
13,54432.0,21666745.43507227,588174.9665148903,60571589.2345664,6999232.855840004,12045010.467314607,11694046.162154807,12683895.048182745,191617.0873876541,135167958.47676072,YULARA_COMBINED,2018,pointwise_finite,144,power-active,72
14,54268.0,19879315.021738272,382677.70038894704,60374096.91950043,6302867.462347769,9902626.73185898,8948663.745152822,9515331.7746678,60149.325411533355,136440191.06388426,YULARA_COMBINED,2018,pointwise_finite,144,power-active,72
15,53181.0,21475442.285032924,1220729.5770969505,56690502.442274906,6850953.09286639,12165037.860085817,11848632.609958643,12287436.773715002,1656154.6264556493,130131679.09431487,YULARA_COMBINED,2018,pointwise_finite,144,power-active,72
16,54144.0,20601303.837113854,843475.8545891972,55586817.84666929,6362003.59586224,12647600.014900042,13548418.991693726,14213761.702313693,994127.4337319429,128938320.82255492,YULARA_COMBINED,2018,pointwise_finite,144,power-active,72
17,53031.0,19706740.518072635,10929119.105393616,39481281.71604395,13219583.74482547,12813473.69301637,13535611.946269438,15140668.603685258,16067605.943447683,99935396.81979972,YULARA_COMBINED,2018,pointwise_finite,144,power-active,72
18,52848.0,23621691.0927357,11223756.939574819,37329282.11983945,11711178.729899332,18354908.67182239,20091977.609414455,23481531.382390816,15098462.718482811,95938493.25959937,YULARA_COMBINED,2018,pointwise_finite,144,power-active,72
19,52941.0,17754157.04427476,3587536.864402183,45184081.133930095,8241127.445153222,10837629.708158582,11432573.25636377,13615754.968358425,5228129.056382558,111685573.64433838,YULARA_COMBINED,2018,pointwise_finite,144,power-active,72
20,52899.0,21256993.29119148,3139356.256958017,47078393.122910306,7779796.372726651,13858094.866338745,14227131.562328212,15053181.227842951,5240641.615999251,117590772.64073342,YULARA_COMBINED,2018,pointwise_finite,144,power-active,72
21,52560.0,21446424.464487333,3594242.064506897,43383003.69136415,7335332.475657336,10971608.203180052,11565507.867807275,12856793.147873104,3517714.3353077127,109835511.47554807,YULARA_COMBINED,2018,pointwise_finite,144,power-active,72
22,51623.0,31797507.39204311,16527981.404108334,23904864.850460242,16005109.93621888,23471482.89461952,28726683.22357186,32689477.761526257,25960432.41528731,63832297.73554805,YULARA_COMBINED,2018,pointwise_finite,144,power-active,72
23,51790.0,34844536.09884551,10547652.796889706,23048694.972821694,12851386.427305857,28577988.862253174,33696009.09878142,39305927.09531722,18328417.438562684,64943977.81546692,YULARA_COMBINED,2018,pointwise_finite,144,power-active,72
24,52128.0,15959205.190517602,2637995.2300029737,41527344.1449088,7606991.5152519755,7120167.366161979,7693417.600822853,9057044.65148026,5909412.283966544,109767223.0323392,YULARA_COMBINED,2018,pointwise_finite,144,power-active,72
25,52272.0,17203277.7980217,1686833.3377401072,40909362.518737085,6074319.428386707,9458831.28953711,9477488.392410621,10416372.502964068,2207484.8273573783,108699255.98892781,YULARA_COMBINED,2018,pointwise_finite,144,power-active,72
26,52560.0,20706372.0619472,7112726.975141561,38933463.47052214,9838784.902667176,16933076.87687002,17405884.096220605,17119710.428041916,10970367.301056063,102846800.85741279,YULARA_COMBINED,2018,pointwise_finite,144,power-active,72
27,51984.0,20417175.22524999,2385355.2924818327,42718706.426908925,7005934.705028132,14061551.177359998,14180157.36989285,14521870.136975478,3663983.0089295604,110502455.89396968,YULARA_COMBINED,2018,pointwise_finite,144,power-active,72
28,52560.0,17289486.347212475,405626.54582172463,43677572.19661818,5428057.85181939,13051850.596438726,13697646.920191158,13496061.852232885,139704.73320909584,112730364.77221346,YULARA_COMBINED,2018,pointwise_finite,144,power-active,72
29,52704.0,20428233.023083296,657166.2576383322,39589532.56647139,5037538.971775054,10566314.161705561,10585011.687313318,11085157.443153773,460860.16331886186,108518277.98697446,YULARA_COMBINED,2018,pointwise_finite,144,power-active,72
30,17568.0,5538408.142021668,188891.69091163183,14625737.198772345,1959480.749387581,4031512.315262734,3989199.829465981,3824892.530371473,66551.80526765746,37509080.79992862,YULARA_COMBINED,2018,pointwise_finite,144,power-active,72
0,21888.0,2367302.0095106116,48312.327413670726,6324329.553988264,645103.0838042502,1284025.108702137,729952.0449378372,1144783.6302197895,101.9887332804274,39068869.45599427,YULARA_COMBINED,2018,pointwise_finite,144,low-power,24
1,22089.0,2636519.9910517563,48449.89129690031,6458628.034782738,561980.59653617,1820983.0498886213,1095941.044441676,1663263.715868168,206.98532602086362,40466699.850153655,YULARA_COMBINED,2018,pointwise_finite,144,low-power,24
2,21975.0,2226023.063411816,50567.42465549434,6583602.3673093775,518330.76116791734,1358502.6553279385,763926.6044568989,1245515.7594976106,20.8008068598841,42095612.289887086,YULARA_COMBINED,2018,pointwise_finite,144,low-power,24
3,21888.0,2296214.9428881397,40556.11462741298,6785606.966382919,492305.39697090036,1139014.6371742294,543176.177956472,834111.033684533,23.608458378519302,39836222.020452484,YULARA_COMBINED,2018,pointwise_finite,144,low-power,24
4,21945.0,7387176.321956151,391518.1772273079,6751123.338697788,495155.37894612947,1935781.3821921523,1272981.6852023052,1757022.134137223,20.827362958423553,38478203.73641321,YULARA_COMBINED,2018,pointwise_finite,144,low-power,24
5,22032.0,3519730.4874637374,105477.53034584715,6812025.702846075,563908.9615551626,1687502.2563923367,898949.4983566491,1240354.108929786,18.270908165725064,39596736.936707206,YULARA_COMBINED,2018,pointwise_finite,144,low-power,24
6,22032.0,2393587.276981186,39103.90801068934,6733634.972031344,517352.18210336677,1252934.960237761,663420.8242815097,1015319.3529390084,1.1627482705044911,38992782.48285593,YULARA_COMBINED,2018,pointwise_finite,144,low-power,24
7,22176.0,3208649.901294981,37041.860351731506,6970157.136021526,577960.9870001229,1676689.868677721,983403.2262327499,1433520.2116346897,21.306982984758257,35767273.56893637,YULARA_COMBINED,2018,pointwise_finite,144,low-power,24
8,22232.0,2747908.959353016,41779.56294440517,6779453.150122987,533326.8099621789,1321247.2814086112,692568.2817966891,1064554.984145486,12.027322988807569,38587724.15923597,YULARA_COMBINED,2018,pointwise_finite,144,low-power,24
9,22429.0,2357889.731001337,59494.771427560256,7089517.360333814,668254.4098004763,1285322.899095202,704228.4152329975,1070560.9423387486,266.127579215296,36815429.57776517,YULARA_COMBINED,2018,pointwise_finite,144,low-power,24
10,23040.0,7027702.467895343,160388.71077373542,8653842.389368678,1039241.2233284062,3681003.0950022317,2938462.6609687246,3668132.6463328023,1317.49904126479,32554860.003381506,YULARA_COMBINED,2018,pointwise_finite,144,low-power,24
11,22931.0,4354159.639320226,88797.53869656894,7873178.595563439,769473.3530485686,3146170.227462464,2318665.5211249166,3078859.2666679053,65.55862827502432,36452538.196400896,YULARA_COMBINED,2018,pointwise_finite,144,low-power,24
12,22464.0,4296071.487479266,35711.941282988846,7256202.922501807,568615.6545012562,2599710.8191169053,1846898.3280654764,2510288.0810594023,145.35626331273565,37283632.30110809,YULARA_COMBINED,2018,pointwise_finite,144,low-power,24
13,22464.0,2211233.0551647115,50588.583718107024,7474848.422582673,593452.5049506768,900979.3251219663,402170.9123484346,662505.8576461785,3.828090198615385,40174346.90360044,YULARA_COMBINED,2018,pointwise_finite,144,low-power,24
14,22464.0,2593612.3965695077,45730.38817609781,7554292.154486673,617352.783411561,1883239.6007369205,1154428.034627711,1509466.3527376852,6.996476417592517,40038826.34536252,YULARA_COMBINED,2018,pointwise_finite,144,low-power,24
15,22464.0,2765512.009493684,48179.69621708736,7667020.666956595,635884.7416325522,1829428.5673653274,1084153.3443094192,1447068.5160554785,36.996830662399205,37351985.931712106,YULARA_COMBINED,2018,pointwise_finite,144,low-power,24
16,22608.0,3075509.8263623836,50754.174763581315,7887509.258745711,644927.3519463079,2198841.981841725,1419315.6341199314,1884219.208270684,184.308290583171,35004846.396686636,YULARA_COMBINED,2018,pointwise_finite,144,low-power,24
17,22896.0,11980138.8069649,181310.3988544369,10410548.736428937,1438207.0874238177,3246800.695464965,2586786.761541762,3423255.082764818,228.78094366478047,15793723.499494852,YULARA_COMBINED,2018,pointwise_finite,144,low-power,24
18,22752.0,7973789.653597795,162356.55350934548,8810312.353340937,1219665.4528121636,3695000.678618811,2808605.5519767185,3698298.478786353,120.4213887268172,25879661.597368255,YULARA_COMBINED,2018,pointwise_finite,144,low-power,24
19,23005.0,6588831.006869059,95260.04266910964,8391750.837711774,918075.3801668342,2734989.9292765334,1928327.5351904852,2641974.13129623,482.79728752695956,26662464.700977568,YULARA_COMBINED,2018,pointwise_finite,144,low-power,24
20,22643.0,5733065.232687523,119200.05867631477,8152497.9808594575,977939.0213697882,3193937.4120983803,2263294.578300456,3018688.1515906155,608.4386496778261,29898701.712309938,YULARA_COMBINED,2018,pointwise_finite,144,low-power,24
21,22552.0,2271991.8368723537,34807.78378305147,7456334.245982401,615065.6231486723,1737555.162986545,1134783.337469718,1708800.3733717822,137.42545729505213,34570571.391409054,YULARA_COMBINED,2018,pointwise_finite,144,low-power,24
22,22773.0,2662475.3151101805,54539.28965472675,7804290.368180858,708005.8943571075,1219583.2746257398,720432.0677359005,1083854.243024198,642.1683116788217,35247605.589255884,YULARA_COMBINED,2018,pointwise_finite,144,low-power,24
23,22643.0,4046881.271219593,50181.28707981576,8098007.088898371,704632.5247654936,3846816.4955570134,2436247.829043734,3196650.5877692522,901.4053872769944,31881481.694847114,YULARA_COMBINED,2018,pointwise_finite,144,low-power,24
24,23017.0,6293051.378093249,89364.38173512135,8529874.814642608,885646.0905412928,2957829.2905454007,2111677.6049269107,2749661.751270885,1153.8505670518318,29398582.141001076,YULARA_COMBINED,2018,pointwise_finite,144,low-power,24
25,24071.0,23097339.541293036,352647.27145990776,14276580.779505549,2919239.56568502,4678106.195641184,3635693.28627849,4536074.469175928,11971.829572836565,2544156.861193934,YULARA_COMBINED,2018,pointwise_finite,144,low-power,24
26,22464.0,3836389.056278536,197432.21941271803,8233966.37040496,1446265.0961372373,1851575.6477234364,1884915.660004444,2295754.392081056,5.552415205039257,31758504.499331985,YULARA_COMBINED,2018,pointwise_finite,144,low-power,24
27,22807.0,4464203.898728347,101227.87852913687,8444356.342292313,818067.8709815528,2249712.5942785274,1420345.471624817,1867713.5495406655,473.64141173758225,32407670.103274483,YULARA_COMBINED,2018,pointwise_finite,144,low-power,24
28,23184.0,4750669.583364322,81746.52971536046,9008806.73384291,871386.8590882136,2668430.318304605,1975916.3236835343,2580051.0113989655,217.00852464077823,32675035.65357428,YULARA_COMBINED,2018,pointwise_finite,144,low-power,24
29,23040.0,2954242.7767866566,46054.670349045395,8711403.68579816,660513.5891510614,2121525.010722972,1630806.417447538,2043365.6550639537,17.535292523925342,35376662.91049507,YULARA_COMBINED,2018,pointwise_finite,144,low-power,24
30,22896.0,2878448.881171675,40756.15055828064,8569700.375755752,719584.5080596997,1543110.730754851,1074834.898524857,1367717.038893175,3.316919142784799,33872103.597382225,YULARA_COMBINED,2018,pointwise_finite,144,low-power,24
31,23394.0,5495745.47797928,107356.94978754397,9182966.116907,948085.810173844,890932.1950916918,818194.2448671992,1123148.1159495788,5116.421072217784,29912811.411133792,YULARA_COMBINED,2018,pointwise_finite,144,low-power,24
32,23604.0,14525491.963346744,276984.966421551,13486267.64385298,2147292.790559457,2836644.6569871977,2036582.7802656714,2652751.0136791803,8608.264951629031,7078978.866783872,YULARA_COMBINED,2018,pointwise_finite,144,low-power,24
33,23184.0,3411086.1867876793,120260.4538078581,9476640.382249571,1157033.112197029,1822967.6820191385,1714581.137835892,1843492.3943257027,180.854527661494,37292776.37561891,YULARA_COMBINED,2018,pointwise_finite,144,low-power,24
34,23184.0,2940986.0156903667,56172.73034337282,9852437.291125327,860214.5166691922,945803.398038084,725512.6010652093,874275.3338770496,8.951422834791112,30532434.05489148,YULARA_COMBINED,2018,pointwise_finite,144,low-power,24
35,23184.0,2503659.7072602324,48897.07364128674,9354768.322767135,854754.0521110535,1323072.497648591,1063955.8876636936,1243860.1202849813,1.6272935090330516,35392971.42264157,YULARA_COMBINED,2018,pointwise_finite,144,low-power,24
36,23328.0,7759913.140825018,74305.94415186303,9928473.689772533,1007123.6315291483,1255797.029047077,1101036.7848801212,1293061.9896376652,27.832093288713974,24912841.466153875,YULARA_COMBINED,2018,pointwise_finite,144,low-power,24
37,23328.0,3336401.873166632,77900.41740015683,9221328.899127426,1010260.6621252424,1247589.988803206,972163.0572388119,1213544.2267944412,11.2362637384654,32142842.19345892,YULARA_COMBINED,2018,pointwise_finite,144,low-power,24
38,23328.0,3103359.8773824284,49777.768195704346,9125617.519482924,858206.0945461419,1205895.0199211184,914852.7895298909,1215407.5888181403,4.966114891461681,30698635.72797262,YULARA_COMBINED,2018,pointwise_finite,144,low-power,24
39,23328.0,4164876.504444184,62926.594805716784,9369912.670738155,861626.823341514,2950690.1770014223,2081164.7752919423,2597254.162000308,1.8699558000346854,33594802.648982376,YULARA_COMBINED,2018,pointwise_finite,144,low-power,24
40,23328.0,2898580.324697246,54819.721997708984,9847195.346495908,823950.1431270068,1463489.870464915,1100243.995819161,1355388.4637400103,3.4151321037226015,34951708.54686058,YULARA_COMBINED,2018,pointwise_finite,144,low-power,24
41,23328.0,2476022.157842132,55261.96768609572,10012173.518568834,820711.3208913133,948414.9716995979,671015.2113525359,826690.4253068296,8.243030415312603,35247018.66502751,YULARA_COMBINED,2018,pointwise_finite,144,low-power,24
42,23328.0,3034882.923571029,50156.08341965002,9944008.361573031,819009.7157496348,1496263.3517680396,1171804.4727200824,1272660.0385757098,1.9481922439007142,35910027.75899952,YULARA_COMBINED,2018,pointwise_finite,144,low-power,24
43,23328.0,2548604.6627332433,55590.74091393578,9784573.312631207,830984.2327698773,1217849.1102012063,958367.8835884474,1079896.804483085,9.622453205623037,34197013.69430691,YULARA_COMBINED,2018,pointwise_finite,144,low-power,24
44,23204.0,2827087.2650549193,70846.06693625517,9755140.243381243,821567.605561853,1045232.9121419119,855015.1964707668,1031840.6303708692,1.9676849676472759,34117699.27635736,YULARA_COMBINED,2018,pointwise_finite,144,low-power,24
45,23360.0,4902554.382315917,1000207.4119287566,10115755.8490413,1473856.8328050561,2655575.0822769087,2684799.374008657,2885502.3955205223,923801.5546848174,32984589.7501922,YULARA_COMBINED,2018,pointwise_finite,144,low-power,24
46,23253.0,2909904.285137247,92823.47229842692,10038708.75062139,845257.3175042585,1417163.9877802264,1370795.5313737707,1526045.9127855452,1.4365197424448972,33123400.336784966,YULARA_COMBINED,2018,pointwise_finite,144,low-power,24
47,23616.0,3574037.7590445797,128516.4370898164,10441580.46696652,964475.3145682298,1404293.9765330371,1065121.4533113756,1220045.6625647906,216.19637928779636,33941775.98078114,YULARA_COMBINED,2018,pointwise_finite,144,low-power,24
48,23381.0,3396862.299548404,48855.900857491964,10190386.204321552,840327.6001740219,1804975.314320598,1667564.2371175454,1781362.7961087744,78.52237079905248,33634275.36196326,YULARA_COMBINED,2018,pointwise_finite,144,low-power,24
49,23472.0,3468873.594597268,52210.68603544728,10282689.994781122,888953.3016519793,1537480.2005747403,1289848.2471805057,1422072.957359974,66.03222105541586,32012508.14543023,YULARA_COMBINED,2018,pointwise_finite,144,low-power,24
50,23419.0,8027219.0534882415,431536.08870442887,10280527.951897332,866689.3070293071,2115232.0195026635,2250259.970111261,2392671.41206846,11.138361921417294,32235080.995119937,YULARA_COMBINED,2018,pointwise_finite,144,low-power,24
51,23721.0,9941076.292998467,167598.21040848547,12517167.139439117,1494294.9379317071,1911498.5037286014,1745944.5445920078,1964999.1003730353,484.2422356711084,14674975.918498697,YULARA_COMBINED,2018,pointwise_finite,144,low-power,24
52,23811.0,3760618.474941161,105949.75945999824,10971836.171474416,1182395.0130662685,1966660.13168409,2012841.9305757142,2301429.2225993006,458.00781357406356,30127652.66062029,YULARA_COMBINED,2018,pointwise_finite,144,low-power,24
53,23853.0,3102505.718739819,55739.86747201935,10821998.566336796,949504.6110344948,1648695.2029450985,1259233.5205103045,1418831.6891160829,43.45200705460434,31052346.764578715,YULARA_COMBINED,2018,pointwise_finite,144,low-power,24
54,23616.0,3526331.221649461,58646.022786146554,10319736.08861601,968087.7670245988,1523762.8131370386,1259771.0672729688,1439275.6213234777,48.95801464533746,28682081.12859402,YULARA_COMBINED,2018,pointwise_finite,144,low-power,24
55,23861.0,8475969.192388516,131071.78029444278,11219145.721123418,1414593.411179443,2544299.288021517,2411601.725410829,2877271.630592019,328.78022720747185,18158112.440815695,YULARA_COMBINED,2018,pointwise_finite,144,low-power,24
56,24091.0,8209383.0209368495,230884.4961955884,11294749.752995715,1674784.730527831,3542644.167102431,3332230.023539246,4100535.4198875544,534.5083678429405,22410167.454471502,YULARA_COMBINED,2018,pointwise_finite,144,low-power,24
57,23904.0,3556619.760443115,68695.72767399333,10239262.380667977,1154808.9478232642,1518683.9996652503,1324816.1804507226,1670021.4292999462,64.33425075171043,27200450.02170186,YULARA_COMBINED,2018,pointwise_finite,144,low-power,24
58,23760.0,3913483.454237434,67540.09970608834,10626777.415711308,1055235.2468381256,1338573.2725333623,911928.8257321402,1209880.5189036294,2.6017919212085583,28477161.512949742,YULARA_COMBINED,2018,pointwise_finite,144,low-power,24
59,23811.0,4588245.086677973,65514.7012007042,10842952.463486053,1038727.7320520324,2100033.7330638035,1861560.3743083063,2128378.652050434,50.41930115957761,29618216.94009512,YULARA_COMBINED,2018,pointwise_finite,144,low-power,24
60,23853.0,5909179.924877377,105261.49531938373,11569342.158517867,1098784.8904840122,2584906.703112021,2503341.08806925,2660982.352691115,105.78416212215821,26420439.908873834,YULARA_COMBINED,2018,pointwise_finite,144,low-power,24
61,23760.0,3418841.71636408,67559.97688297393,10909734.533851828,902193.5456767313,1848888.9937035756,1427489.5941180976,1520626.3920859313,50.85426577667454,30531797.008028377,YULARA_COMBINED,2018,pointwise_finite,144,low-power,24
62,23904.0,3346198.9192058514,55864.55405676499,10956055.01993005,1019153.7968102071,1651494.0383631266,1361570.60333267,1524070.2451529477,3.6688936737681375,30405653.179200307,YULARA_COMBINED,2018,pointwise_finite,144,low-power,24
63,23904.0,3569836.107618207,60021.70303580209,11011576.119111935,1034297.4227623743,2001298.0383901177,1725595.8879785952,1748097.4259537458,1.9680898130592293,30348235.874479584,YULARA_COMBINED,2018,pointwise_finite,144,low-power,24
64,23904.0,3532219.1619561007,67561.94527635873,11017197.625166327,1036028.5385719482,1455850.2740106264,1244336.016745267,1384822.1809337619,5.789292535794812,30715270.509691134,YULARA_COMBINED,2018,pointwise_finite,144,low-power,24
65,24048.0,5048866.60824984,107184.1770806239,11947879.478819268,1299458.7919118628,1080914.5299612142,816756.928979872,1050407.9913599556,579.8597164482544,23200080.152953323,YULARA_COMBINED,2018,pointwise_finite,144,low-power,24
66,23833.0,13592102.36603591,200159.42692533796,12968039.779221453,1749946.5742627394,2330883.3773707487,2620179.2420489523,2875734.316871462,100.7762699718387,12265634.16378525,YULARA_COMBINED,2018,pointwise_finite,144,low-power,24
67,24145.0,8361076.253410227,211930.13285036394,11522572.762165617,1663703.624181143,2625895.238434521,3122669.028835504,3611581.266154424,488.8253151464207,20969668.058411956,YULARA_COMBINED,2018,pointwise_finite,144,low-power,24
68,24383.0,13249719.804796465,227653.08012661664,12979629.277093945,2141342.2884046747,2673960.527961839,2635918.5647844896,3051229.3520555673,532.8816937572232,11442708.40718682,YULARA_COMBINED,2018,pointwise_finite,144,low-power,24
69,24242.0,14714869.351082,257719.3926712694,12851578.836728431,2346845.2454616027,2261286.394588207,2138870.0478511774,2804430.556499879,28.919262958600378,8674889.411496796,YULARA_COMBINED,2018,pointwise_finite,144,low-power,24
70,24142.0,9635334.013898958,208753.3219589259,10904464.239222148,1853511.1207435667,3966676.4874410434,3707768.7910612375,4480703.313622807,60.209698804634705,19352649.350341283,YULARA_COMBINED,2018,pointwise_finite,144,low-power,24
71,24242.0,8599393.235842112,154558.17499621297,12149732.616866017,1744176.7894085532,3084498.731669259,2569976.44557727,3237757.960101262,54.0130742146202,16178756.862654917,YULARA_COMBINED,2018,pointwise_finite,144,low-power,24
72,24192.0,2530178.0762608266,80307.02345535684,11327374.532221258,1171639.7505077908,942479.973475786,703105.5033473182,1011237.5791533595,148.77030369335685,28264433.518029932,YULARA_COMBINED,2018,pointwise_finite,144,low-power,24
73,24048.0,4085661.732053159,392231.7480575772,11484747.39690321,1090467.6027747863,1780985.9293192455,1552094.525547196,1638769.8875947478,0.9727103680883123,28589352.463137448,YULARA_COMBINED,2018,pointwise_finite,144,low-power,24
74,24048.0,3152864.7807549755,63253.30487300493,11618443.907778703,1113850.7475343228,1249609.3176322903,922865.338591011,1154582.8366107242,1.2107507184535289,27770001.51115691,YULARA_COMBINED,2018,pointwise_finite,144,low-power,24
75,24048.0,3188323.7504094047,58549.856451954314,11549414.486300195,1108362.5431735425,1553530.3353262008,1268566.570231561,1391927.0460472375,3.9678780093606156,28306332.688420985,YULARA_COMBINED,2018,pointwise_finite,144,low-power,24
76,24048.0,4902318.685555895,57834.94413986083,11655470.767875941,1148458.902601368,2103309.40722012,1594347.7665431702,1705916.7129369434,0.3280841711547525,26238474.126494,YULARA_COMBINED,2018,pointwise_finite,144,low-power,24
77,24048.0,3365488.1862602583,66088.87796706888,11583470.516337167,1144001.3228520586,2005218.691438028,1655658.269331724,1768918.8928052275,1.0869617536212572,29082456.4058101,YULARA_COMBINED,2018,pointwise_finite,144,low-power,24
78,23947.0,3207375.769764228,59499.49928497067,11688662.55933171,1039842.0736120555,1988732.756008135,1591903.5715896015,1725231.1522657769,20.83910219691583,30709950.923648704,YULARA_COMBINED,2018,pointwise_finite,144,low-power,24
79,23955.0,8236955.494588079,93063.08617682735,12319282.292564824,1274060.6437141793,3070590.2128675985,2561841.552066268,2506043.1338413362,76.64043796429432,21366911.13741525,YULARA_COMBINED,2018,pointwise_finite,144,low-power,24
80,23954.0,6169819.812199813,99499.28438333617,11801779.510512508,1364759.930717065,2654475.825253885,3141047.317563019,3149785.5675526243,49.185042082140974,25250282.03239388,YULARA_COMBINED,2018,pointwise_finite,144,low-power,24
81,24145.0,3533322.383640796,72186.53330855566,11736100.267536197,1105625.4155804003,2080718.7103237319,1688382.7429626863,1849002.3892866545,211.61584547802534,28375157.436571173,YULARA_COMBINED,2018,pointwise_finite,144,low-power,24
82,24239.0,4938686.989034178,111478.85994285055,12160349.543427601,1215540.8937056428,2808544.8846228127,2457730.337369098,2346687.58709033,344.87335990379137,27802650.243006404,YULARA_COMBINED,2018,pointwise_finite,144,low-power,24
83,24048.0,4961732.255056403,50240.14407233169,11800733.584185807,1056447.0576227598,3331515.4452814474,2936083.7985814796,2879233.2699588467,80.69959584336227,28258171.910027504,YULARA_COMBINED,2018,pointwise_finite,144,low-power,24
84,24048.0,4141212.2820953913,57141.98504592179,11680725.869066846,1086096.1988557,3356176.5235385583,3060328.82967332,3003820.496419616,0.5174018618795961,29076043.53295739,YULARA_COMBINED,2018,pointwise_finite,144,low-power,24
85,23904.0,3799111.2341426173,60631.397315574235,11618670.385816332,1070317.5600487273,2992621.6134417304,2566098.82017289,2401881.158204142,1.4514191744192562,27943003.967319276,YULARA_COMBINED,2018,pointwise_finite,144,low-power,24
86,23904.0,4209154.334147007,60427.0705022797,11588517.348284306,1059486.7025217162,3595715.5878705354,3157472.580522971,3019026.1294748406,0.2295533568724762,29105677.50686063,YULARA_COMBINED,2018,pointwise_finite,144,low-power,24
87,23904.0,3732945.958256309,63934.95838292926,11903209.510959184,1113686.1817370702,2667573.090704097,2225382.4210543255,2213558.1555550187,1.3920145491359621,26206747.731078994,YULARA_COMBINED,2018,pointwise_finite,144,low-power,24
88,23904.0,4168935.189632842,67132.96132649294,11504214.22522278,1053226.6464466325,2241677.5068518957,1941621.6778422738,2074394.2652732718,0.7059868194050396,27688785.32764358,YULARA_COMBINED,2018,pointwise_finite,144,low-power,24
89,23904.0,4899670.10466958,68136.36889971927,11439191.693007283,1124025.81588695,1846798.069998507,1575232.673608472,1747185.6338753055,1.1345410907012157,27395350.901829436,YULARA_COMBINED,2018,pointwise_finite,144,low-power,24
90,23904.0,3749254.538951793,61705.54806295419,11513699.921217276,1075475.5334575712,2297245.5933185318,1858757.7495646381,1850443.7042536552,0.2627171202798103,28646694.408509858,YULARA_COMBINED,2018,pointwise_finite,144,low-power,24
0,43977.0,5003822.00056237,96762.21871057102,12782957.588770997,1207083.6803404205,3105008.1585907596,1825893.0893795118,2808047.3460879577,308.9740593012908,79535569.30614805,YULARA_COMBINED,2018,pointwise_finite,144,low-power,48
1,43863.0,4522238.006299958,91123.53928290731,13369209.333692282,1010636.1581388174,2497517.2925021676,1307102.7824133728,2079626.7931821425,44.40926523840341,81931834.31033958,YULARA_COMBINED,2018,pointwise_finite,144,low-power,48
2,43977.0,10906906.809419887,496995.707573156,13563149.041543847,1059064.3405012921,3623283.6385844867,2171931.183558957,2997376.24306701,39.09827112414861,78074940.67312045,YULARA_COMBINED,2018,pointwise_finite,144,low-power,48
3,44208.0,5602237.178276165,76145.76836242089,13703792.10805288,1095313.1691034902,2929624.828915482,1646824.0505142612,2448839.564573699,22.46973125526274,74760056.05179231,YULARA_COMBINED,2018,pointwise_finite,144,low-power,48
4,44661.0,5105798.690354349,101274.33437196538,13868970.5104568,1201581.2197626552,2606570.180503812,1396796.6970296872,2135115.9264842332,278.1549022041037,75403153.73700115,YULARA_COMBINED,2018,pointwise_finite,144,low-power,48
5,45971.0,11381862.10721556,249186.24947030444,16527020.984932117,1808714.5763769732,6827173.322464695,5257128.182093642,6746991.9130007075,1383.0576695398163,69007398.19978243,YULARA_COMBINED,2018,pointwise_finite,144,low-power,48
6,44928.0,6507304.542643974,86300.52500109588,14731051.345084481,1162068.159451933,3500690.144238872,2249069.240413915,3172793.9387055784,149.18435351135088,77457979.20470859,YULARA_COMBINED,2018,pointwise_finite,144,low-power,48
7,44928.0,5359124.406063191,93910.08439318519,15221312.821443267,1253237.5250441132,3712668.1681022476,2238581.3789371294,2956534.8687931676,43.993307079991695,77390812.27707449,YULARA_COMBINED,2018,pointwise_finite,144,low-power,48
8,45504.0,15055648.633327287,232064.57361801816,18298057.995174635,2083134.4393701255,5445642.677306687,4006102.3956616935,5307474.291035499,413.0892342479516,50798569.89618145,YULARA_COMBINED,2018,pointwise_finite,144,low-power,48
9,45757.0,14562620.660466854,257616.59617845505,17202063.19105273,2137740.8329789974,6429990.607895338,4736933.087167199,6340272.610082586,603.2186762537772,52542126.298345864,YULARA_COMBINED,2018,pointwise_finite,144,low-power,48
10,45195.0,8005057.069559874,154007.84245936628,15608832.22684186,1593004.6445184597,4931492.575084915,3398077.9157701656,4727488.5249623945,745.8641069728784,64469273.10371903,YULARA_COMBINED,2018,pointwise_finite,144,low-power,48
11,45416.0,6709356.586329773,104720.57673454263,15902297.457079222,1412638.4191226,5066399.770182754,3156679.8967796345,4280504.8307934515,1543.5736989558156,67129087.28410284,YULARA_COMBINED,2018,pointwise_finite,144,low-power,48
12,47088.0,29390390.91938628,442011.6531950293,22806455.59414814,3804885.656226313,7635935.486186588,5747370.891205399,7285736.220446815,13125.680139888393,31942739.00219501,YULARA_COMBINED,2018,pointwise_finite,144,low-power,48
13,45271.0,8300592.955006885,298660.0979418546,16678322.71269729,2264332.96711879,4101288.2420019647,3305261.131629261,4163467.9416217166,479.19382694262146,64166174.602606505,YULARA_COMBINED,2018,pointwise_finite,144,low-power,48
14,46224.0,7704912.360150976,127801.20006440581,17720210.41964107,1531900.4482392764,4789955.329027572,3606722.741131075,4623416.666462915,234.5438171647035,68051698.56406935,YULARA_COMBINED,2018,pointwise_finite,144,low-power,48
15,46290.0,8374194.359150955,148113.10034582482,17752666.492662754,1667670.3182335435,2434042.9258465413,1893029.1433920574,2490865.154842754,5119.737991360569,63784915.00851605,YULARA_COMBINED,2018,pointwise_finite,144,low-power,48
16,46788.0,17936578.150134455,397245.42022940895,22962908.026102524,3304325.9027564838,4659612.339006338,3751163.9181015673,4496243.408004898,8789.11947929052,44371755.24240277,YULARA_COMBINED,2018,pointwise_finite,144,low-power,48
17,46368.0,5444645.722950606,105069.80398465983,19207205.613892462,1714968.568780245,2268875.895686674,1789468.4887289035,2118135.4541620295,10.578716343824182,65925405.47753308,YULARA_COMBINED,2018,pointwise_finite,144,low-power,48
18,46656.0,11096315.013991661,152206.3615520197,19149802.588899944,2017384.293654392,2503387.01785028,2073199.8421189345,2506606.216432107,39.06835702717936,57055683.65961281,YULARA_COMBINED,2018,pointwise_finite,144,low-power,48
19,46656.0,7268236.381826613,112704.36300142115,18495530.19022107,1719832.9178876572,4156585.1969225407,2996017.564821839,3812661.750818447,6.836070691496364,64293438.37695502,YULARA_COMBINED,2018,pointwise_finite,144,low-power,48
20,46656.0,5374602.482539375,110081.68968380475,19859368.86506475,1644661.464018321,2411904.842164514,1771259.2071716983,2182078.88904684,11.658162519035209,70198727.21188809,YULARA_COMBINED,2018,pointwise_finite,144,low-power,48
21,46656.0,5583487.586304275,105746.82433358577,19728581.674204234,1649993.948519511,2714112.461969245,2130172.356308531,2352556.843058799,11.570645449523754,70107041.45330653,YULARA_COMBINED,2018,pointwise_finite,144,low-power,48
22,46564.0,7729641.647370841,1071053.478865012,19870896.092422545,2295424.4383669095,3700807.9944188204,3539814.5704794237,3917343.0258913906,923803.5223697851,67102289.02654954,YULARA_COMBINED,2018,pointwise_finite,144,low-power,48
23,46869.0,6483942.04418182,221339.90938824363,20480289.217587896,1809732.6320724902,2821457.964313263,2435916.9846851467,2746091.575350335,217.63289903024125,67065176.31756611,YULARA_COMBINED,2018,pointwise_finite,144,low-power,48
24,46853.0,6865735.894145673,101066.58689293922,20473076.19910269,1729280.9018260012,3342455.514895339,2957412.48429805,3203435.753468746,144.55459185446853,65646783.5073935,YULARA_COMBINED,2018,pointwise_finite,144,low-power,48
25,47140.0,17968295.34648669,599134.2991129142,22797695.09133644,2360984.244961013,4026730.5232312656,3996204.514703272,4357670.512441495,495.3805975925257,46910056.913618594,YULARA_COMBINED,2018,pointwise_finite,144,low-power,48
26,47664.0,6863124.193680976,161689.62693201748,21793834.7378112,2131899.624100764,3615355.334629186,3272075.4510860154,3720260.911715382,501.4598206286682,61179999.42519896,YULARA_COMBINED,2018,pointwise_finite,144,low-power,48
27,47477.0,12002300.414037984,189717.80308058936,21538881.80973942,2382681.1782040396,4068062.101158557,3671372.7926837914,4316547.251915496,377.7382418528093,46840193.56940972,YULARA_COMBINED,2018,pointwise_finite,144,low-power,48
28,47995.0,11766002.781379957,299580.2238695817,21534012.13366367,2829593.6783510977,5061328.166767683,4657046.2039899705,5770556.849187501,598.8426185946507,49610617.47617336,YULARA_COMBINED,2018,pointwise_finite,144,low-power,48
29,47571.0,8501728.540915402,133054.80090679252,21469729.87919735,2093962.97889016,3438607.005597168,2773489.2000404433,3338259.170954063,53.02109308078616,58095378.45304493,YULARA_COMBINED,2018,pointwise_finite,144,low-power,48
30,47613.0,9328021.641241452,172821.47220235772,22479076.692369692,2000978.4361607444,4433795.696815595,3930830.6821873463,4181608.744777048,156.63842789883273,56952236.91690222,YULARA_COMBINED,2018,pointwise_finite,144,low-power,48
31,47808.0,6916035.026824054,115886.25709256696,21967631.13904198,2053451.2195725827,3652792.07675324,3087166.4913112703,3272167.671106695,5.636983486827373,60753889.05367986,YULARA_COMBINED,2018,pointwise_finite,144,low-power,48
32,47952.0,8581085.770205947,174746.1223569827,22965077.103985596,2335487.3304838114,2536764.803971838,2061092.9457251416,2435230.172293719,585.6490089840493,53915350.662644476,YULARA_COMBINED,2018,pointwise_finite,144,low-power,48
33,47978.0,21953178.619446132,412089.55977570184,24490612.541387063,3413650.1984438836,4956778.615805269,5742848.270884454,6487315.583025888,589.6015851182595,33235302.222197212,YULARA_COMBINED,2018,pointwise_finite,144,low-power,48
34,48625.0,27964589.155878473,485372.47279788577,25831208.11382238,4488187.533866279,4935246.92255005,4774788.61263567,5855659.908555448,561.8009567158235,20117597.81868361,YULARA_COMBINED,2018,pointwise_finite,144,low-power,48
35,48384.0,18234727.249741096,363311.49695513904,23054196.856088184,3597687.9101521224,7051175.2191103045,6277745.236638514,7718461.273724076,114.22277301925493,35531406.21299621,YULARA_COMBINED,2018,pointwise_finite,144,low-power,48
36,48240.0,6615839.808313987,472538.7715129341,22812121.929124456,2262107.3532825764,2723465.902795029,2255200.028894513,2650007.466748109,149.74301406144525,56853785.98116738,YULARA_COMBINED,2018,pointwise_finite,144,low-power,48
37,48096.0,6341188.531164382,121803.16132495923,23167858.394078884,2222213.290707866,2803139.652958491,2191431.9088225695,2546509.8826579596,5.178628727814146,56076334.19957788,YULARA_COMBINED,2018,pointwise_finite,144,low-power,48
38,48096.0,8267806.871816161,123923.82210692971,23238941.2842131,2292460.225453428,4108528.0986581524,3250006.035874896,3474835.6057421705,1.4150459247760085,55320930.532304056,YULARA_COMBINED,2018,pointwise_finite,144,low-power,48
39,47902.0,11444331.264352305,152562.585461798,24007944.851896517,2313902.717326236,5059322.968875733,4153745.12365587,4231274.286107114,97.47954016121015,52076862.06106395,YULARA_COMBINED,2018,pointwise_finite,144,low-power,48
40,48099.0,9703142.19584061,171685.81769189175,23537879.77804871,2470385.3462974685,4735194.535577615,4829430.0605257,4998787.956839276,260.80088756016613,53625439.46896505,YULARA_COMBINED,2018,pointwise_finite,144,low-power,48
41,48287.0,9900419.244090583,161719.00401518232,23961083.127613418,2271987.9513283996,6140060.329904271,5393814.1359505765,5225920.857049184,425.57295574715334,56060822.1530339,YULARA_COMBINED,2018,pointwise_finite,144,low-power,48
42,47952.0,7940323.516238008,117773.38236149607,23299396.25488318,2156413.7589044278,6348798.136980283,5626427.649846212,5405701.654623761,1.9688210362988532,57019047.50027664,YULARA_COMBINED,2018,pointwise_finite,144,low-power,48
43,47808.0,7942100.2924033115,124362.0288852091,23491726.859243505,2173172.8842587867,6263288.678574635,5382855.001577292,5232584.285029866,1.621567906008439,55312425.23793966,YULARA_COMBINED,2018,pointwise_finite,144,low-power,48
44,47808.0,9068605.294302424,135269.3302262122,22943405.918230075,2177252.462333582,4088475.5768504064,3516854.351450743,3821579.899148577,1.8405279101062557,55084136.229473,YULARA_COMBINED,2018,pointwise_finite,144,low-power,48
45,23904.0,3749254.538951793,61705.54806295419,11513699.921217276,1075475.5334575712,2297245.5933185318,1858757.7495646381,1850443.7042536552,0.2627171202798103,28646694.408509858,YULARA_COMBINED,2018,pointwise_finite,144,low-power,48
0,65952.0,7229845.063974186,147329.64336606557,19366559.956080373,1725414.4415083383,4463510.813918701,2589819.693836413,4053563.1055855723,329.77486616117454,121631181.59603511,YULARA_COMBINED,2018,pointwise_finite,144,low-power,72
1,65865.0,13203121.752308024,537551.822200568,20348756.00792677,1551369.7374721928,4762298.2757587135,2715107.3615154284,3831487.2767515425,62.706729502667805,117911162.69357303,YULARA_COMBINED,2018,pointwise_finite,144,low-power,72
2,66440.0,8350146.137629183,117925.33130682605,20483245.25817584,1628639.9790656683,4250872.110324096,2339392.33231095,3513394.5487191817,34.497054244070306,113347780.21102817,YULARA_COMBINED,2018,pointwise_finite,144,low-power,72
3,68400.0,13739751.838216905,308681.0208978646,23616538.34526593,2476968.986177451,8112496.221559896,5961356.597326639,7817552.855339455,1649.1852487551114,105822827.77754764,YULARA_COMBINED,2018,pointwise_finite,144,low-power,72
4,67392.0,9100916.939213473,132030.91317719364,22285343.49957113,1779420.9428634942,5383929.744975802,3403497.2750416244,4682260.291443267,156.1808299289434,117496805.5500711,YULARA_COMBINED,2018,pointwise_finite,144,low-power,72
5,67968.0,17821160.64282096,280244.2698351056,25965078.662131228,2719019.1810026793,7275071.244672018,5090255.739971111,6754542.807090981,450.08606491035096,88150555.82789363,YULARA_COMBINED,2018,pointwise_finite,144,low-power,72
6,68400.0,20295685.89315436,376816.6548547693,25354561.171912175,3115679.854348786,9623928.019993713,7000227.665467658,9358960.761673205,1211.6573259316044,82440828.01065575,YULARA_COMBINED,2018,pointwise_finite,144,low-power,72
7,67968.0,8981348.423202127,139528.36051759403,23358631.703061637,2027704.0422712727,6803954.933169298,4291463.2342493525,5989305.204165244,1680.9991562508685,101699658.6755119,YULARA_COMBINED,2018,pointwise_finite,144,low-power,72
8,69552.0,33226779.97566481,639443.8726077467,31040421.964553077,5251150.752363547,9487511.133910032,7632286.551209838,9581490.612527862,13131.232555093431,63701243.50152702,YULARA_COMBINED,2018,pointwise_finite,144,low-power,72
9,69031.0,12169116.258879343,229029.0785935427,26164566.76193337,2349968.3192208325,7039667.923306113,5027068.2127558915,6491130.216003584,708.1852289022855,100459368.66734374,YULARA_COMBINED,2018,pointwise_finite,144,low-power,72
10,69894.0,22899686.322497703,425098.06676737586,31238934.13651575,3814963.108793001,5270687.582833733,3929611.923657727,5143616.168521938,13728.0029429896,70863893.87529984,YULARA_COMBINED,2018,pointwise_finite,144,low-power,72
11,69552.0,8855731.909738267,225330.25779251757,28683845.99614205,2872001.6809772737,4091843.5777058117,3504049.626564795,3961627.8484877315,191.43324400531804,103218181.85315213,YULARA_COMBINED,2018,pointwise_finite,144,low-power,72
12,69984.0,14199674.89137408,201984.1297477241,28275420.108382866,2875590.3882005373,3709282.0377714,2988052.631648822,3722013.8052502447,44.03447191864106,87754319.38758548,YULARA_COMBINED,2018,pointwise_finite,144,low-power,72
13,69984.0,9539478.986983558,173008.28448952158,29229281.535802893,2506288.287359834,5362595.019165935,3852423.9824636434,4779333.051047151,13.52811831906989,103793529.86087044,YULARA_COMBINED,2018,pointwise_finite,144,low-power,72
14,69860.0,8410574.851359194,176592.8912698409,29483721.917585462,2471561.5540813617,3759345.3741111527,2985187.5527793015,3384397.473429668,13.538330417171027,104224740.72966373,YULARA_COMBINED,2018,pointwise_finite,144,low-power,72
15,70229.0,11386496.42649774,1221547.3213169998,30596045.066629224,3283589.4648775468,5477033.046590172,5120716.358693798,5631593.970870863,924019.1875838473,100049766.06775822,YULARA_COMBINED,2018,pointwise_finite,144,low-power,72
16,70272.0,14892954.947633917,532602.6755973679,30753604.151000027,2595970.208855307,5457687.534398007,5207672.4544093115,5596107.165537209,155.69295377588588,97881864.50251353,YULARA_COMBINED,2018,pointwise_finite,144,low-power,72
17,71385.0,16804200.486679435,329287.8373405032,34311001.877250284,3626194.562032472,5526853.83835779,5018019.995678019,5685260.012088427,985.7020562997757,75854975.34369774,YULARA_COMBINED,2018,pointwise_finite,144,low-power,72
18,71568.0,20211683.434974816,420602.2992761778,32833631.562735133,4057465.9087318694,7610706.268260986,7003602.816223035,8417082.671803046,912.2466096957494,69250361.0238813,YULARA_COMBINED,2018,pointwise_finite,144,low-power,72
19,71475.0,12058348.301358515,201750.52858078582,31708992.25986536,3248771.9267134177,4957291.005262414,4098305.3804911682,5008280.600254015,117.35534383249671,85295828.47474667,YULARA_COMBINED,2018,pointwise_finite,144,low-power,72
20,71517.0,12674220.560447324,228686.02625912236,33435131.712299738,3020132.232970954,6085289.73517872,5292401.285520018,5705678.9899299955,160.30732157260059,87357890.09610248,YULARA_COMBINED,2018,pointwise_finite,144,low-power,72
21,71856.0,12150921.87782415,234767.82539278487,33976653.22309754,3369784.753246187,4538062.84236196,3786688.833703729,4183327.5982474615,587.6170987971084,84263586.537124,YULARA_COMBINED,2018,pointwise_finite,144,low-power,72
22,72361.0,35202898.42424259,639742.6399023182,37470241.818481,5554992.486848565,7630739.143767106,8378766.835668939,9538544.93508145,1122.4832788754811,44678010.62938398,YULARA_COMBINED,2018,pointwise_finite,144,low-power,72
23,72626.0,32949596.600823086,621030.8896264081,35905775.69281661,5944533.155613728,9312461.613698503,8416615.284489691,10522891.830223946,143.1420359778555,44206295.62449303,YULARA_COMBINED,2018,pointwise_finite,144,low-power,72
24,72288.0,9768704.589068959,535792.0763859391,34430565.836903155,3375958.1008168994,3973075.2204273213,3178065.367485524,3804590.303358836,150.9537647798986,84623787.4923243,YULARA_COMBINED,2018,pointwise_finite,144,low-power,72
25,72144.0,11456130.622225555,182473.678558884,34788355.77051329,3400822.768626968,5662058.433984343,4518572.606106454,4866762.651789413,5.3829239341366275,83627263.22072507,YULARA_COMBINED,2018,pointwise_finite,144,low-power,72
26,71856.0,17614151.076552108,252061.86984513406,35809724.362408996,3678662.6480433,7713798.794129618,7294792.441218886,7381059.853659736,146.66458224335102,77327144.09345785,YULARA_COMBINED,2018,pointwise_finite,144,low-power,72
27,72432.0,13433741.627731375,233905.5373237376,35697183.39514958,3377613.3669088054,8220779.040228001,7082196.878913263,7074923.246335836,637.1888012251795,84435979.58960512,YULARA_COMBINED,2018,pointwise_finite,144,low-power,72
28,71856.0,12149477.850385012,178200.4528637755,34887913.60316749,3215900.461426144,9944513.72485083,8783900.230369171,8424727.78409861,2.1983743931713304,86124725.00713739,YULARA_COMBINED,2018,pointwise_finite,144,low-power,72
29,71712.0,12801551.252558736,199204.28860914163,34846615.429189265,3290938.644070653,6756048.667554492,5742236.772505074,6035138.054703592,3.232542459242219,81290883.9605519,YULARA_COMBINED,2018,pointwise_finite,144,low-power,72
30,23904.0,3749254.538951793,61705.54806295419,11513699.921217276,1075475.5334575712,2297245.5933185318,1858757.7495646381,1850443.7042536552,0.2627171202798103,28646694.408509858,YULARA_COMBINED,2018,pointwise_finite,144,low-power,72
