section,model,seed,scope,horizon,rmse_kw,mae_kw,diff_mae_kw,artifact_source,n,positive_count,prevalence,auroc,auprc,brier,f1,precision,recall,miss_rate,onset_time_mae_steps,onset_time_mae_minutes,onset_time_n,up_count,down_count,up_recall,down_recall,direction_accuracy,identification_rate,probability_bin,mean_predicted_probability,observed_event_rate,actual_epochs,best_epoch,best_validation_first_event_nll,stop_reason,numerically_finite,training_seconds,mean_epoch_seconds,backbone_parameters,power_head_parameters,event_head_parameters,total_inference_parameters,trainable_parameters,trainable_fraction,inference_ms_per_sample,threshold_kw,power_max_abs_difference_kw,power_mean_abs_difference_kw,max_abs_difference_kw,mean_abs_difference_kw,rmse_difference_kw,mae_difference_kw
power,TRAJECTORY_ONLY,42,full_timeline,3,0.4030815362930298,0.19502899050712585,0.1351211667060852,C:\Users\Zhujiangkun-Yohkoh\Desktop\光伏项目_最新\PVforecast16\GFNODE_experiments\asoc_multirate_information_screen\results\MEAN_ONLY\42\test_predictions.npz,,,,,,,,,,,,,,,,,,,,,,,,,,,,,,,,,,,,,,,,,,,
power,TRAJECTORY_ONLY,42,full_timeline,6,0.4400230646133423,0.2094784677028656,0.1326143592596054,C:\Users\Zhujiangkun-Yohkoh\Desktop\光伏项目_最新\PVforecast16\GFNODE_experiments\asoc_multirate_information_screen\results\MEAN_ONLY\42\test_predictions.npz,,,,,,,,,,,,,,,,,,,,,,,,,,,,,,,,,,,,,,,,,,,
power,TRAJECTORY_ONLY,42,full_timeline,12,0.481767475605011,0.2312507927417755,0.13394679129123688,C:\Users\Zhujiangkun-Yohkoh\Desktop\光伏项目_最新\PVforecast16\GFNODE_experiments\asoc_multirate_information_screen\results\MEAN_ONLY\42\test_predictions.npz,,,,,,,,,,,,,,,,,,,,,,,,,,,,,,,,,,,,,,,,,,,
power,TRAJECTORY_ONLY,42,daylight,12,0.6701191067695618,0.4227704405784607,0.13394679129123688,C:\Users\Zhujiangkun-Yohkoh\Desktop\光伏项目_最新\PVforecast16\GFNODE_experiments\asoc_multirate_information_screen\results\MEAN_ONLY\42\test_predictions.npz,,,,,,,,,,,,,,,,,,,,,,,,,,,,,,,,,,,,,,,,,,,
power,TRAJECTORY_ONLY,42,ramp_step,12,0.9608327150344849,0.7169058918952942,0.13394679129123688,C:\Users\Zhujiangkun-Yohkoh\Desktop\光伏项目_最新\PVforecast16\GFNODE_experiments\asoc_multirate_information_screen\results\MEAN_ONLY\42\test_predictions.npz,,,,,,,,,,,,,,,,,,,,,,,,,,,,,,,,,,,,,,,,,,,
power,TRAJECTORY_ONLY,42,onset_near,12,0.7990145683288574,0.5579513907432556,0.13394679129123688,C:\Users\Zhujiangkun-Yohkoh\Desktop\光伏项目_最新\PVforecast16\GFNODE_experiments\asoc_multirate_information_screen\results\MEAN_ONLY\42\test_predictions.npz,,,,,,,,,,,,,,,,,,,,,,,,,,,,,,,,,,,,,,,,,,,
ramp_step,STEP_MULTITASK,42,full_timeline,all12,,,,C:\Users\Zhujiangkun-Yohkoh\Desktop\光伏项目_最新\PVforecast16\GFNODE_experiments\asoc_joint_trajectory_onset_screen\results\STEP_MULTITASK\42\test_predictions.npz,208812,36486,0.1747313372794667,0.9332770617049805,0.6817431969290394,0.15870648742771226,0.5988996594183914,0.43294925526325434,0.9711396151948692,,,,,,,,,,,,,,,,,,,,,,,,,,,,,,,,,,
ramp_step,STEP_MULTITASK,42,daylight,all12,,,,C:\Users\Zhujiangkun-Yohkoh\Desktop\光伏项目_最新\PVforecast16\GFNODE_experiments\asoc_joint_trajectory_onset_screen\results\STEP_MULTITASK\42\test_predictions.npz,107560,36486,0.3392153216809223,0.8383641063151588,0.681785068700552,0.3069643044400589,0.5993808782732255,0.43345240134073837,0.9711396151948692,,,,,,,,,,,,,,,,,,,,,,,,,,,,,,,,,,
ramp_step,STEP_MULTITASK,42,sunrise_sunset_transition,all12,,,,C:\Users\Zhujiangkun-Yohkoh\Desktop\光伏项目_最新\PVforecast16\GFNODE_experiments\asoc_joint_trajectory_onset_screen\results\STEP_MULTITASK\42\test_predictions.npz,69636,10077,0.14470963294847491,0.8736831028425439,0.5151665324729899,0.2084410952962467,0.4520117713974825,0.30102108036890646,0.9069167410935794,,,,,,,,,,,,,,,,,,,,,,,,,,,,,,,,,,
ramp_step,STEP_MULTITASK,42,full_timeline,1,,,,C:\Users\Zhujiangkun-Yohkoh\Desktop\光伏项目_最新\PVforecast16\GFNODE_experiments\asoc_joint_trajectory_onset_screen\results\STEP_MULTITASK\42\test_predictions.npz,17401,3046,0.1750474110683294,0.9421341931553175,0.7214510347940036,0.1466419583951586,0.6255833686890114,0.46208085239736757,0.9681549573210768,,,,,,,,,,,,,,,,,,,,,,,,,,,,,,,,,,
ramp_step,STEP_MULTITASK,42,full_timeline,2,,,,C:\Users\Zhujiangkun-Yohkoh\Desktop\光伏项目_最新\PVforecast16\GFNODE_experiments\asoc_joint_trajectory_onset_screen\results\STEP_MULTITASK\42\test_predictions.npz,17401,3045,0.174989943106718,0.9402965684693378,0.7114460542650469,0.1471765351753889,0.6243105642766228,0.461068463105123,0.9665024630541872,,,,,,,,,,,,,,,,,,,,,,,,,,,,,,,,,,
ramp_step,STEP_MULTITASK,42,full_timeline,3,,,,C:\Users\Zhujiangkun-Yohkoh\Desktop\光伏项目_最新\PVforecast16\GFNODE_experiments\asoc_joint_trajectory_onset_screen\results\STEP_MULTITASK\42\test_predictions.npz,17401,3044,0.1749324751451066,0.9386567189383322,0.6998952098796295,0.14828273033462402,0.6217758985200845,0.4583852867830424,0.9661629434954008,,,,,,,,,,,,,,,,,,,,,,,,,,,,,,,,,,
ramp_step,STEP_MULTITASK,42,full_timeline,4,,,,C:\Users\Zhujiangkun-Yohkoh\Desktop\光伏项目_最新\PVforecast16\GFNODE_experiments\asoc_joint_trajectory_onset_screen\results\STEP_MULTITASK\42\test_predictions.npz,17401,3043,0.1748750071834952,0.9361608604202466,0.695363965719594,0.1570382387961808,0.6055801503140121,0.4409295352323838,0.9664804469273743,,,,,,,,,,,,,,,,,,,,,,,,,,,,,,,,,,
ramp_step,STEP_MULTITASK,42,full_timeline,5,,,,C:\Users\Zhujiangkun-Yohkoh\Desktop\光伏项目_最新\PVforecast16\GFNODE_experiments\asoc_joint_trajectory_onset_screen\results\STEP_MULTITASK\42\test_predictions.npz,17401,3042,0.1748175392218838,0.9341223818327431,0.6905216902568891,0.1545388017638874,0.609038961038961,0.44523773355612944,0.9635108481262328,,,,,,,,,,,,,,,,,,,,,,,,,,,,,,,,,,
ramp_step,STEP_MULTITASK,42,full_timeline,6,,,,C:\Users\Zhujiangkun-Yohkoh\Desktop\光伏项目_最新\PVforecast16\GFNODE_experiments\asoc_joint_trajectory_onset_screen\results\STEP_MULTITASK\42\test_predictions.npz,17401,3041,0.1747600712602724,0.9322359279265088,0.6833865786115448,0.1565199280620504,0.6082634358496427,0.44392382103990324,0.9658007234462348,,,,,,,,,,,,,,,,,,,,,,,,,,,,,,,,,,
ramp_step,STEP_MULTITASK,42,full_timeline,7,,,,C:\Users\Zhujiangkun-Yohkoh\Desktop\光伏项目_最新\PVforecast16\GFNODE_experiments\asoc_joint_trajectory_onset_screen\results\STEP_MULTITASK\42\test_predictions.npz,17401,3040,0.174702603298661,0.9321026381757612,0.6756232375907747,0.1575610643382718,0.6014014420635727,0.4349933891582195,0.9740131578947369,,,,,,,,,,,,,,,,,,,,,,,,,,,,,,,,,,
ramp_step,STEP_MULTITASK,42,full_timeline,8,,,,C:\Users\Zhujiangkun-Yohkoh\Desktop\光伏项目_最新\PVforecast16\GFNODE_experiments\asoc_joint_trajectory_onset_screen\results\STEP_MULTITASK\42\test_predictions.npz,17401,3039,0.1746451353370496,0.930390132290803,0.6707649051600255,0.16189239787267673,0.5990113991728034,0.4319173697992435,0.976966107272129,,,,,,,,,,,,,,,,,,,,,,,,,,,,,,,,,,
ramp_step,STEP_MULTITASK,42,full_timeline,9,,,,C:\Users\Zhujiangkun-Yohkoh\Desktop\光伏项目_最新\PVforecast16\GFNODE_experiments\asoc_joint_trajectory_onset_screen\results\STEP_MULTITASK\42\test_predictions.npz,17401,3038,0.17458766737543818,0.9301892773917988,0.6683156332272352,0.16725310826277243,0.5815089913995309,0.41353906032805116,0.9792626728110599,,,,,,,,,,,,,,,,,,,,,,,,,,,,,,,,,,
ramp_step,STEP_MULTITASK,42,full_timeline,10,,,,C:\Users\Zhujiangkun-Yohkoh\Desktop\光伏项目_最新\PVforecast16\GFNODE_experiments\asoc_joint_trajectory_onset_screen\results\STEP_MULTITASK\42\test_predictions.npz,17401,3037,0.1745301994138268,0.9292543178822922,0.6613452111115591,0.16594968763610585,0.5787416959749903,0.4114460341714127,0.975304576885084,,,,,,,,,,,,,,,,,,,,,,,,,,,,,,,,,,
ramp_step,STEP_MULTITASK,42,full_timeline,11,,,,C:\Users\Zhujiangkun-Yohkoh\Desktop\光伏项目_最新\PVforecast16\GFNODE_experiments\asoc_joint_trajectory_onset_screen\results\STEP_MULTITASK\42\test_predictions.npz,17401,3036,0.1744727314522154,0.9275852663960081,0.6581520755016749,0.16804345209259033,0.5737593473827328,0.4068310150117064,0.9729907773386034,,,,,,,,,,,,,,,,,,,,,,,,,,,,,,,,,,
ramp_step,STEP_MULTITASK,42,full_timeline,12,,,,C:\Users\Zhujiangkun-Yohkoh\Desktop\光伏项目_最新\PVforecast16\GFNODE_experiments\asoc_joint_trajectory_onset_screen\results\STEP_MULTITASK\42\test_predictions.npz,17401,3035,0.174415263490604,0.927745207027117,0.6558274155728351,0.17357994640283997,0.5661995996568487,0.39833690987124465,0.9785831960461285,,,,,,,,,,,,,,,,,,,,,,,,,,,,,,,,,,
first_onset,STEP_MULTITASK,42,full_timeline,12,,,,C:\Users\Zhujiangkun-Yohkoh\Desktop\光伏项目_最新\PVforecast16\GFNODE_experiments\asoc_joint_trajectory_onset_screen\results\STEP_MULTITASK\42\test_predictions.npz,17401,5623,0.3231423481409114,0.9474475889195235,0.8456393130606761,0.19962354707322846,0.5421753607103219,0.5648487184428599,0.521252000711364,0.478747999288636,2.487205731832139,12.436028659160696,2931,3125,2498,0.46144,0.2674139311449159,0.7198908222449676,,,,,,,,,,,,,,,,,,,,,,,,,
first_onset,STEP_MULTITASK,42,daylight,12,,,,C:\Users\Zhujiangkun-Yohkoh\Desktop\光伏项目_最新\PVforecast16\GFNODE_experiments\asoc_joint_trajectory_onset_screen\results\STEP_MULTITASK\42\test_predictions.npz,9655,5623,0.5823925427239772,0.8465138133770315,0.845646507506072,0.355400376006899,0.5422255110535565,0.5649575944487278,0.521252000711364,0.478747999288636,2.487205731832139,12.436028659160696,2931,3125,2498,0.46144,0.2674139311449159,0.7198908222449676,,,,,,,,,,,,,,,,,,,,,,,,,
first_onset,STEP_MULTITASK,42,sunrise_sunset_transition,12,,,,C:\Users\Zhujiangkun-Yohkoh\Desktop\光伏项目_最新\PVforecast16\GFNODE_experiments\asoc_joint_trajectory_onset_screen\results\STEP_MULTITASK\42\test_predictions.npz,7134,2742,0.3843566021867115,0.9053181203408093,0.8039814232287168,0.2737284713373615,0.606358686105744,0.5848864791596069,0.6294675419401896,0.37053245805981033,2.7387022016222478,13.693511008111239,1726,1660,1082,0.6186746987951808,0.24861367837338263,0.7508690614136733,,,,,,,,,,,,,,,,,,,,,,,,,
onset_lead,STEP_MULTITASK,42,full_timeline,1,,,,C:\Users\Zhujiangkun-Yohkoh\Desktop\光伏项目_最新\PVforecast16\GFNODE_experiments\asoc_joint_trajectory_onset_screen\results\STEP_MULTITASK\42\test_predictions.npz,930,930,0.05344520429860353,,,,,,,,,,,499,431,,,,0.9935483870967742,,,,,,,,,,,,,,,,,,,,,,,,
onset_lead,STEP_MULTITASK,42,full_timeline,2,,,,C:\Users\Zhujiangkun-Yohkoh\Desktop\光伏项目_最新\PVforecast16\GFNODE_experiments\asoc_joint_trajectory_onset_screen\results\STEP_MULTITASK\42\test_predictions.npz,930,930,0.05344520429860353,,,,,,,,,,,499,431,,,,0.4924731182795699,,,,,,,,,,,,,,,,,,,,,,,,
onset_lead,STEP_MULTITASK,42,full_timeline,3,,,,C:\Users\Zhujiangkun-Yohkoh\Desktop\光伏项目_最新\PVforecast16\GFNODE_experiments\asoc_joint_trajectory_onset_screen\results\STEP_MULTITASK\42\test_predictions.npz,771,771,0.044307798402390665,,,,,,,,,,,416,355,,,,0.4033722438391699,,,,,,,,,,,,,,,,,,,,,,,,
onset_lead,STEP_MULTITASK,42,full_timeline,4,,,,C:\Users\Zhujiangkun-Yohkoh\Desktop\光伏项目_最新\PVforecast16\GFNODE_experiments\asoc_joint_trajectory_onset_screen\results\STEP_MULTITASK\42\test_predictions.npz,633,633,0.03637721970001724,,,,,,,,,,,348,285,,,,0.3744075829383886,,,,,,,,,,,,,,,,,,,,,,,,
onset_lead,STEP_MULTITASK,42,full_timeline,5,,,,C:\Users\Zhujiangkun-Yohkoh\Desktop\光伏项目_最新\PVforecast16\GFNODE_experiments\asoc_joint_trajectory_onset_screen\results\STEP_MULTITASK\42\test_predictions.npz,511,511,0.02936612838342624,,,,,,,,,,,280,231,,,,0.37573385518590996,,,,,,,,,,,,,,,,,,,,,,,,
onset_lead,STEP_MULTITASK,42,full_timeline,6,,,,C:\Users\Zhujiangkun-Yohkoh\Desktop\光伏项目_最新\PVforecast16\GFNODE_experiments\asoc_joint_trajectory_onset_screen\results\STEP_MULTITASK\42\test_predictions.npz,426,426,0.0244813516464571,,,,,,,,,,,238,188,,,,0.38497652582159625,,,,,,,,,,,,,,,,,,,,,,,,
onset_lead,STEP_MULTITASK,42,full_timeline,7,,,,C:\Users\Zhujiangkun-Yohkoh\Desktop\光伏项目_最新\PVforecast16\GFNODE_experiments\asoc_joint_trajectory_onset_screen\results\STEP_MULTITASK\42\test_predictions.npz,345,345,0.019826446755933567,,,,,,,,,,,198,147,,,,0.4144927536231884,,,,,,,,,,,,,,,,,,,,,,,,
onset_lead,STEP_MULTITASK,42,full_timeline,8,,,,C:\Users\Zhujiangkun-Yohkoh\Desktop\光伏项目_最新\PVforecast16\GFNODE_experiments\asoc_joint_trajectory_onset_screen\results\STEP_MULTITASK\42\test_predictions.npz,283,283,0.016263433136026666,,,,,,,,,,,167,116,,,,0.4452296819787986,,,,,,,,,,,,,,,,,,,,,,,,
onset_lead,STEP_MULTITASK,42,full_timeline,9,,,,C:\Users\Zhujiangkun-Yohkoh\Desktop\光伏项目_最新\PVforecast16\GFNODE_experiments\asoc_joint_trajectory_onset_screen\results\STEP_MULTITASK\42\test_predictions.npz,242,242,0.013907246709959197,,,,,,,,,,,144,98,,,,0.4834710743801653,,,,,,,,,,,,,,,,,,,,,,,,
onset_lead,STEP_MULTITASK,42,full_timeline,10,,,,C:\Users\Zhujiangkun-Yohkoh\Desktop\光伏项目_最新\PVforecast16\GFNODE_experiments\asoc_joint_trajectory_onset_screen\results\STEP_MULTITASK\42\test_predictions.npz,210,210,0.012068271938394345,,,,,,,,,,,125,85,,,,0.47619047619047616,,,,,,,,,,,,,,,,,,,,,,,,
onset_lead,STEP_MULTITASK,42,full_timeline,11,,,,C:\Users\Zhujiangkun-Yohkoh\Desktop\光伏项目_最新\PVforecast16\GFNODE_experiments\asoc_joint_trajectory_onset_screen\results\STEP_MULTITASK\42\test_predictions.npz,182,182,0.010459169013275099,,,,,,,,,,,111,71,,,,0.4835164835164835,,,,,,,,,,,,,,,,,,,,,,,,
onset_lead,STEP_MULTITASK,42,full_timeline,12,,,,C:\Users\Zhujiangkun-Yohkoh\Desktop\光伏项目_最新\PVforecast16\GFNODE_experiments\asoc_joint_trajectory_onset_screen\results\STEP_MULTITASK\42\test_predictions.npz,160,160,0.009194873857824262,,,,,,,,,,,100,60,,,,0.44375,,,,,,,,,,,,,,,,,,,,,,,,
reliability,STEP_MULTITASK,42,full_timeline,12,,,,C:\Users\Zhujiangkun-Yohkoh\Desktop\光伏项目_最新\PVforecast16\GFNODE_experiments\asoc_joint_trajectory_onset_screen\results\STEP_MULTITASK\42\test_predictions.npz,7434,,,,,,,,,,,,,,,,,,,"[0.0,0.1)",0.004446782637387514,0.0,,,,,,,,,,,,,,,,,,,,,
reliability,STEP_MULTITASK,42,full_timeline,12,,,,C:\Users\Zhujiangkun-Yohkoh\Desktop\光伏项目_最新\PVforecast16\GFNODE_experiments\asoc_joint_trajectory_onset_screen\results\STEP_MULTITASK\42\test_predictions.npz,244,,,,,,,,,,,,,,,,,,,"[0.1,0.2)",0.14355994760990143,0.0,,,,,,,,,,,,,,,,,,,,,
reliability,STEP_MULTITASK,42,full_timeline,12,,,,C:\Users\Zhujiangkun-Yohkoh\Desktop\光伏项目_最新\PVforecast16\GFNODE_experiments\asoc_joint_trajectory_onset_screen\results\STEP_MULTITASK\42\test_predictions.npz,170,,,,,,,,,,,,,,,,,,,"[0.2,0.3)",0.2482333481311798,0.0,,,,,,,,,,,,,,,,,,,,,
reliability,STEP_MULTITASK,42,full_timeline,12,,,,C:\Users\Zhujiangkun-Yohkoh\Desktop\光伏项目_最新\PVforecast16\GFNODE_experiments\asoc_joint_trajectory_onset_screen\results\STEP_MULTITASK\42\test_predictions.npz,126,,,,,,,,,,,,,,,,,,,"[0.3,0.4)",0.3559684455394745,0.0,,,,,,,,,,,,,,,,,,,,,
reliability,STEP_MULTITASK,42,full_timeline,12,,,,C:\Users\Zhujiangkun-Yohkoh\Desktop\光伏项目_最新\PVforecast16\GFNODE_experiments\asoc_joint_trajectory_onset_screen\results\STEP_MULTITASK\42\test_predictions.npz,95,,,,,,,,,,,,,,,,,,,"[0.4,0.5)",0.4535418450832367,0.021052631578947368,,,,,,,,,,,,,,,,,,,,,
reliability,STEP_MULTITASK,42,full_timeline,12,,,,C:\Users\Zhujiangkun-Yohkoh\Desktop\光伏项目_最新\PVforecast16\GFNODE_experiments\asoc_joint_trajectory_onset_screen\results\STEP_MULTITASK\42\test_predictions.npz,104,,,,,,,,,,,,,,,,,,,"[0.5,0.6)",0.5472162961959839,0.019230769230769232,,,,,,,,,,,,,,,,,,,,,
reliability,STEP_MULTITASK,42,full_timeline,12,,,,C:\Users\Zhujiangkun-Yohkoh\Desktop\光伏项目_最新\PVforecast16\GFNODE_experiments\asoc_joint_trajectory_onset_screen\results\STEP_MULTITASK\42\test_predictions.npz,112,,,,,,,,,,,,,,,,,,,"[0.6,0.7)",0.6457589268684387,0.026785714285714284,,,,,,,,,,,,,,,,,,,,,
reliability,STEP_MULTITASK,42,full_timeline,12,,,,C:\Users\Zhujiangkun-Yohkoh\Desktop\光伏项目_最新\PVforecast16\GFNODE_experiments\asoc_joint_trajectory_onset_screen\results\STEP_MULTITASK\42\test_predictions.npz,154,,,,,,,,,,,,,,,,,,,"[0.7,0.8)",0.754480242729187,0.09090909090909091,,,,,,,,,,,,,,,,,,,,,
reliability,STEP_MULTITASK,42,full_timeline,12,,,,C:\Users\Zhujiangkun-Yohkoh\Desktop\光伏项目_最新\PVforecast16\GFNODE_experiments\asoc_joint_trajectory_onset_screen\results\STEP_MULTITASK\42\test_predictions.npz,249,,,,,,,,,,,,,,,,,,,"[0.8,0.9)",0.8566833138465881,0.15261044176706828,,,,,,,,,,,,,,,,,,,,,
reliability,STEP_MULTITASK,42,full_timeline,12,,,,C:\Users\Zhujiangkun-Yohkoh\Desktop\光伏项目_最新\PVforecast16\GFNODE_experiments\asoc_joint_trajectory_onset_screen\results\STEP_MULTITASK\42\test_predictions.npz,3735,,,,,,,,,,,,,,,,,,,"[0.9,1.0]",0.9923906326293945,0.33306559571619815,,,,,,,,,,,,,,,,,,,,,
first_onset,STANDARD_ONSET_HAZARD,42,full_timeline,12,,,,C:\Users\Zhujiangkun-Yohkoh\Desktop\光伏项目_最新\PVforecast16\GFNODE_experiments\asoc_joint_trajectory_onset_screen\results\ONSET_HAZARD\42\test_predictions.npz,17401,5623,0.3231423481409114,0.9658038221895511,0.8857599722402826,0.0703168658982277,0.830918777455837,0.8756895193065406,0.7905032900586876,0.20949670994131248,2.7921259842519683,13.96062992125984,4445,3125,2498,0.4768,0.533226581265012,0.6348706411698538,,,,,,,,,,,,,,,,,,,,,,,,,
first_onset,STANDARD_ONSET_HAZARD,42,daylight,12,,,,C:\Users\Zhujiangkun-Yohkoh\Desktop\光伏项目_最新\PVforecast16\GFNODE_experiments\asoc_joint_trajectory_onset_screen\results\ONSET_HAZARD\42\test_predictions.npz,9655,5623,0.5823925427239772,0.9002379417443663,0.8858187002688145,0.12664229870809693,0.830918777455837,0.8756895193065406,0.7905032900586876,0.20949670994131248,2.7921259842519683,13.96062992125984,4445,3125,2498,0.4768,0.533226581265012,0.6348706411698538,,,,,,,,,,,,,,,,,,,,,,,,,
first_onset,STANDARD_ONSET_HAZARD,42,sunrise_sunset_transition,12,,,,C:\Users\Zhujiangkun-Yohkoh\Desktop\光伏项目_最新\PVforecast16\GFNODE_experiments\asoc_joint_trajectory_onset_screen\results\ONSET_HAZARD\42\test_predictions.npz,7134,2742,0.3843566021867115,0.930690905419176,0.8335078999875638,0.10956086129361771,0.7588948519181077,0.8339886413280909,0.6962071480671043,0.3037928519328957,2.71765322158198,13.5882661079099,1909,1660,1082,0.4114457831325301,0.6081330868761553,0.7024620220010477,,,,,,,,,,,,,,,,,,,,,,,,,
onset_lead,STANDARD_ONSET_HAZARD,42,full_timeline,1,,,,C:\Users\Zhujiangkun-Yohkoh\Desktop\光伏项目_最新\PVforecast16\GFNODE_experiments\asoc_joint_trajectory_onset_screen\results\ONSET_HAZARD\42\test_predictions.npz,930,930,0.05344520429860353,,,,,,,,,,,499,431,,,,0.8365591397849462,,,,,,,,,,,,,,,,,,,,,,,,
onset_lead,STANDARD_ONSET_HAZARD,42,full_timeline,2,,,,C:\Users\Zhujiangkun-Yohkoh\Desktop\光伏项目_最新\PVforecast16\GFNODE_experiments\asoc_joint_trajectory_onset_screen\results\ONSET_HAZARD\42\test_predictions.npz,930,930,0.05344520429860353,,,,,,,,,,,499,431,,,,0.8419354838709677,,,,,,,,,,,,,,,,,,,,,,,,
onset_lead,STANDARD_ONSET_HAZARD,42,full_timeline,3,,,,C:\Users\Zhujiangkun-Yohkoh\Desktop\光伏项目_最新\PVforecast16\GFNODE_experiments\asoc_joint_trajectory_onset_screen\results\ONSET_HAZARD\42\test_predictions.npz,771,771,0.044307798402390665,,,,,,,,,,,416,355,,,,0.833981841763943,,,,,,,,,,,,,,,,,,,,,,,,
onset_lead,STANDARD_ONSET_HAZARD,42,full_timeline,4,,,,C:\Users\Zhujiangkun-Yohkoh\Desktop\光伏项目_最新\PVforecast16\GFNODE_experiments\asoc_joint_trajectory_onset_screen\results\ONSET_HAZARD\42\test_predictions.npz,633,633,0.03637721970001724,,,,,,,,,,,348,285,,,,0.8278041074249605,,,,,,,,,,,,,,,,,,,,,,,,
onset_lead,STANDARD_ONSET_HAZARD,42,full_timeline,5,,,,C:\Users\Zhujiangkun-Yohkoh\Desktop\光伏项目_最新\PVforecast16\GFNODE_experiments\asoc_joint_trajectory_onset_screen\results\ONSET_HAZARD\42\test_predictions.npz,511,511,0.02936612838342624,,,,,,,,,,,280,231,,,,0.8082191780821918,,,,,,,,,,,,,,,,,,,,,,,,
onset_lead,STANDARD_ONSET_HAZARD,42,full_timeline,6,,,,C:\Users\Zhujiangkun-Yohkoh\Desktop\光伏项目_最新\PVforecast16\GFNODE_experiments\asoc_joint_trajectory_onset_screen\results\ONSET_HAZARD\42\test_predictions.npz,426,426,0.0244813516464571,,,,,,,,,,,238,188,,,,0.8051643192488263,,,,,,,,,,,,,,,,,,,,,,,,
onset_lead,STANDARD_ONSET_HAZARD,42,full_timeline,7,,,,C:\Users\Zhujiangkun-Yohkoh\Desktop\光伏项目_最新\PVforecast16\GFNODE_experiments\asoc_joint_trajectory_onset_screen\results\ONSET_HAZARD\42\test_predictions.npz,345,345,0.019826446755933567,,,,,,,,,,,198,147,,,,0.7536231884057971,,,,,,,,,,,,,,,,,,,,,,,,
onset_lead,STANDARD_ONSET_HAZARD,42,full_timeline,8,,,,C:\Users\Zhujiangkun-Yohkoh\Desktop\光伏项目_最新\PVforecast16\GFNODE_experiments\asoc_joint_trajectory_onset_screen\results\ONSET_HAZARD\42\test_predictions.npz,283,283,0.016263433136026666,,,,,,,,,,,167,116,,,,0.7102473498233216,,,,,,,,,,,,,,,,,,,,,,,,
onset_lead,STANDARD_ONSET_HAZARD,42,full_timeline,9,,,,C:\Users\Zhujiangkun-Yohkoh\Desktop\光伏项目_最新\PVforecast16\GFNODE_experiments\asoc_joint_trajectory_onset_screen\results\ONSET_HAZARD\42\test_predictions.npz,242,242,0.013907246709959197,,,,,,,,,,,144,98,,,,0.6900826446280992,,,,,,,,,,,,,,,,,,,,,,,,
onset_lead,STANDARD_ONSET_HAZARD,42,full_timeline,10,,,,C:\Users\Zhujiangkun-Yohkoh\Desktop\光伏项目_最新\PVforecast16\GFNODE_experiments\asoc_joint_trajectory_onset_screen\results\ONSET_HAZARD\42\test_predictions.npz,210,210,0.012068271938394345,,,,,,,,,,,125,85,,,,0.638095238095238,,,,,,,,,,,,,,,,,,,,,,,,
onset_lead,STANDARD_ONSET_HAZARD,42,full_timeline,11,,,,C:\Users\Zhujiangkun-Yohkoh\Desktop\光伏项目_最新\PVforecast16\GFNODE_experiments\asoc_joint_trajectory_onset_screen\results\ONSET_HAZARD\42\test_predictions.npz,182,182,0.010459169013275099,,,,,,,,,,,111,71,,,,0.6043956043956044,,,,,,,,,,,,,,,,,,,,,,,,
onset_lead,STANDARD_ONSET_HAZARD,42,full_timeline,12,,,,C:\Users\Zhujiangkun-Yohkoh\Desktop\光伏项目_最新\PVforecast16\GFNODE_experiments\asoc_joint_trajectory_onset_screen\results\ONSET_HAZARD\42\test_predictions.npz,160,160,0.009194873857824262,,,,,,,,,,,100,60,,,,0.55625,,,,,,,,,,,,,,,,,,,,,,,,
reliability,STANDARD_ONSET_HAZARD,42,full_timeline,12,,,,C:\Users\Zhujiangkun-Yohkoh\Desktop\光伏项目_最新\PVforecast16\GFNODE_experiments\asoc_joint_trajectory_onset_screen\results\ONSET_HAZARD\42\test_predictions.npz,9136,,,,,,,,,,,,,,,,,,,"[0.0,0.1)",0.009973563153579336,0.0016418563922942207,,,,,,,,,,,,,,,,,,,,,
reliability,STANDARD_ONSET_HAZARD,42,full_timeline,12,,,,C:\Users\Zhujiangkun-Yohkoh\Desktop\光伏项目_最新\PVforecast16\GFNODE_experiments\asoc_joint_trajectory_onset_screen\results\ONSET_HAZARD\42\test_predictions.npz,1375,,,,,,,,,,,,,,,,,,,"[0.1,0.2)",0.138995120677898,0.10472727272727272,,,,,,,,,,,,,,,,,,,,,
reliability,STANDARD_ONSET_HAZARD,42,full_timeline,12,,,,C:\Users\Zhujiangkun-Yohkoh\Desktop\光伏项目_最新\PVforecast16\GFNODE_experiments\asoc_joint_trajectory_onset_screen\results\ONSET_HAZARD\42\test_predictions.npz,717,,,,,,,,,,,,,,,,,,,"[0.2,0.3)",0.24836613765841173,0.37656903765690375,,,,,,,,,,,,,,,,,,,,,
reliability,STANDARD_ONSET_HAZARD,42,full_timeline,12,,,,C:\Users\Zhujiangkun-Yohkoh\Desktop\光伏项目_最新\PVforecast16\GFNODE_experiments\asoc_joint_trajectory_onset_screen\results\ONSET_HAZARD\42\test_predictions.npz,561,,,,,,,,,,,,,,,,,,,"[0.3,0.4)",0.35110606014528684,0.6238859180035651,,,,,,,,,,,,,,,,,,,,,
reliability,STANDARD_ONSET_HAZARD,42,full_timeline,12,,,,C:\Users\Zhujiangkun-Yohkoh\Desktop\光伏项目_最新\PVforecast16\GFNODE_experiments\asoc_joint_trajectory_onset_screen\results\ONSET_HAZARD\42\test_predictions.npz,536,,,,,,,,,,,,,,,,,,,"[0.4,0.5)",0.4454849057645047,0.7444029850746269,,,,,,,,,,,,,,,,,,,,,
reliability,STANDARD_ONSET_HAZARD,42,full_timeline,12,,,,C:\Users\Zhujiangkun-Yohkoh\Desktop\光伏项目_最新\PVforecast16\GFNODE_experiments\asoc_joint_trajectory_onset_screen\results\ONSET_HAZARD\42\test_predictions.npz,411,,,,,,,,,,,,,,,,,,,"[0.5,0.6)",0.5512232440015544,0.7858880778588808,,,,,,,,,,,,,,,,,,,,,
reliability,STANDARD_ONSET_HAZARD,42,full_timeline,12,,,,C:\Users\Zhujiangkun-Yohkoh\Desktop\光伏项目_最新\PVforecast16\GFNODE_experiments\asoc_joint_trajectory_onset_screen\results\ONSET_HAZARD\42\test_predictions.npz,521,,,,,,,,,,,,,,,,,,,"[0.6,0.7)",0.654597619073934,0.7696737044145874,,,,,,,,,,,,,,,,,,,,,
reliability,STANDARD_ONSET_HAZARD,42,full_timeline,12,,,,C:\Users\Zhujiangkun-Yohkoh\Desktop\光伏项目_最新\PVforecast16\GFNODE_experiments\asoc_joint_trajectory_onset_screen\results\ONSET_HAZARD\42\test_predictions.npz,603,,,,,,,,,,,,,,,,,,,"[0.7,0.8)",0.753241211680532,0.8507462686567164,,,,,,,,,,,,,,,,,,,,,
reliability,STANDARD_ONSET_HAZARD,42,full_timeline,12,,,,C:\Users\Zhujiangkun-Yohkoh\Desktop\光伏项目_最新\PVforecast16\GFNODE_experiments\asoc_joint_trajectory_onset_screen\results\ONSET_HAZARD\42\test_predictions.npz,1037,,,,,,,,,,,,,,,,,,,"[0.8,0.9)",0.859637002688745,0.8794599807135969,,,,,,,,,,,,,,,,,,,,,
reliability,STANDARD_ONSET_HAZARD,42,full_timeline,12,,,,C:\Users\Zhujiangkun-Yohkoh\Desktop\光伏项目_最新\PVforecast16\GFNODE_experiments\asoc_joint_trajectory_onset_screen\results\ONSET_HAZARD\42\test_predictions.npz,2504,,,,,,,,,,,,,,,,,,,"[0.9,1.0]",0.9378606779456544,0.9169329073482428,,,,,,,,,,,,,,,,,,,,,
first_onset,POWER_ANCHORED_HAZARD,42,full_timeline,12,,,,C:\Users\Zhujiangkun-Yohkoh\Desktop\光伏项目_最新\PVforecast16\GFNODE_experiments\asoc_power_anchored_gradient_screen\results\POWER_ANCHORED_HAZARD\42\test_predictions.npz,17401,5623,0.3231423481409114,0.965400018306541,0.8943902175939663,0.0679025186616933,0.8464541905021339,0.8647495361781076,0.828916948248266,0.17108305175173394,2.856683115211328,14.28341557605664,4661,3125,2498,0.54112,0.5200160128102482,0.6414932417936066,,,,,,,,,,,,,,,,,,,,,,,,,
first_onset,POWER_ANCHORED_HAZARD,42,daylight,12,,,,C:\Users\Zhujiangkun-Yohkoh\Desktop\光伏项目_最新\PVforecast16\GFNODE_experiments\asoc_power_anchored_gradient_screen\results\POWER_ANCHORED_HAZARD\42\test_predictions.npz,9655,5623,0.5823925427239772,0.8989943778952093,0.8944171205749909,0.1222664710673347,0.8464541905021339,0.8647495361781076,0.828916948248266,0.17108305175173394,2.856683115211328,14.28341557605664,4661,3125,2498,0.54112,0.5200160128102482,0.6414932417936066,,,,,,,,,,,,,,,,,,,,,,,,,
first_onset,POWER_ANCHORED_HAZARD,42,sunrise_sunset_transition,12,,,,C:\Users\Zhujiangkun-Yohkoh\Desktop\光伏项目_最新\PVforecast16\GFNODE_experiments\asoc_power_anchored_gradient_screen\results\POWER_ANCHORED_HAZARD\42\test_predictions.npz,7134,2742,0.3843566021867115,0.9309111188169192,0.8437142016038908,0.10546390379922586,0.7819750719079578,0.8245046502224019,0.7436177972283005,0.2563822027716995,2.7459538989700834,13.729769494850416,2039,1660,1082,0.4867469879518072,0.5656192236598891,0.6964198136341344,,,,,,,,,,,,,,,,,,,,,,,,,
onset_lead,POWER_ANCHORED_HAZARD,42,full_timeline,1,,,,C:\Users\Zhujiangkun-Yohkoh\Desktop\光伏项目_最新\PVforecast16\GFNODE_experiments\asoc_power_anchored_gradient_screen\results\POWER_ANCHORED_HAZARD\42\test_predictions.npz,930,930,0.05344520429860353,,,,,,,,,,,499,431,,,,0.8774193548387097,,,,,,,,,,,,,,,,,,,,,,,,
onset_lead,POWER_ANCHORED_HAZARD,42,full_timeline,2,,,,C:\Users\Zhujiangkun-Yohkoh\Desktop\光伏项目_最新\PVforecast16\GFNODE_experiments\asoc_power_anchored_gradient_screen\results\POWER_ANCHORED_HAZARD\42\test_predictions.npz,930,930,0.05344520429860353,,,,,,,,,,,499,431,,,,0.878494623655914,,,,,,,,,,,,,,,,,,,,,,,,
onset_lead,POWER_ANCHORED_HAZARD,42,full_timeline,3,,,,C:\Users\Zhujiangkun-Yohkoh\Desktop\光伏项目_最新\PVforecast16\GFNODE_experiments\asoc_power_anchored_gradient_screen\results\POWER_ANCHORED_HAZARD\42\test_predictions.npz,771,771,0.044307798402390665,,,,,,,,,,,416,355,,,,0.8728923476005188,,,,,,,,,,,,,,,,,,,,,,,,
onset_lead,POWER_ANCHORED_HAZARD,42,full_timeline,4,,,,C:\Users\Zhujiangkun-Yohkoh\Desktop\光伏项目_最新\PVforecast16\GFNODE_experiments\asoc_power_anchored_gradient_screen\results\POWER_ANCHORED_HAZARD\42\test_predictions.npz,633,633,0.03637721970001724,,,,,,,,,,,348,285,,,,0.8641390205371248,,,,,,,,,,,,,,,,,,,,,,,,
onset_lead,POWER_ANCHORED_HAZARD,42,full_timeline,5,,,,C:\Users\Zhujiangkun-Yohkoh\Desktop\光伏项目_最新\PVforecast16\GFNODE_experiments\asoc_power_anchored_gradient_screen\results\POWER_ANCHORED_HAZARD\42\test_predictions.npz,511,511,0.02936612838342624,,,,,,,,,,,280,231,,,,0.837573385518591,,,,,,,,,,,,,,,,,,,,,,,,
onset_lead,POWER_ANCHORED_HAZARD,42,full_timeline,6,,,,C:\Users\Zhujiangkun-Yohkoh\Desktop\光伏项目_最新\PVforecast16\GFNODE_experiments\asoc_power_anchored_gradient_screen\results\POWER_ANCHORED_HAZARD\42\test_predictions.npz,426,426,0.0244813516464571,,,,,,,,,,,238,188,,,,0.8450704225352113,,,,,,,,,,,,,,,,,,,,,,,,
onset_lead,POWER_ANCHORED_HAZARD,42,full_timeline,7,,,,C:\Users\Zhujiangkun-Yohkoh\Desktop\光伏项目_最新\PVforecast16\GFNODE_experiments\asoc_power_anchored_gradient_screen\results\POWER_ANCHORED_HAZARD\42\test_predictions.npz,345,345,0.019826446755933567,,,,,,,,,,,198,147,,,,0.8,,,,,,,,,,,,,,,,,,,,,,,,
onset_lead,POWER_ANCHORED_HAZARD,42,full_timeline,8,,,,C:\Users\Zhujiangkun-Yohkoh\Desktop\光伏项目_最新\PVforecast16\GFNODE_experiments\asoc_power_anchored_gradient_screen\results\POWER_ANCHORED_HAZARD\42\test_predictions.npz,283,283,0.016263433136026666,,,,,,,,,,,167,116,,,,0.7703180212014135,,,,,,,,,,,,,,,,,,,,,,,,
onset_lead,POWER_ANCHORED_HAZARD,42,full_timeline,9,,,,C:\Users\Zhujiangkun-Yohkoh\Desktop\光伏项目_最新\PVforecast16\GFNODE_experiments\asoc_power_anchored_gradient_screen\results\POWER_ANCHORED_HAZARD\42\test_predictions.npz,242,242,0.013907246709959197,,,,,,,,,,,144,98,,,,0.7272727272727273,,,,,,,,,,,,,,,,,,,,,,,,
onset_lead,POWER_ANCHORED_HAZARD,42,full_timeline,10,,,,C:\Users\Zhujiangkun-Yohkoh\Desktop\光伏项目_最新\PVforecast16\GFNODE_experiments\asoc_power_anchored_gradient_screen\results\POWER_ANCHORED_HAZARD\42\test_predictions.npz,210,210,0.012068271938394345,,,,,,,,,,,125,85,,,,0.680952380952381,,,,,,,,,,,,,,,,,,,,,,,,
onset_lead,POWER_ANCHORED_HAZARD,42,full_timeline,11,,,,C:\Users\Zhujiangkun-Yohkoh\Desktop\光伏项目_最新\PVforecast16\GFNODE_experiments\asoc_power_anchored_gradient_screen\results\POWER_ANCHORED_HAZARD\42\test_predictions.npz,182,182,0.010459169013275099,,,,,,,,,,,111,71,,,,0.6318681318681318,,,,,,,,,,,,,,,,,,,,,,,,
onset_lead,POWER_ANCHORED_HAZARD,42,full_timeline,12,,,,C:\Users\Zhujiangkun-Yohkoh\Desktop\光伏项目_最新\PVforecast16\GFNODE_experiments\asoc_power_anchored_gradient_screen\results\POWER_ANCHORED_HAZARD\42\test_predictions.npz,160,160,0.009194873857824262,,,,,,,,,,,100,60,,,,0.575,,,,,,,,,,,,,,,,,,,,,,,,
reliability,POWER_ANCHORED_HAZARD,42,full_timeline,12,,,,C:\Users\Zhujiangkun-Yohkoh\Desktop\光伏项目_最新\PVforecast16\GFNODE_experiments\asoc_power_anchored_gradient_screen\results\POWER_ANCHORED_HAZARD\42\test_predictions.npz,8411,,,,,,,,,,,,,,,,,,,"[0.0,0.1)",0.005896130180571758,0.00023778385447628106,,,,,,,,,,,,,,,,,,,,,
reliability,POWER_ANCHORED_HAZARD,42,full_timeline,12,,,,C:\Users\Zhujiangkun-Yohkoh\Desktop\光伏项目_最新\PVforecast16\GFNODE_experiments\asoc_power_anchored_gradient_screen\results\POWER_ANCHORED_HAZARD\42\test_predictions.npz,1599,,,,,,,,,,,,,,,,,,,"[0.1,0.2)",0.14774391280754132,0.04690431519699812,,,,,,,,,,,,,,,,,,,,,
reliability,POWER_ANCHORED_HAZARD,42,full_timeline,12,,,,C:\Users\Zhujiangkun-Yohkoh\Desktop\光伏项目_最新\PVforecast16\GFNODE_experiments\asoc_power_anchored_gradient_screen\results\POWER_ANCHORED_HAZARD\42\test_predictions.npz,804,,,,,,,,,,,,,,,,,,,"[0.2,0.3)",0.24889466745270178,0.2574626865671642,,,,,,,,,,,,,,,,,,,,,
reliability,POWER_ANCHORED_HAZARD,42,full_timeline,12,,,,C:\Users\Zhujiangkun-Yohkoh\Desktop\光伏项目_最新\PVforecast16\GFNODE_experiments\asoc_power_anchored_gradient_screen\results\POWER_ANCHORED_HAZARD\42\test_predictions.npz,670,,,,,,,,,,,,,,,,,,,"[0.3,0.4)",0.345781516243753,0.46119402985074626,,,,,,,,,,,,,,,,,,,,,
reliability,POWER_ANCHORED_HAZARD,42,full_timeline,12,,,,C:\Users\Zhujiangkun-Yohkoh\Desktop\光伏项目_最新\PVforecast16\GFNODE_experiments\asoc_power_anchored_gradient_screen\results\POWER_ANCHORED_HAZARD\42\test_predictions.npz,527,,,,,,,,,,,,,,,,,,,"[0.4,0.5)",0.4514312448211536,0.7001897533206831,,,,,,,,,,,,,,,,,,,,,
reliability,POWER_ANCHORED_HAZARD,42,full_timeline,12,,,,C:\Users\Zhujiangkun-Yohkoh\Desktop\光伏项目_最新\PVforecast16\GFNODE_experiments\asoc_power_anchored_gradient_screen\results\POWER_ANCHORED_HAZARD\42\test_predictions.npz,357,,,,,,,,,,,,,,,,,,,"[0.5,0.6)",0.5515995835349357,0.6946778711484594,,,,,,,,,,,,,,,,,,,,,
reliability,POWER_ANCHORED_HAZARD,42,full_timeline,12,,,,C:\Users\Zhujiangkun-Yohkoh\Desktop\光伏项目_最新\PVforecast16\GFNODE_experiments\asoc_power_anchored_gradient_screen\results\POWER_ANCHORED_HAZARD\42\test_predictions.npz,415,,,,,,,,,,,,,,,,,,,"[0.6,0.7)",0.6520999038319163,0.7783132530120482,,,,,,,,,,,,,,,,,,,,,
reliability,POWER_ANCHORED_HAZARD,42,full_timeline,12,,,,C:\Users\Zhujiangkun-Yohkoh\Desktop\光伏项目_最新\PVforecast16\GFNODE_experiments\asoc_power_anchored_gradient_screen\results\POWER_ANCHORED_HAZARD\42\test_predictions.npz,517,,,,,,,,,,,,,,,,,,,"[0.7,0.8)",0.7528795707729801,0.793036750483559,,,,,,,,,,,,,,,,,,,,,
reliability,POWER_ANCHORED_HAZARD,42,full_timeline,12,,,,C:\Users\Zhujiangkun-Yohkoh\Desktop\光伏项目_最新\PVforecast16\GFNODE_experiments\asoc_power_anchored_gradient_screen\results\POWER_ANCHORED_HAZARD\42\test_predictions.npz,923,,,,,,,,,,,,,,,,,,,"[0.8,0.9)",0.8560064649611187,0.8353196099674973,,,,,,,,,,,,,,,,,,,,,
reliability,POWER_ANCHORED_HAZARD,42,full_timeline,12,,,,C:\Users\Zhujiangkun-Yohkoh\Desktop\光伏项目_最新\PVforecast16\GFNODE_experiments\asoc_power_anchored_gradient_screen\results\POWER_ANCHORED_HAZARD\42\test_predictions.npz,3178,,,,,,,,,,,,,,,,,,,"[0.9,1.0]",0.9539673912826381,0.9153555695405916,,,,,,,,,,,,,,,,,,,,,
power,FROZEN_TRAJECTORY_HAZARD,42,full_timeline,3,0.4030815362930298,0.19502899050712585,0.1351211667060852,C:\Users\Zhujiangkun-Yohkoh\Desktop\光伏项目_最新\PVforecast16\GFNODE_experiments\asoc_frozen_trajectory_hazard_screen\results\FROZEN_TRAJECTORY_HAZARD\42\test_predictions.npz,,,,,,,,,,,,,,,,,,,,,,,11,6,1.0385117301906364,early_stopping,True,48.4106613999993,4.394329418182017,19136,55308,165924,240368,165924,0.6902915529521401,0.035821975748469924,0.15069979429244995,0.0,0.0,,,,
power,FROZEN_TRAJECTORY_HAZARD,42,full_timeline,6,0.4400230646133423,0.2094784677028656,0.1326143592596054,C:\Users\Zhujiangkun-Yohkoh\Desktop\光伏项目_最新\PVforecast16\GFNODE_experiments\asoc_frozen_trajectory_hazard_screen\results\FROZEN_TRAJECTORY_HAZARD\42\test_predictions.npz,,,,,,,,,,,,,,,,,,,,,,,11,6,1.0385117301906364,early_stopping,True,48.4106613999993,4.394329418182017,19136,55308,165924,240368,165924,0.6902915529521401,0.035821975748469924,0.15069979429244995,0.0,0.0,,,,
power,FROZEN_TRAJECTORY_HAZARD,42,full_timeline,12,0.481767475605011,0.2312507927417755,0.13394679129123688,C:\Users\Zhujiangkun-Yohkoh\Desktop\光伏项目_最新\PVforecast16\GFNODE_experiments\asoc_frozen_trajectory_hazard_screen\results\FROZEN_TRAJECTORY_HAZARD\42\test_predictions.npz,,,,,,,,,,,,,,,,,,,,,,,11,6,1.0385117301906364,early_stopping,True,48.4106613999993,4.394329418182017,19136,55308,165924,240368,165924,0.6902915529521401,0.035821975748469924,0.15069979429244995,0.0,0.0,,,,
power,FROZEN_TRAJECTORY_HAZARD,42,daylight,12,0.6701191067695618,0.4227704405784607,0.13394679129123688,C:\Users\Zhujiangkun-Yohkoh\Desktop\光伏项目_最新\PVforecast16\GFNODE_experiments\asoc_frozen_trajectory_hazard_screen\results\FROZEN_TRAJECTORY_HAZARD\42\test_predictions.npz,,,,,,,,,,,,,,,,,,,,,,,11,6,1.0385117301906364,early_stopping,True,48.4106613999993,4.394329418182017,19136,55308,165924,240368,165924,0.6902915529521401,0.035821975748469924,0.15069979429244995,0.0,0.0,,,,
power,FROZEN_TRAJECTORY_HAZARD,42,ramp_step,12,0.9608327150344849,0.7169058918952942,0.13394679129123688,C:\Users\Zhujiangkun-Yohkoh\Desktop\光伏项目_最新\PVforecast16\GFNODE_experiments\asoc_frozen_trajectory_hazard_screen\results\FROZEN_TRAJECTORY_HAZARD\42\test_predictions.npz,,,,,,,,,,,,,,,,,,,,,,,11,6,1.0385117301906364,early_stopping,True,48.4106613999993,4.394329418182017,19136,55308,165924,240368,165924,0.6902915529521401,0.035821975748469924,0.15069979429244995,0.0,0.0,,,,
power,FROZEN_TRAJECTORY_HAZARD,42,onset_near,12,0.7990145683288574,0.5579513907432556,0.13394679129123688,C:\Users\Zhujiangkun-Yohkoh\Desktop\光伏项目_最新\PVforecast16\GFNODE_experiments\asoc_frozen_trajectory_hazard_screen\results\FROZEN_TRAJECTORY_HAZARD\42\test_predictions.npz,,,,,,,,,,,,,,,,,,,,,,,11,6,1.0385117301906364,early_stopping,True,48.4106613999993,4.394329418182017,19136,55308,165924,240368,165924,0.6902915529521401,0.035821975748469924,0.15069979429244995,0.0,0.0,,,,
first_onset,FROZEN_TRAJECTORY_HAZARD,42,full_timeline,12,,,,C:\Users\Zhujiangkun-Yohkoh\Desktop\光伏项目_最新\PVforecast16\GFNODE_experiments\asoc_frozen_trajectory_hazard_screen\results\FROZEN_TRAJECTORY_HAZARD\42\test_predictions.npz,17401,5623,0.3231423481409114,0.9338633925559904,0.8416503277344455,0.10482551721316984,0.7452755905511811,0.8344721181397399,0.6733060643784456,0.32669393562155435,2.7379820390913894,13.689910195456946,3786,3125,2498,0.42336,0.4519615692554043,0.6476492340200739,,,,,11,6,1.0385117301906364,early_stopping,True,48.4106613999993,4.394329418182017,19136,55308,165924,240368,165924,0.6902915529521401,0.035821975748469924,0.15069979429244995,0.0,0.0,,,,
first_onset,FROZEN_TRAJECTORY_HAZARD,42,daylight,12,,,,C:\Users\Zhujiangkun-Yohkoh\Desktop\光伏项目_最新\PVforecast16\GFNODE_experiments\asoc_frozen_trajectory_hazard_screen\results\FROZEN_TRAJECTORY_HAZARD\42\test_predictions.npz,9655,5623,0.5823925427239772,0.8121407011734684,0.8430758461200649,0.18843307625706138,0.7452755905511811,0.8344721181397399,0.6733060643784456,0.32669393562155435,2.7379820390913894,13.689910195456946,3786,3125,2498,0.42336,0.4519615692554043,0.6476492340200739,,,,,11,6,1.0385117301906364,early_stopping,True,48.4106613999993,4.394329418182017,19136,55308,165924,240368,165924,0.6902915529521401,0.035821975748469924,0.15069979429244995,0.0,0.0,,,,
first_onset,FROZEN_TRAJECTORY_HAZARD,42,sunrise_sunset_transition,12,,,,C:\Users\Zhujiangkun-Yohkoh\Desktop\光伏项目_最新\PVforecast16\GFNODE_experiments\asoc_frozen_trajectory_hazard_screen\results\FROZEN_TRAJECTORY_HAZARD\42\test_predictions.npz,7134,2742,0.3843566021867115,0.8483231231374863,0.7424051970250382,0.16153171678236683,0.6742378959952182,0.7430830039525692,0.6170678336980306,0.38293216630196936,2.826241134751773,14.131205673758863,1692,1660,1082,0.3180722891566265,0.6155268022181146,0.7056737588652482,,,,,11,6,1.0385117301906364,early_stopping,True,48.4106613999993,4.394329418182017,19136,55308,165924,240368,165924,0.6902915529521401,0.035821975748469924,0.15069979429244995,0.0,0.0,,,,
onset_lead,FROZEN_TRAJECTORY_HAZARD,42,full_timeline,1,,,,C:\Users\Zhujiangkun-Yohkoh\Desktop\光伏项目_最新\PVforecast16\GFNODE_experiments\asoc_frozen_trajectory_hazard_screen\results\FROZEN_TRAJECTORY_HAZARD\42\test_predictions.npz,930,930,0.05344520429860353,,,,,,,,,,,499,431,,,,0.7408602150537634,,,,11,6,1.0385117301906364,early_stopping,True,48.4106613999993,4.394329418182017,19136,55308,165924,240368,165924,0.6902915529521401,0.035821975748469924,0.15069979429244995,0.0,0.0,,,,
onset_lead,FROZEN_TRAJECTORY_HAZARD,42,full_timeline,2,,,,C:\Users\Zhujiangkun-Yohkoh\Desktop\光伏项目_最新\PVforecast16\GFNODE_experiments\asoc_frozen_trajectory_hazard_screen\results\FROZEN_TRAJECTORY_HAZARD\42\test_predictions.npz,930,930,0.05344520429860353,,,,,,,,,,,499,431,,,,0.7365591397849462,,,,11,6,1.0385117301906364,early_stopping,True,48.4106613999993,4.394329418182017,19136,55308,165924,240368,165924,0.6902915529521401,0.035821975748469924,0.15069979429244995,0.0,0.0,,,,
onset_lead,FROZEN_TRAJECTORY_HAZARD,42,full_timeline,3,,,,C:\Users\Zhujiangkun-Yohkoh\Desktop\光伏项目_最新\PVforecast16\GFNODE_experiments\asoc_frozen_trajectory_hazard_screen\results\FROZEN_TRAJECTORY_HAZARD\42\test_predictions.npz,771,771,0.044307798402390665,,,,,,,,,,,416,355,,,,0.7055771725032426,,,,11,6,1.0385117301906364,early_stopping,True,48.4106613999993,4.394329418182017,19136,55308,165924,240368,165924,0.6902915529521401,0.035821975748469924,0.15069979429244995,0.0,0.0,,,,
onset_lead,FROZEN_TRAJECTORY_HAZARD,42,full_timeline,4,,,,C:\Users\Zhujiangkun-Yohkoh\Desktop\光伏项目_最新\PVforecast16\GFNODE_experiments\asoc_frozen_trajectory_hazard_screen\results\FROZEN_TRAJECTORY_HAZARD\42\test_predictions.npz,633,633,0.03637721970001724,,,,,,,,,,,348,285,,,,0.7061611374407583,,,,11,6,1.0385117301906364,early_stopping,True,48.4106613999993,4.394329418182017,19136,55308,165924,240368,165924,0.6902915529521401,0.035821975748469924,0.15069979429244995,0.0,0.0,,,,
onset_lead,FROZEN_TRAJECTORY_HAZARD,42,full_timeline,5,,,,C:\Users\Zhujiangkun-Yohkoh\Desktop\光伏项目_最新\PVforecast16\GFNODE_experiments\asoc_frozen_trajectory_hazard_screen\results\FROZEN_TRAJECTORY_HAZARD\42\test_predictions.npz,511,511,0.02936612838342624,,,,,,,,,,,280,231,,,,0.6810176125244618,,,,11,6,1.0385117301906364,early_stopping,True,48.4106613999993,4.394329418182017,19136,55308,165924,240368,165924,0.6902915529521401,0.035821975748469924,0.15069979429244995,0.0,0.0,,,,
onset_lead,FROZEN_TRAJECTORY_HAZARD,42,full_timeline,6,,,,C:\Users\Zhujiangkun-Yohkoh\Desktop\光伏项目_最新\PVforecast16\GFNODE_experiments\asoc_frozen_trajectory_hazard_screen\results\FROZEN_TRAJECTORY_HAZARD\42\test_predictions.npz,426,426,0.0244813516464571,,,,,,,,,,,238,188,,,,0.6807511737089202,,,,11,6,1.0385117301906364,early_stopping,True,48.4106613999993,4.394329418182017,19136,55308,165924,240368,165924,0.6902915529521401,0.035821975748469924,0.15069979429244995,0.0,0.0,,,,
onset_lead,FROZEN_TRAJECTORY_HAZARD,42,full_timeline,7,,,,C:\Users\Zhujiangkun-Yohkoh\Desktop\光伏项目_最新\PVforecast16\GFNODE_experiments\asoc_frozen_trajectory_hazard_screen\results\FROZEN_TRAJECTORY_HAZARD\42\test_predictions.npz,345,345,0.019826446755933567,,,,,,,,,,,198,147,,,,0.6318840579710145,,,,11,6,1.0385117301906364,early_stopping,True,48.4106613999993,4.394329418182017,19136,55308,165924,240368,165924,0.6902915529521401,0.035821975748469924,0.15069979429244995,0.0,0.0,,,,
onset_lead,FROZEN_TRAJECTORY_HAZARD,42,full_timeline,8,,,,C:\Users\Zhujiangkun-Yohkoh\Desktop\光伏项目_最新\PVforecast16\GFNODE_experiments\asoc_frozen_trajectory_hazard_screen\results\FROZEN_TRAJECTORY_HAZARD\42\test_predictions.npz,283,283,0.016263433136026666,,,,,,,,,,,167,116,,,,0.5901060070671378,,,,11,6,1.0385117301906364,early_stopping,True,48.4106613999993,4.394329418182017,19136,55308,165924,240368,165924,0.6902915529521401,0.035821975748469924,0.15069979429244995,0.0,0.0,,,,
onset_lead,FROZEN_TRAJECTORY_HAZARD,42,full_timeline,9,,,,C:\Users\Zhujiangkun-Yohkoh\Desktop\光伏项目_最新\PVforecast16\GFNODE_experiments\asoc_frozen_trajectory_hazard_screen\results\FROZEN_TRAJECTORY_HAZARD\42\test_predictions.npz,242,242,0.013907246709959197,,,,,,,,,,,144,98,,,,0.5495867768595041,,,,11,6,1.0385117301906364,early_stopping,True,48.4106613999993,4.394329418182017,19136,55308,165924,240368,165924,0.6902915529521401,0.035821975748469924,0.15069979429244995,0.0,0.0,,,,
onset_lead,FROZEN_TRAJECTORY_HAZARD,42,full_timeline,10,,,,C:\Users\Zhujiangkun-Yohkoh\Desktop\光伏项目_最新\PVforecast16\GFNODE_experiments\asoc_frozen_trajectory_hazard_screen\results\FROZEN_TRAJECTORY_HAZARD\42\test_predictions.npz,210,210,0.012068271938394345,,,,,,,,,,,125,85,,,,0.5142857142857142,,,,11,6,1.0385117301906364,early_stopping,True,48.4106613999993,4.394329418182017,19136,55308,165924,240368,165924,0.6902915529521401,0.035821975748469924,0.15069979429244995,0.0,0.0,,,,
onset_lead,FROZEN_TRAJECTORY_HAZARD,42,full_timeline,11,,,,C:\Users\Zhujiangkun-Yohkoh\Desktop\光伏项目_最新\PVforecast16\GFNODE_experiments\asoc_frozen_trajectory_hazard_screen\results\FROZEN_TRAJECTORY_HAZARD\42\test_predictions.npz,182,182,0.010459169013275099,,,,,,,,,,,111,71,,,,0.489010989010989,,,,11,6,1.0385117301906364,early_stopping,True,48.4106613999993,4.394329418182017,19136,55308,165924,240368,165924,0.6902915529521401,0.035821975748469924,0.15069979429244995,0.0,0.0,,,,
onset_lead,FROZEN_TRAJECTORY_HAZARD,42,full_timeline,12,,,,C:\Users\Zhujiangkun-Yohkoh\Desktop\光伏项目_最新\PVforecast16\GFNODE_experiments\asoc_frozen_trajectory_hazard_screen\results\FROZEN_TRAJECTORY_HAZARD\42\test_predictions.npz,160,160,0.009194873857824262,,,,,,,,,,,100,60,,,,0.425,,,,11,6,1.0385117301906364,early_stopping,True,48.4106613999993,4.394329418182017,19136,55308,165924,240368,165924,0.6902915529521401,0.035821975748469924,0.15069979429244995,0.0,0.0,,,,
reliability,FROZEN_TRAJECTORY_HAZARD,42,full_timeline,12,,,,C:\Users\Zhujiangkun-Yohkoh\Desktop\光伏项目_最新\PVforecast16\GFNODE_experiments\asoc_frozen_trajectory_hazard_screen\results\FROZEN_TRAJECTORY_HAZARD\42\test_predictions.npz,8950,,,,,,,,,,,,,,,,,,,"[0.0,0.1)",0.019434660022661254,0.029385474860335197,11,6,1.0385117301906364,early_stopping,True,48.4106613999993,4.394329418182017,19136,55308,165924,240368,165924,0.6902915529521401,0.035821975748469924,0.15069979429244995,0.0,0.0,,,,
reliability,FROZEN_TRAJECTORY_HAZARD,42,full_timeline,12,,,,C:\Users\Zhujiangkun-Yohkoh\Desktop\光伏项目_最新\PVforecast16\GFNODE_experiments\asoc_frozen_trajectory_hazard_screen\results\FROZEN_TRAJECTORY_HAZARD\42\test_predictions.npz,1670,,,,,,,,,,,,,,,,,,,"[0.1,0.2)",0.14367743248562218,0.25449101796407186,11,6,1.0385117301906364,early_stopping,True,48.4106613999993,4.394329418182017,19136,55308,165924,240368,165924,0.6902915529521401,0.035821975748469924,0.15069979429244995,0.0,0.0,,,,
reliability,FROZEN_TRAJECTORY_HAZARD,42,full_timeline,12,,,,C:\Users\Zhujiangkun-Yohkoh\Desktop\光伏项目_最新\PVforecast16\GFNODE_experiments\asoc_frozen_trajectory_hazard_screen\results\FROZEN_TRAJECTORY_HAZARD\42\test_predictions.npz,982,,,,,,,,,,,,,,,,,,,"[0.2,0.3)",0.24685511598038082,0.3879837067209776,11,6,1.0385117301906364,early_stopping,True,48.4106613999993,4.394329418182017,19136,55308,165924,240368,165924,0.6902915529521401,0.035821975748469924,0.15069979429244995,0.0,0.0,,,,
reliability,FROZEN_TRAJECTORY_HAZARD,42,full_timeline,12,,,,C:\Users\Zhujiangkun-Yohkoh\Desktop\光伏项目_最新\PVforecast16\GFNODE_experiments\asoc_frozen_trajectory_hazard_screen\results\FROZEN_TRAJECTORY_HAZARD\42\test_predictions.npz,757,,,,,,,,,,,,,,,,,,,"[0.3,0.4)",0.34640387811143686,0.5587846763540291,11,6,1.0385117301906364,early_stopping,True,48.4106613999993,4.394329418182017,19136,55308,165924,240368,165924,0.6902915529521401,0.035821975748469924,0.15069979429244995,0.0,0.0,,,,
reliability,FROZEN_TRAJECTORY_HAZARD,42,full_timeline,12,,,,C:\Users\Zhujiangkun-Yohkoh\Desktop\光伏项目_最新\PVforecast16\GFNODE_experiments\asoc_frozen_trajectory_hazard_screen\results\FROZEN_TRAJECTORY_HAZARD\42\test_predictions.npz,505,,,,,,,,,,,,,,,,,,,"[0.4,0.5)",0.4494486336805532,0.6831683168316832,11,6,1.0385117301906364,early_stopping,True,48.4106613999993,4.394329418182017,19136,55308,165924,240368,165924,0.6902915529521401,0.035821975748469924,0.15069979429244995,0.0,0.0,,,,
reliability,FROZEN_TRAJECTORY_HAZARD,42,full_timeline,12,,,,C:\Users\Zhujiangkun-Yohkoh\Desktop\光伏项目_最新\PVforecast16\GFNODE_experiments\asoc_frozen_trajectory_hazard_screen\results\FROZEN_TRAJECTORY_HAZARD\42\test_predictions.npz,532,,,,,,,,,,,,,,,,,,,"[0.5,0.6)",0.5495196011555995,0.7481203007518797,11,6,1.0385117301906364,early_stopping,True,48.4106613999993,4.394329418182017,19136,55308,165924,240368,165924,0.6902915529521401,0.035821975748469924,0.15069979429244995,0.0,0.0,,,,
reliability,FROZEN_TRAJECTORY_HAZARD,42,full_timeline,12,,,,C:\Users\Zhujiangkun-Yohkoh\Desktop\光伏项目_最新\PVforecast16\GFNODE_experiments\asoc_frozen_trajectory_hazard_screen\results\FROZEN_TRAJECTORY_HAZARD\42\test_predictions.npz,652,,,,,,,,,,,,,,,,,,,"[0.6,0.7)",0.651419069440583,0.7622699386503068,11,6,1.0385117301906364,early_stopping,True,48.4106613999993,4.394329418182017,19136,55308,165924,240368,165924,0.6902915529521401,0.035821975748469924,0.15069979429244995,0.0,0.0,,,,
reliability,FROZEN_TRAJECTORY_HAZARD,42,full_timeline,12,,,,C:\Users\Zhujiangkun-Yohkoh\Desktop\光伏项目_最新\PVforecast16\GFNODE_experiments\asoc_frozen_trajectory_hazard_screen\results\FROZEN_TRAJECTORY_HAZARD\42\test_predictions.npz,864,,,,,,,,,,,,,,,,,,,"[0.7,0.8)",0.7528963467189187,0.7511574074074074,11,6,1.0385117301906364,early_stopping,True,48.4106613999993,4.394329418182017,19136,55308,165924,240368,165924,0.6902915529521401,0.035821975748469924,0.15069979429244995,0.0,0.0,,,,
reliability,FROZEN_TRAJECTORY_HAZARD,42,full_timeline,12,,,,C:\Users\Zhujiangkun-Yohkoh\Desktop\光伏项目_最新\PVforecast16\GFNODE_experiments\asoc_frozen_trajectory_hazard_screen\results\FROZEN_TRAJECTORY_HAZARD\42\test_predictions.npz,961,,,,,,,,,,,,,,,,,,,"[0.8,0.9)",0.8551318709784311,0.8855359001040582,11,6,1.0385117301906364,early_stopping,True,48.4106613999993,4.394329418182017,19136,55308,165924,240368,165924,0.6902915529521401,0.035821975748469924,0.15069979429244995,0.0,0.0,,,,
reliability,FROZEN_TRAJECTORY_HAZARD,42,full_timeline,12,,,,C:\Users\Zhujiangkun-Yohkoh\Desktop\光伏项目_最新\PVforecast16\GFNODE_experiments\asoc_frozen_trajectory_hazard_screen\results\FROZEN_TRAJECTORY_HAZARD\42\test_predictions.npz,1528,,,,,,,,,,,,,,,,,,,"[0.9,1.0]",0.9589877370187739,0.9103403141361257,11,6,1.0385117301906364,early_stopping,True,48.4106613999993,4.394329418182017,19136,55308,165924,240368,165924,0.6902915529521401,0.035821975748469924,0.15069979429244995,0.0,0.0,,,,
power_identity,FROZEN_TRAJECTORY_HAZARD,42,complete_test,12,,,,C:\Users\Zhujiangkun-Yohkoh\Desktop\光伏项目_最新\PVforecast16\GFNODE_experiments\asoc_frozen_trajectory_hazard_screen\results\FROZEN_TRAJECTORY_HAZARD\42\test_predictions.npz,,,,,,,,,,,,,,,,,,,,,,,11,6,1.0385117301906364,early_stopping,True,48.4106613999993,4.394329418182017,19136,55308,165924,240368,165924,0.6902915529521401,0.035821975748469924,0.15069979429244995,0.0,0.0,0.0,0.0,0.0,0.0
power,TRAJECTORY_ONLY,43,full_timeline,3,0.41238144040107727,0.19590820372104645,0.13355237245559692,C:\Users\Zhujiangkun-Yohkoh\Desktop\光伏项目_最新\PVforecast16\GFNODE_experiments\asoc_multirate_information_screen\results\MEAN_ONLY\43\test_predictions.npz,,,,,,,,,,,,,,,,,,,,,,,,,,,,,,,,,,,,,,,,,,,
power,TRAJECTORY_ONLY,43,full_timeline,6,0.44752299785614014,0.21256747841835022,0.13295644521713257,C:\Users\Zhujiangkun-Yohkoh\Desktop\光伏项目_最新\PVforecast16\GFNODE_experiments\asoc_multirate_information_screen\results\MEAN_ONLY\43\test_predictions.npz,,,,,,,,,,,,,,,,,,,,,,,,,,,,,,,,,,,,,,,,,,,
power,TRAJECTORY_ONLY,43,full_timeline,12,0.4876216650009155,0.23452074825763702,0.13141803443431854,C:\Users\Zhujiangkun-Yohkoh\Desktop\光伏项目_最新\PVforecast16\GFNODE_experiments\asoc_multirate_information_screen\results\MEAN_ONLY\43\test_predictions.npz,,,,,,,,,,,,,,,,,,,,,,,,,,,,,,,,,,,,,,,,,,,
power,TRAJECTORY_ONLY,43,daylight,12,0.6783857941627502,0.4270092844963074,0.13141803443431854,C:\Users\Zhujiangkun-Yohkoh\Desktop\光伏项目_最新\PVforecast16\GFNODE_experiments\asoc_multirate_information_screen\results\MEAN_ONLY\43\test_predictions.npz,,,,,,,,,,,,,,,,,,,,,,,,,,,,,,,,,,,,,,,,,,,
power,TRAJECTORY_ONLY,43,ramp_step,12,0.972485363483429,0.7279741168022156,0.13141803443431854,C:\Users\Zhujiangkun-Yohkoh\Desktop\光伏项目_最新\PVforecast16\GFNODE_experiments\asoc_multirate_information_screen\results\MEAN_ONLY\43\test_predictions.npz,,,,,,,,,,,,,,,,,,,,,,,,,,,,,,,,,,,,,,,,,,,
power,TRAJECTORY_ONLY,43,onset_near,12,0.8104481101036072,0.5665357708930969,0.13141803443431854,C:\Users\Zhujiangkun-Yohkoh\Desktop\光伏项目_最新\PVforecast16\GFNODE_experiments\asoc_multirate_information_screen\results\MEAN_ONLY\43\test_predictions.npz,,,,,,,,,,,,,,,,,,,,,,,,,,,,,,,,,,,,,,,,,,,
ramp_step,STEP_MULTITASK,43,full_timeline,all12,,,,C:\Users\Zhujiangkun-Yohkoh\Desktop\光伏项目_最新\PVforecast16\GFNODE_experiments\asoc_joint_trajectory_onset_screen\results\STEP_MULTITASK\43\test_predictions.npz,208812,36486,0.1747313372794667,0.9329941644744091,0.6807268006197906,0.1414237516093531,0.637217442297296,0.4786169495258152,0.953023077344735,,,,,,,,,,,,,,,,,,,,,,,,,,,,,,,,,,
ramp_step,STEP_MULTITASK,43,daylight,all12,,,,C:\Users\Zhujiangkun-Yohkoh\Desktop\光伏项目_最新\PVforecast16\GFNODE_experiments\asoc_joint_trajectory_onset_screen\results\STEP_MULTITASK\43\test_predictions.npz,107560,36486,0.3392153216809223,0.8376158470072067,0.6807478057742512,0.27437174745076337,0.6372232810438352,0.47862353750860287,0.953023077344735,,,,,,,,,,,,,,,,,,,,,,,,,,,,,,,,,,
ramp_step,STEP_MULTITASK,43,sunrise_sunset_transition,all12,,,,C:\Users\Zhujiangkun-Yohkoh\Desktop\光伏项目_最新\PVforecast16\GFNODE_experiments\asoc_joint_trajectory_onset_screen\results\STEP_MULTITASK\43\test_predictions.npz,69636,10077,0.14470963294847491,0.8724685358692335,0.5065452555931986,0.17670532652992554,0.4909008189262966,0.34402773902993106,0.8566041480599385,,,,,,,,,,,,,,,,,,,,,,,,,,,,,,,,,,
ramp_step,STEP_MULTITASK,43,full_timeline,1,,,,C:\Users\Zhujiangkun-Yohkoh\Desktop\光伏项目_最新\PVforecast16\GFNODE_experiments\asoc_joint_trajectory_onset_screen\results\STEP_MULTITASK\43\test_predictions.npz,17401,3046,0.1750474110683294,0.9437978169633023,0.7307704505240568,0.14129564933145894,0.63998254989639,0.4791768740813327,0.9632304661851608,,,,,,,,,,,,,,,,,,,,,,,,,,,,,,,,,,
ramp_step,STEP_MULTITASK,43,full_timeline,2,,,,C:\Users\Zhujiangkun-Yohkoh\Desktop\光伏项目_最新\PVforecast16\GFNODE_experiments\asoc_joint_trajectory_onset_screen\results\STEP_MULTITASK\43\test_predictions.npz,17401,3045,0.174989943106718,0.9408339818666872,0.7169869389729089,0.14193766764260793,0.6371469080597666,0.4769758327890268,0.9592775041050903,,,,,,,,,,,,,,,,,,,,,,,,,,,,,,,,,,
ramp_step,STEP_MULTITASK,43,full_timeline,3,,,,C:\Users\Zhujiangkun-Yohkoh\Desktop\光伏项目_最新\PVforecast16\GFNODE_experiments\asoc_joint_trajectory_onset_screen\results\STEP_MULTITASK\43\test_predictions.npz,17401,3044,0.1749324751451066,0.9385972832621723,0.7045662103052241,0.14028527378264619,0.6417301114421273,0.48313673367669047,0.9553219448094612,,,,,,,,,,,,,,,,,,,,,,,,,,,,,,,,,,
ramp_step,STEP_MULTITASK,43,full_timeline,4,,,,C:\Users\Zhujiangkun-Yohkoh\Desktop\光伏项目_最新\PVforecast16\GFNODE_experiments\asoc_joint_trajectory_onset_screen\results\STEP_MULTITASK\43\test_predictions.npz,17401,3043,0.1748750071834952,0.9366545503217406,0.6954815348643832,0.14070157799866492,0.6395927852163329,0.48214881548214883,0.9497206703910615,,,,,,,,,,,,,,,,,,,,,,,,,,,,,,,,,,
ramp_step,STEP_MULTITASK,43,full_timeline,5,,,,C:\Users\Zhujiangkun-Yohkoh\Desktop\光伏项目_最新\PVforecast16\GFNODE_experiments\asoc_joint_trajectory_onset_screen\results\STEP_MULTITASK\43\test_predictions.npz,17401,3042,0.1748175392218838,0.9350099832697185,0.6833084332754271,0.14005303534452848,0.6371954580531364,0.4793498092552662,0.9500328731097962,,,,,,,,,,,,,,,,,,,,,,,,,,,,,,,,,,
ramp_step,STEP_MULTITASK,43,full_timeline,6,,,,C:\Users\Zhujiangkun-Yohkoh\Desktop\光伏项目_最新\PVforecast16\GFNODE_experiments\asoc_joint_trajectory_onset_screen\results\STEP_MULTITASK\43\test_predictions.npz,17401,3041,0.1747600712602724,0.9314758193271346,0.6769627385071045,0.14275581087594838,0.6344157278550917,0.4776317977714951,0.9444261756001315,,,,,,,,,,,,,,,,,,,,,,,,,,,,,,,,,,
ramp_step,STEP_MULTITASK,43,full_timeline,7,,,,C:\Users\Zhujiangkun-Yohkoh\Desktop\光伏项目_最新\PVforecast16\GFNODE_experiments\asoc_joint_trajectory_onset_screen\results\STEP_MULTITASK\43\test_predictions.npz,17401,3040,0.174702603298661,0.9321980972773484,0.6684416923890165,0.13803953516968492,0.6498479558508841,0.49409145401609866,0.9490131578947368,,,,,,,,,,,,,,,,,,,,,,,,,,,,,,,,,,
ramp_step,STEP_MULTITASK,43,full_timeline,8,,,,C:\Users\Zhujiangkun-Yohkoh\Desktop\光伏项目_最新\PVforecast16\GFNODE_experiments\asoc_joint_trajectory_onset_screen\results\STEP_MULTITASK\43\test_predictions.npz,17401,3039,0.1746451353370496,0.9305359528194466,0.6570533921850554,0.14011604572341002,0.6459170013386881,0.48860759493670886,0.9526159921026653,,,,,,,,,,,,,,,,,,,,,,,,,,,,,,,,,,
ramp_step,STEP_MULTITASK,43,full_timeline,9,,,,C:\Users\Zhujiangkun-Yohkoh\Desktop\光伏项目_最新\PVforecast16\GFNODE_experiments\asoc_joint_trajectory_onset_screen\results\STEP_MULTITASK\43\test_predictions.npz,17401,3038,0.17458766737543818,0.9286139634347762,0.6627464363549022,0.1372043688674038,0.6457551994544835,0.49314355146675926,0.935154707044108,,,,,,,,,,,,,,,,,,,,,,,,,,,,,,,,,,
ramp_step,STEP_MULTITASK,43,full_timeline,10,,,,C:\Users\Zhujiangkun-Yohkoh\Desktop\光伏项目_最新\PVforecast16\GFNODE_experiments\asoc_joint_trajectory_onset_screen\results\STEP_MULTITASK\43\test_predictions.npz,17401,3037,0.1745301994138268,0.9283425494735998,0.6523211556117445,0.1406460043092192,0.6356946732564525,0.476928147659855,0.9529140599275601,,,,,,,,,,,,,,,,,,,,,,,,,,,,,,,,,,
ramp_step,STEP_MULTITASK,43,full_timeline,11,,,,C:\Users\Zhujiangkun-Yohkoh\Desktop\光伏项目_最新\PVforecast16\GFNODE_experiments\asoc_joint_trajectory_onset_screen\results\STEP_MULTITASK\43\test_predictions.npz,17401,3036,0.1744727314522154,0.9265736902614732,0.6444341794389227,0.14659559657453777,0.6188759278897137,0.45636534250860183,0.961133069828722,,,,,,,,,,,,,,,,,,,,,,,,,,,,,,,,,,
ramp_step,STEP_MULTITASK,43,full_timeline,12,,,,C:\Users\Zhujiangkun-Yohkoh\Desktop\光伏项目_最新\PVforecast16\GFNODE_experiments\asoc_joint_trajectory_onset_screen\results\STEP_MULTITASK\43\test_predictions.npz,17401,3035,0.174415263490604,0.9259136126140777,0.6411262342143942,0.1474544536921268,0.6223262743428754,0.45960389814523733,0.9634266886326195,,,,,,,,,,,,,,,,,,,,,,,,,,,,,,,,,,
first_onset,STEP_MULTITASK,43,full_timeline,12,,,,C:\Users\Zhujiangkun-Yohkoh\Desktop\光伏项目_最新\PVforecast16\GFNODE_experiments\asoc_joint_trajectory_onset_screen\results\STEP_MULTITASK\43\test_predictions.npz,17401,5623,0.3231423481409114,0.9490937960183242,0.8604106784215879,0.18018926013404463,0.551093439363817,0.6247464503042597,0.49297528009959096,0.507024719900409,2.7496392496392494,13.748196248196248,2772,3125,2498,0.424,0.2618094475580464,0.713924963924964,,,,,,,,,,,,,,,,,,,,,,,,,
first_onset,STEP_MULTITASK,43,daylight,12,,,,C:\Users\Zhujiangkun-Yohkoh\Desktop\光伏项目_最新\PVforecast16\GFNODE_experiments\asoc_joint_trajectory_onset_screen\results\STEP_MULTITASK\43\test_predictions.npz,9655,5623,0.5823925427239772,0.8513182773628154,0.8604166666858093,0.32399769463512695,0.551093439363817,0.6247464503042597,0.49297528009959096,0.507024719900409,2.7496392496392494,13.748196248196248,2772,3125,2498,0.424,0.2618094475580464,0.713924963924964,,,,,,,,,,,,,,,,,,,,,,,,,
first_onset,STEP_MULTITASK,43,sunrise_sunset_transition,12,,,,C:\Users\Zhujiangkun-Yohkoh\Desktop\光伏项目_最新\PVforecast16\GFNODE_experiments\asoc_joint_trajectory_onset_screen\results\STEP_MULTITASK\43\test_predictions.npz,7134,2742,0.3843566021867115,0.9038013715009984,0.8165141193191613,0.2305018224505499,0.6070878274268104,0.643265306122449,0.574762946754194,0.42523705324580596,3.262690355329949,16.313451776649746,1576,1660,1082,0.5403614457831325,0.2800369685767098,0.7614213197969543,,,,,,,,,,,,,,,,,,,,,,,,,
onset_lead,STEP_MULTITASK,43,full_timeline,1,,,,C:\Users\Zhujiangkun-Yohkoh\Desktop\光伏项目_最新\PVforecast16\GFNODE_experiments\asoc_joint_trajectory_onset_screen\results\STEP_MULTITASK\43\test_predictions.npz,930,930,0.05344520429860353,,,,,,,,,,,499,431,,,,0.9795698924731183,,,,,,,,,,,,,,,,,,,,,,,,
onset_lead,STEP_MULTITASK,43,full_timeline,2,,,,C:\Users\Zhujiangkun-Yohkoh\Desktop\光伏项目_最新\PVforecast16\GFNODE_experiments\asoc_joint_trajectory_onset_screen\results\STEP_MULTITASK\43\test_predictions.npz,930,930,0.05344520429860353,,,,,,,,,,,499,431,,,,0.4827956989247312,,,,,,,,,,,,,,,,,,,,,,,,
onset_lead,STEP_MULTITASK,43,full_timeline,3,,,,C:\Users\Zhujiangkun-Yohkoh\Desktop\光伏项目_最新\PVforecast16\GFNODE_experiments\asoc_joint_trajectory_onset_screen\results\STEP_MULTITASK\43\test_predictions.npz,771,771,0.044307798402390665,,,,,,,,,,,416,355,,,,0.39169909208819714,,,,,,,,,,,,,,,,,,,,,,,,
onset_lead,STEP_MULTITASK,43,full_timeline,4,,,,C:\Users\Zhujiangkun-Yohkoh\Desktop\光伏项目_最新\PVforecast16\GFNODE_experiments\asoc_joint_trajectory_onset_screen\results\STEP_MULTITASK\43\test_predictions.npz,633,633,0.03637721970001724,,,,,,,,,,,348,285,,,,0.3696682464454976,,,,,,,,,,,,,,,,,,,,,,,,
onset_lead,STEP_MULTITASK,43,full_timeline,5,,,,C:\Users\Zhujiangkun-Yohkoh\Desktop\光伏项目_最新\PVforecast16\GFNODE_experiments\asoc_joint_trajectory_onset_screen\results\STEP_MULTITASK\43\test_predictions.npz,511,511,0.02936612838342624,,,,,,,,,,,280,231,,,,0.3698630136986301,,,,,,,,,,,,,,,,,,,,,,,,
onset_lead,STEP_MULTITASK,43,full_timeline,6,,,,C:\Users\Zhujiangkun-Yohkoh\Desktop\光伏项目_最新\PVforecast16\GFNODE_experiments\asoc_joint_trajectory_onset_screen\results\STEP_MULTITASK\43\test_predictions.npz,426,426,0.0244813516464571,,,,,,,,,,,238,188,,,,0.37089201877934275,,,,,,,,,,,,,,,,,,,,,,,,
onset_lead,STEP_MULTITASK,43,full_timeline,7,,,,C:\Users\Zhujiangkun-Yohkoh\Desktop\光伏项目_最新\PVforecast16\GFNODE_experiments\asoc_joint_trajectory_onset_screen\results\STEP_MULTITASK\43\test_predictions.npz,345,345,0.019826446755933567,,,,,,,,,,,198,147,,,,0.3884057971014493,,,,,,,,,,,,,,,,,,,,,,,,
onset_lead,STEP_MULTITASK,43,full_timeline,8,,,,C:\Users\Zhujiangkun-Yohkoh\Desktop\光伏项目_最新\PVforecast16\GFNODE_experiments\asoc_joint_trajectory_onset_screen\results\STEP_MULTITASK\43\test_predictions.npz,283,283,0.016263433136026666,,,,,,,,,,,167,116,,,,0.3710247349823322,,,,,,,,,,,,,,,,,,,,,,,,
onset_lead,STEP_MULTITASK,43,full_timeline,9,,,,C:\Users\Zhujiangkun-Yohkoh\Desktop\光伏项目_最新\PVforecast16\GFNODE_experiments\asoc_joint_trajectory_onset_screen\results\STEP_MULTITASK\43\test_predictions.npz,242,242,0.013907246709959197,,,,,,,,,,,144,98,,,,0.35537190082644626,,,,,,,,,,,,,,,,,,,,,,,,
onset_lead,STEP_MULTITASK,43,full_timeline,10,,,,C:\Users\Zhujiangkun-Yohkoh\Desktop\光伏项目_最新\PVforecast16\GFNODE_experiments\asoc_joint_trajectory_onset_screen\results\STEP_MULTITASK\43\test_predictions.npz,210,210,0.012068271938394345,,,,,,,,,,,125,85,,,,0.3523809523809524,,,,,,,,,,,,,,,,,,,,,,,,
onset_lead,STEP_MULTITASK,43,full_timeline,11,,,,C:\Users\Zhujiangkun-Yohkoh\Desktop\光伏项目_最新\PVforecast16\GFNODE_experiments\asoc_joint_trajectory_onset_screen\results\STEP_MULTITASK\43\test_predictions.npz,182,182,0.010459169013275099,,,,,,,,,,,111,71,,,,0.3791208791208791,,,,,,,,,,,,,,,,,,,,,,,,
onset_lead,STEP_MULTITASK,43,full_timeline,12,,,,C:\Users\Zhujiangkun-Yohkoh\Desktop\光伏项目_最新\PVforecast16\GFNODE_experiments\asoc_joint_trajectory_onset_screen\results\STEP_MULTITASK\43\test_predictions.npz,160,160,0.009194873857824262,,,,,,,,,,,100,60,,,,0.38125,,,,,,,,,,,,,,,,,,,,,,,,
reliability,STEP_MULTITASK,43,full_timeline,12,,,,C:\Users\Zhujiangkun-Yohkoh\Desktop\光伏项目_最新\PVforecast16\GFNODE_experiments\asoc_joint_trajectory_onset_screen\results\STEP_MULTITASK\43\test_predictions.npz,7846,,,,,,,,,,,,,,,,,,,"[0.0,0.1)",0.003872038796544075,0.0,,,,,,,,,,,,,,,,,,,,,
reliability,STEP_MULTITASK,43,full_timeline,12,,,,C:\Users\Zhujiangkun-Yohkoh\Desktop\光伏项目_最新\PVforecast16\GFNODE_experiments\asoc_joint_trajectory_onset_screen\results\STEP_MULTITASK\43\test_predictions.npz,220,,,,,,,,,,,,,,,,,,,"[0.1,0.2)",0.14660301804542542,0.00909090909090909,,,,,,,,,,,,,,,,,,,,,
reliability,STEP_MULTITASK,43,full_timeline,12,,,,C:\Users\Zhujiangkun-Yohkoh\Desktop\光伏项目_最新\PVforecast16\GFNODE_experiments\asoc_joint_trajectory_onset_screen\results\STEP_MULTITASK\43\test_predictions.npz,156,,,,,,,,,,,,,,,,,,,"[0.2,0.3)",0.2479427605867386,0.03205128205128205,,,,,,,,,,,,,,,,,,,,,
reliability,STEP_MULTITASK,43,full_timeline,12,,,,C:\Users\Zhujiangkun-Yohkoh\Desktop\光伏项目_最新\PVforecast16\GFNODE_experiments\asoc_joint_trajectory_onset_screen\results\STEP_MULTITASK\43\test_predictions.npz,130,,,,,,,,,,,,,,,,,,,"[0.3,0.4)",0.35136693716049194,0.09230769230769231,,,,,,,,,,,,,,,,,,,,,
reliability,STEP_MULTITASK,43,full_timeline,12,,,,C:\Users\Zhujiangkun-Yohkoh\Desktop\光伏项目_最新\PVforecast16\GFNODE_experiments\asoc_joint_trajectory_onset_screen\results\STEP_MULTITASK\43\test_predictions.npz,125,,,,,,,,,,,,,,,,,,,"[0.4,0.5)",0.45208030939102173,0.128,,,,,,,,,,,,,,,,,,,,,
reliability,STEP_MULTITASK,43,full_timeline,12,,,,C:\Users\Zhujiangkun-Yohkoh\Desktop\光伏项目_最新\PVforecast16\GFNODE_experiments\asoc_joint_trajectory_onset_screen\results\STEP_MULTITASK\43\test_predictions.npz,120,,,,,,,,,,,,,,,,,,,"[0.5,0.6)",0.5488215088844299,0.23333333333333334,,,,,,,,,,,,,,,,,,,,,
reliability,STEP_MULTITASK,43,full_timeline,12,,,,C:\Users\Zhujiangkun-Yohkoh\Desktop\光伏项目_最新\PVforecast16\GFNODE_experiments\asoc_joint_trajectory_onset_screen\results\STEP_MULTITASK\43\test_predictions.npz,152,,,,,,,,,,,,,,,,,,,"[0.6,0.7)",0.649169921875,0.23684210526315788,,,,,,,,,,,,,,,,,,,,,
reliability,STEP_MULTITASK,43,full_timeline,12,,,,C:\Users\Zhujiangkun-Yohkoh\Desktop\光伏项目_最新\PVforecast16\GFNODE_experiments\asoc_joint_trajectory_onset_screen\results\STEP_MULTITASK\43\test_predictions.npz,174,,,,,,,,,,,,,,,,,,,"[0.7,0.8)",0.7509744763374329,0.27011494252873564,,,,,,,,,,,,,,,,,,,,,
reliability,STEP_MULTITASK,43,full_timeline,12,,,,C:\Users\Zhujiangkun-Yohkoh\Desktop\光伏项目_最新\PVforecast16\GFNODE_experiments\asoc_joint_trajectory_onset_screen\results\STEP_MULTITASK\43\test_predictions.npz,222,,,,,,,,,,,,,,,,,,,"[0.8,0.9)",0.8550680875778198,0.3108108108108108,,,,,,,,,,,,,,,,,,,,,
reliability,STEP_MULTITASK,43,full_timeline,12,,,,C:\Users\Zhujiangkun-Yohkoh\Desktop\光伏项目_最新\PVforecast16\GFNODE_experiments\asoc_joint_trajectory_onset_screen\results\STEP_MULTITASK\43\test_predictions.npz,3607,,,,,,,,,,,,,,,,,,,"[0.9,1.0]",0.9897938966751099,0.3507069586914333,,,,,,,,,,,,,,,,,,,,,
first_onset,STANDARD_ONSET_HAZARD,43,full_timeline,12,,,,C:\Users\Zhujiangkun-Yohkoh\Desktop\光伏项目_最新\PVforecast16\GFNODE_experiments\asoc_joint_trajectory_onset_screen\results\ONSET_HAZARD\43\test_predictions.npz,17401,5623,0.3231423481409114,0.9609863058194357,0.8806491415114509,0.0701294305260753,0.8549363756033348,0.8439015939015939,0.8662635603770229,0.13373643962297707,2.6561281051118866,13.280640525559432,4871,3125,2498,0.64224,0.49719775820656525,0.6670088277561076,,,,,,,,,,,,,,,,,,,,,,,,,
first_onset,STANDARD_ONSET_HAZARD,43,daylight,12,,,,C:\Users\Zhujiangkun-Yohkoh\Desktop\光伏项目_最新\PVforecast16\GFNODE_experiments\asoc_joint_trajectory_onset_screen\results\ONSET_HAZARD\43\test_predictions.npz,9655,5623,0.5823925427239772,0.8862545307114487,0.8807411446866681,0.12611556449666184,0.8550114095137792,0.8440478253335644,0.8662635603770229,0.13373643962297707,2.6561281051118866,13.280640525559432,4871,3125,2498,0.64224,0.49719775820656525,0.6670088277561076,,,,,,,,,,,,,,,,,,,,,,,,,
first_onset,STANDARD_ONSET_HAZARD,43,sunrise_sunset_transition,12,,,,C:\Users\Zhujiangkun-Yohkoh\Desktop\光伏项目_最新\PVforecast16\GFNODE_experiments\asoc_joint_trajectory_onset_screen\results\ONSET_HAZARD\43\test_predictions.npz,7134,2742,0.3843566021867115,0.9255697814074791,0.8410322802445342,0.10477511977654072,0.8198606271777004,0.784856571047365,0.8581327498176513,0.14186725018234866,2.6039099022524437,13.019549511262218,2353,1660,1082,0.6150602409638555,0.6543438077634011,0.7348066298342542,,,,,,,,,,,,,,,,,,,,,,,,,
onset_lead,STANDARD_ONSET_HAZARD,43,full_timeline,1,,,,C:\Users\Zhujiangkun-Yohkoh\Desktop\光伏项目_最新\PVforecast16\GFNODE_experiments\asoc_joint_trajectory_onset_screen\results\ONSET_HAZARD\43\test_predictions.npz,930,930,0.05344520429860353,,,,,,,,,,,499,431,,,,0.878494623655914,,,,,,,,,,,,,,,,,,,,,,,,
onset_lead,STANDARD_ONSET_HAZARD,43,full_timeline,2,,,,C:\Users\Zhujiangkun-Yohkoh\Desktop\光伏项目_最新\PVforecast16\GFNODE_experiments\asoc_joint_trajectory_onset_screen\results\ONSET_HAZARD\43\test_predictions.npz,930,930,0.05344520429860353,,,,,,,,,,,499,431,,,,0.8881720430107527,,,,,,,,,,,,,,,,,,,,,,,,
onset_lead,STANDARD_ONSET_HAZARD,43,full_timeline,3,,,,C:\Users\Zhujiangkun-Yohkoh\Desktop\光伏项目_最新\PVforecast16\GFNODE_experiments\asoc_joint_trajectory_onset_screen\results\ONSET_HAZARD\43\test_predictions.npz,771,771,0.044307798402390665,,,,,,,,,,,416,355,,,,0.8871595330739299,,,,,,,,,,,,,,,,,,,,,,,,
onset_lead,STANDARD_ONSET_HAZARD,43,full_timeline,4,,,,C:\Users\Zhujiangkun-Yohkoh\Desktop\光伏项目_最新\PVforecast16\GFNODE_experiments\asoc_joint_trajectory_onset_screen\results\ONSET_HAZARD\43\test_predictions.npz,633,633,0.03637721970001724,,,,,,,,,,,348,285,,,,0.9004739336492891,,,,,,,,,,,,,,,,,,,,,,,,
onset_lead,STANDARD_ONSET_HAZARD,43,full_timeline,5,,,,C:\Users\Zhujiangkun-Yohkoh\Desktop\光伏项目_最新\PVforecast16\GFNODE_experiments\asoc_joint_trajectory_onset_screen\results\ONSET_HAZARD\43\test_predictions.npz,511,511,0.02936612838342624,,,,,,,,,,,280,231,,,,0.8943248532289628,,,,,,,,,,,,,,,,,,,,,,,,
onset_lead,STANDARD_ONSET_HAZARD,43,full_timeline,6,,,,C:\Users\Zhujiangkun-Yohkoh\Desktop\光伏项目_最新\PVforecast16\GFNODE_experiments\asoc_joint_trajectory_onset_screen\results\ONSET_HAZARD\43\test_predictions.npz,426,426,0.0244813516464571,,,,,,,,,,,238,188,,,,0.8849765258215962,,,,,,,,,,,,,,,,,,,,,,,,
onset_lead,STANDARD_ONSET_HAZARD,43,full_timeline,7,,,,C:\Users\Zhujiangkun-Yohkoh\Desktop\光伏项目_最新\PVforecast16\GFNODE_experiments\asoc_joint_trajectory_onset_screen\results\ONSET_HAZARD\43\test_predictions.npz,345,345,0.019826446755933567,,,,,,,,,,,198,147,,,,0.8724637681159421,,,,,,,,,,,,,,,,,,,,,,,,
onset_lead,STANDARD_ONSET_HAZARD,43,full_timeline,8,,,,C:\Users\Zhujiangkun-Yohkoh\Desktop\光伏项目_最新\PVforecast16\GFNODE_experiments\asoc_joint_trajectory_onset_screen\results\ONSET_HAZARD\43\test_predictions.npz,283,283,0.016263433136026666,,,,,,,,,,,167,116,,,,0.8621908127208481,,,,,,,,,,,,,,,,,,,,,,,,
onset_lead,STANDARD_ONSET_HAZARD,43,full_timeline,9,,,,C:\Users\Zhujiangkun-Yohkoh\Desktop\光伏项目_最新\PVforecast16\GFNODE_experiments\asoc_joint_trajectory_onset_screen\results\ONSET_HAZARD\43\test_predictions.npz,242,242,0.013907246709959197,,,,,,,,,,,144,98,,,,0.8553719008264463,,,,,,,,,,,,,,,,,,,,,,,,
onset_lead,STANDARD_ONSET_HAZARD,43,full_timeline,10,,,,C:\Users\Zhujiangkun-Yohkoh\Desktop\光伏项目_最新\PVforecast16\GFNODE_experiments\asoc_joint_trajectory_onset_screen\results\ONSET_HAZARD\43\test_predictions.npz,210,210,0.012068271938394345,,,,,,,,,,,125,85,,,,0.7952380952380952,,,,,,,,,,,,,,,,,,,,,,,,
onset_lead,STANDARD_ONSET_HAZARD,43,full_timeline,11,,,,C:\Users\Zhujiangkun-Yohkoh\Desktop\光伏项目_最新\PVforecast16\GFNODE_experiments\asoc_joint_trajectory_onset_screen\results\ONSET_HAZARD\43\test_predictions.npz,182,182,0.010459169013275099,,,,,,,,,,,111,71,,,,0.6703296703296703,,,,,,,,,,,,,,,,,,,,,,,,
onset_lead,STANDARD_ONSET_HAZARD,43,full_timeline,12,,,,C:\Users\Zhujiangkun-Yohkoh\Desktop\光伏项目_最新\PVforecast16\GFNODE_experiments\asoc_joint_trajectory_onset_screen\results\ONSET_HAZARD\43\test_predictions.npz,160,160,0.009194873857824262,,,,,,,,,,,100,60,,,,0.61875,,,,,,,,,,,,,,,,,,,,,,,,
reliability,STANDARD_ONSET_HAZARD,43,full_timeline,12,,,,C:\Users\Zhujiangkun-Yohkoh\Desktop\光伏项目_最新\PVforecast16\GFNODE_experiments\asoc_joint_trajectory_onset_screen\results\ONSET_HAZARD\43\test_predictions.npz,8635,,,,,,,,,,,,,,,,,,,"[0.0,0.1)",0.008940719257316538,0.0012738853503184713,,,,,,,,,,,,,,,,,,,,,
reliability,STANDARD_ONSET_HAZARD,43,full_timeline,12,,,,C:\Users\Zhujiangkun-Yohkoh\Desktop\光伏项目_最新\PVforecast16\GFNODE_experiments\asoc_joint_trajectory_onset_screen\results\ONSET_HAZARD\43\test_predictions.npz,1343,,,,,,,,,,,,,,,,,,,"[0.1,0.2)",0.14119808799316755,0.04616530156366344,,,,,,,,,,,,,,,,,,,,,
reliability,STANDARD_ONSET_HAZARD,43,full_timeline,12,,,,C:\Users\Zhujiangkun-Yohkoh\Desktop\光伏项目_最新\PVforecast16\GFNODE_experiments\asoc_joint_trajectory_onset_screen\results\ONSET_HAZARD\43\test_predictions.npz,669,,,,,,,,,,,,,,,,,,,"[0.2,0.3)",0.24556946538461838,0.2929745889387145,,,,,,,,,,,,,,,,,,,,,
reliability,STANDARD_ONSET_HAZARD,43,full_timeline,12,,,,C:\Users\Zhujiangkun-Yohkoh\Desktop\光伏项目_最新\PVforecast16\GFNODE_experiments\asoc_joint_trajectory_onset_screen\results\ONSET_HAZARD\43\test_predictions.npz,559,,,,,,,,,,,,,,,,,,,"[0.3,0.4)",0.3444335373558182,0.42397137745974955,,,,,,,,,,,,,,,,,,,,,
reliability,STANDARD_ONSET_HAZARD,43,full_timeline,12,,,,C:\Users\Zhujiangkun-Yohkoh\Desktop\光伏项目_最新\PVforecast16\GFNODE_experiments\asoc_joint_trajectory_onset_screen\results\ONSET_HAZARD\43\test_predictions.npz,423,,,,,,,,,,,,,,,,,,,"[0.4,0.5)",0.45081395511157213,0.5815602836879432,,,,,,,,,,,,,,,,,,,,,
reliability,STANDARD_ONSET_HAZARD,43,full_timeline,12,,,,C:\Users\Zhujiangkun-Yohkoh\Desktop\光伏项目_最新\PVforecast16\GFNODE_experiments\asoc_joint_trajectory_onset_screen\results\ONSET_HAZARD\43\test_predictions.npz,514,,,,,,,,,,,,,,,,,,,"[0.5,0.6)",0.5496720904076041,0.6536964980544747,,,,,,,,,,,,,,,,,,,,,
reliability,STANDARD_ONSET_HAZARD,43,full_timeline,12,,,,C:\Users\Zhujiangkun-Yohkoh\Desktop\光伏项目_最新\PVforecast16\GFNODE_experiments\asoc_joint_trajectory_onset_screen\results\ONSET_HAZARD\43\test_predictions.npz,583,,,,,,,,,,,,,,,,,,,"[0.6,0.7)",0.651477114028724,0.7598627787307033,,,,,,,,,,,,,,,,,,,,,
reliability,STANDARD_ONSET_HAZARD,43,full_timeline,12,,,,C:\Users\Zhujiangkun-Yohkoh\Desktop\光伏项目_最新\PVforecast16\GFNODE_experiments\asoc_joint_trajectory_onset_screen\results\ONSET_HAZARD\43\test_predictions.npz,946,,,,,,,,,,,,,,,,,,,"[0.7,0.8)",0.7563850626037479,0.8202959830866807,,,,,,,,,,,,,,,,,,,,,
reliability,STANDARD_ONSET_HAZARD,43,full_timeline,12,,,,C:\Users\Zhujiangkun-Yohkoh\Desktop\光伏项目_最新\PVforecast16\GFNODE_experiments\asoc_joint_trajectory_onset_screen\results\ONSET_HAZARD\43\test_predictions.npz,2189,,,,,,,,,,,,,,,,,,,"[0.8,0.9)",0.8577804812403341,0.8761991777067154,,,,,,,,,,,,,,,,,,,,,
reliability,STANDARD_ONSET_HAZARD,43,full_timeline,12,,,,C:\Users\Zhujiangkun-Yohkoh\Desktop\光伏项目_最新\PVforecast16\GFNODE_experiments\asoc_joint_trajectory_onset_screen\results\ONSET_HAZARD\43\test_predictions.npz,1540,,,,,,,,,,,,,,,,,,,"[0.9,1.0]",0.9240498629274714,0.9077922077922078,,,,,,,,,,,,,,,,,,,,,
first_onset,POWER_ANCHORED_HAZARD,43,full_timeline,12,,,,C:\Users\Zhujiangkun-Yohkoh\Desktop\光伏项目_最新\PVforecast16\GFNODE_experiments\asoc_power_anchored_gradient_screen\results\POWER_ANCHORED_HAZARD\43\test_predictions.npz,17401,5623,0.3231423481409114,0.9598886834260001,0.8724655970506872,0.06984131917566132,0.8624279445926181,0.8353333333333334,0.8913391428063311,0.10866085719366886,2.707901037509976,13.539505187549882,5012,3125,2498,0.67872,0.5056044835868695,0.6751795690343176,,,,,,,,,,,,,,,,,,,,,,,,,
first_onset,POWER_ANCHORED_HAZARD,43,daylight,12,,,,C:\Users\Zhujiangkun-Yohkoh\Desktop\光伏项目_最新\PVforecast16\GFNODE_experiments\asoc_power_anchored_gradient_screen\results\POWER_ANCHORED_HAZARD\43\test_predictions.npz,9655,5623,0.5823925427239772,0.8830969706336502,0.8725763197433108,0.1255013415201022,0.8625763703639963,0.8356118706235411,0.8913391428063311,0.10866085719366886,2.707901037509976,13.539505187549882,5012,3125,2498,0.67872,0.5056044835868695,0.6751795690343176,,,,,,,,,,,,,,,,,,,,,,,,,
first_onset,POWER_ANCHORED_HAZARD,43,sunrise_sunset_transition,12,,,,C:\Users\Zhujiangkun-Yohkoh\Desktop\光伏项目_最新\PVforecast16\GFNODE_experiments\asoc_power_anchored_gradient_screen\results\POWER_ANCHORED_HAZARD\43\test_predictions.npz,7134,2742,0.3843566021867115,0.9223969481013818,0.8232625172324636,0.10676103058496075,0.8261612021857924,0.7768143866409762,0.8822027716994895,0.11779722830051058,2.5816453079785036,12.908226539892517,2419,1660,1082,0.6795180722891566,0.6053604436229205,0.7370814386109963,,,,,,,,,,,,,,,,,,,,,,,,,
onset_lead,POWER_ANCHORED_HAZARD,43,full_timeline,1,,,,C:\Users\Zhujiangkun-Yohkoh\Desktop\光伏项目_最新\PVforecast16\GFNODE_experiments\asoc_power_anchored_gradient_screen\results\POWER_ANCHORED_HAZARD\43\test_predictions.npz,930,930,0.05344520429860353,,,,,,,,,,,499,431,,,,0.8978494623655914,,,,,,,,,,,,,,,,,,,,,,,,
onset_lead,POWER_ANCHORED_HAZARD,43,full_timeline,2,,,,C:\Users\Zhujiangkun-Yohkoh\Desktop\光伏项目_最新\PVforecast16\GFNODE_experiments\asoc_power_anchored_gradient_screen\results\POWER_ANCHORED_HAZARD\43\test_predictions.npz,930,930,0.05344520429860353,,,,,,,,,,,499,431,,,,0.9053763440860215,,,,,,,,,,,,,,,,,,,,,,,,
onset_lead,POWER_ANCHORED_HAZARD,43,full_timeline,3,,,,C:\Users\Zhujiangkun-Yohkoh\Desktop\光伏项目_最新\PVforecast16\GFNODE_experiments\asoc_power_anchored_gradient_screen\results\POWER_ANCHORED_HAZARD\43\test_predictions.npz,771,771,0.044307798402390665,,,,,,,,,,,416,355,,,,0.914396887159533,,,,,,,,,,,,,,,,,,,,,,,,
onset_lead,POWER_ANCHORED_HAZARD,43,full_timeline,4,,,,C:\Users\Zhujiangkun-Yohkoh\Desktop\光伏项目_最新\PVforecast16\GFNODE_experiments\asoc_power_anchored_gradient_screen\results\POWER_ANCHORED_HAZARD\43\test_predictions.npz,633,633,0.03637721970001724,,,,,,,,,,,348,285,,,,0.919431279620853,,,,,,,,,,,,,,,,,,,,,,,,
onset_lead,POWER_ANCHORED_HAZARD,43,full_timeline,5,,,,C:\Users\Zhujiangkun-Yohkoh\Desktop\光伏项目_最新\PVforecast16\GFNODE_experiments\asoc_power_anchored_gradient_screen\results\POWER_ANCHORED_HAZARD\43\test_predictions.npz,511,511,0.02936612838342624,,,,,,,,,,,280,231,,,,0.9099804305283757,,,,,,,,,,,,,,,,,,,,,,,,
onset_lead,POWER_ANCHORED_HAZARD,43,full_timeline,6,,,,C:\Users\Zhujiangkun-Yohkoh\Desktop\光伏项目_最新\PVforecast16\GFNODE_experiments\asoc_power_anchored_gradient_screen\results\POWER_ANCHORED_HAZARD\43\test_predictions.npz,426,426,0.0244813516464571,,,,,,,,,,,238,188,,,,0.9014084507042254,,,,,,,,,,,,,,,,,,,,,,,,
onset_lead,POWER_ANCHORED_HAZARD,43,full_timeline,7,,,,C:\Users\Zhujiangkun-Yohkoh\Desktop\光伏项目_最新\PVforecast16\GFNODE_experiments\asoc_power_anchored_gradient_screen\results\POWER_ANCHORED_HAZARD\43\test_predictions.npz,345,345,0.019826446755933567,,,,,,,,,,,198,147,,,,0.8956521739130435,,,,,,,,,,,,,,,,,,,,,,,,
onset_lead,POWER_ANCHORED_HAZARD,43,full_timeline,8,,,,C:\Users\Zhujiangkun-Yohkoh\Desktop\光伏项目_最新\PVforecast16\GFNODE_experiments\asoc_power_anchored_gradient_screen\results\POWER_ANCHORED_HAZARD\43\test_predictions.npz,283,283,0.016263433136026666,,,,,,,,,,,167,116,,,,0.8833922261484098,,,,,,,,,,,,,,,,,,,,,,,,
onset_lead,POWER_ANCHORED_HAZARD,43,full_timeline,9,,,,C:\Users\Zhujiangkun-Yohkoh\Desktop\光伏项目_最新\PVforecast16\GFNODE_experiments\asoc_power_anchored_gradient_screen\results\POWER_ANCHORED_HAZARD\43\test_predictions.npz,242,242,0.013907246709959197,,,,,,,,,,,144,98,,,,0.8677685950413223,,,,,,,,,,,,,,,,,,,,,,,,
onset_lead,POWER_ANCHORED_HAZARD,43,full_timeline,10,,,,C:\Users\Zhujiangkun-Yohkoh\Desktop\光伏项目_最新\PVforecast16\GFNODE_experiments\asoc_power_anchored_gradient_screen\results\POWER_ANCHORED_HAZARD\43\test_predictions.npz,210,210,0.012068271938394345,,,,,,,,,,,125,85,,,,0.8523809523809524,,,,,,,,,,,,,,,,,,,,,,,,
onset_lead,POWER_ANCHORED_HAZARD,43,full_timeline,11,,,,C:\Users\Zhujiangkun-Yohkoh\Desktop\光伏项目_最新\PVforecast16\GFNODE_experiments\asoc_power_anchored_gradient_screen\results\POWER_ANCHORED_HAZARD\43\test_predictions.npz,182,182,0.010459169013275099,,,,,,,,,,,111,71,,,,0.7857142857142857,,,,,,,,,,,,,,,,,,,,,,,,
onset_lead,POWER_ANCHORED_HAZARD,43,full_timeline,12,,,,C:\Users\Zhujiangkun-Yohkoh\Desktop\光伏项目_最新\PVforecast16\GFNODE_experiments\asoc_power_anchored_gradient_screen\results\POWER_ANCHORED_HAZARD\43\test_predictions.npz,160,160,0.009194873857824262,,,,,,,,,,,100,60,,,,0.675,,,,,,,,,,,,,,,,,,,,,,,,
reliability,POWER_ANCHORED_HAZARD,43,full_timeline,12,,,,C:\Users\Zhujiangkun-Yohkoh\Desktop\光伏项目_最新\PVforecast16\GFNODE_experiments\asoc_power_anchored_gradient_screen\results\POWER_ANCHORED_HAZARD\43\test_predictions.npz,8411,,,,,,,,,,,,,,,,,,,"[0.0,0.1)",0.008140208963402673,0.0,,,,,,,,,,,,,,,,,,,,,
reliability,POWER_ANCHORED_HAZARD,43,full_timeline,12,,,,C:\Users\Zhujiangkun-Yohkoh\Desktop\光伏项目_最新\PVforecast16\GFNODE_experiments\asoc_power_anchored_gradient_screen\results\POWER_ANCHORED_HAZARD\43\test_predictions.npz,1272,,,,,,,,,,,,,,,,,,,"[0.1,0.2)",0.1462832432215169,0.060534591194968554,,,,,,,,,,,,,,,,,,,,,
reliability,POWER_ANCHORED_HAZARD,43,full_timeline,12,,,,C:\Users\Zhujiangkun-Yohkoh\Desktop\光伏项目_最新\PVforecast16\GFNODE_experiments\asoc_power_anchored_gradient_screen\results\POWER_ANCHORED_HAZARD\43\test_predictions.npz,734,,,,,,,,,,,,,,,,,,,"[0.2,0.3)",0.24451451565537846,0.20027247956403268,,,,,,,,,,,,,,,,,,,,,
reliability,POWER_ANCHORED_HAZARD,43,full_timeline,12,,,,C:\Users\Zhujiangkun-Yohkoh\Desktop\光伏项目_最新\PVforecast16\GFNODE_experiments\asoc_power_anchored_gradient_screen\results\POWER_ANCHORED_HAZARD\43\test_predictions.npz,530,,,,,,,,,,,,,,,,,,,"[0.3,0.4)",0.3508306381863048,0.3452830188679245,,,,,,,,,,,,,,,,,,,,,
reliability,POWER_ANCHORED_HAZARD,43,full_timeline,12,,,,C:\Users\Zhujiangkun-Yohkoh\Desktop\光伏项目_最新\PVforecast16\GFNODE_experiments\asoc_power_anchored_gradient_screen\results\POWER_ANCHORED_HAZARD\43\test_predictions.npz,454,,,,,,,,,,,,,,,,,,,"[0.4,0.5)",0.446510162380435,0.44933920704845814,,,,,,,,,,,,,,,,,,,,,
reliability,POWER_ANCHORED_HAZARD,43,full_timeline,12,,,,C:\Users\Zhujiangkun-Yohkoh\Desktop\光伏项目_最新\PVforecast16\GFNODE_experiments\asoc_power_anchored_gradient_screen\results\POWER_ANCHORED_HAZARD\43\test_predictions.npz,435,,,,,,,,,,,,,,,,,,,"[0.5,0.6)",0.5517325204339493,0.5816091954022988,,,,,,,,,,,,,,,,,,,,,
reliability,POWER_ANCHORED_HAZARD,43,full_timeline,12,,,,C:\Users\Zhujiangkun-Yohkoh\Desktop\光伏项目_最新\PVforecast16\GFNODE_experiments\asoc_power_anchored_gradient_screen\results\POWER_ANCHORED_HAZARD\43\test_predictions.npz,544,,,,,,,,,,,,,,,,,,,"[0.6,0.7)",0.6515051448640704,0.7058823529411765,,,,,,,,,,,,,,,,,,,,,
reliability,POWER_ANCHORED_HAZARD,43,full_timeline,12,,,,C:\Users\Zhujiangkun-Yohkoh\Desktop\光伏项目_最新\PVforecast16\GFNODE_experiments\asoc_power_anchored_gradient_screen\results\POWER_ANCHORED_HAZARD\43\test_predictions.npz,685,,,,,,,,,,,,,,,,,,,"[0.7,0.8)",0.7518354904537172,0.7824817518248175,,,,,,,,,,,,,,,,,,,,,
reliability,POWER_ANCHORED_HAZARD,43,full_timeline,12,,,,C:\Users\Zhujiangkun-Yohkoh\Desktop\光伏项目_最新\PVforecast16\GFNODE_experiments\asoc_power_anchored_gradient_screen\results\POWER_ANCHORED_HAZARD\43\test_predictions.npz,2183,,,,,,,,,,,,,,,,,,,"[0.8,0.9)",0.8647459509663898,0.8744846541456711,,,,,,,,,,,,,,,,,,,,,
reliability,POWER_ANCHORED_HAZARD,43,full_timeline,12,,,,C:\Users\Zhujiangkun-Yohkoh\Desktop\光伏项目_最新\PVforecast16\GFNODE_experiments\asoc_power_anchored_gradient_screen\results\POWER_ANCHORED_HAZARD\43\test_predictions.npz,2153,,,,,,,,,,,,,,,,,,,"[0.9,1.0]",0.9318202901205908,0.8964235949837436,,,,,,,,,,,,,,,,,,,,,
power,FROZEN_TRAJECTORY_HAZARD,43,full_timeline,3,0.41238144040107727,0.19590820372104645,0.13355237245559692,C:\Users\Zhujiangkun-Yohkoh\Desktop\光伏项目_最新\PVforecast16\GFNODE_experiments\asoc_frozen_trajectory_hazard_screen\results\FROZEN_TRAJECTORY_HAZARD\43\test_predictions.npz,,,,,,,,,,,,,,,,,,,,,,,19,14,1.0323351438062778,early_stopping,True,82.10173919999943,4.31483018421051,19136,55308,165924,240368,165924,0.6902915529521401,0.034417878282805084,0.15069979429244995,0.0,0.0,,,,
power,FROZEN_TRAJECTORY_HAZARD,43,full_timeline,6,0.44752299785614014,0.21256747841835022,0.13295644521713257,C:\Users\Zhujiangkun-Yohkoh\Desktop\光伏项目_最新\PVforecast16\GFNODE_experiments\asoc_frozen_trajectory_hazard_screen\results\FROZEN_TRAJECTORY_HAZARD\43\test_predictions.npz,,,,,,,,,,,,,,,,,,,,,,,19,14,1.0323351438062778,early_stopping,True,82.10173919999943,4.31483018421051,19136,55308,165924,240368,165924,0.6902915529521401,0.034417878282805084,0.15069979429244995,0.0,0.0,,,,
power,FROZEN_TRAJECTORY_HAZARD,43,full_timeline,12,0.4876216650009155,0.23452074825763702,0.13141803443431854,C:\Users\Zhujiangkun-Yohkoh\Desktop\光伏项目_最新\PVforecast16\GFNODE_experiments\asoc_frozen_trajectory_hazard_screen\results\FROZEN_TRAJECTORY_HAZARD\43\test_predictions.npz,,,,,,,,,,,,,,,,,,,,,,,19,14,1.0323351438062778,early_stopping,True,82.10173919999943,4.31483018421051,19136,55308,165924,240368,165924,0.6902915529521401,0.034417878282805084,0.15069979429244995,0.0,0.0,,,,
power,FROZEN_TRAJECTORY_HAZARD,43,daylight,12,0.6783857941627502,0.4270092844963074,0.13141803443431854,C:\Users\Zhujiangkun-Yohkoh\Desktop\光伏项目_最新\PVforecast16\GFNODE_experiments\asoc_frozen_trajectory_hazard_screen\results\FROZEN_TRAJECTORY_HAZARD\43\test_predictions.npz,,,,,,,,,,,,,,,,,,,,,,,19,14,1.0323351438062778,early_stopping,True,82.10173919999943,4.31483018421051,19136,55308,165924,240368,165924,0.6902915529521401,0.034417878282805084,0.15069979429244995,0.0,0.0,,,,
power,FROZEN_TRAJECTORY_HAZARD,43,ramp_step,12,0.972485363483429,0.7279741168022156,0.13141803443431854,C:\Users\Zhujiangkun-Yohkoh\Desktop\光伏项目_最新\PVforecast16\GFNODE_experiments\asoc_frozen_trajectory_hazard_screen\results\FROZEN_TRAJECTORY_HAZARD\43\test_predictions.npz,,,,,,,,,,,,,,,,,,,,,,,19,14,1.0323351438062778,early_stopping,True,82.10173919999943,4.31483018421051,19136,55308,165924,240368,165924,0.6902915529521401,0.034417878282805084,0.15069979429244995,0.0,0.0,,,,
power,FROZEN_TRAJECTORY_HAZARD,43,onset_near,12,0.8104481101036072,0.5665357708930969,0.13141803443431854,C:\Users\Zhujiangkun-Yohkoh\Desktop\光伏项目_最新\PVforecast16\GFNODE_experiments\asoc_frozen_trajectory_hazard_screen\results\FROZEN_TRAJECTORY_HAZARD\43\test_predictions.npz,,,,,,,,,,,,,,,,,,,,,,,19,14,1.0323351438062778,early_stopping,True,82.10173919999943,4.31483018421051,19136,55308,165924,240368,165924,0.6902915529521401,0.034417878282805084,0.15069979429244995,0.0,0.0,,,,
first_onset,FROZEN_TRAJECTORY_HAZARD,43,full_timeline,12,,,,C:\Users\Zhujiangkun-Yohkoh\Desktop\光伏项目_最新\PVforecast16\GFNODE_experiments\asoc_frozen_trajectory_hazard_screen\results\FROZEN_TRAJECTORY_HAZARD\43\test_predictions.npz,17401,5623,0.3231423481409114,0.9374970084267167,0.8519450842714826,0.1020582364291704,0.7482531443401876,0.852787258248009,0.666548105993242,0.33345189400675795,2.84871931696905,14.24359658484525,3748,3125,2498,0.42816,0.4399519615692554,0.6502134471718249,,,,,19,14,1.0323351438062778,early_stopping,True,82.10173919999943,4.31483018421051,19136,55308,165924,240368,165924,0.6902915529521401,0.034417878282805084,0.15069979429244995,0.0,0.0,,,,
first_onset,FROZEN_TRAJECTORY_HAZARD,43,daylight,12,,,,C:\Users\Zhujiangkun-Yohkoh\Desktop\光伏项目_最新\PVforecast16\GFNODE_experiments\asoc_frozen_trajectory_hazard_screen\results\FROZEN_TRAJECTORY_HAZARD\43\test_predictions.npz,9655,5623,0.5823925427239772,0.817927370648894,0.8520788127683152,0.183865330411044,0.7482531443401876,0.852787258248009,0.666548105993242,0.33345189400675795,2.84871931696905,14.24359658484525,3748,3125,2498,0.42816,0.4399519615692554,0.6502134471718249,,,,,19,14,1.0323351438062778,early_stopping,True,82.10173919999943,4.31483018421051,19136,55308,165924,240368,165924,0.6902915529521401,0.034417878282805084,0.15069979429244995,0.0,0.0,,,,
first_onset,FROZEN_TRAJECTORY_HAZARD,43,sunrise_sunset_transition,12,,,,C:\Users\Zhujiangkun-Yohkoh\Desktop\光伏项目_最新\PVforecast16\GFNODE_experiments\asoc_frozen_trajectory_hazard_screen\results\FROZEN_TRAJECTORY_HAZARD\43\test_predictions.npz,7134,2742,0.3843566021867115,0.857312596073492,0.7487373248030766,0.16438189380628732,0.6314218716691536,0.7598768599281683,0.5401167031363968,0.4598832968636032,2.9547602970965565,14.773801485482782,1481,1660,1082,0.31204819277108437,0.5064695009242144,0.7197839297771775,,,,,19,14,1.0323351438062778,early_stopping,True,82.10173919999943,4.31483018421051,19136,55308,165924,240368,165924,0.6902915529521401,0.034417878282805084,0.15069979429244995,0.0,0.0,,,,
onset_lead,FROZEN_TRAJECTORY_HAZARD,43,full_timeline,1,,,,C:\Users\Zhujiangkun-Yohkoh\Desktop\光伏项目_最新\PVforecast16\GFNODE_experiments\asoc_frozen_trajectory_hazard_screen\results\FROZEN_TRAJECTORY_HAZARD\43\test_predictions.npz,930,930,0.05344520429860353,,,,,,,,,,,499,431,,,,0.7365591397849462,,,,19,14,1.0323351438062778,early_stopping,True,82.10173919999943,4.31483018421051,19136,55308,165924,240368,165924,0.6902915529521401,0.034417878282805084,0.15069979429244995,0.0,0.0,,,,
onset_lead,FROZEN_TRAJECTORY_HAZARD,43,full_timeline,2,,,,C:\Users\Zhujiangkun-Yohkoh\Desktop\光伏项目_最新\PVforecast16\GFNODE_experiments\asoc_frozen_trajectory_hazard_screen\results\FROZEN_TRAJECTORY_HAZARD\43\test_predictions.npz,930,930,0.05344520429860353,,,,,,,,,,,499,431,,,,0.7193548387096774,,,,19,14,1.0323351438062778,early_stopping,True,82.10173919999943,4.31483018421051,19136,55308,165924,240368,165924,0.6902915529521401,0.034417878282805084,0.15069979429244995,0.0,0.0,,,,
onset_lead,FROZEN_TRAJECTORY_HAZARD,43,full_timeline,3,,,,C:\Users\Zhujiangkun-Yohkoh\Desktop\光伏项目_最新\PVforecast16\GFNODE_experiments\asoc_frozen_trajectory_hazard_screen\results\FROZEN_TRAJECTORY_HAZARD\43\test_predictions.npz,771,771,0.044307798402390665,,,,,,,,,,,416,355,,,,0.6926070038910506,,,,19,14,1.0323351438062778,early_stopping,True,82.10173919999943,4.31483018421051,19136,55308,165924,240368,165924,0.6902915529521401,0.034417878282805084,0.15069979429244995,0.0,0.0,,,,
onset_lead,FROZEN_TRAJECTORY_HAZARD,43,full_timeline,4,,,,C:\Users\Zhujiangkun-Yohkoh\Desktop\光伏项目_最新\PVforecast16\GFNODE_experiments\asoc_frozen_trajectory_hazard_screen\results\FROZEN_TRAJECTORY_HAZARD\43\test_predictions.npz,633,633,0.03637721970001724,,,,,,,,,,,348,285,,,,0.7124802527646129,,,,19,14,1.0323351438062778,early_stopping,True,82.10173919999943,4.31483018421051,19136,55308,165924,240368,165924,0.6902915529521401,0.034417878282805084,0.15069979429244995,0.0,0.0,,,,
onset_lead,FROZEN_TRAJECTORY_HAZARD,43,full_timeline,5,,,,C:\Users\Zhujiangkun-Yohkoh\Desktop\光伏项目_最新\PVforecast16\GFNODE_experiments\asoc_frozen_trajectory_hazard_screen\results\FROZEN_TRAJECTORY_HAZARD\43\test_predictions.npz,511,511,0.02936612838342624,,,,,,,,,,,280,231,,,,0.684931506849315,,,,19,14,1.0323351438062778,early_stopping,True,82.10173919999943,4.31483018421051,19136,55308,165924,240368,165924,0.6902915529521401,0.034417878282805084,0.15069979429244995,0.0,0.0,,,,
onset_lead,FROZEN_TRAJECTORY_HAZARD,43,full_timeline,6,,,,C:\Users\Zhujiangkun-Yohkoh\Desktop\光伏项目_最新\PVforecast16\GFNODE_experiments\asoc_frozen_trajectory_hazard_screen\results\FROZEN_TRAJECTORY_HAZARD\43\test_predictions.npz,426,426,0.0244813516464571,,,,,,,,,,,238,188,,,,0.6643192488262911,,,,19,14,1.0323351438062778,early_stopping,True,82.10173919999943,4.31483018421051,19136,55308,165924,240368,165924,0.6902915529521401,0.034417878282805084,0.15069979429244995,0.0,0.0,,,,
onset_lead,FROZEN_TRAJECTORY_HAZARD,43,full_timeline,7,,,,C:\Users\Zhujiangkun-Yohkoh\Desktop\光伏项目_最新\PVforecast16\GFNODE_experiments\asoc_frozen_trajectory_hazard_screen\results\FROZEN_TRAJECTORY_HAZARD\43\test_predictions.npz,345,345,0.019826446755933567,,,,,,,,,,,198,147,,,,0.6376811594202898,,,,19,14,1.0323351438062778,early_stopping,True,82.10173919999943,4.31483018421051,19136,55308,165924,240368,165924,0.6902915529521401,0.034417878282805084,0.15069979429244995,0.0,0.0,,,,
onset_lead,FROZEN_TRAJECTORY_HAZARD,43,full_timeline,8,,,,C:\Users\Zhujiangkun-Yohkoh\Desktop\光伏项目_最新\PVforecast16\GFNODE_experiments\asoc_frozen_trajectory_hazard_screen\results\FROZEN_TRAJECTORY_HAZARD\43\test_predictions.npz,283,283,0.016263433136026666,,,,,,,,,,,167,116,,,,0.5901060070671378,,,,19,14,1.0323351438062778,early_stopping,True,82.10173919999943,4.31483018421051,19136,55308,165924,240368,165924,0.6902915529521401,0.034417878282805084,0.15069979429244995,0.0,0.0,,,,
onset_lead,FROZEN_TRAJECTORY_HAZARD,43,full_timeline,9,,,,C:\Users\Zhujiangkun-Yohkoh\Desktop\光伏项目_最新\PVforecast16\GFNODE_experiments\asoc_frozen_trajectory_hazard_screen\results\FROZEN_TRAJECTORY_HAZARD\43\test_predictions.npz,242,242,0.013907246709959197,,,,,,,,,,,144,98,,,,0.5454545454545454,,,,19,14,1.0323351438062778,early_stopping,True,82.10173919999943,4.31483018421051,19136,55308,165924,240368,165924,0.6902915529521401,0.034417878282805084,0.15069979429244995,0.0,0.0,,,,
onset_lead,FROZEN_TRAJECTORY_HAZARD,43,full_timeline,10,,,,C:\Users\Zhujiangkun-Yohkoh\Desktop\光伏项目_最新\PVforecast16\GFNODE_experiments\asoc_frozen_trajectory_hazard_screen\results\FROZEN_TRAJECTORY_HAZARD\43\test_predictions.npz,210,210,0.012068271938394345,,,,,,,,,,,125,85,,,,0.5047619047619047,,,,19,14,1.0323351438062778,early_stopping,True,82.10173919999943,4.31483018421051,19136,55308,165924,240368,165924,0.6902915529521401,0.034417878282805084,0.15069979429244995,0.0,0.0,,,,
onset_lead,FROZEN_TRAJECTORY_HAZARD,43,full_timeline,11,,,,C:\Users\Zhujiangkun-Yohkoh\Desktop\光伏项目_最新\PVforecast16\GFNODE_experiments\asoc_frozen_trajectory_hazard_screen\results\FROZEN_TRAJECTORY_HAZARD\43\test_predictions.npz,182,182,0.010459169013275099,,,,,,,,,,,111,71,,,,0.46153846153846156,,,,19,14,1.0323351438062778,early_stopping,True,82.10173919999943,4.31483018421051,19136,55308,165924,240368,165924,0.6902915529521401,0.034417878282805084,0.15069979429244995,0.0,0.0,,,,
onset_lead,FROZEN_TRAJECTORY_HAZARD,43,full_timeline,12,,,,C:\Users\Zhujiangkun-Yohkoh\Desktop\光伏项目_最新\PVforecast16\GFNODE_experiments\asoc_frozen_trajectory_hazard_screen\results\FROZEN_TRAJECTORY_HAZARD\43\test_predictions.npz,160,160,0.009194873857824262,,,,,,,,,,,100,60,,,,0.41875,,,,19,14,1.0323351438062778,early_stopping,True,82.10173919999943,4.31483018421051,19136,55308,165924,240368,165924,0.6902915529521401,0.034417878282805084,0.15069979429244995,0.0,0.0,,,,
reliability,FROZEN_TRAJECTORY_HAZARD,43,full_timeline,12,,,,C:\Users\Zhujiangkun-Yohkoh\Desktop\光伏项目_最新\PVforecast16\GFNODE_experiments\asoc_frozen_trajectory_hazard_screen\results\FROZEN_TRAJECTORY_HAZARD\43\test_predictions.npz,8878,,,,,,,,,,,,,,,,,,,"[0.0,0.1)",0.011460329901560467,0.027934219418788014,19,14,1.0323351438062778,early_stopping,True,82.10173919999943,4.31483018421051,19136,55308,165924,240368,165924,0.6902915529521401,0.034417878282805084,0.15069979429244995,0.0,0.0,,,,
reliability,FROZEN_TRAJECTORY_HAZARD,43,full_timeline,12,,,,C:\Users\Zhujiangkun-Yohkoh\Desktop\光伏项目_最新\PVforecast16\GFNODE_experiments\asoc_frozen_trajectory_hazard_screen\results\FROZEN_TRAJECTORY_HAZARD\43\test_predictions.npz,771,,,,,,,,,,,,,,,,,,,"[0.1,0.2)",0.15924670729481716,0.27626459143968873,19,14,1.0323351438062778,early_stopping,True,82.10173919999943,4.31483018421051,19136,55308,165924,240368,165924,0.6902915529521401,0.034417878282805084,0.15069979429244995,0.0,0.0,,,,
reliability,FROZEN_TRAJECTORY_HAZARD,43,full_timeline,12,,,,C:\Users\Zhujiangkun-Yohkoh\Desktop\光伏项目_最新\PVforecast16\GFNODE_experiments\asoc_frozen_trajectory_hazard_screen\results\FROZEN_TRAJECTORY_HAZARD\43\test_predictions.npz,1464,,,,,,,,,,,,,,,,,,,"[0.2,0.3)",0.24702577063978942,0.2827868852459016,19,14,1.0323351438062778,early_stopping,True,82.10173919999943,4.31483018421051,19136,55308,165924,240368,165924,0.6902915529521401,0.034417878282805084,0.15069979429244995,0.0,0.0,,,,
reliability,FROZEN_TRAJECTORY_HAZARD,43,full_timeline,12,,,,C:\Users\Zhujiangkun-Yohkoh\Desktop\光伏项目_最新\PVforecast16\GFNODE_experiments\asoc_frozen_trajectory_hazard_screen\results\FROZEN_TRAJECTORY_HAZARD\43\test_predictions.npz,1034,,,,,,,,,,,,,,,,,,,"[0.3,0.4)",0.34757117608006094,0.44294003868471954,19,14,1.0323351438062778,early_stopping,True,82.10173919999943,4.31483018421051,19136,55308,165924,240368,165924,0.6902915529521401,0.034417878282805084,0.15069979429244995,0.0,0.0,,,,
reliability,FROZEN_TRAJECTORY_HAZARD,43,full_timeline,12,,,,C:\Users\Zhujiangkun-Yohkoh\Desktop\光伏项目_最新\PVforecast16\GFNODE_experiments\asoc_frozen_trajectory_hazard_screen\results\FROZEN_TRAJECTORY_HAZARD\43\test_predictions.npz,859,,,,,,,,,,,,,,,,,,,"[0.4,0.5)",0.4515681125974551,0.6309662398137369,19,14,1.0323351438062778,early_stopping,True,82.10173919999943,4.31483018421051,19136,55308,165924,240368,165924,0.6902915529521401,0.034417878282805084,0.15069979429244995,0.0,0.0,,,,
reliability,FROZEN_TRAJECTORY_HAZARD,43,full_timeline,12,,,,C:\Users\Zhujiangkun-Yohkoh\Desktop\光伏项目_最新\PVforecast16\GFNODE_experiments\asoc_frozen_trajectory_hazard_screen\results\FROZEN_TRAJECTORY_HAZARD\43\test_predictions.npz,913,,,,,,,,,,,,,,,,,,,"[0.5,0.6)",0.5467533918532789,0.7721796276013143,19,14,1.0323351438062778,early_stopping,True,82.10173919999943,4.31483018421051,19136,55308,165924,240368,165924,0.6902915529521401,0.034417878282805084,0.15069979429244995,0.0,0.0,,,,
reliability,FROZEN_TRAJECTORY_HAZARD,43,full_timeline,12,,,,C:\Users\Zhujiangkun-Yohkoh\Desktop\光伏项目_最新\PVforecast16\GFNODE_experiments\asoc_frozen_trajectory_hazard_screen\results\FROZEN_TRAJECTORY_HAZARD\43\test_predictions.npz,724,,,,,,,,,,,,,,,,,,,"[0.6,0.7)",0.6464559396513532,0.7513812154696132,19,14,1.0323351438062778,early_stopping,True,82.10173919999943,4.31483018421051,19136,55308,165924,240368,165924,0.6902915529521401,0.034417878282805084,0.15069979429244995,0.0,0.0,,,,
reliability,FROZEN_TRAJECTORY_HAZARD,43,full_timeline,12,,,,C:\Users\Zhujiangkun-Yohkoh\Desktop\光伏项目_最新\PVforecast16\GFNODE_experiments\asoc_frozen_trajectory_hazard_screen\results\FROZEN_TRAJECTORY_HAZARD\43\test_predictions.npz,647,,,,,,,,,,,,,,,,,,,"[0.7,0.8)",0.750978992036126,0.8732612055641422,19,14,1.0323351438062778,early_stopping,True,82.10173919999943,4.31483018421051,19136,55308,165924,240368,165924,0.6902915529521401,0.034417878282805084,0.15069979429244995,0.0,0.0,,,,
reliability,FROZEN_TRAJECTORY_HAZARD,43,full_timeline,12,,,,C:\Users\Zhujiangkun-Yohkoh\Desktop\光伏项目_最新\PVforecast16\GFNODE_experiments\asoc_frozen_trajectory_hazard_screen\results\FROZEN_TRAJECTORY_HAZARD\43\test_predictions.npz,712,,,,,,,,,,,,,,,,,,,"[0.8,0.9)",0.8518927327917696,0.9129213483146067,19,14,1.0323351438062778,early_stopping,True,82.10173919999943,4.31483018421051,19136,55308,165924,240368,165924,0.6902915529521401,0.034417878282805084,0.15069979429244995,0.0,0.0,,,,
reliability,FROZEN_TRAJECTORY_HAZARD,43,full_timeline,12,,,,C:\Users\Zhujiangkun-Yohkoh\Desktop\光伏项目_最新\PVforecast16\GFNODE_experiments\asoc_frozen_trajectory_hazard_screen\results\FROZEN_TRAJECTORY_HAZARD\43\test_predictions.npz,1399,,,,,,,,,,,,,,,,,,,"[0.9,1.0]",0.9642386988197017,0.9177984274481773,19,14,1.0323351438062778,early_stopping,True,82.10173919999943,4.31483018421051,19136,55308,165924,240368,165924,0.6902915529521401,0.034417878282805084,0.15069979429244995,0.0,0.0,,,,
power_identity,FROZEN_TRAJECTORY_HAZARD,43,complete_test,12,,,,C:\Users\Zhujiangkun-Yohkoh\Desktop\光伏项目_最新\PVforecast16\GFNODE_experiments\asoc_frozen_trajectory_hazard_screen\results\FROZEN_TRAJECTORY_HAZARD\43\test_predictions.npz,,,,,,,,,,,,,,,,,,,,,,,19,14,1.0323351438062778,early_stopping,True,82.10173919999943,4.31483018421051,19136,55308,165924,240368,165924,0.6902915529521401,0.034417878282805084,0.15069979429244995,0.0,0.0,0.0,0.0,0.0,0.0
power,TRAJECTORY_ONLY,44,full_timeline,3,0.4072774648666382,0.18773534893989563,0.13048310577869415,C:\Users\Zhujiangkun-Yohkoh\Desktop\光伏项目_最新\PVforecast16\GFNODE_experiments\asoc_multirate_information_screen\results\MEAN_ONLY\44\test_predictions.npz,,,,,,,,,,,,,,,,,,,,,,,,,,,,,,,,,,,,,,,,,,,
power,TRAJECTORY_ONLY,44,full_timeline,6,0.44645193219184875,0.20687218010425568,0.1329408586025238,C:\Users\Zhujiangkun-Yohkoh\Desktop\光伏项目_最新\PVforecast16\GFNODE_experiments\asoc_multirate_information_screen\results\MEAN_ONLY\44\test_predictions.npz,,,,,,,,,,,,,,,,,,,,,,,,,,,,,,,,,,,,,,,,,,,
power,TRAJECTORY_ONLY,44,full_timeline,12,0.49055272340774536,0.2345530092716217,0.13210412859916687,C:\Users\Zhujiangkun-Yohkoh\Desktop\光伏项目_最新\PVforecast16\GFNODE_experiments\asoc_multirate_information_screen\results\MEAN_ONLY\44\test_predictions.npz,,,,,,,,,,,,,,,,,,,,,,,,,,,,,,,,,,,,,,,,,,,
power,TRAJECTORY_ONLY,44,daylight,12,0.6818392276763916,0.4201297461986542,0.13210412859916687,C:\Users\Zhujiangkun-Yohkoh\Desktop\光伏项目_最新\PVforecast16\GFNODE_experiments\asoc_multirate_information_screen\results\MEAN_ONLY\44\test_predictions.npz,,,,,,,,,,,,,,,,,,,,,,,,,,,,,,,,,,,,,,,,,,,
power,TRAJECTORY_ONLY,44,ramp_step,12,0.9792927503585815,0.7342929244041443,0.13210412859916687,C:\Users\Zhujiangkun-Yohkoh\Desktop\光伏项目_最新\PVforecast16\GFNODE_experiments\asoc_multirate_information_screen\results\MEAN_ONLY\44\test_predictions.npz,,,,,,,,,,,,,,,,,,,,,,,,,,,,,,,,,,,,,,,,,,,
power,TRAJECTORY_ONLY,44,onset_near,12,0.815226137638092,0.5667555332183838,0.13210412859916687,C:\Users\Zhujiangkun-Yohkoh\Desktop\光伏项目_最新\PVforecast16\GFNODE_experiments\asoc_multirate_information_screen\results\MEAN_ONLY\44\test_predictions.npz,,,,,,,,,,,,,,,,,,,,,,,,,,,,,,,,,,,,,,,,,,,
ramp_step,STEP_MULTITASK,44,full_timeline,all12,,,,C:\Users\Zhujiangkun-Yohkoh\Desktop\光伏项目_最新\PVforecast16\GFNODE_experiments\asoc_joint_trajectory_onset_screen\results\STEP_MULTITASK\44\test_predictions.npz,208812,36486,0.1747313372794667,0.9324814676228431,0.668037398503866,0.15800348360251393,0.6121445042275173,0.44461813309513176,0.9822397631968426,,,,,,,,,,,,,,,,,,,,,,,,,,,,,,,,,,
ramp_step,STEP_MULTITASK,44,daylight,all12,,,,C:\Users\Zhujiangkun-Yohkoh\Desktop\光伏项目_最新\PVforecast16\GFNODE_experiments\asoc_joint_trajectory_onset_screen\results\STEP_MULTITASK\44\test_predictions.npz,107560,36486,0.3392153216809223,0.8364442059797761,0.6680899702842631,0.3050306072968057,0.6130869899923018,0.4456132497761862,0.9822397631968426,,,,,,,,,,,,,,,,,,,,,,,,,,,,,,,,,,
ramp_step,STEP_MULTITASK,44,sunrise_sunset_transition,all12,,,,C:\Users\Zhujiangkun-Yohkoh\Desktop\光伏项目_最新\PVforecast16\GFNODE_experiments\asoc_joint_trajectory_onset_screen\results\STEP_MULTITASK\44\test_predictions.npz,69636,10077,0.14470963294847491,0.8814194163028263,0.5091665915736661,0.22708187368462637,0.45719391474053,0.2995809195118945,0.9647712612880818,,,,,,,,,,,,,,,,,,,,,,,,,,,,,,,,,,
ramp_step,STEP_MULTITASK,44,full_timeline,1,,,,C:\Users\Zhujiangkun-Yohkoh\Desktop\光伏项目_最新\PVforecast16\GFNODE_experiments\asoc_joint_trajectory_onset_screen\results\STEP_MULTITASK\44\test_predictions.npz,17401,3046,0.1750474110683294,0.9446790109988877,0.714601471359294,0.15075829398832127,0.6299655927431967,0.4615737203972498,0.9917925147734734,,,,,,,,,,,,,,,,,,,,,,,,,,,,,,,,,,
ramp_step,STEP_MULTITASK,44,full_timeline,2,,,,C:\Users\Zhujiangkun-Yohkoh\Desktop\光伏项目_最新\PVforecast16\GFNODE_experiments\asoc_joint_trajectory_onset_screen\results\STEP_MULTITASK\44\test_predictions.npz,17401,3045,0.174989943106718,0.9407165595843165,0.6947500027049608,0.14980934868031123,0.6380901856763925,0.4713166144200627,0.9875205254515599,,,,,,,,,,,,,,,,,,,,,,,,,,,,,,,,,,
ramp_step,STEP_MULTITASK,44,full_timeline,3,,,,C:\Users\Zhujiangkun-Yohkoh\Desktop\光伏项目_最新\PVforecast16\GFNODE_experiments\asoc_joint_trajectory_onset_screen\results\STEP_MULTITASK\44\test_predictions.npz,17401,3044,0.1749324751451066,0.9397118823849542,0.6882166421004834,0.1540881832200093,0.6267348429510592,0.4592445328031809,0.9865308804204993,,,,,,,,,,,,,,,,,,,,,,,,,,,,,,,,,,
ramp_step,STEP_MULTITASK,44,full_timeline,4,,,,C:\Users\Zhujiangkun-Yohkoh\Desktop\光伏项目_最新\PVforecast16\GFNODE_experiments\asoc_joint_trajectory_onset_screen\results\STEP_MULTITASK\44\test_predictions.npz,17401,3043,0.1748750071834952,0.9381909856206464,0.6831305823039636,0.15725876782080062,0.6182867745593238,0.4504355662361069,0.9855405849490634,,,,,,,,,,,,,,,,,,,,,,,,,,,,,,,,,,
ramp_step,STEP_MULTITASK,44,full_timeline,5,,,,C:\Users\Zhujiangkun-Yohkoh\Desktop\光伏项目_最新\PVforecast16\GFNODE_experiments\asoc_joint_trajectory_onset_screen\results\STEP_MULTITASK\44\test_predictions.npz,17401,3042,0.1748175392218838,0.9360238092981428,0.6774596735696189,0.15641626057348074,0.6217282924802658,0.4544488308533252,0.9838921761998685,,,,,,,,,,,,,,,,,,,,,,,,,,,,,,,,,,
ramp_step,STEP_MULTITASK,44,full_timeline,6,,,,C:\Users\Zhujiangkun-Yohkoh\Desktop\光伏项目_最新\PVforecast16\GFNODE_experiments\asoc_joint_trajectory_onset_screen\results\STEP_MULTITASK\44\test_predictions.npz,17401,3041,0.1747600712602724,0.9336530279311801,0.6704836023260529,0.1588020922013509,0.6124872057318321,0.44464259176697873,0.9838868793160145,,,,,,,,,,,,,,,,,,,,,,,,,,,,,,,,,,
ramp_step,STEP_MULTITASK,44,full_timeline,7,,,,C:\Users\Zhujiangkun-Yohkoh\Desktop\光伏项目_最新\PVforecast16\GFNODE_experiments\asoc_joint_trajectory_onset_screen\results\STEP_MULTITASK\44\test_predictions.npz,17401,3040,0.174702603298661,0.9322589231068059,0.669590213189019,0.15714735539714142,0.6128070716414842,0.44565704888623114,0.9805921052631579,,,,,,,,,,,,,,,,,,,,,,,,,,,,,,,,,,
ramp_step,STEP_MULTITASK,44,full_timeline,8,,,,C:\Users\Zhujiangkun-Yohkoh\Desktop\光伏项目_最新\PVforecast16\GFNODE_experiments\asoc_joint_trajectory_onset_screen\results\STEP_MULTITASK\44\test_predictions.npz,17401,3039,0.1746451353370496,0.9289441159463483,0.6522599153014425,0.16479811249136664,0.6057789452414629,0.4370899548039073,0.9865087199736755,,,,,,,,,,,,,,,,,,,,,,,,,,,,,,,,,,
ramp_step,STEP_MULTITASK,44,full_timeline,9,,,,C:\Users\Zhujiangkun-Yohkoh\Desktop\光伏项目_最新\PVforecast16\GFNODE_experiments\asoc_joint_trajectory_onset_screen\results\STEP_MULTITASK\44\test_predictions.npz,17401,3038,0.17458766737543818,0.9259507905548953,0.6424193386387379,0.16050928293621403,0.6081274249540535,0.440793368857312,0.9802501645819618,,,,,,,,,,,,,,,,,,,,,,,,,,,,,,,,,,
ramp_step,STEP_MULTITASK,44,full_timeline,10,,,,C:\Users\Zhujiangkun-Yohkoh\Desktop\光伏项目_最新\PVforecast16\GFNODE_experiments\asoc_joint_trajectory_onset_screen\results\STEP_MULTITASK\44\test_predictions.npz,17401,3037,0.1745301994138268,0.9242768479571593,0.6405431437446331,0.1617684538491186,0.5973737373737373,0.4308611394433921,0.9736582153440896,,,,,,,,,,,,,,,,,,,,,,,,,,,,,,,,,,
ramp_step,STEP_MULTITASK,44,full_timeline,11,,,,C:\Users\Zhujiangkun-Yohkoh\Desktop\光伏项目_最新\PVforecast16\GFNODE_experiments\asoc_joint_trajectory_onset_screen\results\STEP_MULTITASK\44\test_predictions.npz,17401,3036,0.1744727314522154,0.9227593509513636,0.6333296395258332,0.16430507268788916,0.5878505599048657,0.4204110559886605,0.9769433465085638,,,,,,,,,,,,,,,,,,,,,,,,,,,,,,,,,,
ramp_step,STEP_MULTITASK,44,full_timeline,12,,,,C:\Users\Zhujiangkun-Yohkoh\Desktop\光伏项目_最新\PVforecast16\GFNODE_experiments\asoc_joint_trajectory_onset_screen\results\STEP_MULTITASK\44\test_predictions.npz,17401,3035,0.174415263490604,0.9217027275410709,0.6303550738433218,0.16038057938416317,0.5897795591182364,0.42375809935205183,0.9696869851729819,,,,,,,,,,,,,,,,,,,,,,,,,,,,,,,,,,
first_onset,STEP_MULTITASK,44,full_timeline,12,,,,C:\Users\Zhujiangkun-Yohkoh\Desktop\光伏项目_最新\PVforecast16\GFNODE_experiments\asoc_joint_trajectory_onset_screen\results\STEP_MULTITASK\44\test_predictions.npz,17401,5623,0.3231423481409114,0.9546371341270012,0.8603404130150557,0.19505466213467915,0.5501295212510794,0.5972916666666667,0.5098701760626,0.49012982393739996,2.2957795605162192,11.478897802581097,2867,3125,2498,0.3968,0.2734187349879904,0.670735960934775,,,,,,,,,,,,,,,,,,,,,,,,,
first_onset,STEP_MULTITASK,44,daylight,12,,,,C:\Users\Zhujiangkun-Yohkoh\Desktop\光伏项目_最新\PVforecast16\GFNODE_experiments\asoc_joint_trajectory_onset_screen\results\STEP_MULTITASK\44\test_predictions.npz,9655,5623,0.5823925427239772,0.8675247671835348,0.8603508375376588,0.34625465068953337,0.5502879078694818,0.597665207421305,0.5098701760626,0.49012982393739996,2.2957795605162192,11.478897802581097,2867,3125,2498,0.3968,0.2734187349879904,0.670735960934775,,,,,,,,,,,,,,,,,,,,,,,,,
first_onset,STEP_MULTITASK,44,sunrise_sunset_transition,12,,,,C:\Users\Zhujiangkun-Yohkoh\Desktop\光伏项目_最新\PVforecast16\GFNODE_experiments\asoc_joint_trajectory_onset_screen\results\STEP_MULTITASK\44\test_predictions.npz,7134,2742,0.3843566021867115,0.918480894577901,0.8200364352309959,0.26482658904267103,0.6163317037841752,0.6120100683207479,0.6207148067104303,0.37928519328956967,2.461809635722679,12.309048178613395,1702,1660,1082,0.49216867469879516,0.2735674676524954,0.6539365452408931,,,,,,,,,,,,,,,,,,,,,,,,,
onset_lead,STEP_MULTITASK,44,full_timeline,1,,,,C:\Users\Zhujiangkun-Yohkoh\Desktop\光伏项目_最新\PVforecast16\GFNODE_experiments\asoc_joint_trajectory_onset_screen\results\STEP_MULTITASK\44\test_predictions.npz,930,930,0.05344520429860353,,,,,,,,,,,499,431,,,,0.9924731182795699,,,,,,,,,,,,,,,,,,,,,,,,
onset_lead,STEP_MULTITASK,44,full_timeline,2,,,,C:\Users\Zhujiangkun-Yohkoh\Desktop\光伏项目_最新\PVforecast16\GFNODE_experiments\asoc_joint_trajectory_onset_screen\results\STEP_MULTITASK\44\test_predictions.npz,930,930,0.05344520429860353,,,,,,,,,,,499,431,,,,0.4881720430107527,,,,,,,,,,,,,,,,,,,,,,,,
onset_lead,STEP_MULTITASK,44,full_timeline,3,,,,C:\Users\Zhujiangkun-Yohkoh\Desktop\光伏项目_最新\PVforecast16\GFNODE_experiments\asoc_joint_trajectory_onset_screen\results\STEP_MULTITASK\44\test_predictions.npz,771,771,0.044307798402390665,,,,,,,,,,,416,355,,,,0.39040207522697795,,,,,,,,,,,,,,,,,,,,,,,,
onset_lead,STEP_MULTITASK,44,full_timeline,4,,,,C:\Users\Zhujiangkun-Yohkoh\Desktop\光伏项目_最新\PVforecast16\GFNODE_experiments\asoc_joint_trajectory_onset_screen\results\STEP_MULTITASK\44\test_predictions.npz,633,633,0.03637721970001724,,,,,,,,,,,348,285,,,,0.358609794628752,,,,,,,,,,,,,,,,,,,,,,,,
onset_lead,STEP_MULTITASK,44,full_timeline,5,,,,C:\Users\Zhujiangkun-Yohkoh\Desktop\光伏项目_最新\PVforecast16\GFNODE_experiments\asoc_joint_trajectory_onset_screen\results\STEP_MULTITASK\44\test_predictions.npz,511,511,0.02936612838342624,,,,,,,,,,,280,231,,,,0.36007827788649704,,,,,,,,,,,,,,,,,,,,,,,,
onset_lead,STEP_MULTITASK,44,full_timeline,6,,,,C:\Users\Zhujiangkun-Yohkoh\Desktop\光伏项目_最新\PVforecast16\GFNODE_experiments\asoc_joint_trajectory_onset_screen\results\STEP_MULTITASK\44\test_predictions.npz,426,426,0.0244813516464571,,,,,,,,,,,238,188,,,,0.37089201877934275,,,,,,,,,,,,,,,,,,,,,,,,
onset_lead,STEP_MULTITASK,44,full_timeline,7,,,,C:\Users\Zhujiangkun-Yohkoh\Desktop\光伏项目_最新\PVforecast16\GFNODE_experiments\asoc_joint_trajectory_onset_screen\results\STEP_MULTITASK\44\test_predictions.npz,345,345,0.019826446755933567,,,,,,,,,,,198,147,,,,0.39420289855072466,,,,,,,,,,,,,,,,,,,,,,,,
onset_lead,STEP_MULTITASK,44,full_timeline,8,,,,C:\Users\Zhujiangkun-Yohkoh\Desktop\光伏项目_最新\PVforecast16\GFNODE_experiments\asoc_joint_trajectory_onset_screen\results\STEP_MULTITASK\44\test_predictions.npz,283,283,0.016263433136026666,,,,,,,,,,,167,116,,,,0.42402826855123676,,,,,,,,,,,,,,,,,,,,,,,,
onset_lead,STEP_MULTITASK,44,full_timeline,9,,,,C:\Users\Zhujiangkun-Yohkoh\Desktop\光伏项目_最新\PVforecast16\GFNODE_experiments\asoc_joint_trajectory_onset_screen\results\STEP_MULTITASK\44\test_predictions.npz,242,242,0.013907246709959197,,,,,,,,,,,144,98,,,,0.4628099173553719,,,,,,,,,,,,,,,,,,,,,,,,
onset_lead,STEP_MULTITASK,44,full_timeline,10,,,,C:\Users\Zhujiangkun-Yohkoh\Desktop\光伏项目_最新\PVforecast16\GFNODE_experiments\asoc_joint_trajectory_onset_screen\results\STEP_MULTITASK\44\test_predictions.npz,210,210,0.012068271938394345,,,,,,,,,,,125,85,,,,0.4666666666666667,,,,,,,,,,,,,,,,,,,,,,,,
onset_lead,STEP_MULTITASK,44,full_timeline,11,,,,C:\Users\Zhujiangkun-Yohkoh\Desktop\光伏项目_最新\PVforecast16\GFNODE_experiments\asoc_joint_trajectory_onset_screen\results\STEP_MULTITASK\44\test_predictions.npz,182,182,0.010459169013275099,,,,,,,,,,,111,71,,,,0.4835164835164835,,,,,,,,,,,,,,,,,,,,,,,,
onset_lead,STEP_MULTITASK,44,full_timeline,12,,,,C:\Users\Zhujiangkun-Yohkoh\Desktop\光伏项目_最新\PVforecast16\GFNODE_experiments\asoc_joint_trajectory_onset_screen\results\STEP_MULTITASK\44\test_predictions.npz,160,160,0.009194873857824262,,,,,,,,,,,100,60,,,,0.4125,,,,,,,,,,,,,,,,,,,,,,,,
reliability,STEP_MULTITASK,44,full_timeline,12,,,,C:\Users\Zhujiangkun-Yohkoh\Desktop\光伏项目_最新\PVforecast16\GFNODE_experiments\asoc_joint_trajectory_onset_screen\results\STEP_MULTITASK\44\test_predictions.npz,7520,,,,,,,,,,,,,,,,,,,"[0.0,0.1)",0.0034007651265710592,0.0,,,,,,,,,,,,,,,,,,,,,
reliability,STEP_MULTITASK,44,full_timeline,12,,,,C:\Users\Zhujiangkun-Yohkoh\Desktop\光伏项目_最新\PVforecast16\GFNODE_experiments\asoc_joint_trajectory_onset_screen\results\STEP_MULTITASK\44\test_predictions.npz,216,,,,,,,,,,,,,,,,,,,"[0.1,0.2)",0.1494426727294922,0.0,,,,,,,,,,,,,,,,,,,,,
reliability,STEP_MULTITASK,44,full_timeline,12,,,,C:\Users\Zhujiangkun-Yohkoh\Desktop\光伏项目_最新\PVforecast16\GFNODE_experiments\asoc_joint_trajectory_onset_screen\results\STEP_MULTITASK\44\test_predictions.npz,134,,,,,,,,,,,,,,,,,,,"[0.2,0.3)",0.25256699323654175,0.0,,,,,,,,,,,,,,,,,,,,,
reliability,STEP_MULTITASK,44,full_timeline,12,,,,C:\Users\Zhujiangkun-Yohkoh\Desktop\光伏项目_最新\PVforecast16\GFNODE_experiments\asoc_joint_trajectory_onset_screen\results\STEP_MULTITASK\44\test_predictions.npz,130,,,,,,,,,,,,,,,,,,,"[0.3,0.4)",0.34870511293411255,0.0,,,,,,,,,,,,,,,,,,,,,
reliability,STEP_MULTITASK,44,full_timeline,12,,,,C:\Users\Zhujiangkun-Yohkoh\Desktop\光伏项目_最新\PVforecast16\GFNODE_experiments\asoc_joint_trajectory_onset_screen\results\STEP_MULTITASK\44\test_predictions.npz,120,,,,,,,,,,,,,,,,,,,"[0.4,0.5)",0.45074743032455444,0.0,,,,,,,,,,,,,,,,,,,,,
reliability,STEP_MULTITASK,44,full_timeline,12,,,,C:\Users\Zhujiangkun-Yohkoh\Desktop\光伏项目_最新\PVforecast16\GFNODE_experiments\asoc_joint_trajectory_onset_screen\results\STEP_MULTITASK\44\test_predictions.npz,119,,,,,,,,,,,,,,,,,,,"[0.5,0.6)",0.5520704388618469,0.01680672268907563,,,,,,,,,,,,,,,,,,,,,
reliability,STEP_MULTITASK,44,full_timeline,12,,,,C:\Users\Zhujiangkun-Yohkoh\Desktop\光伏项目_最新\PVforecast16\GFNODE_experiments\asoc_joint_trajectory_onset_screen\results\STEP_MULTITASK\44\test_predictions.npz,130,,,,,,,,,,,,,,,,,,,"[0.6,0.7)",0.6470237374305725,0.015384615384615385,,,,,,,,,,,,,,,,,,,,,
reliability,STEP_MULTITASK,44,full_timeline,12,,,,C:\Users\Zhujiangkun-Yohkoh\Desktop\光伏项目_最新\PVforecast16\GFNODE_experiments\asoc_joint_trajectory_onset_screen\results\STEP_MULTITASK\44\test_predictions.npz,154,,,,,,,,,,,,,,,,,,,"[0.7,0.8)",0.7485553026199341,0.045454545454545456,,,,,,,,,,,,,,,,,,,,,
reliability,STEP_MULTITASK,44,full_timeline,12,,,,C:\Users\Zhujiangkun-Yohkoh\Desktop\光伏项目_最新\PVforecast16\GFNODE_experiments\asoc_joint_trajectory_onset_screen\results\STEP_MULTITASK\44\test_predictions.npz,215,,,,,,,,,,,,,,,,,,,"[0.8,0.9)",0.8527414798736572,0.06046511627906977,,,,,,,,,,,,,,,,,,,,,
reliability,STEP_MULTITASK,44,full_timeline,12,,,,C:\Users\Zhujiangkun-Yohkoh\Desktop\光伏项目_最新\PVforecast16\GFNODE_experiments\asoc_joint_trajectory_onset_screen\results\STEP_MULTITASK\44\test_predictions.npz,3601,,,,,,,,,,,,,,,,,,,"[0.9,1.0]",0.9918703436851501,0.3218550402665926,,,,,,,,,,,,,,,,,,,,,
first_onset,STANDARD_ONSET_HAZARD,44,full_timeline,12,,,,C:\Users\Zhujiangkun-Yohkoh\Desktop\光伏项目_最新\PVforecast16\GFNODE_experiments\asoc_joint_trajectory_onset_screen\results\ONSET_HAZARD\44\test_predictions.npz,17401,5623,0.3231423481409114,0.9575642630709744,0.8683622624531435,0.07590574620013874,0.8361501512186443,0.8364477665064958,0.8358527476436066,0.16414725235639338,2.967021276595745,14.835106382978724,4700,3125,2498,0.54464,0.5068054443554844,0.6314893617021277,,,,,,,,,,,,,,,,,,,,,,,,,
first_onset,STANDARD_ONSET_HAZARD,44,daylight,12,,,,C:\Users\Zhujiangkun-Yohkoh\Desktop\光伏项目_最新\PVforecast16\GFNODE_experiments\asoc_joint_trajectory_onset_screen\results\ONSET_HAZARD\44\test_predictions.npz,9655,5623,0.5823925427239772,0.8760691632157042,0.8683722928035928,0.13670407084873715,0.8361501512186443,0.8364477665064958,0.8358527476436066,0.16414725235639338,2.967021276595745,14.835106382978724,4700,3125,2498,0.54464,0.5068054443554844,0.6314893617021277,,,,,,,,,,,,,,,,,,,,,,,,,
first_onset,STANDARD_ONSET_HAZARD,44,sunrise_sunset_transition,12,,,,C:\Users\Zhujiangkun-Yohkoh\Desktop\光伏项目_最新\PVforecast16\GFNODE_experiments\asoc_joint_trajectory_onset_screen\results\ONSET_HAZARD\44\test_predictions.npz,7134,2742,0.3843566021867115,0.9077647974767464,0.7996978839937783,0.12083715501136216,0.7565765098184513,0.7688253012048193,0.7447118891320205,0.2552881108679796,2.7722820763956904,13.861410381978452,2042,1660,1082,0.4674698795180723,0.588724584103512,0.6919686581782566,,,,,,,,,,,,,,,,,,,,,,,,,
onset_lead,STANDARD_ONSET_HAZARD,44,full_timeline,1,,,,C:\Users\Zhujiangkun-Yohkoh\Desktop\光伏项目_最新\PVforecast16\GFNODE_experiments\asoc_joint_trajectory_onset_screen\results\ONSET_HAZARD\44\test_predictions.npz,930,930,0.05344520429860353,,,,,,,,,,,499,431,,,,0.8946236559139785,,,,,,,,,,,,,,,,,,,,,,,,
onset_lead,STANDARD_ONSET_HAZARD,44,full_timeline,2,,,,C:\Users\Zhujiangkun-Yohkoh\Desktop\光伏项目_最新\PVforecast16\GFNODE_experiments\asoc_joint_trajectory_onset_screen\results\ONSET_HAZARD\44\test_predictions.npz,930,930,0.05344520429860353,,,,,,,,,,,499,431,,,,0.896774193548387,,,,,,,,,,,,,,,,,,,,,,,,
onset_lead,STANDARD_ONSET_HAZARD,44,full_timeline,3,,,,C:\Users\Zhujiangkun-Yohkoh\Desktop\光伏项目_最新\PVforecast16\GFNODE_experiments\asoc_joint_trajectory_onset_screen\results\ONSET_HAZARD\44\test_predictions.npz,771,771,0.044307798402390665,,,,,,,,,,,416,355,,,,0.8832684824902723,,,,,,,,,,,,,,,,,,,,,,,,
onset_lead,STANDARD_ONSET_HAZARD,44,full_timeline,4,,,,C:\Users\Zhujiangkun-Yohkoh\Desktop\光伏项目_最新\PVforecast16\GFNODE_experiments\asoc_joint_trajectory_onset_screen\results\ONSET_HAZARD\44\test_predictions.npz,633,633,0.03637721970001724,,,,,,,,,,,348,285,,,,0.8736176935229067,,,,,,,,,,,,,,,,,,,,,,,,
onset_lead,STANDARD_ONSET_HAZARD,44,full_timeline,5,,,,C:\Users\Zhujiangkun-Yohkoh\Desktop\光伏项目_最新\PVforecast16\GFNODE_experiments\asoc_joint_trajectory_onset_screen\results\ONSET_HAZARD\44\test_predictions.npz,511,511,0.02936612838342624,,,,,,,,,,,280,231,,,,0.8414872798434442,,,,,,,,,,,,,,,,,,,,,,,,
onset_lead,STANDARD_ONSET_HAZARD,44,full_timeline,6,,,,C:\Users\Zhujiangkun-Yohkoh\Desktop\光伏项目_最新\PVforecast16\GFNODE_experiments\asoc_joint_trajectory_onset_screen\results\ONSET_HAZARD\44\test_predictions.npz,426,426,0.0244813516464571,,,,,,,,,,,238,188,,,,0.8215962441314554,,,,,,,,,,,,,,,,,,,,,,,,
onset_lead,STANDARD_ONSET_HAZARD,44,full_timeline,7,,,,C:\Users\Zhujiangkun-Yohkoh\Desktop\光伏项目_最新\PVforecast16\GFNODE_experiments\asoc_joint_trajectory_onset_screen\results\ONSET_HAZARD\44\test_predictions.npz,345,345,0.019826446755933567,,,,,,,,,,,198,147,,,,0.7971014492753623,,,,,,,,,,,,,,,,,,,,,,,,
onset_lead,STANDARD_ONSET_HAZARD,44,full_timeline,8,,,,C:\Users\Zhujiangkun-Yohkoh\Desktop\光伏项目_最新\PVforecast16\GFNODE_experiments\asoc_joint_trajectory_onset_screen\results\ONSET_HAZARD\44\test_predictions.npz,283,283,0.016263433136026666,,,,,,,,,,,167,116,,,,0.7632508833922261,,,,,,,,,,,,,,,,,,,,,,,,
onset_lead,STANDARD_ONSET_HAZARD,44,full_timeline,9,,,,C:\Users\Zhujiangkun-Yohkoh\Desktop\光伏项目_最新\PVforecast16\GFNODE_experiments\asoc_joint_trajectory_onset_screen\results\ONSET_HAZARD\44\test_predictions.npz,242,242,0.013907246709959197,,,,,,,,,,,144,98,,,,0.7231404958677686,,,,,,,,,,,,,,,,,,,,,,,,
onset_lead,STANDARD_ONSET_HAZARD,44,full_timeline,10,,,,C:\Users\Zhujiangkun-Yohkoh\Desktop\光伏项目_最新\PVforecast16\GFNODE_experiments\asoc_joint_trajectory_onset_screen\results\ONSET_HAZARD\44\test_predictions.npz,210,210,0.012068271938394345,,,,,,,,,,,125,85,,,,0.6904761904761905,,,,,,,,,,,,,,,,,,,,,,,,
onset_lead,STANDARD_ONSET_HAZARD,44,full_timeline,11,,,,C:\Users\Zhujiangkun-Yohkoh\Desktop\光伏项目_最新\PVforecast16\GFNODE_experiments\asoc_joint_trajectory_onset_screen\results\ONSET_HAZARD\44\test_predictions.npz,182,182,0.010459169013275099,,,,,,,,,,,111,71,,,,0.6373626373626373,,,,,,,,,,,,,,,,,,,,,,,,
onset_lead,STANDARD_ONSET_HAZARD,44,full_timeline,12,,,,C:\Users\Zhujiangkun-Yohkoh\Desktop\光伏项目_最新\PVforecast16\GFNODE_experiments\asoc_joint_trajectory_onset_screen\results\ONSET_HAZARD\44\test_predictions.npz,160,160,0.009194873857824262,,,,,,,,,,,100,60,,,,0.58125,,,,,,,,,,,,,,,,,,,,,,,,
reliability,STANDARD_ONSET_HAZARD,44,full_timeline,12,,,,C:\Users\Zhujiangkun-Yohkoh\Desktop\光伏项目_最新\PVforecast16\GFNODE_experiments\asoc_joint_trajectory_onset_screen\results\ONSET_HAZARD\44\test_predictions.npz,8229,,,,,,,,,,,,,,,,,,,"[0.0,0.1)",0.004626496204976228,0.00012152144853566654,,,,,,,,,,,,,,,,,,,,,
reliability,STANDARD_ONSET_HAZARD,44,full_timeline,12,,,,C:\Users\Zhujiangkun-Yohkoh\Desktop\光伏项目_最新\PVforecast16\GFNODE_experiments\asoc_joint_trajectory_onset_screen\results\ONSET_HAZARD\44\test_predictions.npz,735,,,,,,,,,,,,,,,,,,,"[0.1,0.2)",0.1564490730186099,0.04217687074829932,,,,,,,,,,,,,,,,,,,,,
reliability,STANDARD_ONSET_HAZARD,44,full_timeline,12,,,,C:\Users\Zhujiangkun-Yohkoh\Desktop\光伏项目_最新\PVforecast16\GFNODE_experiments\asoc_joint_trajectory_onset_screen\results\ONSET_HAZARD\44\test_predictions.npz,1240,,,,,,,,,,,,,,,,,,,"[0.2,0.3)",0.25160429657453287,0.13306451612903225,,,,,,,,,,,,,,,,,,,,,
reliability,STANDARD_ONSET_HAZARD,44,full_timeline,12,,,,C:\Users\Zhujiangkun-Yohkoh\Desktop\光伏项目_最新\PVforecast16\GFNODE_experiments\asoc_joint_trajectory_onset_screen\results\ONSET_HAZARD\44\test_predictions.npz,920,,,,,,,,,,,,,,,,,,,"[0.3,0.4)",0.3491599658035826,0.4,,,,,,,,,,,,,,,,,,,,,
reliability,STANDARD_ONSET_HAZARD,44,full_timeline,12,,,,C:\Users\Zhujiangkun-Yohkoh\Desktop\光伏项目_最新\PVforecast16\GFNODE_experiments\asoc_joint_trajectory_onset_screen\results\ONSET_HAZARD\44\test_predictions.npz,658,,,,,,,,,,,,,,,,,,,"[0.4,0.5)",0.44904482871000034,0.5440729483282675,,,,,,,,,,,,,,,,,,,,,
reliability,STANDARD_ONSET_HAZARD,44,full_timeline,12,,,,C:\Users\Zhujiangkun-Yohkoh\Desktop\光伏项目_最新\PVforecast16\GFNODE_experiments\asoc_joint_trajectory_onset_screen\results\ONSET_HAZARD\44\test_predictions.npz,441,,,,,,,,,,,,,,,,,,,"[0.5,0.6)",0.5485440312217797,0.6190476190476191,,,,,,,,,,,,,,,,,,,,,
reliability,STANDARD_ONSET_HAZARD,44,full_timeline,12,,,,C:\Users\Zhujiangkun-Yohkoh\Desktop\光伏项目_最新\PVforecast16\GFNODE_experiments\asoc_joint_trajectory_onset_screen\results\ONSET_HAZARD\44\test_predictions.npz,575,,,,,,,,,,,,,,,,,,,"[0.6,0.7)",0.652645087429078,0.7060869565217391,,,,,,,,,,,,,,,,,,,,,
reliability,STANDARD_ONSET_HAZARD,44,full_timeline,12,,,,C:\Users\Zhujiangkun-Yohkoh\Desktop\光伏项目_最新\PVforecast16\GFNODE_experiments\asoc_joint_trajectory_onset_screen\results\ONSET_HAZARD\44\test_predictions.npz,766,,,,,,,,,,,,,,,,,,,"[0.7,0.8)",0.7536121182470878,0.7715404699738904,,,,,,,,,,,,,,,,,,,,,
reliability,STANDARD_ONSET_HAZARD,44,full_timeline,12,,,,C:\Users\Zhujiangkun-Yohkoh\Desktop\光伏项目_最新\PVforecast16\GFNODE_experiments\asoc_joint_trajectory_onset_screen\results\ONSET_HAZARD\44\test_predictions.npz,1701,,,,,,,,,,,,,,,,,,,"[0.8,0.9)",0.8549797731162634,0.8859494415049971,,,,,,,,,,,,,,,,,,,,,
reliability,STANDARD_ONSET_HAZARD,44,full_timeline,12,,,,C:\Users\Zhujiangkun-Yohkoh\Desktop\光伏项目_最新\PVforecast16\GFNODE_experiments\asoc_joint_trajectory_onset_screen\results\ONSET_HAZARD\44\test_predictions.npz,2136,,,,,,,,,,,,,,,,,,,"[0.9,1.0]",0.9421818204989333,0.9002808988764045,,,,,,,,,,,,,,,,,,,,,
first_onset,POWER_ANCHORED_HAZARD,44,full_timeline,12,,,,C:\Users\Zhujiangkun-Yohkoh\Desktop\光伏项目_最新\PVforecast16\GFNODE_experiments\asoc_power_anchored_gradient_screen\results\POWER_ANCHORED_HAZARD\44\test_predictions.npz,17401,5623,0.3231423481409114,0.9590127507685834,0.872478232015482,0.07483865909037273,0.8352867495750201,0.8404753330932662,0.8301618353192246,0.1698381646807754,2.9826478149100257,14.913239074550129,4668,3125,2498,0.53376,0.5208166533226581,0.6360325621251071,,,,,,,,,,,,,,,,,,,,,,,,,
first_onset,POWER_ANCHORED_HAZARD,44,daylight,12,,,,C:\Users\Zhujiangkun-Yohkoh\Desktop\光伏项目_最新\PVforecast16\GFNODE_experiments\asoc_power_anchored_gradient_screen\results\POWER_ANCHORED_HAZARD\44\test_predictions.npz,9655,5623,0.5823925427239772,0.8802987093823836,0.8724877537239822,0.1347881570723657,0.8352867495750201,0.8404753330932662,0.8301618353192246,0.1698381646807754,2.9826478149100257,14.913239074550129,4668,3125,2498,0.53376,0.5208166533226581,0.6360325621251071,,,,,,,,,,,,,,,,,,,,,,,,,
first_onset,POWER_ANCHORED_HAZARD,44,sunrise_sunset_transition,12,,,,C:\Users\Zhujiangkun-Yohkoh\Desktop\光伏项目_最新\PVforecast16\GFNODE_experiments\asoc_power_anchored_gradient_screen\results\POWER_ANCHORED_HAZARD\44\test_predictions.npz,7134,2742,0.3843566021867115,0.9100582718529412,0.8060676563296595,0.1195156205730942,0.7601188265874489,0.7742057488653555,0.7465353756382203,0.25346462436177974,2.814851001465559,14.074255007327796,2047,1660,1082,0.4566265060240964,0.6238447319778189,0.7000488519785051,,,,,,,,,,,,,,,,,,,,,,,,,
onset_lead,POWER_ANCHORED_HAZARD,44,full_timeline,1,,,,C:\Users\Zhujiangkun-Yohkoh\Desktop\光伏项目_最新\PVforecast16\GFNODE_experiments\asoc_power_anchored_gradient_screen\results\POWER_ANCHORED_HAZARD\44\test_predictions.npz,930,930,0.05344520429860353,,,,,,,,,,,499,431,,,,0.8870967741935484,,,,,,,,,,,,,,,,,,,,,,,,
onset_lead,POWER_ANCHORED_HAZARD,44,full_timeline,2,,,,C:\Users\Zhujiangkun-Yohkoh\Desktop\光伏项目_最新\PVforecast16\GFNODE_experiments\asoc_power_anchored_gradient_screen\results\POWER_ANCHORED_HAZARD\44\test_predictions.npz,930,930,0.05344520429860353,,,,,,,,,,,499,431,,,,0.8870967741935484,,,,,,,,,,,,,,,,,,,,,,,,
onset_lead,POWER_ANCHORED_HAZARD,44,full_timeline,3,,,,C:\Users\Zhujiangkun-Yohkoh\Desktop\光伏项目_最新\PVforecast16\GFNODE_experiments\asoc_power_anchored_gradient_screen\results\POWER_ANCHORED_HAZARD\44\test_predictions.npz,771,771,0.044307798402390665,,,,,,,,,,,416,355,,,,0.8754863813229572,,,,,,,,,,,,,,,,,,,,,,,,
onset_lead,POWER_ANCHORED_HAZARD,44,full_timeline,4,,,,C:\Users\Zhujiangkun-Yohkoh\Desktop\光伏项目_最新\PVforecast16\GFNODE_experiments\asoc_power_anchored_gradient_screen\results\POWER_ANCHORED_HAZARD\44\test_predictions.npz,633,633,0.03637721970001724,,,,,,,,,,,348,285,,,,0.8672985781990521,,,,,,,,,,,,,,,,,,,,,,,,
onset_lead,POWER_ANCHORED_HAZARD,44,full_timeline,5,,,,C:\Users\Zhujiangkun-Yohkoh\Desktop\光伏项目_最新\PVforecast16\GFNODE_experiments\asoc_power_anchored_gradient_screen\results\POWER_ANCHORED_HAZARD\44\test_predictions.npz,511,511,0.02936612838342624,,,,,,,,,,,280,231,,,,0.8414872798434442,,,,,,,,,,,,,,,,,,,,,,,,
onset_lead,POWER_ANCHORED_HAZARD,44,full_timeline,6,,,,C:\Users\Zhujiangkun-Yohkoh\Desktop\光伏项目_最新\PVforecast16\GFNODE_experiments\asoc_power_anchored_gradient_screen\results\POWER_ANCHORED_HAZARD\44\test_predictions.npz,426,426,0.0244813516464571,,,,,,,,,,,238,188,,,,0.8192488262910798,,,,,,,,,,,,,,,,,,,,,,,,
onset_lead,POWER_ANCHORED_HAZARD,44,full_timeline,7,,,,C:\Users\Zhujiangkun-Yohkoh\Desktop\光伏项目_最新\PVforecast16\GFNODE_experiments\asoc_power_anchored_gradient_screen\results\POWER_ANCHORED_HAZARD\44\test_predictions.npz,345,345,0.019826446755933567,,,,,,,,,,,198,147,,,,0.7942028985507247,,,,,,,,,,,,,,,,,,,,,,,,
onset_lead,POWER_ANCHORED_HAZARD,44,full_timeline,8,,,,C:\Users\Zhujiangkun-Yohkoh\Desktop\光伏项目_最新\PVforecast16\GFNODE_experiments\asoc_power_anchored_gradient_screen\results\POWER_ANCHORED_HAZARD\44\test_predictions.npz,283,283,0.016263433136026666,,,,,,,,,,,167,116,,,,0.7597173144876325,,,,,,,,,,,,,,,,,,,,,,,,
onset_lead,POWER_ANCHORED_HAZARD,44,full_timeline,9,,,,C:\Users\Zhujiangkun-Yohkoh\Desktop\光伏项目_最新\PVforecast16\GFNODE_experiments\asoc_power_anchored_gradient_screen\results\POWER_ANCHORED_HAZARD\44\test_predictions.npz,242,242,0.013907246709959197,,,,,,,,,,,144,98,,,,0.71900826446281,,,,,,,,,,,,,,,,,,,,,,,,
onset_lead,POWER_ANCHORED_HAZARD,44,full_timeline,10,,,,C:\Users\Zhujiangkun-Yohkoh\Desktop\光伏项目_最新\PVforecast16\GFNODE_experiments\asoc_power_anchored_gradient_screen\results\POWER_ANCHORED_HAZARD\44\test_predictions.npz,210,210,0.012068271938394345,,,,,,,,,,,125,85,,,,0.680952380952381,,,,,,,,,,,,,,,,,,,,,,,,
onset_lead,POWER_ANCHORED_HAZARD,44,full_timeline,11,,,,C:\Users\Zhujiangkun-Yohkoh\Desktop\光伏项目_最新\PVforecast16\GFNODE_experiments\asoc_power_anchored_gradient_screen\results\POWER_ANCHORED_HAZARD\44\test_predictions.npz,182,182,0.010459169013275099,,,,,,,,,,,111,71,,,,0.6373626373626373,,,,,,,,,,,,,,,,,,,,,,,,
onset_lead,POWER_ANCHORED_HAZARD,44,full_timeline,12,,,,C:\Users\Zhujiangkun-Yohkoh\Desktop\光伏项目_最新\PVforecast16\GFNODE_experiments\asoc_power_anchored_gradient_screen\results\POWER_ANCHORED_HAZARD\44\test_predictions.npz,160,160,0.009194873857824262,,,,,,,,,,,100,60,,,,0.58125,,,,,,,,,,,,,,,,,,,,,,,,
reliability,POWER_ANCHORED_HAZARD,44,full_timeline,12,,,,C:\Users\Zhujiangkun-Yohkoh\Desktop\光伏项目_最新\PVforecast16\GFNODE_experiments\asoc_power_anchored_gradient_screen\results\POWER_ANCHORED_HAZARD\44\test_predictions.npz,8228,,,,,,,,,,,,,,,,,,,"[0.0,0.1)",0.004637727149306552,0.00012153621779290228,,,,,,,,,,,,,,,,,,,,,
reliability,POWER_ANCHORED_HAZARD,44,full_timeline,12,,,,C:\Users\Zhujiangkun-Yohkoh\Desktop\光伏项目_最新\PVforecast16\GFNODE_experiments\asoc_power_anchored_gradient_screen\results\POWER_ANCHORED_HAZARD\44\test_predictions.npz,831,,,,,,,,,,,,,,,,,,,"[0.1,0.2)",0.157201890107352,0.04693140794223827,,,,,,,,,,,,,,,,,,,,,
reliability,POWER_ANCHORED_HAZARD,44,full_timeline,12,,,,C:\Users\Zhujiangkun-Yohkoh\Desktop\光伏项目_最新\PVforecast16\GFNODE_experiments\asoc_power_anchored_gradient_screen\results\POWER_ANCHORED_HAZARD\44\test_predictions.npz,1195,,,,,,,,,,,,,,,,,,,"[0.2,0.3)",0.24860089385093206,0.14058577405857742,,,,,,,,,,,,,,,,,,,,,
reliability,POWER_ANCHORED_HAZARD,44,full_timeline,12,,,,C:\Users\Zhujiangkun-Yohkoh\Desktop\光伏项目_最新\PVforecast16\GFNODE_experiments\asoc_power_anchored_gradient_screen\results\POWER_ANCHORED_HAZARD\44\test_predictions.npz,945,,,,,,,,,,,,,,,,,,,"[0.3,0.4)",0.34787186405710674,0.37566137566137564,,,,,,,,,,,,,,,,,,,,,
reliability,POWER_ANCHORED_HAZARD,44,full_timeline,12,,,,C:\Users\Zhujiangkun-Yohkoh\Desktop\光伏项目_最新\PVforecast16\GFNODE_experiments\asoc_power_anchored_gradient_screen\results\POWER_ANCHORED_HAZARD\44\test_predictions.npz,648,,,,,,,,,,,,,,,,,,,"[0.4,0.5)",0.4437924811003478,0.6049382716049383,,,,,,,,,,,,,,,,,,,,,
reliability,POWER_ANCHORED_HAZARD,44,full_timeline,12,,,,C:\Users\Zhujiangkun-Yohkoh\Desktop\光伏项目_最新\PVforecast16\GFNODE_experiments\asoc_power_anchored_gradient_screen\results\POWER_ANCHORED_HAZARD\44\test_predictions.npz,446,,,,,,,,,,,,,,,,,,,"[0.5,0.6)",0.5515171115352268,0.6345291479820628,,,,,,,,,,,,,,,,,,,,,
reliability,POWER_ANCHORED_HAZARD,44,full_timeline,12,,,,C:\Users\Zhujiangkun-Yohkoh\Desktop\光伏项目_最新\PVforecast16\GFNODE_experiments\asoc_power_anchored_gradient_screen\results\POWER_ANCHORED_HAZARD\44\test_predictions.npz,526,,,,,,,,,,,,,,,,,,,"[0.6,0.7)",0.6531602655206946,0.6863117870722434,,,,,,,,,,,,,,,,,,,,,
reliability,POWER_ANCHORED_HAZARD,44,full_timeline,12,,,,C:\Users\Zhujiangkun-Yohkoh\Desktop\光伏项目_最新\PVforecast16\GFNODE_experiments\asoc_power_anchored_gradient_screen\results\POWER_ANCHORED_HAZARD\44\test_predictions.npz,690,,,,,,,,,,,,,,,,,,,"[0.7,0.8)",0.7511279649908154,0.7710144927536232,,,,,,,,,,,,,,,,,,,,,
reliability,POWER_ANCHORED_HAZARD,44,full_timeline,12,,,,C:\Users\Zhujiangkun-Yohkoh\Desktop\光伏项目_最新\PVforecast16\GFNODE_experiments\asoc_power_anchored_gradient_screen\results\POWER_ANCHORED_HAZARD\44\test_predictions.npz,1427,,,,,,,,,,,,,,,,,,,"[0.8,0.9)",0.85376455713283,0.8717589348283111,,,,,,,,,,,,,,,,,,,,,
reliability,POWER_ANCHORED_HAZARD,44,full_timeline,12,,,,C:\Users\Zhujiangkun-Yohkoh\Desktop\光伏项目_最新\PVforecast16\GFNODE_experiments\asoc_power_anchored_gradient_screen\results\POWER_ANCHORED_HAZARD\44\test_predictions.npz,2465,,,,,,,,,,,,,,,,,,,"[0.9,1.0]",0.9490773620992231,0.9119675456389452,,,,,,,,,,,,,,,,,,,,,
power,FROZEN_TRAJECTORY_HAZARD,44,full_timeline,3,0.4072774648666382,0.18773534893989563,0.13048310577869415,C:\Users\Zhujiangkun-Yohkoh\Desktop\光伏项目_最新\PVforecast16\GFNODE_experiments\asoc_frozen_trajectory_hazard_screen\results\FROZEN_TRAJECTORY_HAZARD\44\test_predictions.npz,,,,,,,,,,,,,,,,,,,,,,,17,12,1.0287446118351342,early_stopping,True,78.70130870000139,4.622747647058906,19136,55308,165924,240368,165924,0.6902915529521401,0.03652800413773679,0.15069979429244995,0.0,0.0,,,,
power,FROZEN_TRAJECTORY_HAZARD,44,full_timeline,6,0.44645193219184875,0.20687218010425568,0.1329408586025238,C:\Users\Zhujiangkun-Yohkoh\Desktop\光伏项目_最新\PVforecast16\GFNODE_experiments\asoc_frozen_trajectory_hazard_screen\results\FROZEN_TRAJECTORY_HAZARD\44\test_predictions.npz,,,,,,,,,,,,,,,,,,,,,,,17,12,1.0287446118351342,early_stopping,True,78.70130870000139,4.622747647058906,19136,55308,165924,240368,165924,0.6902915529521401,0.03652800413773679,0.15069979429244995,0.0,0.0,,,,
power,FROZEN_TRAJECTORY_HAZARD,44,full_timeline,12,0.49055272340774536,0.2345530092716217,0.13210412859916687,C:\Users\Zhujiangkun-Yohkoh\Desktop\光伏项目_最新\PVforecast16\GFNODE_experiments\asoc_frozen_trajectory_hazard_screen\results\FROZEN_TRAJECTORY_HAZARD\44\test_predictions.npz,,,,,,,,,,,,,,,,,,,,,,,17,12,1.0287446118351342,early_stopping,True,78.70130870000139,4.622747647058906,19136,55308,165924,240368,165924,0.6902915529521401,0.03652800413773679,0.15069979429244995,0.0,0.0,,,,
power,FROZEN_TRAJECTORY_HAZARD,44,daylight,12,0.6818392276763916,0.4201297461986542,0.13210412859916687,C:\Users\Zhujiangkun-Yohkoh\Desktop\光伏项目_最新\PVforecast16\GFNODE_experiments\asoc_frozen_trajectory_hazard_screen\results\FROZEN_TRAJECTORY_HAZARD\44\test_predictions.npz,,,,,,,,,,,,,,,,,,,,,,,17,12,1.0287446118351342,early_stopping,True,78.70130870000139,4.622747647058906,19136,55308,165924,240368,165924,0.6902915529521401,0.03652800413773679,0.15069979429244995,0.0,0.0,,,,
power,FROZEN_TRAJECTORY_HAZARD,44,ramp_step,12,0.9792927503585815,0.7342929244041443,0.13210412859916687,C:\Users\Zhujiangkun-Yohkoh\Desktop\光伏项目_最新\PVforecast16\GFNODE_experiments\asoc_frozen_trajectory_hazard_screen\results\FROZEN_TRAJECTORY_HAZARD\44\test_predictions.npz,,,,,,,,,,,,,,,,,,,,,,,17,12,1.0287446118351342,early_stopping,True,78.70130870000139,4.622747647058906,19136,55308,165924,240368,165924,0.6902915529521401,0.03652800413773679,0.15069979429244995,0.0,0.0,,,,
power,FROZEN_TRAJECTORY_HAZARD,44,onset_near,12,0.815226137638092,0.5667555332183838,0.13210412859916687,C:\Users\Zhujiangkun-Yohkoh\Desktop\光伏项目_最新\PVforecast16\GFNODE_experiments\asoc_frozen_trajectory_hazard_screen\results\FROZEN_TRAJECTORY_HAZARD\44\test_predictions.npz,,,,,,,,,,,,,,,,,,,,,,,17,12,1.0287446118351342,early_stopping,True,78.70130870000139,4.622747647058906,19136,55308,165924,240368,165924,0.6902915529521401,0.03652800413773679,0.15069979429244995,0.0,0.0,,,,
first_onset,FROZEN_TRAJECTORY_HAZARD,44,full_timeline,12,,,,C:\Users\Zhujiangkun-Yohkoh\Desktop\光伏项目_最新\PVforecast16\GFNODE_experiments\asoc_frozen_trajectory_hazard_screen\results\FROZEN_TRAJECTORY_HAZARD\44\test_predictions.npz,17401,5623,0.3231423481409114,0.9545506144302714,0.886865369850668,0.09328821722061896,0.7580168991143236,0.8864285714285715,0.6621020807398186,0.3378979192601814,2.7268331990330377,13.634165995165189,3723,3125,2498,0.4688,0.36269015212169736,0.6368520010744023,,,,,17,12,1.0287446118351342,early_stopping,True,78.70130870000139,4.622747647058906,19136,55308,165924,240368,165924,0.6902915529521401,0.03652800413773679,0.15069979429244995,0.0,0.0,,,,
first_onset,FROZEN_TRAJECTORY_HAZARD,44,daylight,12,,,,C:\Users\Zhujiangkun-Yohkoh\Desktop\光伏项目_最新\PVforecast16\GFNODE_experiments\asoc_frozen_trajectory_hazard_screen\results\FROZEN_TRAJECTORY_HAZARD\44\test_predictions.npz,9655,5623,0.5823925427239772,0.8673068325528089,0.8868854205661552,0.1680882684303078,0.7580168991143236,0.8864285714285715,0.6621020807398186,0.3378979192601814,2.7268331990330377,13.634165995165189,3723,3125,2498,0.4688,0.36269015212169736,0.6368520010744023,,,,,17,12,1.0287446118351342,early_stopping,True,78.70130870000139,4.622747647058906,19136,55308,165924,240368,165924,0.6902915529521401,0.03652800413773679,0.15069979429244995,0.0,0.0,,,,
first_onset,FROZEN_TRAJECTORY_HAZARD,44,sunrise_sunset_transition,12,,,,C:\Users\Zhujiangkun-Yohkoh\Desktop\光伏项目_最新\PVforecast16\GFNODE_experiments\asoc_frozen_trajectory_hazard_screen\results\FROZEN_TRAJECTORY_HAZARD\44\test_predictions.npz,7134,2742,0.3843566021867115,0.9024344209151577,0.8111974591547224,0.14219882759256758,0.6583333333333333,0.8256325632563256,0.5474106491611962,0.4525893508388038,2.850099933377748,14.250499666888741,1501,1660,1082,0.3674698795180723,0.4269870609981516,0.7141905396402398,,,,,17,12,1.0287446118351342,early_stopping,True,78.70130870000139,4.622747647058906,19136,55308,165924,240368,165924,0.6902915529521401,0.03652800413773679,0.15069979429244995,0.0,0.0,,,,
onset_lead,FROZEN_TRAJECTORY_HAZARD,44,full_timeline,1,,,,C:\Users\Zhujiangkun-Yohkoh\Desktop\光伏项目_最新\PVforecast16\GFNODE_experiments\asoc_frozen_trajectory_hazard_screen\results\FROZEN_TRAJECTORY_HAZARD\44\test_predictions.npz,930,930,0.05344520429860353,,,,,,,,,,,499,431,,,,0.7129032258064516,,,,17,12,1.0287446118351342,early_stopping,True,78.70130870000139,4.622747647058906,19136,55308,165924,240368,165924,0.6902915529521401,0.03652800413773679,0.15069979429244995,0.0,0.0,,,,
onset_lead,FROZEN_TRAJECTORY_HAZARD,44,full_timeline,2,,,,C:\Users\Zhujiangkun-Yohkoh\Desktop\光伏项目_最新\PVforecast16\GFNODE_experiments\asoc_frozen_trajectory_hazard_screen\results\FROZEN_TRAJECTORY_HAZARD\44\test_predictions.npz,930,930,0.05344520429860353,,,,,,,,,,,499,431,,,,0.7150537634408602,,,,17,12,1.0287446118351342,early_stopping,True,78.70130870000139,4.622747647058906,19136,55308,165924,240368,165924,0.6902915529521401,0.03652800413773679,0.15069979429244995,0.0,0.0,,,,
onset_lead,FROZEN_TRAJECTORY_HAZARD,44,full_timeline,3,,,,C:\Users\Zhujiangkun-Yohkoh\Desktop\光伏项目_最新\PVforecast16\GFNODE_experiments\asoc_frozen_trajectory_hazard_screen\results\FROZEN_TRAJECTORY_HAZARD\44\test_predictions.npz,771,771,0.044307798402390665,,,,,,,,,,,416,355,,,,0.6861219195849546,,,,17,12,1.0287446118351342,early_stopping,True,78.70130870000139,4.622747647058906,19136,55308,165924,240368,165924,0.6902915529521401,0.03652800413773679,0.15069979429244995,0.0,0.0,,,,
onset_lead,FROZEN_TRAJECTORY_HAZARD,44,full_timeline,4,,,,C:\Users\Zhujiangkun-Yohkoh\Desktop\光伏项目_最新\PVforecast16\GFNODE_experiments\asoc_frozen_trajectory_hazard_screen\results\FROZEN_TRAJECTORY_HAZARD\44\test_predictions.npz,633,633,0.03637721970001724,,,,,,,,,,,348,285,,,,0.7014218009478673,,,,17,12,1.0287446118351342,early_stopping,True,78.70130870000139,4.622747647058906,19136,55308,165924,240368,165924,0.6902915529521401,0.03652800413773679,0.15069979429244995,0.0,0.0,,,,
onset_lead,FROZEN_TRAJECTORY_HAZARD,44,full_timeline,5,,,,C:\Users\Zhujiangkun-Yohkoh\Desktop\光伏项目_最新\PVforecast16\GFNODE_experiments\asoc_frozen_trajectory_hazard_screen\results\FROZEN_TRAJECTORY_HAZARD\44\test_predictions.npz,511,511,0.02936612838342624,,,,,,,,,,,280,231,,,,0.6888454011741683,,,,17,12,1.0287446118351342,early_stopping,True,78.70130870000139,4.622747647058906,19136,55308,165924,240368,165924,0.6902915529521401,0.03652800413773679,0.15069979429244995,0.0,0.0,,,,
onset_lead,FROZEN_TRAJECTORY_HAZARD,44,full_timeline,6,,,,C:\Users\Zhujiangkun-Yohkoh\Desktop\光伏项目_最新\PVforecast16\GFNODE_experiments\asoc_frozen_trajectory_hazard_screen\results\FROZEN_TRAJECTORY_HAZARD\44\test_predictions.npz,426,426,0.0244813516464571,,,,,,,,,,,238,188,,,,0.6737089201877934,,,,17,12,1.0287446118351342,early_stopping,True,78.70130870000139,4.622747647058906,19136,55308,165924,240368,165924,0.6902915529521401,0.03652800413773679,0.15069979429244995,0.0,0.0,,,,
onset_lead,FROZEN_TRAJECTORY_HAZARD,44,full_timeline,7,,,,C:\Users\Zhujiangkun-Yohkoh\Desktop\光伏项目_最新\PVforecast16\GFNODE_experiments\asoc_frozen_trajectory_hazard_screen\results\FROZEN_TRAJECTORY_HAZARD\44\test_predictions.npz,345,345,0.019826446755933567,,,,,,,,,,,198,147,,,,0.6405797101449275,,,,17,12,1.0287446118351342,early_stopping,True,78.70130870000139,4.622747647058906,19136,55308,165924,240368,165924,0.6902915529521401,0.03652800413773679,0.15069979429244995,0.0,0.0,,,,
onset_lead,FROZEN_TRAJECTORY_HAZARD,44,full_timeline,8,,,,C:\Users\Zhujiangkun-Yohkoh\Desktop\光伏项目_最新\PVforecast16\GFNODE_experiments\asoc_frozen_trajectory_hazard_screen\results\FROZEN_TRAJECTORY_HAZARD\44\test_predictions.npz,283,283,0.016263433136026666,,,,,,,,,,,167,116,,,,0.6007067137809188,,,,17,12,1.0287446118351342,early_stopping,True,78.70130870000139,4.622747647058906,19136,55308,165924,240368,165924,0.6902915529521401,0.03652800413773679,0.15069979429244995,0.0,0.0,,,,
onset_lead,FROZEN_TRAJECTORY_HAZARD,44,full_timeline,9,,,,C:\Users\Zhujiangkun-Yohkoh\Desktop\光伏项目_最新\PVforecast16\GFNODE_experiments\asoc_frozen_trajectory_hazard_screen\results\FROZEN_TRAJECTORY_HAZARD\44\test_predictions.npz,242,242,0.013907246709959197,,,,,,,,,,,144,98,,,,0.5495867768595041,,,,17,12,1.0287446118351342,early_stopping,True,78.70130870000139,4.622747647058906,19136,55308,165924,240368,165924,0.6902915529521401,0.03652800413773679,0.15069979429244995,0.0,0.0,,,,
onset_lead,FROZEN_TRAJECTORY_HAZARD,44,full_timeline,10,,,,C:\Users\Zhujiangkun-Yohkoh\Desktop\光伏项目_最新\PVforecast16\GFNODE_experiments\asoc_frozen_trajectory_hazard_screen\results\FROZEN_TRAJECTORY_HAZARD\44\test_predictions.npz,210,210,0.012068271938394345,,,,,,,,,,,125,85,,,,0.5095238095238095,,,,17,12,1.0287446118351342,early_stopping,True,78.70130870000139,4.622747647058906,19136,55308,165924,240368,165924,0.6902915529521401,0.03652800413773679,0.15069979429244995,0.0,0.0,,,,
onset_lead,FROZEN_TRAJECTORY_HAZARD,44,full_timeline,11,,,,C:\Users\Zhujiangkun-Yohkoh\Desktop\光伏项目_最新\PVforecast16\GFNODE_experiments\asoc_frozen_trajectory_hazard_screen\results\FROZEN_TRAJECTORY_HAZARD\44\test_predictions.npz,182,182,0.010459169013275099,,,,,,,,,,,111,71,,,,0.47802197802197804,,,,17,12,1.0287446118351342,early_stopping,True,78.70130870000139,4.622747647058906,19136,55308,165924,240368,165924,0.6902915529521401,0.03652800413773679,0.15069979429244995,0.0,0.0,,,,
onset_lead,FROZEN_TRAJECTORY_HAZARD,44,full_timeline,12,,,,C:\Users\Zhujiangkun-Yohkoh\Desktop\光伏项目_最新\PVforecast16\GFNODE_experiments\asoc_frozen_trajectory_hazard_screen\results\FROZEN_TRAJECTORY_HAZARD\44\test_predictions.npz,160,160,0.009194873857824262,,,,,,,,,,,100,60,,,,0.40625,,,,17,12,1.0287446118351342,early_stopping,True,78.70130870000139,4.622747647058906,19136,55308,165924,240368,165924,0.6902915529521401,0.03652800413773679,0.15069979429244995,0.0,0.0,,,,
reliability,FROZEN_TRAJECTORY_HAZARD,44,full_timeline,12,,,,C:\Users\Zhujiangkun-Yohkoh\Desktop\光伏项目_最新\PVforecast16\GFNODE_experiments\asoc_frozen_trajectory_hazard_screen\results\FROZEN_TRAJECTORY_HAZARD\44\test_predictions.npz,9021,,,,,,,,,,,,,,,,,,,"[0.0,0.1)",0.011074012208111652,0.016406163396519232,17,12,1.0287446118351342,early_stopping,True,78.70130870000139,4.622747647058906,19136,55308,165924,240368,165924,0.6902915529521401,0.03652800413773679,0.15069979429244995,0.0,0.0,,,,
reliability,FROZEN_TRAJECTORY_HAZARD,44,full_timeline,12,,,,C:\Users\Zhujiangkun-Yohkoh\Desktop\光伏项目_最新\PVforecast16\GFNODE_experiments\asoc_frozen_trajectory_hazard_screen\results\FROZEN_TRAJECTORY_HAZARD\44\test_predictions.npz,2162,,,,,,,,,,,,,,,,,,,"[0.1,0.2)",0.1444548436033432,0.22710453283996299,17,12,1.0287446118351342,early_stopping,True,78.70130870000139,4.622747647058906,19136,55308,165924,240368,165924,0.6902915529521401,0.03652800413773679,0.15069979429244995,0.0,0.0,,,,
reliability,FROZEN_TRAJECTORY_HAZARD,44,full_timeline,12,,,,C:\Users\Zhujiangkun-Yohkoh\Desktop\光伏项目_最新\PVforecast16\GFNODE_experiments\asoc_frozen_trajectory_hazard_screen\results\FROZEN_TRAJECTORY_HAZARD\44\test_predictions.npz,871,,,,,,,,,,,,,,,,,,,"[0.2,0.3)",0.24341067698051294,0.5430539609644087,17,12,1.0287446118351342,early_stopping,True,78.70130870000139,4.622747647058906,19136,55308,165924,240368,165924,0.6902915529521401,0.03652800413773679,0.15069979429244995,0.0,0.0,,,,
reliability,FROZEN_TRAJECTORY_HAZARD,44,full_timeline,12,,,,C:\Users\Zhujiangkun-Yohkoh\Desktop\光伏项目_最新\PVforecast16\GFNODE_experiments\asoc_frozen_trajectory_hazard_screen\results\FROZEN_TRAJECTORY_HAZARD\44\test_predictions.npz,636,,,,,,,,,,,,,,,,,,,"[0.3,0.4)",0.34730086304724084,0.6540880503144654,17,12,1.0287446118351342,early_stopping,True,78.70130870000139,4.622747647058906,19136,55308,165924,240368,165924,0.6902915529521401,0.03652800413773679,0.15069979429244995,0.0,0.0,,,,
reliability,FROZEN_TRAJECTORY_HAZARD,44,full_timeline,12,,,,C:\Users\Zhujiangkun-Yohkoh\Desktop\光伏项目_最新\PVforecast16\GFNODE_experiments\asoc_frozen_trajectory_hazard_screen\results\FROZEN_TRAJECTORY_HAZARD\44\test_predictions.npz,511,,,,,,,,,,,,,,,,,,,"[0.4,0.5)",0.44888234417616346,0.7279843444227005,17,12,1.0287446118351342,early_stopping,True,78.70130870000139,4.622747647058906,19136,55308,165924,240368,165924,0.6902915529521401,0.03652800413773679,0.15069979429244995,0.0,0.0,,,,
reliability,FROZEN_TRAJECTORY_HAZARD,44,full_timeline,12,,,,C:\Users\Zhujiangkun-Yohkoh\Desktop\光伏项目_最新\PVforecast16\GFNODE_experiments\asoc_frozen_trajectory_hazard_screen\results\FROZEN_TRAJECTORY_HAZARD\44\test_predictions.npz,457,,,,,,,,,,,,,,,,,,,"[0.5,0.6)",0.5508807611053445,0.7921225382932167,17,12,1.0287446118351342,early_stopping,True,78.70130870000139,4.622747647058906,19136,55308,165924,240368,165924,0.6902915529521401,0.03652800413773679,0.15069979429244995,0.0,0.0,,,,
reliability,FROZEN_TRAJECTORY_HAZARD,44,full_timeline,12,,,,C:\Users\Zhujiangkun-Yohkoh\Desktop\光伏项目_最新\PVforecast16\GFNODE_experiments\asoc_frozen_trajectory_hazard_screen\results\FROZEN_TRAJECTORY_HAZARD\44\test_predictions.npz,518,,,,,,,,,,,,,,,,,,,"[0.6,0.7)",0.6518535473590299,0.8436293436293436,17,12,1.0287446118351342,early_stopping,True,78.70130870000139,4.622747647058906,19136,55308,165924,240368,165924,0.6902915529521401,0.03652800413773679,0.15069979429244995,0.0,0.0,,,,
reliability,FROZEN_TRAJECTORY_HAZARD,44,full_timeline,12,,,,C:\Users\Zhujiangkun-Yohkoh\Desktop\光伏项目_最新\PVforecast16\GFNODE_experiments\asoc_frozen_trajectory_hazard_screen\results\FROZEN_TRAJECTORY_HAZARD\44\test_predictions.npz,632,,,,,,,,,,,,,,,,,,,"[0.7,0.8)",0.751694521590133,0.8718354430379747,17,12,1.0287446118351342,early_stopping,True,78.70130870000139,4.622747647058906,19136,55308,165924,240368,165924,0.6902915529521401,0.03652800413773679,0.15069979429244995,0.0,0.0,,,,
reliability,FROZEN_TRAJECTORY_HAZARD,44,full_timeline,12,,,,C:\Users\Zhujiangkun-Yohkoh\Desktop\光伏项目_最新\PVforecast16\GFNODE_experiments\asoc_frozen_trajectory_hazard_screen\results\FROZEN_TRAJECTORY_HAZARD\44\test_predictions.npz,970,,,,,,,,,,,,,,,,,,,"[0.8,0.9)",0.8531140932475397,0.8855670103092783,17,12,1.0287446118351342,early_stopping,True,78.70130870000139,4.622747647058906,19136,55308,165924,240368,165924,0.6902915529521401,0.03652800413773679,0.15069979429244995,0.0,0.0,,,,
reliability,FROZEN_TRAJECTORY_HAZARD,44,full_timeline,12,,,,C:\Users\Zhujiangkun-Yohkoh\Desktop\光伏项目_最新\PVforecast16\GFNODE_experiments\asoc_frozen_trajectory_hazard_screen\results\FROZEN_TRAJECTORY_HAZARD\44\test_predictions.npz,1623,,,,,,,,,,,,,,,,,,,"[0.9,1.0]",0.9593471168843873,0.9328404189772027,17,12,1.0287446118351342,early_stopping,True,78.70130870000139,4.622747647058906,19136,55308,165924,240368,165924,0.6902915529521401,0.03652800413773679,0.15069979429244995,0.0,0.0,,,,
power_identity,FROZEN_TRAJECTORY_HAZARD,44,complete_test,12,,,,C:\Users\Zhujiangkun-Yohkoh\Desktop\光伏项目_最新\PVforecast16\GFNODE_experiments\asoc_frozen_trajectory_hazard_screen\results\FROZEN_TRAJECTORY_HAZARD\44\test_predictions.npz,,,,,,,,,,,,,,,,,,,,,,,17,12,1.0287446118351342,early_stopping,True,78.70130870000139,4.622747647058906,19136,55308,165924,240368,165924,0.6902915529521401,0.03652800413773679,0.15069979429244995,0.0,0.0,0.0,0.0,0.0,0.0
